id,bank,category,merchant_name,merchant_locations_or_group,benefit_summary,benefit_type,percentages,promotion_days,month_days,ordinal_weekdays,day_text,validity,caps_and_minimums,level_rules,special_flags,source_url
25ac0630761a2330,Atlas,Bienestar,Prepaga Joven,,20% de reintegro; En tiendas adheridas:,reintegro,20%,lunes; martes; miércoles; jueves; viernes; sábado; domingo,,,Todos los días,"Válido exclusivamente para compras realizadas con tarjeta de crédito Prepaga Joven Atlas, a través del POS de la Red Infonet. Tope de compra mensual Gs. 1.000.000 acumulado en locales adheridos. Vigente a partir del 20 de febrero de 2026 y hasta el 31 de enero de 2027. Se excluyen otras tarjetas prepagas.",Gs 1.000.000 para tarjetas Prepaga Joven,,,https://www.bancoatlas.com.py/web/beneficios
d70ba6f32e9a8624,Atlas,Educación,Universidades,,12 cuotas sin intereses,cuotas_sin_intereses,,lunes; martes; miércoles; jueves; viernes; sábado; domingo,,,Todos los días,"La cantidad de cuotas se solicita en caja, hasta 12 cuotas sin intereses para compras a partir de Gs. 200.000 a través del POS de la Red Infonet en comercios adheridos a los rubros mencionados. Beneficio exclusivo para consumo personal. Vigente hasta el 31 de diciembre de 2026. Se excluyen tarjetas de crédito prepagas, corporativas, gourmet card y gift card.","Universidad Católica, Universidad Americana, USIL, Universidad del Pacífico, UNIVE, Universidad San Carlos, PwC Academy, Potencial Humano, UCOM, Universidad Columbia, MarketData Academy.",,,https://www.bancoatlas.com.py/web/beneficios
fcd65dd8706deecf,Atlas,Gastronomía,AgroShopping,Asunción,20% de reintegro,reintegro,20%,martes,,,Todos los Martes,"Tope de compra por cuenta de tarjeta Gs. 500.000. Promo válida para compras realizadas a través del POS de la red infonet en stands adheridos. Vigente todos los martes, del 1 de septiembre al 29 de diciembre del 2026. Beneficio exclusivo para consumo personal. Se excluyen las tarjetas prepaga, corporativa, gourmet card, gift card, afinidad Shopping Mariscal, Shoping Pinedo y Shopping Mariano.",Gs. 500.000 para todas las tarjetas de crédito.,,,https://www.bancoatlas.com.py/web/beneficios
dad8e8a3e3de5f98,Atlas,Gastronomía,Beneficios gastronómicos,,20% de reintegro; +5% de reintegro,reintegro,20%; 5%,viernes; sábado,,,Viernes y Sábados,"Tope de compra acumulado por cuenta de tarjeta Gs. 2.000.000 para tarjetas de crédito Visa Infinite, Visa Signature y Mastercard Black, Gs. 1.000.000 para tarjetas de crédito Clásica y Oro en el conjunto de restaurantes adheridos a la promoción gastronómica. Aplica para pagos realizados a través del POS de la Red Infonet. Vigente todos los viernes y sábados hasta el 26 de diciembre de 2026. Beneficio exclusivo para consumo personal. Se excluyen tarjetas de crédito prepagas, corporativas, gourmet card y gift card.","Gs. 2.000.000 para tarjetas de crédito Mastercard Black, Visa Infinite y Signature delSol.; Gs. 1.000.000 para tarjetas de crédito Clásica y Oro.",,,https://www.bancoatlas.com.py/web/Locales%20gastron%C3%B3micos%20adheridos.jpg
bbca9c1b1ccde9ac,Atlas,Gastronomía,Delicias de Juju,,25% de reintegro,reintegro,25%,lunes; martes; miércoles; jueves; viernes; sábado; domingo,,,Todos los días,"Tope de compra acumulado por cuenta de tarjeta Gs. 1.000.000 para tarjetas de crédito Visa Infinite, Visa Signature y Mastercard Black. Las transacciones deben ser realizadas a través del POS de la Red Infonet. Beneficio exclusivo para consumo personal. Se excluyen las tarjetas clásicas, oro, prepagas, corporativas, gourmet card, gift card y las afinidades Shopping Mariscal, Pinedo y Mariano.","Gs. 1.000.000 para tarjetas de crédito Mastercard Black, Visa Infinite y Signature delSol",,,https://www.bancoatlas.com.py/web/beneficios
ff6803046a6c7441,Atlas,Gastronomía,Gastro Mariscal,,20% de reintegro,reintegro,20%,lunes; martes; miércoles; jueves; viernes,,,Lunes a Viernes,"Monto mínimo de compra Gs. 50.000. Tope de compra acumulado por cuenta de tarjeta Gs. 1.000.000 para tarjetas de crédito Visa Infinite y Mastercard Black, Gs. 500.000 para tarjetas de crédito Clásica y Oro. Aplica para compras realizadas a través del POS de la Red Infonet en el conjunto de locales gastronómicos del Shopping Mariscal. Vigente del 4 de febrero de 2026 al 31 de marzo de 2027. Beneficio exclusivo para consumo personal. Se excluyen tarjetas de crédito prepagas, corporativas, gourmet card, gift card y las afinidades delSol, Shopping Mariscal, Pinedo y Mariano.",Gs. 1.000.000 para tarjetas de crédito Visa Infinite y Mastercard Black.; Gs. 500.000 para tarjetas de crédito Clásica y Oro.; Mínimo de compra Gs. 50.000.-,,,https://www.bancoatlas.com.py/web/beneficios
eac0369ab2c3948b,Atlas,Generales,Beneficios Spa y Peluquerías,,20% de reintegro; +5% de reintegro,reintegro,20%; 5%,sábado,,,Todos los Sábados,"Tope de compra acumulado por cuenta de tarjeta Gs. 800.000 para tarjetas de crédito Visa Infinite, Visa Signature y Mastercard Black, Gs. 500.000 para tarjetas de crédito Clásica y Oro en el conjunto de locales adheridos a la promo Spa y Peluquerías. Aplica para compras realizadas a través del POS de la Red Infonet. Vigente todos los sábados hasta el 26 de diciembre de 2026. Beneficio exclusivo para consumo personal. Se excluyen tarjetas de crédito prepagas, corporativas, gourmet card y gift card.","Gs. 800.000 para tarjetas de crédito Mastercard Black, Visa Infinite y Signature delSol.; Gs. 500.000 para tarjetas de crédito Clásica y Oro.",,,https://www.bancoatlas.com.py/web/Spa%20y%20Peluqueria%20adheridas.png
685470c83082810a,Atlas,Generales,Estaciones de Servicio,,20% de reintegro; +5% de reintegro,reintegro,20%; 5%,martes,,,Todos los Martes,"Mínimo de compra Gs. 200.000. Tope de compra acumulado por cuenta de tarjeta Gs. 1.000.000 para tarjetas de crédito Visa Infinite, Visa Signature y Mastercard Black, Gs. 700.000 para tarjetas de crédito Clásica y Oro en el conjunto de estaciones adheridas a la promoción a través del POS de la Red Infonet y para estaciones Petrobras exclusivamente pagos realizados a través de la App Petrobras Premmia. Vigente todos los martes hasta el 29 de diciembre de 2026. Beneficio exclusivo para consumo personal. Se excluyen tarjetas de crédito prepagas, corporativas, gourmet card y gift card.","Gs 1.000.000 para tarjetas de crédito Mastercard Black, Visa Infinite y Signature delSol.; Gs. 700.000 para tarjetas de crédito Clásica y Oro.; Mínimo de compra Gs. 200.000",,,https://www.bancoatlas.com.py/web/Estaciones%20de%20servicio%20adheridas%20sept.pdf
c518393e58fbd72c,Atlas,Generales,Impuestos al día,,12 cuotas sin intereses,cuotas_sin_intereses,,lunes; martes; miércoles; jueves; viernes; sábado; domingo,,,Todos los días,"La cantidad de cuotas se solicita en caja, hasta 12 cuotas sin intereses para compras a partir de Gs. 1.000.000 a través del POS de la Red Infonet en comercios adheridos a los rubros mencionados. Beneficio exclusivo para consumo personal. Vigente hasta el 31 de diciembre de 2026. Se excluyen tarjetas de crédito prepagas, corporativas, gourmet card y gift card.","Asunción, Benjamín Aceval, Caaguazú, Ciudad del Este, Hernandarias, Lambaré, Luque y Mariano Roque Alonso.",,,https://www.bancoatlas.com.py/web/beneficios
e34f133d048a72fe,Atlas,Generales,L'uomo,,6 cuotas sin intereses,cuotas_sin_intereses,,lunes; martes; miércoles; jueves; viernes; sábado; domingo,,,Todos los días,"La cantidad de cuotas se solicita en caja para compras a partir de Gs. 200.000 . Valida para compras realizadas a través del POS de la red Infonet. Válido para las sucursales L\\\'uomo de Shopping Vilamorra, Shopping Multiplaza, Shopping Zuni CDE y Lambaré. Beneficios exclusivos para consumo personal. Vigente todos los días del 01/06 al 31/12 del 2026. Se excluyen tarjetas prepagas, corporativas, gourmet card, gift card y las afinidades Shopping Mariscal, Shopping Pinedo y Shoping Mariano. Bases y condiciones en www.bancoatlas.com.py",,,,https://www.bancoatlas.com.py/web/beneficios
e5e058339b15df8e,Atlas,Generales,Pinedo Shopping,,20% de descuento; 3 cuotas sin intereses,descuento,20%,viernes,,,Todos los viernes,"El descuento se realiza en caja. La cantidad de cuotas se solicita en caja, hasta 3 cuotas sin intereses para compras a partir de Gs. 200.000 a través del POS de la Red Infonet. Aplica para tiendas adheridas a la promoción. Beneficio exclusivo para consumo personal. Vigente todos los viernes, a partir del 20 de marzo de 2026 al 26 de febrero de 2027. Se excluyen tarjetas de crédito prepagas, corporativas, gourmet card y gift card.",,,,https://www.bancoatlas.com.py/web/Tiendas%20adheridas%20Pinedo.jpg
5f25d91d35d7793d,Atlas,Generales,delSol,,12 cuotas sin intereses,cuotas_sin_intereses,,lunes; martes; miércoles; jueves; viernes; sábado; domingo,,,Todos los días,"La cantidad de cuotas debe ser solicitada en caja para compras a partir de Gs. 200.000 y transacciones realizadas a través del POS de la red Infonet. Promoción válida todos los días para tarjetas afinidad delSol en todos los locales comerciales de delSol Shopping. Beneficio exclusivo para consumo personal. Se excluyen las tarjetas prepagas, corporativas, gourmet card, gif card y las que no son afinidad delSol.",,,,https://www.bancoatlas.com.py/web/beneficios
422ac4a5932cc1a6,Atlas,Generales,oBoticário,,20% de reintegro; +5% de reintegro; 12 cuotas sin intereses,reintegro,20%; 5%,,,,26 y 27 de septiembre,"Tope de compra acumulado por cuenta de tarjeta Gs. 1.500.000 en el conjunto de tiendas: ISDIN, Oboticario y Champs Elysées para compras realizadas a través del POS de la Red Infonet. La cantidad de cuotas se solicita en caja, hasta 12 cuotas sin intereses para compras a partir de Gs. 200.000. Vigente el 26 y 27 de septiembre de 2026. Beneficios exclusivos para consumo personal. Se excluyen tarjetas de crédito prepagas, corporativas, gourmet card y gift card.","Gs. 1.500.000 con todas las tarjetas en el conjunto de tiendas: ISDIN, Oboticario y Champs Elysées",,,https://www.bancoatlas.com.py/web/beneficios
238c7192f2f74af3,Atlas,Hogar,Koala,,45% de descuento; +10% de reintegro; 12 cuotas sin intereses,reintegro,45%; 10%,,,,Del 19 al 26 de septiembre,"Hasta 45% de descuento en caja en tiendas Koala y tiendas Multimarca Koala/Sueñolar. Tope de compra acumulado por cuenta de tarjeta Gs. 5.000.000 para tarjetas de crédito Visa Infinite, Visa Signature, Mastercard Black, Clásica y Oro. La cantidad de cuotas debe ser solicitada en caja para compras a partir de Gs. 1.000.000. Las transacciones realizadas a través del POS o VPOS de la red Infonet. Válido los días 19/09 al 26/09. Beneficio exclusivo para consumo personal. Se excluyen las tarjetas prepagas, corporativas, gourmet card, gift card y las afinidades Shopping Mariscal, Pinedo y Mariano.",Gs. 5.000.000 para todas las tarjetas de crédito.,,,https://www.bancoatlas.com.py/web/beneficios
f15cf9854b37b0c4,Atlas,Hogar,Renová tu Hogar,,12 cuotas sin intereses,cuotas_sin_intereses,,lunes; martes; miércoles; jueves; viernes; sábado; domingo,,,Todos los días,"La cantidad de cuotas se solicita en caja, hasta 12 cuotas sin intereses para compras a partir de Gs. 1.000.000 a través del POS de la Red Infonet en comercios adheridos a los rubros mencionados. Beneficio exclusivo para consumo personal. Vigente hasta el 31 de diciembre de 2026. Se excluyen tarjetas de crédito prepagas, corporativas, gourmet card y gift card.","Artículos electrónicos, Casas de pinturas, Ferreterías Mueblería y Decoración, Equipos musicales y Electrodomésticos.",,,https://www.bancoatlas.com.py/web/beneficios
de776f2917e6630f,Atlas,Moda,Cecconello,,20% de descuento; 10 cuotas sin intereses,descuento,20%,,,,21 al 30 de septiembre,"Descuento aplicado en caja hasta 20%. La cantidad de cuotas se solicita al momento de la compra, hasta 10 cuotas sin intereses para compras a partir de Gs. 200.000 a través de la Red Infonet. Beneficio exclusivo para consumo personal. Se excluyen tarjetas de crédito prepagas, corporativas, gourmet card, gift card y las afinidades Mariscal, Pinedo y Mariano.",,,,https://www.bancoatlas.com.py/web/beneficios
1beb833307367702,Atlas,Moda,Champs Elysées,,20% de reintegro; +5% de reintegro; 12 cuotas sin intereses,reintegro,20%; 5%,,,,26 y 27 de septiembre,"Tope de compra acumulado por cuenta de tarjeta Gs. 1.500.000 en el conjunto de tiendas: ISDIN, Oboticario y Champs Elysées para compras realizadas a través del POS de la Red Infonet. La cantidad de cuotas se solicita en caja, hasta 12 cuotas sin intereses para compras a partir de Gs. 200.000. Vigente el 26 y 27 de septiembre de 2026. Beneficios exclusivos para consumo personal. Se excluyen tarjetas de crédito prepagas, corporativas, gourmet card y gift card.","Gs. 1.500.000 con todas las tarjetas en el conjunto de tiendas: ISDIN, Oboticario y Champs Elysées",,,https://www.bancoatlas.com.py/web/beneficios
62e1d81c004889ed,Atlas,Moda,Cortefiel,,20% de reintegro; +5% de reintegro; 12 cuotas sin intereses,reintegro,20%; 5%,,,,26 y 27 de septiembre,"Tope de compra acumulado por cuenta de tarjeta Gs. 2.500.000 en el conjunto de tiendas: Mango, Springfield, Jack & Jones, Women’secret, Pedro del Hierro y Cortefiel para compras realizadas a través del POS de la Red Infonet. La cantidad de cuotas se solicita en caja, hasta 12 cuotas sin intereses para compras a partir de Gs. 200.000. Vigente el 26 y 27 de septiembre de 2026. Beneficios exclusivos para consumo personal. Se excluyen tarjetas de crédito prepagas, corporativas, gourmet card y gift card.","Gs. 2.500.000 con todas las tarjeta en el conjunto de tiendas: Mango, Springfield, Jack & Jones, Women’secret, Pedro del Hierro y Cortefiel",,,https://www.bancoatlas.com.py/web/beneficios
f19a5f60e7163501,Atlas,Moda,Di Valentini,,15% de descuento; 10 cuotas sin intereses,descuento,15%,,,,21 al 30 de septiembre,"Descuento aplicado en caja hasta 15%. La cantidad de cuotas se solicita al momento de la compra, hasta 10 cuotas sin intereses para compras a partir de Gs. 200.000 a través de la Red Infonet. Beneficio exclusivo para consumo personal. Se excluyen tarjetas de crédito prepagas, corporativas, gourmet card, gift card y las afinidades Mariscal, Pinedo y Mariano.",,,,https://www.bancoatlas.com.py/web/beneficios
a5b569e0bd681174,Atlas,Moda,Forever 21,,20% de reintegro; +5% de reintegro; 12 cuotas sin intereses,reintegro,20%; 5%,,,,26 y 27 de septiembre,"Tope de compra acumulado por cuenta de tarjeta Gs. 1.000.000 para compras realizadas a través del POS de la Red Infonet. La cantidad de cuotas se solicita en caja, hasta 12 cuotas sin intereses para compras a partir de Gs. 200.000. Vigente el 26 y 27 de septiembre de 2026. Beneficios exclusivos para consumo personal. Se excluyen tarjetas de crédito prepagas, corporativas, gourmet card y gift card.",Gs. 1.000.000 con todas las tarjetas de crédito,,,https://www.bancoatlas.com.py/web/beneficios
34ebe2b9e1b84a7e,Atlas,Moda,Forever 21 Primavera,,60% de descuento; 12 cuotas sin intereses,descuento,60%,,,,Del 7 al 30 de septiembre,"Descuento de hasta 60% realizado en caja válido presentando su CI y Tarjeta del titular que cumpla las condiciones expresadas en las bases y condiciones de la tienda adjuntas en el PDF. La cantidad de cuotas se solicita en caja, hasta 12 cuotas sin intereses para compras a partir de Gs. 200.000. Vigente del 7 al 30 de septiembre del 2026. Válido para transacciones realizadas a través del POS de la Red Infonet. Beneficios exclusivos para consumo personal. Se excluyen tarjetas de crédito prepagas, corporativas, gourmet card y gift card y las afinidades Shopping Mariscal, Pinedo y Mariano.",,,,https://www.bancoatlas.com.py/web/BASES%20Y%20CONDICIONES%20-%20BORN%20TO%20BLOOM%20F21.pdf
fecd1bf4951a2de9,Atlas,Moda,H&M,,12 cuotas sin intereses,cuotas_sin_intereses,,lunes; martes; miércoles; jueves; viernes; sábado; domingo,,,Todos los días,"La cantidad de cuotas se solicita en caja para compras a partir de Gs. 1.000.000 para compras realizadas a través del POS de la Red Infonet .Válido para las sucursales de Paseo La Galería, Distrito Perseverancia y su E- commerce. Beneficios exclusivos para consumo personal. Vigente todos los días desde el 13 de agosto al 31 de diciembre del 2026. Se excluyen tarjetas prepagas, corporativas, gourmet card, gift card y las afinidades delSol Shopping Mariscal, Shopping Pinedo y Shopping Mariano",,,,https://www.bancoatlas.com.py/web/beneficios
45b35a21946b5677,Atlas,Moda,ISDIN,,20% de reintegro; +5% de reintegro; 12 cuotas sin intereses,reintegro,20%; 5%,,,,26 y 27 de septiembre,"Tope de compra acumulado por cuenta de tarjeta Gs. 1.500.000 en el conjunto de tiendas: ISDIN, Oboticario y Champs Elysées para compras realizadas a través del POS de la Red Infonet. La cantidad de cuotas se solicita en caja, hasta 12 cuotas sin intereses para compras a partir de Gs. 200.000. Vigente el 26 y 27 de septiembre de 2026. Beneficios exclusivos para consumo personal. Se excluyen tarjetas de crédito prepagas, corporativas, gourmet card y gift card.","Gs. 1.500.000 con todas las tarjetas en el conjunto de tiendas: ISDIN, Oboticario y Champs Elysées",,,https://www.bancoatlas.com.py/web/beneficios
a1e6abee230ec91e,Atlas,Moda,Jack & Jones,,20% de reintegro; +5%; Hasta 12 cuotas sin intereses,reintegro,20%; 5%,,,,26 y 27 de septiembre,"Tope de compra acumulado por cuenta de tarjeta Gs. 2.500.000 en el conjunto de tiendas: Mango, Springfield, Jack & Jones, Women’s Secret, Pedro del Hierro y Cortefiel para compras realizadas a través del POS de la Red Infonet. La cantidad de cuotas se solicita en caja, hasta 12 cuotas sin intereses para compras a partir de Gs. 200.000. Vigente el 26 y 27 de septiembre de 2026. Beneficios exclusivos para consumo personal. Se excluyen tarjetas de crédito prepagas, corporativas, gourmet card y gift card.","Gs. 2.500.000 para todas las tarjetas en el conjunto de tiendas: Mango, Springfield, Jack & Jones, Women’secret, Pedro del Hierro y Cortefiel.",,,https://www.bancoatlas.com.py/web/beneficios
4d47e27cd8267674,Atlas,Moda,Mango,,20% de reintegro; +5% de reintegro; 12 cuotas sin intereses,reintegro,20%; 5%,,,,26 y 27 de septiembre,"Tope de compra acumulado por cuenta de tarjeta Gs. 2.500.000 en el conjunto de tiendas: Mango, Springfield, Jack & Jones, Women’secret, Pedro del Hierro y Cortefiel para compras realizadas a través del POS de la Red Infonet. La cantidad de cuotas se solicita en caja, hasta 12 cuotas sin intereses para compras a partir de Gs. 200.000. Vigente el 26 y 27 de septiembre de 2026. Beneficios exclusivos para consumo personal. Se excluyen tarjetas de crédito prepagas, corporativas, gourmet card y gift card.","Gs. 2.500.000 en el conjunto de tiendas: Mango, Springfield, Jack & Jones, Women’secret, Pedro del Hierro y Cortefiel.",,,https://www.bancoatlas.com.py/web/beneficios
2e9d5691f6386db4,Atlas,Moda,Pedro del Hierro,,20% de reintegro; +5% de reintegro; 12 cuotas sin intereses,reintegro,20%; 5%,,,,26 y 27 de septiembre,"Tope de compra acumulado por cuenta de tarjeta Gs. 2.500.000 en el conjunto de tiendas: Mango, Springfield, Jack & Jones, Women’secret, Pedro del Hierro y Cortefiel para compras realizadas a través del POS de la Red Infonet. La cantidad de cuotas se solicita en caja, hasta 12 cuotas sin intereses para compras a partir de Gs. 200.000. Vigente el 26 y 27 de septiembre de 2026. Beneficios exclusivos para consumo personal. Se excluyen tarjetas de crédito prepagas, corporativas, gourmet card y gift card.","Gs. 2.500.000 con todas las tarjeta en el conjunto de tiendas: Mango, Springfield, Jack & Jones, Women’secret, Pedro del Hierro y Cortefiel",,,https://www.bancoatlas.com.py/web/beneficios
aefe80febf55cf40,Atlas,Moda,Shopping Mariscal,,20% de descuento; Hasta 3 cuotas sin intereses,descuento,20%,miércoles,,,Todos los Miércoles,"El descuento se realiza en caja. Aplica para tiendas adheridas a la promoción y pagos realizados a través del POS de la Red Infonet. La cantidad de cuotas se solicita en caja, hasta 3 cuotas sin intereses para compras a partir de Gs. 200.000. Vigente todos los miércoles, a partir del 4 de febrero de 2026 al 27 de enero de 2027. Se excluyen tarjetas de crédito prepagas, corporativas, gourmet card y gift card.",,,,https://www.bancoatlas.com.py/web/Tiendas%20adheridas%20Mariscal.jpg
c3345bfae8124155,Atlas,Moda,Springfield,,20% de reintegro; +5% de reintegro; 12 cuotas sin intereses,reintegro,20%; 5%,,,,26 y 27 de septiembre,"Tope de compra acumulado por cuenta de tarjeta Gs. 2.500.000 en el conjunto de tiendas: Mango, Springfield, Jack & Jones, Women’s Secret, Pedro del Hierro y Cortefiel para compras realizadas a través del POS de la Red Infonet. La cantidad de cuotas se solicita en caja, hasta 12 cuotas sin intereses para compras a partir de Gs. 200.000. Vigente el 26 y 27 de septiembre de 2026. Beneficios exclusivos para consumo personal. Se excluyen tarjetas de crédito prepagas, corporativas, gourmet card y gift card.","Gs. 2.500.000 para todas las tarjetas en el conjunto de tiendas: Mango, Springfield, Jack & Jones, Women’secret, Pedro del Hierro y Cortefiel.",,,https://www.bancoatlas.com.py/web/beneficios
b5f2bfea9a81f447,Atlas,Moda,women'secret,,20% de reintegro; +5% de reintegro; 12 cuotas sin intereses,reintegro,20%; 5%,,,,26 y 27 de septiembre,"Tope de compra acumulado por cuenta de tarjeta Gs. 2.500.000 en el conjunto de tiendas: Mango, Springfield, Jack & Jones, Women’secret, Pedro del Hierro y Cortefiel para compras realizadas a través del POS de la Red Infonet. La cantidad de cuotas se solicita en caja, hasta 12 cuotas sin intereses para compras a partir de Gs. 200.000. Vigente el 26 y 27 de septiembre de 2026. Beneficios exclusivos para consumo personal. Se excluyen tarjetas de crédito prepagas, corporativas, gourmet card y gift card.","Gs. 2.500.000 con todas las tarjeta en el conjunto de tiendas: Mango, Springfield, Jack & Jones, Women’secret, Pedro del Hierro y Cortefiel",,,https://www.bancoatlas.com.py/web/beneficios
405df50264da77c4,Atlas,Supermercados,Delimarket,Asunción,20% de reintegro; +5% de reintegro,reintegro,20%; 5%,sábado,,,Todos los Sábados,"Tope de compra acumulado por cuenta de tarjeta Gs. 2.000.000 para tarjetas de crédito delSol Atlas Visa Signature, Gs. 1.500.000 para tarjetas de crédito delSol Atlas Visa Clásica. Aplica para compras realizadas a través de la Red Infonet. Vigente todos los sábados hasta el 26 de dicimebre de 2026. Beneficio exclusivo para consumo personal. Se excluyen tarjetas de crédito prepagas, corporativas, gourmet card y gift card.",Gs. 2.000.000 para tarjetas de crédito delSol Atlas Visa Signature.; Gs. 1.500.000 para tarjetas de crédito delSol Atlas Visa Clásica.,,,https://www.bancoatlas.com.py/web/beneficios
28100c1f8dcdffbe,Atlas,Supermercados,Supermercados,,15% de reintegro; +5% de reintegro,reintegro,15%; 5%,viernes,,,Todos los Viernes,"Mínimo de compra para todas las afinidades Gs. 200.000.Tope de compra mensual acumulado por cuenta de tarjeta Gs. 1.000.000 para tarjetas de crédito Visa Infinite, Mastercard Black y Visa Signature y Gs. 700.000 para tarjetas Visa Oro y Visa Clásica. Las transacciones deben ser realizadas a través del POS de la Red Infonet. Beneficio exclusivo para consumo personal. Se excluyen las tarjetas prepagas, corporativas, gourmet card, gift card y las afinidades Shopping Mariscal, Pinedo y Mariano.","Gs. 1.000.000 con tarjetas de crédito Visa Infinite, Signature y Mastercard Black.; Gs. 700.000 con tarjetas de crédito Visa Clásica y Oro.; Mínimo de compra Gs. 200.000.",,,https://www.bancoatlas.com.py/web/supermercados%20adheridos.jpg
0808a16896575fcf,Atlas,Tecnología,Pre Venta Iphone 18,,18 cuotas sin intereses,cuotas_sin_intereses,,,,,25 de septiembre al 10 de octubre,"La cantidad de cuotas se solicita en caja a partir de Gs. 1.000.000 y transacciones realizadas a través del POS de la Red Infonet. Exclusivo para consumo personal. Se excluyen las tarjetas corporativas, gourmet card, gift card y las afinidades Shopping Mariscal, Shopping Pinedo y Shopping Mariano.",,,,https://www.bancoatlas.com.py/web/beneficios
e77fe8d93e9865f3,Atlas,Tecnología,Tecnología a tu alcance,,12 cuotas sin intereses,cuotas_sin_intereses,,lunes; martes; miércoles; jueves; viernes; sábado; domingo,,,Todos los días,"La cantidad de cuotas se solicita en caja, hasta 12 cuotas sin intereses para compras a partir de Gs. 1.000.000 a través del POS de la Red Infonet en comercios adheridos a los rubros mencionados. Beneficio exclusivo para consumo personal. Vigente hasta el 31 de diciembre de 2026. Se excluyen tarjetas de crédito prepagas, corporativas, gourmet card y gift card.",Artículos electrónicos y Electrodomésticos,,,https://www.bancoatlas.com.py/web/beneficios
3d01eed9be736446,Atlas,Vehículo,Prepará tu vehículo,,12 cuotas sin intereses,cuotas_sin_intereses,,lunes; martes; miércoles; jueves; viernes; sábado; domingo,,,Todos los días,"La cantidad de cuotas se solicita en caja, hasta 12 cuotas sin intereses para compras a partir de Gs. 1.000.000 a través del POS de la Red Infonet en comercios adheridos a los rubros mencionados. Beneficio exclusivo para consumo personal. Vigente hasta el 31 de diciembre de 2026. Se excluyen tarjetas de crédito prepagas, corporativas, gourmet card y gift card.","Casas de cubiertas, talleres mecánicos, chapería y pintura, casas de reepuestos y accesorios para vehiculos,",,,https://www.bancoatlas.com.py/web/beneficios
633452f9de63982d,Atlas,Viajes,Atlas Viajes,,18 cuotas sin intereses,cuotas_sin_intereses,,lunes; martes; miércoles; jueves; viernes; sábado; domingo,,,Todos los días,"La cantidad de cuotas se solicita al momento de la compra, hasta 18 cuotas sin intereses para compras a partir de Gs. 1.000.000 a través del POS de la Red Infonet. Utilización de puntos Atlas Más sujeta a disponibilidad del cliente. Beneficio exclusivo para consumo personal. Vigente hasta el 31 de diciembre de 2026. Se excluyen tarjetas de crédito prepagas, corporativas, gourmet card y gift card.",,,,https://www.bancoatlas.com.py/web/beneficios
2e28ed4834e893f1,Atlas,Viajes,Planeá tus próximas vacaciones,,12 cuotas sin intereses,cuotas_sin_intereses,,lunes; martes; miércoles; jueves; viernes; sábado; domingo,,,Todos los días,"La cantidad de cuotas se solicita en caja, hasta 12 cuotas sin intereses para compras a partir de Gs. 1.000.000 a través del POS de la Red Infonet en comercios adheridos a los rubros mencionados. Beneficio exclusivo para consumo personal. Vigente hasta el 31 de diciembre de 2026. Se excluyen tarjetas de crédito prepagas, corporativas, gourmet card y gift card.",,,,https://www.bancoatlas.com.py/web/beneficios
7c96e51345744133,BNF,Estaciones de Servicio,3MG,16 locales adheridos de 3MG,20% reintegro,reintegro,20%,miércoles,,,Miércoles,Miércoles. Del 02 al 30 de septiembre de 2026.,Tope de compra mensual: Gs. 1.000.000. Tope de reintegro mensual: Gs. 200.000.,,,https://www.bnf.gov.py/uploads/Promocion_Reintegro_Estaciones_de_Servicio_2026_SEP_2026_0c00026515.pdf
f33c09afe81c063e,BNF,Estaciones de Servicio,COMPASA,33 locales adheridos de COMPASA,20% reintegro,reintegro,20%,miércoles,,,Miércoles,Miércoles. Del 02 al 30 de septiembre de 2026.,Tope de compra mensual: Gs. 1.000.000. Tope de reintegro mensual: Gs. 200.000.,,,https://www.bnf.gov.py/uploads/Promocion_Reintegro_Estaciones_de_Servicio_2026_SEP_2026_0c00026515.pdf
92de1513a73113b3,BNF,Estaciones de Servicio,COPETROL,141 locales adheridos de COPETROL,20% reintegro,reintegro,20%,miércoles,,,Miércoles,Miércoles. Del 02 al 30 de septiembre de 2026.,Tope de compra mensual: Gs. 1.000.000. Tope de reintegro mensual: Gs. 200.000.,,,https://www.bnf.gov.py/uploads/Promocion_Reintegro_Estaciones_de_Servicio_2026_SEP_2026_0c00026515.pdf
cf1e06dbb3a4a8d7,BNF,Estaciones de Servicio,PETROCHACO,68 locales adheridos de PETROCHACO,20% reintegro,reintegro,20%,miércoles,,,Miércoles,Miércoles. Del 02 al 30 de septiembre de 2026.,Tope de compra mensual: Gs. 1.000.000. Tope de reintegro mensual: Gs. 200.000.,,,https://www.bnf.gov.py/uploads/Promocion_Reintegro_Estaciones_de_Servicio_2026_SEP_2026_0c00026515.pdf
f907aa52db7ec5d9,BNF,Estaciones de Servicio,PUMA ENERGY,130 locales adheridos de PUMA ENERGY,20% reintegro,reintegro,20%,miércoles,,,Miércoles,Miércoles. Del 02 al 30 de septiembre de 2026.,Tope de compra mensual: Gs. 1.000.000. Tope de reintegro mensual: Gs. 200.000.,,,https://www.bnf.gov.py/uploads/Promocion_Reintegro_Estaciones_de_Servicio_2026_SEP_2026_0c00026515.pdf
efcf788375ea16b5,BNF,Farmacias,ASISMED DRUGSTORE,5 locales adheridos de ASISMED DRUGSTORE,10% reintegro,reintegro,10%,lunes,,,No especificado en tarjeta,Todos los lunes. Del 07 al 28 de septiembre de 2026.,Tope de compra mensual: Gs. 1.000.000. Tope de reintegro mensual: Gs. 100.000.,,,https://www.bnf.gov.py/uploads/Promocion_Reintegro_Farmacias_2026_SEP_2026_3ca4b62e69.pdf
efcf788375ea16b5-bbfee0f7,BNF,Farmacias,ASISMED DRUGSTORE,5 locales adheridos de ASISMED DRUGSTORE,12 cuotas sin intereses,cuotas_sin_intereses,,lunes,,,No especificado en tarjeta,Todos los lunes. Del 07 al 28 de septiembre de 2026.,,,,https://www.bnf.gov.py/uploads/Promocion_Reintegro_Farmacias_2026_SEP_2026_3ca4b62e69.pdf
82f56e9d711b226b,BNF,Farmacias,FARMA KOKE,9 locales adheridos de FARMA KOKE,10% reintegro,reintegro,10%,lunes,,,No especificado en tarjeta,Todos los lunes. Del 07 al 28 de septiembre de 2026.,Tope de compra mensual: Gs. 1.000.000. Tope de reintegro mensual: Gs. 100.000.,,,https://www.bnf.gov.py/uploads/Promocion_Reintegro_Farmacias_2026_SEP_2026_3ca4b62e69.pdf
82f56e9d711b226b-7790de74,BNF,Farmacias,FARMA KOKE,9 locales adheridos de FARMA KOKE,12 cuotas sin intereses,cuotas_sin_intereses,,lunes,,,No especificado en tarjeta,Todos los lunes. Del 07 al 28 de septiembre de 2026.,,,,https://www.bnf.gov.py/uploads/Promocion_Reintegro_Farmacias_2026_SEP_2026_3ca4b62e69.pdf
23c5fb595254d874,BNF,Farmacias,FARMACENTER,194 locales adheridos de FARMACENTER,10% reintegro,reintegro,10%,lunes,,,No especificado en tarjeta,Todos los lunes. Del 07 al 28 de septiembre de 2026.,Tope de compra mensual: Gs. 1.000.000. Tope de reintegro mensual: Gs. 100.000.,,,https://www.bnf.gov.py/uploads/Promocion_Reintegro_Farmacias_2026_SEP_2026_3ca4b62e69.pdf
23c5fb595254d874-982eb22a,BNF,Farmacias,FARMACENTER,194 locales adheridos de FARMACENTER,12 cuotas sin intereses,cuotas_sin_intereses,,lunes,,,No especificado en tarjeta,Todos los lunes. Del 07 al 28 de septiembre de 2026.,,,,https://www.bnf.gov.py/uploads/Promocion_Reintegro_Farmacias_2026_SEP_2026_3ca4b62e69.pdf
301705ac29eac8b3,BNF,Farmacias,FARMACIA SANTA VICTORIA,9 locales adheridos de FARMACIA SANTA VICTORIA,10% reintegro,reintegro,10%,lunes,,,No especificado en tarjeta,Todos los lunes. Del 07 al 28 de septiembre de 2026.,Tope de compra mensual: Gs. 1.000.000. Tope de reintegro mensual: Gs. 100.000.,,,https://www.bnf.gov.py/uploads/Promocion_Reintegro_Farmacias_2026_SEP_2026_3ca4b62e69.pdf
301705ac29eac8b3-31652648,BNF,Farmacias,FARMACIA SANTA VICTORIA,9 locales adheridos de FARMACIA SANTA VICTORIA,12 cuotas sin intereses,cuotas_sin_intereses,,lunes,,,No especificado en tarjeta,Todos los lunes. Del 07 al 28 de septiembre de 2026.,,,,https://www.bnf.gov.py/uploads/Promocion_Reintegro_Farmacias_2026_SEP_2026_3ca4b62e69.pdf
d53ebb91e14c0b25,BNF,Farmacias,FARMACIA VICENTE SCAVONE,55 locales adheridos de FARMACIA VICENTE SCAVONE,10% reintegro,reintegro,10%,lunes,,,No especificado en tarjeta,Todos los lunes. Del 07 al 28 de septiembre de 2026.,Tope de compra mensual: Gs. 1.000.000. Tope de reintegro mensual: Gs. 100.000.,,,https://www.bnf.gov.py/uploads/Promocion_Reintegro_Farmacias_2026_SEP_2026_3ca4b62e69.pdf
d53ebb91e14c0b25-cc6e301c,BNF,Farmacias,FARMACIA VICENTE SCAVONE,55 locales adheridos de FARMACIA VICENTE SCAVONE,12 cuotas sin intereses,cuotas_sin_intereses,,lunes,,,No especificado en tarjeta,Todos los lunes. Del 07 al 28 de septiembre de 2026.,,,,https://www.bnf.gov.py/uploads/Promocion_Reintegro_Farmacias_2026_SEP_2026_3ca4b62e69.pdf
626ed1caaa569dc2,BNF,Farmacias,FARMACIAS CATEDRAL,157 locales adheridos de FARMACIAS CATEDRAL,10% reintegro,reintegro,10%,lunes,,,No especificado en tarjeta,Todos los lunes. Del 07 al 28 de septiembre de 2026.,Tope de compra mensual: Gs. 1.000.000. Tope de reintegro mensual: Gs. 100.000.,,,https://www.bnf.gov.py/uploads/Promocion_Reintegro_Farmacias_2026_SEP_2026_3ca4b62e69.pdf
626ed1caaa569dc2-9a377a84,BNF,Farmacias,FARMACIAS CATEDRAL,157 locales adheridos de FARMACIAS CATEDRAL,12 cuotas sin intereses,cuotas_sin_intereses,,lunes,,,No especificado en tarjeta,Todos los lunes. Del 07 al 28 de septiembre de 2026.,,,,https://www.bnf.gov.py/uploads/Promocion_Reintegro_Farmacias_2026_SEP_2026_3ca4b62e69.pdf
41c27a71b61e1fd1,BNF,Frigoríficos,COOPERATIVA CHORTITZER,31 locales adheridos de COOPERATIVA CHORTITZER,30% reintegro,reintegro,30%,viernes,,,Viernes,Todos los viernes. Del 04 al 25 de septiembre de 2026.,Tope de compra mensual: Gs. 1.000.000. Tope de reintegro mensual: Gs. 300.000.,,,https://www.bnf.gov.py/uploads/Promocion_Reintegro_Frigorificos_2026_SEP_2026_f798717e14.pdf
41c27a71b61e1fd1-af367393,BNF,Frigoríficos,COOPERATIVA CHORTITZER,31 locales adheridos de COOPERATIVA CHORTITZER,20% reintegro,reintegro,20%,viernes,,,Viernes,Todos los viernes. Del 04 al 25 de septiembre de 2026.,Tope de compra mensual: Gs. 1.000.000. Tope de reintegro mensual: Gs. 200.000.,,,https://www.bnf.gov.py/uploads/Promocion_Reintegro_Frigorificos_2026_SEP_2026_f798717e14.pdf
2953aa718c311e62,BNF,Frigoríficos,POLLOS DON JUAN,16 locales adheridos de POLLOS DON JUAN,30% reintegro,reintegro,30%,viernes,,,Viernes,Todos los viernes. Del 04 al 25 de septiembre de 2026.,Tope de compra mensual: Gs. 1.000.000. Tope de reintegro mensual: Gs. 300.000.,,,https://www.bnf.gov.py/uploads/Promocion_Reintegro_Frigorificos_2026_SEP_2026_f798717e14.pdf
2953aa718c311e62-fb8edca7,BNF,Frigoríficos,POLLOS DON JUAN,16 locales adheridos de POLLOS DON JUAN,20% reintegro,reintegro,20%,viernes,,,Viernes,Todos los viernes. Del 04 al 25 de septiembre de 2026.,Tope de compra mensual: Gs. 1.000.000. Tope de reintegro mensual: Gs. 200.000.,,,https://www.bnf.gov.py/uploads/Promocion_Reintegro_Frigorificos_2026_SEP_2026_f798717e14.pdf
549617f2f3d66237,BNF,Mayoristas,Aho Aho Comercial,1 locales adheridos de Aho Aho Comercial,20% reintegro,reintegro,20%,sábado,,,Sábados,Todos los sábados. Del 05 al 26 de septiembre de 2026.,Tope de compra mensual: Gs. 1.000.000. Tope de reintegro mensual: Gs. 200.000.,,,https://www.bnf.gov.py/uploads/Promocion_Reintegro_Mayoristas_2026_SEP_2026_5bc6ee5563.pdf
549617f2f3d66237-e30f29f6,BNF,Mayoristas,Aho Aho Comercial,1 locales adheridos de Aho Aho Comercial,30% reintegro,reintegro,30%,sábado,,,Sábados,Todos los sábados. Del 05 al 26 de septiembre de 2026.,,,,https://www.bnf.gov.py/uploads/Promocion_Reintegro_Mayoristas_2026_SEP_2026_5bc6ee5563.pdf
510f77e0da58b0a8,BNF,Mayoristas,BOX Mayorista,8 locales adheridos de BOX Mayorista,20% reintegro,reintegro,20%,sábado,,,Sábados,Todos los sábados. Del 05 al 26 de septiembre de 2026.,Tope de compra mensual: Gs. 1.000.000. Tope de reintegro mensual: Gs. 200.000.,,,https://www.bnf.gov.py/uploads/Promocion_Reintegro_Mayoristas_2026_SEP_2026_5bc6ee5563.pdf
510f77e0da58b0a8-1b587369,BNF,Mayoristas,BOX Mayorista,8 locales adheridos de BOX Mayorista,30% reintegro,reintegro,30%,sábado,,,Sábados,Todos los sábados. Del 05 al 26 de septiembre de 2026.,,,,https://www.bnf.gov.py/uploads/Promocion_Reintegro_Mayoristas_2026_SEP_2026_5bc6ee5563.pdf
c9f9385bd8d262c3,BNF,Mayoristas,Casa Grütter,3 locales adheridos de Casa Grütter,20% reintegro,reintegro,20%,sábado,,,Sábados,Todos los sábados. Del 05 al 26 de septiembre de 2026.,Tope de compra mensual: Gs. 1.000.000. Tope de reintegro mensual: Gs. 200.000.,,,https://www.bnf.gov.py/uploads/Promocion_Reintegro_Mayoristas_2026_SEP_2026_5bc6ee5563.pdf
c9f9385bd8d262c3-fb1cbcdf,BNF,Mayoristas,Casa Grütter,3 locales adheridos de Casa Grütter,30% reintegro,reintegro,30%,sábado,,,Sábados,Todos los sábados. Del 05 al 26 de septiembre de 2026.,,,,https://www.bnf.gov.py/uploads/Promocion_Reintegro_Mayoristas_2026_SEP_2026_5bc6ee5563.pdf
843c5cd116fbd0dd,BNF,Mayoristas,Supermás,2 locales adheridos de Supermás,20% reintegro,reintegro,20%,sábado,,,Sábados,Todos los sábados. Del 05 al 26 de septiembre de 2026.,Tope de compra mensual: Gs. 1.000.000. Tope de reintegro mensual: Gs. 200.000.,,,https://www.bnf.gov.py/uploads/Promocion_Reintegro_Mayoristas_2026_SEP_2026_5bc6ee5563.pdf
843c5cd116fbd0dd-7185b469,BNF,Mayoristas,Supermás,2 locales adheridos de Supermás,30% reintegro,reintegro,30%,sábado,,,Sábados,Todos los sábados. Del 05 al 26 de septiembre de 2026.,,,,https://www.bnf.gov.py/uploads/Promocion_Reintegro_Mayoristas_2026_SEP_2026_5bc6ee5563.pdf
3176f58f0d02a9a0,BNF,Supermercados,A Punto Market,1 locales adheridos de A Punto Market,30% reintegro,reintegro,30%,jueves,,,Jueves,Todos los jueves del 03 al 24 de septiembre de 2026.,Tope de compra mensual: Gs. 1.500.000. Tope de reintegro mensual: Gs. 450.000.,,,https://www.bnf.gov.py/uploads/Promocion_Reintegro_Supermercados_2026_SEP_2026_d048e2b720.pdf
3176f58f0d02a9a0-5c334568,BNF,Supermercados,A Punto Market,1 locales adheridos de A Punto Market,20% reintegro,reintegro,20%,jueves,,,Jueves,Todos los jueves del 03 al 24 de septiembre de 2026.,Tope de compra mensual: Gs. 1.000.000. Tope de reintegro mensual: Gs. 450.000.,,,https://www.bnf.gov.py/uploads/Promocion_Reintegro_Supermercados_2026_SEP_2026_d048e2b720.pdf
439e85b2886a0f97,BNF,Supermercados,A Punto Tienda del Asadero,1 locales adheridos de A Punto Tienda del Asadero,30% reintegro,reintegro,30%,jueves,,,Jueves,Todos los jueves del 03 al 24 de septiembre de 2026.,Tope de compra mensual: Gs. 1.500.000. Tope de reintegro mensual: Gs. 450.000.,,,https://www.bnf.gov.py/uploads/Promocion_Reintegro_Supermercados_2026_SEP_2026_d048e2b720.pdf
439e85b2886a0f97-3839dc3e,BNF,Supermercados,A Punto Tienda del Asadero,1 locales adheridos de A Punto Tienda del Asadero,20% reintegro,reintegro,20%,jueves,,,Jueves,Todos los jueves del 03 al 24 de septiembre de 2026.,Tope de compra mensual: Gs. 1.000.000. Tope de reintegro mensual: Gs. 450.000.,,,https://www.bnf.gov.py/uploads/Promocion_Reintegro_Supermercados_2026_SEP_2026_d048e2b720.pdf
a3400073fda1696c,BNF,Supermercados,Cadena Real,9 locales adheridos de Cadena Real,30% reintegro,reintegro,30%,jueves,,,Jueves,Todos los jueves del 03 al 24 de septiembre de 2026.,Tope de compra mensual: Gs. 1.500.000. Tope de reintegro mensual: Gs. 450.000.,,,https://www.bnf.gov.py/uploads/Promocion_Reintegro_Supermercados_2026_SEP_2026_d048e2b720.pdf
a3400073fda1696c-88889b7b,BNF,Supermercados,Cadena Real,9 locales adheridos de Cadena Real,20% reintegro,reintegro,20%,jueves,,,Jueves,Todos los jueves del 03 al 24 de septiembre de 2026.,Tope de compra mensual: Gs. 1.000.000. Tope de reintegro mensual: Gs. 450.000.,,,https://www.bnf.gov.py/uploads/Promocion_Reintegro_Supermercados_2026_SEP_2026_d048e2b720.pdf
a080f7cba392e4f0,BNF,Supermercados,Casa Paraná,8 locales adheridos de Casa Paraná,30% reintegro,reintegro,30%,jueves,,,Jueves,Todos los jueves del 03 al 24 de septiembre de 2026.,Tope de compra mensual: Gs. 1.500.000. Tope de reintegro mensual: Gs. 450.000.,,,https://www.bnf.gov.py/uploads/Promocion_Reintegro_Supermercados_2026_SEP_2026_d048e2b720.pdf
a080f7cba392e4f0-69fca6f5,BNF,Supermercados,Casa Paraná,8 locales adheridos de Casa Paraná,20% reintegro,reintegro,20%,jueves,,,Jueves,Todos los jueves del 03 al 24 de septiembre de 2026.,Tope de compra mensual: Gs. 1.000.000. Tope de reintegro mensual: Gs. 450.000.,,,https://www.bnf.gov.py/uploads/Promocion_Reintegro_Supermercados_2026_SEP_2026_d048e2b720.pdf
85f7028395774f51,BNF,Supermercados,Casa Yasy,7 locales adheridos de Casa Yasy,30% reintegro,reintegro,30%,jueves,,,Jueves,Todos los jueves del 03 al 24 de septiembre de 2026.,Tope de compra mensual: Gs. 1.500.000. Tope de reintegro mensual: Gs. 450.000.,,,https://www.bnf.gov.py/uploads/Promocion_Reintegro_Supermercados_2026_SEP_2026_d048e2b720.pdf
85f7028395774f51-be23b558,BNF,Supermercados,Casa Yasy,7 locales adheridos de Casa Yasy,20% reintegro,reintegro,20%,jueves,,,Jueves,Todos los jueves del 03 al 24 de septiembre de 2026.,Tope de compra mensual: Gs. 1.000.000. Tope de reintegro mensual: Gs. 450.000.,,,https://www.bnf.gov.py/uploads/Promocion_Reintegro_Supermercados_2026_SEP_2026_d048e2b720.pdf
1480a7512d6629a9,BNF,Supermercados,Comercial Armin,6 locales adheridos de Comercial Armin,30% reintegro,reintegro,30%,jueves,,,Jueves,Todos los jueves del 03 al 24 de septiembre de 2026.,Tope de compra mensual: Gs. 1.500.000. Tope de reintegro mensual: Gs. 450.000.,,,https://www.bnf.gov.py/uploads/Promocion_Reintegro_Supermercados_2026_SEP_2026_d048e2b720.pdf
1480a7512d6629a9-01b71d40,BNF,Supermercados,Comercial Armin,6 locales adheridos de Comercial Armin,20% reintegro,reintegro,20%,jueves,,,Jueves,Todos los jueves del 03 al 24 de septiembre de 2026.,Tope de compra mensual: Gs. 1.000.000. Tope de reintegro mensual: Gs. 450.000.,,,https://www.bnf.gov.py/uploads/Promocion_Reintegro_Supermercados_2026_SEP_2026_d048e2b720.pdf
ebfad34d282cd694,BNF,Supermercados,Comercial Elena,1 locales adheridos de Comercial Elena,30% reintegro,reintegro,30%,jueves,,,Jueves,Todos los jueves del 03 al 24 de septiembre de 2026.,Tope de compra mensual: Gs. 1.500.000. Tope de reintegro mensual: Gs. 450.000.,,,https://www.bnf.gov.py/uploads/Promocion_Reintegro_Supermercados_2026_SEP_2026_d048e2b720.pdf
ebfad34d282cd694-dc6fb7eb,BNF,Supermercados,Comercial Elena,1 locales adheridos de Comercial Elena,20% reintegro,reintegro,20%,jueves,,,Jueves,Todos los jueves del 03 al 24 de septiembre de 2026.,Tope de compra mensual: Gs. 1.000.000. Tope de reintegro mensual: Gs. 450.000.,,,https://www.bnf.gov.py/uploads/Promocion_Reintegro_Supermercados_2026_SEP_2026_d048e2b720.pdf
0827c791861dd4ae,BNF,Supermercados,Copemarket,8 locales adheridos de Copemarket,30% reintegro,reintegro,30%,jueves,,,Jueves,Todos los jueves del 03 al 24 de septiembre de 2026.,Tope de compra mensual: Gs. 1.500.000. Tope de reintegro mensual: Gs. 450.000.,,,https://www.bnf.gov.py/uploads/Promocion_Reintegro_Supermercados_2026_SEP_2026_d048e2b720.pdf
0827c791861dd4ae-726ecc52,BNF,Supermercados,Copemarket,8 locales adheridos de Copemarket,20% reintegro,reintegro,20%,jueves,,,Jueves,Todos los jueves del 03 al 24 de septiembre de 2026.,Tope de compra mensual: Gs. 1.000.000. Tope de reintegro mensual: Gs. 450.000.,,,https://www.bnf.gov.py/uploads/Promocion_Reintegro_Supermercados_2026_SEP_2026_d048e2b720.pdf
cea2a310d353b4e0,BNF,Supermercados,Delimarket,1 locales adheridos de Delimarket,30% reintegro,reintegro,30%,jueves,,,Jueves,Todos los jueves del 03 al 24 de septiembre de 2026.,Tope de compra mensual: Gs. 1.500.000. Tope de reintegro mensual: Gs. 450.000.,,,https://www.bnf.gov.py/uploads/Promocion_Reintegro_Supermercados_2026_SEP_2026_d048e2b720.pdf
cea2a310d353b4e0-1e7bc619,BNF,Supermercados,Delimarket,1 locales adheridos de Delimarket,20% reintegro,reintegro,20%,jueves,,,Jueves,Todos los jueves del 03 al 24 de septiembre de 2026.,Tope de compra mensual: Gs. 1.000.000. Tope de reintegro mensual: Gs. 450.000.,,,https://www.bnf.gov.py/uploads/Promocion_Reintegro_Supermercados_2026_SEP_2026_d048e2b720.pdf
5f1761df8863159c,BNF,Supermercados,Hipermercados Luisito,11 locales adheridos de Hipermercados Luisito,30% reintegro,reintegro,30%,jueves,,,Jueves,Todos los jueves del 03 al 24 de septiembre de 2026.,Tope de compra mensual: Gs. 1.500.000. Tope de reintegro mensual: Gs. 450.000.,,,https://www.bnf.gov.py/uploads/Promocion_Reintegro_Supermercados_2026_SEP_2026_d048e2b720.pdf
5f1761df8863159c-99b7c0b8,BNF,Supermercados,Hipermercados Luisito,11 locales adheridos de Hipermercados Luisito,20% reintegro,reintegro,20%,jueves,,,Jueves,Todos los jueves del 03 al 24 de septiembre de 2026.,Tope de compra mensual: Gs. 1.000.000. Tope de reintegro mensual: Gs. 450.000.,,,https://www.bnf.gov.py/uploads/Promocion_Reintegro_Supermercados_2026_SEP_2026_d048e2b720.pdf
82ffd137ba4a4599,BNF,Supermercados,Los Jardines Supermercado,9 locales adheridos de Los Jardines Supermercado,30% reintegro,reintegro,30%,jueves,,,Jueves,Todos los jueves del 03 al 24 de septiembre de 2026.,Tope de compra mensual: Gs. 1.500.000. Tope de reintegro mensual: Gs. 450.000.,,,https://www.bnf.gov.py/uploads/Promocion_Reintegro_Supermercados_2026_SEP_2026_d048e2b720.pdf
82ffd137ba4a4599-540963cf,BNF,Supermercados,Los Jardines Supermercado,9 locales adheridos de Los Jardines Supermercado,20% reintegro,reintegro,20%,jueves,,,Jueves,Todos los jueves del 03 al 24 de septiembre de 2026.,Tope de compra mensual: Gs. 1.000.000. Tope de reintegro mensual: Gs. 450.000.,,,https://www.bnf.gov.py/uploads/Promocion_Reintegro_Supermercados_2026_SEP_2026_d048e2b720.pdf
eb96e10be44989c0,BNF,Supermercados,Mercado Villa Sofía,3 locales adheridos de Mercado Villa Sofía,30% reintegro,reintegro,30%,jueves,,,Jueves,Todos los jueves del 03 al 24 de septiembre de 2026.,Tope de compra mensual: Gs. 1.500.000. Tope de reintegro mensual: Gs. 450.000.,,,https://www.bnf.gov.py/uploads/Promocion_Reintegro_Supermercados_2026_SEP_2026_d048e2b720.pdf
eb96e10be44989c0-866e63b9,BNF,Supermercados,Mercado Villa Sofía,3 locales adheridos de Mercado Villa Sofía,20% reintegro,reintegro,20%,jueves,,,Jueves,Todos los jueves del 03 al 24 de septiembre de 2026.,Tope de compra mensual: Gs. 1.000.000. Tope de reintegro mensual: Gs. 450.000.,,,https://www.bnf.gov.py/uploads/Promocion_Reintegro_Supermercados_2026_SEP_2026_d048e2b720.pdf
9ddf55f77a470520,BNF,Supermercados,Multi Carnes Supermercado,1 locales adheridos de Multi Carnes Supermercado,30% reintegro,reintegro,30%,jueves,,,Jueves,Todos los jueves del 03 al 24 de septiembre de 2026.,Tope de compra mensual: Gs. 1.500.000. Tope de reintegro mensual: Gs. 450.000.,,,https://www.bnf.gov.py/uploads/Promocion_Reintegro_Supermercados_2026_SEP_2026_d048e2b720.pdf
9ddf55f77a470520-656735dd,BNF,Supermercados,Multi Carnes Supermercado,1 locales adheridos de Multi Carnes Supermercado,20% reintegro,reintegro,20%,jueves,,,Jueves,Todos los jueves del 03 al 24 de septiembre de 2026.,Tope de compra mensual: Gs. 1.000.000. Tope de reintegro mensual: Gs. 450.000.,,,https://www.bnf.gov.py/uploads/Promocion_Reintegro_Supermercados_2026_SEP_2026_d048e2b720.pdf
34c1faaef810efb7,BNF,Supermercados,PLUB,1 locales adheridos de PLUB,30% reintegro,reintegro,30%,jueves,,,Jueves,Todos los jueves del 03 al 24 de septiembre de 2026.,Tope de compra mensual: Gs. 1.500.000. Tope de reintegro mensual: Gs. 450.000.,,,https://www.bnf.gov.py/uploads/Promocion_Reintegro_Supermercados_2026_SEP_2026_d048e2b720.pdf
34c1faaef810efb7-b1a45192,BNF,Supermercados,PLUB,1 locales adheridos de PLUB,20% reintegro,reintegro,20%,jueves,,,Jueves,Todos los jueves del 03 al 24 de septiembre de 2026.,Tope de compra mensual: Gs. 1.000.000. Tope de reintegro mensual: Gs. 450.000.,,,https://www.bnf.gov.py/uploads/Promocion_Reintegro_Supermercados_2026_SEP_2026_d048e2b720.pdf
1cd6cb055c4d85f0,BNF,Supermercados,Super Santa Rosa,1 locales adheridos de Super Santa Rosa,30% reintegro,reintegro,30%,jueves,,,Jueves,Todos los jueves del 03 al 24 de septiembre de 2026.,Tope de compra mensual: Gs. 1.500.000. Tope de reintegro mensual: Gs. 450.000.,,,https://www.bnf.gov.py/uploads/Promocion_Reintegro_Supermercados_2026_SEP_2026_d048e2b720.pdf
1cd6cb055c4d85f0-890744be,BNF,Supermercados,Super Santa Rosa,1 locales adheridos de Super Santa Rosa,20% reintegro,reintegro,20%,jueves,,,Jueves,Todos los jueves del 03 al 24 de septiembre de 2026.,Tope de compra mensual: Gs. 1.000.000. Tope de reintegro mensual: Gs. 450.000.,,,https://www.bnf.gov.py/uploads/Promocion_Reintegro_Supermercados_2026_SEP_2026_d048e2b720.pdf
2ad84f02943554be,BNF,Supermercados,Supermercado Cardoso,1 locales adheridos de Supermercado Cardoso,30% reintegro,reintegro,30%,jueves,,,Jueves,Todos los jueves del 03 al 24 de septiembre de 2026.,Tope de compra mensual: Gs. 1.500.000. Tope de reintegro mensual: Gs. 450.000.,,,https://www.bnf.gov.py/uploads/Promocion_Reintegro_Supermercados_2026_SEP_2026_d048e2b720.pdf
2ad84f02943554be-a0fece6b,BNF,Supermercados,Supermercado Cardoso,1 locales adheridos de Supermercado Cardoso,20% reintegro,reintegro,20%,jueves,,,Jueves,Todos los jueves del 03 al 24 de septiembre de 2026.,Tope de compra mensual: Gs. 1.000.000. Tope de reintegro mensual: Gs. 450.000.,,,https://www.bnf.gov.py/uploads/Promocion_Reintegro_Supermercados_2026_SEP_2026_d048e2b720.pdf
2c2244b377fb00b2,BNF,Supermercados,Supermercado Gran Avenida,1 locales adheridos de Supermercado Gran Avenida,30% reintegro,reintegro,30%,jueves,,,Jueves,Todos los jueves del 03 al 24 de septiembre de 2026.,Tope de compra mensual: Gs. 1.500.000. Tope de reintegro mensual: Gs. 450.000.,,,https://www.bnf.gov.py/uploads/Promocion_Reintegro_Supermercados_2026_SEP_2026_d048e2b720.pdf
2c2244b377fb00b2-aee005a2,BNF,Supermercados,Supermercado Gran Avenida,1 locales adheridos de Supermercado Gran Avenida,20% reintegro,reintegro,20%,jueves,,,Jueves,Todos los jueves del 03 al 24 de septiembre de 2026.,Tope de compra mensual: Gs. 1.000.000. Tope de reintegro mensual: Gs. 450.000.,,,https://www.bnf.gov.py/uploads/Promocion_Reintegro_Supermercados_2026_SEP_2026_d048e2b720.pdf
edc2e09dcc09fa0d,BNF,Supermercados,Supermercado La Preferida,1 locales adheridos de Supermercado La Preferida,30% reintegro,reintegro,30%,jueves,,,Jueves,Todos los jueves del 03 al 24 de septiembre de 2026.,Tope de compra mensual: Gs. 1.500.000. Tope de reintegro mensual: Gs. 450.000.,,,https://www.bnf.gov.py/uploads/Promocion_Reintegro_Supermercados_2026_SEP_2026_d048e2b720.pdf
edc2e09dcc09fa0d-4696deb1,BNF,Supermercados,Supermercado La Preferida,1 locales adheridos de Supermercado La Preferida,20% reintegro,reintegro,20%,jueves,,,Jueves,Todos los jueves del 03 al 24 de septiembre de 2026.,Tope de compra mensual: Gs. 1.000.000. Tope de reintegro mensual: Gs. 450.000.,,,https://www.bnf.gov.py/uploads/Promocion_Reintegro_Supermercados_2026_SEP_2026_d048e2b720.pdf
6505c759076807d0,BNF,Supermercados,Supermercado S&M,1 locales adheridos de Supermercado S&M,30% reintegro,reintegro,30%,jueves,,,Jueves,Todos los jueves del 03 al 24 de septiembre de 2026.,Tope de compra mensual: Gs. 1.500.000. Tope de reintegro mensual: Gs. 450.000.,,,https://www.bnf.gov.py/uploads/Promocion_Reintegro_Supermercados_2026_SEP_2026_d048e2b720.pdf
6505c759076807d0-07a98e66,BNF,Supermercados,Supermercado S&M,1 locales adheridos de Supermercado S&M,20% reintegro,reintegro,20%,jueves,,,Jueves,Todos los jueves del 03 al 24 de septiembre de 2026.,Tope de compra mensual: Gs. 1.000.000. Tope de reintegro mensual: Gs. 450.000.,,,https://www.bnf.gov.py/uploads/Promocion_Reintegro_Supermercados_2026_SEP_2026_d048e2b720.pdf
fdf9a517a6437fb7,BNF,Supermercados,Supermercados Gran Vía,4 locales adheridos de Supermercados Gran Vía,30% reintegro,reintegro,30%,jueves,,,Jueves,Todos los jueves del 03 al 24 de septiembre de 2026.,Tope de compra mensual: Gs. 1.500.000. Tope de reintegro mensual: Gs. 450.000.,,,https://www.bnf.gov.py/uploads/Promocion_Reintegro_Supermercados_2026_SEP_2026_d048e2b720.pdf
fdf9a517a6437fb7-cae1d1f1,BNF,Supermercados,Supermercados Gran Vía,4 locales adheridos de Supermercados Gran Vía,20% reintegro,reintegro,20%,jueves,,,Jueves,Todos los jueves del 03 al 24 de septiembre de 2026.,Tope de compra mensual: Gs. 1.000.000. Tope de reintegro mensual: Gs. 450.000.,,,https://www.bnf.gov.py/uploads/Promocion_Reintegro_Supermercados_2026_SEP_2026_d048e2b720.pdf
46782bee3e11fc9f,BNF,Supermercados,Superseis,30 locales adheridos de Superseis,30% reintegro,reintegro,30%,jueves,,,Jueves,Todos los jueves del 03 al 24 de septiembre de 2026.,Tope de compra mensual: Gs. 1.500.000. Tope de reintegro mensual: Gs. 450.000.,,,https://www.bnf.gov.py/uploads/Promocion_Reintegro_Supermercados_2026_SEP_2026_d048e2b720.pdf
46782bee3e11fc9f-fa85f67c,BNF,Supermercados,Superseis,30 locales adheridos de Superseis,20% reintegro,reintegro,20%,jueves,,,Jueves,Todos los jueves del 03 al 24 de septiembre de 2026.,Tope de compra mensual: Gs. 1.000.000. Tope de reintegro mensual: Gs. 450.000.,,,https://www.bnf.gov.py/uploads/Promocion_Reintegro_Supermercados_2026_SEP_2026_d048e2b720.pdf
e06c1deb3702293d,BNF,Supermercados,Superseis Express,9 locales adheridos de Superseis Express,30% reintegro,reintegro,30%,jueves,,,Jueves,Todos los jueves del 03 al 24 de septiembre de 2026.,Tope de compra mensual: Gs. 1.500.000. Tope de reintegro mensual: Gs. 450.000.,,,https://www.bnf.gov.py/uploads/Promocion_Reintegro_Supermercados_2026_SEP_2026_d048e2b720.pdf
e06c1deb3702293d-4c7ce540,BNF,Supermercados,Superseis Express,9 locales adheridos de Superseis Express,20% reintegro,reintegro,20%,jueves,,,Jueves,Todos los jueves del 03 al 24 de septiembre de 2026.,Tope de compra mensual: Gs. 1.000.000. Tope de reintegro mensual: Gs. 450.000.,,,https://www.bnf.gov.py/uploads/Promocion_Reintegro_Supermercados_2026_SEP_2026_d048e2b720.pdf
ecd5d6bc5bd897ee,BNF,Supermercados,Supersies,1 locales adheridos de Supersies,30% reintegro,reintegro,30%,jueves,,,Jueves,Todos los jueves del 03 al 24 de septiembre de 2026.,Tope de compra mensual: Gs. 1.500.000. Tope de reintegro mensual: Gs. 450.000.,,,https://www.bnf.gov.py/uploads/Promocion_Reintegro_Supermercados_2026_SEP_2026_d048e2b720.pdf
ecd5d6bc5bd897ee-ba7bde4a,BNF,Supermercados,Supersies,1 locales adheridos de Supersies,20% reintegro,reintegro,20%,jueves,,,Jueves,Todos los jueves del 03 al 24 de septiembre de 2026.,Tope de compra mensual: Gs. 1.000.000. Tope de reintegro mensual: Gs. 450.000.,,,https://www.bnf.gov.py/uploads/Promocion_Reintegro_Supermercados_2026_SEP_2026_d048e2b720.pdf
dbd3e1316f161392,Continental,Agencias de Viaje y Compañías Aéreas,Agencias de Viaje y Compañías Aéreas,Todo el país,Hasta 12 cuotas sin intereses,cuotas_sin_intereses,,lunes; martes; miércoles; jueves; viernes; sábado; domingo,,,Todos los días,Vigente hasta el 31 de diciembre de 2026,Límite de compra mensual de hasta Gs; Gs. 50.000.000,,,https://www.bancontinental.com.py/api/comercios?_limit=-1
a2cfb5ad3fb7156d,Continental,Agencias de Viaje y Compañías Aéreas,Asatur Paraguay,Todo el país,Hasta 18 cuotas sin intereses,cuotas_sin_intereses,,lunes; martes; miércoles; jueves; viernes; sábado; domingo,,,Todos los días,Vigente hasta el 31 de diciembre de 2026,Límite de compra mensual de hasta Gs; Gs. 50.000.000,,,https://www.bancontinental.com.py/api/comercios?_limit=-1
4c456852f003fe2d,Continental,Agencias de Viaje y Compañías Aéreas,Consolid Travel,Asunción,Hasta 24 cuotas sin intereses,cuotas_sin_intereses,,lunes; martes; miércoles; jueves; viernes; sábado; domingo,,,Todos los días,Vigente hasta el 31 de diciembre del 2026,Límites de compras: - Cuotas sin intereses con límite de compra mensual de Gs; Gs. 50.000.000,,,https://www.bancontinental.com.py/api/comercios?_limit=-1
ffd0af79c3fdea7a,Continental,Agencias de Viaje y Compañías Aéreas,Exel Turismo,Asunción,Hasta 24 cuotas sin intereses,cuotas_sin_intereses,,lunes; martes; miércoles; jueves; viernes; sábado; domingo,,,Todos los días,Vigente hasta el 01 de mayo de 2027,Límite de compra mensual de Gs; Gs. 50.000.000,,,https://www.bancontinental.com.py/api/comercios?_limit=-1
54729daf4a4a53b6,Continental,Agencias de Viaje y Compañías Aéreas,Lleva Viajes,Ciudad del Este,Hasta 18 cuotas sin intereses,cuotas_sin_intereses,,lunes; martes; miércoles; jueves; viernes; sábado; domingo,,,Todos los días,Vigente hasta el 10 de abril del 2027,Límite de compra mensual de hasta Gs; Gs. 50.000.000,,,https://www.bancontinental.com.py/api/comercios?_limit=-1
ddbbf399483a015e,Continental,Agencias de Viaje y Compañías Aéreas,Oce,Asunción,Hasta 24 cuotas sin intereses,cuotas_sin_intereses,,lunes; martes; miércoles; jueves; viernes; sábado; domingo,,,Todos los días,Vigente hasta el 23 de marzo de 2027,Límite de compra mensual de hasta Gs; Gs. 50.000.000,,,https://www.bancontinental.com.py/api/comercios?_limit=-1
638706b63d39a0a0,Continental,Bodegas,Bodega Boutique,Asunción,25% de reintegro; 20% de reintegro,reintegro,25%; 20%,viernes,,,Los viernes,Vigente hasta el 25 de septiembre de 2026,Límite de compra mensual de hasta Gs; Gs. 1.000.000,,,https://www.bancontinental.com.py/api/comercios?_limit=-1
1c74300e664ee48b,Continental,Bodegas,Bodega Duff,No especificado,20% de reintegro,reintegro,20%,viernes,,,los viernes,Vigente hasta el 13 de noviembre del 2026,Límites de compras: - Reintegros con límite de compra semanal de hasta Gs; Gs. 300.000,,,https://www.bancontinental.com.py/api/comercios?_limit=-1
a6688802cc4b46bf,Continental,Bodegas,Moet Hennesy,Asunción,25% de reintegro; 20% de reintegro,reintegro,25%; 20%,sábado,,,Los sábados,Vigente hasta el 14 de agosto de 2027,Límite de compra mensual de hasta Gs; Gs. 2.000.000,,,https://www.bancontinental.com.py/api/comercios?_limit=-1
27c1171e0af98bca,Continental,Caza y Pesca,Asociación Paraguaya de Caza y Pesca,Asunción,Hasta 12 cuotas sin intereses,cuotas_sin_intereses,,lunes; martes; miércoles; jueves; viernes; sábado; domingo,,,Todos los días,Vigente hasta el 14 de agosto de 2027,Límite de compra mensual de hasta Gs; Gs. 50.000.000,,,https://www.bancontinental.com.py/api/comercios?_limit=-1
91b02da57eb943cd,Continental,Caza y Pesca,Chaco Outdoors,No especificado,Hasta 12 cuotas sin intereses,cuotas_sin_intereses,,lunes; martes; miércoles; jueves; viernes; sábado; domingo,,,Todos los días,Vigente hasta el 04 de septiembre de 2027,Límite de compra mensual de hasta Gs; Gs. 50.000.000,,,https://www.bancontinental.com.py/api/comercios?_limit=-1
ed683d928f6181f3,Continental,Clubes,Asunción Tenis Club,Asunción,50%; hasta 24 cuotas sin intereses; 50% de descuento,descuento,50%,lunes; martes; miércoles; jueves; viernes; sábado; domingo,,,Todos los días,Vigente hasta el 25 de diciembre del 2026,Límites de compras: - Cuotas sin intereses con límite de compra mensual de Gs; Gs. 50.000.000,,,https://www.bancontinental.com.py/api/comercios?_limit=-1
1b1f37fd2036f192,Continental,Clubes,San Bernardino Country Club,San Bernardino,Hasta 12 cuotas sin intereses,cuotas_sin_intereses,,lunes; martes; miércoles; jueves; viernes; sábado; domingo,,,Todos los días,Vigente hasta el 16 de julio de 2027,Límite de compra mensual de hasta Gs; Gs. 50.000.000,,,https://www.bancontinental.com.py/api/comercios?_limit=-1
dd1a30d6a2de8e8b,Continental,Construcción,Aceros Gallo,No especificado,Hasta 18 cuotas sin intereses,cuotas_sin_intereses,,lunes; martes; miércoles; jueves; viernes; sábado; domingo,,,Todos los días,Vigente hasta el 26 de marzo de 2027,Límite de compra mensual de hasta Gs; Gs. 50.000.000,,,https://www.bancontinental.com.py/api/comercios?_limit=-1
4c515710a6e881bb,Continental,Construcción,Aquacent,Ciudad del Este,Hasta 12 cuotas sin intereses,cuotas_sin_intereses,,lunes; martes; miércoles; jueves; viernes; sábado; domingo,,,Todos los días,Vigente hasta el 25 de marzo de 2027,Límite de compra mensual de hasta Gs; Gs. 50.000.000,,,https://www.bancontinental.com.py/api/comercios?_limit=-1
649c1b73f604d48d,Continental,Construcción,Bautec,Loma Plata,Hasta 12 cuotas sin intereses,cuotas_sin_intereses,,lunes; martes; miércoles; jueves; viernes; sábado; domingo,,,Todos los días,Vigente desde el 27 de mayo de 2025 hasta el 26 de mayo de 2027,Límite de compra mensual de hasta Gs; Gs. 50.000.000,,,https://www.bancontinental.com.py/api/comercios?_limit=-1
8188adbc6f4144a1,Continental,Construcción,Casa de las Piscinas,No especificado,hasta 12 cuotas sin intereses; 25% de reintegro; 20% de reintegro,reintegro,25%; 20%,lunes; martes; miércoles; jueves; viernes; sábado; domingo,,,todos los días,Vigente hasta el 09 de abril de 2027,Límite de compra mensual de hasta Gs; Límite de compras mensual de Gs; Gs. 5.000.000; Gs. 50.000.000,,,https://www.bancontinental.com.py/api/comercios?_limit=-1
59674a81086a1d5f,Continental,Construcción,Delia Elisa,Caaguazú,Hasta 12 cuotas sin intereses,cuotas_sin_intereses,,lunes; martes; miércoles; jueves; viernes; sábado; domingo,,,Todos los días,Vigente hasta el 06 de agosto de 2027,Límite de compra mensual de hasta Gs; Gs. 50.000.000,,,https://www.bancontinental.com.py/api/comercios?_limit=-1
61e0a7576d1f617f,Continental,Construcción,Electro Paraná,Ciudad del Este,Hasta 12 cuotas sin intereses,cuotas_sin_intereses,,lunes; martes; miércoles; jueves; viernes; sábado; domingo,,,Todos los días,Vigente hasta el 11 de febrero de 2027,Límite de compra mensual de hasta Gs; Gs. 50.000.000,,,https://www.bancontinental.com.py/api/comercios?_limit=-1
789d39600d1812df,Continental,Construcción,Emporio de la Construcción,Asunción,hasta 24 cuotas sin intereses; 30% de descuento,descuento,30%,lunes; martes; miércoles; jueves; viernes; sábado; domingo,,,Todos los días,Vigente hasta el 06 de noviembre de 2026,Límites de compras: - Cuotas sin intereses con límite de compra mensual de Gs; Gs. 50.000.000,,,https://www.bancontinental.com.py/api/comercios?_limit=-1
48a7d0786d00c176,Continental,Construcción,Fermaco,Santa Rita (Alto Paraná),Hasta 12 cuotas sin intereses,cuotas_sin_intereses,,lunes; martes; miércoles; jueves; viernes; sábado; domingo,,,Todos los días,Vigente hasta el 13 de mayo de 2027,Límite de compra mensual de Gs; Gs. 50.000.000,,,https://www.bancontinental.com.py/api/comercios?_limit=-1
df141313c4c1e9d5,Continental,Construcción,Galvamax,Ypané,Hasta 12 cuotas sin intereses,cuotas_sin_intereses,,lunes; martes; miércoles; jueves; viernes; sábado; domingo,,,Todos los días,Vigente hasta el 19 de marzo de 2027,Límite de compra mensual de hasta Gs; Gs. 50.000.000,,,https://www.bancontinental.com.py/api/comercios?_limit=-1
861584cabbc81e46,Continental,Construcción,H. Petersen,Limpio,Hasta 36 cuotas sin intereses,cuotas_sin_intereses,,lunes; martes; miércoles; jueves; viernes; sábado; domingo,,,Todos los días,Vigente hasta el 11 de agosto de 2027,Límite de compra mensual de hasta Gs; Gs. 50.000.000,,,https://www.bancontinental.com.py/api/comercios?_limit=-1
3a8375ae7cd26f82,Continental,Construcción,Ipale,Asunción,Hasta 12 cuotas sin intereses,cuotas_sin_intereses,,lunes; martes; miércoles; jueves; viernes; sábado; domingo,,,Todos los días,Vigente hasta el 26 de septiembre de 2027,Límite de compra mensual de hasta Gs; Gs. 50.000.000,,,https://www.bancontinental.com.py/api/comercios?_limit=-1
0fb0e78c09322155,Continental,Construcción,Konstruir - Kdos Import,Ciudad del Este,Hasta 12 cuotas sin intereses,cuotas_sin_intereses,,lunes; martes; miércoles; jueves; viernes; sábado; domingo,,,Todos los días,Vigente hasta el 24 de marzo de 2027,Límite de compras mensual de hasta Gs; Gs. 50.000.000,,,https://www.bancontinental.com.py/api/comercios?_limit=-1
c474c97a1e92dd35,Continental,Construcción,Mercoeste,No especificado,Hasta 12 cuotas sin intereses,cuotas_sin_intereses,,lunes; martes; miércoles; jueves; viernes; sábado; domingo,,,Todos los días,Vigente desde el 27 de mayo de 2025 hasta el 26 de mayo de 2027,Límite de compra mensual de hasta Gs; Gs. 50.000.000,,,https://www.bancontinental.com.py/api/comercios?_limit=-1
9573f2b9fe6919d3,Continental,Construcción,Ogara Construcciones,Encarnación,20% de reintegro,reintegro,20%,lunes; martes; miércoles; jueves; viernes; sábado; domingo,,,todos los días,Vigente hasta el 08 de abril de 2027,Límite de compra mensual de hasta Gs; Límite de compra mensual de Gs; Gs. 5.000.000; Gs. 50.000.000,,,https://www.bancontinental.com.py/api/comercios?_limit=-1
ecf1e20134c20b0b,Continental,Construcción,PY Vidrios,Nueva Esperanza (Canindeyú),Hasta 12 cuotas sin intereses,cuotas_sin_intereses,,lunes; martes; miércoles; jueves; viernes; sábado; domingo,,,Todos los días,Vigente hasta el 24 de julio de 2027,Límite de compra mensual de hasta Gs; Gs. 50.000.000,,,https://www.bancontinental.com.py/api/comercios?_limit=-1
1e95101dec13a9eb,Continental,Construcción,Pandolfo,Todo el país,Hasta 12 cuotas sin intereses,cuotas_sin_intereses,,lunes; martes; miércoles; jueves; viernes; sábado; domingo,,,Todos los días,Vigente hasta el 03 de marzo de 2027,Límite de compras mensual de hasta Gs; Gs. 50.000.000,,,https://www.bancontinental.com.py/api/comercios?_limit=-1
c7c03319271d61cf,Continental,Construcción,Petersen,No especificado,20%; Hasta 12 cuotas sin intereses; 20% de reintegro,reintegro,20%,lunes; martes; miércoles; jueves; viernes; sábado; domingo,,,todos los días,Vigente hasta el 29 de enero de 2027,Límite de compra mensual de hasta Gs; Gs. 500.000; Gs. 50.000.000,,,https://www.bancontinental.com.py/api/comercios?_limit=-1
dd34697835bdff48,Continental,Construcción,Proyec S.A.E,Asunción,Hasta 12 cuotas sin intereses,cuotas_sin_intereses,,lunes; martes; miércoles; jueves; viernes; sábado; domingo,,,Todos los días,Vigente hasta el 13 de octubre de 2026,Límite de compra mensual de hasta Gs; Gs. 50.000.000,,,https://www.bancontinental.com.py/api/comercios?_limit=-1
904f2754f65b9180,Continental,Construcción,Rackpar,Ypané,Hasta 12 cuotas sin intereses,cuotas_sin_intereses,,lunes; martes; miércoles; jueves; viernes; sábado; domingo,,,Todos los días,Vigente hasta el 19 de marzo de 2027,Límite de compra mensual de hasta Gs; Gs. 50.000.000,,,https://www.bancontinental.com.py/api/comercios?_limit=-1
ee161875b2561065,Continental,Construcción,Universo Emprendimientos,Pedro Juan Caballero,Hasta 12 cuotas sin intereses,cuotas_sin_intereses,,lunes; martes; miércoles; jueves; viernes; sábado; domingo,,,Todos los días,Vigente hasta el 03 de diciembre de 2026,Límite de compra mensual de hasta Gs; Gs. 50.000.000,,,https://www.bancontinental.com.py/api/comercios?_limit=-1
ece9e6d15166dced,Continental,Contimarket,Contimarket - 50%,Todo el país,25%; Hasta 12 cuotas sin intereses; 25% de reintegro,reintegro,25%,lunes; martes; miércoles; jueves; viernes; sábado; domingo,,,todos los días,Vigente hasta el 31 de diciembre de 2026,Límite de compra mensual de hasta Gs; Gs. 1.000.000; Gs. 50.000.000,,,https://www.bancontinental.com.py/api/comercios?_limit=-1
f781ac3004b9b700,Continental,Contimarket,Contimarket.com,Todo el país,Hasta 12 cuotas sin intereses,cuotas_sin_intereses,,lunes; martes; miércoles; jueves; viernes; sábado; domingo,,,Todos los días,Vigente hasta el 31 de diciembre de 2026,Límite de compra mensual de hasta Gs; Gs. 50.000.000,,,https://www.bancontinental.com.py/api/comercios?_limit=-1
93d73a606679f157,Continental,Deportes,Avant Padel,Curuguaty,Hasta 12 cuotas sin intereses,cuotas_sin_intereses,,lunes; martes; miércoles; jueves; viernes; sábado; domingo,,,Todos los días,Vigente hasta el 14 de abril de 2027,Límite de compra mensual de hasta Gs; Gs. 50.000.000,,,https://www.bancontinental.com.py/api/comercios?_limit=-1
678f79a075f7aff4,Continental,Deportes,Bigg,Asunción,20% de reintegro,reintegro,20%,,,,No especificado,Vigente hasta el 19 de noviembre de 2026,Límite de compra mensual de hasta Gs; Gs. 500.000,,,https://www.bancontinental.com.py/api/comercios?_limit=-1
f36a0cd3110b1a5b,Continental,Deportes,Complejo Rotela,Ma. Auxiliadora (Itapúa),20% de reintegro,reintegro,20%,viernes,,,los viernes,Vigente hasta el 26 de febrero del 2027,Límite de compra mensual de hasta Gs; Gs. 1.000.000,,,https://www.bancontinental.com.py/api/comercios?_limit=-1
c98a9ddc5ebef2fc,Continental,Deportes,Cumana Yoga & Soul Gym,Asunción,Hasta 18 cuotas sin intereses,cuotas_sin_intereses,,lunes; martes; miércoles; jueves; viernes; sábado; domingo,,,Todos los días,Vigente hasta el 03 de octubre del 2026,Límites de compras: - Cuotas sin intereses con límite de compra mensual de Gs; Gs. 50.000.000,,,https://www.bancontinental.com.py/api/comercios?_limit=-1
d76e10714ecf112d,Continental,Deportes,DT Básquet,Asunción,Hasta 12 cuotas sin intereses,cuotas_sin_intereses,,lunes; martes; miércoles; jueves; viernes; sábado; domingo,,,Todos los días,Vigente hasta el 19 de febrero de 2027,Límite de compra mensual de hasta Gs; Gs. 50.000.000,,,https://www.bancontinental.com.py/api/comercios?_limit=-1
578212e500d95f89,Continental,Deportes,Javi Deportes,Encarnación,20% de reintegro,reintegro,20%,jueves,,,los jueves,Vigente hasta el 18 de marzo de 2027,Límite de compra mensual de hasta Gs; Gs. 1.000.000,,,https://www.bancontinental.com.py/api/comercios?_limit=-1
6de4a62d3833c69d,Continental,Deportes,Renova Padel,Ciudad del Este,20%; Hasta 12 cuotas sin intereses; 25% de reintegro; 20% de reintegro,reintegro,20%; 25%,lunes; martes; miércoles; jueves; viernes; sábado; domingo,,,todos los días,Vigente hasta el 28 de mayo de 2027,Límite de compras de Gs; Límite de compra de hasta Gs; Gs. 2.000.000; Gs. 50.000.000,,,https://www.bancontinental.com.py/api/comercios?_limit=-1
30f5f41e88f91976,Continental,Deportes,Sport Cesped,Asunción,Hasta 18 cuotas sin intereses,cuotas_sin_intereses,,lunes; martes; miércoles; jueves; viernes; sábado; domingo,,,Todos los días,Vigente hasta el 28 de agosto de 2027,Límite de compra mensual de hasta Gs; Gs. 50.000.000,,,https://www.bancontinental.com.py/api/comercios?_limit=-1
12dc43789e7ec6c3,Continental,Deportes,Tienda Padel,Fernando de la Mora,20%; hasta 6 cuotas sin intereses; 20% de reintegro,reintegro,20%,lunes; martes; miércoles; jueves; viernes; sábado; domingo,,,todos los días,Vigente hasta el 08 de abril de 2027,Límite de compra mensual de hasta Gs; Gs. 2.000.000; Gs. 50.000.000,,,https://www.bancontinental.com.py/api/comercios?_limit=-1
ea7ddcff1e41049a,Continental,Deportes,Tienda Pádel Point,Asunción,20% de reintegro,reintegro,20%,jueves,,,Los jueves,Vigente hasta el 26 de agosto de 2027,Límite de compra de mensual de hasta Gs; Gs. 1.000.000,,,https://www.bancontinental.com.py/api/comercios?_limit=-1
f6748e7507bca66e,Continental,Educación,Centros educativos del país,Todo el país,Hasta 12 cuotas sin intereses,cuotas_sin_intereses,,lunes; martes; miércoles; jueves; viernes; sábado; domingo,,,Todos los días,Vigente hasta el 06 de agosto de 2027,Límite de compra mensual de hasta Gs; Gs. 50.000.000,,,https://www.bancontinental.com.py/api/comercios?_limit=-1
cf87e5bc4660e379,Continental,Educación,Infobanc S.A,Nueva Esperanza (Canindeyú),Hasta 12 cuotas sin intereses,cuotas_sin_intereses,,lunes; martes; miércoles; jueves; viernes; sábado; domingo,,,Todos los días,Vigente hasta el 04 de diciembre del 2026,Límites de compras: - Cuotas sin intereses con límite de compra mensual de Gs; Gs. 50.000.000,,,https://www.bancontinental.com.py/api/comercios?_limit=-1
c64b8700b06eb392,Continental,Educación,One 2 One,Asunción,20%; Hasta 12 cuotas sin intereses; 20% de descuento; 15% de descuento,descuento,20%; 15%,lunes; martes; miércoles; jueves; viernes; sábado; domingo,,,Todos los días,Vigente hasta el 09 de abril de 2027,Límite de compra mensual de hasta Gs; Gs. 50.000.000,,,https://www.bancontinental.com.py/api/comercios?_limit=-1
ddb8ff6c6c63efe4,Continental,Electrónica,AG - Multiventas,Caaguazú,Hasta 12 cuotas sin intereses,cuotas_sin_intereses,,lunes; martes; miércoles; jueves; viernes; sábado; domingo,,,Todos los días,Vigente hasta el 29 de agosto de 2027,Límite de compra mensual de hasta Gs; Gs. 50.000.000,,,https://www.bancontinental.com.py/api/comercios?_limit=-1
3411cca051aac3a0,Continental,Electrónica,America Shop,No especificado,Hasta 24 cuotas sin intereses,cuotas_sin_intereses,,lunes; martes; miércoles; jueves; viernes; sábado; domingo,,,Todos los días,Vigente hasta el 11 de junio de 2027,Límite de compra mensual de hasta Gs; Gs. 50.000.000,,,https://www.bancontinental.com.py/api/comercios?_limit=-1
6b4ca1264186c72f,Continental,Electrónica,Art Electric,San Estanislao,Hasta 12 cuotas sin intereses,cuotas_sin_intereses,,lunes; martes; miércoles; jueves; viernes; sábado; domingo,,,Todos los días,Vigente hasta el 02 de abril de 2027,Límite de compra mensual de Gs; Gs. 50.000.000,,,https://www.bancontinental.com.py/api/comercios?_limit=-1
496b7481d2894476,Continental,Electrónica,Avanza,No especificado,Hasta 12 cuotas sin intereses,cuotas_sin_intereses,,lunes; martes; miércoles; jueves; viernes; sábado; domingo,,,Todos los días,"Vigente hasta el 09 de marzo de 2027 Aplica únicamente para compras o pagos presenciales, vía POS físico",Límite de compra mensual de hasta Gs; Gs. 50.000.000,,,https://www.bancontinental.com.py/api/comercios?_limit=-1
140922ea257563d8,Continental,Electrónica,Cecotec,Asunción,Hasta 18 cuotas sin intereses,cuotas_sin_intereses,,lunes; martes; miércoles; jueves; viernes; sábado; domingo,,,Todos los días,Vigente hasta el 05 de mayo de 2027,Límite de compra mensual de Gs; Gs. 50.000.000,,,https://www.bancontinental.com.py/api/comercios?_limit=-1
2d3c0e786fe5817d,Continental,Electrónica,Celexx,Mariano Roque Alonso,Hasta 18 cuotas sin intereses,cuotas_sin_intereses,,lunes; martes; miércoles; jueves; viernes; sábado; domingo,,,Todos los días,Vigente hasta el 24 de agosto de 2027,Límite de compra mensual de hasta Gs; Gs. 50.000.000,,,https://www.bancontinental.com.py/api/comercios?_limit=-1
43c878df02e24352,Continental,Electrónica,Cellcomp,Naranjal,Hasta 12 cuotas sin intereses,cuotas_sin_intereses,,lunes; martes; miércoles; jueves; viernes; sábado; domingo,,,Todos los días,Vigente hasta el 08 de marzo de 2027,Límite de compra mensual de hasta Gs; Gs. 50.000.000,,,https://www.bancontinental.com.py/api/comercios?_limit=-1
f0caf74a5aadb0b0,Continental,Electrónica,Centauri Smart House,Ayolas - Misiones,15% de reintegro,reintegro,15%,jueves,,,los jueves,Vigente hasta el 15 de octubre del 2026,Límites de compras: - Reintegros con límite de compra mensual de hasta Gs; Gs. 2.000.000,,,https://www.bancontinental.com.py/api/comercios?_limit=-1
30fb585a33a32f1e,Continental,Electrónica,Choice,Ciudad del Este,Hasta 12 cuotas sin intereses,cuotas_sin_intereses,,lunes; martes; miércoles; jueves; viernes; sábado; domingo,,,Todos los días,Vigente hasta el 11 de julio de 2027,Límite de compra mensual de hasta Gs; Gs. 50.000.000,,,https://www.bancontinental.com.py/api/comercios?_limit=-1
641c025f9eb7873f,Continental,Electrónica,Compu shop,No especificado,Hasta 12 cuotas sin intereses,cuotas_sin_intereses,,lunes; martes; miércoles; jueves; viernes; sábado; domingo,,,Todos los días,Vigente hasta el 17 de noviembre del 2026,Límites de compras: - Cuotas sin intereses con límite de compra mensual de Gs; Gs. 50.000.000,,,https://www.bancontinental.com.py/api/comercios?_limit=-1
aae40f5c9a2a4f47,Continental,Electrónica,Creativa - Informática & Papelería,Naranjal,Hasta 12 cuotas sin intereses,cuotas_sin_intereses,,lunes; martes; miércoles; jueves; viernes; sábado; domingo,,,Todos los días,Vigente hasta el 09 de diciembre de 2026,Límite de compra mensual de hasta Gs; Gs. 50.000.000,,,https://www.bancontinental.com.py/api/comercios?_limit=-1
3729791356bbc7b2,Continental,Electrónica,Creditop,No especificado,Hasta 12 cuotas sin intereses,cuotas_sin_intereses,,lunes; martes; miércoles; jueves; viernes; sábado; domingo,,,Todos los días,Vigente hasta el 15 de junio de 2027,Límite de compra mensual de hasta Gs; Gs. 50.000.000,,,https://www.bancontinental.com.py/api/comercios?_limit=-1
d9693c1e514d5c26,Continental,Electrónica,Dark Tech,Nueva Esperanza (Canindeyú),Hasta 12 cuotas sin intereses,cuotas_sin_intereses,,lunes; martes; miércoles; jueves; viernes; sábado; domingo,,,Todos los días,"Vigente hasta el 14 de octubre de 2026 (*) No participan las tarjetas Pre-Pagas, Gourmet Card ni Cabal",Límites de compras: - Cuotas sin intereses con límite de compra mensual de Gs; Gs. 50.000.000,,,https://www.bancontinental.com.py/api/comercios?_limit=-1
75de31bddc14378e,Continental,Electrónica,Don Negro Comercial,Asunción,Hasta 12 cuotas sin intereses,cuotas_sin_intereses,,lunes; martes; miércoles; jueves; viernes; sábado; domingo,,,Todos los días,Vigente hasta el 30 de abril de 2027,Límite de compra mensual de Gs; Gs. 50.000.000,,,https://www.bancontinental.com.py/api/comercios?_limit=-1
8cf92c85d5a98a05,Continental,Electrónica,Electrik Cell,Katueté (Canindeyú),Hasta 12 cuotas sin intereses,cuotas_sin_intereses,,lunes; martes; miércoles; jueves; viernes; sábado; domingo,,,Todos los días,Vigente hasta el 19 de agosto de 2027,Límite de compra mensual de hasta Gs; Gs. 50.000.000,,,https://www.bancontinental.com.py/api/comercios?_limit=-1
109c3493f3d498ed,Continental,Electrónica,Electro 10,Katueté (Canindeyú),Hasta 12 cuotas sin intereses,cuotas_sin_intereses,,lunes; martes; miércoles; jueves; viernes; sábado; domingo,,,Todos los días,Vigente hasta el 27 de febrero de 2027,Límite de compras mensual de hasta Gs; Gs. 50.000.000,,,https://www.bancontinental.com.py/api/comercios?_limit=-1
49a9b4cb7a075742,Continental,Electrónica,Electromax,No especificado,Hasta 12 cuotas sin intereses,cuotas_sin_intereses,,lunes; martes; miércoles; jueves; viernes; sábado; domingo,,,Todos los días,Vigente hasta el 12 de septiembre de 2027,Límite de compra mensual de hasta Gs; Gs. 50.000.000,,,https://www.bancontinental.com.py/api/comercios?_limit=-1
7be734a4cb712c07,Continental,Electrónica,Ferbotec,Coronel Oviedo,Hasta 12 cuotas sin intereses,cuotas_sin_intereses,,lunes; martes; miércoles; jueves; viernes; sábado; domingo,,,Todos los días,Vigente hasta el 22 de abril de 2027,Límite de compra mensual de Gs; Gs. 50.000.000,,,https://www.bancontinental.com.py/api/comercios?_limit=-1
53240fce200c20ad,Continental,Electrónica,Gadget,Bella Vista Sur,Hasta 18 cuotas sin intereses,cuotas_sin_intereses,,lunes; martes; miércoles; jueves; viernes; sábado; domingo,,,Todos los días,Vigente hasta el 09 de septiembre de 2027,Límite de compra mensual de hasta Gs; Gs. 50.000.000,,,https://www.bancontinental.com.py/api/comercios?_limit=-1
84cbdedc3ef6ae1d,Continental,Electrónica,Iphone Boutique,Asunción,Hasta 12 cuotas sin intereses,cuotas_sin_intereses,,lunes; martes; miércoles; jueves; viernes; sábado; domingo,,,Todos los días,Vigente hasta el 07 de marzo de 2027,Límite de compra mensual de hasta Gs; Gs. 50.000.000,,,https://www.bancontinental.com.py/api/comercios?_limit=-1
6c4afba71aa83f37,Continental,Electrónica,LG Importados,Salto del Guairá,Hasta 12 cuotas sin intereses,cuotas_sin_intereses,,lunes; martes; miércoles; jueves; viernes; sábado; domingo,,,Todos los días,Vigente hasta el 09 de marzo de 2027,Límite de compra mensual de hasta Gs; Gs. 50.000.000,,,https://www.bancontinental.com.py/api/comercios?_limit=-1
fca2dfb3faf6a44f,Continental,Electrónica,Mac Store,Asunción,Hasta 12 cuotas sin intereses,cuotas_sin_intereses,,lunes; martes; miércoles; jueves; viernes; sábado; domingo,,,Todos los días,Vigente hasta el 25 de mayo de 2027,Límite de compra mensual de hasta Gs; Gs. 50.000.000,,,https://www.bancontinental.com.py/api/comercios?_limit=-1
221507fd784b91cb,Continental,Electrónica,Madrid Center,Ciudad del Este,Hasta 12 cuotas sin intereses,cuotas_sin_intereses,,lunes; martes; miércoles; jueves; viernes; sábado; domingo,,,Todos los días,Vigente hasta el 06 de noviembre del 2026,Límites de compras: - Cuotas sin intereses con límite de compra mensual de Gs; Gs. 50.000.000,,,https://www.bancontinental.com.py/api/comercios?_limit=-1
f3d671bb8b497f44,Continental,Electrónica,Mega Electrónicos - Importadora Americas,Ciudad del Este,Hasta 24 cuotas sin intereses,cuotas_sin_intereses,,lunes; martes; miércoles; jueves; viernes; sábado; domingo,,,Todos los días,Vigente hasta el 25 de agosto del 2027,Límite de compra mensual de hasta Gs; Gs. 50.000.000,,,https://www.bancontinental.com.py/api/comercios?_limit=-1
ac8e5c6a772f60e8,Continental,Electrónica,Microlider,Asunción,Hasta 12 cuotas sin intereses,cuotas_sin_intereses,,lunes; martes; miércoles; jueves; viernes; sábado; domingo,,,Todos los días,Vigente hasta el 28 de mayo de 2027,Límite de compra de hasta Gs; Gs. 50.000.000,,,https://www.bancontinental.com.py/api/comercios?_limit=-1
6f17579bd2476690,Continental,Electrónica,Minishopp,Concepción,Hasta 12 cuotas sin intereses,cuotas_sin_intereses,,lunes; martes; miércoles; jueves; viernes; sábado; domingo,,,Todos los días,"Vigente hasta el 10 de abril del 2027 ---------- (*) No participan las tarjetas Pre Pagas, Gourmet Card ni Cabal",Límite de compra mensual de Gs; Gs. 50.000.000,,,https://www.bancontinental.com.py/api/comercios?_limit=-1
5648fcafe049e2b9,Continental,Electrónica,Movil.com,Coronel Oviedo,Hasta 12 cuotas sin intereses,cuotas_sin_intereses,,lunes; martes; miércoles; jueves; viernes; sábado; domingo,,,Todos los días,Vigente hasta el 07 de noviembre del 2026,Límites de compras: - Cuotas sin intereses con límite de compra mensual de Gs; Gs. 50.000.000,,,https://www.bancontinental.com.py/api/comercios?_limit=-1
1dceb0d27635f7ae,Continental,Electrónica,Naila Center (Hachen Hermanos),Encarnación,Hasta 12 cuotas sin intereses,cuotas_sin_intereses,,lunes; martes; miércoles; jueves; viernes; sábado; domingo,,,Todos los días,Vigente hasta el 16 de marzo de 2027,Límite de compra mensual de hasta Gs; Gs. 50.000.000,,,https://www.bancontinental.com.py/api/comercios?_limit=-1
1f5d0a6ffda70917,Continental,Electrónica,New Libano Electronics,Encarnación,Hasta 12 cuotas sin intereses,cuotas_sin_intereses,,lunes; martes; miércoles; jueves; viernes; sábado; domingo,,,Todos los días,Vigente hasta el 10 de mayo de 2027,Límite de compra mensual de Gs; Gs. 50.000.000,,,https://www.bancontinental.com.py/api/comercios?_limit=-1
596130213dd0abbf,Continental,Electrónica,Nissei,No especificado,Hasta 12 cuotas sin intereses,cuotas_sin_intereses,,lunes; martes; miércoles; jueves; viernes; sábado; domingo,,,Todos los días,Vigente hasta el 31 de diciembre del 2026,Límites de compras: - Cuotas sin intereses con límite de compra mensual de Gs; Gs. 50.000.000,,,https://www.bancontinental.com.py/api/comercios?_limit=-1
0ffa37abd7be7d93,Continental,Electrónica,Parana Electronicos,No especificado,Hasta 18 cuotas sin intereses,cuotas_sin_intereses,,lunes; martes; miércoles; jueves; viernes; sábado; domingo,,,Todos los días,Vigente hasta el 10 de noviembre del 2026,Límites de compras: - Cuotas sin intereses con límite de compra mensual de Gs; Gs. 50.000.000,,,https://www.bancontinental.com.py/api/comercios?_limit=-1
7d53fb211e9e6162,Continental,Electrónica,Premier Electronics,Asunción,Hasta 18 cuotas sin intereses,cuotas_sin_intereses,,lunes; martes; miércoles; jueves; viernes; sábado; domingo,,,Todos los días,Vigente hasta el 17 de septiembre de 2027,Límite de compra mensual de hasta Gs; Gs. 50.000.000,,,https://www.bancontinental.com.py/api/comercios?_limit=-1
905a8849b145ae2a,Continental,Electrónica,Prime Shop,Ciudad del Este,Hasta 12 cuotas sin intereses,cuotas_sin_intereses,,lunes; martes; miércoles; jueves; viernes; sábado; domingo,,,Todos los días,Vigente hasta el 08 de julio de 2027,Límite de compra de hasta Gs; Gs. 50.000.000,,,https://www.bancontinental.com.py/api/comercios?_limit=-1
b0b175f08655e125,Continental,Electrónica,Shopping City,Encarnación,20% de reintegro,reintegro,20%,jueves,,,los jueves,Vigente hasta el 29 de abril del 2027,Límite de compras mensual de Gs; Gs. 2.000.000,,,https://www.bancontinental.com.py/api/comercios?_limit=-1
d646ca28116eaefc,Continental,Electrónica,Tecnostore,Asunción,Hasta 12 cuotas sin intereses,cuotas_sin_intereses,,lunes; martes; miércoles; jueves; viernes; sábado; domingo,,,Todos los días,Vigente hasta el 24 de junio de 2027,Límite de compra mensual de hasta Gs; Gs. 50.000.000,,,https://www.bancontinental.com.py/api/comercios?_limit=-1
46634d695b95a63e,Continental,Electrónica,Visuar,Asunción,Hasta 12 cuotas sin intereses,cuotas_sin_intereses,,lunes; martes; miércoles; jueves; viernes; sábado; domingo,,,Todos los días,Vigente hasta el 30 de julio de 2027,Límite de compra mensual de hasta Gs; Gs. 50.000.000,,,https://www.bancontinental.com.py/api/comercios?_limit=-1
1fdee8f273385f23,Continental,Estaciones de Servicios,Compasa,Todo el país,20% de reintegro,reintegro,20%,viernes,,,Los viernes,Vigente hasta el 17 de septiembre de 2027,Límite de compra semanal de hasta Gs; Gs. 500.000,,,https://www.bancontinental.com.py/api/comercios?_limit=-1
39813547af091893,Continental,Estaciones de Servicios,Copetrol,Todo el país,25% de reintegro; 20% de reintegro,reintegro,25%; 20%,viernes,,,Los viernes,Vigente hasta el 02 de octubre de 2026,Límite de compra semanal de hasta Gs; Gs. 500.000,,,https://www.bancontinental.com.py/api/comercios?_limit=-1
b16921d914e3735b,Continental,Estaciones de Servicios,ECOP,No especificado,15% de reintegro,reintegro,15%,viernes,,,los viernes,Vigente hasta el 06 de diciembre del 2026,Límites de compras: - Reintegros con límite de compra semanal de Gs; Gs. 500.000,,,https://www.bancontinental.com.py/api/comercios?_limit=-1
eb843f74c4a4ed54,Continental,Estaciones de Servicios,Enercon - Estaciones de Servicio,No especificado,20% de reintegro,reintegro,20%,viernes,,,los viernes,Vigente hasta el 19 de marzo de 2027,Límite de compra semanal de Gs; Gs. 500.000,,,https://www.bancontinental.com.py/api/comercios?_limit=-1
cce9eaf28783c4c4,Continental,Estaciones de Servicios,Energy,No especificado,20% de reintegro; 25% de reintegro,reintegro,20%; 25%,viernes,,,los viernes,Vigente hasta el 12 de marzo de 2027,Límite de compra semanal de hasta Gs; Gs. 500.000,,,https://www.bancontinental.com.py/api/comercios?_limit=-1
8b68003853e32596,Continental,Estaciones de Servicios,Grupo Laso - Estaciones de Servicio,No especificado,10% de reintegro,reintegro,10%,viernes,,,Los viernes,Vigente hasta el 06 de agosto de 2027,Límite de compra semanal de hasta Gs; Gs. 500.000,,,https://www.bancontinental.com.py/api/comercios?_limit=-1
25faf5f395aee37b,Continental,Estaciones de Servicios,HN - Petróleos,No especificado,20% de reintegro,reintegro,20%,viernes,,,los viernes,Vigente hasta el 23 de abril de 2027,Límite de compra semanal de Gs; Gs. 500.000,,,https://www.bancontinental.com.py/api/comercios?_limit=-1
a4535180277e226e,Continental,Estaciones de Servicios,Petrobras,No especificado,20%; 25% de reintegro; 20% de reintegro,reintegro,20%; 25%,viernes,,,Los viernes,Vigente hasta el 10 de septiembre de 2027,Límite de compra semanal de hasta Gs; Gs. 500.000,,,https://www.bancontinental.com.py/api/comercios?_limit=-1
1342c43e226a7553,Continental,Estaciones de Servicios,Petrobras - Privilege,No especificado,25% de reintegro,reintegro,25%,viernes,,,los viernes,Vigente hasta el 10 de septiembre de 2027,Límite de compra semanal de hasta Gs; Gs. 500.000,,,https://www.bancontinental.com.py/api/comercios?_limit=-1
a18d27d8958a6e5d,Continental,Estaciones de Servicios,Petrochaco,Todo el país,20% de reintegro,reintegro,20%,viernes,,,Los viernes,Vigente hasta el 20 de noviembre de 2026,Límite de compra semanal de hasta Gs; Gs. 500.000,,,https://www.bancontinental.com.py/api/comercios?_limit=-1
03ed7773b8f2c38d,Continental,Estaciones de Servicios,Petromax,Todo el país,20% de reintegro,reintegro,20%,viernes,,,los viernes,Vigente hasta 25 de septiembre del 2026,Límite de compra semanal de Gs; Gs. 500.000,,,https://www.bancontinental.com.py/api/comercios?_limit=-1
9f33aa1fd51663cd,Continental,Estaciones de Servicios,Petropar - Curuguaty,Curuguaty,10% de reintegro,reintegro,10%,viernes,,,los viernes,Vigente hasta el 29 de enero de 2027,Límite de compra semanal de hasta Gs; Gs. 500.000,,,https://www.bancontinental.com.py/api/comercios?_limit=-1
2230a1f433c6946f,Continental,Estaciones de Servicios,Petrosur,Todo el país,20% de reintegro,reintegro,20%,viernes,,,Los viernes,Vigente hasta el 13 de noviembre de 2026,Límite de compra semanal de hasta Gs; Gs. 500.000,,,https://www.bancontinental.com.py/api/comercios?_limit=-1
3714f91394a2a036,Continental,Estaciones de Servicios,Puma Energy,No especificado,15% de reintegro,reintegro,15%,viernes,,,los viernes,Vigente hasta el 30 de abril del 2027,Límite de compra semanal de hasta Gs; Gs. 500.000,,,https://www.bancontinental.com.py/api/comercios?_limit=-1
86190e0684c15e6a,Continental,Estaciones de Servicios,Ultra Estaciones de Servicio,No especificado,10% de reintegro,reintegro,10%,viernes,,,Los viernes,Vigente hasta el 09 de abril de 2027,Límite de compra semanal de hasta Gs; Gs. 500.000,,,https://www.bancontinental.com.py/api/comercios?_limit=-1
e480857a299403a0,Continental,Estudios Jurídicos,RM & Asociados S.A,Asunción,Hasta 12 cuotas sin intereses,cuotas_sin_intereses,,lunes; martes; miércoles; jueves; viernes; sábado; domingo,,,Todos los días,Vigente hasta el 15 de julio de 2027,Límite de compra mensual de hasta Gs; Gs. 50.000.000,,,https://www.bancontinental.com.py/api/comercios?_limit=-1
8b4aa53aeea71af0,Continental,Eventos,Teko Park,Encarnación,10%; Hasta 12 cuotas sin intereses,cuotas_sin_intereses,10%,lunes; martes; miércoles; jueves; viernes; sábado; domingo,,,todos los días,Vigente hasta el 24 de julio de 2027,Límite de compra mensual de hasta Gs; Gs. 50.000.000,,,https://www.bancontinental.com.py/api/comercios?_limit=-1
eb8d4d0c7f39fa64,Continental,Farmacias y Perfumerías,Biggie Farma,No especificado,30%; 10% de reintegro; 20% de reintegro; 20% de descuento,reintegro,30%; 10%; 20%,martes,,,los martes,Vigente hasta el 29 de septiembre del 2026,Límites de compras: - Reintegros con límite de compra semanal de hasta Gs; Gs. 500.000,,,https://www.bancontinental.com.py/api/comercios?_limit=-1
3680acd5686f26b7,Continental,Farmacias y Perfumerías,Drugstore - Asismed,Asunción,10% de reintegro; 32% de descuento; 17% de descuento,reintegro,10%; 32%; 17%,martes,,,Los martes,Vigente hasta el 29 de junio de 2027,Límite de compra semanal de hasta Gs; Gs. 500.000,,,https://www.bancontinental.com.py/api/comercios?_limit=-1
ffe70ac8df9ea760,Continental,Farmacias y Perfumerías,Farma Lorena,Concepción,20% de reintegro,reintegro,20%,martes,,,Los martes,Vigente hasta el 12 de agosto de 2027,Límite de compra semanal de hasta Gs; Gs. 500.000,,,https://www.bancontinental.com.py/api/comercios?_limit=-1
744d4a470bcbad68,Continental,Farmacias y Perfumerías,Farma San Juan,San Juan Bautista,Hasta 12 cuotas sin intereses,cuotas_sin_intereses,,lunes; martes; miércoles; jueves; viernes; sábado; domingo,,,Todos los días,Vigente hasta el 10 de agosto de 2027,Límite de compra mensual de hasta Gs; Gs. 50.000.000,,,https://www.bancontinental.com.py/api/comercios?_limit=-1
223ca085023c1add,Continental,Farmacias y Perfumerías,FarmaInternacional - Grupo Guide,Luque,35%; Hasta 12 cuotas sin intereses; 10% de reintegro; 25% de descuento,reintegro,35%; 10%; 25%,lunes; martes; miércoles; jueves; viernes; sábado; domingo,,,todos los días,Vigente hasta el 01 de junio de 2027,Límite de compra semanal de hasta Gs; Límite de compra mensual de hasta Gs; Gs. 500.000; Gs. 50.000.000,,,https://www.bancontinental.com.py/api/comercios?_limit=-1
cba2fcd2da336291,Continental,Farmacias y Perfumerías,Farmacenter,Todo el país,35%; Hasta 3 cuotas sin intereses; 15% de reintegro; 20% de descuento; 15% de descuento,reintegro,35%; 15%; 20%,miércoles,,,los miércoles,Vigente hasta el 31 de diciembre de 2026,Límite de compra semanal de hasta Gs; Límite de compra mensual de hasta Gs; Gs. 600.000; Gs. 50.000.000,,,https://www.bancontinental.com.py/api/comercios?_limit=-1
3ac12a628190a1dd,Continental,Farmacias y Perfumerías,Farmacia - Sanatorio Alemán,"Obligado, Itapúa",20% de reintegro,reintegro,20%,martes,,,Los martes,Vigente hasta el 28 de septiembre de 2027,Límite de compra semanal de hasta Gs; Gs. 500.000,,,https://www.bancontinental.com.py/api/comercios?_limit=-1
b1681a6e03a8bbcc,Continental,Farmacias y Perfumerías,Farmacia Acuario,Capitán Meza,20% de reintegro,reintegro,20%,martes,,,Los martes,Vigente hasta el 31 de diciembre de 2026,Límite de compra semanal de hasta Gs; Gs. 500.000,,,https://www.bancontinental.com.py/api/comercios?_limit=-1
74a77b721494b8db,Continental,Farmacias y Perfumerías,Farmacia Americana,No especificado,40%; hasta 6 cuotas sin intereses; 15% de reintegro; 40% de descuento,reintegro,40%; 15%,lunes; martes; miércoles; jueves; viernes; sábado; domingo,,,todos los días,Vigente hasta el 26 de enero 2027,Limite de compra mensual de hasta Gs; límite de compra mensual de Gs; Gs. 500.000; Gs. 50.000.000,,,https://www.bancontinental.com.py/api/comercios?_limit=-1
31732e43ba38db4d,Continental,Farmacias y Perfumerías,Farmacia Bertochi,San Cristóbal (Alto Paraná),20% de reintegro,reintegro,20%,martes,,,Los martes,Vigente hasta el 24 de febrero de 2027,Límite de compra semanal de hasta Gs; Gs. 500.000,,,https://www.bancontinental.com.py/api/comercios?_limit=-1
4d89fb48bdbb13bb,Continental,Farmacias y Perfumerías,Farmacia Ivan,Col. Independencia,30% de reintegro,reintegro,30%,martes,,,Los martes,Vigente hasta el 03 de agosto de 2027,Límite de compra semanal de hasta Gs; Gs. 500.000,,,https://www.bancontinental.com.py/api/comercios?_limit=-1
0adc9b79689d817a,Continental,Farmacias y Perfumerías,Farmacia La Trinidad,Encarnación,10% de reintegro,reintegro,10%,martes,,,Los martes,Vigente hasta el 24 de agosto de 2027,Límite de compra semanal de hasta Gs; Gs. 500.000,,,https://www.bancontinental.com.py/api/comercios?_limit=-1
b9f5921b978e3591,Continental,Farmacias y Perfumerías,Farmacia Ultrapharma,No especificado,15% de reintegro,reintegro,15%,martes,,,Los martes,Vigente hasta el 23 de marzo de 2027,Límite de compra semanal de hasta Gs; Gs. 500.000,,,https://www.bancontinental.com.py/api/comercios?_limit=-1
a2523b9cfb64c047,Continental,Farmacias y Perfumerías,Farmacia Vida,Concepción,20% de reintegro,reintegro,20%,martes,,,Los martes,Vigente hasta el 12 de agosto de 2027,Límite de compra semanal de hasta Gs; Gs. 500.000,,,https://www.bancontinental.com.py/api/comercios?_limit=-1
880469fc426d2f2f,Continental,Farmacias y Perfumerías,Farmacia Ypané,Concepción,30% de reintegro,reintegro,30%,martes,,,Los martes,Vigente hasta el 21 de septiembre de 2027,Límite de compra semanal de hasta Gs; Gs. 500.000,,,https://www.bancontinental.com.py/api/comercios?_limit=-1
8cec91dc3acd2223,Continental,Farmacias y Perfumerías,Farmacia y Perfumería Liz,Coronel Oviedo,20% de reintegro,reintegro,20%,martes,,,los martes,Vigente hasta el 24 de noviembre del 2026,Límites de compras: - Reintegros con límite de compra mensual de hasta Gs; Gs. 1.000.000,,,https://www.bancontinental.com.py/api/comercios?_limit=-1
a3dce4f040b90150,Continental,Farmacias y Perfumerías,Farmacia Ñeembucú,Pilar,20%; hasta 12 cuotas sin intereses; 20% de descuento,descuento,20%,lunes; martes; miércoles; jueves; viernes; sábado; domingo,,,todos los días,Vigente hasta el 02 de marzo de 2027,límite de compra mensual de Gs; Gs. 50.000.000,,,https://www.bancontinental.com.py/api/comercios?_limit=-1
1d8ce8247a16cd8d,Continental,Farmacias y Perfumerías,Farmacias Catedral,No especificado,30%; 10% de reintegro; 20% de descuento,reintegro,30%; 10%; 20%,martes,,,los martes,Vigente hasta el 29 de diciembre del 2026,Límites de compras: - Reintegros con límite de compra semanal de hasta Gs; Gs. 500.000,,,https://www.bancontinental.com.py/api/comercios?_limit=-1
9f733e2309ea2923,Continental,Farmacias y Perfumerías,Farmacias Energy,No especificado,10% de reintegro; 25% de descuento,reintegro,10%; 25%,martes,,,los martes,Vigente hasta el 01 de diciembre de 2026,Límites de compras: - Reintegros con límite de compra semanal de hasta Gs; Gs. 500.000,,,https://www.bancontinental.com.py/api/comercios?_limit=-1
0e5885edfcb763ae,Continental,Farmacias y Perfumerías,Farmacity,No especificado,20% de reintegro,reintegro,20%,martes,,,los martes,"Vigente hasta el 03 de noviembre de 2026 (*) No participan las tarjetas Pre-Pagas, Gourmet Card ni Cabal",Límites de compras: - Reintegros con límite de compra mensual de hasta Gs; Gs. 500.000,,,https://www.bancontinental.com.py/api/comercios?_limit=-1
f3abb31cc4f0b937,Continental,Farmacias y Perfumerías,Farmacumbre,No especificado,20% de reintegro,reintegro,20%,martes,,,Los martes,Vigente hasta el 08 de junio del 2027,Límite de compra semanal de hasta Gs; Gs. 500.000,,,https://www.bancontinental.com.py/api/comercios?_limit=-1
77a25a23c6fbb555,Continental,Farmacias y Perfumerías,Farmaelgue,Salto del Guairá,hasta 12 cuotas sin intereses; 25% de descuento,descuento,25%,lunes; martes; miércoles; jueves; viernes; sábado; domingo,,,todos los días,"Vigente hasta 27 de abril de 2027 (*) No participan las tarjetas Pre-Pagas, Gourmet Card ni Cabal",Límite de compras mensual de hasta Gs; Gs. 50.000.000,,,https://www.bancontinental.com.py/api/comercios?_limit=-1
a8c28e84bdbedfe4,Continental,Farmacias y Perfumerías,Farmalab,Naranjal,15% de reintegro,reintegro,15%,martes,,,los martes,"Vigente hasta 13 de abril de 2027 (*) No participan las tarjetas Pre-Pagas, Gourmet Card ni Cabal",Límite de compra semanal de Gs; Gs. 500.000,,,https://www.bancontinental.com.py/api/comercios?_limit=-1
fcbd1e93be99a64c,Continental,Farmacias y Perfumerías,Farmalife,San Estanislao,20% de reintegro,reintegro,20%,martes,,,los martes,Vigente hasta el 06 de abril de 2027,Límite de compra semanal de hasta Gs; Gs. 500.000,,,https://www.bancontinental.com.py/api/comercios?_limit=-1
e50194c1a2ecc5e5,Continental,Farmacias y Perfumerías,Farmaoliva,No especificado,40%; 15% de reintegro; 25% de descuento; 15% de descuento,reintegro,40%; 15%; 25%,martes,,,los martes,Vigente hasta el 05 de enero del 2027,Límites de compras: - Límite de compras de hasta Gs; límite de compras mensual de Gs; Gs. 500.000; Gs. 50.000.000,,,https://www.bancontinental.com.py/api/comercios?_limit=-1
f563655c979fabf3,Continental,Farmacias y Perfumerías,Farmatotal,No especificado,30%; 10% de reintegro; 20% de descuento,reintegro,30%; 10%; 20%,martes,,,Los martes,Vigente hasta el 10 de noviembre de 2026,Límite de compra mensual de hasta Gs; Gs. 1.000.000,,,https://www.bancontinental.com.py/api/comercios?_limit=-1
0df41c6aa8662059,Continental,Farmacias y Perfumerías,Farmavida,No especificado,20% de reintegro,reintegro,20%,martes,,,Los martes,Vigente hasta el 29 de diciembre del 2026,Límite de compra semanal de hasta Gs; Gs. 500.000,,,https://www.bancontinental.com.py/api/comercios?_limit=-1
acc5a7759c9e08c0,Continental,Farmacias y Perfumerías,Farmavip,No especificado,30% de reintegro,reintegro,30%,martes,,,Los martes,Vigente hasta el 16 de febrero de 2027,Límite de compra semanal de hasta Gs; Gs. 500.000,,,https://www.bancontinental.com.py/api/comercios?_limit=-1
12d099990a0b6d0a,Continental,Farmacias y Perfumerías,Maxi Farma,Encarnación,20% de reintegro,reintegro,20%,martes,,,Los martes,Vigente hasta el 07 de septiembre de 2027,Límite de compra semanal de hasta Gs; Gs. 500.000,,,https://www.bancontinental.com.py/api/comercios?_limit=-1
501f2bcf19799440,Continental,Farmacias y Perfumerías,New Arrow - Perfumería,No especificado,20%; hasta 12 cuotas sin intereses; 20% de reintegro,reintegro,20%,lunes; martes; miércoles; jueves; viernes; sábado; domingo,,,todos los días,Vigente hasta el 18 de febrero de 2027,Límite de compra mensual de hasta Gs; límite de compra mensual de hasta Gs; Gs. 2.000.000; Gs. 50.000.000,,,https://www.bancontinental.com.py/api/comercios?_limit=-1
d9f8703610ccb8f8,Continental,Farmacias y Perfumerías,Nutrilife,Salto del Guairá,30%; 10% de reintegro; 20% de descuento,reintegro,30%; 10%; 20%,martes,,,Los martes,Vigente hasta el 08 de junio del 2027,Límite de compra semanal de hasta Gs; Gs. 500.000,,,https://www.bancontinental.com.py/api/comercios?_limit=-1
3cb2a6f4e38db166,Continental,Farmacias y Perfumerías,Total Farma,San Alberto (Alto Paraná),20% de reintegro,reintegro,20%,martes,,,los Martes,Vigente hasta el 10 de noviembre del 2026,Límites de compras: - Reintegros con límite de compra semanal de hasta Gs; Gs. 500.000,,,https://www.bancontinental.com.py/api/comercios?_limit=-1
113ac7153b0d40f3,Continental,Farmacias y Perfumerías,Vicente Scavone,No especificado,30%; hasta 6 cuotas sin intereses; 10% de reintegro; 20% de descuento,reintegro,30%; 10%; 20%,lunes; martes; miércoles; jueves; viernes; sábado; domingo,,,todos los días,Vigente hasta el 06 de enero del 2027,Límites de compras: - Reintegros con límite semanal de hasta Gs; límite de compra mensual de Gs; Gs. 500.000; Gs. 50.000.000,,,https://www.bancontinental.com.py/api/comercios?_limit=-1
4f9ce5cd46af97a9,Continental,Farmacias y Perfumerías,Vitalmed,No especificado,20% de reintegro,reintegro,20%,martes,,,Los martes,Vigente hasta el 06 de julio de 2027,Límite de compra mensual de hasta Gs; Gs. 500.000,,,https://www.bancontinental.com.py/api/comercios?_limit=-1
b5eb70e6897abd01,Continental,Ferreterías,Bricomas,Encarnación,20% de reintegro,reintegro,20%,jueves,,,los jueves,Vigente hasta el 29 de abril del 2027,Límite de compras mensual de Gs; Gs. 2.000.000,,,https://www.bancontinental.com.py/api/comercios?_limit=-1
408ed0785ca4aa64,Continental,Ferreterías,Ferretería Aquino,Curuguaty,Hasta 18 cuotas sin intereses,cuotas_sin_intereses,,lunes; martes; miércoles; jueves; viernes; sábado; domingo,,,Todos los días,Vigente hasta el 10 de agosto de 2027,Límite de compra mensual de hasta Gs; Gs. 50.000.000,,,https://www.bancontinental.com.py/api/comercios?_limit=-1
73a51878d7c6075f,Continental,Ferreterías,Ferretería El Rey,Santa Rosa del Aguaray,20%; Hasta 12 cuotas sin intereses; 20% de reintegro,reintegro,20%,lunes; martes; miércoles; jueves; viernes; sábado; domingo,,,todos los días,Vigente hasta el 29 de abril de 2027,Límite de compra mensual de hasta Gs; Gs. 2.000.000; Gs. 50.000.000,,,https://www.bancontinental.com.py/api/comercios?_limit=-1
93db3e91f054e237,Continental,Ferreterías,Ferretería La Familia,María Auxiliadora (Itapúa),Hasta 12 cuotas sin intereses,cuotas_sin_intereses,,lunes; martes; miércoles; jueves; viernes; sábado; domingo,,,Todos los días,Vigente hasta el 10 de agosto de 2027,Límite de compra mensual de hasta Gs; Gs. 50.000.000,,,https://www.bancontinental.com.py/api/comercios?_limit=-1
bd98bd12dbe9d1be,Continental,Ferreterías,Ferretería Oriental,No especificado,Hasta 12 cuotas sin intereses,cuotas_sin_intereses,,lunes; martes; miércoles; jueves; viernes; sábado; domingo,,,Todos los días,Vigente hasta el 17 de noviembre del 2026,Límites de compras: - Cuotas sin intereses con límite de compra mensual de Gs; Gs. 50.000.000,,,https://www.bancontinental.com.py/api/comercios?_limit=-1
777cdbff89e32204,Continental,Ferreterías,Ferretería Tottal,No especificado,Hasta 12 cuotas sin intereses,cuotas_sin_intereses,,lunes; martes; miércoles; jueves; viernes; sábado; domingo,,,Todos los días,Vigente hasta el 27 de octubre del 2026,Límites de compras: - Cuotas sin intereses con límite de compra mensual de Gs; Gs. 50.000.000,,,https://www.bancontinental.com.py/api/comercios?_limit=-1
4b41b43f5fd966b5,Continental,Ferreterías,Ferrex,No especificado,Hasta 12 cuotas sin intereses,cuotas_sin_intereses,,lunes; martes; miércoles; jueves; viernes; sábado; domingo,,,Todos los días,Vigente hasta el 06 de noviembre del 2026,Límites de compras: - Cuotas sin intereses con límite de compra mensual de Gs; Gs. 50.000.000,,,https://www.bancontinental.com.py/api/comercios?_limit=-1
632fdc5ef7caea50,Continental,Ferreterías,Ferrizar,Coronel Oviedo,Hasta 12 cuotas sin intereses,cuotas_sin_intereses,,lunes; martes; miércoles; jueves; viernes; sábado; domingo,,,Todos los días,Vigente hasta el 04 de septiembre de 2027,Límite de compra mensual de hasta Gs; Gs. 50.000.000,,,https://www.bancontinental.com.py/api/comercios?_limit=-1
32f6fb096b1697bc,Continental,Ferreterías,Huguito Ferretería,Caaguazú,10% de reintegro,reintegro,10%,jueves,,,los jueves,Vigente hasta el 22 de octubre del 2026,Límites de compras: - Reintegros con límite de compra mensual de hasta Gs; límite de compra mensual de Gs; Gs. 1.000.000; Gs. 50.000.000,,,https://www.bancontinental.com.py/api/comercios?_limit=-1
08daa8e8d787a65b,Continental,Ferreterías,Lincoln,No especificado,20%; hasta 12 cuotas sin intereses; 20% de reintegro,reintegro,20%,lunes; martes; miércoles; jueves; viernes; sábado; domingo,,,todos los días,Vigente hasta el 31 de diciembre del 2026,Límites de compras: - Reintegros con límite de compra mensual de hasta Gs; límite de compra mensual de Gs; Gs. 2.000.000; Gs. 50.000.000,,,https://www.bancontinental.com.py/api/comercios?_limit=-1
9360c022c39b67b0,Continental,Ferreterías y Talleres del País,Fereterías y Talleres del País,Todo el país,Hasta 18 cuotas sin intereses; Hasta 12 cuotas sin intereses,cuotas_sin_intereses,,lunes; martes; miércoles; jueves; viernes; sábado; domingo,,,Todos los días,Vigente hasta el 16 de agosto de 2027,Límite de compra mensual de hasta Gs; Gs. 50.000.000,,,https://www.bancontinental.com.py/api/comercios?_limit=-1
f7af2a04b44c58d1,Continental,Gastronomía,836 Cocina Internacional,Asunción,35% de reintegro; 25% de reintegro; 20% de reintegro,reintegro,35%; 25%; 20%,sábado,,,Los sábados,Vigente hasta el 24 de octubre del 2026,Límite de compra mensual de hasta Gs; Gs. 2.000.000; Gs. 1.000.000; Gs. 500.000,,,https://www.bancontinental.com.py/api/comercios?_limit=-1
eb602f9fd55bfa28,Continental,Gastronomía,Acuarela Churrasquería,No especificado,35% de reintegro; 25% de reintegro; 20% de reintegro,reintegro,35%; 25%; 20%,sábado,,,Los sábados,Vigente hasta el 24 de octubre de 2026,Límite de compra mensual de hasta Gs; Gs. 2.000.000; Gs. 1.000.000; Gs. 500.000,,,https://www.bancontinental.com.py/api/comercios?_limit=-1
9c98a07b5b07bd58,Continental,Gastronomía,Agro Masa,Nueva Durango,35% de reintegro; 25% de reintegro; 20% de reintegro,reintegro,35%; 25%; 20%,sábado,,,Los sábados,Vigente hasta el 24 de octubre del 2026,Límite de compra mensual de hasta Gs; Gs. 2.000.000; Gs. 1.000.000; Gs. 500.000,,,https://www.bancontinental.com.py/api/comercios?_limit=-1
afe0fbc474f37d00,Continental,Gastronomía,Almarreina,Asunción,35% de reintegro; 25% de reintegro; 20% de reintegro,reintegro,35%; 25%; 20%,sábado,,,Los sábados,Vigente hasta el 24 de octubre de 2026,Límite de compra mensual de hasta Gs; Gs. 2.000.000; Gs. 1.000.000,,,https://www.bancontinental.com.py/api/comercios?_limit=-1
afaf020415098a19,Continental,Gastronomía,Amilcar,Asunción,20%; 35% de reintegro; 25% de reintegro; 20% de reintegro,reintegro,20%; 35%; 25%,sábado,,,Los sábados,Vigente hasta el 24 de octubre de 2026,Límite de compra mensual de hasta Gs; Gs. 2.000.000; Gs. 1.000.000; Gs. 500.000,,,https://www.bancontinental.com.py/api/comercios?_limit=-1
ccf8ae37534458fb,Continental,Gastronomía,Bacon - Smash Burguer - Panceta - Pocket Pizza,No especificado,20%; 35% de reintegro; 25% de reintegro; 20% de reintegro,reintegro,20%; 35%; 25%,sábado,,,los sábados,Vigente hasta el 24 de octubre de 2026,Límite de compra mensual de hasta Gs; Gs. 2.000.000; Gs. 1.000.000; Gs. 500.000,,,https://www.bancontinental.com.py/api/comercios?_limit=-1
20f1a740b6927a10,Continental,Gastronomía,Bernardino Hamburguesas,Asunción,35% de reintegro; 25% de reintegro; 20% de reintegro,reintegro,35%; 25%; 20%,sábado,,,Los sábados,Vigente hasta el 24 de octubre de 2026,Límite de compra mensual de hasta Gs; Gs. 2.000.000; Gs. 1.000.000; Gs. 500.000,,,https://www.bancontinental.com.py/api/comercios?_limit=-1
3ae3f7d0ef1d47dd,Continental,Gastronomía,Billy Smash,Asunción,35% de reintegro; 25% de reintegro; 20% de reintegro,reintegro,35%; 25%; 20%,sábado,,,Los sábados,Vigente hasta el 24 de octubre del 2026,Límite de compra mensual de hasta Gs; Gs. 2.000.000; Gs. 1.000.000; Gs. 500.000,,,https://www.bancontinental.com.py/api/comercios?_limit=-1
9d607fc404e033c6,Continental,Gastronomía,Calle 75,Asunción,20%; 35% de reintegro; 25% de reintegro; 20% de reintegro,reintegro,20%; 35%; 25%,sábado,,,Los sábados,Vigente hasta el 24 de octubre de 2026,Límite de compra mensual de hasta Gs; Gs. 2.000.000; Gs. 1.000.000; Gs. 500.000,,,https://www.bancontinental.com.py/api/comercios?_limit=-1
cfee075ab22a3732,Continental,Gastronomía,Churrasquería García,Pirapó (Itapúa),20% de reintegro; 25% de reintegro; 35% de reintegro,reintegro,20%; 25%; 35%,sábado,,,los sábados,Vigente hasta el 19 de diciembre de 2026,Límites de compras: - Reintegros del 20% con límite de compra mensual de hasta Gs; límite de compra mensual de hasta Gs; Gs. 1.000.000; Gs. 2.000.000,,,https://www.bancontinental.com.py/api/comercios?_limit=-1
0090235b90d5e7c0,Continental,Gastronomía,Costa Colón,Asunción,35% de reintegro; 25% de reintegro; 20% de reintegro,reintegro,35%; 25%; 20%,sábado,,,Los sábados,Vigente hasta el 24 de octubre del 2026,Límite de compra mensual de hasta Gs; Gs. 2.000.000; Gs. 1.000.000; Gs. 500.000,,,https://www.bancontinental.com.py/api/comercios?_limit=-1
fdb516b83e2cbf0d,Continental,Gastronomía,De Las Sierras - Restaurante,Caacupé,20%; 35% de reintegro; 25% de reintegro; 20% de reintegro,reintegro,20%; 35%; 25%,sábado,,,Los sábados,Vigente hasta el 24 de octubre de 2026,Límite de compra mensual de hasta Gs; Gs. 2.000.000; Gs. 1.000.000; Gs. 500.000,,,https://www.bancontinental.com.py/api/comercios?_limit=-1
6c95dc75c447878d,Continental,Gastronomía,Don Beling,Ayolas - Misiones,20% de reintegro,reintegro,20%,lunes; martes; miércoles; jueves; viernes; sábado; domingo,,,Todos los días,Vigente hasta el 25 de agosto de 2027,Límite de compra mensual de hasta Gs; Gs. 600.000,,,https://www.bancontinental.com.py/api/comercios?_limit=-1
80dbcb86fe86d2df,Continental,Gastronomía,El Viejo Marino,No especificado,20% de reintegro; 25% de reintegro; 35% de reintegro,reintegro,20%; 25%; 35%,sábado,,,los sábados,Vigente hasta el 31 de octubre del 2026,Límites de compras: - Reintegros del 20% con límite de compra mensual de hasta Gs; límite de compra mensual de hasta Gs; Gs. 1.000.000; Gs. 2.000.000,,,https://www.bancontinental.com.py/api/comercios?_limit=-1
9136582a0159f234,Continental,Gastronomía,Game Core,Asunción,35% de reintegro; 25% de reintegro; 20% de reintegro,reintegro,35%; 25%; 20%,sábado,,,Los sábados,Vigente hasta el 24 de octubre de 2026,Límite de compra mensual de hasta Gs; Gs. 2.000.000; Gs. 1.000.000; Gs. 500.000,,,https://www.bancontinental.com.py/api/comercios?_limit=-1
55197855d5650725,Continental,Gastronomía,Hamburguesería Du Maykon,Edelira,35% de reintegro; 25% de reintegro; 20% de reintegro,reintegro,35%; 25%; 20%,sábado,,,Los sábados,Vigente hasta el 24 de octubre de 2026,Límite de compra mensual de hasta Gs; Gs. 2.000.000; Gs. 1.000.000; Gs. 500.000,,,https://www.bancontinental.com.py/api/comercios?_limit=-1
590d2fcabf191012,Continental,Gastronomía,Kafea,Asunción,35% de reintegro; 25% de reintegro; 20% de reintegro,reintegro,35%; 25%; 20%,sábado,,,Los sábados,Vigente hasta el 24 de octubre del 2026,Límite de compra mensual de hasta Gs; Gs. 2.000.000; Gs. 1.000.000; Gs. 500.000,,,https://www.bancontinental.com.py/api/comercios?_limit=-1
746101f65b1529bd,Continental,Gastronomía,Koggi,Todo el país,20%; 35% de reintegro; 25% de reintegro; 20% de reintegro,reintegro,20%; 35%; 25%,sábado,,,los sábados,Vigente hasta el 24 de octubre de 2026,Límite de compra mensual de hasta Gs; Gs. 2.000.000; Gs. 1.000.000; Gs. 500.000,,,https://www.bancontinental.com.py/api/comercios?_limit=-1
1829b2d22bc40be5,Continental,Gastronomía,La Candelaria - Restaurant,Areguá,20%; 35% de reintegro; 25% de reintegro; 20% de reintegro,reintegro,20%; 35%; 25%,sábado,,,Los sábados,Vigente hasta el 24 de octubre de 2026,Límite de compra mensual de hasta Gs; Gs. 2.000.000; Gs. 1.000.000; Gs. 500.000,,,https://www.bancontinental.com.py/api/comercios?_limit=-1
62e4916f51c2524b,Continental,Gastronomía,La Negrita,No especificado,20% de reintegro; 25% de reintegro; 35% de reintegro,reintegro,20%; 25%; 35%,sábado,,,los sábados,Vigente hasta el 18 octubre del 2026,Límites de compras: - Reintegros del 20% con límite de compra mensual de hasta Gs; límite de compra mensual de hasta Gs; Gs. 500.000; Gs. 1.000.000; Gs. 2.000.000,,,https://www.bancontinental.com.py/api/comercios?_limit=-1
c252baff8f8ddcb8,Continental,Gastronomía,La Nutry,Asunción,35% de reintegro; 25% de reintegro; 20% de reintegro,reintegro,35%; 25%; 20%,,,,No especificado,"Vigente desde el 24 de enero de 2026 al 22 de enero de 2027: - 20% de reintegro en el extracto, pagando con las tarjetas de crédito Continental Dinelco, Clásica y Oro",Límite de compra mensual de hasta Gs; Gs. 2.000.000; Gs. 1.000.000,,,https://www.bancontinental.com.py/api/comercios?_limit=-1
d916d688f268088d,Continental,Gastronomía,Malandras Grill,Asunción,35% de reintegro; 25% de reintegro; 20% de reintegro,reintegro,35%; 25%; 20%,sábado,,,Los sábados,Vigente hasta el 24 de octubre del 2026,Límite de compra mensual de hasta Gs; Gs. 2.000.000; Gs. 1.000.000; Gs. 500.000,,,https://www.bancontinental.com.py/api/comercios?_limit=-1
afe727b0bdefb3c3,Continental,Gastronomía,Marimex Hotel y Restaurant,Ayolas - Misiones,20% de reintegro,reintegro,20%,lunes; martes; miércoles; jueves; viernes; sábado; domingo,,,Todos los días,Vigente hasta el 25 de agosto de 2027,Límite de compra mensual de hasta Gs; Gs. 600.000,,,https://www.bancontinental.com.py/api/comercios?_limit=-1
d9d683033f98694c,Continental,Gastronomía,Mc Donald's,No especificado,20% de reintegro,reintegro,20%,viernes,,,los viernes,Vigente hasta 26 de diciembre del 2026,Límite de compra mensual de hasta Gs; Gs. 1.000.000,,,https://www.bancontinental.com.py/api/comercios?_limit=-1
69003497ecda2eea,Continental,Gastronomía,Molas 1901,Asunción,20%; 35% de reintegro; 25% de reintegro; 20% de reintegro,reintegro,20%; 35%; 25%,sábado,,,Los sábados,Vigente hasta el 24 de octubre del 2026,Límite de compra mensual de hasta Gs; Gs. 2.000.000; Gs. 1.000.000; Gs. 500.000,,,https://www.bancontinental.com.py/api/comercios?_limit=-1
b4ef7d75dfa249fe,Continental,Gastronomía,Nelore Estrellita,Asunción,35% de reintegro; 25% de reintegro; 20% de reintegro,reintegro,35%; 25%; 20%,sábado,,,Los sábados,Vigente hasta el 24 de octubre de 2026,Límite de compra mensual de hasta Gs; Gs. 2.000.000; Gs. 1.000.000; Gs. 500.000,,,https://www.bancontinental.com.py/api/comercios?_limit=-1
51d31fead0bfc458,Continental,Gastronomía,Parador Campo 9,Campo 9,35% de reintegro; 25% de reintegro; 20% de reintegro,reintegro,35%; 25%; 20%,,,,No especificado,Vigente hasta el 24 de octubre de 2026,Límite de compra mensual de hasta Gs; Límite de compra mensual de Gs; Gs. 1.000.000; Gs. 2.000.000; Gs. 500.000,,,https://www.bancontinental.com.py/api/comercios?_limit=-1
34764556a2947d60,Continental,Gastronomía,Paulista Grill Churrasquería,No especificado,20% de reintegro; 25% de reintegro; 35% de reintegro,reintegro,20%; 25%; 35%,sábado,,,los sábados,Vigente hasta el 27 de noviembre de 2026,Límites de compras: - Reintegros del 20% con límite de compra mensual de hasta Gs; límite de compra mensual de hasta Gs; Gs. 500.000; Gs. 1.00.000; Gs. 2.000.000,,,https://www.bancontinental.com.py/api/comercios?_limit=-1
5a0d3583280d2c04,Continental,Gastronomía,Pederzani,Asunción,35% de reintegro; 25% de reintegro; 20% de reintegro,reintegro,35%; 25%; 20%,sábado,,,Los sábados,Vigente hasta el 24 de octubre del 2026,Límite de compra mensual de hasta Gs; Gs. 2.000.000; Gs. 1.000.000; Gs. 500.000,,,https://www.bancontinental.com.py/api/comercios?_limit=-1
b203d75c06ac1133,Continental,Gastronomía,Plaza Tamarindo,Asunción,35% de reintegro; 25% de reintegro; 20% de reintegro,reintegro,35%; 25%; 20%,sábado,,,Los sábados,Vigente hasta el 24 de octubre de 2026,Límite de compra mensual de hasta Gs; Gs. 2.000.000; Gs. 1.000.000; Gs. 500.000,,,https://www.bancontinental.com.py/api/comercios?_limit=-1
b72818d4b48ec923,Continental,Gastronomía,Real Costanera Restaurante - Encarnación,Encarnación,35% de reintegro; 25% de reintegro; 20% de reintegro,reintegro,35%; 25%; 20%,sábado,,,Los sábados,Vigente hasta el 24 de octubre del 2026,Límite de compra mensual de hasta Gs; Gs. 2.000.000; Gs. 1.000.000; Gs. 500.000,,,https://www.bancontinental.com.py/api/comercios?_limit=-1
80465446e5bb4d0b,Continental,Gastronomía,Real Restaurante - Luque,Luque,35% de reintegro; 25% de reintegro; 20% de reintegro,reintegro,35%; 25%; 20%,sábado,,,Los sábados,Vigente hasta el 24 de octubre del 2026,Límite de compra mensual de hasta Gs; Gs. 2.000.000; Gs. 1.000.000; Gs. 500.000,,,https://www.bancontinental.com.py/api/comercios?_limit=-1
40de7f85eea4ee9e,Continental,Gastronomía,Restaurante - Soho Savoy Hotel,Encarnación,35% de reintegro; 25% de reintegro; 20% de reintegro,reintegro,35%; 25%; 20%,sábado,,,Los sábados,Vigente hasta el 24 de octubre del 2026,Límite de compra mensual de hasta Gs; Gs. 2.000.000; Gs. 1.000.000; Gs. 500.000,,,https://www.bancontinental.com.py/api/comercios?_limit=-1
cfb6537ed76d79a8,Continental,Gastronomía,Restaurantes,No especificado,25% de reintegro; 35% de reintegro,reintegro,25%; 35%,sábado,,,los sábados,No especificado,Límites de compras: - Reintegros del 25% con límite de compra mensual de hasta Gs; límite de compra mensual de hasta Gs; Gs. 1.000.000; Gs. 2.000.000,,,https://www.bancontinental.com.py/api/comercios?_limit=-1
4f33a6a96e1ffc51,Continental,Gastronomía,Sabores del Pacífico,Asunción,35% de reintegro; 25% de reintegro; 20% de reintegro,reintegro,35%; 25%; 20%,sábado,,,los sábados,Vigente hasta el 24 de octubre de 2026,Límite de compra mensual de hasta Gs; Gs. 2.000.000; Gs. 1.000.000; Gs. 500.000,,,https://www.bancontinental.com.py/api/comercios?_limit=-1
7bd89b041ec46629,Continental,Gastronomía,Takuare'e Restó,Asunción,35% de reintegro; 25% de reintegro; 20% de reintegro,reintegro,35%; 25%; 20%,sábado,,,Los sábados,Vigente hasta el 24 de octubre del 2026,Límite de compra mensual de hasta Gs; Gs. 2.000.000; Gs. 1.000.000; Gs. 500.000,,,https://www.bancontinental.com.py/api/comercios?_limit=-1
1987bff56fc6bd58,Continental,Gastronomía,Unaghi Sushi Bar,Asunción,35% de reintegro; 25% de reintegro; 20% de descuento,reintegro,35%; 25%; 20%,sábado,,,Los sábados,Vigente hasta el 24 de octubre de 2026,Límite de compra mensual de hasta Gs; Gs. 2.000.000; Gs. 1.000.000,,,https://www.bancontinental.com.py/api/comercios?_limit=-1
754345c7fc066341,Continental,Gastronomía,Warlons,Asunción,35% de reintegro; 25% de reintegro; 20% de reintegro,reintegro,35%; 25%; 20%,sábado,,,Los sábados,Vigente hasta el 24 de octubre de 2026,Límite de compra mensual de hasta Gs; Gs. 2.000.000; Gs. 1.000.000; Gs. 500.000,,,https://www.bancontinental.com.py/api/comercios?_limit=-1
5e8d6f33c2cb43f9,Continental,Gastronomía,Ña Virginia,Asunción,35% de reintegro; 25% de reintegro; 20% de reintegro,reintegro,35%; 25%; 20%,sábado,,,Los sábados,Vigente hasta el 24 de octubre de 2026,Límite de compra mensual de hasta Gs; Gs. 2.000.000; Gs. 1.000.000; Gs. 500.000,,,https://www.bancontinental.com.py/api/comercios?_limit=-1
acc0fb84f566d4ac,Continental,Heladerías,Kekala,San Lorenzo,20% de reintegro,reintegro,20%,sábado,,,Los sábados,Vigente hasta el 12 de junio de 2027,Límite de compra mensual de hasta Gs; Gs. 300.000,,,https://www.bancontinental.com.py/api/comercios?_limit=-1
612938efa3877640,Continental,Hogar,ARC Electrodomésticos,Encarnación,Hasta 12 cuotas sin intereses,cuotas_sin_intereses,,lunes; martes; miércoles; jueves; viernes; sábado; domingo,,,Todos los días,Vigente hasta el 10 de diciembre de 2026,Límite de compra mensual de hasta Gs; Gs. 50.000.000,,,https://www.bancontinental.com.py/api/comercios?_limit=-1
7107bbfd93af0bbb,Continental,Hogar,Arte & Company,No especificado,Hasta 12 cuotas sin intereses,cuotas_sin_intereses,,lunes; martes; miércoles; jueves; viernes; sábado; domingo,,,Todos los días,Vigente hasta el 27 de noviembre del 2026,Límites de compras: - Cuotas sin intereses con límite de compra mensual de Gs; Gs. 50.000.000,,,https://www.bancontinental.com.py/api/comercios?_limit=-1
baa4ff7557657b94,Continental,Hogar,Bazar Emanuel,Katueté (Canindeyú),Hasta 12 cuotas sin intereses,cuotas_sin_intereses,,lunes; martes; miércoles; jueves; viernes; sábado; domingo,,,Todos los días,Vigente hasta el 19 de abril de 2027,Límite de compra mensual de hasta Gs; Gs. 50.000.000,,,https://www.bancontinental.com.py/api/comercios?_limit=-1
c68c79eca541474d,Continental,Hogar,Bella Casa,Encarnación,Hasta 12 cuotas sin intereses,cuotas_sin_intereses,,lunes; martes; miércoles; jueves; viernes; sábado; domingo,,,Todos los días,Vigente hasta el 26 de agosto de 2027,Límite de compra mensual de hasta Gs; Gs. 50.000.000,,,https://www.bancontinental.com.py/api/comercios?_limit=-1
20b4ae3628c63765,Continental,Hogar,Bristol,No especificado,Hasta 18 cuotas sin intereses,cuotas_sin_intereses,,lunes; martes; miércoles; jueves; viernes; sábado; domingo,,,Todos los días,"Vigente hasta el 28 de enero del 2027 (*) No participan las tarjetas Pre-Pagas, Gourmet Card ni Cabal",Límite de compra mensual de hasta Gs; Gs. 50.000.000,,,https://www.bancontinental.com.py/api/comercios?_limit=-1
ba4e9f94bbf439ab,Continental,Hogar,ByG Muebles y Electrodomésticos,Katueté (Canindeyú),Hasta 18 cuotas sin intereses,cuotas_sin_intereses,,lunes; martes; miércoles; jueves; viernes; sábado; domingo,,,Todos los días,Vigente hasta el 25 de agosto de 2027,Límite de compra mensual de hasta Gs; Gs. 50.000.000,,,https://www.bancontinental.com.py/api/comercios?_limit=-1
b16d9d1e2bfe784e,Continental,Hogar,CDP Muebles,Santa Rita (Alto Paraná),20%; Hasta 12 cuotas sin intereses; 20% de reintegro,reintegro,20%,lunes; martes; miércoles; jueves; viernes; sábado; domingo,,,todos los días,Vigente hasta el 19 de agosto de 2027,Límite de compra mensual de hasta Gs; Gs. 2.000.000; Gs. 50.000.000,,,https://www.bancontinental.com.py/api/comercios?_limit=-1
e10b10054a20476d,Continental,Hogar,Casa Mariela,Encarnación,Hasta 12 cuotas sin intereses,cuotas_sin_intereses,,lunes; martes; miércoles; jueves; viernes; sábado; domingo,,,Todos los días,Vigente hasta el 09 de mayo de 2027,Límite de compra mensual de Gs; Gs. 50.000.000,,,https://www.bancontinental.com.py/api/comercios?_limit=-1
dda6f1e8ecad6fc3,Continental,Hogar,Classic Home,Asunción,Hasta 12 cuotas sin intereses,cuotas_sin_intereses,,lunes; martes; miércoles; jueves; viernes; sábado; domingo,,,Todos los días,Vigente hasta el 19 de agosto de 2027,Límite de compra mensual de hasta Gs; Gs. 50.000.000,,,https://www.bancontinental.com.py/api/comercios?_limit=-1
cd55be625f5c0a60,Continental,Hogar,Comercial Cerrito,Pilar,Hasta 12 cuotas sin intereses,cuotas_sin_intereses,,lunes; martes; miércoles; jueves; viernes; sábado; domingo,,,Todos los días,Vigente hasta el 06 de noviembre de 2026,Límites de compras: - Cuotas sin intereses con límite de compra mensual de Gs; Gs. 50.000.000,,,https://www.bancontinental.com.py/api/comercios?_limit=-1
bc07717dc7d4d71d,Continental,Hogar,Comercial Santo Domingo,Caaguazú,hasta 12 cuotas sin intereses; 25% de descuento,descuento,25%,lunes; martes; miércoles; jueves; viernes; sábado; domingo,,,todos los días,Vigente hasta el 10 de marzo de 2027,Límite de compra mensual de hasta Gs; Gs. 50.000.000,,,https://www.bancontinental.com.py/api/comercios?_limit=-1
ed0598029bcce876,Continental,Hogar,DHome,Trinidad (Itapúa),20%; Hasta 12 cuotas sin intereses; 20% de reintegro,reintegro,20%,lunes; martes; miércoles; jueves; viernes; sábado; domingo,,,todos los días,Vigente hasta el 10 de junio de 2027,Límite de compra mensual de Gs; Gs. 2.000.000; Gs. 50.000.000,,,https://www.bancontinental.com.py/api/comercios?_limit=-1
1ee362049706710e,Continental,Hogar,Deco Hogar - Los Hnos. S.A,"Obligado, Itapúa",20%; hasta 12 cuotas sin intereses; 20% de reintegro,reintegro,20%,lunes; martes; miércoles; jueves; viernes; sábado; domingo,,,todos los días,Vigente hasta el 15 de abril de 2027,Límite de compra mensual de hasta Gs; Gs. 10.000.000; Gs. 50.000.000,,,https://www.bancontinental.com.py/api/comercios?_limit=-1
b465c47318e73033,Continental,Hogar,Electrocenter (Aquino e Hijos S.A),Curuguaty,Hasta 18 cuotas sin intereses,cuotas_sin_intereses,,lunes; martes; miércoles; jueves; viernes; sábado; domingo,,,Todos los días,Vigente hasta el 29 de octubre del 2026,Límite de compra mensual de hasta Gs; Gs. 50.000.000,,,https://www.bancontinental.com.py/api/comercios?_limit=-1
c7de9e6ac640153e,Continental,Hogar,Electroluz,Encarnación,20% de reintegro,reintegro,20%,jueves,,,Los jueves,Vigente hasta el 22 de julio de 2027,Límite de compra mensual de hasta Gs; Gs. 1.000.000,,,https://www.bancontinental.com.py/api/comercios?_limit=-1
85ba1656225b0c7a,Continental,Hogar,Eurohome,Curuguaty,Hasta 12 cuotas sin intereses,cuotas_sin_intereses,,lunes; martes; miércoles; jueves; viernes; sábado; domingo,,,Todos los días,Vigente hasta el 22 de mayo de 2027,Límite de compra mensual de hasta Gs; Gs. 50.000.000,,,https://www.bancontinental.com.py/api/comercios?_limit=-1
5f106dbc39f0efa4,Continental,Hogar,Fortezza,Asunción,Hasta 12 cuotas sin intereses,cuotas_sin_intereses,,lunes; martes; miércoles; jueves; viernes; sábado; domingo,,,Todos los días,Vigente hasta el 15 de junio de 2027,Límite de compra mensual de hasta Gs; Gs. 50.000.000,,,https://www.bancontinental.com.py/api/comercios?_limit=-1
666ca334c54574a6,Continental,Hogar,Framafix,Asunción,10%,cuotas_sin_intereses,10%,lunes; martes; miércoles; jueves; viernes; sábado; domingo,,,Todos los días,Vigente hasta el 19 de diciembre del 2026,Límites de compras: - Cuotas sin intereses con límite de compra mensual de Gs; Gs. 50.000.000,,,https://www.bancontinental.com.py/api/comercios?_limit=-1
372bb12a1378e963,Continental,Hogar,GA Iluminación & Casa (GAILUM PARAGUAY),Asunción,Hasta 18 cuotas sin intereses,cuotas_sin_intereses,,lunes; martes; miércoles; jueves; viernes; sábado; domingo,,,Todos los días,Vigente hasta el 26 de septiembre de 2027,Límite de compra mensual de hasta Gs; Gs. 50.000.000,,,https://www.bancontinental.com.py/api/comercios?_limit=-1
f87ba2b46f9ed3af,Continental,Hogar,Glan Living,Encarnación,Hasta 12 cuotas sin intereses,cuotas_sin_intereses,,lunes; martes; miércoles; jueves; viernes; sábado; domingo,,,Todos los días,Vigente hasta el 03 de julio de 2027,Límite de compra mensual de hasta Gs; Gs. 50.000.000,,,https://www.bancontinental.com.py/api/comercios?_limit=-1
5af6e78dc5efab8d,Continental,Hogar,Grill West,No especificado,Hasta 12 cuotas sin intereses,cuotas_sin_intereses,,lunes; martes; miércoles; jueves; viernes; sábado; domingo,,,Todos los días,Vigente hasta el 24 de septiembre del 2026,Límite de compra mensual de hasta Gs; Gs. 50.000.000,,,https://www.bancontinental.com.py/api/comercios?_limit=-1
97a1f39b9a1a360a,Continental,Hogar,Grupo Sauce - electrodomésticos,Asunción,Hasta 12 cuotas sin intereses,cuotas_sin_intereses,,lunes; martes; miércoles; jueves; viernes; sábado; domingo,,,Todos los días,Vigente hasta el 17 de septiembre de 2027,Límite de compra mensual de hasta Gs; Gs. 50.000.000,,,https://www.bancontinental.com.py/api/comercios?_limit=-1
193e69333fa16c81,Continental,Hogar,Hoc Cell,Concepción,10%; Hasta 12 cuotas sin intereses; 10% de descuento,descuento,10%,lunes; martes; miércoles; jueves; viernes; sábado; domingo,,,Todos los días,Vigente hasta el 11 de junio de 2027,Límite de compra mensual de hasta Gs; Gs. 50.000.000,,,https://www.bancontinental.com.py/api/comercios?_limit=-1
f73902beca91770d,Continental,Hogar,Hogar Feliz,No especificado,Hasta 18 cuotas sin intereses,cuotas_sin_intereses,,lunes; martes; miércoles; jueves; viernes; sábado; domingo,,,Todos los días,Vigente hasta el 04 de noviembre de 2026,Límites de compras: - Cuotas sin intereses con límite de compra mensual de Gs; Gs. 50.000.000,,,https://www.bancontinental.com.py/api/comercios?_limit=-1
18ac2c9f3de089fc,Continental,Hogar,Hydro Clean,No especificado,Hasta 12 cuotas sin intereses,cuotas_sin_intereses,,lunes; martes; miércoles; jueves; viernes; sábado; domingo,,,Todos los días,Vigente hasta el 22 de septiembre del 2026,Límite de compra mensual de hasta Gs; Gs. 50.000.000,,,https://www.bancontinental.com.py/api/comercios?_limit=-1
ea44b0918408a1d7,Continental,Hogar,Impacto,No especificado,10%; hasta 18 cuotas sin intereses; 10% de reintegro; 5% de reintegro; 15% de descuento,reintegro,10%; 5%; 15%,lunes; martes; miércoles; jueves; viernes; sábado; domingo,,,todos los días,Vigente desde el 21 de febrero al 21 de noviembre del 2026,Límite de compra mensual de hasta Gs; límite de compra mensual de hasta Gs; Gs. 20.000.000; Gs. 50.000.000,,,https://www.bancontinental.com.py/api/comercios?_limit=-1
620e33b58f67833b,Continental,Hogar,Inoga - Inmapol,Asunción,Hasta 18 cuotas sin intereses; 25% de descuento,descuento,25%,lunes; martes; miércoles; jueves; viernes; sábado; domingo,,,Todos los días,Vigente hasta 31 de julio de 2027,Límite de compra mensual de hasta Gs; Gs. 50.000.000,,,https://www.bancontinental.com.py/api/comercios?_limit=-1
bcbf41bd14dd01c6,Continental,Hogar,Inverfin,No especificado,Hasta 18 cuotas sin intereses,cuotas_sin_intereses,,lunes; martes; miércoles; jueves; viernes; sábado; domingo,,,Todos los días,Vigente hasta el 08 de agosto de 2027,Límite de compra mensual de hasta Gs; Gs. 50.000.000,,,https://www.bancontinental.com.py/api/comercios?_limit=-1
dd823e542cf4830d,Continental,Hogar,Luminotecnia,No especificado,hasta 12 cuotas sin intereses; 20% de reintegro; 25% de reintegro,reintegro,20%; 25%,lunes; martes; miércoles; jueves; viernes; sábado; domingo,,,todos los días,Vigente hasta el 15 de octubre del 2026,Límites de compras: - Reintegros con límite de compra mensual de hasta Gs; Gs. 2.000.000,,,https://www.bancontinental.com.py/api/comercios?_limit=-1
52f76221d328e3ce,Continental,Hogar,Meyer Gini,Asunción,Hasta 12 cuotas sin intereses,cuotas_sin_intereses,,lunes; martes; miércoles; jueves; viernes; sábado; domingo,,,Todos los días,Vigente hasta el 05 de noviembre de 2026,Límite de compra mensual de hasta Gs; Gs. 50.000.000,,,https://www.bancontinental.com.py/api/comercios?_limit=-1
1ca29c251885aa71,Continental,Hogar,Morare Electrodomésticos,San Lorenzo,Hasta 12 cuotas sin intereses,cuotas_sin_intereses,,lunes; martes; miércoles; jueves; viernes; sábado; domingo,,,Todos los días,Vigente hasta el 07 de septiembre de 2027,Límite de compra mensual de hasta Gs; Gs. 50.000.000,,,https://www.bancontinental.com.py/api/comercios?_limit=-1
69d64b1781188e82,Continental,Hogar,Muebles Schmitz,Nueva Esperanza (Canindeyú),Hasta 18 cuotas sin intereses,cuotas_sin_intereses,,lunes; martes; miércoles; jueves; viernes; sábado; domingo,,,Todos los días,Vigente hasta el 08 de diciembre de 2026,Límite de compra mensual de hasta Gs; Gs. 50.000.000,,,https://www.bancontinental.com.py/api/comercios?_limit=-1
aabb73bf9b910d7d,Continental,Hogar,NGO,No especificado,Hasta 24 cuotas sin intereses,cuotas_sin_intereses,,lunes; martes; miércoles; jueves; viernes; sábado; domingo,,,Todos los días,Vigente hasta el 10 de agosto de 2027,Límite de compra mensual de hasta Gs; Gs. 50.000.000,,,https://www.bancontinental.com.py/api/comercios?_limit=-1
9850af53af5be85b,Continental,Hogar,Novedades Cristian,Presidente Franco,Hasta 12 cuotas sin intereses,cuotas_sin_intereses,,lunes; martes; miércoles; jueves; viernes; sábado; domingo,,,Todos los días,Vigente hasta el 24 de noviembre de 2026,Límite de compra mensual de hasta Gs; Gs. 50.000.000,,,https://www.bancontinental.com.py/api/comercios?_limit=-1
3f088160fceb9da0,Continental,Hogar,Nuñez Electrodomésticos,Santa Rita (Alto Paraná),Hasta 12 cuotas sin intereses; 30% de descuento,descuento,30%,lunes; martes; miércoles; jueves; viernes; sábado; domingo,,,Todos los días,Vigente hasta el 30 de enero de 2027,Límite de compras mensual de hasta Gs; Gs. 50.000.000.,,,https://www.bancontinental.com.py/api/comercios?_limit=-1
1c2c1fb8a1e1424f,Continental,Hogar,Olier,No especificado,Hasta 12 cuotas sin intereses,cuotas_sin_intereses,,lunes; martes; miércoles; jueves; viernes; sábado; domingo,,,Todos los días,Vigente hasta el 22 de enero de 2027,Límite de compra mensual de hasta Gs; Gs. 50.000.000,,,https://www.bancontinental.com.py/api/comercios?_limit=-1
3ad0d3c3e3269477,Continental,Hogar,Pablito y Mirian Distribuidora,Coronel Oviedo,Hasta 12 cuotas sin intereses,cuotas_sin_intereses,,lunes; martes; miércoles; jueves; viernes; sábado; domingo,,,Todos los días,Vigente hasta el 01 de octubre del 2026,Límite de compra mensual de hasta Gs; Gs. 50.000.000,,,https://www.bancontinental.com.py/api/comercios?_limit=-1
dbb3a9ce165d1004,Continental,Hogar,Plastienvase,Encarnación,20% de reintegro,reintegro,20%,jueves,,,los jueves,"Vigente hasta el 04 de marzo del 2027 (*) No participan las tarjetas Pre-Pagas, Gourmet Card ni Cabal",Límite de compras mensual de hasta Gs; Gs. 1.000.000,,,https://www.bancontinental.com.py/api/comercios?_limit=-1
77cb90f3fe37b160,Continental,Hogar,Premium Colchones (Ortega Vigilancia),No especificado,30%; Hasta 12 cuotas sin intereses; 30% de descuento,descuento,30%,lunes; martes; miércoles; jueves; viernes; sábado; domingo,,,Todos los días,Vigente hasta el 26 de julio de 2027,Límite de compra mensual de hasta Gs; Gs. 50.000.000,,,https://www.bancontinental.com.py/api/comercios?_limit=-1
bad7c74503b93879,Continental,Hogar,Produtel,Ciudad del Este,Hasta 12 cuotas sin intereses,cuotas_sin_intereses,,lunes; martes; miércoles; jueves; viernes; sábado; domingo,,,Todos los días,Vigente hasta el 09 de julio de 2027,Límite de compra mensual de hasta Gs; Gs. 50.000.000,,,https://www.bancontinental.com.py/api/comercios?_limit=-1
61b7b3229591dc73,Continental,Hogar,Progresar Electrodomésticos,Encarnación,20%; hasta 12 cuotas sin intereses; 20% de reintegro,reintegro,20%,jueves,,,los jueves,"Vigente hasta el 25 de febrero del 2027 (*) No participan las tarjetas Pre-Pagas, Gourmet Card ni Cabal",Límite de compra mensual de hasta Gs; Gs. 5.000.000; Gs. 50.000.000,,,https://www.bancontinental.com.py/api/comercios?_limit=-1
5d46895882cd8316,Continental,Hogar,Refrinar,Santa Rita (Alto Paraná),Hasta 12 cuotas sin intereses,cuotas_sin_intereses,,lunes; martes; miércoles; jueves; viernes; sábado; domingo,,,Todos los días,Vigente hasta el 26 de noviembre del 2026,Límites de compras: - Cuotas sin intereses con límite de compra mensual de Gs; Gs. 50.000.000,,,https://www.bancontinental.com.py/api/comercios?_limit=-1
cb394969bce93aae,Continental,Hogar,Rovus Tapizado,Curuguaty,Hasta 12 cuotas sin intereses,cuotas_sin_intereses,,lunes; martes; miércoles; jueves; viernes; sábado; domingo,,,Todos los días,Vigente hasta el 13 de noviembre del 2026,Límites de compras: - Cuotas sin intereses con límite de compra mensual de Gs; Gs. 50.000.000,,,https://www.bancontinental.com.py/api/comercios?_limit=-1
0ab79ca8becb25e3,Continental,Hogar,San Isidro - Showroom,Encarnación,Hasta 12 cuotas sin intereses; 25% de descuento,descuento,25%,lunes; martes; miércoles; jueves; viernes; sábado; domingo,,,todos los días,Vigente hasta el 20 de febrero de 2027,Límite de compra mensual de hasta Gs; Gs. 50.000.000,,,https://www.bancontinental.com.py/api/comercios?_limit=-1
b417dff3068a5f4d,Continental,Hogar,San Rafael Hogar,No especificado,20%; hasta 18 cuotas sin intereses; 20% de descuento,descuento,20%,lunes; martes; miércoles; jueves; viernes; sábado; domingo,,,Todos los días,Vigente hasta el 13 de febrero del 2027,Límite de compra mensual de hasta Gs; Gs. 50.000.000,,,https://www.bancontinental.com.py/api/comercios?_limit=-1
5d71acdda81bdb6e,Continental,Hogar,Show S.A.,No especificado,Hasta 12 cuotas sin intereses,cuotas_sin_intereses,,lunes; martes; miércoles; jueves; viernes; sábado; domingo,,,Todos los días,Vigente hasta el 03 de marzo de 2027,Límite de compra mensual de hasta Gs; Gs. 50.000.000,,,https://www.bancontinental.com.py/api/comercios?_limit=-1
afc3c25beab34107,Continental,Hogar,Spinelli S.A,San Alberto (Alto Paraná),Hasta 12 cuotas sin intereses,cuotas_sin_intereses,,lunes; martes; miércoles; jueves; viernes; sábado; domingo,,,Todos los días,Vigente hasta el 23 de agosto de 2027,Límite de compra mensual de hasta Gs; Gs. 50.000.000,,,https://www.bancontinental.com.py/api/comercios?_limit=-1
7592e4b9fda3de0d,Continental,Hogar,Spinelli S.R.L,Nueva Esperanza (Canindeyú),Hasta 24 cuotas sin intereses,cuotas_sin_intereses,,lunes; martes; miércoles; jueves; viernes; sábado; domingo,,,Todos los días,Vigente hasta el 14 de enero del 2027,Límite de compras mensual de Gs; Gs. 50.000.000,,,https://www.bancontinental.com.py/api/comercios?_limit=-1
082040e2d37f9888,Continental,Hogar,Sueñolar,No especificado,Hasta 18 cuotas sin intereses,cuotas_sin_intereses,,lunes; martes; miércoles; jueves; viernes; sábado; domingo,,,Todos los días,Vigente hasta el 31 de diciembre del 2026,Límite de compra mensual de hasta Gs; Gs. 50.000.000,,,https://www.bancontinental.com.py/api/comercios?_limit=-1
3b7dd98fa6665be9,Continental,Hogar,Top Iluminaciones,Asunción,20% de reintegro,reintegro,20%,jueves,,,Los jueves,Vigente hasta el 26 de agosto de 2027,Límite de compra mensual de hasta Gs; Gs. 2.000.000,,,https://www.bancontinental.com.py/api/comercios?_limit=-1
66663e113fea54e2,Continental,Hogar,Tu Hogar,Santa Rita (Alto Paraná),Hasta 12 cuotas sin intereses,cuotas_sin_intereses,,lunes; martes; miércoles; jueves; viernes; sábado; domingo,,,Todos los días,Vigente hasta el 25 de junio de 2027,Límite de compra mensual de hasta Gs; Gs. 50.000.000,,,https://www.bancontinental.com.py/api/comercios?_limit=-1
fab26a324cd3bae5,Continental,Hogar,Unamo,Lambaré,Hasta 12 cuotas sin intereses,cuotas_sin_intereses,,lunes; martes; miércoles; jueves; viernes; sábado; domingo,,,Todos los días,Vigente hasta el 08 de diciembre de 2026,Límite de compra mensual de hasta Gs; Gs. 50.000.000,,,https://www.bancontinental.com.py/api/comercios?_limit=-1
9d18785e82542131,Continental,Hogar,Vera e Hijos,Caaguazú,Hasta 12 cuotas sin intereses,cuotas_sin_intereses,,lunes; martes; miércoles; jueves; viernes; sábado; domingo,,,Todos los días,Vigente hasta el 24 de mayo de 2027,Límite de compra mensual de hasta Gs; Gs. 50.000.000,,,https://www.bancontinental.com.py/api/comercios?_limit=-1
32877c835f9cb889,Continental,Hogar,Villa Morra Garden House,Asunción,Hasta 12 cuotas sin intereses,cuotas_sin_intereses,,lunes; martes; miércoles; jueves; viernes; sábado; domingo,,,Todos los días,Vigente hasta el 22 de enero de 2027,Límite de compra mensual de hasta Gs; Gs. 50.000.000,,,https://www.bancontinental.com.py/api/comercios?_limit=-1
0ba45433b34c3733,Continental,Hogar,Vivion - Materiales Eléctricos,Fernando de la Mora,Hasta 12 cuotas sin intereses,cuotas_sin_intereses,,lunes; martes; miércoles; jueves; viernes; sábado; domingo,,,Todos los días,Vigente hasta el 23 de marzo de 2027,Límite de compra mensual de hasta Gs; Gs. 50.000.000,,,https://www.bancontinental.com.py/api/comercios?_limit=-1
92d7c4c7147c3ed0,Continental,Hogar,ZR Distribuidora,Fernando de la Mora,20%; hasta 12 cuotas sin intereses; 20% de reintegro,reintegro,20%,lunes; martes; miércoles; jueves; viernes; sábado; domingo,,,todos los días,Vigente hasta el 11 de febrero de 2027,Límite de compra mensual de hasta Gs; límite de compra mensual de Gs; Gs. 4.000.000; Gs. 50.000.000,,,https://www.bancontinental.com.py/api/comercios?_limit=-1
68e5f863f0f792a1,Continental,Hogar,Ánima,Asunción,Hasta 18 cuotas sin intereses,cuotas_sin_intereses,,lunes; martes; miércoles; jueves; viernes; sábado; domingo,,,Todos los días,Vigente hasta el 21 de septiembre de 2027,Límite de compra mensual de hasta Gs; Gs. 50.000.000,,,https://www.bancontinental.com.py/api/comercios?_limit=-1
10e504f2c07f0c9d,Continental,Hogar,Ñe'ẽ Porã Tecnologia y confort,"San Ignacio, Misiones",20% de reintegro,reintegro,20%,lunes; martes; miércoles; jueves; viernes; sábado; domingo,,,Todos los días,Vigente hasta el 17 de octubre del 2026,Límites de compras: - Reintegros con límite de compra mensual de hasta Gs; límite de compra mensual de Gs; Gs. 5.000.000; Gs. 50.000.000,,,https://www.bancontinental.com.py/api/comercios?_limit=-1
2654e15ba4d3966e,Continental,Hoteles,Hotel Casa Blanca,Hernandarias,Hasta 12 cuotas sin intereses,cuotas_sin_intereses,,lunes; martes; miércoles; jueves; viernes; sábado; domingo,,,Todos los días,Vigente hasta el 29 de octubre de 2026,Límites de compras: - Cuotas sin intereses con límite de compra mensual de Gs; Gs. 50.000.000,,,https://www.bancontinental.com.py/api/comercios?_limit=-1
2509a4b001f093bd,Continental,Hoteles,Hotel Ibis,Asunción,15%; hasta 6 cuotas sin intereses; 15% de reintegro,reintegro,15%,lunes; martes; miércoles; jueves; viernes; sábado; domingo,,,todos los días,Vigente hasta el 11 de marzo de 2027,Límite de compras mensual de hasta Gs; Gs. 2.000.000; Gs. 50.000.000,,,https://www.bancontinental.com.py/api/comercios?_limit=-1
1ec815ec358df2bc,Continental,Hoteles,Hotel Los Olivos,San Estanislao,Hasta 12 cuotas sin intereses,cuotas_sin_intereses,,lunes; martes; miércoles; jueves; viernes; sábado; domingo,,,Todos los días,"Vigente hasta el 02 de abril de 2027 (*) No participan las tarjetas Pre-Pagas, Gourmet Card ni Cabal",Límite de compra mensual de hasta Gs; Gs. 50.000.000,,,https://www.bancontinental.com.py/api/comercios?_limit=-1
45383da9fc48266c,Continental,Hoteles,Hotel Luxsur,Encarnación,Hasta 12 cuotas sin intereses,cuotas_sin_intereses,,lunes; martes; miércoles; jueves; viernes; sábado; domingo,,,Todos los días,Vigente hasta el 25 de septiembre de 2027,Límite de compra mensual de hasta Gs; Gs. 50.000.000,,,https://www.bancontinental.com.py/api/comercios?_limit=-1
53b3249cc9856284,Continental,Hoteles,Hotel Savoy,Encarnación,Hasta 12 cuotas sin intereses,cuotas_sin_intereses,,lunes; martes; miércoles; jueves; viernes; sábado; domingo,,,Todos los días,Vigente hasta el 29 de septiembre de 2027,Límite de compra mensual de hasta Gs; Gs. 50.000.000,,,https://www.bancontinental.com.py/api/comercios?_limit=-1
f068f5bf872265a1,Continental,Hoteles,Hotel Tower's,Salto del Guairá,Hasta 12 cuotas sin intereses,cuotas_sin_intereses,,lunes; martes; miércoles; jueves; viernes; sábado; domingo,,,Todos los días,Vigente hasta el 12 de junio de 2027,Límite de compra mensual de hasta Gs; Gs. 50.000.000,,,https://www.bancontinental.com.py/api/comercios?_limit=-1
893e280ece069c8e,Continental,Hoteles,Hotel de Colleville,San Estanislao,Hasta 12 cuotas sin intereses,cuotas_sin_intereses,,lunes; martes; miércoles; jueves; viernes; sábado; domingo,,,Todos los días,"Vigente hasta el 27 de marzo de 2027 (*) No participan las tarjetas Pre-Pagas, Gourmet Card ni Cabal",Límite de compras mensual de hasta Gs; Gs. 50.000.000,,,https://www.bancontinental.com.py/api/comercios?_limit=-1
c226b763defc2ac9,Continental,Hoteles,La Candelaria - Hotel,Areguá,Hasta 12 cuotas sin intereses,cuotas_sin_intereses,,lunes; martes; miércoles; jueves; viernes; sábado; domingo,,,Todos los días,Vigente hasta el 06 de junio de 2027,Límite de compra mensual de hasta Gs; Gs. 50.000.000,,,https://www.bancontinental.com.py/api/comercios?_limit=-1
8dcb1481a6b391d3,Continental,Hoteles,Las Hortensias - Hotel,Pilar,35% de reintegro; 30% de reintegro,reintegro,35%; 30%,lunes; martes; miércoles; jueves; viernes; sábado; domingo,,,Todos los días,No especificado,Límites de compras: - Reintegros con límite de compra mensual de hasta Gs; Gs. 1.000.000,,,https://www.bancontinental.com.py/api/comercios?_limit=-1
d1f40943987b04a3,Continental,Hoteles,Restaurante - Don Papalo,No especificado,20%; hasta 12 cuotas sin intereses; 20% de reintegro,reintegro,20%,lunes; martes; miércoles; jueves; viernes; sábado; domingo,,,todos los días,Vigente hasta el 06 de diciembre de 2026,Límite de compra mensual de hasta Gs; Gs. 5.000.000; Gs. 50.000.000,,,https://www.bancontinental.com.py/api/comercios?_limit=-1
b5f14bdcdf7f1fff,Continental,Indumentaria,Camping 44,Asunción,25%; Hasta 12 cuotas sin intereses; 25% de reintegro; 20% de reintegro,reintegro,25%; 20%,lunes; martes; miércoles; jueves; viernes; sábado; domingo,,,todos los días,Vigente hasta el 08 de julio de 2027,Límite de compra mensual de hasta Gs; Gs. 3.000.000; Gs. 50.000.000,,,https://www.bancontinental.com.py/api/comercios?_limit=-1
790bab08cad62bb7,Continental,Indumentaria,Estilo Sport Shop,Encarnación,20%; Hasta 12 cuotas sin intereses; 20% de reintegro,reintegro,20%,lunes; martes; miércoles; jueves; viernes; sábado; domingo,,,todos los días,Vigente hasta el 27 de mayo de 2027,Límite de compra mensual de Gs; Gs. 1.000.000; Gs. 50.000.000,,,https://www.bancontinental.com.py/api/comercios?_limit=-1
c4fa76931a452734,Continental,Indumentaria,Las Palmeras Race y Pelotón Ciclismo,Asunción,Hasta 24 cuotas sin intereses,cuotas_sin_intereses,,lunes; martes; miércoles; jueves; viernes; sábado; domingo,,,Todos los días,Vigente hasta el 01 de julio de 2027,Límite de compra mensual de hasta Gs; Gs. 50.000.000,,,https://www.bancontinental.com.py/api/comercios?_limit=-1
d35b55aefd9675f3,Continental,Industrial,Agripiezas,No especificado,Hasta 12 cuotas sin intereses,cuotas_sin_intereses,,lunes; martes; miércoles; jueves; viernes; sábado; domingo,,,Todos los días,Vigente desde el 15 de septiembre de 2026 hasta el 14 de marzo de 2027,Límite de compra mensual de hasta Gs; Gs. 50.000.000,,,https://www.bancontinental.com.py/api/comercios?_limit=-1
e880b9dafb84d59f,Continental,Industrial,Tecnomaq PY,Luque,Hasta 12 cuotas sin intereses,cuotas_sin_intereses,,lunes; martes; miércoles; jueves; viernes; sábado; domingo,,,Todos los días,Vigente hasta el 12 de octubre de 2027,Límite de compra mensual de hasta Gs; Gs. 50.000.000,,,https://www.bancontinental.com.py/api/comercios?_limit=-1
5d33cd2cf5c8ce7d,Continental,Inmobiliarias,Itacuá Bienes Raíces,Asunción,hasta 24 cuotas sin intereses; 10% de descuento,descuento,10%,lunes; martes; miércoles; jueves; viernes; sábado; domingo,,,Todos los días,Vigente hasta el 15 de marzo de 2027,Límite de compra mensual de hasta Gs; Gs. 50.000.000,,,https://www.bancontinental.com.py/api/comercios?_limit=-1
7aca0a333672af68,Continental,Inmobiliarias,Rectora SAE,Mariano Roque Alonso,Hasta 18 cuotas sin intereses,cuotas_sin_intereses,,lunes; martes; miércoles; jueves; viernes; sábado; domingo,,,Todos los días,Vigente hasta el 14 de agosto de 2027,Límite de compra mensual de hasta Gs; Gs. 50.000.000,,,https://www.bancontinental.com.py/api/comercios?_limit=-1
5d10a2638a8118e0,Continental,Joyerías,Franz Di Cor,Hernandarias,Hasta 12 cuotas sin intereses,cuotas_sin_intereses,,lunes; martes; miércoles; jueves; viernes; sábado; domingo,,,Todos los días,Vigente hasta el 07 de agosto de 2027,Límite de compra mensual de hasta Gs; Gs. 50.000.000,,,https://www.bancontinental.com.py/api/comercios?_limit=-1
c5a499dd58ba807f,Continental,Joyerías,PDPAOLA,Asunción,Hasta 12 cuotas sin intereses,cuotas_sin_intereses,,lunes; martes; miércoles; jueves; viernes; sábado; domingo,,,Todos los días,Vigente hasta el 14 de agosto de 2027,Límite de compra mensual de hasta Gs; Gs. 50.000.000,,,https://www.bancontinental.com.py/api/comercios?_limit=-1
551fd1fc79f0eaa3,Continental,Joyerías,Pandora,Asunción,Hasta 12 cuotas sin intereses,cuotas_sin_intereses,,lunes; martes; miércoles; jueves; viernes; sábado; domingo,,,Todos los días,Vigente hasta el 14 de agosto de 2027,Límite de compra mensual de hasta Gs; Gs. 50.000.000,,,https://www.bancontinental.com.py/api/comercios?_limit=-1
52785709e45fa1d0,Continental,Joyerías,Relojeria Diamante,Nueva Esperanza (Canindeyú),Hasta 12 cuotas sin intereses,cuotas_sin_intereses,,lunes; martes; miércoles; jueves; viernes; sábado; domingo,,,Todos los días,Vigente hasta el 03 de agosto de 2027,Límite de compra mensual de hasta Gs; Gs. 50.000.000,,,https://www.bancontinental.com.py/api/comercios?_limit=-1
eaf926bf27c4b0e1,Continental,Joyerías,Swarovski,Asunción,Hasta 12 cuotas sin intereses,cuotas_sin_intereses,,lunes; martes; miércoles; jueves; viernes; sábado; domingo,,,Todos los días,Vigente hasta el 14 de agosto de 2027,Límite de compra mensual de hasta Gs; Gs. 50.000.000,,,https://www.bancontinental.com.py/api/comercios?_limit=-1
31a3cc41a3f1b2df,Continental,Jugueterías,Beluga,Asunción,25% de reintegro; 20% de reintegro,reintegro,25%; 20%,jueves,,,los jueves,Vigente hasta el 21 de enero de 2027,Límite de compra mensual de hasta Gs; Gs. 1.500.000,,,https://www.bancontinental.com.py/api/comercios?_limit=-1
fb46bab646332408,Continental,Jugueterías,Espacio PLP,Curuguaty,Hasta 18 cuotas sin intereses,cuotas_sin_intereses,,lunes; martes; miércoles; jueves; viernes; sábado; domingo,,,Todos los días,Vigente hasta el 29 de octubre de 2026,Límite de compra mensual de hasta Gs; Gs. 50.000.000,,,https://www.bancontinental.com.py/api/comercios?_limit=-1
4bda24fcc592aafb,Continental,Jugueterías,Juguetería Me Encanta,No especificado,15%; Hasta 12 cuotas sin intereses; 15% de descuento,descuento,15%,lunes; martes; miércoles; jueves; viernes; sábado; domingo,,,Todos los días,Vigente hasta el 22 de julio de 2027,Límite de compra mensual de hasta Gs; Gs. 50.000.000,,,https://www.bancontinental.com.py/api/comercios?_limit=-1
6d145b520cc11b83,Continental,Jugueterías,Lili Kids,No especificado,Hasta 12 cuotas sin intereses,cuotas_sin_intereses,,lunes; martes; miércoles; jueves; viernes; sábado; domingo,,,Todos los días,Vigente hasta el 2 de febrero del 2027,Límite de compra mensual de hasta Gs; Gs. 50.000.000,,,https://www.bancontinental.com.py/api/comercios?_limit=-1
7d009b3103e29cf8,Continental,Jugueterías,Teko Baby Shop & Juguetería,No especificado,20% de reintegro,reintegro,20%,jueves,,,Los jueves,Vigente hasta el 05 de febrero de 2027,Límite de compra mensual de hasta Gs; Gs. 2.000.000,,,https://www.bancontinental.com.py/api/comercios?_limit=-1
aa6903f98fb1118e,Continental,Librerías,Arandu Paper,No especificado,20% de reintegro,reintegro,20%,jueves,,,los jueves,Vigente hasta el 29 de abril del 2027,Límite de compras mensual de Gs; Gs. 500.000,,,https://www.bancontinental.com.py/api/comercios?_limit=-1
f365a7cec2fbd5e9,Continental,Librerías,El Lector,Asunción,Hasta 12 cuotas sin intereses,cuotas_sin_intereses,,lunes; martes; miércoles; jueves; viernes; sábado; domingo,,,Todos los días,Vigente hasta el 06 de noviembre del 2026,Límite de compras mensual de hasta Gs; Gs. 50.000.000,,,https://www.bancontinental.com.py/api/comercios?_limit=-1
dc7ba136144ba09b,Continental,Librerías,Librería Creativa,Col. Hohenau,20% de reintegro,reintegro,20%,jueves,,,los jueves,Vigente hasta el 25 de febrero de 2027,Límite de compras mensual de hasta Gs; Gs. 1.000.000,,,https://www.bancontinental.com.py/api/comercios?_limit=-1
3db3813a2dff0b80,Continental,Librerías,Librería Emanuel,Col. Hohenau,20% de reintegro,reintegro,20%,jueves,,,los jueves,Vigente hasta el 22 de abril del 2027,Límite de compras mensual de Gs; Gs. 500.000,,,https://www.bancontinental.com.py/api/comercios?_limit=-1
35eb4d380423bd96,Continental,Librerías,Resma - Papelería e Insumos,Caaguazú,20%; Hasta 12 cuotas sin intereses; 20% de reintegro,reintegro,20%,lunes; martes; miércoles; jueves; viernes; sábado; domingo,,,todos los días,Vigente hasta el 02 de septiembre de 2027,Límite de compra mensual de hasta Gs; Gs. 500.000; Gs. 50.000.000,,,https://www.bancontinental.com.py/api/comercios?_limit=-1
6d13e453a985508c,Continental,Mueblerías,Anjos Colchones,Todo el país,20%; hasta 12 cuotas sin intereses; 20% de descuento,descuento,20%,lunes; martes; miércoles; jueves; viernes; sábado; domingo,,,todos los días,Vigente hasta el 28 de febrero de 2027,Límite de compra mensual de Gs; Gs. 50.000.000,,,https://www.bancontinental.com.py/api/comercios?_limit=-1
5d3f843e71d91963,Continental,Mueblerías,Baza Rattan,Capiatá,Hasta 12 cuotas sin intereses,cuotas_sin_intereses,,lunes; martes; miércoles; jueves; viernes; sábado; domingo,,,Todos los días,Vigente hasta el 16 de julio de 2027,Límite de compra mensual de hasta Gs; Gs. 50.000.000,,,https://www.bancontinental.com.py/api/comercios?_limit=-1
a42d3bfbc1856368,Continental,Mueblerías,Innovando,Presidente Franco,Hasta 12 cuotas sin intereses,cuotas_sin_intereses,,lunes; martes; miércoles; jueves; viernes; sábado; domingo,,,Todos los días,Vigente hasta el 30 de abril de 2027,Límite de compra mensual de hasta Gs; Gs. 50.000.000,,,https://www.bancontinental.com.py/api/comercios?_limit=-1
ca71240f3681a330,Continental,Mueblerías,Malou Mueblería,Loma Plata,Hasta 12 cuotas sin intereses,cuotas_sin_intereses,,lunes; martes; miércoles; jueves; viernes; sábado; domingo,,,Todos los días,Vigente desde el 27 de mayo de 2025 hasta el 26 de mayo de 2027,Límite de compra mensual de hasta Gs; Gs. 50.000.000,,,https://www.bancontinental.com.py/api/comercios?_limit=-1
a62f05c153222d39,Continental,Mueblerías,Mansion Design,Encarnación,20%; Hasta 18 cuotas sin intereses; 20% de reintegro,reintegro,20%,lunes; martes; miércoles; jueves; viernes; sábado; domingo,,,todos los días,Vigente hasta el 27 de mayo de 2027,Límite de compra mensual de Gs; Gs. 5.000.000; Gs. 50.000.000,,,https://www.bancontinental.com.py/api/comercios?_limit=-1
969c73356d39e63f,Continental,Mueblerías,Mecal Muebles,No especificado,35%; Hasta 24 cuotas sin intereses; 35% de descuento,descuento,35%,lunes; martes; miércoles; jueves; viernes; sábado; domingo,,,Todos los días,Vigente hasta el 16 de junio de 2027,Límite de compra mensual de hasta Gs; Gs. 50.000.000,,,https://www.bancontinental.com.py/api/comercios?_limit=-1
a164ecb8bd917ddf,Continental,Mueblerías,Mueblería Paraíso,Loma Plata,Hasta 12 cuotas sin intereses,cuotas_sin_intereses,,lunes; martes; miércoles; jueves; viernes; sábado; domingo,,,Todos los días,Vigente desde el 27 de mayo de 2025 hasta el 26 de mayo de 2027,Límite de compra mensual de hasta Gs; Gs. 50.000.000,,,https://www.bancontinental.com.py/api/comercios?_limit=-1
68610411c398d3fc,Continental,Mueblerías,Superspuma,No especificado,Hasta 12 cuotas sin intereses,cuotas_sin_intereses,,lunes; martes; miércoles; jueves; viernes; sábado; domingo,,,Todos los días,Vigente hasta el 31 de diciembre del 2026,Límites de compras: - Cuotas sin intereses con límite de compra mensual de Gs; Gs. 50.000.000,,,https://www.bancontinental.com.py/api/comercios?_limit=-1
82e737114d276925,Continental,Mueblerías,Vintage and Wood,Asunción,Hasta 12 cuotas sin intereses,cuotas_sin_intereses,,lunes; martes; miércoles; jueves; viernes; sábado; domingo,,,Todos los días,Vigente hasta el 07 de octubre del 2026,Límites de compras: - Cuotas sin intereses con límite de compra mensual de Gs; Gs. 50.000.000,,,https://www.bancontinental.com.py/api/comercios?_limit=-1
d953af66815647b4,Continental,Municipalidades,Municipalidades,No especificado,Hasta 12 cuotas sin intereses,cuotas_sin_intereses,,lunes; martes; miércoles; jueves; viernes; sábado; domingo,,,Todos los días,Vigente hasta el 13 de junio de 2027,Limite de compra mensual de hasta Gs; Gs. 50.000.000,,,https://www.bancontinental.com.py/api/comercios?_limit=-1
27047f20441f5e51,Continental,Peluquerías y Spas,1811 Salon,Fernando de la Mora,35%; Hasta 6 cuotas sin intereses; 35% de reintegro; 25% de reintegro,reintegro,35%; 25%,lunes; martes; miércoles; jueves; viernes; sábado; domingo,,,todos los días,Vigente hasta el 16 de enero de 2027,Límite de compra mensual de hasta Gs; Gs. 2.000.000; Gs. 1.000.000; Gs. 50.000.000,,,https://www.bancontinental.com.py/api/comercios?_limit=-1
848f4b42b74363f5,Continental,Peluquerías y Spas,AS Alta Performance,Asunción,10%; hasta 12 cuotas sin intereses; 10% de descuento,descuento,10%,lunes; martes; miércoles; jueves; viernes; sábado; domingo,,,Todos los días,Vigente hasta el 28 de noviembre de 2026,Límite de compras: - Cuotas sin intereses con límite de compra mensual de Gs; Gs. 50.000.000,,,https://www.bancontinental.com.py/api/comercios?_limit=-1
1fad50a3d2ec7cc5,Continental,Peluquerías y Spas,Bomo,Asunción,35% de reintegro; 25% de reintegro; 20% de reintegro,reintegro,35%; 25%; 20%,sábado,,,Los sábados,Vigente hasta el 16 de enero de 2027,Límite de compra mensual de hasta Gs; Gs. 2.000.000; Gs. 1.000.000,,,https://www.bancontinental.com.py/api/comercios?_limit=-1
c81d49c93f1bd2d6,Continental,Peluquerías y Spas,Centro Legrand,Asunción,50%; hasta 24 cuotas sin intereses; 50% de descuento; 20% de descuento,descuento,50%; 20%,lunes; martes; miércoles; jueves; viernes; sábado; domingo,,,todos los días,Vigente hasta el 04 de abril de 2027,Límite de compra mensual de Gs; Gs. 50.000.000,,,https://www.bancontinental.com.py/api/comercios?_limit=-1
70cc734f171b17ec,Continental,Peluquerías y Spas,Clínica de la Belleza,"San Ignacio, Misiones",10% de descuento,descuento,10%,lunes; martes; miércoles; jueves; viernes; sábado; domingo,,,Todos los días,Vigente hasta el 02 de diciembre del 2026,Límites de compras: - Cuotas sin intereses con límite de compra mensual de Gs; Gs. 50.000.000,,,https://www.bancontinental.com.py/api/comercios?_limit=-1
93463828d76db505,Continental,Peluquerías y Spas,Joseph - Coronel Oviedo,Coronel Oviedo,35% de reintegro; 25% de reintegro; 20% de reintegro,reintegro,35%; 25%; 20%,sábado,,,Los sábados,Vigente hasta el 16 de enero de 2027,Límite de compra mensual de hasta Gs; Gs. 2.000.000; Gs. 1.000.000; Gs. 500.000,,,https://www.bancontinental.com.py/api/comercios?_limit=-1
974d456550e37950,Continental,Peluquerías y Spas,LCC Spa Urbano,Coronel Oviedo,35% de reintegro; 25% de reintegro; 20% de reintegro,reintegro,35%; 25%; 20%,sábado,,,Los sábados,Vigente hasta el 16 de enero de 2027,Límite de compra mensual de hasta Gs; Gs. 2.000.000; Gs. 1.000.000; Gs. 500.000,,,https://www.bancontinental.com.py/api/comercios?_limit=-1
cfbc432e3e635d30,Continental,Peluquerías y Spas,Liana Hair Club,"San Ignacio, Misiones",Hasta 12 cuotas sin intereses,cuotas_sin_intereses,,lunes; martes; miércoles; jueves; viernes; sábado; domingo,,,Todos los días,Vigente hasta el 08 de abril de 2027,Límite de compra mensual de hasta Gs; Gs. 50.000.000,,,https://www.bancontinental.com.py/api/comercios?_limit=-1
5ff968734e254b00,Continental,Peluquerías y Spas,Maison Mint,No especificado,20% de reintegro; 25% de reintegro; 35% de reintegro,reintegro,20%; 25%; 35%,sábado,,,los sábados,Vigente hasta el 03 de febrero del 2027,Límite de compra mensual de hasta Gs; Gs. 500.000; Gs. 1.000.000; Gs. 2.000.000,,,https://www.bancontinental.com.py/api/comercios?_limit=-1
af651ee07868d341,Continental,Peluquerías y Spas,Majestik,Asunción,15%; Hasta 6 cuotas sin intereses; 15% de descuento,descuento,15%,lunes; martes; miércoles; jueves; viernes; sábado; domingo,,,todos los días,Vigente hasta el 17 de octubre de 2026,Límite de compra mensual de hasta Gs; Gs. 50.000.000,,,https://www.bancontinental.com.py/api/comercios?_limit=-1
7f7b37c7d2b534e4,Continental,Peluquerías y Spas,Mel Peluquería & Barbería,Asunción,35% de reintegro; 25% de reintegro; 20% de reintegro,reintegro,35%; 25%; 20%,sábado,,,Los sábados,Vigente hasta el 16 de enero de 2027,Límite de compra mensual de hasta Gs; Gs. 2.000.000; Gs. 1.000.000,,,https://www.bancontinental.com.py/api/comercios?_limit=-1
88a13caf7999cae2,Continental,Peluquerías y Spas,Peluquerías y Spas,No especificado,35% de reintegro; 25% de reintegro,reintegro,35%; 25%,sábado,,,los sábados,Vigente hasta el 16 de enero del 2027,Límites de compras: - Reintegros del 35% con límite de compra mensual de hasta Gs; límite de compra mensual de hasta Gs; Gs. 2.000.000; Gs. 1.000.000,,,https://www.bancontinental.com.py/api/comercios?_limit=-1
319e026eb43ac62a,Continental,Peluquerías y Spas,Renew clinic & spa,No especificado,Hasta 12 cuotas sin intereses,cuotas_sin_intereses,,lunes; martes; miércoles; jueves; viernes; sábado; domingo,,,Todos los días,Vigente hasta el 16 de enero del 2027,Límite de compra mensual de hasta Gs; Gs. 50.000.000,,,https://www.bancontinental.com.py/api/comercios?_limit=-1
5a572da44468d9c8,Continental,Peluquerías y Spas,Soham,Asunción,hasta 18 cuotas sin intereses; 35% de reintegro; 25% de reintegro,reintegro,35%; 25%,lunes; martes; miércoles; jueves; viernes; sábado; domingo,,,todos los días,Vigente hasta el 15 de enero del 2027,Límite de compra mensual de hasta Gs; límite de compra mensual de Gs; Gs. 2.000.000; Gs. 1.000.000; Gs. 50.000.000,,,https://www.bancontinental.com.py/api/comercios?_limit=-1
f0d3bfafe65a9133,Continental,Privilege,360 Sneaker Store - Privilege,Asunción,Hasta 12 cuotas sin intereses; 25% de reintegro,reintegro,25%,lunes; martes; miércoles; jueves; viernes; sábado; domingo,,,todos los días,Vigente hasta el 03 de junio de 2027,Límite de compra mensual de hasta Gs; Gs. 3.000.000; Gs. 50.000.000,,,https://www.bancontinental.com.py/api/comercios?_limit=-1
413edc823de6bd48,Continental,Privilege,Birkenstock - Privilege,No especificado,25% de reintegro,reintegro,25%,jueves,,,los jueves,Vigente hasta el 13 de noviembre de 2026,Límite de compra mensual de hasta Gs; Gs. 1.000.000,,,https://www.bancontinental.com.py/api/comercios?_limit=-1
28855d10b14e82ca,Continental,Privilege,Bodega Boutique - Privilege,Asunción,25% de reintegro,reintegro,25%,viernes,,,Los viernes,Vigente hasta el 25 de septiembre de 2026,Límite de compra mensual de hasta Gs; Gs. 1.000.000,,,https://www.bancontinental.com.py/api/comercios?_limit=-1
befcc0278ea0ee60,Continental,Privilege,Champs Elysées - Privilege,No especificado,hasta 12 cuotas sin intereses; 25% de reintegro,reintegro,25%,lunes; martes; miércoles; jueves; viernes; sábado; domingo,,,todos los días,Vigente hasta el 01 de octubre de 2026,Límites de compras: - Reintegros con límite de compra mensual de hasta Gs; límite de compra mensual de Gs; Gs. 2.000.000; Gs. 50.000.000,,,https://www.bancontinental.com.py/api/comercios?_limit=-1
3b8cb57a4ca4a5b4,Continental,Privilege,De Marie,No especificado,Hasta 12 cuotas sin intereses; 25% de reintegro,reintegro,25%,lunes; martes; miércoles; jueves; viernes; sábado; domingo,,,todos los días,Vigente hasta el 03 de junio de 2027,Límite de compra mensual de hasta Gs; Gs. 3.000.000; Gs. 50.000.000,,,https://www.bancontinental.com.py/api/comercios?_limit=-1
228c159c02534b8c,Continental,Privilege,El Negro Suplementos - Privilege,Asunción,35%; Hasta 12 cuotas sin intereses; 15% de reintegro; 35% de descuento,reintegro,35%; 15%,lunes; martes; miércoles; jueves; viernes; sábado; domingo,,,todos los días,Vigente hasta el 17 de junio de 2027,Límite de compra mensual de hasta Gs; Gs. 1.000.000; Gs. 50.000.000,,,https://www.bancontinental.com.py/api/comercios?_limit=-1
cb40b107d1860f6e,Continental,Privilege,Energy - Privilege,No especificado,25% de reintegro,reintegro,25%,viernes,,,los viernes,Vigente hasta el 12 de marzo de 2027,Límites de compras: - Límite de compra semanal de Gs; Gs. 500.000,,,https://www.bancontinental.com.py/api/comercios?_limit=-1
f158208addeb6ad0,Continental,Privilege,ISDIN - Privilege,No especificado,hasta 12 cuotas sin intereses; 25% de reintegro,reintegro,25%,lunes; martes; miércoles; jueves; viernes; sábado; domingo,,,todos los días,Vigente hasta el 01 de octubre de 2026,Límites de compras: - Reintegros con límite de compra mensual de hasta Gs; límite de compra mensual de Gs; Gs. 2.000.000; Gs. 50.000.000,,,https://www.bancontinental.com.py/api/comercios?_limit=-1
701febeccb608839,Continental,Privilege,Meta Kids - Privilege,No especificado,Hasta 12 cuotas sin intereses; 25% de reintegro,reintegro,25%,lunes; martes; miércoles; jueves; viernes; sábado; domingo,,,todos los días,Vigente hasta el 03 de junio de 2027,Límite de compra mensual de hasta Gs; Gs. 3.000.000; Gs. 50.000.000,,,https://www.bancontinental.com.py/api/comercios?_limit=-1
e2f6d9f0d87783f2,Continental,Privilege,Meta Sports - Privilege,No especificado,Hasta 12 cuotas sin intereses; 25% de reintegro,reintegro,25%,lunes; martes; miércoles; jueves; viernes; sábado; domingo,,,todos los días,Vigente hasta el 03 de junio de 2027,Límite de compra mensual de hasta Gs; Gs. 3.000.000; Gs. 50.000.000,,,https://www.bancontinental.com.py/api/comercios?_limit=-1
1767f2430f60c73c,Continental,Privilege,Nike - Privilege,No especificado,25%; Hasta 12 cuotas sin intereses; 25% de reintegro,reintegro,25%,lunes; martes; miércoles; jueves; viernes; sábado; domingo,,,todos los días,Vigente hasta el 03 de junio de 2027,Límite de compra mensual de hasta Gs; Gs. 3.000.000; Gs. 50.000.000,,,https://www.bancontinental.com.py/api/comercios?_limit=-1
16cd97801f06413d,Continental,Privilege,O Boticário - Privilege,No especificado,hasta 12 cuotas sin intereses; 25% de reintegro,reintegro,25%,lunes; martes; miércoles; jueves; viernes; sábado; domingo,,,todos los días,Vigente hasta el 01 de octubre del 2026,Límites de compras: - Reintegros con límite de compra mensual de hasta Gs; límite de compra mensual de Gs; Gs. 2.000.000; Gs. 50.000.000,,,https://www.bancontinental.com.py/api/comercios?_limit=-1
45435928f9079964,Continental,Privilege,Privilege - Peluquerías y Spa,No especificado,35% de reintegro,reintegro,35%,sábado,,,los sábados,Vigente hasta el 16 de enero del 2027,Límites de compras: - Reintegros con límite de compra mensual de hasta Gs; Gs. 2.000.000,,,https://www.bancontinental.com.py/api/comercios?_limit=-1
55298db8d5f3e9d3,Continental,Privilege,Privilege - Restaurantes,No especificado,35% de reintegro,reintegro,35%,sábado,,,los sábados,Vigente hasta el 24 de octubre del 2026,Límites de compras: - Reintegros con límite de compra mensual de hasta Gs; Gs. 2.000.000,,,https://www.bancontinental.com.py/api/comercios?_limit=-1
d9e168b11860b831,Continental,Privilege,Promo cumpleaños - Privilege,Todo el país,50%,reintegro,50%,,,,No especificado,Vigente desde el 27 de agosto hasta el 26 de noviembre de 2026,Límite de compra de hasta Gs; Gs. 1.000.000,,,https://www.bancontinental.com.py/api/comercios?_limit=-1
c8533b5667097cd6,Continental,Privilege,Rookie - Privilege,No especificado,Hasta 12 cuotas sin intereses; 25% de reintegro,reintegro,25%,lunes; martes; miércoles; jueves; viernes; sábado; domingo,,,todos los días,Vigente hasta el 03 de junio de 2027,Límite de compra mensual de hasta Gs; Gs. 3.000.000; Gs. 50.000.000,,,https://www.bancontinental.com.py/api/comercios?_limit=-1
c28a3bb177192071,Continental,Privilege,Springfield - Privilege,No especificado,hasta 12 cuotas sin intereses; 25% de reintegro,reintegro,25%,lunes; martes; miércoles; jueves; viernes; sábado; domingo,,,todos los días,Vigente hasta el 01 de octubre del 2026,Límites de compras: - Reintegros con límite de compra mensual de hasta Gs; límite de compra mensual de Gs; Gs. 2.000.000; Gs. 50.000.000,,,https://www.bancontinental.com.py/api/comercios?_limit=-1
3d255f9017cc8f90,Continental,Privilege,Top Tenis - Privilege,Asunción,Hasta 12 cuotas sin intereses; 25% de reintegro,reintegro,25%,lunes; martes; miércoles; jueves; viernes; sábado; domingo,,,todos los días,Vigente hasta el 28 de mayo de 2027,Límite de compra mensual de hasta Gs; Gs. 3.000.000; Gs. 50.000.000,,,https://www.bancontinental.com.py/api/comercios?_limit=-1
317418ba0f24469d,Continental,Privilege,Vans - Privilege,Asunción,25%; Hasta 12 cuotas sin intereses; 25% de reintegro,reintegro,25%,lunes; martes; miércoles; jueves; viernes; sábado; domingo,,,todos los días,Vigente hasta el 03 de junio de 2027,Límite de compra mensual de hasta Gs; Gs. 3.000.000; Gs. 50.000.000,,,https://www.bancontinental.com.py/api/comercios?_limit=-1
e6293579c961b391,Continental,Privilege,Women'Secret - Privilege,No especificado,hasta 12 cuotas sin intereses; 25% de reintegro,reintegro,25%,lunes; martes; miércoles; jueves; viernes; sábado; domingo,,,todos los días,Vigente hasta el 01 de octubre del 2026,Límites de compras: - Reintegros del 25% con límite de compra mensual de hasta Gs; límite de compra mensual de Gs; Gs. 2.000.000; Gs. 50.000.000,,,https://www.bancontinental.com.py/api/comercios?_limit=-1
2e383eb6286806c4,Continental,Promociones especiales,Adelanto en efectivo,Todo el país,hasta 12 cuotas sin intereses,cuotas_sin_intereses,,lunes; martes; miércoles; jueves; viernes; sábado; domingo,,,Todos los días,Vigente hasta el 24 de junio de 2027,Límite de retiro mensual de hasta Gs; Gs. 50.000.000,,,https://www.bancontinental.com.py/api/comercios?_limit=-1
2cdad7f49a7e44ca,Continental,Promociones especiales,Bigg Running Festival,Asunción,10% de reintegro,reintegro,10%,,,,No especificado,Vigente hasta el 10 de octubre de 2026,Límite de compra mensual de hasta Gs; Gs. 250.000,,,https://www.bancontinental.com.py/api/comercios?_limit=-1
fa1a675dba59a4b5,Continental,Promociones especiales,Forever 21 - Primavera,Asunción,50%; 10% de reintegro; 50% de descuento,reintegro,50%; 10%,,,,No especificado,Vigente hasta el 28 de septiembre de 2026,Límite de compra de hasta Gs; Gs. 1.000.000,,,https://www.bancontinental.com.py/api/comercios?_limit=-1
3a333fde24fc5f59,Continental,Promociones especiales,Go Park,No especificado,20%; Hasta 6 cuotas sin intereses; 20% de reintegro,reintegro,20%,,,,No especificado,Vigente hasta el 23 de septiembre de 2026,Límite de compra mensual de hasta Gs; Gs. 2.000.000; Gs. 50.000.000,,,https://www.bancontinental.com.py/api/comercios?_limit=-1
d30842bcc08c972e,Continental,Promociones especiales,Koala,Todo el país,50%; Hasta 12 cuotas sin intereses; 10% de reintegro; 45% de descuento,reintegro,50%; 10%; 45%,lunes; martes; miércoles; jueves; viernes; sábado; domingo,,,todos los días,Vigente hasta el 10 de septiembre de 2026,Límite de compra mensual de hasta Gs; Gs. 5.000.000; Gs. 50.000.000,,,https://www.bancontinental.com.py/api/comercios?_limit=-1
56fcadf3f2b00f6d,Continental,Promociones especiales,Las Hortensias - Cine,Pilar,50% de reintegro,reintegro,50%,lunes; martes; miércoles; jueves; viernes; sábado; domingo,,,Todos los días,Vigente hasta el 10 de junio del 2027,Límite de compra mensual de hasta Gs; Gs. 500.000,,,https://www.bancontinental.com.py/api/comercios?_limit=-1
f1a05157ed6ebdee,Continental,Promociones especiales,Primavera - 2026,Todo el país,25% de reintegro,reintegro,25%,,,,No especificado,Vigente hasta el 21 de septiembre de 2026,Límite de compra de hasta Gs; Gs. 300.000; Gs. 500.000,,,https://www.bancontinental.com.py/api/comercios?_limit=-1
4f5d4c2862f849c0,Continental,Promociones especiales,Puerto Liebig,Asunción,Hasta 12 cuotas sin intereses,cuotas_sin_intereses,,lunes; martes; miércoles; jueves; viernes; sábado; domingo,,,Todos los días,Vigente hasta el 12 de marzo de 2027,Límite de compra mensual de hasta Gs; Gs. 90.000.000,,,https://www.bancontinental.com.py/api/comercios?_limit=-1
b36a3dd3df63437a,Continental,Promociones especiales,Tiendas Pilar,Todo el país,20%; Hasta 12 cuotas sin intereses; 30% de reintegro,reintegro,20%; 30%,,,,No especificado,No especificado,Límite de compra mensual de hasta Gs; Gs. 3.000.000; Gs. 50.000.000,,,https://www.bancontinental.com.py/api/comercios?_limit=-1
7c3f05fd71ebb681,Continental,Promociones especiales,UNISAL Universidad San Lorenzo,Todo el país,20%; Hasta 12 cuotas sin intereses; 20% de reintegro,reintegro,20%,lunes; martes; miércoles; jueves; viernes; sábado; domingo,,,todos los días,No especificado,Límite de compra mensual de hasta Gs; Gs. 2.500.000; Gs. 50.000.000,,,https://www.bancontinental.com.py/api/comercios?_limit=-1
42f442116529a4b6,Continental,Promociones especiales,Universo Electrodomésticos,Todo el país,Hasta 18 cuotas sin intereses,cuotas_sin_intereses,,,,,No especificado,Vigente hasta el 30 de septiembre de 2027,Límite de compra mensual de hasta Gs; Gs. 50.000.000,,,https://www.bancontinental.com.py/api/comercios?_limit=-1
85d08e18fb2d4b29,Continental,Promociones especiales,Ánima - Promo especial,Asunción,30%; Hasta 18 cuotas sin intereses; 30% de reintegro,reintegro,30%,lunes; martes; miércoles; jueves; viernes; sábado; domingo,,,todos los días,Vigente hasta el 05 de septiembre de 2026,Límite de compra mensual de hasta Gs; Gs. 15.000.0000; Gs. 50.000.000,,,https://www.bancontinental.com.py/api/comercios?_limit=-1
15eea61e0a7c344b,Continental,Puma Flota,Puma Flota,No especificado,Ver descripción,beneficio,,,,,No especificado,No especificado,No especificado,,,https://www.bancontinental.com.py/api/comercios?_limit=-1
d26d77fb515c574d,Continental,Salud,Aries,Asunción,Hasta 12 cuotas sin intereses,cuotas_sin_intereses,,lunes; martes; miércoles; jueves; viernes; sábado; domingo,,,Todos los días,Vigente hasta el 20 de agosto de 2027,Límite de compra mensual de hasta Gs; Gs. 50.000.000,,,https://www.bancontinental.com.py/api/comercios?_limit=-1
0dc1b55a8f9b97be,Continental,Salud,CREA espacio para la familia,Asunción,15%; Hasta 12 cuotas sin intereses; 15% en caja,cuotas_sin_intereses,15%,lunes; martes; miércoles; jueves; viernes; sábado; domingo,,,Todos los días,"Vigente hasta el 30 de abril del 2026 Todos los días, en todos los laboratorios, clínicas y sanatorios del país",Límite de compra mensual de hasta Gs; Limite de compra mensual de hasta Gs; Gs. 1.000.000; Gs. 50.000.000,,,https://www.bancontinental.com.py/api/comercios?_limit=-1
eb043cd45fe17cca,Continental,Salud,Caofa,Ciudad del Este,20% de reintegro,reintegro,20%,jueves,,,los jueves,Vigente hasta el 03 de diciembre de 2026,Límite de compras mensual de hasta Gs; Gs. 2.500.000,,,https://www.bancontinental.com.py/api/comercios?_limit=-1
e7ad42ca0fce3392,Continental,Salud,Centro Auditivo,Asunción,Hasta 12 cuotas sin intereses,cuotas_sin_intereses,,lunes; martes; miércoles; jueves; viernes; sábado; domingo,,,Todos los días,Vigente hasta el 28 de octubre del 2026,Límites de compras: - Cuotas sin intereses con límite de compra mensual de Gs; Gs. 50.000.000,,,https://www.bancontinental.com.py/api/comercios?_limit=-1
d0f3f7674784b0e8,Continental,Salud,Clinica Clio clínica,Asunción,Hasta 12 cuotas sin intereses,cuotas_sin_intereses,,lunes; martes; miércoles; jueves; viernes; sábado; domingo,,,Todos los días,Vigente hasta el 7 de enero de 2027,Límite de compra mensual de hasta Gs; Gs. 50.000.000,,,https://www.bancontinental.com.py/api/comercios?_limit=-1
872e9de57a58c127,Continental,Salud,Clínica Blessed,No especificado,Hasta 12 cuotas sin intereses,cuotas_sin_intereses,,lunes; martes; miércoles; jueves; viernes; sábado; domingo,,,Todos los días,Vigente hasta el 23 de febrero del 2027,Límite de compra mensual de hasta Gs; Gs. 50.000.000,,,https://www.bancontinental.com.py/api/comercios?_limit=-1
fe5a24d1482acf57,Continental,Salud,Clínica Odontoestética,Asunción,30%; hasta 18 cuotas sin intereses; 30% de descuento,descuento,30%,lunes; martes; miércoles; jueves; viernes; sábado; domingo,,,Todos los días,Vigente hasta el 07 de noviembre del 2026,Límites de compras: - Cuotas sin intereses con límite de compra mensual de Gs; Gs. 50.000.000,,,https://www.bancontinental.com.py/api/comercios?_limit=-1
57aa192ba8c81a57,Continental,Salud,Clínica Odontológica Santa Teresa,San Estanislao,30% de descuento,descuento,30%,lunes; martes; miércoles; jueves; viernes; sábado; domingo,,,Todos los días,Vigente hasta el 10 de noviembre del 2026,Límites de compras: - Cuotas sin intereses con límite de compra mensual de Gs; Gs. 50.000.000,,,https://www.bancontinental.com.py/api/comercios?_limit=-1
eb9f7ca34756beb6,Continental,Salud,Clínica Victoria,No especificado,Hasta 12 cuotas sin intereses,cuotas_sin_intereses,,lunes; martes; miércoles; jueves; viernes; sábado; domingo,,,Todos los días,Vigente hasta el 18 de febrero del 2027,Límite de compra mensual de hasta Gs; Gs. 50.000.000,,,https://www.bancontinental.com.py/api/comercios?_limit=-1
54fc07afc743bae7,Continental,Salud,Cordia Estudio Odontologico,Asunción,Hasta 12 cuotas sin intereses,cuotas_sin_intereses,,lunes; martes; miércoles; jueves; viernes; sábado; domingo,,,Todos los días,Vigente hasta el 01 de octubre del 2026,Límite de compras mensual de hasta Gs; Gs. 50.000.000,,,https://www.bancontinental.com.py/api/comercios?_limit=-1
e733bb052543a1e0,Continental,Salud,Doctor Hair,No especificado,20%; hasta 12 cuotas sin intereses; 20% de reintegro,reintegro,20%,lunes; martes; miércoles; jueves; viernes; sábado; domingo,,,todos los días,Vigente hasta el 12 de noviembre de 2026,Límite de compra mensual de hasta Gs; Límite de compra mensual de Gs; Gs. 1.500.000; Gs. 50.000.000,,,https://www.bancontinental.com.py/api/comercios?_limit=-1
be22c73de7df463a,Continental,Salud,Dra. Marianne Insua - El Centro S.A,Encarnación,Hasta 12 cuotas sin intereses,cuotas_sin_intereses,,lunes; martes; miércoles; jueves; viernes; sábado; domingo,,,Todos los días,Vigente hasta el 20 de julio de 2027,Límite de compra mensual de hasta Gs; Gs. 50.000.000,,,https://www.bancontinental.com.py/api/comercios?_limit=-1
535190230c1a6a13,Continental,Salud,El Buen Samaritano - EBSA,Asunción,Hasta 12 cuotas sin intereses,cuotas_sin_intereses,,lunes; martes; miércoles; jueves; viernes; sábado; domingo,,,Todos los días,Vigente hasta el 25 de agosto de 2027,Límite de compra mensual de hasta Gs; Gs. 50.000.000,,,https://www.bancontinental.com.py/api/comercios?_limit=-1
64af5ab05b054903,Continental,Salud,Fecundart Neovitae,Asunción,Hasta 18 cuotas sin intereses,cuotas_sin_intereses,,lunes; martes; miércoles; jueves; viernes; sábado; domingo,,,Todos los días,Vigente hasta el 25 de marzo de 2027,Límite de compra mensual de hasta Gs; Gs. 50.000.000,,,https://www.bancontinental.com.py/api/comercios?_limit=-1
7341bb3c38356de6,Continental,Salud,Gaesa,Asunción,20% de reintegro,reintegro,20%,jueves,,,los jueves,Vigente hasta el 03 de diciembre de 2026,Límite de compras mensual de hasta Gs; Gs. 2.500.000,,,https://www.bancontinental.com.py/api/comercios?_limit=-1
965168a9e804804f,Continental,Salud,Hair Recovery,No especificado,20%; hasta 24 cuotas sin intereses; 20% de descuento,descuento,20%,lunes; martes; miércoles; jueves; viernes; sábado; domingo,,,todos los días,Vigente hasta el 04 de abril de 2027,Límite de compra mensual de Gs; Gs. 50.000.000,,,https://www.bancontinental.com.py/api/comercios?_limit=-1
56dc27990696c57c,Continental,Salud,Interlab - Grupo Guide,Luque,10%; Hasta 12 cuotas sin intereses; 5% de reintegro; 5% de descuento,reintegro,10%; 5%,lunes; martes; miércoles; jueves; viernes; sábado; domingo,,,Todos los días,Vigente hasta el 01 de junio del 2027,Límite de compra mensual de hasta Gs; Gs. 2.000.000; Gs. 50.000.000,,,https://www.bancontinental.com.py/api/comercios?_limit=-1
09dccd4dfa64e1c8,Continental,Salud,Laboratorio San Juan,No especificado,Hasta 12 cuotas sin intereses,cuotas_sin_intereses,,lunes; martes; miércoles; jueves; viernes; sábado; domingo,,,Todos los días,Vigente hasta el 13 de octubre del 2026,Límites de compras: - Cuotas sin intereses con límite de compra mensual de Gs; Gs. 50.000.000,,,https://www.bancontinental.com.py/api/comercios?_limit=-1
64754918c823d740,Continental,Salud,"Laboratorios, clínicas y sanatorios del país",No especificado,Hasta 12 cuotas sin intereses,cuotas_sin_intereses,,lunes; martes; miércoles; jueves; viernes; sábado; domingo,,,Todos los días,"Vigente hasta el 31 de diciembre del 2026 (*) No participan las tarjetas Pre-Pagas, Gourmet Card ni Cabal",Limite de compra mensual de hasta Gs; Gs. 50.000.000,,,https://www.bancontinental.com.py/api/comercios?_limit=-1
fa0939499eb0cea5,Continental,Salud,Margraf Dental Center,Asunción,Hasta 18 cuotas sin intereses,cuotas_sin_intereses,,lunes; martes; miércoles; jueves; viernes; sábado; domingo,,,Todos los días,Vigente hasta el 21 de diciembre del 2026,Límites de compras: - Cuotas sin intereses con límite de compra mensual de Gs; Gs. 50.000.000,,,https://www.bancontinental.com.py/api/comercios?_limit=-1
660ab90efa456067,Continental,Salud,Microsonic,Asunción,Hasta 12 cuotas sin intereses,cuotas_sin_intereses,,lunes; martes; miércoles; jueves; viernes; sábado; domingo,,,Todos los días,Vigente hasta el 11 de noviembre de 2026,Límite de compras mensual de Gs; Gs. 50.000.000,,,https://www.bancontinental.com.py/api/comercios?_limit=-1
4f64c3c24123e47e,Continental,Salud,Odontos,Todo el país,Hasta 18 cuotas sin intereses,cuotas_sin_intereses,,lunes; martes; miércoles; jueves; viernes; sábado; domingo,,,Todos los días,Vigente hasta el 06 de agosto de 2027,Límite de compra mensual de hasta Gs; Gs. 50.000.000,,,https://www.bancontinental.com.py/api/comercios?_limit=-1
f053adcdc1d297ab,Continental,Salud,Ortobionic,Ciudad del Este,Hasta 12 cuotas sin intereses,cuotas_sin_intereses,,lunes; martes; miércoles; jueves; viernes; sábado; domingo,,,Todos los días,Vigente hasta el 03 de diciembre de 2026,Límite de compra mensual de hasta Gs; Gs. 50.000.000,,,https://www.bancontinental.com.py/api/comercios?_limit=-1
e6c187ad3a28108c,Continental,Salud,Sanatorio Le Blanc,Ciudad del Este,Hasta 12 cuotas sin intereses,cuotas_sin_intereses,,lunes; martes; miércoles; jueves; viernes; sábado; domingo,,,Todos los días,Vigente hasta el 22 de noviembre de 2026,Límite de compras: - Cuotas sin intereses con límite de compra mensual de Gs; Gs. 50.000.000,,,https://www.bancontinental.com.py/api/comercios?_limit=-1
38390130fbd5b2bb,Continental,Salud,Smile Clínica Integral,Encarnación,20%; Hasta 12 cuotas sin intereses; 20% de reintegro,reintegro,20%,lunes; martes; miércoles; jueves; viernes; sábado; domingo,,,todos los días,Vigente hasta el 08 de julio de 2027,Límite de compra mensual de hasta Gs; Gs. 2.000.000; Gs. 50.000.000,,,https://www.bancontinental.com.py/api/comercios?_limit=-1
ad4c8159f16eb2a6,Continental,Salud,Yanine Coronel Odontología,Coronel Oviedo,Hasta 18 cuotas sin intereses,cuotas_sin_intereses,,lunes; martes; miércoles; jueves; viernes; sábado; domingo,,,Todos los días,Vigente hasta el 03 de octubre del 2026,Límites de compras: - Cuotas sin intereses con límite de compra mensual de Gs; Gs. 50.000.000,,,https://www.bancontinental.com.py/api/comercios?_limit=-1
3b730b5e2e156da9,Continental,Salud,Óptica Luce,Asunción,Hasta 12 cuotas sin intereses,cuotas_sin_intereses,,lunes; martes; miércoles; jueves; viernes; sábado; domingo,,,Todos los días,Vigente hasta el 21 de agosto de 2027,Límite de compra mensual de hasta Gs; Gs. 50.000.000,,,https://www.bancontinental.com.py/api/comercios?_limit=-1
3f855b7a16bec41f,Continental,Salud,Óptica Mylan - WR Import,No especificado,Hasta 12 cuotas sin intereses,cuotas_sin_intereses,,lunes; martes; miércoles; jueves; viernes; sábado; domingo,,,Todos los días,Vigente hasta el 25 de mayo de 2027,Límite de compra mensual de hasta Gs; Gs. 50.000.000,,,https://www.bancontinental.com.py/api/comercios?_limit=-1
e25e5af97f462fc7,Continental,Salud,Óptica Valemar,No especificado,20%; Hasta 12 cuotas sin intereses; 20% de reintegro,reintegro,20%,lunes; martes; miércoles; jueves; viernes; sábado; domingo,,,todos los días,Vigente hasta el 18 de junio de 2027,Límite de compra mensual de hasta Gs; Gs. 1.500.000; Gs. 50.000.000,,,https://www.bancontinental.com.py/api/comercios?_limit=-1
0939a5e091e41e38,Continental,Seguros,Protek,No especificado,20%; hasta 18 cuotas sin intereses; 20% de descuento,descuento,20%,lunes; martes; miércoles; jueves; viernes; sábado; domingo,,,Todos los días,Vigente hasta el 18 de mayo del 2027,límite de compra mensual de hasta Gs; Gs. 50.000.000,,,https://www.bancontinental.com.py/api/comercios?_limit=-1
256e1de98d8941cd,Continental,Seguros,Seguros Patria,Asunción,Hasta 12 cuotas sin intereses,cuotas_sin_intereses,,lunes; martes; miércoles; jueves; viernes; sábado; domingo,,,Todos los días,Vigente hasta el 28 de febrero de 2027,Límite de compras mensual de hasta Gs; Gs. 50.000.000,,,https://www.bancontinental.com.py/api/comercios?_limit=-1
6e5af6ba6bb5d67c,Continental,Shoppings,Shopping China,No especificado,Hasta 24 cuotas sin intereses,cuotas_sin_intereses,,lunes; martes; miércoles; jueves; viernes; sábado; domingo,,,Todos los días,Vigente hasta el 27 de julio de 2027,Límite de compra mensual de hasta Gs; Gs. 50.000.000,,,https://www.bancontinental.com.py/api/comercios?_limit=-1
fa7cf197bf64f164,Continental,Sin categoría,Merrell,No especificado,Hasta 12 cuotas sin intereses; 25% de reintegro; 20% de reintegro,reintegro,25%; 20%,lunes; martes; miércoles; jueves; viernes; sábado; domingo,,,todos los días,Vigente hasta el 01 de julio de 2027,Límite de compra mensual de hasta Gs; Gs. 2.000.000; Gs. 50.000.000,,,https://www.bancontinental.com.py/api/comercios?_limit=-1
09cee34301cc0e2c,Continental,Sin categoría,Progresar Corporation S.A.,No especificado,Hasta 12 cuotas sin intereses,cuotas_sin_intereses,,lunes; martes; miércoles; jueves; viernes; sábado; domingo,,,Todos los días,Vigente hasta el 18 de febrero de 2027,Límite de compra mensual de hasta Gs; Gs. 50.000.000,,,https://www.bancontinental.com.py/api/comercios?_limit=-1
fcccb2053790b2ac,Continental,Sin categoría,Todo huerta,No especificado,10% de reintegro,reintegro,10%,jueves,,,los jueves,Vigente hasta el 28 de enero del 2027,Límite de compra mensual de hasta Gs; Gs. 1.000.000,,,https://www.bancontinental.com.py/api/comercios?_limit=-1
a3de2b0855afe847,Continental,Supermercados,A Punto Market - Tienda del Asadero,Caaguazú,20% de reintegro,reintegro,20%,miércoles,,,Los miércoles,Vigente hasta el 07 de abril de 2027 (*) No aplica para compras en patios de comida,Límite de compra semanal de hasta Gs; Gs. 1.000.000,,,https://www.bancontinental.com.py/api/comercios?_limit=-1
1f7b1ef0d5a80e47,Continental,Supermercados,"Ahorramás ""Miércoles de supermercados""",San Estanislao,25% de reintegro,reintegro,25%,miércoles,,,Los miércoles,Vigente hasta el 02 de diciembre de 2026,Límite de compra semanal de hasta Gs; Gs. 1.000.000,,,https://www.bancontinental.com.py/api/comercios?_limit=-1
aafa72c9f45a08fb,Continental,Supermercados,Alimentos Capri - Miércoles de Supermercados,Curuguaty,20% de reintegro,reintegro,20%,miércoles,,,Los miércoles,Vigente hasta el 03 de febrero de 2027,Límite de compra semanal de hasta Gs; Gs. 1.000.000,,,https://www.bancontinental.com.py/api/comercios?_limit=-1
b945c152c826502f,Continental,Supermercados,Archi - Miércoles de Supermercados,No especificado,25% de reintegro,reintegro,25%,miércoles,,,Los miércoles,Vigente hasta el 14 de abril de 2027,Límite de compra semanal de hasta Gs; Gs. 1.000.000,,,https://www.bancontinental.com.py/api/comercios?_limit=-1
d022585c3f1eec67,Continental,Supermercados,Asuncena - Grupo Maciel - Miércoles de supermercados,San Juan Bautista,10% de reintegro,reintegro,10%,miércoles,,,Los miércoles,Vigente hasta el 01 de septiembre de 2027,Límite de compra semanal de hasta Gs; Gs. 1.000.000,,,https://www.bancontinental.com.py/api/comercios?_limit=-1
f2cddc35e504dc5f,Continental,Supermercados,Autoservice Santa Clara,Coronel Bogado,20% de reintegro,reintegro,20%,miércoles,,,Los miércoles,Vigente hasta el 30 de junio de 2027,Límite de compra semanal de hasta Gs; Gs. 1.000.000,,,https://www.bancontinental.com.py/api/comercios?_limit=-1
b8a95231326f2ec5,Continental,Supermercados,Autoservicio Guille - Miércoles de Supermercados,Fram (Itapúa),20%,reintegro,20%,miércoles,,,Los miércoles,Vigente hasta el 16 de diciembre de 2026,Límite de compra semanal de hasta Gs; Gs. 1.000.000,,,https://www.bancontinental.com.py/api/comercios?_limit=-1
c7e19b2a78b35cd2,Continental,Supermercados,B2 Casa de Carnes,San Cristóbal (Alto Paraná),20% de reintegro,reintegro,20%,miércoles,,,Los miércoles,Vigente hasta el 18 de febrero de 2027,Límite de compra semanal de hasta Gs; Gs. 1.000.000,,,https://www.bancontinental.com.py/api/comercios?_limit=-1
0979f3f2a937ee87,Continental,Supermercados,Beef Shop - Miércoles de Supermercados,Asunción,20% de reintegro,reintegro,20%,miércoles,,,Los miércoles,Vigente hasta el 10 de marzo de 2027,Límite de compra semanal de hasta Gs; Gs. 1.000.000,,,https://www.bancontinental.com.py/api/comercios?_limit=-1
5a566479a8eb6ae5,Continental,Supermercados,Biggie Express - Miércoles de supermercados,Todo el país,20% de reintegro,reintegro,20%,miércoles,,,Los miércoles,Vigente hasta el 08 de septiembre de 2027,Límite de compra semanal de hasta Gs; Gs. 1.000.000,,,https://www.bancontinental.com.py/api/comercios?_limit=-1
47b963bbd946a4a8,Continental,Supermercados,Box Mayorista,No especificado,20% de reintegro,reintegro,20%,lunes,,3:lunes,"tercer lunes de cada mes, en Box Mayorista",Vigente hasta el 16 de diciembre del 2026 (*) No aplica para compras en patios de comida,Límite de compra mensual de hasta Gs; Gs. 1.000.000,,,https://www.bancontinental.com.py/api/comercios?_limit=-1
eed3e1f291c2e32b,Continental,Supermercados,Carni Shop (Filas) - Miércoles de Supermercados,Filadelfia,20% de reintegro,reintegro,20%,miércoles,,,Los miércoles,Vigente hasta el 05 de mayo de 2027,Límite de compra semanal de hasta Gs; Gs. 1.000.000,,,https://www.bancontinental.com.py/api/comercios?_limit=-1
80e7107683646c2b,Continental,Supermercados,Carniceria Vera - Miércoles de Supermercados,Encarnación,20% de reintegro,reintegro,20%,miércoles,,,Los miércoles,Vigente hasta el 14 de abril de 2027,Límite de compra semanal de hasta Gs; Gs. 1.000.000,,,https://www.bancontinental.com.py/api/comercios?_limit=-1
2bc4c0b17bb48b85,Continental,Supermercados,Casa Grutter- Miércoles de Supermercados,Asunción,20% de reintegro,reintegro,20%,miércoles,,,Los miércoles,Vigente hasta el 17 de marzo de 2027,Límite de compra semanal de hasta Gs; Gs. 1.000.000,,,https://www.bancontinental.com.py/api/comercios?_limit=-1
61b6d467c5cdb589,Continental,Supermercados,Casa Yasy - Miércoles de Supermercados,Concepción,20% de reintegro,reintegro,20%,miércoles,,,Los miércoles,Vigente hasta el 11 de noviembre de 2026,Límite de compra semanal de hasta Gs; Gs. 1.000.000,,,https://www.bancontinental.com.py/api/comercios?_limit=-1
89349085d6d82bb2,Continental,Supermercados,Comercial Armin,No especificado,10% de reintegro,reintegro,10%,miércoles,,,Los miércoles,Vigente hasta el 18 de agosto de 2027,Límite de compra semanal de hasta Gs; Gs. 1.000.000,,,https://www.bancontinental.com.py/api/comercios?_limit=-1
cd58aae652c3e522,Continental,Supermercados,Comercial Baratodo - Miércoles de supermercados,Capiatá,20% de reintegro,reintegro,20%,miércoles,,,Los miércoles,Vigente hasta el 02 de diciembre de 2026,Límite de compra semanal de hasta Gs; Gs. 1.000.000,,,https://www.bancontinental.com.py/api/comercios?_limit=-1
6733f64e80a8008a,Continental,Supermercados,Comercial Elena - Miércoles de Supermercados,Coronel Oviedo,20% de reintegro,reintegro,20%,miércoles,,,Los miércoles,Vigente hasta el 24 de septiembre de 2026,Límite de compra semanal de hasta Gs; Gs. 1.000.000,,,https://www.bancontinental.com.py/api/comercios?_limit=-1
e5147c0c64abd517,Continental,Supermercados,Comercial Insaurralde - Miércoles de supermercados,Caaguazú,20% de reintegro,reintegro,20%,miércoles,,,Los miércoles,Vigente hasta el 03 de marzo de 2027,Límite de compra semanal de hasta Gs; Gs. 1.000.000,,,https://www.bancontinental.com.py/api/comercios?_limit=-1
a18f702714f1c756,Continental,Supermercados,Comercial Liz - Miércoles de Supermercados,"San Ignacio, Misiones",20% de reintegro,reintegro,20%,miércoles,,,Los miércoles,Vigente hasta el 21 de octubre de 2026,Límite de compra semanal de hasta Gs; Gs. 1.000.000,,,https://www.bancontinental.com.py/api/comercios?_limit=-1
7f34f7cf936d4483,Continental,Supermercados,"Comercial Triangulo ""Miércoles de supermercados""",Salto del Guairá,15% de reintegro,reintegro,15%,miércoles,,,Los miércoles,Vigente hasta el 28 de octubre de 2026,Límite de compra semanal de hasta Gs; Gs. 1.000.000,,,https://www.bancontinental.com.py/api/comercios?_limit=-1
a8a06ae5b05ddcf9,Continental,Supermercados,Coni Express,Coronel Oviedo,20% de reintegro,reintegro,20%,miércoles,,,Los miércoles,Vigente hasta el 02 de marzo de 2027,Límite de compra semanal de hasta Gs; Gs. 1.000.000,,,https://www.bancontinental.com.py/api/comercios?_limit=-1
7c16d1382b860cc8,Continental,Supermercados,DM Market,Bella Vista Sur,20% de reintegro,reintegro,20%,miércoles,,,Los miércoles,Vigente hasta el 18 de agosto de 2027,Límite de compra semanal de hasta Gs; Gs. 1.000.000,,,https://www.bancontinental.com.py/api/comercios?_limit=-1
25e28165f24c6588,Continental,Supermercados,Delimarket - Miércoles de Supermercados,Asunción,20%; Hasta 18 cuotas sin intereses; 25% de reintegro; 20% de reintegro,reintegro,20%; 25%,lunes; martes; miércoles; jueves; viernes; sábado; domingo,,,todos los días,Vigente hasta el 31 de diciembre de 2026,Límite de compra semanal de hasta Gs; Límite de compra mensual de hasta Gs; Gs. 1.000.000; Gs. 50.000.000,,,https://www.bancontinental.com.py/api/comercios?_limit=-1
ddf8f2b4f76ee001,Continental,Supermercados,Despensa Artu - Miércoles de Supermercados,Coronel Bogado,20% de reintegro,reintegro,20%,miércoles,,,Los miércoles,Vigente hasta el 28 de mayo de 2027,Límite de compra semanal de hasta Gs; Gs. 1.000.000,,,https://www.bancontinental.com.py/api/comercios?_limit=-1
be4bb61bde83b84d,Continental,Supermercados,Don Pedro - Tienda de Alimentos,Ma. Auxiliadora (Itapúa),20% de reintegro,reintegro,20%,miércoles,,,Los miércoles,Vigente hasta el 03 de marzo de 2027,Límite de compra semanal de hasta Gs; Gs. 1.000.000,,,https://www.bancontinental.com.py/api/comercios?_limit=-1
20d528114f416357,Continental,Supermercados,El Ahorrazo Supermayorista,No especificado,20% de reintegro,reintegro,20%,miércoles,,,Los miércoles,Vigente hasta el 07 de abril de 2027,"Límite de compra semanal de hasta Gs; Límite de compra mensual de hasta Gs; límites máximos por producto: Productos vendidos en paquetes o packs: hasta 5 unidades por cliente (por ejemplo: pañales hasta 5 paquetones, cerveza hasta 5 packs, le; Gs. 1.000.000",,,https://www.bancontinental.com.py/api/comercios?_limit=-1
84ed6a0dfbd3cfd2,Continental,Supermercados,El Amanecer - Miércoles de Supermercados,San Juan Bautista,10% de reintegro,reintegro,10%,miércoles,,,Los miércoles,Vigente hasta el 25 de agosto de 2027,Límite de compra semanal de hasta Gs; Gs. 1.000.000,,,https://www.bancontinental.com.py/api/comercios?_limit=-1
ba515b97628b00b8,Continental,Supermercados,Emanuel Supermercado - Miércoles de Supermercados,Bella Vista,20% de reintegro,reintegro,20%,miércoles,,,Los miércoles,Vigente hasta el 30 de diciembre de 2026,Límite de compra semanal de hasta Gs; Gs. 1.000.000,,,https://www.bancontinental.com.py/api/comercios?_limit=-1
fcd7004d0e299275,Continental,Supermercados,Fortis Mayorista,No especificado,10% de reintegro,reintegro,10%,domingo; sábado,,1:domingo; 1:sábado,"Primer sábado y domingo de cada mes, en Fortis Mayorista - 10% de reintegro en el extracto, pagando exclusivamente con las tarjetas de crédito Dinelco Continental",Vigente hasta el 31 de diciembre de 2026,Límite de compra mensual de hasta Gs; Gs. 2.000.000,,,https://www.bancontinental.com.py/api/comercios?_limit=-1
d787fdd8e2c1eee6,Continental,Supermercados,Gran Vía - Miércoles de Supermercados,No especificado,20% de reintegro,reintegro,20%,miércoles,,,Los miércoles,Vigente hasta el 07 de octubre de 2026,Límite de compra semanal de hasta Gs; Gs. 1.000.000,,,https://www.bancontinental.com.py/api/comercios?_limit=-1
020aa41b0cb4769c,Continental,Supermercados,Grupo Laso - Minimarket,No especificado,20% de reintegro,reintegro,20%,viernes,,,Los viernes,Vigente hasta el 06 de agosto de 2027,Límite de compra mensual de hasta Gs; Gs. 500.000,,,https://www.bancontinental.com.py/api/comercios?_limit=-1
a54da81bbec3606e,Continental,Supermercados,Géminis Super Center,Santa Rosa del Aguaray,15% de reintegro,reintegro,15%,miércoles,,,Los miércoles,Vigente hasta el 08 de marzo de 2027,Límite de compra semanal de hasta Gs; Gs. 1.000.000,,,https://www.bancontinental.com.py/api/comercios?_limit=-1
711eabce01c61d29,Continental,Supermercados,Hello Oven - Miércoles Supermercados,Asunción,25% de reintegro,reintegro,25%,miércoles,,,Los miércoles,Vigente hasta el 01 de septiembre de 2027,Límite de compra semanal de hasta Gs; Gs. 1.000.000,,,https://www.bancontinental.com.py/api/comercios?_limit=-1
9df426db6334ddef,Continental,Supermercados,Hipermercado El Pueblo - Miércoles de supermercados,No especificado,20% de reintegro,reintegro,20%,miércoles,,,Los miércoles,Vigente hasta el 07 de abril de 2027,Límite de compra semanal de hasta Gs; Gs. 1.000.000,,,https://www.bancontinental.com.py/api/comercios?_limit=-1
d630edf0ee4490d9,Continental,Supermercados,Hipermercado Luisito - Miércoles de Supermercados,No especificado,20% de reintegro,reintegro,20%,miércoles,,,Los miércoles,Vigente hasta el 15 de septiembre de 2027,Límite de compra semanal de hasta Gs; Gs. 1.000.000,,,https://www.bancontinental.com.py/api/comercios?_limit=-1
58206f24927dc40c,Continental,Supermercados,Kelita Supermarket - Miércoles de Supermercados,Trinidad (Itapúa),20% de reintegro,reintegro,20%,miércoles,,,Los miércoles,Vigente hasta el 30 de junio de 2027,Límite de compra semanal de hasta Gs; Gs. 1.000.000,,,https://www.bancontinental.com.py/api/comercios?_limit=-1
2f242d3d12803799,Continental,Supermercados,Kingo Supermercados - Miércoles de Supermercados,No especificado,25%; Hasta 6 cuotas sin intereses; 25% de reintegro,reintegro,25%,lunes; martes; miércoles; jueves; viernes; sábado; domingo,,,todos los días,Vigente hasta el 04 de noviembre de 2026,Límite de compra semanal de hasta Gs; Límite de compra mensual de Gs; Gs. 1.000.000; Gs. 50.000.000,,,https://www.bancontinental.com.py/api/comercios?_limit=-1
7ab71b64cd0a3197,Continental,Supermercados,LT Supermercado - Miércoles de Supermercados,No especificado,20% de reintegro,reintegro,20%,miércoles,,,Los miércoles,Vigente hasta el 01 de septiembre de 2027,Límite de compra semanal de hasta Gs; Gs. 1.000.000,,,https://www.bancontinental.com.py/api/comercios?_limit=-1
cd051846e780891d,Continental,Supermercados,La Bomba Supermercados - Miércoles de Supermercados,No especificado,20%; Hasta 6 cuotas sin intereses; 20% de reintegro,reintegro,20%,lunes; martes; miércoles; jueves; viernes; sábado; domingo,,,todos los días,Vigente hasta el 30 de diciembre de 2026,Límite de compra semanal de hasta Gs; Límite de compra mensual de hasta Gs; Gs. 1.000.000; Gs. 50.000.000,,,https://www.bancontinental.com.py/api/comercios?_limit=-1
d8ede9871fbc54f5,Continental,Supermercados,La Canasta - Miércoles de Supermercados,Concepción,20% de reintegro,reintegro,20%,miércoles,,,Los miércoles,Vigente hasta el 25 de agosto de 2027,Límite de compra semanal de hasta Gs; Gs. 1.000.000,,,https://www.bancontinental.com.py/api/comercios?_limit=-1
e10e19b1e2e38959,Continental,Supermercados,La Criolla - Miércoles de Supermercados,No especificado,20% de reintegro,reintegro,20%,miércoles,,,Los miércoles,Vigente hasta el 10 de febrero de 2027,Límite de compra semanal de hasta Gs; Gs. 1.000.000,,,https://www.bancontinental.com.py/api/comercios?_limit=-1
1dd082b6d28ad3e9,Continental,Supermercados,La Economía - Miércoles de Supermercados,Capiatá,20% de reintegro,reintegro,20%,miércoles,,,Los miércoles,Vigente hasta el 04 de noviembre de 2026,Límite de compra semanal de hasta Gs; Gs. 1.000.000,,,https://www.bancontinental.com.py/api/comercios?_limit=-1
b3bc640cb7423452,Continental,Supermercados,La Familia Villalba - Miércoles de Supermercados,Encarnación,20% de reintegro,reintegro,20%,miércoles,,,Los miércoles,Vigente hasta el 02 de diciembre de 2026,Límite de compra semanal de hasta Gs; Gs. 1.000.000,,,https://www.bancontinental.com.py/api/comercios?_limit=-1
5da5e3d5a31ac215,Continental,Supermercados,La Preferida - Miércoles de Supermercados,Asunción,20% de reintegro,reintegro,20%,miércoles,,,Los miércoles,Vigente hasta el 08 de septiembre de 2027,Límite de compra semanal de hasta Gs; Gs. 1.000.000,,,https://www.bancontinental.com.py/api/comercios?_limit=-1
f00db0064b14378c,Continental,Supermercados,La Sirenita - Miércoles de Supermercados,Encarnación,20% de reintegro,reintegro,20%,miércoles,,,Los miércoles,Vigente hasta el 25 de noviembre de 2026,Límite de compra semanal de hasta Gs; Gs. 1.000.000,,,https://www.bancontinental.com.py/api/comercios?_limit=-1
172d81ed5723f001,Continental,Supermercados,"Linalu Supermercado - ""Miércoles de supermercados""",Pilar,10% de reintegro,reintegro,10%,miércoles,,,Los miércoles,Vigente hasta el 07 de octubre de 2026,Límite de compra semanal de hasta Gs; Gs. 1.000.000,,,https://www.bancontinental.com.py/api/comercios?_limit=-1
d0673be9ad638c50,Continental,Supermercados,Los Hermanitos - Miércoles de Supermercados,Encarnación,20% de reintegro,reintegro,20%,miércoles,,,Los miércoles,Vigente hasta el 21 de julio de 2027,Límite de compra semanal de hasta Gs; Gs. 1.000.000,,,https://www.bancontinental.com.py/api/comercios?_limit=-1
323908f590a05735,Continental,Supermercados,Maxi Hipermercado - Miércoles de Supermercado,Pedro Juan Caballero,20% de reintegro,reintegro,20%,miércoles,,,Los miércoles,Vigente hasta el 02 de septiembre de 2027,Límite de compra semanal de hasta Gs; Gs. 1.000.000,,,https://www.bancontinental.com.py/api/comercios?_limit=-1
76fca0b37a2f7c2b,Continental,Supermercados,Mercadito Agrosah - Miércoles de Supermercados,Fernando de la Mora,20% de reintegro,reintegro,20%,miércoles,,,Los miércoles,Vigente hasta el 23 de diciembre de 2026,Límite de compra semanal de hasta Gs; Gs. 1.000.000,,,https://www.bancontinental.com.py/api/comercios?_limit=-1
25ee08239b31a46b,Continental,Supermercados,Mini Market San Nicolas - Miércoles de Supermercados,No especificado,20% de reintegro,reintegro,20%,miércoles,,,Los miércoles,Vigente hasta el 27 de enero de 2027,Límite de compra semanal de hasta Gs; Gs. 1.000.000,,,https://www.bancontinental.com.py/api/comercios?_limit=-1
2437ec93a62f2668,Continental,Supermercados,Minimercado San Pedro - Miércoles de Supermercados,Itauguá,20% de reintegro,reintegro,20%,miércoles,,,Los miércoles,Vigente hasta el 20 de noviembre de 2026,Límite de compra semanal de hasta Gs; Gs. 1.000.000,,,https://www.bancontinental.com.py/api/comercios?_limit=-1
60429b781018bdc9,Continental,Supermercados,Molino Caaguazú - Miércoles de Supermercados,Caaguazú,20% de reintegro,reintegro,20%,miércoles,,,Los miércoles,Vigente hasta el 09 de julio de 2027,Límite de compra semanal de hasta Gs; Gs. 1.000.000,,,https://www.bancontinental.com.py/api/comercios?_limit=-1
b91850ce221266d8,Continental,Supermercados,Morel Hermanos - Miércoles de Supermercados,Itauguá,15% de reintegro,reintegro,15%,miércoles,,,Los miércoles,Vigente hasta el 19 de mayo de 2027,Límite de compra semanal de hasta Gs; Gs. 1.000.000,,,https://www.bancontinental.com.py/api/comercios?_limit=-1
57cdc7016954dac6,Continental,Supermercados,Nelore Estrellita - Miércoles de Supermercados,Asunción,20% de reintegro,reintegro,20%,miércoles,,,Los miércoles,Vigente hasta el 14 de febrero de 2027,Límite de compra semanal de hasta Gs; Gs. 1.000.000,,,https://www.bancontinental.com.py/api/comercios?_limit=-1
9039ab575f39cf68,Continental,Supermercados,Nutritiva Store - Miércoles de Supermercados,Asunción,20% de reintegro,reintegro,20%,miércoles,,,Los miércoles,Vigente hasta el 19 de mayo de 2027,Límite de compra semanal de hasta Gs; Gs. 1.000.000,,,https://www.bancontinental.com.py/api/comercios?_limit=-1
620f961c5b338b2e,Continental,Supermercados,Panadería La Iteña - Miércoles de supermercados,Caaguazú,20% de reintegro,reintegro,20%,miércoles,,,Los miércoles,Vigente hasta el 08 de septiembre de 2027,Límite de compra semanal de hasta Gs; Gs. 1.000.000,,,https://www.bancontinental.com.py/api/comercios?_limit=-1
732df66156bfca6d,Continental,Supermercados,Porkus - Miércoles de Supermercados,Asunción,25% de reintegro,reintegro,25%,miércoles,,,Los miércoles,Vigente hasta el 01 de septiembre de 2027,Límite de compra semanal de hasta Gs; Gs. 1.000.000,,,https://www.bancontinental.com.py/api/comercios?_limit=-1
e19df9b455242a74,Continental,Supermercados,Predileto - Miércoles de supermercados,San Alberto (Alto Paraná),20% de reintegro,reintegro,20%,miércoles,,,Los miércoles,Vigente hasta el 07 de octubre de 2026,Límite de compra semanal de hasta Gs; Gs. 1.000.000,,,https://www.bancontinental.com.py/api/comercios?_limit=-1
d20dd4e92748b0f6,Continental,Supermercados,Pronto - Miércoles de Supermercados,Col. Hohenau,20% de reintegro,reintegro,20%,miércoles,,,Los miércoles,Vigente hasta el 01 de septiembre de 2027,Límite de compra semanal de hasta Gs; Gs. 1.000.000,,,https://www.bancontinental.com.py/api/comercios?_limit=-1
f939efb27f916ef1,Continental,Supermercados,Pryca - Miércoles de supermercados,No especificado,20% de reintegro,reintegro,20%,miércoles,,,Los miércoles,Vigente hasta el 10 de marzo de 2027,Límite de compra semanal de hasta Gs; Gs. 1.000.000,,,https://www.bancontinental.com.py/api/comercios?_limit=-1
ea417a345b704d66,Continental,Supermercados,Real - Miércoles de Supermercados,No especificado,25% de reintegro,reintegro,25%,miércoles,,,Los miércoles,Vigente hasta el 07 de octubre de 2026,Límite de compra semanal de hasta Gs; Gs. 1.000.000,,,https://www.bancontinental.com.py/api/comercios?_limit=-1
af4aa9f887face8d,Continental,Supermercados,Real Online - Miércoles de Supermercados,No especificado,30% de reintegro,reintegro,30%,miércoles,,,Los miércoles,Vigente hasta el 07 de octubre de 2026,Límite de compra semanal de hasta Gs; Gs. 1.000.000,,,https://www.bancontinental.com.py/api/comercios?_limit=-1
0c22b2289528af78,Continental,Supermercados,Rubencito - Miércoles de Supermercados,No especificado,20% de reintegro,reintegro,20%,miércoles,,,Los miércoles,Vigente hasta el 19 de mayo de 2027,Límite de compra semanal de hasta Gs; límites máximos por producto: - Productos vendidos en paquetes o packs: hasta 3 unidades por cliente; Gs. 1.000.000,,,https://www.bancontinental.com.py/api/comercios?_limit=-1
5e21cf8d0cc89824,Continental,Supermercados,San Cayetano Comercial - Miércoles de Supermercados,Luque,20% de reintegro,reintegro,20%,miércoles,,,Los miércoles,Vigente hasta el 21 de octubre de 2026,Límite de compra semanal de hasta Gs; Gs. 1.000.000,,,https://www.bancontinental.com.py/api/comercios?_limit=-1
572903aafb76889d,Continental,Supermercados,Stock Supermercados - Miércoles de Supermercados,Todo el país,20%; Hasta 18 cuotas sin intereses; 20% de reintegro,reintegro,20%,lunes; martes; miércoles; jueves; viernes; sábado; domingo,,,todos los días,Vigente hasta el 31 de diciembre de 2026,Límite de compra semanal de hasta Gs; Límite de compra mensual de hasta Gs; Gs. 1.000.000; Gs. 50.000.000,,,https://www.bancontinental.com.py/api/comercios?_limit=-1
3aecbefe8e555424,Continental,Supermercados,Super Favesa - Miércoles de Supermercados,Coronel Oviedo,20% de reintegro,reintegro,20%,miércoles,,,Los miércoles,Vigente hasta el 02 de noviembre de 2026,Límite de compra semanal de hasta Gs; Gs. 1.000.000,,,https://www.bancontinental.com.py/api/comercios?_limit=-1
4ea265aa882b7c5a,Continental,Supermercados,Super Total - Miércoles de Supermercados,Ayolas - Misiones,20% de reintegro,reintegro,20%,miércoles,,,Los miércoles,Vigente hasta el 25 de agosto de 2027,Límite de compra semanal de hasta Gs; Gs. 1.000.000,,,https://www.bancontinental.com.py/api/comercios?_limit=-1
3b690e60263aad80,Continental,Supermercados,Supermercado 7 de Agosto - Miércoles de supermercados,Tomás R. Pereira,20% de reintegro,reintegro,20%,miércoles,,,Los miércoles,Vigente hasta el 24 de septiembre de 2026,Límite de compra semanal de hasta Gs; Gs. 1.000.000,,,https://www.bancontinental.com.py/api/comercios?_limit=-1
6dc59a416f05f716,Continental,Supermercados,Supermercado Area 6 - Miércoles de Supermercados,Hernandarias,20% de reintegro,reintegro,20%,miércoles,,,Los miércoles,Vigente hasta el 08 de septiembre de 2027,Límite de compra semanal de hasta Gs; Gs. 1.000.000,,,https://www.bancontinental.com.py/api/comercios?_limit=-1
a8548e0f8faf827b,Continental,Supermercados,Supermercado Boquerón - Miércoles de Supermercados,Filadelfia,20% de reintegro,reintegro,20%,miércoles,,,Los miércoles,Vigente hasta el 12 de noviembre de 2026,Límite de compra semanal de hasta Gs; Gs. 1.000.000,,,https://www.bancontinental.com.py/api/comercios?_limit=-1
baa81452ed347dac,Continental,Supermercados,Supermercado Campo 9 - Miércoles de Supermercados,Campo 9,10% de reintegro,reintegro,10%,miércoles,,,Los miércoles,Vigente hasta el 13 de noviembre de 2026,Límite de compra semanal de hasta Gs; Gs. 1.000.000,,,https://www.bancontinental.com.py/api/comercios?_limit=-1
080c276bdaa6b7f5,Continental,Supermercados,Supermercado Cardoso - Miércoles de supermercados,Santa Rita (Alto Paraná),20% de reintegro,reintegro,20%,miércoles,,,Los miércoles,Vigente hasta el 21 de abril de 2027,Límite de compra semanal de hasta Gs; Gs. 1.000.000,,,https://www.bancontinental.com.py/api/comercios?_limit=-1
e76ae4fe1115820a,Continental,Supermercados,Supermercado Cavian - Miércoles de Supermercados,San Estanislao,20% de reintegro,reintegro,20%,miércoles,,,Los miércoles,Vigente hasta el 16 de junio de 2027,Límite de compra semanal de hasta Gs; Gs. 1.000.000,,,https://www.bancontinental.com.py/api/comercios?_limit=-1
6bff0736de111f56,Continental,Supermercados,Supermercado Colonias Unidas - Miércoles de Supermercados,"Obligado, Itapúa",15% de reintegro,reintegro,15%,miércoles,,,Los miércoles,Vigente hasta el 05 de mayo de 2027,Límite de compra semanal de hasta Gs; Gs. 1.000.000,,,https://www.bancontinental.com.py/api/comercios?_limit=-1
da82d67ae4b9867a,Continental,Supermercados,Supermercado Colón - Miércoles de Supermercados,Guarambaré,20% de reintegro,reintegro,20%,miércoles,,,Los miércoles,Vigente hasta el 25 de enero de 2027,Límite de compra semanal de hasta Gs; Gs. 1.000.000,,,https://www.bancontinental.com.py/api/comercios?_limit=-1
ec15efd033a41b64,Continental,Supermercados,Supermercado Coop . Yguazu - Miércoles de supermercados,Yguazú,10% de reintegro,reintegro,10%,miércoles,,,Los miércoles,Vigente hasta el 14 de octubre de 2026,Límite de compra semanal de hasta Gs; Gs. 1.000.000,,,https://www.bancontinental.com.py/api/comercios?_limit=-1
ff4c6185fb570e95,Continental,Supermercados,Supermercado D y S - Miércoles de Supermercados,Filadelfia,20%; Hasta 12 cuotas sin intereses; 20% de reintegro,reintegro,20%,lunes; martes; miércoles; jueves; viernes; sábado; domingo,,,todos los días,Vigente hasta el 02 de diciembre de 2026,Límite de compra semanal de hasta Gs; Límite de compra mensual de Gs; Gs. 1.000.000; Gs. 50.000.000,,,https://www.bancontinental.com.py/api/comercios?_limit=-1
11dc3e9184847986,Continental,Supermercados,Supermercado El Cacique S.R.L - Miércoles de Supermercados,No especificado,20% de reintegro,reintegro,20%,miércoles,,,Los miércoles,Vigente hasta el 20 de enero de 2027,Límite de compra semanal de hasta Gs; Gs. 1.000.000,,,https://www.bancontinental.com.py/api/comercios?_limit=-1
c1337276151a013a,Continental,Supermercados,Supermercado Emanuel - Miércoles de supermercados,Katueté (Canindeyú),15% de reintegro,reintegro,15%,miércoles,,,Los miércoles,Vigente hasta el 03 de marzo de 2027,Límite de compra semanal de hasta Gs; Gs. 1.000.000,,,https://www.bancontinental.com.py/api/comercios?_limit=-1
ed291d0c305cbac9,Continental,Supermercados,Supermercado Everest - Miércoles de Supermercados,Presidente Franco,20% de reintegro,reintegro,20%,miércoles,,,Los miércoles,Vigente hasta el 28 de abril de 2027,Límite de compra semanal de hasta Gs; Gs. 1.000.000,,,https://www.bancontinental.com.py/api/comercios?_limit=-1
0a1bc77b1eefdf0b,Continental,Supermercados,Supermercado Gran Avenida,Concepción,20% de reintegro,reintegro,20%,miércoles,,,Los miércoles,Vigente hasta el 31 de marzo de 2027,Límite de compra semanal de hasta Gs; Gs. 1.000.000,,,https://www.bancontinental.com.py/api/comercios?_limit=-1
e9e1b02111926def,Continental,Supermercados,Supermercado Grefran - Miércoles de Supermercados,Curuguaty,15% de reintegro,reintegro,15%,miércoles,,,Los miércoles,Vigente hasta el 22 de septiembre de 2027,Límite de compra semanal de hasta Gs; Gs. 1.000.000,,,https://www.bancontinental.com.py/api/comercios?_limit=-1
4a507c6ff45a2ffd,Continental,Supermercados,Supermercado Herrero - Miércoles de Supermercados,Villarrica,20% de reintegro,reintegro,20%,miércoles,,,Los miércoles,Vigente hasta el 05 de mayo de 2027,Límite de compra semanal de hasta Gs; Gs. 1.000.000,,,https://www.bancontinental.com.py/api/comercios?_limit=-1
be482d286453986a,Continental,Supermercados,Supermercado Irene - Miércoles de Supermercados,"Tobatí, Cordillera",20% de reintegro,reintegro,20%,miércoles,,,Los miércoles,Vigente hasta el 03 de diciembre de 2026,Límite de compra semanal de hasta Gs; Gs. 1.000.000,,,https://www.bancontinental.com.py/api/comercios?_limit=-1
77b6f7f57796aa8e,Continental,Supermercados,Supermercado Jullito - Miércoles de Supermercados,"Obligado, Itapúa",15% de reintegro,reintegro,15%,miércoles,,,Los miércoles,Vigente hasta el 25 de febrero de 2027,Límite de compra semanal de hasta Gs; Gs. 1.000.000,,,https://www.bancontinental.com.py/api/comercios?_limit=-1
975fb086eff67bdd,Continental,Supermercados,Supermercado Ka'i - Miércoles de Supermercados,Loma Plata,10% de reintegro,reintegro,10%,miércoles,,,Los miércoles,Vigente hasta el 12 de noviembre de 2026,Límite de compra semanal de hasta Gs; Gs. 1.000.000,,,https://www.bancontinental.com.py/api/comercios?_limit=-1
5b24f6820c6a33a6,Continental,Supermercados,Supermercado Kaiza - Miércoles de supermercados,Naranjal,15% de reintegro,reintegro,15%,miércoles,,,Los miércoles,Vigente hasta el 18 de noviembre de 2026,Límite de compra semanal de hasta Gs; Gs. 1.000.000,,,https://www.bancontinental.com.py/api/comercios?_limit=-1
370e7eda4d97a454,Continental,Supermercados,Supermercado La Familia - Miércoles de Supermercados,Encarnación,10% de reintegro,reintegro,10%,miércoles,,,Los miércoles,Vigente hasta el 21 de diciembre de 2026,Límite de compra semanal de hasta Gs; Gs. 1.000.000,,,https://www.bancontinental.com.py/api/comercios?_limit=-1
9ac8cca3a40c52ab,Continental,Supermercados,Supermercado La Moderna - Miércoles de Supermercados,Ciudad del Este,20% de reintegro,reintegro,20%,miércoles,,,Los miércoles,Vigente hasta el 23 de septiembre de 2026,Límite de compra semanal de hasta Gs; Gs. 1.000.000,,,https://www.bancontinental.com.py/api/comercios?_limit=-1
abfd77cb06ba9e5c,Continental,Supermercados,Supermercado Las Ellas - Miércoles de supermercados,Hernandarias,20% de reintegro,reintegro,20%,miércoles,,,Los miércoles,Vigente hasta el 18 de noviembre de 2026,Límite de compra semanal de hasta Gs; Gs. 1.000.000,,,https://www.bancontinental.com.py/api/comercios?_limit=-1
f45bcb87727b5211,Continental,Supermercados,Supermercado Las Estrellas - Miércoles de Supermercados,Capitán Miranda,20% de reintegro,reintegro,20%,miércoles,,,Los miércoles,Vigente hasta el 10 de febrero de 2027,Límite de compra semanal de hasta Gs; Gs. 1.000.000,,,https://www.bancontinental.com.py/api/comercios?_limit=-1
bb65ee6e74247385,Continental,Supermercados,Supermercado Los Jardines - Miércoles de Supermercados,No especificado,20% de reintegro,reintegro,20%,miércoles,,,Los miércoles,Vigente hasta el 23 de diciembre de 2026,Límite de compra semanal de hasta Gs; Gs. 1.000.000,,,https://www.bancontinental.com.py/api/comercios?_limit=-1
c7827a344bc08135,Continental,Supermercados,Supermercado MR Express - Miércoles de Supermercados,Itauguá,15% de reintegro,reintegro,15%,miércoles,,,Los miércoles,Vigente hasta el 28 de octubre de 2026,Límite de compra semanal de hasta Gs; Gs. 1.000.000,,,https://www.bancontinental.com.py/api/comercios?_limit=-1
624785913cda26fa,Continental,Supermercados,Supermercado Marangatu - Miércoles de Supermercados,Asunción,20% de reintegro,reintegro,20%,miércoles,,,Los miércoles,Vigente hasta el 21 de abril de 2027,Límite de compra semanal de hasta Gs; Gs. 1.000.000,,,https://www.bancontinental.com.py/api/comercios?_limit=-1
5ea0a35fb64c5daa,Continental,Supermercados,Supermercado MiniMax - Miércoles de Supermercados,Coronel Bogado,20% de reintegro,reintegro,20%,miércoles,,,Los miércoles,Vigente hasta el 18 agosto de 2027,Límite de compra semanal de hasta Gs; Gs. 1.000.000,,,https://www.bancontinental.com.py/api/comercios?_limit=-1
aa103087a7fafb3e,Continental,Supermercados,Supermercado Multicarnes - Miércoles de Supermercados,Concepción,20% de reintegro,reintegro,20%,miércoles,,,Los miércoles,Vigente hasta el 26 de noviembre de 2026,Límite de compra semanal de hasta Gs; Gs. 1.000.000,,,https://www.bancontinental.com.py/api/comercios?_limit=-1
38a5bbec60e02a1a,Continental,Supermercados,Supermercado Primavera - Miércoles de Supermercados,Santa Rita (Alto Paraná),20% de reintegro,reintegro,20%,miércoles,,,Los miércoles,Vigente hasta el 07 de octubre de 2026,Límite de compra semanal de hasta Gs; Gs. 1.000.000,,,https://www.bancontinental.com.py/api/comercios?_limit=-1
8f68bae36a46f755,Continental,Supermercados,Supermercado Rosy - Miércoles de Supermercados,Santa Rosa del Monday,20% de reintegro,reintegro,20%,miércoles,,,Los miércoles,Vigente hasta el 04 de agosto de 2027,Límite de compra semanal de hasta Gs; Gs. 1.000.000,,,https://www.bancontinental.com.py/api/comercios?_limit=-1
386821e1573bb1a8,Continental,Supermercados,Supermercado Sac - Miércoles de supermercados,Nueva Esperanza (Canindeyú),10% de reintegro,reintegro,10%,miércoles,,,Los miércoles,Vigente hasta el 18 de noviembre de 2026,Límite de compra semanal de hasta Gs; Gs. 1.000.000,,,https://www.bancontinental.com.py/api/comercios?_limit=-1
861711f1939249eb,Continental,Supermercados,Supermercado Salemma - Miércoles de supermercados,No especificado,30%; Hasta 12 cuotas sin intereses; 30% de reintegro,reintegro,30%,lunes; martes; miércoles; jueves; viernes; sábado; domingo,,,todos los días,Vigente hasta el 07 de abril de 2027,Límite de compra semanal de hasta Gs; Límite de compra mensual de Gs; Gs. 1.000.000; Gs. 50.000.000,,,https://www.bancontinental.com.py/api/comercios?_limit=-1
19fb9d329d7892ce,Continental,Supermercados,Supermercado San Sebastian - Miércoles de Supermercados,Caacupé,20% de reintegro,reintegro,20%,miércoles,,,Los miércoles,Vigente hasta el 15 de septiembre de 2027,Límite de compra semanal de hasta Gs; Gs. 1.000.000,,,https://www.bancontinental.com.py/api/comercios?_limit=-1
5714105f900859b2,Continental,Supermercados,Supermercado San Vicente - Miércoles de supermercados,Caacupé,20% de reintegro,reintegro,20%,miércoles,,,Los miércoles,Vigente hasta el 12 de mayo de 2027,Límite de compra semanal de hasta Gs; Gs. 1.000.000,,,https://www.bancontinental.com.py/api/comercios?_limit=-1
6b807ec15544690d,Continental,Supermercados,Supermercado Santa Elena - Miércoles de Supermercados,Caaguazú,20% de reintegro,reintegro,20%,miércoles,,,Los miércoles,Vigente hasta el 02 de junio de 2027,Límite de compra semanal de hasta Gs; Gs. 1.000.000,,,https://www.bancontinental.com.py/api/comercios?_limit=-1
af7ddfca1d616ac7,Continental,Supermercados,Supermercado Santa Rosa de Lima - Miércoles de Supermercados,Lambaré,20% de reintegro,reintegro,20%,miércoles,,,Los miércoles,Vigente hasta el 07 de agosto de 2027,Límite de compra semanal de hasta Gs; Gs. 1.000.000,,,https://www.bancontinental.com.py/api/comercios?_limit=-1
51000cb729bdb772,Continental,Supermercados,Supermercado Santo Domingo - Miércoles de Supermercados,Santa Rita (Alto Paraná),20% de reintegro,reintegro,20%,miércoles,,,Los miércoles,Vigente hasta el 05 de agosto de 2027,Límite de compra semanal de hasta Gs; Gs. 1.000.000,,,https://www.bancontinental.com.py/api/comercios?_limit=-1
3dae4249cf36d101,Continental,Supermercados,Supermercado Schneider - Miércoles de supermercados,Santa Rosa del Aguaray,20% de reintegro,reintegro,20%,miércoles,,,Los miércoles,Vigente hasta el 30 de septiembre de 2026,Límite de compra semanal de hasta Gs; Gs. 1.000.000,,,https://www.bancontinental.com.py/api/comercios?_limit=-1
0325c3e63ca0ab93,Continental,Supermercados,Supermercado SyM - Miércoles de Supermercados,Concepción,20% de reintegro,reintegro,20%,miércoles,,,Los miércoles,Vigente hasta el 11 de agosto de 2027,Límite de compra semanal de hasta Gs; Gs. 1.000.000,,,https://www.bancontinental.com.py/api/comercios?_limit=-1
ec0b5f3f2cccbc13,Continental,Supermercados,Supermercado Victor - Miércoles de Supermercados,Ayolas - Misiones,20% de reintegro,reintegro,20%,miércoles,,,Los miércoles,Vigente hasta el 08 de septiembre de 2027,Límite de compra semanal de hasta Gs; Gs. 1.000.000,,,https://www.bancontinental.com.py/api/comercios?_limit=-1
5080e39c523dbdad,Continental,Supermercados,Supermercado Ára - Miércoles de Supermercados,Caaguazú,20% de reintegro,reintegro,20%,miércoles,,,Los miércoles,Vigente hasta el 16 de junio de 2027,Límite de compra semanal de hasta Gs; Gs. 1.000.000,,,https://www.bancontinental.com.py/api/comercios?_limit=-1
3f934cbc87ed4533,Continental,Supermercados,Supermás - Miércoles de Supermercados,No especificado,10% de reintegro,reintegro,10%,miércoles,,,Los miércoles,Vigente hasta el 21 de octubre de 2026,Límite de compra semanal de hasta Gs; Gs. 1.000.000,,,https://www.bancontinental.com.py/api/comercios?_limit=-1
2714e6eeb09f82d8,Continental,Supermercados,Superseis - Miércoles de Supermercados,Todo el país,20%; Hasta 18 cuotas sin intereses; 20% de reintegro,reintegro,20%,lunes; martes; miércoles; jueves; viernes; sábado; domingo,,,todos los días,Vigente hasta el 31 de diciembre de 2026,Límite de compra semanal de hasta Gs; Límite de compra mensual de Gs; Gs. 1.000.000; Gs. 50.000.000,,,https://www.bancontinental.com.py/api/comercios?_limit=-1
465a9717a63b58ad,Continental,Supermercados,Todo Chaco - Miércoles de Supermercados,Loma Plata,20% de reintegro,reintegro,20%,miércoles,,,Los miércoles,Vigente hasta el 09 de enero de 2027,Límite de compra semanal de hasta Gs; Gs. 1.000.000,,,https://www.bancontinental.com.py/api/comercios?_limit=-1
8506f1ded1407f96,Continental,Supermercados,Total Abasto - Miércoles de Supermercados,Capiatá,20% de reintegro,reintegro,20%,miércoles,,,Los miércoles,Vigente hasta el 18 de agosto de 2027,Límite de compra semanal de hasta Gs; Gs. 1.000.000,,,https://www.bancontinental.com.py/api/comercios?_limit=-1
9dedf88b18aee11a,Continental,Supermercados,Ultra Minú - Minimarket de Estaciones de Servicio Ultra,No especificado,20% de reintegro,reintegro,20%,viernes,,,Los viernes,Vigente hasta el 09 de julio de 2027,Límite de compra mensual de hasta Gs; Gs. 500.000,,,https://www.bancontinental.com.py/api/comercios?_limit=-1
33d0b3c9d7b1f1a9,Continental,Supermercados,Villa Sofía - Miércoles de supermercados,No especificado,20% de reintegro,reintegro,20%,miércoles,,,Los miércoles,Vigente hasta el 08 de septiembre de 2027,Límite de compra semanal de hasta Gs; Gs. 1.000.000,,,https://www.bancontinental.com.py/api/comercios?_limit=-1
68a6d8ba21799751,Continental,Supermercados,Virgen del Rosario - Miércoles de Supermercados,Luque,20% de reintegro,reintegro,20%,miércoles,,,Los miércoles,Vigente hasta el 26 de noviembre de 2026,Límite de compra semanal de hasta Gs; Gs. 1.000.000,,,https://www.bancontinental.com.py/api/comercios?_limit=-1
3f275edebc2bc3b6,Continental,Tiendas,360 Sneaker Store,Asunción,Hasta 12 cuotas sin intereses; 25% de reintegro; 20% de reintegro,reintegro,25%; 20%,lunes; martes; miércoles; jueves; viernes; sábado; domingo,,,todos los días,Vigente hasta el 03 de junio de 2027,Límite de compra mensual de hasta Gs; Gs. 3.000.000; Gs. 2.000.000; Gs. 50.000.000,,,https://www.bancontinental.com.py/api/comercios?_limit=-1
5400130db9c2338e,Continental,Tiendas,A Y L Tienda,No especificado,20% de reintegro,reintegro,20%,jueves,,,los jueves,Vigente hasta el 23 de noviembre del 2026,Límites de compras: - Reintegros con límite de compra mensual de hasta Gs; Gs. 500.000,,,https://www.bancontinental.com.py/api/comercios?_limit=-1
b7f00e1bed6374e2,Continental,Tiendas,AB Alejandro Benítez Calzados - Encarnación,Encarnación,20% de reintegro,reintegro,20%,jueves,,,Los jueves,Vigente hasta el 27 de mayo de 2027,Límite de compras mensual de hasta Gs; Gs. 500.000,,,https://www.bancontinental.com.py/api/comercios?_limit=-1
3c88482aa50e23af,Continental,Tiendas,AL Store,No especificado,20% de reintegro,reintegro,20%,jueves,,,Los jueves,Vigente hasta el 17 de junio de 2027,Límite de compra de mensual de hasta Gs; Gs. 500.000,,,https://www.bancontinental.com.py/api/comercios?_limit=-1
66179edb527a114b,Continental,Tiendas,Active,Naranjal,20% de reintegro,reintegro,20%,jueves,,,Los jueves,Vigente hasta el 19 de febrero de 2027,Límite de compra mensual de hasta Gs; Gs. 500.000,,,https://www.bancontinental.com.py/api/comercios?_limit=-1
a9040058ea0e274d,Continental,Tiendas,Acuario Comercial,Concepción,10%; 20% de reintegro,reintegro,10%; 20%,jueves,,,Los jueves,Vigente hasta el 06 de noviembre de 2026,Límite de compra mensual de hasta Gs; Gs. 1.000.000,,,https://www.bancontinental.com.py/api/comercios?_limit=-1
5540b85ba5026b88,Continental,Tiendas,Adidas,No especificado,Hasta 12 cuotas sin intereses; 25% de reintegro; 20% de reintegro,reintegro,25%; 20%,lunes; martes; miércoles; jueves; viernes; sábado; domingo,,,todos los días,Vigente hasta el 03 de junio de 2027,Límite de compra mensual de hasta Gs; Gs. 3.000.000; Gs. 2.000.000; Gs. 50.000.000,,,https://www.bancontinental.com.py/api/comercios?_limit=-1
42f3d3dec7625c46,Continental,Tiendas,Agugu Bebés,Asunción,Hasta 12 cuotas sin intereses,cuotas_sin_intereses,,lunes; martes; miércoles; jueves; viernes; sábado; domingo,,,Todos los días,Vigente hasta el 13 de agosto de 2027,Límite de compra mensual de hasta Gs; Gs. 50.000.000,,,https://www.bancontinental.com.py/api/comercios?_limit=-1
3369bbc9672c43af,Continental,Tiendas,Alborada Super Store,No especificado,20% de reintegro,reintegro,20%,jueves,,,Los jueves,Vigente hasta el 15 de julio de 2027,Límite de compra mensual de hasta Gs; Gs. 1.000.000,,,https://www.bancontinental.com.py/api/comercios?_limit=-1
59a49acfc7490c10,Continental,Tiendas,Alex Vidrios,Ma. Auxiliadora (Itapúa),Hasta 12 cuotas sin intereses,cuotas_sin_intereses,,lunes; martes; miércoles; jueves; viernes; sábado; domingo,,,Todos los días,Vigente hasta el 27 de enero de 2027,Límite de compra mensual de hasta Gs; Gs. 50.000.000,,,https://www.bancontinental.com.py/api/comercios?_limit=-1
b1f577bb49528107,Continental,Tiendas,Alexa Tienda,Ma. Auxiliadora (Itapúa),20% de reintegro,reintegro,20%,jueves,,,los jueves,Vigente hasta el 27 de mayo de 2027,Límite de compras mensual de hasta de Gs; Gs. 1.000.000,,,https://www.bancontinental.com.py/api/comercios?_limit=-1
cd0e1fd4c3be2ee6,Continental,Tiendas,Alhambra Alfombras,Asunción,Hasta 12 cuotas sin intereses,cuotas_sin_intereses,,lunes; martes; miércoles; jueves; viernes; sábado; domingo,,,Todos los días,Vigente hasta el 29 de mayo de 2027,Límite de compra mensual de hasta Gs; Gs. 50.000.000,,,https://www.bancontinental.com.py/api/comercios?_limit=-1
65fa80d530c17872,Continental,Tiendas,Alma Novedades,Encarnación,20%; Hasta 12 cuotas sin intereses; 20% de reintegro,reintegro,20%,lunes; martes; miércoles; jueves; viernes; sábado; domingo,,,todos los días,Vigente hasta el 06 de mayo de 2027,Límite de compra mensual de hasta Gs; Gs. 500.000; Gs. 50.000.000,,,https://www.bancontinental.com.py/api/comercios?_limit=-1
16cb12694f1b370d,Continental,Tiendas,Alternativa,Caaguazú,20% de reintegro,reintegro,20%,jueves,,,Los jueves,Vigente hasta el 26 de febrero de 2027,Límite de compra mensual de hasta Gs; Gs. 1.000.000,,,https://www.bancontinental.com.py/api/comercios?_limit=-1
a9ec3ff22884c1b1,Continental,Tiendas,Alto Concepto Trajes,Asunción,20% de reintegro,reintegro,20%,jueves,,,los jueves,No especificado,Límites de compras: - Reintegros con límite de compra mensual de hasta Gs; Gs. 2.000.000,,,https://www.bancontinental.com.py/api/comercios?_limit=-1
51ac473ab848c5a7,Continental,Tiendas,Arezzo,Asunción,Hasta 12 cuotas sin intereses,cuotas_sin_intereses,,lunes; martes; miércoles; jueves; viernes; sábado; domingo,,,Todos los días,Vigente hasta el 14 de agosto de 2027,Límite de compra mensual de hasta Gs; Gs. 50.000.000,,,https://www.bancontinental.com.py/api/comercios?_limit=-1
4a3624618c4f0949,Continental,Tiendas,Atacado Connect,Ciudad del Este,Hasta 18 cuotas sin intereses,cuotas_sin_intereses,,lunes; martes; miércoles; jueves; viernes; sábado; domingo,,,Todos los días,Vigente hasta el 13 de marzo de 2027,Límite de compra mensual de hasta Gs; Gs. 50.000.000,,,https://www.bancontinental.com.py/api/comercios?_limit=-1
4d46397f34ed73ca,Continental,Tiendas,Atemporal,San Juan Bautista,20% de reintegro,reintegro,20%,jueves,,,Los jueves,Vigente hasta 10 de junio de 2027,Límite de compra mensual de hasta Gs; Gs. 500.000,,,https://www.bancontinental.com.py/api/comercios?_limit=-1
8dd01fd1ef5589d4,Continental,Tiendas,Atenas Sports,Todo el país,hasta 12 cuotas sin intereses; 25% de reintegro; 20% de reintegro,reintegro,25%; 20%,lunes; martes; miércoles; jueves; viernes; sábado; domingo,,,todos los días,Vigente hasta el 18 de mayo de 2027,Límite de compra mensual de hasta Gs; Límite de compra mensual de Gs; Gs. 2.000.000; Gs. 50.000.000,,,https://www.bancontinental.com.py/api/comercios?_limit=-1
47ad3e2cb80d9338,Continental,Tiendas,Athina,Asunción,20%; Hasta 12 cuotas sin intereses; 20% de descuento,descuento,20%,lunes; martes; miércoles; jueves; viernes; sábado; domingo,,,todos los días,Vigente desde el 03 de septiembre de 2026 hasta el 02 de septiembre de 2027,Límite de compra mensual de hasta Gs; Gs. 50.000.000,,,https://www.bancontinental.com.py/api/comercios?_limit=-1
5f020e7141d786ce,Continental,Tiendas,Balboa,Asunción,Hasta 12 cuotas sin intereses; 25% de reintegro; 20% de reintegro,reintegro,25%; 20%,lunes; martes; miércoles; jueves; viernes; sábado; domingo,,,todos los días,Vigente hasta el 03 de junio de 2027,Límite de compra mensual de hasta Gs; Gs. 3.000.000; Gs. 2.000.000; Gs. 50.000.000,,,https://www.bancontinental.com.py/api/comercios?_limit=-1
356d784182982f2e,Continental,Tiendas,Barista Róga,Asunción,Hasta 12 cuotas sin intereses,cuotas_sin_intereses,,lunes; martes; miércoles; jueves; viernes; sábado; domingo,,,Todos los días,Vigente hasta el 31 de diciembre del 2026,Límites de compras: - Cuotas sin intereses con límite de compra mensual de Gs; Gs. 50.000.000,,,https://www.bancontinental.com.py/api/comercios?_limit=-1
e45e17db6463d963,Continental,Tiendas,Belvi Studio,Naranjal,20% de reintegro,reintegro,20%,jueves,,,Los jueves,Vigente hasta el 19 de febrero de 2027,Límite de compra mensual de hasta Gs; Gs. 500.000,,,https://www.bancontinental.com.py/api/comercios?_limit=-1
25a386fc655daf47,Continental,Tiendas,Benditta Collection,Encarnación,25%; Hasta 12 cuotas sin intereses; 10% de reintegro; 15% de descuento,reintegro,25%; 10%; 15%,lunes; martes; miércoles; jueves; viernes; sábado; domingo,,,todos los días,Vigente hasta el 09 de marzo de 2027,Límite de compra mensual de hasta Gs; Gs. 1.000.000; Gs. 50.000.000,,,https://www.bancontinental.com.py/api/comercios?_limit=-1
ff0756763498bddf,Continental,Tiendas,Bertoni,Asunción,20%; hasta 12 cuotas sin intereses; 25% de reintegro; 20% de reintegro,reintegro,20%; 25%,lunes; martes; miércoles; jueves; viernes; sábado; domingo,,,todos los días,Vigente hasta el 15 abril de 2027,Límite de compra mensual de hasta Gs; Límite de compra de hasta Gs; Gs. 2.000.000; Gs. 50.000.000,,,https://www.bancontinental.com.py/api/comercios?_limit=-1
cc27e5f6e467958c,Continental,Tiendas,Birkenstock,No especificado,25% de reintegro; 20% de reintegro,reintegro,25%; 20%,jueves,,,los jueves,Vigente hasta el 13 de noviembre de 2026,Límite de compra mensual de hasta Gs; Gs. 1.000.000,,,https://www.bancontinental.com.py/api/comercios?_limit=-1
28686c05a1134f76,Continental,Tiendas,Body Club,Asunción,20%; hasta 12 cuotas sin intereses; 20% de reintegro,reintegro,20%,lunes; martes; miércoles; jueves; viernes; sábado; domingo,,,todos los días,Vigente hasta el 15 de abril de 2027,Límite de compra mensual de hasta Gs; Límite de compra mensual de Gs; Gs. 1.000.000; Gs. 50.000.000,,,https://www.bancontinental.com.py/api/comercios?_limit=-1
2a896e1fdd618f43,Continental,Tiendas,Body Sculpt,No especificado,hasta 12 cuotas sin intereses; 20% en caja,cuotas_sin_intereses,20%,lunes; martes; miércoles; jueves; viernes; sábado; domingo,,,todos los días,Vigente hasta el 04 de febrero del 2027,Límite de compra mensual de hasta Gs; Gs. 50.000.000,,,https://www.bancontinental.com.py/api/comercios?_limit=-1
9f8846df0e30fac9,Continental,Tiendas,Buscapies,Encarnación,20%; hasta 6 cuotas sin intereses; 20% de reintegro,reintegro,20%,lunes; martes; miércoles; jueves; viernes; sábado; domingo,,,todos los días,Vigente desde el 15 de enero de 2026 hasta el 7 de enero de 2027,Límite de compra mensual de hasta Gs; límite de compra mensual de Gs; Gs. 1.000.000; Gs. 50.000.000,,,https://www.bancontinental.com.py/api/comercios?_limit=-1
71aace636f0fb4c0,Continental,Tiendas,CAT,No especificado,25%; Hasta 12 cuotas sin intereses; 25% de reintegro; 20% de reintegro,reintegro,25%; 20%,lunes; martes; miércoles; jueves; viernes; sábado; domingo,,,todos los días,Vigente hasta el 01 de julio de 2027,Límite de compra mensual de hasta Gs; Gs. 2.000.000; Gs. 50.000.000,,,https://www.bancontinental.com.py/api/comercios?_limit=-1
c55d7f6f172fc412,Continental,Tiendas,CEI Calzados,Todo el país,20%; hasta 12 cuotas sin intereses; 20% de reintegro,reintegro,20%,lunes; martes; miércoles; jueves; viernes; sábado; domingo,,,todos los días,Vigente desde el 15 de enero de 2026 hasta el 27 de enero de 2027,Límite de compra mensual de hasta Gs; límite de compra mensual de Gs; Gs. 1.000.000; Gs. 50.000.000,,,https://www.bancontinental.com.py/api/comercios?_limit=-1
ff14a3dfdb58783b,Continental,Tiendas,Casa Antola,Pilar,20%; hasta 12 cuotas sin intereses; 20% de reintegro,reintegro,20%,lunes; martes; miércoles; jueves; viernes; sábado; domingo,,,todos los días,Vigente hasta el 03 de noviembre de 2026,Límites de compras: - Reintegros con límite de compra mensual de hasta Gs; límite de compra mensual de Gs; Gs. 1.000.000; Gs. 50.000.000,,,https://www.bancontinental.com.py/api/comercios?_limit=-1
1e17a176298f1978,Continental,Tiendas,Casa Bakunovich,Encarnación,20%; hasta 12 cuotas sin intereses; 20% de reintegro,reintegro,20%,lunes; martes; miércoles; jueves; viernes; sábado; domingo,,,todos los días,Vigente hasta el 22 de diciembre del 2026,Límites de compras: - Reintegros con límite de compra mensual de hasta Gs; límite de compra mensual de Gs; Gs.1.000.000; Gs. 50.000.000,,,https://www.bancontinental.com.py/api/comercios?_limit=-1
a1b0d9ab461d5d0b,Continental,Tiendas,Casa China,Katueté (Canindeyú),15% de reintegro,reintegro,15%,jueves,,,Los jueves,Vigente hasta el 08 de junio de 2027,Límite de compras mensual de hasta Gs; Gs. 500.000,,,https://www.bancontinental.com.py/api/comercios?_limit=-1
7371e15f9674b19b,Continental,Tiendas,Casa Heri Calzados,Encarnación,20% de reintegro,reintegro,20%,jueves,,,los jueves,Vigente hasta el 21 de enero de 2027,Límite de compra mensual de hasta Gs; Gs. 1.000.000,,,https://www.bancontinental.com.py/api/comercios?_limit=-1
4b241e7c006596e9,Continental,Tiendas,Casa Miró,Encarnación,20%; Hasta 12 cuotas sin intereses; 20% de reintegro,reintegro,20%,lunes; martes; miércoles; jueves; viernes; sábado; domingo,,,todos los días,Vigente hasta el 01 de octubre de 2026,Límite de compra mensual de Gs; Gs. 3.000.000; Gs. 50.000.000,,,https://www.bancontinental.com.py/api/comercios?_limit=-1
36b7fc96f93dd26f,Continental,Tiendas,Casa Omnia,Asunción,25%; Hasta 12 cuotas sin intereses; 25% de reintegro; 20% de reintegro,reintegro,25%; 20%,lunes; martes; miércoles; jueves; viernes; sábado; domingo,,,todos los días,Vigente hasta el 20 de mayo de 2027,Límite de compra mensual de hasta Gs; Gs. 2.000.000; Gs. 50.000.000,,,https://www.bancontinental.com.py/api/comercios?_limit=-1
ebfe2bfa6bf84284,Continental,Tiendas,Casa Vera,Caaguazú,Hasta 12 cuotas sin intereses,cuotas_sin_intereses,,lunes; martes; miércoles; jueves; viernes; sábado; domingo,,,Todos los días,Vigente hasta el 14 de octubre de 2026,Límite de compra mensual de hasta Gs; Gs. 50.000.000,,,https://www.bancontinental.com.py/api/comercios?_limit=-1
50e34986420bf777,Continental,Tiendas,Casa de Campo,Fernando de la Mora,20% de reintegro,reintegro,20%,jueves,,,los jueves,Vigente hasta el 12 de noviembre del 2026,Límites de compras: - Reintegros con límite de compra mensual de hasta Gs; Gs. 1.000.000,,,https://www.bancontinental.com.py/api/comercios?_limit=-1
21b404208349274d,Continental,Tiendas,CellShop,No especificado,Hasta 12 cuotas sin intereses,cuotas_sin_intereses,,lunes; martes; miércoles; jueves; viernes; sábado; domingo,,,Todos los días,Vigente hasta el 18 de febrero de 2027,Límite de compra mensual de hasta Gs; Gs. 50.000.000,,,https://www.bancontinental.com.py/api/comercios?_limit=-1
0d02271a4cda923a,Continental,Tiendas,Centric Shopping Pilar,Pilar,Hasta 12 cuotas sin intereses,cuotas_sin_intereses,,lunes; martes; miércoles; jueves; viernes; sábado; domingo,,,Todos los días,Vigente hasta el 22 de abril de 2027,Límite de compra mensual de Gs; Gs. 50.000.000,,,https://www.bancontinental.com.py/api/comercios?_limit=-1
0520175555d2a335,Continental,Tiendas,Champs Elysées,No especificado,20%; hasta 12 cuotas sin intereses; 20% de reintegro; 25% de reintegro,reintegro,20%; 25%,lunes; martes; miércoles; jueves; viernes; sábado; domingo,,,todos los días,No especificado,Límites de compras: - Reintegros del 20% con límite de compra mensual de hasta Gs; límite de compra mensual de hasta Gs; límite de compra mensual de Gs; Gs. 1.000.000; Gs. 2.000.000; Gs. 50.000.000,,,https://www.bancontinental.com.py/api/comercios?_limit=-1
e37dd09e25a81a2d,Continental,Tiendas,Chetos & Chetitos,Col. Hohenau,20% de reintegro,reintegro,20%,jueves,,,los jueves,Vigente hasta el 29 de abril del 2027,Límite de compra mensual de hasta Gs; Gs. 1.000.000,,,https://www.bancontinental.com.py/api/comercios?_limit=-1
e8751168f8d6fe88,Continental,Tiendas,Claudia Boutique,Pilar,10%; Hasta 12 cuotas sin intereses; 10% de descuento,descuento,10%,lunes; martes; miércoles; jueves; viernes; sábado; domingo,,,todos los días,Vigente hasta el 27 de agosto de 2027,Límite de compra mensual de hasta Gs; Gs. 50.000.000,,,https://www.bancontinental.com.py/api/comercios?_limit=-1
378553642f719a6b,Continental,Tiendas,Click Box,No especificado,Hasta 18 cuotas sin intereses,cuotas_sin_intereses,,lunes; martes; miércoles; jueves; viernes; sábado; domingo,,,Todos los días,Vigente hasta el 15 de diciembre de 2026,Límite de compra: - Cuotas sin intereses con límite de compra mensual de Gs; Gs. 50.000.000,,,https://www.bancontinental.com.py/api/comercios?_limit=-1
f3bfb9e48ac0b25b,Continental,Tiendas,Coco Fit,Ayolas - Misiones,20%; hasta 12 cuotas sin intereses; 20% de reintegro,reintegro,20%,lunes; martes; miércoles; jueves; viernes; sábado; domingo,,,todos los días,"Vigente hasta el 03 de febrero del 2027 (*) Beneficio exclusivo para compras de consumo personal o familiar, no aplica a compras con fines comerciales",Límite de compra mensual de hasta Gs; Gs. 1.000.000; Gs. 50.000.000,,,https://www.bancontinental.com.py/api/comercios?_limit=-1
0403a0df26b8bcf4,Continental,Tiendas,Cole Haan,Asunción,25%; Hasta 12 cuotas sin intereses; 25% de reintegro; 20% de reintegro,reintegro,25%; 20%,lunes; martes; miércoles; jueves; viernes; sábado; domingo,,,todos los días,Vigente hasta el 01 de julio de 2027,Límite de compra mensual de hasta Gs; Gs. 2.000.000; Gs. 50.000.000,,,https://www.bancontinental.com.py/api/comercios?_limit=-1
af77fb738c77ebf6,Continental,Tiendas,Comercial El Lorito,Loma Plata,Hasta 12 cuotas sin intereses,cuotas_sin_intereses,,lunes; martes; miércoles; jueves; viernes; sábado; domingo,,,Todos los días,Vigente desde el 27 de mayo de 2025 hasta el 26 de mayo de 2027,Límite de compra mensual de hasta Gs; Gs. 50.000.000,,,https://www.bancontinental.com.py/api/comercios?_limit=-1
b7f1716efeadac09,Continental,Tiendas,Crocs,No especificado,25%; Hasta 12 cuotas sin intereses; 25% de reintegro; 20% de reintegro,reintegro,25%; 20%,lunes; martes; miércoles; jueves; viernes; sábado; domingo,,,todos los días,Vigente hasta el 01 de julio de 2027,Límite de compra mensual de hasta Gs; Gs. 2.000.000; Gs. 50.000.000,,,https://www.bancontinental.com.py/api/comercios?_limit=-1
fe3529b107db53b9,Continental,Tiendas,Cuna Bella,Asunción,20%; Hasta 12 cuotas sin intereses; 20% de reintegro,reintegro,20%,lunes; martes; miércoles; jueves; viernes; sábado; domingo,,,todos los días,Vigente hasta el 13 de mayo de 2027,Límite de compra mensual de hasta Gs; Gs. 1.000.000; Gs. 50.000.000,,,https://www.bancontinental.com.py/api/comercios?_limit=-1
0061a1e7295921e2,Continental,Tiendas,DV Cueros,"San Ignacio, Misiones",20% de reintegro,reintegro,20%,jueves,,,Los jueves,Vigente hasta el 09 de septiembre de 2027,Límite de compra mensual de hasta Gs; Gs. 1.000.000,,,https://www.bancontinental.com.py/api/comercios?_limit=-1
d7db6c25828abac0,Continental,Tiendas,De Marie,No especificado,Hasta 12 cuotas sin intereses; 25% de reintegro; 20% de reintegro,reintegro,25%; 20%,lunes; martes; miércoles; jueves; viernes; sábado; domingo,,,todos los días,Vigente hasta el 03 de junio de 2027,Límite de compra mensual de hasta Gs; Gs. 3.000.000; Gs. 2.000.000; Gs. 50.000.000,,,https://www.bancontinental.com.py/api/comercios?_limit=-1
142563026236006d,Continental,Tiendas,Deport Center,Encarnación,30%; Hasta 12 cuotas sin intereses; 30% de reintegro,reintegro,30%,lunes; martes; miércoles; jueves; viernes; sábado; domingo,,,todos los días,Vigente hasta el 22 de julio de 2027,Límite de compras mensual de hasta Gs; Gs. 1.000.000; Gs. 50.000.000,,,https://www.bancontinental.com.py/api/comercios?_limit=-1
94fd5a2d41e4c7d0,Continental,Tiendas,Dermash,Asunción,25% de reintegro; 20% de reintegro,reintegro,25%; 20%,jueves,,,los jueves,No especificado,Límite de compra mensual de hasta Gs; Gs. 2.000.000,,,https://www.bancontinental.com.py/api/comercios?_limit=-1
e9433eaf2e923d71,Continental,Tiendas,Deysi Boutique,"Obligado, Itapúa",20% de reintegro,reintegro,20%,jueves,,,los jueves,Vigente hasta el 29 del octubre del 2026,Límites de compras: - Reintegros con límite de compra mensual de hasta Gs; Gs. 500.0000,,,https://www.bancontinental.com.py/api/comercios?_limit=-1
2e47dbb8b3990b3e,Continental,Tiendas,Dilara Boutique,Encarnación,20%; hasta 6 cuotas sin intereses; 20% de reintegro,reintegro,20%,lunes; martes; miércoles; jueves; viernes; sábado; domingo,,,todos los días,Vigente hasta el 15 de abril de 2027,Límite de compra mensual de hasta Gs; Límite de compra mensual de Gs; Gs. 1.000.000; Gs. 50.000.000,,,https://www.bancontinental.com.py/api/comercios?_limit=-1
1be74f23c70edd3f,Continental,Tiendas,Discovery Foot Wear,Asunción,30%; Hasta 12 cuotas sin intereses; 30% de descuento,descuento,30%,lunes; martes; miércoles; jueves; viernes; sábado; domingo,,,todos los días,Vigente hasta el 30 de mayo de 2027,Límite de compra mensual de hasta Gs; Gs. 50.000.000,,,https://www.bancontinental.com.py/api/comercios?_limit=-1
2f23d00188011747,Continental,Tiendas,Dudalina,No especificado,25%; Hasta 12 cuotas sin intereses; 10% de reintegro; 15% de descuento,reintegro,25%; 10%; 15%,lunes; martes; miércoles; jueves; viernes; sábado; domingo,,,todos los días,Vigente hasta el 09 de marzo de 2027,Límite de compra mensual de hasta Gs; Gs. 1.000.000; Gs. 50.000.000,,,https://www.bancontinental.com.py/api/comercios?_limit=-1
773cba9b29266685,Continental,Tiendas,El Juguetero,"San Ignacio, Misiones",20%; hasta 12 cuotas sin intereses; 20% de descuento,descuento,20%,lunes; martes; miércoles; jueves; viernes; sábado; domingo,,,todos los días,Vigente hasta el 19 de mayo de 2027,Límite de compra mensual de Gs; Gs. 50.000.000,,,https://www.bancontinental.com.py/api/comercios?_limit=-1
a1d5dc7319c7b0c0,Continental,Tiendas,El Mundo del Cotillón,Encarnación,20%; Hasta 12 cuotas sin intereses; 20% de reintegro,reintegro,20%,lunes; martes; miércoles; jueves; viernes; sábado; domingo,,,todos los días,Vigente hasta el 20 de agosto de 2027,Límite de compra mensual de hasta Gs; Gs. 1.000.000; Gs. 50.000.000,,,https://www.bancontinental.com.py/api/comercios?_limit=-1
e7186dfaad92dfb4,Continental,Tiendas,El Negro Suplementos,Asunción,35%; Hasta 12 cuotas sin intereses; 15% de reintegro; 10% de reintegro; 35% de descuento,reintegro,35%; 15%; 10%,lunes; martes; miércoles; jueves; viernes; sábado; domingo,,,todos los días,Vigente hasta el 17 de junio de 2027,Límite de compra mensual de hasta Gs; Gs. 1.000.000; Gs. 50.000.000,,,https://www.bancontinental.com.py/api/comercios?_limit=-1
74f5c64a2e8d7e0b,Continental,Tiendas,Elefante Negro,Asunción,25% de reintegro,reintegro,25%,jueves,,,los jueves,Vigente hasta 03 de junio de 2027,Límite de compra mensual de hasta Gs; Gs. 2.000.000,,,https://www.bancontinental.com.py/api/comercios?_limit=-1
e1f73d4e7e3f215d,Continental,Tiendas,Elizabeth Macoritto - Vestidos,Asunción,Hasta 12 cuotas sin intereses,cuotas_sin_intereses,,lunes; martes; miércoles; jueves; viernes; sábado; domingo,,,Todos los días,"Vigente hasta el 05 de marzo del 2027 (*) No participan las tarjetas Pre-Pagas, Gourmet Card ni Cabal",Límite de compra mensual de hasta Gs; Gs. 50.000.000,,,https://www.bancontinental.com.py/api/comercios?_limit=-1
e18b1b4dfac28b55,Continental,Tiendas,Eneache,Asunción,20% de reintegro,reintegro,20%,jueves,,,los jueves,Vigente hasta el 08 de abril de 2027,Límite de compras mensual de hasta Gs; Gs. 2.000.000,,,https://www.bancontinental.com.py/api/comercios?_limit=-1
f87b92723d7390bc,Continental,Tiendas,Enerbike,Asunción,Hasta 12 cuotas sin intereses,cuotas_sin_intereses,,lunes; martes; miércoles; jueves; viernes; sábado; domingo,,,Todos los días,Vigente hasta el 31 de julio de 2027,Límite de compra mensual de hasta Gs; Gs. 50.000.000,,,https://www.bancontinental.com.py/api/comercios?_limit=-1
a3085ce464c3af95,Continental,Tiendas,Essen,No especificado,Hasta 12 cuotas sin intereses; 30% de descuento; 10% de descuento,descuento,30%; 10%,lunes; martes; miércoles; jueves; viernes; sábado; domingo,,,Todos los días,Vigente hasta el 05 de junio de 2027,Límite de compra mensual de hasta Gs; Gs. 50.000.000,,,https://www.bancontinental.com.py/api/comercios?_limit=-1
63a6ae43b2131ccc,Continental,Tiendas,FC Lab,Asunción,Hasta 12 cuotas sin intereses; 25% de reintegro; 20% de reintegro,reintegro,25%; 20%,lunes; martes; miércoles; jueves; viernes; sábado; domingo,,,todos los días,Vigente hasta el 03 de junio de 2027,Límite de compra mensual de hasta Gs; Gs. 3.000.000; Gs. 2.000.000; Gs. 50.000.000,,,https://www.bancontinental.com.py/api/comercios?_limit=-1
37792cb1d88e84a5,Continental,Tiendas,Facha Facha,Encarnación,20% de reintegro,reintegro,20%,jueves,,,los jueves,"Vigente hasta el 11 de marzo de 2027 (*) No participan las tarjetas Pre-Pagas, Gourmet Card ni Cabal",Límite de compras mensual de hasta Gs; Gs. 2.000.000,,,https://www.bancontinental.com.py/api/comercios?_limit=-1
aa28a1333acd5efd,Continental,Tiendas,Fiori Florería,Asunción,15%; hasta 6 cuotas sin intereses; 15% de reintegro,reintegro,15%,lunes; martes; miércoles; jueves; viernes; sábado; domingo,,,todos los días,Vigente hasta el 21 de diciembre de 2026,Límite de compra mensual de hasta Gs; Límite de compra mensual de Gs; Gs. 1.000.000; Gs. 50.000.000,,,https://www.bancontinental.com.py/api/comercios?_limit=-1
2091839cf521dd8a,Continental,Tiendas,Fitway,Asunción,25% de reintegro; 20% de reintegro,reintegro,25%; 20%,jueves,,,los jueves,Vigente hasta el 25 de marzo de 2027,Límite de compras mensual de hasta Gs; Gs. 1.000.000,,,https://www.bancontinental.com.py/api/comercios?_limit=-1
ff9e6c1567790383,Continental,Tiendas,Flash Importados,Ciudad del Este,20%; Hasta 12 cuotas sin intereses; 20% de reintegro,reintegro,20%,lunes; martes; miércoles; jueves; viernes; sábado; domingo,,,todos los días,Vigente hasta el 02 de septiembre de 2027,Límite de compra mensual de hasta Gs; Gs. 1.000.000; Gs. 50.000.000,,,https://www.bancontinental.com.py/api/comercios?_limit=-1
7b0e37844a69fa8f,Continental,Tiendas,Forever 21,No especificado,20%; hasta 12 cuotas sin intereses; 20% de reintegro; 25% de reintegro,reintegro,20%; 25%,lunes; martes; miércoles; jueves; viernes; sábado; domingo,,,todos los días,No especificado,Límites de compras: - Reintegros del 20% con límite de compra mensual de hasta Gs; límite de compra mensual de hasta Gs; límite de compra mensual de Gs; Gs. 1.000.000; Gs. 2.000.000; Gs. 50.000.000,,,https://www.bancontinental.com.py/api/comercios?_limit=-1
84b82bbe9faa53e0,Continental,Tiendas,Forever 21 - Privilege,No especificado,25%; hasta 12 cuotas sin intereses; 25% de reintegro,reintegro,25%,lunes; martes; miércoles; jueves; viernes; sábado; domingo,,,todos los días,Vigente hasta el 01 de octubre del 2026,Límites de compras: - Reintegros con límite de compra mensual de hasta Gs; límite de compra mensual de Gs; Gs. 2.000.000; Gs. 50.000.000,,,https://www.bancontinental.com.py/api/comercios?_limit=-1
37d5ad2178fee2c5,Continental,Tiendas,Freesia Cosméticos,Concepción,Hasta 12 cuotas sin intereses,cuotas_sin_intereses,,lunes; martes; miércoles; jueves; viernes; sábado; domingo,,,Todos los días,Vigente hasta el 19 de noviembre de 2026,Límite de compras: - Cuotas sin intereses con límite de compra mensual de Gs; Gs. 50.000.000,,,https://www.bancontinental.com.py/api/comercios?_limit=-1
469d028741470c48,Continental,Tiendas,Furla,Asunción,Hasta 12 cuotas sin intereses,cuotas_sin_intereses,,lunes; martes; miércoles; jueves; viernes; sábado; domingo,,,Todos los días,Vigente hasta el 14 de agosto de 2027,Límite de compra mensual de hasta Gs; Gs. 50.000.000,,,https://www.bancontinental.com.py/api/comercios?_limit=-1
0aed1f38942def02,Continental,Tiendas,GH1S,No especificado,25% de reintegro,reintegro,25%,jueves,,,los jueves,Vigente hasta el 20 de noviembre del 2026,Límites de compras: - Reintegros con límite de compra mensual de hasta Gs; Gs. 1.000.000,,,https://www.bancontinental.com.py/api/comercios?_limit=-1
2d8e5a1e4842d846,Continental,Tiendas,Gaete - Tienda Deportiva,Tomás R. Pereira,20% de reintegro,reintegro,20%,jueves,,,los jueves,"Vigente hasta el 25 de febrero del 2027 (*) No participan las tarjetas Pre-Pagas, Gourmet Card ni Cabal",Límite de compras mensual de hasta Gs; Gs. 1.000.000,,,https://www.bancontinental.com.py/api/comercios?_limit=-1
8205a53cde183e24,Continental,Tiendas,Ganian Petshop,No especificado,20% de reintegro,reintegro,20%,jueves,,,Los jueves,Vigente hasta el 08 de junio de 2027,Límite de compras mensual de hasta Gs; Gs. 500.000,,,https://www.bancontinental.com.py/api/comercios?_limit=-1
135d83520871e2a0,Continental,Tiendas,Gilardini,Asunción,20%; hasta 12 cuotas sin intereses; 20% de reintegro,reintegro,20%,lunes; martes; miércoles; jueves; viernes; sábado; domingo,,,todos los días,Vigente hasta el 18 de marzo de 2027,Límite de compras mensual de hasta Gs; Gs. 3.000.000; Gs. 50.000.000,,,https://www.bancontinental.com.py/api/comercios?_limit=-1
bdcd62ad294e38cf,Continental,Tiendas,Giorgio Redaelli,Asunción,20% de reintegro,reintegro,20%,jueves,,,los jueves,Vigente hasta el 27 de mayo de 2027,Límite de compras mensual de hasta de Gs; Gs. 1.000.000,,,https://www.bancontinental.com.py/api/comercios?_limit=-1
9105b725120c496d,Continental,Tiendas,Glamore Shoes,Asunción,20%; 25% de reintegro; 20% de reintegro,reintegro,20%; 25%,jueves,,,Los jueves,Vigente hasta el 05 de febrero de 2027,Límite de compra mensual de hasta Gs; Gs. 1.500.000,,,https://www.bancontinental.com.py/api/comercios?_limit=-1
b474e2b8c4d1fbd8,Continental,Tiendas,Guess,San Lorenzo,25%; Hasta 12 cuotas sin intereses; 25% de reintegro; 20% de reintegro,reintegro,25%; 20%,lunes; martes; miércoles; jueves; viernes; sábado; domingo,,,todos los días,Vigente hasta el 01 de julio de 2027,Límite de compra mensual de hasta Gs; Gs. 2.000.000; Gs. 50.000.000,,,https://www.bancontinental.com.py/api/comercios?_limit=-1
37838d6f410c4cad,Continental,Tiendas,HeartWood,Santa Rita (Alto Paraná),20% de reintegro,reintegro,20%,jueves,,,los jueves,Vigente hasta el 12 de agosto de 2027,Límite de compra mensual de hasta Gs; Gs. 2.000.000,,,https://www.bancontinental.com.py/api/comercios?_limit=-1
fc27ef4e43390902,Continental,Tiendas,Hey Dude,Asunción,25%; Hasta 12 cuotas sin intereses; 25% de reintegro; 20% de reintegro,reintegro,25%; 20%,lunes; martes; miércoles; jueves; viernes; sábado; domingo,,,todos los días,Vigente hasta el 01 de julio de 2027,Límite de compra mensual de hasta Gs; Gs. 2.000.000; Gs. 50.000.000,,,https://www.bancontinental.com.py/api/comercios?_limit=-1
b0e4a2a91d0e633b,Continental,Tiendas,Hope,Asunción,Hasta 12 cuotas sin intereses,cuotas_sin_intereses,,lunes; martes; miércoles; jueves; viernes; sábado; domingo,,,Todos los días,Vigente hasta el 14 de agosto de 2027,Límite de compra mensual de hasta Gs; Gs. 50.000.000,,,https://www.bancontinental.com.py/api/comercios?_limit=-1
983d4a17b0ab7d1d,Continental,Tiendas,ISDIN,No especificado,20%; hasta 12 cuotas sin intereses; 20% de reintegro; 25% de reintegro,reintegro,20%; 25%,lunes; martes; miércoles; jueves; viernes; sábado; domingo,,,todos los días,No especificado,Límites de compras: - Reintegros del 20% con límite de compra mensual de hasta Gs; límite de compra mensual de hasta Gs; límite de compra mensual de Gs; Gs. 1.000.000; Gs. 2.000.000; Gs. 50.000.000,,,https://www.bancontinental.com.py/api/comercios?_limit=-1
674fdc05052280da,Continental,Tiendas,Intershop,Ciudad del Este,Hasta 18 cuotas sin intereses,cuotas_sin_intereses,,lunes; martes; miércoles; jueves; viernes; sábado; domingo,,,Todos los días,Vigente hasta el 10 de abril del 2027,Límite de compra mensual de hasta Gs; Gs. 50.000.000,,,https://www.bancontinental.com.py/api/comercios?_limit=-1
65d53193ec1359b1,Continental,Tiendas,Ipacarai Import - Export S.A,No especificado,30%; Hasta 12 cuotas sin intereses; 30% de reintegro,reintegro,30%,lunes; martes; miércoles; jueves; viernes; sábado; domingo,,,todos los días,Vigente hasta el 17 de junio de 2027,Límite de compra mensual de hasta Gs; Gs. 2.000.000; Gs. 50.000.000,,,https://www.bancontinental.com.py/api/comercios?_limit=-1
aeb7d58da564da7e,Continental,Tiendas,Iphone Service,Asunción,Hasta 12 cuotas sin intereses,cuotas_sin_intereses,,lunes; martes; miércoles; jueves; viernes; sábado; domingo,,,Todos los días,Vigente hasta el 20 de octubre de 2026,Límite de compra de hasta Gs; Gs. 50.000.000,,,https://www.bancontinental.com.py/api/comercios?_limit=-1
71556f147d1ef6af,Continental,Tiendas,Iron Store,No especificado,20%; hasta 12 cuotas sin intereses; 20% de reintegro,reintegro,20%,lunes; martes; miércoles; jueves; viernes; sábado; domingo,,,todos los días,Vigente hasta el 13 de mayo de 2027,Límite de compra mensual de hasta Gs; Límite de compra mensual de Gs; Gs. 1.000.000; Gs. 50.000.000,,,https://www.bancontinental.com.py/api/comercios?_limit=-1
1832be54c8d40551,Continental,Tiendas,Jack y Jones,No especificado,20%; hasta 12 cuotas sin intereses; 20% de reintegro; 25% de reintegro,reintegro,20%; 25%,lunes; martes; miércoles; jueves; viernes; sábado; domingo,,,todos los días,No especificado,Límites de compras: - Reintegros del 20% con límite de compra mensual de hasta Gs; límite de compra mensual de hasta Gs; límite de compra mensual de Gs; Gs. 1.000.000; Gs. 2.000.000; Gs. 50.000.000,,,https://www.bancontinental.com.py/api/comercios?_limit=-1
bdaecceebfd9e893,Continental,Tiendas,Jack y Jones,No especificado,hasta 12 cuotas sin intereses; 25% de reintegro,reintegro,25%,lunes; martes; miércoles; jueves; viernes; sábado; domingo,,,todos los días,Vigente hasta el 01 de octubre del 2026,Límites de compras: - Reintegros con límite de compra mensual de hasta Gs; límite de compra mensual de Gs; Gs. 2.000.000; Gs. 50.000.000,,,https://www.bancontinental.com.py/api/comercios?_limit=-1
a972183a3b739e6f,Continental,Tiendas,Jakare - La Tienda,No especificado,hasta 12 cuotas sin intereses; 20% de reintegro; 25% de reintegro,reintegro,20%; 25%,lunes; martes; miércoles; jueves; viernes; sábado; domingo,,,todos los días,Vigente hasta el 18 de mayo de 2027,Límite de compra mensual de Gs; Gs. 2.000.000; Gs. 50.000.000,,,https://www.bancontinental.com.py/api/comercios?_limit=-1
af17ccca12c75b42,Continental,Tiendas,JazBi Accesorios,No especificado,Hasta 12 cuotas sin intereses,cuotas_sin_intereses,,lunes; martes; miércoles; jueves; viernes; sábado; domingo,,,Todos los días,Vigente hasta el 13 de octubre del 2026,Límites de compras: - Cuotas sin intereses con límite de compra mensual de Gs; Gs. 50.000.000,,,https://www.bancontinental.com.py/api/comercios?_limit=-1
0c4631bdb1ae2773,Continental,Tiendas,Jeep Apparel,San Lorenzo,25%; Hasta 12 cuotas sin intereses; 25% de reintegro; 20% de reintegro,reintegro,25%; 20%,lunes; martes; miércoles; jueves; viernes; sábado; domingo,,,todos los días,Vigente hasta el 01 de julio de 2027,Límite de compra mensual de hasta Gs; Gs. 2.000.000; Gs. 50.000.000,,,https://www.bancontinental.com.py/api/comercios?_limit=-1
0c5b4b7338a0e6cd,Continental,Tiendas,Jessica Valentina Boutique,Encarnación,20% de reintegro,reintegro,20%,jueves,,,los jueves,"Vigente hasta el 18 de marzo de 2027 (*) No participan las tarjetas Pre-Pagas, Gourmet Card ni Cabal",Límite de compras mensual de hasta Gs; Gs. 1.000.000,,,https://www.bancontinental.com.py/api/comercios?_limit=-1
29923e0089039516,Continental,Tiendas,Jessica Valentina Lingerie,Encarnación,20% de reintegro,reintegro,20%,jueves,,,Los jueves,Vigente hasta el 23 de septiembre de 2027,Límite de compra mensual de hasta Gs; Gs. 500.000,,,https://www.bancontinental.com.py/api/comercios?_limit=-1
0d51877ce06496ff,Continental,Tiendas,Joy Calzados,"Obligado, Itapúa",20% de reintegro,reintegro,20%,jueves,,,Los jueves,Vigente hasta el 02 de septiembre de 2027,Límite de compra mensual de hasta Gs; Gs. 1.000.000,,,https://www.bancontinental.com.py/api/comercios?_limit=-1
4be488d3f6b21a68,Continental,Tiendas,Kami Store,San Estanislao,15%; hasta 12 cuotas sin intereses; 15% de descuento,descuento,15%,lunes; martes; miércoles; jueves; viernes; sábado; domingo,,,todos los días,Vigente hasta el 12 de marzo de 2027,Límite de compras mensual de hasta Gs; Gs. 50.000.000,,,https://www.bancontinental.com.py/api/comercios?_limit=-1
10101c6c448961cd,Continental,Tiendas,Kimi,Asunción,20%; Hasta 6 cuotas sin intereses; 20% de reintegro,reintegro,20%,lunes; martes; miércoles; jueves; viernes; sábado; domingo,,,todos los días,Vigente hasta el 19 de septiembre de 2027,Límite de compra mensual de hasta Gs; Gs. 500.000; Gs. 50.000.000,,,https://www.bancontinental.com.py/api/comercios?_limit=-1
b90c3c9126098cda,Continental,Tiendas,Kyrios - Caaguazú,Caaguazú,20%; Hasta 12 cuotas sin intereses; 20% de reintegro,reintegro,20%,lunes; martes; miércoles; jueves; viernes; sábado; domingo,,,todos los días,Vigente hasta el 22 de julio de 2027,Límite de compras mensual de hasta Gs; Gs. 1.000.000; Gs. 50.000.000,,,https://www.bancontinental.com.py/api/comercios?_limit=-1
c178caf3ccfc8dcb,Continental,Tiendas,Kyrios - Santani,San Estanislao,10% de reintegro,reintegro,10%,jueves,,,Los jueves,Vigente hasta 08 de julio de 2027,Límite de compra mensual de hasta Gs; Gs. 500.000,,,https://www.bancontinental.com.py/api/comercios?_limit=-1
5a72fb9881508d1b,Continental,Tiendas,LP Cosméticos,Encarnación,20% de reintegro,reintegro,20%,jueves,,,los jueves,"Vigente hasta el 11 de marzo de 2027 (*) No participan las tarjetas Pre-Pagas, Gourmet Card ni Cabal",Límite de compras mensual de hasta Gs; Gs. 500.000,,,https://www.bancontinental.com.py/api/comercios?_limit=-1
c407f683eb6bb51b,Continental,Tiendas,La Casa VRO,Asunción,20%; hasta 12 cuotas sin intereses; 20% de reintegro,reintegro,20%,lunes; martes; miércoles; jueves; viernes; sábado; domingo,,,todos los días,Vigente hasta el 17 de diciembre de 2026,Límite de compra mensual de hasta Gs; Límite de compra mensual de Gs; Gs. 1.000.000; Gs. 50.000.000,,,https://www.bancontinental.com.py/api/comercios?_limit=-1
c18eb48fb24d8e16,Continental,Tiendas,La Coqueta,Concepción,20%; hasta 6 cuotas sin intereses; 20% de reintegro,reintegro,20%,lunes; martes; miércoles; jueves; viernes; sábado; domingo,,,todos los días,"Vigente hasta el 11 de marzo del 2027 (*) No participan las tarjetas Pre-Pagas, Gourmet Card ni Cabal",Límite de compras mensual de hasta Gs; Gs. 1.000.000; Gs. 50.000.000,,,https://www.bancontinental.com.py/api/comercios?_limit=-1
46ef0e6020d4bd8e,Continental,Tiendas,La Electrotienda,Asunción,Ver descripción,beneficio,,,,,No especificado,No especificado,No especificado,,,https://www.bancontinental.com.py/api/comercios?_limit=-1
8dc2938cd2b20a52,Continental,Tiendas,La Gloria Eterna Store,Asunción,Hasta 12 cuotas sin intereses,cuotas_sin_intereses,,lunes; martes; miércoles; jueves; viernes; sábado; domingo,,,Todos los días,Vigente hasta el 22 de julio de 2027,Límite de compra mensual de hasta Gs; Gs. 50.000.000,,,https://www.bancontinental.com.py/api/comercios?_limit=-1
d7223c87490b2e06,Continental,Tiendas,La Tienda Comercial,San Juan Bautista,20% de reintegro,reintegro,20%,jueves,,,Los jueves,Vigente hasta el 26 de agosto de 2027,Límite de compra de mensual de hasta Gs; Gs. 500.000,,,https://www.bancontinental.com.py/api/comercios?_limit=-1
47218d667381d989,Continental,Tiendas,La Tienda Hesed,Lambaré,Hasta 12 cuotas sin intereses,cuotas_sin_intereses,,lunes; martes; miércoles; jueves; viernes; sábado; domingo,,,Todos los días,Vigente hasta el 04 de mayo de 2027,Límite de compra mensual de Gs; Gs. 50.000.000,,,https://www.bancontinental.com.py/api/comercios?_limit=-1
93c11afd2d503798,Continental,Tiendas,Lacoste,Asunción,Hasta 12 cuotas sin intereses,cuotas_sin_intereses,,lunes; martes; miércoles; jueves; viernes; sábado; domingo,,,Todos los días,Vigente hasta el 14 de agosto de 2027,Límite de compra mensual de hasta Gs; Gs. 50.000.000,,,https://www.bancontinental.com.py/api/comercios?_limit=-1
ae6f20533f192de9,Continental,Tiendas,LanderFit,No especificado,30%; 35% de reintegro; 30% de reintegro,reintegro,30%; 35%,jueves,,,Los jueves,Vigente hasta el 19 de noviembre de 2026,Límite de compra mensual de hasta Gs; Gs. 1.000.000,,,https://www.bancontinental.com.py/api/comercios?_limit=-1
ae6f20533f192de9-6aba4b07,Continental,Tiendas,LanderFit,No especificado,35% de reintegro,reintegro,35%,jueves,,,Los jueves,Vigente hasta el 19 de noviembre de 2026,Límite de compra mensual de hasta Gs; Gs. 1.000.000,,,https://www.bancontinental.com.py/api/comercios?_limit=-1
f6789406944a12b9,Continental,Tiendas,Las Perlas Regalería,Coronel Bogado,20% de reintegro,reintegro,20%,jueves,,,Los jueves,Vigente hasta el 15 de julio de 2027,Límite de compra mensual de hasta Gs; Gs. 1.000.000,,,https://www.bancontinental.com.py/api/comercios?_limit=-1
85724891b7f09df6,Continental,Tiendas,Le Parfum,No especificado,20% de reintegro,reintegro,20%,jueves,,,los jueves,Vigente hasta el 11 de febrero de 2027,Límite de compra mensual de hasta Gs; Gs. 2.000.000,,,https://www.bancontinental.com.py/api/comercios?_limit=-1
5466f51d47bd761e,Continental,Tiendas,Libano Novias,Asunción,Hasta 12 cuotas sin intereses,cuotas_sin_intereses,,lunes; martes; miércoles; jueves; viernes; sábado; domingo,,,Todos los días,Vigente hasta el 11 de septiembre de 2027,Límite de compra mensual de hasta Gs; Gs. 50.000.000,,,https://www.bancontinental.com.py/api/comercios?_limit=-1
9eddc2357c5ecffb,Continental,Tiendas,Liberato,No especificado,20%; Hasta 12 cuotas sin intereses; 20% de reintegro,reintegro,20%,lunes; martes; miércoles; jueves; viernes; sábado; domingo,,,todos los días,Vigente hasta el 10 de junio de 2027,Límite de compra mensual de hasta Gs; Gs. 1.000.000; Gs. 50.000.000,,,https://www.bancontinental.com.py/api/comercios?_limit=-1
35921e1f6b012265,Continental,Tiendas,Lift-Par,Asunción,Hasta 12 cuotas sin intereses,cuotas_sin_intereses,,lunes; martes; miércoles; jueves; viernes; sábado; domingo,,,Todos los días,Vigente hasta el 10 de marzo de 2027,Límite de compras de mensual de hasta Gs; Gs. 50.000.000,,,https://www.bancontinental.com.py/api/comercios?_limit=-1
57d17e93ac3b07a0,Continental,Tiendas,Loja Da Moy,Naranjal,20%; Hasta 12 cuotas sin intereses; 20% de reintegro,reintegro,20%,lunes; martes; miércoles; jueves; viernes; sábado; domingo,,,todos los días,Vigente hasta el 19 de febrero de 2027,Límite de compra mensual de hasta Gs; Gs. 1.000.000; Gs. 50.000.000,,,https://www.bancontinental.com.py/api/comercios?_limit=-1
6c47c2acb5243f98,Continental,Tiendas,Love Moschino,Asunción,Hasta 12 cuotas sin intereses,cuotas_sin_intereses,,lunes; martes; miércoles; jueves; viernes; sábado; domingo,,,Todos los días,Vigente hasta el 14 de agosto de 2027,Límite de compra mensual de hasta Gs; Gs. 50.000.000,,,https://www.bancontinental.com.py/api/comercios?_limit=-1
60a7a3a281c3062a,Continental,Tiendas,Lucky Import - Export,Ciudad del Este,20%; Hasta 12 cuotas sin intereses; 20% de reintegro,reintegro,20%,lunes; martes; miércoles; jueves; viernes; sábado; domingo,,,todos los días,Vigente hasta el 06 de agosto de 2027,Límite de compra mensual de hasta Gs; Gs. 1.000.000; Gs. 50.000.000,,,https://www.bancontinental.com.py/api/comercios?_limit=-1
b2abe40722f8a3f7,Continental,Tiendas,Luna Jeans,Encarnación,15%; hasta 12 cuotas sin intereses; 15% de reintegro,reintegro,15%,lunes; martes; miércoles; jueves; viernes; sábado; domingo,,,todos los días,Vigente hasta el 11 de marzo de 2027,Límite de compras mensual de hasta Gs; Gs. 1.000.000; Gs. 50.000.0000,,,https://www.bancontinental.com.py/api/comercios?_limit=-1
2840c04268a26881,Continental,Tiendas,ML Multimarcas,Concepción,20%; hasta 6 cuotas sin intereses; 20% de reintegro,reintegro,20%,lunes; martes; miércoles; jueves; viernes; sábado; domingo,,,todos los días,"Vigente hasta el 11 de marzo del 2027 (*) No participan las tarjetas Pre-Pagas, Gourmet Card ni Cabal",Límite de compras mensual de hasta Gs; Gs. 1.000.000; Gs. 50.000.000,,,https://www.bancontinental.com.py/api/comercios?_limit=-1
4f11054d687ec5ce,Continental,Tiendas,Mango /Cortefiel / Pedro de Hierro,Asunción,25% de reintegro; 20% de reintegro,reintegro,25%; 20%,,,,No especificado,Vigente hasta el 13 de septiembre de 2026,Límite de compra mensual de hasta Gs; Gs. 2.000.000; Gs. 1.000.000,,,https://www.bancontinental.com.py/api/comercios?_limit=-1
5edbc3e390804365,Continental,Tiendas,Mapy,Salto del Guairá,Hasta 12 cuotas sin intereses,cuotas_sin_intereses,,lunes; martes; miércoles; jueves; viernes; sábado; domingo,,,Todos los días,Vigente hasta el 30 de septiembre del 2026,Límites de compras: - Cuotas sin intereses con límite de compra mensual de Gs; Gs. 50.000.000,,,https://www.bancontinental.com.py/api/comercios?_limit=-1
eee031f87b6ad642,Continental,Tiendas,Maria's Enxovais,Naranjal,20%; Hasta 12 cuotas sin intereses; 20% de reintegro,reintegro,20%,lunes; martes; miércoles; jueves; viernes; sábado; domingo,,,todos los días,Vigente hasta el 19 de febrero de 2027,Límite de compra mensual de hasta Gs; Gs. 1.000.000; Gs. 50.000.000,,,https://www.bancontinental.com.py/api/comercios?_limit=-1
95260183bc3ff53c,Continental,Tiendas,Marijoa Tejidos,Todo el país,20% de reintegro,reintegro,20%,jueves,,,los jueves,"Vigente hasta el 18 de febrero del 2027 (*) No participan las tarjetas Pre-Pagas, Gourmet Card ni Cabal",Límite de compras mensual de hasta Gs; Gs. 1.000.000,,,https://www.bancontinental.com.py/api/comercios?_limit=-1
3b3c1e7971db9ce8,Continental,Tiendas,Marsal,Asunción,15%; Hasta 12 cuotas sin intereses; 15% de descuento,descuento,15%,jueves,,,los jueves,Vigente hasta el 07 de septiembre de 2027,Límite de compra mensual de hasta Gs; Gs. 50.000.000,,,https://www.bancontinental.com.py/api/comercios?_limit=-1
1e39abe59adfb826,Continental,Tiendas,Martel,No especificado,20%; hasta 12 cuotas sin intereses; 20% de reintegro,reintegro,20%,lunes; martes; miércoles; jueves; viernes; sábado; domingo,,,todos los días,Vigente hasta el 28 de abril de 2027,Límite de compras mensual de Gs; Gs. 2.000.000; Gs. 50.000.000,,,https://www.bancontinental.com.py/api/comercios?_limit=-1
b017f51a579a207c,Continental,Tiendas,María José,Asunción,20% de reintegro,reintegro,20%,jueves,,,los jueves,Vigente hasta el 05 de noviembre de 2026,Límites de compras: - Reintegros con límite de compra mensual de hasta Gs; Gs. 1.500.000,,,https://www.bancontinental.com.py/api/comercios?_limit=-1
4e148818ab4f4126,Continental,Tiendas,Mas Chic Store,Fram (Itapúa),20% de reintegro,reintegro,20%,jueves,,,los jueves,Vigente hasta el 29 de abril de 2027,Límite de compra mensual de hasta Gs; Gs. 500.000,,,https://www.bancontinental.com.py/api/comercios?_limit=-1
9ef11f19c4e04cea,Continental,Tiendas,Master Shop,Todo el país,30% de reintegro,reintegro,30%,jueves,,,Los jueves,Vigente hasta el 26 de agosto de 2027,Límite de compra mensual de hasta Gs; Gs. 2.000.000,,,https://www.bancontinental.com.py/api/comercios?_limit=-1
935aa2123f5f474e,Continental,Tiendas,MegaShop,No especificado,20% de reintegro,reintegro,20%,jueves,,,Los jueves,Vigente hasta el 19 de febrero de 2027,Límite de compra mensual de hasta Gs; Gs. 1.000.000,,,https://www.bancontinental.com.py/api/comercios?_limit=-1
fb013bdd14a3cfcb,Continental,Tiendas,Meta Kids,No especificado,Hasta 12 cuotas sin intereses; 25% de reintegro; 20% de reintegro,reintegro,25%; 20%,lunes; martes; miércoles; jueves; viernes; sábado; domingo,,,todos los días,Vigente hasta el 03 de junio de 2027,Límite de compra mensual de hasta Gs; Gs. 3.000.000; Gs. 2.000.000; Gs. 50.000.000,,,https://www.bancontinental.com.py/api/comercios?_limit=-1
dd2bdfb49da8500e,Continental,Tiendas,Meta Sports,No especificado,Hasta 12 cuotas sin intereses; 25% de reintegro; 20% de reintegro,reintegro,25%; 20%,lunes; martes; miércoles; jueves; viernes; sábado; domingo,,,todos los días,Vigente hasta el 03 de junio de 2027,Límite de compra mensual de hasta Gs; Gs. 3.000.000; Gs. 2.000.000; Gs. 50.000.000,,,https://www.bancontinental.com.py/api/comercios?_limit=-1
e6a0b979d984bfc1,Continental,Tiendas,Mi Dulce Bebé,Bella Vista,20% de reintegro,reintegro,20%,jueves,,,Los jueves,Vigente hasta el 27 de noviembre de 2026,Límite de compras mensual de hasta de Gs; Gs. 1.000.000,,,https://www.bancontinental.com.py/api/comercios?_limit=-1
4bef3e8ce7a13011,Continental,Tiendas,Mi Paisito,No especificado,Hasta 12 cuotas sin intereses,cuotas_sin_intereses,,lunes; martes; miércoles; jueves; viernes; sábado; domingo,,,Todos los días,Vigente hasta el 22 de julio de 2027,Límite de compra mensual de hasta Gs; Gs. 50.000.000,,,https://www.bancontinental.com.py/api/comercios?_limit=-1
2fc8f02185f61e1e,Continental,Tiendas,Mirno,No especificado,Hasta 12 cuotas sin intereses,cuotas_sin_intereses,,lunes; martes; miércoles; jueves; viernes; sábado; domingo,,,Todos los días,Vigente hasta el 22 de diciembre del 2026,Límites de compras: - Cuotas sin intereses con límite de compra mensual de Gs; Gs. 50.000.000,,,https://www.bancontinental.com.py/api/comercios?_limit=-1
fc1b5fc7c90e2fb6,Continental,Tiendas,Modas Espinola,Campo 9,20% de reintegro,reintegro,20%,jueves,,,los jueves,Vigente hasta el 08 de octubre del 2026,Límites de compras: - Reintegros con límite de compra mensual de hasta Gs; Gs. 1.000.000,,,https://www.bancontinental.com.py/api/comercios?_limit=-1
6082cf12e9f6afe2,Continental,Tiendas,Modas Stella,Caaguazú,20% de reintegro,reintegro,20%,jueves,,,Los jueves,Vigente hasta el 03 de junio de 2027,Límite de compra mensual de hasta Gs; Gs. 2.000.000,,,https://www.bancontinental.com.py/api/comercios?_limit=-1
62d25389f16ea79d,Continental,Tiendas,Molino San Luis,Asunción,25% de reintegro,reintegro,25%,jueves,,,los jueves,Vigente hasta el 12 de noviembre del 2026,Límites de compras: - Reintegros con límite de compra mensual de hasta Gs; Gs. 1.000.000,,,https://www.bancontinental.com.py/api/comercios?_limit=-1
9faba5eefa5b5d78,Continental,Tiendas,Multitienda,Col. Hohenau,20% de reintegro,reintegro,20%,jueves,,,Los jueves,Vigente hasta el 22 de julio de 2027,Límite de compra de mensual de hasta Gs; Gs. 500.000,,,https://www.bancontinental.com.py/api/comercios?_limit=-1
c41cd0112b2adbbf,Continental,Tiendas,Musseline Telas,Asunción,Hasta 12 cuotas sin intereses,cuotas_sin_intereses,,lunes; martes; miércoles; jueves; viernes; sábado; domingo,,,Todos los días,Vigente hasta el 03 de agosto de 2027,Límite de compra mensual de hasta Gs; Gs. 50.000.000,,,https://www.bancontinental.com.py/api/comercios?_limit=-1
eb83dc0e2247cad6,Continental,Tiendas,Nadia Cosméticos,Asunción,20% de reintegro,reintegro,20%,jueves,,,los jueves,"Vigente hasta el 22 de abril de 2027 (*) No participan las tarjetas Pre-Pagas, Gourmet Card ni Cabal",Límite de compras mensual de hasta Gs; Gs. 1.000.000,,,https://www.bancontinental.com.py/api/comercios?_limit=-1
5b8e79e54e1f7f23,Continental,Tiendas,Napoles Store,No especificado,20%; Hasta 12 cuotas sin intereses; 20% de reintegro,reintegro,20%,lunes; martes; miércoles; jueves; viernes; sábado; domingo,,,todos los días,Vigente hasta el 02 de septiembre de 2027,Límite de compra mensual de hasta Gs; Gs. 1.000.000; Gs. 50.000.000,,,https://www.bancontinental.com.py/api/comercios?_limit=-1
870f2b3d17f8b6f7,Continental,Tiendas,New Balance,Asunción,25%; Hasta 12 cuotas sin intereses; 25% de reintegro; 20% de reintegro,reintegro,25%; 20%,lunes; martes; miércoles; jueves; viernes; sábado; domingo,,,todos los días,Vigente hasta el 01 de julio de 2027,Límite de compra mensual de hasta Gs; Gs. 2.000.000; Gs. 50.000.000,,,https://www.bancontinental.com.py/api/comercios?_limit=-1
3d1ca290885f92a3,Continental,Tiendas,Nice,Todo el país,25%; Hasta 12 cuotas sin intereses; 25% de reintegro; 20% de reintegro,reintegro,25%; 20%,lunes; martes; miércoles; jueves; viernes; sábado; domingo,,,todos los días,Vigente hasta el 26 de agosto de 2027,Límite de compra mensual de hasta Gs; Gs. 1.000.000; Gs. 50.000.000,,,https://www.bancontinental.com.py/api/comercios?_limit=-1
520ccace3093703a,Continental,Tiendas,Nike,No especificado,25%; Hasta 12 cuotas sin intereses; 25% de reintegro; 20% de reintegro,reintegro,25%; 20%,lunes; martes; miércoles; jueves; viernes; sábado; domingo,,,todos los días,Vigente hasta el 03 de junio de 2027,Límite de compra mensual de hasta Gs; Gs. 3.000.000; Gs. 2.000.000; Gs. 50.000.000,,,https://www.bancontinental.com.py/api/comercios?_limit=-1
6883432e5671315d,Continental,Tiendas,Nueva Americana,Asunción,Hasta 12 cuotas sin intereses,cuotas_sin_intereses,,lunes; martes; miércoles; jueves; viernes; sábado; domingo,,,Todos los días,Vigente hasta el 13 de julio de 2027,Límite de compra mensual de hasta Gs; Gs. 50.000.000,,,https://www.bancontinental.com.py/api/comercios?_limit=-1
30d03300cc9cdc92,Continental,Tiendas,O Boticário,No especificado,20%; hasta 12 cuotas sin intereses; 20% de reintegro; 25% de reintegro,reintegro,20%; 25%,lunes; martes; miércoles; jueves; viernes; sábado; domingo,,,todos los días,No especificado,Límites de compras: - Reintegros del 20% con límite de compra mensual de hasta Gs; límite de compra mensual de hasta Gs; límite de compra mensual de Gs; Gs. 1.000.000; Gs. 2.000.000; Gs. 50.000.000,,,https://www.bancontinental.com.py/api/comercios?_limit=-1
ae7005e50cef2124,Continental,Tiendas,OVS Kids,Asunción,Hasta 12 cuotas sin intereses,cuotas_sin_intereses,,lunes; martes; miércoles; jueves; viernes; sábado; domingo,,,Todos los días,Vigente hasta el 14 de agosto de 2027,Límite de compra mensual de hasta Gs; Gs. 50.000.000,,,https://www.bancontinental.com.py/api/comercios?_limit=-1
6b882b65a1a466d0,Continental,Tiendas,Outdoors,No especificado,25%; Hasta 12 cuotas sin intereses; 25% de reintegro; 20% de reintegro,reintegro,25%; 20%,lunes; martes; miércoles; jueves; viernes; sábado; domingo,,,todos los días,Vigente hasta el 01 de julio de 2027,Límite de compra mensual de hasta Gs; Gs. 2.000.000; Gs. 50.000.000,,,https://www.bancontinental.com.py/api/comercios?_limit=-1
cb9f51fffd7eaf6a,Continental,Tiendas,Paats&Paats,Asunción,30% de reintegro; 25% de reintegro,reintegro,30%; 25%,jueves,,,Los jueves,Vigente hasta el 12 de agosto de 2027,Límite de compra mensual de hasta Gs; Gs. 2.000.000,,,https://www.bancontinental.com.py/api/comercios?_limit=-1
8b0e8421999f32b4,Continental,Tiendas,Pame Garelik Bags,Asunción,20%; hasta 6 cuotas sin intereses; 20% de reintegro,reintegro,20%,lunes; martes; miércoles; jueves; viernes; sábado; domingo,,,todos los días,Vigente hasta el 25 de marzo de 2027,Límite de compras mensual de hasta Gs; Gs. 1.000.000; Gs. 50.000.000,,,https://www.bancontinental.com.py/api/comercios?_limit=-1
1fb70bbef1b2eaf5,Continental,Tiendas,Parana Calzados,Encarnación,20% de reintegro,reintegro,20%,jueves,,,los jueves,Vigente hasta el 18 de marzo de 2027,Límite de compra mensual de hasta Gs; Gs. 1.000.000,,,https://www.bancontinental.com.py/api/comercios?_limit=-1
4b658e2b1e03ef2e,Continental,Tiendas,Paranatex,Asunción,Hasta 12 cuotas sin intereses,cuotas_sin_intereses,,lunes; martes; miércoles; jueves; viernes; sábado; domingo,,,Todos los días,Vigente hasta el 27 de julio de 2027,Límite de compras mensual de hasta Gs; Gs. 50.000.000,,,https://www.bancontinental.com.py/api/comercios?_limit=-1
d3201f05a55b56ae,Continental,Tiendas,Penina - Galan,No especificado,20% de reintegro,reintegro,20%,jueves,,,los jueves,Vigente hasta el 05 de noviembre del 2026,Límites de compras: - Reintegros con límite de compra mensual de hasta Gs; Gs. 1.000.000,,,https://www.bancontinental.com.py/api/comercios?_limit=-1
66e51427afddf87b,Continental,Tiendas,Piazza - Trovari,Asunción,Hasta 12 cuotas sin intereses,cuotas_sin_intereses,,lunes; martes; miércoles; jueves; viernes; sábado; domingo,,,Todos los días,Vigente hasta el 14 de agosto de 2027,Límite de compra mensual de hasta Gs; Gs. 50.000.000,,,https://www.bancontinental.com.py/api/comercios?_limit=-1
9531b8230b7e0de7,Continental,Tiendas,Pistacho,Asunción,20% de reintegro,reintegro,20%,jueves,,,los jueves,Vigente hasta el 30 de septiembre del 2026,Límites de compras: - Reintegros con límite de compra mensual de hasta Gs; Gs. 2.000.000,,,https://www.bancontinental.com.py/api/comercios?_limit=-1
8e7641882ebf7732,Continental,Tiendas,ProSport,Asunción,20%; Hasta 12 cuotas sin intereses; 20% de reintegro,reintegro,20%,lunes; martes; miércoles; jueves; viernes; sábado; domingo,,,todos los días,Vigente hasta el 19 de noviembre de 2026,Límite de compra mensual de hasta Gs; Gs. 2.000.000; Gs. 50.000.000,,,https://www.bancontinental.com.py/api/comercios?_limit=-1
c9610a94fc0dcb83,Continental,Tiendas,Queen Anne Importados,Salto del Guairá,Hasta 12 cuotas sin intereses,cuotas_sin_intereses,,lunes; martes; miércoles; jueves; viernes; sábado; domingo,,,Todos los días,Vigente hasta el 12 de junio de 2027,Límite de compra mensual de hasta Gs; Gs. 50.000.000,,,https://www.bancontinental.com.py/api/comercios?_limit=-1
3e4016a9b7a5dad1,Continental,Tiendas,Quien Diría - Boutique,Col. Hohenau,20% de reintegro,reintegro,20%,jueves,,,Los jueves,Vigente hasta el 22 de julio de 2027,Límite de compra de mensual de hasta Gs; Gs. 500.000,,,https://www.bancontinental.com.py/api/comercios?_limit=-1
4df1dd6f23bcc1b0,Continental,Tiendas,Quiero PY,Ciudad del Este,25% de reintegro; 20% de reintegro,reintegro,25%; 20%,jueves,,,los jueves,No especificado,Límite de compra mensual de hasta Gs; Gs. 3.000.000,,,https://www.bancontinental.com.py/api/comercios?_limit=-1
356ca3d6da64fdf7,Continental,Tiendas,Ramirez Company S.A.,No especificado,Hasta 12 cuotas sin intereses,cuotas_sin_intereses,,lunes; martes; miércoles; jueves; viernes; sábado; domingo,,,Todos los días,Vigente hasta el 12 de diciembre del 2026,Límite de compras: - Cuotas sin intereses con límite de compra mensual de Gs; Gs. 50.000.000,,,https://www.bancontinental.com.py/api/comercios?_limit=-1
dcf3764669b1968f,Continental,Tiendas,Rondina,Asunción,20% de reintegro,reintegro,20%,jueves,,,los jueves,Vigente hasta el 08 de abril de 2027,Límite de compras mensual de hasta Gs; Gs. 2.000.000,,,https://www.bancontinental.com.py/api/comercios?_limit=-1
02d3ec035e6a2d52,Continental,Tiendas,Rookie,Asunción,20%; Hasta 12 cuotas sin intereses; 25% de reintegro; 20% de reintegro,reintegro,20%; 25%,lunes; martes; miércoles; jueves; viernes; sábado; domingo,,,todos los días,Vigente hasta el 03 de junio de 2027,Límite de compra mensual de hasta Gs; Gs. 3.000.000; Gs. 2.000.000; Gs. 50.000.000,,,https://www.bancontinental.com.py/api/comercios?_limit=-1
6143b850c1c4dd31,Continental,Tiendas,SAX,No especificado,25%; Hasta 12 cuotas sin intereses; 25% de reintegro; 20% de reintegro,reintegro,25%; 20%,lunes; martes; miércoles; jueves; viernes; sábado; domingo,,,todos los días,Vigente hasta el 22 de octubre de 2026,Límite de compra mensual de hasta Gs; Gs. 10.000.000; Gs. 1.000.000; Gs. 50.000.000,,,https://www.bancontinental.com.py/api/comercios?_limit=-1
34395685183e8ffb,Continental,Tiendas,San Cayetano - Centro de Compras,Ayolas - Misiones,20% de reintegro,reintegro,20%,jueves,,,los jueves,Vigente hasta el 25 de febrero de 2027,Límites de compras: - Reintegros con límite de compra mensual de hasta Gs; Gs. 1.000.000,,,https://www.bancontinental.com.py/api/comercios?_limit=-1
b3c2f7cb309b82e5,Continental,Tiendas,San Cayetano Multimarcas,San Estanislao,15%; hasta 12 cuotas sin intereses; 15% de reintegro,reintegro,15%,jueves,,,los jueves,Vigente hasta el 29 de octubre de 2026,Límites de compras: - Reintegros con límite de compra mensual de hasta Gs; Gs. 1.000.000,,,https://www.bancontinental.com.py/api/comercios?_limit=-1
4296d10c06b8b29a,Continental,Tiendas,Sansei,Todo el país,20%; Hasta 12 cuotas sin intereses; 20% de reintegro,reintegro,20%,lunes; martes; miércoles; jueves; viernes; sábado; domingo,,,todos los días,Vigente hasta el 27 de mayo de 2027,Límite de compra mensual de Gs; Gs. 2.000.000; Gs. 50.000.000,,,https://www.bancontinental.com.py/api/comercios?_limit=-1
4b289c705a8f02eb,Continental,Tiendas,Shop Center La Economía,Col. Hohenau,20% de reintegro,reintegro,20%,jueves,,,los jueves,Vigente hasta el 12 de noviembre del 2026,Límites de compras: - Reintegros con límite de compra mensual de hasta Gs; Gs. 1.000.000,,,https://www.bancontinental.com.py/api/comercios?_limit=-1
f5bd6d2185571a5c,Continental,Tiendas,Shopping Lion,No especificado,20% de reintegro,reintegro,20%,jueves,,,los jueves,Vigente hasta el 03 de septiembre de 2026,Límites de compras: - Reintegros con límite de compra mensual de hasta Gs; límite de compra mensual de Gs; Gs. 1.000.000; Gs. 50.000.000,,,https://www.bancontinental.com.py/api/comercios?_limit=-1
908153a9cd461128,Continental,Tiendas,Shopping Vendome,No especificado,20%; hasta 12 cuotas sin intereses; 20% de reintegro; 25% de reintegro,reintegro,20%; 25%,lunes; martes; miércoles; jueves; viernes; sábado; domingo,,,todos los días,No especificado,Límites de compras: - Reintegros con límite de compra mensual de hasta Gs; límite de compra mensual de Gs; Gs. 1.000.000; Gs. 50.000.000,,,https://www.bancontinental.com.py/api/comercios?_limit=-1
dfb9993a396d6417,Continental,Tiendas,Sindec,No especificado,20% de reintegro,reintegro,20%,jueves,,,los jueves,Vigente hasta el 19 de noviembre del 2026,Límites de compras: - Reintegros con límite de compra mensual de hasta Gs; Gs. 1.500.000,,,https://www.bancontinental.com.py/api/comercios?_limit=-1
261213eceba0714a,Continental,Tiendas,Smash Padel,No especificado,35%; hasta 12 cuotas sin intereses; 35% de reintegro,reintegro,35%,lunes; martes; miércoles; jueves; viernes; sábado; domingo,,,todos los días,Vigente hasta el 20 de mayo de 2027,Límite de compra mensual de hasta Gs; límite de compra mensual de Gs; Gs. 2.000.000; Gs. 50.000.000,,,https://www.bancontinental.com.py/api/comercios?_limit=-1
8d5017af4645973f,Continental,Tiendas,Spacio 1 - Tiendas de conveniencia,No especificado,20% de reintegro,reintegro,20%,viernes,,,Los viernes,Vigente hasta el 10 de septiembre de 2027,Límite de compra mensual de hasta Gs; Gs. 500.000,,,https://www.bancontinental.com.py/api/comercios?_limit=-1
ccf2937f8566ce7e,Continental,Tiendas,Sport Center,Asunción,20%; hasta 12 cuotas sin intereses; 20% de reintegro,reintegro,20%,lunes; martes; miércoles; jueves; viernes; sábado; domingo,,,todos los días,Vigente hasta el 13 de mayo del 2027,Limite de compra mensual de hasta Gs; Límite de compra mensual de Gs; Gs. 2.000.000; Gs. 50.000.000,,,https://www.bancontinental.com.py/api/comercios?_limit=-1
648bdf66df9e969a,Continental,Tiendas,Sport Shop,Col. Hohenau,20% de reintegro,reintegro,20%,jueves,,,los jueves,Vigente hasta el 29 de abril de 2027,Límite de compra mensual de hasta Gs; Gs. 1.000.000,,,https://www.bancontinental.com.py/api/comercios?_limit=-1
7dad699cfa8d6835,Continental,Tiendas,Sportfino,No especificado,20%; hasta 6 cuotas sin intereses; 20% de reintegro,reintegro,20%,lunes; martes; miércoles; jueves; viernes; sábado; domingo,,,todos los días,Vigente hasta el 20 de octubre del 2026,Límites de compras: - Reintegros con límite de compra mensual de hasta Gs; límite de compra mensual de Gs; Gs. 2.000.000; Gs. 50.000.000,,,https://www.bancontinental.com.py/api/comercios?_limit=-1
ce1264710a1ea914,Continental,Tiendas,Springfield,No especificado,20%; hasta 12 cuotas sin intereses; 20% de reintegro; 25% de reintegro,reintegro,20%; 25%,lunes; martes; miércoles; jueves; viernes; sábado; domingo,,,todos los días,No especificado,Límites de compras: - Reintegros del 20% con límite de compra mensual de hasta Gs; límite de compra mensual de hasta Gs; límite de compra mensual de Gs; Gs. 1.000.000; Gs. 2.000.000; Gs. 50.000.000,,,https://www.bancontinental.com.py/api/comercios?_limit=-1
c36582b156393f4a,Continental,Tiendas,Tayanara Boutique,"San Ignacio, Misiones",20% de reintegro,reintegro,20%,jueves,,,Los jueves,Vigente hasta 24 de junio de 2027,Límite de compra mensual de hasta Gs; Gs. 500.000,,,https://www.bancontinental.com.py/api/comercios?_limit=-1
0babaa10d4f1e4f2,Continental,Tiendas,Tessy Boutique,No especificado,20% de reintegro,reintegro,20%,jueves,,,los jueves,Vigente hasta el 13 de mayo de 2027,Límite de compras mensual de hasta Gs; Gs. 1.000.000,,,https://www.bancontinental.com.py/api/comercios?_limit=-1
175efc5042d3971b,Continental,Tiendas,The Black Cow,Mariano Roque Alonso,20% de reintegro,reintegro,20%,jueves,,,los jueves,Vigente hasta el 23 de noviembre del 2026,Límites de compras: - Reintegros con límite de compra mensual de hasta Gs; Gs. 500.000,,,https://www.bancontinental.com.py/api/comercios?_limit=-1
a9dab26fd7ba3ea6,Continental,Tiendas,Tiari,No especificado,Hasta 12 cuotas sin intereses,cuotas_sin_intereses,,lunes; martes; miércoles; jueves; viernes; sábado; domingo,,,Todos los días,Vigente hasta el 06 de noviembre del 2026,Límites de compras: - Cuotas sin intereses con límite de compra mensual de Gs; Gs. 50.000.000,,,https://www.bancontinental.com.py/api/comercios?_limit=-1
c614cc84c23fa20c,Continental,Tiendas,Tienda Impacto,Col. Hohenau,20% de reintegro,reintegro,20%,jueves,,,Los jueves,Vigente hasta el 19 de febrero de 2027,Límite de compra de mensual de hasta Gs; Gs. 1.000.000,,,https://www.bancontinental.com.py/api/comercios?_limit=-1
1ada6eb483e32a6e,Continental,Tiendas,Tienda San Blas,Ayolas - Misiones,25%; Hasta 12 cuotas sin intereses; 25% de reintegro,reintegro,25%,lunes; martes; miércoles; jueves; viernes; sábado; domingo,,,todos los días,Vigente hasta el 02 de septiembre de 2027,Límite de compra mensual de hasta Gs; Gs. 1.000.000; Gs. 50.000.000,,,https://www.bancontinental.com.py/api/comercios?_limit=-1
f61c6a676283b465,Continental,Tiendas,Tiendas Argor,No especificado,12 cuotas sin intereses,cuotas_sin_intereses,,lunes; martes; miércoles; jueves; viernes; sábado; domingo,,,Todos los días,Vigente hasta el 13 de febrero del 2027,Límite de compra mensual de hasta Gs; Gs. 50.000.000,,,https://www.bancontinental.com.py/api/comercios?_limit=-1
a2c88c12fa280232,Continental,Tiendas,Tiendas Sallustro Multimarcas,No especificado,Hasta 12 cuotas sin intereses,cuotas_sin_intereses,,lunes; martes; miércoles; jueves; viernes; sábado; domingo,,,Todos los días,Vigente hasta el 27 de abril de 2027,Límite de compra mensual de Gs; Gs. 50.000.000,,,https://www.bancontinental.com.py/api/comercios?_limit=-1
a4e58296300f8c8e,Continental,Tiendas,Tiento Multimarcas,Caaguazú,20% de reintegro,reintegro,20%,jueves,,,los jueves,Vigente hasta el 23 de marzo del 2027,Límite de compra mensual de Gs; Gs. 1.000.000,,,https://www.bancontinental.com.py/api/comercios?_limit=-1
0b5fff8ed2687ebe,Continental,Tiendas,Timberland,No especificado,25%; Hasta 12 cuotas sin intereses; 25% de reintegro; 20% de reintegro,reintegro,25%; 20%,lunes; martes; miércoles; jueves; viernes; sábado; domingo,,,todos los días,Vigente hasta el 01 de julio de 2027,Límite de compra mensual de hasta Gs; Gs. 2.000.000; Gs. 50.000.000,,,https://www.bancontinental.com.py/api/comercios?_limit=-1
2aa9e301ab7b249f,Continental,Tiendas,Todo Luz,Encarnación,20%; hasta 12 cuotas sin intereses; 20% de reintegro,reintegro,20%,lunes; martes; miércoles; jueves; viernes; sábado; domingo,,,todos los días,Vigente hasta el 13 de mayo de 2027,Límite de compra mensual de hasta Gs; límite de compra mensual de Gs; Gs. 1.000.000; Gs. 50.000.000,,,https://www.bancontinental.com.py/api/comercios?_limit=-1
b413fe201ce5b800,Continental,Tiendas,Todo Plástico,Concepción,20%; hasta 12 cuotas sin intereses; 20% de reintegro,reintegro,20%,lunes; martes; miércoles; jueves; viernes; sábado; domingo,,,todos los días,Vigente hasta el 08 de octubre de 2026,Límite de compra mensual de hasta Gs; Límite de compra mensual de Gs; Gs. 1.000.000; Gs. 50.000.000,,,https://www.bancontinental.com.py/api/comercios?_limit=-1
395900794831ef72,Continental,Tiendas,Top Tenis,Asunción,20%; Hasta 12 cuotas sin intereses; 25% de reintegro; 20% de reintegro,reintegro,20%; 25%,lunes; martes; miércoles; jueves; viernes; sábado; domingo,,,todos los días,Vigente hasta el 28 de mayo de 2027,Límite de compra mensual de hasta Gs; Gs. 3.000.000; Gs. 50.000.000,,,https://www.bancontinental.com.py/api/comercios?_limit=-1
5f5bd905f4616a13,Continental,Tiendas,Total Gas,Asunción,Hasta 12 cuotas sin intereses,cuotas_sin_intereses,,lunes; martes; miércoles; jueves; viernes; sábado; domingo,,,Todos los días,Vigente hasta el 10 de marzo de 2027,Límite de compra mensual de hasta Gs; Gs. 50.000.000,,,https://www.bancontinental.com.py/api/comercios?_limit=-1
060617a7e8eaac40,Continental,Tiendas,Tower's Importados,Salto del Guairá,Hasta 12 cuotas sin intereses,cuotas_sin_intereses,,lunes; martes; miércoles; jueves; viernes; sábado; domingo,,,Todos los días,Vigente hasta el 12 de junio de 2027,Límite de compra mensual de hasta Gs; Gs. 50.000.000,,,https://www.bancontinental.com.py/api/comercios?_limit=-1
fc9079759bf07c0b,Continental,Tiendas,Uliko Store,No especificado,20%; hasta 12 cuotas sin intereses; 20% de reintegro,reintegro,20%,lunes; martes; miércoles; jueves; viernes; sábado; domingo,,,todos los días,Vigente hasta el 18 de febrero de 2027,Límites de compras: - Reintegros con límite de compra mensual de hasta Gs; límite de compra mensual de Gs; Gs. 2.000.000; Gs. 50.000.000,,,https://www.bancontinental.com.py/api/comercios?_limit=-1
bb20dc542ef1e8d7,Continental,Tiendas,United Colors of Benetton,Asunción,Hasta 12 cuotas sin intereses,cuotas_sin_intereses,,lunes; martes; miércoles; jueves; viernes; sábado; domingo,,,Todos los días,Vigente hasta el 14 de agosto de 2027,Límite de compra mensual de hasta Gs; Gs. 50.000.000,,,https://www.bancontinental.com.py/api/comercios?_limit=-1
293aa2c38713b4ff,Continental,Tiendas,Vane Shop,Encarnación,20% de reintegro,reintegro,20%,jueves,,,los jueves,Vigente hasta el 06 de mayo del 2027,Límite de compra mensual de hasta Gs; Gs. 500.000,,,https://www.bancontinental.com.py/api/comercios?_limit=-1
61bdf285a05af428,Continental,Tiendas,Vans,Asunción,25%; Hasta 12 cuotas sin intereses; 25% de reintegro; 20% de reintegro,reintegro,25%; 20%,lunes; martes; miércoles; jueves; viernes; sábado; domingo,,,todos los días,Vigente hasta el 03 de junio de 2027,Límite de compra mensual de hasta Gs; Gs. 3.000.000; Gs. 2.000.000; Gs. 50.000.000,,,https://www.bancontinental.com.py/api/comercios?_limit=-1
0859e6396014937a,Continental,Tiendas,Venus's Calzados,Encarnación,10% de reintegro,reintegro,10%,jueves,,,Los jueves,Vigente hasta el 03 de diciembre de 2026,Límite de compra mensual de hasta Gs; Gs. 1.000.000,,,https://www.bancontinental.com.py/api/comercios?_limit=-1
d33cb5d4ed7442d3,Continental,Tiendas,Versalles,Naranjal,20%; hasta 6 cuotas sin intereses; 20% de reintegro,reintegro,20%,lunes; martes; miércoles; jueves; viernes; sábado; domingo,,,todos los días,"Vigente hasta el 15 de abril de 2027 (*) No participan las tarjetas Cabal, Pre Pagas ni GourmetCard",Límite de compras mensual de hasta Gs; Gs. 1.000.000; Gs. 50.000.000,,,https://www.bancontinental.com.py/api/comercios?_limit=-1
40ed05f303e88655,Continental,Tiendas,Violeta,"San Ignacio, Misiones",20% de reintegro,reintegro,20%,jueves,,,Los jueves,Vigente hasta el 22 de julio de 2027,Límite de compra de mensual de hasta Gs; Gs. 500.000,,,https://www.bancontinental.com.py/api/comercios?_limit=-1
7604b0c23d24ff16,Continental,Tiendas,Violeta - Munditex,No especificado,20% de reintegro,reintegro,20%,jueves,,,los jueves,Vigente hasta el 12 de noviembre del 2026,Límites de compras: - Reintegros con límite de compra mensual de hasta Gs; Gs. 500.000,,,https://www.bancontinental.com.py/api/comercios?_limit=-1
129fc3bafb7534e9,Continental,Tiendas,Wish Boutique,Bella Vista,20% de reintegro,reintegro,20%,jueves,,,los jueves,Vigente hasta el 01 de abril de 2027,Límite de compra mensual de hasta Gs; Gs. 2.000.000,,,https://www.bancontinental.com.py/api/comercios?_limit=-1
c093c1c6b797fbb0,Continental,Tiendas,Women'Secret,No especificado,20%; hasta 12 cuotas sin intereses; 20% de reintegro; 25% de reintegro,reintegro,20%; 25%,lunes; martes; miércoles; jueves; viernes; sábado; domingo,,,todos los días,No especificado,Límites de compras: - Reintegros del 20% con límite de compra mensual de hasta Gs; límite de compra mensual de hasta Gs; límite de compra mensual de Gs; Gs. 1.000.000; Gs. 2.000.000; Gs. 50.000.000,,,https://www.bancontinental.com.py/api/comercios?_limit=-1
63aafbabb9122515,Continental,Tiendas,Yves Rocher,Asunción,Hasta 12 cuotas sin intereses,cuotas_sin_intereses,,lunes; martes; miércoles; jueves; viernes; sábado; domingo,,,Todos los días,Vigente hasta el 14 de agosto de 2027,Límite de compra mensual de hasta Gs; Gs. 50.000.000,,,https://www.bancontinental.com.py/api/comercios?_limit=-1
0b2e9790606f9a4d,Continental,Tiendas,ZENOVA,No especificado,Hasta 18 cuotas sin intereses,cuotas_sin_intereses,,lunes; martes; miércoles; jueves; viernes; sábado; domingo,,,Todos los días,Vigente hasta el 15 de enero del 2027,límite de compra mensual de Gs; Gs. 50.000.000,,,https://www.bancontinental.com.py/api/comercios?_limit=-1
494d1f3bc09a9517,Continental,Tiendas,Zilli Store,Lambaré,Hasta 12 cuotas sin intereses,cuotas_sin_intereses,,lunes; martes; miércoles; jueves; viernes; sábado; domingo,,,Todos los días,Vigente hasta el 10 de noviembre del 2026,Límites de compras: - Cuotas sin intereses con límite de compra mensual de Gs; Gs. 50.000.000,,,https://www.bancontinental.com.py/api/comercios?_limit=-1
56eed98193370c73,Continental,Tiendas,Ñemonde Tienda,Encarnación,20% de reintegro,reintegro,20%,jueves,,,Los jueves,Vigente hasta el 05 de agosto de 2027,Límite de compra mensual de hasta Gs; Gs. 1.000.000,,,https://www.bancontinental.com.py/api/comercios?_limit=-1
2b905129eac8f5c3,Continental,Tiendas,Óptima Gamón,Asunción,20%; hasta 12 cuotas sin intereses; 20% de reintegro,reintegro,20%,lunes; martes; miércoles; jueves; viernes; sábado; domingo,,,todos los días,Vigente hasta el 12 de noviembre de 2026,Límite de compras: - Reintegros con límite de compra mensual de hasta Gs; Gs. 1.000.000,,,https://www.bancontinental.com.py/api/comercios?_limit=-1
d5af13b5ac1f8e0d,Continental,Vehículos,ACE Tape Ruvicha,No especificado,20%; Hasta 12 cuotas sin intereses; 20% de descuento,descuento,20%,lunes; martes; miércoles; jueves; viernes; sábado; domingo,,,Todos los días,Vigente hasta el 31 de diciembre de 2026,Límite de compra mensual de hasta Gs; Gs. 50.000.000,,,https://www.bancontinental.com.py/api/comercios?_limit=-1
fcd1d2cc066af668,Continental,Vehículos,Acisa,Asunción,Hasta 12 cuotas sin intereses,cuotas_sin_intereses,,lunes; martes; miércoles; jueves; viernes; sábado; domingo,,,Todos los días,Vigente hasta el 09 de febrero de 2027,Límite de compra mensual de hasta Gs; Gs. 50.000.000,,,https://www.bancontinental.com.py/api/comercios?_limit=-1
822ce2bb6bc84d9f,Continental,Vehículos,AutoShopping,"San Ignacio, Misiones",Hasta 12 cuotas sin intereses,cuotas_sin_intereses,,lunes; martes; miércoles; jueves; viernes; sábado; domingo,,,Todos los días,Vigente hasta el 02 de enero del 2027,Límites de compras: - Cuotas sin intereses con límite de compra mensual de Gs; Gs. 50.000.000,,,https://www.bancontinental.com.py/api/comercios?_limit=-1
62bbc7783aa79373,Continental,Vehículos,Automaq,No especificado,Hasta 12 cuotas sin intereses,cuotas_sin_intereses,,lunes; martes; miércoles; jueves; viernes; sábado; domingo,,,Todos los días,Vigente hasta el 19 octubre del 2026,Límites de compras: - Cuotas sin intereses con límite de compra mensual de Gs; Gs. 50.000.000,,,https://www.bancontinental.com.py/api/comercios?_limit=-1
888adb67a663e438,Continental,Vehículos,Automotor,No especificado,Hasta 24 cuotas sin intereses,cuotas_sin_intereses,,lunes; martes; miércoles; jueves; viernes; sábado; domingo,,,Todos los días,Vigente hasta el 14 de abril de 2027,Límite de compra mensual de Gs; Gs. 50.000.000,,,https://www.bancontinental.com.py/api/comercios?_limit=-1
17af837bb71947e5,Continental,Vehículos,Carsuplay,No especificado,Hasta 12 cuotas sin intereses,cuotas_sin_intereses,,lunes; martes; miércoles; jueves; viernes; sábado; domingo,,,Todos los días,Vigente hasta el 08 de abril de 2027,Límite de compra mensual de hasta Gs; Gs. 50.000.000,,,https://www.bancontinental.com.py/api/comercios?_limit=-1
bed2297c43a0fd97,Continental,Vehículos,Chacomer,No especificado,Hasta 12 cuotas sin intereses,cuotas_sin_intereses,,lunes; martes; miércoles; jueves; viernes; sábado; domingo,,,Todos los días,Vigente hasta el 03 de noviembre del 2026,Límites de compras: - Cuotas sin intereses con límite de compra mensual de Gs; Gs. 50.000.000,,,https://www.bancontinental.com.py/api/comercios?_limit=-1
c81e845fca139f06,Continental,Vehículos,Chacomer S.A.E,No especificado,hasta 18 cuotas sin intereses; 10% de reintegro; 10% de descuento,reintegro,10%,lunes; martes; miércoles; jueves; viernes; sábado; domingo,,,todos los días,Vigente hasta el 15 de octubre del 2026,Límites de compras: - Reintegros con límite de compra mensual de hasta Gs; límite de compra mensual de Gs; Gs. 2.500.000; Gs. 50.000.000,,,https://www.bancontinental.com.py/api/comercios?_limit=-1
25fae548e150873a,Continental,Vehículos,Classic Motos,No especificado,Hasta 12 cuotas sin intereses,cuotas_sin_intereses,,lunes; martes; miércoles; jueves; viernes; sábado; domingo,,,Todos los días,Vigente desde el 27 de mayo de 2025 hasta el 26 de mayo de 2027,Límite de compra mensual de hasta Gs; Gs. 50.000.000,,,https://www.bancontinental.com.py/api/comercios?_limit=-1
8c7ee4f58054261f,Continental,Vehículos,DIM Sport,Asunción,Hasta 18 cuotas sin intereses,cuotas_sin_intereses,,lunes; martes; miércoles; jueves; viernes; sábado; domingo,,,Todos los días,Vigente hasta el 31 de diciembre de 2026,Límite de compra mensual de hasta Gs; Gs. 30.000.000,,,https://www.bancontinental.com.py/api/comercios?_limit=-1
daaf83453e33dbc9,Continental,Vehículos,Damper Repuestos,Curuguaty,10%; hasta 12 cuotas sin intereses; 10% de descuento,descuento,10%,lunes; martes; miércoles; jueves; viernes; sábado; domingo,,,Todos los días,Vigente hasta el 11 de febrero de 2027,Límite de compra mensual de hasta Gs; Gs. 50.000.000,,,https://www.bancontinental.com.py/api/comercios?_limit=-1
8549e115191559f9,Continental,Vehículos,Dido Bike,Naranjal,Hasta 12 cuotas sin intereses,cuotas_sin_intereses,,lunes; martes; miércoles; jueves; viernes; sábado; domingo,,,Todos los días,Vigente hasta el 09 de marzo de 2027,Límite de compra mensual de hasta Gs; Gs. 50.000.000,,,https://www.bancontinental.com.py/api/comercios?_limit=-1
39da4d2d3e089bd7,Continental,Vehículos,El Pedal,Coronel Bogado,Hasta 12 cuotas sin intereses,cuotas_sin_intereses,,lunes; martes; miércoles; jueves; viernes; sábado; domingo,,,Todos los días,Vigente hasta el 10 de junio de 2027,Límite de compra de hasta Gs; Gs. 50.000.000,,,https://www.bancontinental.com.py/api/comercios?_limit=-1
3ed4778918f63808,Continental,Vehículos,Euroimport,Asunción,Hasta 12 cuotas sin intereses,cuotas_sin_intereses,,lunes; martes; miércoles; jueves; viernes; sábado; domingo,,,Todos los días,Vigente hasta el 13 de agosto de 2027,Límite de compra mensual de hasta Gs; Gs. 50.000.000,,,https://www.bancontinental.com.py/api/comercios?_limit=-1
745bcd210df35b5d,Continental,Vehículos,Eze Equipamientos,"San Ignacio, Misiones",10%; hasta 12 cuotas sin intereses; 10% de descuento,descuento,10%,lunes; martes; miércoles; jueves; viernes; sábado; domingo,,,todos los días,Vigente hasta el 18 de marzo de 2027,Límite de compras semanal de hasta Gs; Límite de compras mensual de hasta Gs; Gs. 1.000.000; Gs. 50.000.000,,,https://www.bancontinental.com.py/api/comercios?_limit=-1
a9e40ad9a88c4bd8,Continental,Vehículos,Ferrari Autocentro,Ciudad del Este,Hasta 12 cuotas sin intereses,cuotas_sin_intereses,,lunes; martes; miércoles; jueves; viernes; sábado; domingo,,,Todos los días,Vigente desde el 19 de enero de 2026 al 18 de enero del 2027,Límites de compras: - Cuotas sin intereses con límite de compra mensual de Gs; Gs. 50.000.000,,,https://www.bancontinental.com.py/api/comercios?_limit=-1
1147229e3046e78b,Continental,Vehículos,Ford - Tape Ruvicha,No especificado,15%; hasta 24 cuotas sin intereses; 15% de descuento,descuento,15%,lunes; martes; miércoles; jueves; viernes; sábado; domingo,,,Todos los días,Vigente hasta el 14 de noviembre del 2026,Límites de compras: - Cuotas sin intereses con límite de compra mensual de Gs; Gs. 50.000.000,,,https://www.bancontinental.com.py/api/comercios?_limit=-1
744035ee52b18517,Continental,Vehículos,Full Equipo,Asunción,Hasta 12 cuotas sin intereses,cuotas_sin_intereses,,lunes; martes; miércoles; jueves; viernes; sábado; domingo,,,Todos los días,Vigente hasta el 22 de octubre del 2026,Límites de compras: - Cuotas sin intereses con límite de compra mensual de Gs; Gs. 50.000.000,,,https://www.bancontinental.com.py/api/comercios?_limit=-1
df117547e7958d25,Continental,Vehículos,GM Centro S.A,Mariano Roque Alonso,Hasta 12 cuotas sin intereses,cuotas_sin_intereses,,lunes; martes; miércoles; jueves; viernes; sábado; domingo,,,Todos los días,Vigente hasta el 10 de septiembre de 2027,Límite de compra mensual de hasta Gs; Gs. 50.000.000,,,https://www.bancontinental.com.py/api/comercios?_limit=-1
3556a6e2dd0d5412,Continental,Vehículos,Garden,No especificado,Hasta 18 cuotas sin intereses,cuotas_sin_intereses,,lunes; martes; miércoles; jueves; viernes; sábado; domingo,,,Todos los días,Vigente hasta el 13 de abril de 2027,Límite de compras mensual de hasta Gs; Gs. 50.000.000,,,https://www.bancontinental.com.py/api/comercios?_limit=-1
54152a5b5cce760e,Continental,Vehículos,Grupo Casa J. Gomez - Cubiertas,Fernando de la Mora,Hasta 24 cuotas sin intereses,cuotas_sin_intereses,,lunes; martes; miércoles; jueves; viernes; sábado; domingo,,,Todos los días,Vigente hasta el 08 de enero del 2027,Límites de compras: - Cuotas sin intereses con límite de compra mensual de Gs; Gs. 50.000.000,,,https://www.bancontinental.com.py/api/comercios?_limit=-1
1dee5a9f7ce209cf,Continental,Vehículos,Grupo Faustino,Nueva Esperanza (Canindeyú),Hasta 12 cuotas sin intereses,cuotas_sin_intereses,,lunes; martes; miércoles; jueves; viernes; sábado; domingo,,,Todos los días,Vigente hasta el 02 de enero del 2027,Límites de compras: - Cuotas sin intereses con límite de compra mensual de Gs; Gs. 50.000.000,,,https://www.bancontinental.com.py/api/comercios?_limit=-1
545938e126655364,Continental,Vehículos,Ideal Repuestos,San Cristóbal (Alto Paraná),Hasta 12 cuotas sin intereses,cuotas_sin_intereses,,lunes; martes; miércoles; jueves; viernes; sábado; domingo,,,Todos los días,Vigente hasta el 10 de marzo de 2027,Límite de compra mensual de hasta Gs; Gs. 50.000.000,,,https://www.bancontinental.com.py/api/comercios?_limit=-1
c92e2fc64b7103b5,Continental,Vehículos,Importadora Avenida,Asunción,20%; Hasta 12 cuotas sin intereses; 20% de descuento,descuento,20%,lunes; martes; miércoles; jueves; viernes; sábado; domingo,,,Todos los días,Vigente hasta el 10 de agosto de 2027,Límite de compra mensual de hasta Gs; Gs. 50.000.000,,,https://www.bancontinental.com.py/api/comercios?_limit=-1
8f0c0990694d262c,Continental,Vehículos,Mincar Servicio Automotriz,Nueva Esperanza (Canindeyú),Hasta 12 cuotas sin intereses,cuotas_sin_intereses,,lunes; martes; miércoles; jueves; viernes; sábado; domingo,,,Todos los días,Vigente hasta el 06 de marzo de 2027,Límite de compra mensual de Gs; Gs. 50.000.000,,,https://www.bancontinental.com.py/api/comercios?_limit=-1
4944802b26c9d9a2,Continental,Vehículos,Motorplaza,Asunción,Hasta 12 cuotas sin intereses,cuotas_sin_intereses,,lunes; martes; miércoles; jueves; viernes; sábado; domingo,,,Todos los días,Vigente hasta el 27 de marzo de 2027,Límites de compras: - Cuotas sin intereses con límite de compra mensual de Gs; Gs. 50.000.000,,,https://www.bancontinental.com.py/api/comercios?_limit=-1
4d0aef76468aa9e5,Continental,Vehículos,Motorrepuestos Carlos,Col. Independencia,20%; hasta 12 cuotas sin intereses; 15% de reintegro,reintegro,20%; 15%,lunes; martes; miércoles; jueves; viernes; sábado; domingo,,,todos los días,Vigente hasta el 15 de abril de 2027,Límite de compra mensual de hasta Gs; Límite de compra mensual de Gs; Gs. 1.000.000; Gs. 50.000.000,,,https://www.bancontinental.com.py/api/comercios?_limit=-1
df2dfc55af48d9d0,Continental,Vehículos,Nasser Cubiertas,No especificado,Hasta 12 cuotas sin intereses,cuotas_sin_intereses,,lunes; martes; miércoles; jueves; viernes; sábado; domingo,,,Todos los días,Vigente hasta el 22 de agosto de 2027,Límite de compra mensual de hasta Gs; Gs. 50.000.000,,,https://www.bancontinental.com.py/api/comercios?_limit=-1
14cbbc33b2dcada0,Continental,Vehículos,Neumáticos,Encarnación,Hasta 12 cuotas sin intereses,cuotas_sin_intereses,,lunes; martes; miércoles; jueves; viernes; sábado; domingo,,,Todos los días,Vigente hasta el 21 de enero de 2027,Límite de compra mensual de Gs; Gs. 50.000.000,,,https://www.bancontinental.com.py/api/comercios?_limit=-1
85ec644b7a931018,Continental,Vehículos,Perfecta Automotores,No especificado,Hasta 12 cuotas sin intereses,cuotas_sin_intereses,,lunes; martes; miércoles; jueves; viernes; sábado; domingo,,,Todos los días,Vigente hasta el 27 de marzo de 2027,Límite de compra mensual de Gs; Gs. 50.000.000,,,https://www.bancontinental.com.py/api/comercios?_limit=-1
7b906880f2ea675d,Continental,Vehículos,Premium Repuestos,No especificado,Hasta 12 cuotas sin intereses,cuotas_sin_intereses,,lunes; martes; miércoles; jueves; viernes; sábado; domingo,,,Todos los días,Vigente hasta el 15 de enero del 2027,límite de compra mensual de Gs; Gs. 50.000.000,,,https://www.bancontinental.com.py/api/comercios?_limit=-1
2da53309bc78ac52,Continental,Vehículos,San Pablo Truck Center,Eusebio Ayala (Barrero Grande),Hasta 12 cuotas sin intereses,cuotas_sin_intereses,,lunes; martes; miércoles; jueves; viernes; sábado; domingo,,,Todos los días,Vigente hasta el 16 de enero de 2027,Límites de compras: - Cuotas sin intereses con límite de compra mensual de Gs; Gs. 50.000.000,,,https://www.bancontinental.com.py/api/comercios?_limit=-1
b24bcc9775765158,Continental,Vehículos,San Thiago Repuestos,Nueva Esperanza (Canindeyú),Hasta 12 cuotas sin intereses,cuotas_sin_intereses,,lunes; martes; miércoles; jueves; viernes; sábado; domingo,,,Todos los días,Vigente hasta el 05 de junio de 2027,Límite de compra mensual de hasta 50,,,https://www.bancontinental.com.py/api/comercios?_limit=-1
c9a801ffb1813b09,Continental,Vehículos,Score Car,Ciudad del Este,Hasta 18 cuotas sin intereses,cuotas_sin_intereses,,lunes; martes; miércoles; jueves; viernes; sábado; domingo,,,Todos los días,Vigente hasta el 10 de abril del 2027,Límite de compra mensual de hasta Gs; Gs. 50.000.000,,,https://www.bancontinental.com.py/api/comercios?_limit=-1
65de826637ac09ea,Continental,Vehículos,Taller Juank,Encarnación,Hasta 12 cuotas sin intereses,cuotas_sin_intereses,,lunes; martes; miércoles; jueves; viernes; sábado; domingo,,,Todos los días,Vigente hasta el 11 de septiembre de 2027,Límite de compra mensual de hasta Gs; Gs. 50.000.000,,,https://www.bancontinental.com.py/api/comercios?_limit=-1
c0b98afbe6010db2,Continental,Vehículos,Tonina,No especificado,Hasta 12 cuotas sin intereses,cuotas_sin_intereses,,lunes; martes; miércoles; jueves; viernes; sábado; domingo,,,Todos los días,Vigente hasta el 14 de noviembre de 2026,Límites de compras: - Cuotas sin intereses con límite de compra mensual de Gs; Gs. 50.000.000,,,https://www.bancontinental.com.py/api/comercios?_limit=-1
07d86bb003e033fb,Continental,Vehículos,Toyotoshi,Todo el país,30%; Hasta 12 cuotas sin intereses; 30% de descuento; 20% de descuento; 10% de descuento; 5% de descuento,descuento,30%; 20%; 10%; 5%,lunes; martes; miércoles; jueves; viernes; sábado; domingo,,,Todos los días,Vigente hasta el 03 de julio de 2027,Límite de compra mensual de hasta Gs; Gs. 50.000.000,,,https://www.bancontinental.com.py/api/comercios?_limit=-1
9c589d42a65eb5b7,Continental,Veterinarias,Agropecuaria Paraná,No especificado,Hasta 12 cuotas sin intereses,cuotas_sin_intereses,,lunes; martes; miércoles; jueves; viernes; sábado; domingo,,,Todos los días,Vigente desde el 15 de septiembre de 2026 hasta el 14 de marzo de 2027,Límite de compra mensual de hasta Gs; Gs. 50.000.000,,,https://www.bancontinental.com.py/api/comercios?_limit=-1
cec955a4d0ae4df6,Continental,Veterinarias,For Pets,Asunción,20%; Hasta 12 cuotas sin intereses; 20% de reintegro,reintegro,20%,lunes; martes; miércoles; jueves; viernes; sábado; domingo,,,todos los días,Vigente hasta el 11 de septiembre de 2027,Límite de compra mensual de hasta Gs; Gs. 1.000.000; Gs. 50.000.000,,,https://www.bancontinental.com.py/api/comercios?_limit=-1
7e44d1acf7e29a2c,Continental,Veterinarias,La Casa del Veterinario,Fernando de la Mora,Hasta 12 cuotas sin intereses,cuotas_sin_intereses,,lunes; martes; miércoles; jueves; viernes; sábado; domingo,,,Todos los días,Vigente hasta el 21 de abril de 2027,Límite de compra mensual de Gs; Gs. 50.000.000,,,https://www.bancontinental.com.py/api/comercios?_limit=-1
0db5736c2925957d,Continental,Veterinarias,Rogavet,Asunción,Hasta 12 cuotas sin intereses,cuotas_sin_intereses,,lunes; martes; miércoles; jueves; viernes; sábado; domingo,,,Todos los días,Vigente hasta el 16 de junio de 2027,Límite de compra mensual de hasta Gs; Gs. 50.000.000,,,https://www.bancontinental.com.py/api/comercios?_limit=-1
85461b37bf9cadc3,Continental,Veterinarias,Rural Makro,No especificado,Hasta 12 cuotas sin intereses,cuotas_sin_intereses,,lunes; martes; miércoles; jueves; viernes; sábado; domingo,,,Todos los días,Vigente hasta el 25 de noviembre de 2026,Límite de compras: - Cuotas sin intereses con límite de compra mensual de Gs; Gs. 50.000.000,,,https://www.bancontinental.com.py/api/comercios?_limit=-1
1ff3196f6e0ee20e,Continental,Veterinarias,Tiempo de Mascota,Asunción,20% de reintegro,reintegro,20%,jueves,,,los jueves,Vigente hasta el 17 de diciembre del 2026,Límites de compras: - Reintegros con límite de compra mensual de hasta Gs; Gs. 500.000,,,https://www.bancontinental.com.py/api/comercios?_limit=-1
4aa078f8bced8cc2,Continental,Veterinarias,Vets Hospital Veterinario,No especificado,10% de reintegro,reintegro,10%,jueves,,,Los jueves,Vigente hasta el 08 de marzo de 2027,Límite de compra mensual de hasta Gs; Gs. 500.000,,,https://www.bancontinental.com.py/api/comercios?_limit=-1
0780eae3fd68ea5a,Coop. Universitaria,Electrodomésticos,BRISTOL,,Hasta 10 cuotas sin intereses,cuotas_sin_intereses,,lunes; martes; miércoles; jueves; viernes; sábado; domingo,,,Todos los días,Vigencia Desde el 01 de abril de 2026 hasta el 31 de diciembre de 2026,,,,https://www.universitaria.coop/assets_front/img/promos/bases-y-condiciones1775478054.pdf
985c6426a908e262,Coop. Universitaria,Electrodomésticos,ELECTROBAN,,5% de descuento en productos HD Play,descuento,5%,lunes; martes; miércoles; jueves; viernes; sábado; domingo,,,Todos los días,Vigencia Desde el 04 de junio de 2026 hasta el 31 de diciembre de 2026,,,,https://www.universitaria.coop/assets_front/img/promos/bases1784915440.pdf
87150edacd5ecb36,Coop. Universitaria,Electrodomésticos,ELECTROBAN,,Hasta 10 cuotas sin intereses,cuotas_sin_intereses,,lunes; martes; miércoles; jueves; viernes; sábado; domingo,,,Todos los días,Vigencia Desde el 04 de junio de 2026 hasta el 31 de diciembre de 2026,,,,https://www.universitaria.coop/assets_front/img/promos/bases1784915440.pdf
0ed5f6bae7f156f9,Coop. Universitaria,Electrodomésticos,Olier,,Hasta 10 cuotas sin intereses,cuotas_sin_intereses,,lunes; martes; miércoles; jueves; viernes; sábado; domingo,,,Todos los días,Vigencia Desde el 01 de abril de 2026 hasta el 31 de diciembre de 2026,,,,https://www.universitaria.coop/assets_front/img/promos/bases-y-condiciones1775479168.pdf
ffbccb84f5968244,Coop. Universitaria,Electrodomésticos,TUPI,,Hasta 10 cuotas sin intereses,cuotas_sin_intereses,,lunes; martes; miércoles; jueves; viernes; sábado; domingo,,,Todos los días,Vigencia Desde el 01 de abril de 2026 hasta el 31 de diciembre 2026,,,,https://www.universitaria.coop/assets_front/img/promos/bases-y-condiciones1775479487.pdf
03802e81121d48d4,Coop. Universitaria,Electrónica,Cellshop Importados Paraguay,,Hasta 10 cuotas sin intereses,cuotas_sin_intereses,,lunes; martes; miércoles; jueves; viernes; sábado; domingo,,,Todos los días,Vigencia Desde el 10 de junio de 2026 hasta el 10 de junio de 2027,,,,https://www.universitaria.coop/assets_front/img/promos/bases-y-condiciones1781619937.pdf
4d10464290d795bd,Coop. Universitaria,Electrónica,Nissei,,Hasta 10 cuotas sin intereses,cuotas_sin_intereses,,lunes; martes; miércoles; jueves; viernes; sábado; domingo,,,Todos los días,Vigencia Desde el 01 de abril de 2026 hasta el 31 de diciembre de 2026,,,,https://www.universitaria.coop/assets_front/img/promos/bases-y-condiciones1775478932.pdf
7888a2b8d52587d3,Coop. Universitaria,Estaciones De Servicio,Estaciones ENERGY,,20% de reintegro con QR,reintegro,20%,lunes; martes; miércoles; jueves; viernes; sábado; domingo,,,todos los días,Vigencia Desde el 15 de julio hasta el 30 de setiembre de 2026,Límite de compra mensual por cuenta: Gs. 500.000. Tope mensual de reintegro o descuento: Gs. 100.000.,,,https://www.universitaria.coop/assets_front/img/promos/bases-y-condiciones1784217351.pdf
cfe20719f1794d6a,Coop. Universitaria,Estaciones De Servicio,Estaciones ENERGY,,10% de reintegro con tarjeta física,reintegro,10%,lunes; martes; miércoles; jueves; viernes; sábado; domingo,,,todos los días,Vigencia Desde el 15 de julio hasta el 30 de setiembre de 2026,Límite de compra mensual por cuenta: Gs. 500.000. Tope mensual de reintegro o descuento: Gs. 50.000.,,,https://www.universitaria.coop/assets_front/img/promos/bases-y-condiciones1784217351.pdf
c6439c6808e54410,Coop. Universitaria,Estética,BELLMONT BARBERÍA,,20% de descuento en servicios,descuento,20%,lunes; martes; miércoles; jueves; viernes; sábado; domingo,,,Todos los Días,Vigencia Desde el 24 de noviembre de 2025 hasta el 24 de noviembre de 2026,,,,https://www.universitaria.coop/assets_front/img/promos/1764702833.pdf
e88640079cb72988,Coop. Universitaria,Estética,Sempre Bela,,10% de descuento,descuento,10%,martes,,,Martes,Vigencia Desde el 16 de octubre de 2024 hasta el 16 de octubre de 2026,TOPE DE DESCUENTO 10% de descuento Los martes y sábados N/A N/A Beneficios LA EMPRESA otorgará a los socios de UNIVERSITARIA que abonen el costo de los servicios of; Tope de descuento No aplica,,,https://www.universitaria.coop/assets_front/img/promos/bases-y-condiciones1745848849.pdf
70f3cb2bb70b1064,Coop. Universitaria,Farmacias,FARMACIA ENERGY,,Hasta 30% de descuento con QR,descuento,30%,miércoles,,,Todos los miércoles,Vigencia Desde el 01 de julio de 2026 hasta el 30 de septiembre de 2026,Límite de compra mensual por cuenta: Gs. 5.000.000. Tope mensual de reintegro o descuento: Gs. 1.500.000.,,,https://www.universitaria.coop/assets_front/img/promos/bases-y-condiciones1783355974.pdf
4aa09800f5648f3e,Coop. Universitaria,Farmacias,FARMACIA ENERGY,,15% de descuento con tarjeta física,descuento,15%,miércoles,,,Todos los miércoles,Vigencia Desde el 01 de julio de 2026 hasta el 30 de septiembre de 2026,Límite de compra mensual por cuenta: Gs. 5.000.000. Tope mensual de reintegro o descuento: Gs. 750.000.,,,https://www.universitaria.coop/assets_front/img/promos/bases-y-condiciones1783355974.pdf
57578d96438545f0,Coop. Universitaria,Farmacias,Farmacenter,,40% de descuento con QR en productos seleccionados y suplementos deportivos,descuento,40%,martes,,,Todos los Martes,Vigencia Desde el 07 de julio de 2026 hasta el 30 de setiembre de 2026,Límite de compra mensual por cuenta: Gs. 5.000.000. Tope mensual de reintegro o descuento: Gs. 2.000.000.,,,https://www.universitaria.coop/assets_front/img/promos/bases-y-condiciones1783348467.pdf
01745f64e172d626,Coop. Universitaria,Farmacias,Farmacenter,,30% de descuento con QR,descuento,30%,martes,,,Todos los Martes,Vigencia Desde el 07 de julio de 2026 hasta el 30 de setiembre de 2026,Límite de compra mensual por cuenta: Gs. 5.000.000. Tope mensual de reintegro o descuento: Gs. 1.500.000.,,,https://www.universitaria.coop/assets_front/img/promos/bases-y-condiciones1783348467.pdf
419fdd98f4f964c1,Coop. Universitaria,Farmacias,Farmacenter,,25% de descuento con tarjeta física,descuento,25%,martes,,,Todos los Martes,Vigencia Desde el 07 de julio de 2026 hasta el 30 de setiembre de 2026,Límite de compra mensual por cuenta: Gs. 5.000.000. Tope mensual de reintegro o descuento: Gs. 1.250.000.,,,https://www.universitaria.coop/assets_front/img/promos/bases-y-condiciones1783348467.pdf
381e65a4c5c2fd20,Coop. Universitaria,Farmacias,Farmacia Catedral,,Hasta 50% de descuento con QR en productos seleccionados,descuento,50%,viernes,,,Todos los viernes,Vigencia Desde el 03 de julio de 2026 hasta el 25 de setiembre de 2026,Límite de compra mensual por cuenta: Gs. 5.000.000.,,,https://www.universitaria.coop/assets_front/img/promos/bases-y-condiciones1784292469.pdf
420b43253c68c05e,Coop. Universitaria,Farmacias,Farmacia Catedral,,35% de descuento con QR en medicamentos seleccionados,descuento,35%,viernes,,,Todos los viernes,Vigencia Desde el 03 de julio de 2026 hasta el 25 de setiembre de 2026,Límite de compra mensual por cuenta: Gs. 5.000.000.,,,https://www.universitaria.coop/assets_front/img/promos/bases-y-condiciones1784292469.pdf
7a8d64cc4409293e,Coop. Universitaria,Farmacias,Farmacia Catedral,,30% de descuento con QR en medicamentos y productos varios,descuento,30%,viernes,,,Todos los viernes,Vigencia Desde el 03 de julio de 2026 hasta el 25 de setiembre de 2026,Límite de compra mensual por cuenta: Gs. 5.000.000.,,,https://www.universitaria.coop/assets_front/img/promos/bases-y-condiciones1784292469.pdf
d55e7e95b559dcb4,Coop. Universitaria,Farmacias,Farmacia Catedral,,25% de descuento con tarjeta física en medicamentos y productos varios,descuento,25%,viernes,,,Todos los viernes,Vigencia Desde el 03 de julio de 2026 hasta el 25 de setiembre de 2026,Límite de compra mensual por cuenta: Gs. 5.000.000.,,,https://www.universitaria.coop/assets_front/img/promos/bases-y-condiciones1784292469.pdf
2bbe4716ecaab2f9,Coop. Universitaria,Farmacias,Farmacumbre | Caacupé,,15% de descuento,descuento,15%,domingo,,,Todos los Domingos,Vigencia Desde el 09 de junio de 2026 hasta el 09 de junio de 2027,,,,https://www.universitaria.coop/assets_front/img/promos/bases-y-condiciones1783599737.pdf
a9410e3c4e6044a3,Coop. Universitaria,Farmacias,Farmaoliva,,40% de descuento con QR en productos seleccionados,descuento,40%,miércoles,,,Todos los Miércoles,Vigencia Desde el 08 de julio de 2026 hasta el 30 de setiembre de 2026,Límite de compra mensual por cuenta: Gs. 5.000.000. Tope mensual de reintegro o descuento: Gs. 2.000.000.,,,https://www.universitaria.coop/assets_front/img/promos/bases-y-condiciones1783347827.pdf
77a61b127a2d5f1a,Coop. Universitaria,Farmacias,Farmaoliva,,30% de descuento con QR en medicamentos nacionales,descuento,30%,miércoles,,,Todos los Miércoles,Vigencia Desde el 08 de julio de 2026 hasta el 30 de setiembre de 2026,Límite de compra mensual por cuenta: Gs. 5.000.000. Tope mensual de reintegro o descuento: Gs. 1.500.000.,,,https://www.universitaria.coop/assets_front/img/promos/bases-y-condiciones1783347827.pdf
568e126f6f557b2b,Coop. Universitaria,Farmacias,Farmaoliva,,25% de descuento con QR en medicamentos importados,descuento,25%,miércoles,,,Todos los Miércoles,Vigencia Desde el 08 de julio de 2026 hasta el 30 de setiembre de 2026,Límite de compra mensual por cuenta: Gs. 5.000.000. Tope mensual de reintegro o descuento: Gs. 1.250.000.,,,https://www.universitaria.coop/assets_front/img/promos/bases-y-condiciones1783347827.pdf
b6f16be15699036a,Coop. Universitaria,Farmacias,Farmaoliva,,25% de descuento con tarjeta física en medicamentos y productos varios,descuento,25%,miércoles,,,Todos los Miércoles,Vigencia Desde el 08 de julio de 2026 hasta el 30 de setiembre de 2026,Límite de compra mensual por cuenta: Gs. 5.000.000. Tope mensual de reintegro o descuento: Gs. 1.250.000.,,,https://www.universitaria.coop/assets_front/img/promos/bases-y-condiciones1783347827.pdf
4c48c5af5788ecc4,Coop. Universitaria,Farmacias,Farmatotal,,Hasta 30% de descuento con QR,descuento,30%,jueves,,,Todos los Jueves,Vigencia Desde el 01 de julio de 2026 hasta el 30 de setiembre de 2026,Límite de compra mensual por cuenta: Gs. 5.000.000. Tope mensual de reintegro o descuento: Gs. 1.500.000.,,,https://www.universitaria.coop/assets_front/img/promos/bases-y-condiciones1783685293.pdf
673e8bfa53837aed,Coop. Universitaria,Farmacias,Farmatotal,,15% de descuento con tarjeta física,descuento,15%,jueves,,,Todos los Jueves,Vigencia Desde el 01 de julio de 2026 hasta el 30 de setiembre de 2026,Límite de compra mensual por cuenta: Gs. 5.000.000. Tope mensual de reintegro o descuento: Gs. 750.000.,,,https://www.universitaria.coop/assets_front/img/promos/bases-y-condiciones1783685293.pdf
a4949cc077ce9454,Coop. Universitaria,Farmacias,Punto Farma,,Hasta 45% de descuento con QR en productos no farmacéuticos seleccionados,descuento,45%,lunes,,,todos los LUNES,Vigencia Desde el 13 de julio de 2026 hasta el 30 de setiembre de 2026,Límite de compra mensual por cuenta: Gs. 10.000.000.,,,https://www.universitaria.coop/assets_front/img/promos/bases-y-condiciones1783699874.pdf
414bd88149c08d75,Coop. Universitaria,Farmacias,Punto Farma,,35% de descuento con QR en medicamentos nacionales,descuento,35%,lunes,,,todos los LUNES,Vigencia Desde el 13 de julio de 2026 hasta el 30 de setiembre de 2026,Límite de compra mensual por cuenta: Gs. 10.000.000.,,,https://www.universitaria.coop/assets_front/img/promos/bases-y-condiciones1783699874.pdf
b3793e9bdb3109fe,Coop. Universitaria,Farmacias,Punto Farma,,30% de descuento con QR en medicamentos importados,descuento,30%,lunes,,,todos los LUNES,Vigencia Desde el 13 de julio de 2026 hasta el 30 de setiembre de 2026,Límite de compra mensual por cuenta: Gs. 10.000.000.,,,https://www.universitaria.coop/assets_front/img/promos/bases-y-condiciones1783699874.pdf
3e973822838e57aa,Coop. Universitaria,Farmacias,Punto Farma,,30% de descuento con tarjeta física en productos de farmacia y otros,descuento,30%,lunes,,,todos los LUNES,Vigencia Desde el 13 de julio de 2026 hasta el 30 de setiembre de 2026,Límite de compra mensual por cuenta: Gs. 10.000.000.,,,https://www.universitaria.coop/assets_front/img/promos/bases-y-condiciones1783699874.pdf
284e3ff5bd723dff,Coop. Universitaria,Fast Food,BURGER KING,,30% de reintegro con QR,reintegro,30%,lunes; martes; miércoles; jueves; viernes; sábado; domingo,,,Todos los días,Vigencia Desde el 15 de julio de 2026 hasta el 30 de setiembre de 2026,Límite de compra mensual por cuenta: Gs. 500.000. Tope mensual de reintegro o descuento: Gs. 150.000.,,,https://www.universitaria.coop/assets_front/img/promos/bases-y-condiciones-burger-king1784048891.pdf
b366ffdbd30927d0,Coop. Universitaria,Fast Food,BURGER KING,,10% de reintegro con tarjeta física,reintegro,10%,lunes; martes; miércoles; jueves; viernes; sábado; domingo,,,Todos los días,Vigencia Desde el 15 de julio de 2026 hasta el 30 de setiembre de 2026,Límite de compra mensual por cuenta: Gs. 500.000. Tope mensual de reintegro o descuento: Gs. 50.000.,,,https://www.universitaria.coop/assets_front/img/promos/bases-y-condiciones-burger-king1784048891.pdf
b32beaa1fcdca63a,Coop. Universitaria,Fast Food,POPEYES,,30% de reintegro con QR,reintegro,30%,lunes; martes; miércoles; jueves; viernes; sábado; domingo,,,Todos los días,Vigencia Desde el 15 de julio de 2026 hasta el 30 de setiembre de 2026,Límite de compra mensual por cuenta: Gs. 500.000. Tope mensual de reintegro o descuento: Gs. 150.000.,,,https://www.universitaria.coop/assets_front/img/promos/bases-y-condiciones-popeyes1784049194.pdf
5409bde0df524f5e,Coop. Universitaria,Fast Food,POPEYES,,10% de reintegro con tarjeta física,reintegro,10%,lunes; martes; miércoles; jueves; viernes; sábado; domingo,,,Todos los días,Vigencia Desde el 15 de julio de 2026 hasta el 30 de setiembre de 2026,Límite de compra mensual por cuenta: Gs. 500.000. Tope mensual de reintegro o descuento: Gs. 50.000.,,,https://www.universitaria.coop/assets_front/img/promos/bases-y-condiciones-popeyes1784049194.pdf
311684a2f47b7ae3,Coop. Universitaria,Fast Food,SUBWAY,,30% de reintegro con QR,reintegro,30%,lunes; martes; miércoles; jueves; viernes; sábado; domingo,,,Todos los días,Vigencia Desde el 15 de julio de 2026 hasta el 30 de setiembre de 2026,Límite de compra mensual por cuenta: Gs. 500.000. Tope mensual de reintegro o descuento: Gs. 150.000.,,,https://www.universitaria.coop/assets_front/img/promos/bases-y-condiciones-subway1784049051.pdf
4d6766ae2f6d19bf,Coop. Universitaria,Fast Food,SUBWAY,,10% de reintegro con tarjeta física,reintegro,10%,lunes; martes; miércoles; jueves; viernes; sábado; domingo,,,Todos los días,Vigencia Desde el 15 de julio de 2026 hasta el 30 de setiembre de 2026,Límite de compra mensual por cuenta: Gs. 500.000. Tope mensual de reintegro o descuento: Gs. 50.000.,,,https://www.universitaria.coop/assets_front/img/promos/bases-y-condiciones-subway1784049051.pdf
5eeabcaebf3d24af,Coop. Universitaria,Hoteles,Hotel Cabaña Don Oscar,,20% de descuento,descuento,20%,lunes; martes; miércoles; jueves; viernes; sábado; domingo,,,Todos los días,"Vigencia Desde el 02 de octubre de 2019 hasta el 02 de octubre de 2020, con renovación automática",TOPE DE DESCUENTO Descuento del 20% Todos los días,,,https://www.universitaria.coop/assets_front/img/promos/1711050546.pdf
9a412f13bd062bf2,Coop. Universitaria,Hoteles,Las Hortensias,,10% de descuento en alojamiento,descuento,10%,lunes; martes; miércoles; jueves; viernes; sábado; domingo,,,Todos los días,"Vigencia Desde el 25 de octubre de 2019 hasta el 25 de octubre de 2020, con renovación automática",,,,https://www.universitaria.coop/assets_front/img/promos/bases-y-condiciones1711042299.pdf
acdefb9c1bae3993,Coop. Universitaria,Hoteles,Malian,,10% de descuento en alojamiento,descuento,10%,lunes; martes; miércoles; jueves; viernes; sábado; domingo,,,Todos los días,"Vigencia Desde el 02 de abril de 2018 hasta el 02 de abril de 2019, con renovación automática",,,,https://www.universitaria.coop/assets_front/img/promos/bases-y-condiciones1711042178.pdf
e007fa2cca116af3,Coop. Universitaria,Inmuebles,LA MATILDE,,5% de descuento,descuento,5%,lunes; martes; miércoles; jueves; viernes; sábado; domingo,,,Todos los Días,Vigencia Desde el 13 de julio de 2026 hasta el 31 de julio de 2027,TOPE DE COMPRA DESCUENTO Descuento del 5% sobre Todos los días; Tope de descuento No aplica; Gs. 360.000.000,,,https://www.universitaria.coop/assets_front/img/promos/bases-y-condiciones1784914714.pdf
50c153d0cdd8af1a,Coop. Universitaria,Inmuebles,Las Lomas Country,,10% de descuento,descuento,10%,lunes; martes; miércoles; jueves; viernes; sábado; domingo,,,Todos los días,Vigencia Desde el 08 de setiembre de 2025 hasta el 08 de setiembre de 2026,TOPE DE COMPRA DESCUENTO Descuento del 10% Todos los días N/A N/A Beneficios LA EMPRESA otorgará un 10% de descuento a los socios de UNIVERSITARIA que adquieran un; Tope de descuento No aplica; Gs.115.000.000; Gs.136.000.000,,,https://www.universitaria.coop/assets_front/img/promos/bases-y-condiciones1757961129.pdf
1eeec20176a6b1df,Coop. Universitaria,Instituciones Educativas,CIAE & ASOC.,,25% de descuento en programa Detective Financiero Kid IV,descuento,25%,lunes; martes; miércoles; jueves; viernes; sábado; domingo,,,Todos los días,"Vigencia Desde el 05 de setiembre de 2022 hasta el 05 de setiembre de 2023, con renovación automática",,,,https://www.universitaria.coop/assets_front/img/promos/bases-y-condiciones1685026495.pdf
4bad9a370ba32cdc,Coop. Universitaria,Instituciones Educativas,CIAE & ASOC.,,15% de descuento en otros cursos participantes; la tasa varía entre 10% y 15%,descuento,15%; 10%,lunes; martes; miércoles; jueves; viernes; sábado; domingo,,,Todos los días,"Vigencia Desde el 05 de setiembre de 2022 hasta el 05 de setiembre de 2023, con renovación automática",,,,https://www.universitaria.coop/assets_front/img/promos/bases-y-condiciones1685026495.pdf
97cc0d40e001bec8,Coop. Universitaria,Instituciones Educativas,UNADES,,10% de descuento,descuento,10%,lunes; martes; miércoles; jueves; viernes; sábado; domingo,,,Todos los días,Vigencia Desde el 16 de setiembre de 2025 hasta el 16 de setiembre de 2026,TOPE DE COMPRA DESCUENTO Descuento del Todos los días N/A N/A 10% en pago de matrícula y cuotas Beneficios LA UNIVERSIDAD otorgará a los socios de UNIVERSITARIA que; Tope de descuento No aplica,,,https://www.universitaria.coop/assets_front/img/promos/1770319815.pdf
4863af445cddb82d,Coop. Universitaria,Instituciones Educativas,UNIVERSIDAD AMERICANA,,Hasta 10 cuotas sin intereses,cuotas_sin_intereses,,,,,Durante el período de inscripción,Vigencia del convenio marco: Desde el 08 de septiembre 2026 hasta el 08 de julio de 2027,,,,https://www.universitaria.coop/assets_front/img/promos/bases-y-condiciones1789401410.pdf
68d191e9ecaaba22,Coop. Universitaria,Instituciones Educativas,UNIVERSIDAD CATÓLICA,,10% de descuento en cuotas,descuento,10%,,1; 2; 3; 4; 5,,del 1 al 5 de cada mes,Vigencia: Desde el 20 de febrero de 2026 hasta el 20 de febrero de 2027,,,,https://www.universitaria.coop/assets_front/img/promos/bases-y-condiciones1784911866.pdf
7f7bc315451ae233,Coop. Universitaria,Instituciones Educativas,UNIVERSIDAD CATÓLICA,,Hasta 10 cuotas sin intereses,cuotas_sin_intereses,,,1; 2; 3; 4; 5,,del 1 al 5 de cada mes,Vigencia: Desde el 20 de febrero de 2026 hasta el 20 de febrero de 2027,,,,https://www.universitaria.coop/assets_front/img/promos/bases-y-condiciones1784911866.pdf
ca92f99bcaea85d0,Coop. Universitaria,Instituciones Educativas,Universidad Autónoma de Asunción (UAA),,20% de descuento en pago anticipado de un año académico o programas de posgrado,descuento,20%,lunes; martes; miércoles; jueves; viernes; sábado; domingo,,,Todos los días,"Vigencia Desde el 14 de febrero de 2019 hasta el 14 de febrero de 2020, con renovación automática",,,,https://www.universitaria.coop/assets_front/img/promos/bases-y-condiciones1707838703.pdf
7cd39791a9c9f593,Coop. Universitaria,Instituciones Educativas,Universidad Autónoma de Asunción (UAA),,10% de descuento en pago anticipado de un semestre,descuento,10%,lunes; martes; miércoles; jueves; viernes; sábado; domingo,,,Todos los días,"Vigencia Desde el 14 de febrero de 2019 hasta el 14 de febrero de 2020, con renovación automática",,,,https://www.universitaria.coop/assets_front/img/promos/bases-y-condiciones1707838703.pdf
4243d6e40f30dd55,Coop. Universitaria,Instituciones Educativas,Universidad Autónoma del Paraguay,,15% de descuento,descuento,15%,lunes; martes; miércoles; jueves; viernes; sábado; domingo,,,Todos los días,"Vigencia Desde el 20 de abril de 2022 hasta el 20 de abril de 2023, con renovación automática",TOPE DE DESCUENTO Hasta el 15% de descuento; Tope de descuento No aplica,,,https://www.universitaria.coop/assets_front/img/promos/bases-y-condiciones1707854695.pdf
e90b73120c990eec,Coop. Universitaria,Instituciones Educativas,Universidad Central,,30% de descuento,descuento,30%,lunes; martes; miércoles; jueves; viernes; sábado; domingo,,,Todos los días,"Vigencia Desde el 22 de enero de 2018 hasta el 22 de enero de 2019, con renovación automática",TOPE DE DESCUENTO 30% de descuento en las cuotas Todo el año lectivo; Tope de descuento No aplica,,,https://www.universitaria.coop/assets_front/img/promos/bases-y-condiciones1683315759.pdf
9107c1cb836ea84d,Coop. Universitaria,Instituciones Educativas,Universidad Centro Médico Bautista,,"10% de descuento en cuotas mensuales de grado, excepto Medicina",descuento,10%,lunes; martes; miércoles; jueves; viernes; sábado; domingo,,,Todos los días,"Vigencia Desde el 17 de febrero de 2023 hasta el 17 de febrero de 2024, con renovación automática",,,,https://www.universitaria.coop/assets_front/img/promos/bases-y-condiciones1678382123.pdf
3eefb2fb81ba41f4,Coop. Universitaria,Instituciones Educativas,Universidad Centro Médico Bautista,,"15% de descuento en semestre de grado, cuotas de posgrado o cursos internacionales",descuento,15%,lunes; martes; miércoles; jueves; viernes; sábado; domingo,,,Todos los días,"Vigencia Desde el 17 de febrero de 2023 hasta el 17 de febrero de 2024, con renovación automática",,,,https://www.universitaria.coop/assets_front/img/promos/bases-y-condiciones1678382123.pdf
d7ce97e83ae597b9,Coop. Universitaria,Instituciones Educativas,Universidad Centro Médico Bautista,,20% de descuento en dos semestres de grado o programa completo de posgrado,descuento,20%,lunes; martes; miércoles; jueves; viernes; sábado; domingo,,,Todos los días,"Vigencia Desde el 17 de febrero de 2023 hasta el 17 de febrero de 2024, con renovación automática",,,,https://www.universitaria.coop/assets_front/img/promos/bases-y-condiciones1678382123.pdf
282659ae43655f9f,Coop. Universitaria,Instituciones Educativas,Universidad Columbia,,10% de descuento en cuotas de Derecho pagadas antes del vencimiento,descuento,10%,lunes; martes; miércoles; jueves; viernes; sábado; domingo,,,Todos los días,"Vigencia Desde el 07 de marzo de 2018 hasta el 07 de marzo de 2024, con renovación automática",,,,https://www.universitaria.coop/assets_front/img/promos/bases-y-condiciones1690574022.pdf
e493bc21ee45731f,Coop. Universitaria,Instituciones Educativas,Universidad Columbia,,15% de descuento en cuotas de otras carreras habilitadas pagadas antes del vencimiento,descuento,15%,lunes; martes; miércoles; jueves; viernes; sábado; domingo,,,Todos los días,"Vigencia Desde el 07 de marzo de 2018 hasta el 07 de marzo de 2024, con renovación automática",,,,https://www.universitaria.coop/assets_front/img/promos/bases-y-condiciones1690574022.pdf
dff1f9f5c2a94133,Coop. Universitaria,Instituciones Educativas,Universidad Nihon Gakko,,30% de descuento,descuento,30%,lunes; martes; miércoles; jueves; viernes; sábado; domingo,,,Todos los días,"Vigencia Desde el 27 de abril de 2022 hasta el 27 de abril de 2023, con renovación automática",TOPE DE DESCUENTO Hasta el 30% de descuento; Tope de descuento No aplica,,,https://www.universitaria.coop/assets_front/img/promos/bases-y-condiciones1707854651.pdf
6f6e1f3e5f6b2d89,Coop. Universitaria,Instituciones Educativas,Universidad Politecnica y Artistica del Paraguay (UPAP),,25% de descuento,descuento,25%,lunes; martes; miércoles; jueves; viernes; sábado; domingo,,,Todos los días,Vigencia Desde el 25 de marzo de 2026 hasta el 25 de marzo de 2027,TOPE DE DESCUENTO Descuento del 25% en el pago Todos los días; Tope de descuento No aplica,,,https://www.universitaria.coop/assets_front/img/promos/1783018707.pdf
37f9ca36ca8ed22f,Coop. Universitaria,Instituciones Educativas,Universidad San Ignacio de Loyola,,10% de descuento en cuotas,descuento,10%,lunes; martes; miércoles; jueves; viernes; sábado; domingo,,,Todos los días,"Vigencia Desde el 19 de marzo 2018 hasta el 19 de marzo de 2019, con renovación automática",,,,https://www.universitaria.coop/assets_front/img/promos/1707839632.pdf
41180ecae80f8414,Coop. Universitaria,Instituciones Educativas,Universidad UCOM,,10% de descuento en diplomados y carreras de grado,descuento,10%,lunes; martes; miércoles; jueves; viernes; sábado; domingo,,,Todos los días,"Vigencia Desde el 25 de julio de 2023 hasta el 25 de julio de 2024, con renovación automática",,,,https://www.universitaria.coop/assets_front/img/promos/bases-y-condiciones1691526203.pdf
890464d55f1ae5ab,Coop. Universitaria,Instituciones Educativas,Universidad UCOM,,5% de descuento en programas de posgrado,descuento,5%,lunes; martes; miércoles; jueves; viernes; sábado; domingo,,,Todos los días,"Vigencia Desde el 25 de julio de 2023 hasta el 25 de julio de 2024, con renovación automática",,,,https://www.universitaria.coop/assets_front/img/promos/bases-y-condiciones1691526203.pdf
4c924ca696ab8d1e,Coop. Universitaria,Laboratorios,Biogenic,,20% de descuento,descuento,20%,lunes,,,lunes,"Vigencia Desde el 01 de agosto de 2023 hasta el 01 de agosto de 2024, con renovación automática",TOPE DE DESCUENTO Descuento del 20% De lunes a sábado; Tope de descuento No aplica,,,https://www.universitaria.coop/assets_front/img/promos/bases-y-condiciones1694089925.pdf
c6ebadf7054eea1a,Coop. Universitaria,Laboratorios,MEYERLAB,,15% de descuento en análisis clínicos,descuento,15%,lunes; martes; miércoles; jueves; viernes; sábado; domingo,,,Todos los días,Vigencia Desde el 06 de noviembre de 2025 hasta el 06 de noviembre de 2026,,,,https://www.universitaria.coop/assets_front/img/promos/bases-y-condiciones1770835144.pdf
dd98f70622346966,Coop. Universitaria,Laboratorios,MEYERLAB,,5% de descuento en diferencias no cubiertas por seguro médico privado,descuento,5%,lunes; martes; miércoles; jueves; viernes; sábado; domingo,,,Todos los días,Vigencia Desde el 06 de noviembre de 2025 hasta el 06 de noviembre de 2026,,,,https://www.universitaria.coop/assets_front/img/promos/bases-y-condiciones1770835144.pdf
971bbf81ae377194,Coop. Universitaria,Mecánica,AUTOPAR,,35% de descuento,descuento,35%,lunes; martes; miércoles; jueves; viernes; sábado; domingo,,,Todos los días,"Vigencia Desde el 02 de mayo de 2018 hasta el 02 de mayo 2019, con renovación automática",TOPE DE DESCUENTO 35% de Descuento Todos los días N/A N/A Beneficios LA EMPRESA otorgará a los socios de LA COOPERATIVA que realicen sus pagos a través de las Tarje; Tope de descuento No aplica,,,https://www.universitaria.coop/assets_front/img/promos/bases-y-condiciones1712260628.pdf
d4de1c55f9f9ba49,Coop. Universitaria,Mecánica,Avenida Autocentro,,20% de descuento,descuento,20%,lunes; martes; miércoles; jueves; viernes; sábado; domingo,,,Todos los días,Vigencia Desde el 09 de junio de 2026 hasta el 09 de junio de 2027,,,,https://www.universitaria.coop/assets_front/img/promos/bases-y-condiciones1783513098.pdf
85e94a978dc995a5,Coop. Universitaria,Mecánica,Avenida Autocentro,,Hasta 6 cuotas sin intereses,cuotas_sin_intereses,,lunes; martes; miércoles; jueves; viernes; sábado; domingo,,,Todos los días,Vigencia Desde el 09 de junio de 2026 hasta el 09 de junio de 2027,,,,https://www.universitaria.coop/assets_front/img/promos/bases-y-condiciones1783513098.pdf
ced9734c88a79287,Coop. Universitaria,Mecánica,GRUPO SAJA - BAJAJ,,10% de descuento en modelos participantes,descuento,10%,lunes; martes; miércoles; jueves; viernes; sábado; domingo,,,Todos los Días,Vigencia Desde el 08 de julio de 2026 hasta el 08 de julio de 2027,,,,https://www.universitaria.coop/assets_front/img/promos/1786111849.pdf
416b19539c4e2ff1,Coop. Universitaria,Mecánica,NEUMATEC,,10% de descuento,descuento,10%,lunes; martes; miércoles; jueves; viernes; sábado; domingo,,,Todos los días,Vigencia Desde el 01 de abril de 2026 hasta el 31 de diciembre de 2026,TOPE DE COMPRA DESCUENTO 10% de descuento en Todos los martes y N/A N/A todos los productos y miércoles servicios ofrecidos Hasta seis (6) cuotas sin Todos los días; Tope de descuento No aplica,,,https://www.universitaria.coop/assets_front/img/promos/bases-y-condiciones1781007551.pdf
0a64b8f4f3e4e702,Coop. Universitaria,Mecánica,SCORECAR,,10% de descuento todos los días,descuento,10%,lunes; martes; miércoles; jueves; viernes; sábado; domingo,,,todos los días,Vigencia Desde el 9 de diciembre de 2025 hasta el 9 de diciembre de 2026,TOPE DE DESCUENTO Descuento del 10% todos los días N/A N/A Beneficios LA EMPRESA otorgará a los socios de UNIVERSITARIA que realicen sus pagos a través de las Tarje; Tope de descuento No aplica,,,https://www.universitaria.coop/assets_front/img/promos/1770216818.pdf
cd577b8500bc08c9,Coop. Universitaria,Mecánica,Todo Cubierta,,5% de descuento en cubiertas,descuento,5%,lunes; martes; jueves,,,"Lunes, martes y jueves",Vigencia Desde el 01 de mayo de 2026 hasta el 01 de mayo de 2027,,,,https://www.universitaria.coop/assets_front/img/promos/bases-y-condiciones1783514643.pdf
c55510a162c68639,Coop. Universitaria,Mecánica,Todo Cubierta,,10% de descuento en cubiertas,descuento,10%,miércoles; viernes,,,Miércoles y viernes,Vigencia Desde el 01 de mayo de 2026 hasta el 01 de mayo de 2027,,,,https://www.universitaria.coop/assets_front/img/promos/bases-y-condiciones1783514643.pdf
37f6a5cdd7568271,Coop. Universitaria,Mecánica,Todo Cubierta,,"20% de descuento en alineación, balanceo y rotación",descuento,20%,lunes; martes; miércoles; jueves; viernes; sábado; domingo,,,Todos los días,Vigencia Desde el 01 de mayo de 2026 hasta el 01 de mayo de 2027,,,,https://www.universitaria.coop/assets_front/img/promos/bases-y-condiciones1783514643.pdf
43aceb6417dd766a,Coop. Universitaria,Mecánica,Todo Cubierta,,Hasta 6 cuotas sin intereses,cuotas_sin_intereses,,lunes; martes; miércoles; jueves; viernes; sábado; domingo,,,Todos los días,Vigencia Desde el 01 de mayo de 2026 hasta el 01 de mayo de 2027,,,,https://www.universitaria.coop/assets_front/img/promos/bases-y-condiciones1783514643.pdf
e4f5f2e12f77cb6b,Coop. Universitaria,Muebles,Materassi,,20% de descuento,descuento,20%,lunes; martes; miércoles; jueves; viernes; sábado; domingo,,,Todos los días,"Vigencia Desde el 14 de agosto de 2018 hasta el 14 de agosto de 2019, con renovación automática",TOPE DE DESCUENTO Descuento del 20% Todos los días; Tope de descuento No aplica,,,https://www.universitaria.coop/assets_front/img/promos/bases-y-condiciones1715108394.pdf
8e5536cb37d65145,Coop. Universitaria,Salud,ASISMED,,Hasta 10% de descuento,descuento,10%,lunes; martes; miércoles; jueves; viernes; sábado; domingo,,,Todos los días,"Vigencia Desde el 28 de abril de 2023 hasta el 28 de abril de de 2024, con renovación automática",TOPE DE DESCUENTO Descuentos hasta el 10% Todos los días N/A N/A Beneficios LA EMPRESA otorgará por única vez a los socios de UNIVERSITARIA que contraten un plan de; Tope de descuento No aplica,,,https://www.universitaria.coop/assets_front/img/promos/bases-y-condiciones1685129991.pdf
d15627c780c43012,Coop. Universitaria,Salud,CLIO COBERTURA ODONTOLÓGICA,,15% de descuento,descuento,15%,lunes; martes; miércoles; jueves; viernes; sábado; domingo,,,Todos los días,Vigencia Desde el 27 de octubre de 2025 hasta el 27 de octubre de 2026,TOPE DE DESCUENTO Descuento del 15% Todos los días N/A N/A Beneficios LA EMPRESA otorgará a los socios de UNIVERSITARIA que realicen sus pagos a través de las Tarje; Tope de descuento No aplica,,,https://www.universitaria.coop/assets_front/img/promos/bases-y-condiciones1762455671.pdf
d79e933638951d44,Coop. Universitaria,Salud,Clinica ELGUE,,Hasta 40% de descuento en odontología,descuento,40%,lunes; martes; miércoles; jueves; viernes; sábado; domingo,,,Todos los Días,"Vigencia Desde el 03 de agosto de 2026, con renovación automática",,,,https://www.universitaria.coop/assets_front/img/promos/bases-y-condiciones1786390000.pdf
9fba332d169cda8c,Coop. Universitaria,Salud,MediCoop Laboratorio | Caacupé,,15% de descuento en análisis clínicos,descuento,15%,lunes; martes; miércoles; jueves; viernes; sábado; domingo,,,Todos los días,Vigencia Desde el 09 de junio de 2026 hasta el 09 de junio de 2027,,,,https://www.universitaria.coop/assets_front/img/promos/bases-y-condiciones1783600286.pdf
807baf908608b744,Coop. Universitaria,Salud,OAMI Medicina Pre-Paga,,10% de descuento en planes para nuevos ingresantes,descuento,10%,lunes; martes; miércoles; jueves; viernes; sábado; domingo,,,Todos los días,"Vigencia Desde el 26 de febrero de 2025, con renovación automática",,,,https://www.universitaria.coop/assets_front/img/promos/bases-y-condiciones1773837106.pdf
6d3e46f1399d07fb,Coop. Universitaria,Salud,SANTA CLARA,,10% de descuento en planes nuevos con débito automático,descuento,10%,lunes; martes; miércoles; jueves; viernes; sábado; domingo,,,Todos los Días,Vigencia Desde el 15 de junio de 2026 hasta el 15 de junio de 2027,,,,https://www.universitaria.coop/assets_front/img/promos/bases-y-condiciones1784804823.pdf
9ed9fdd68e338b51,Coop. Universitaria,Salud,Servicio Médico Migone,,10% de Descuento,descuento,10%,lunes; martes; miércoles; jueves; viernes; sábado; domingo,,,Todos los días,"Vigencia Desde el 14 de agosto de 2024 hasta el 14 de agosto de 2026, con renovación automática",TOPE DE DESCUENTO Descuento del 10% Todos los días N/A N/A mensual en los planes médicos Beneficios LA EMPRESA otorgará a los socios de UNIVERSITARIA que realicen s; Tope de descuento No aplica,,,https://www.universitaria.coop/assets_front/img/promos/bases-y-condiciones1755780512.pdf
86cf4f8a53d556f0,Coop. Universitaria,Servicios,CUSAT,,25% de descuento,descuento,25%,lunes; martes; miércoles; jueves; viernes; sábado; domingo,,,Todos los días,"Vigencia Desde el 8 de marzo de 2019, con renovación automática",TOPE DE DESCUENTO Descuento del 25% Todos los días; Tope de descuento No aplica,,,https://www.universitaria.coop/assets_front/img/promos/bases-y-condiciones1719603366.pdf
52018510cede8419,Coop. Universitaria,Servicios,DG Control y Servicios | Control de Plagas,,25% de descuento,descuento,25%,lunes; martes; miércoles; jueves; viernes; sábado; domingo,,,Todos los días,"Vigencia Desde el 11 de febrero de 2020, con renovación automática",TOPE DE DESCUENTO Descuento del 25% Todos los días; Tope de descuento No aplica,,,https://www.universitaria.coop/assets_front/img/promos/bases-y-condiciones1700670082.pdf
efcaf801c0743ac5,Coop. Universitaria,Servicios,VETERINARIA PLANES PET,,DE HASTA 20% DE DESCUENTO,descuento,20%,lunes; martes; miércoles; jueves; viernes; sábado; domingo,,,Todos los días,Vigencia Desde el 05 de agosto de 2026 hasta el 05 de febrero de 2027,TOPE DE COMPRA DESCUENTO 1; Tope de descuento No aplica; Gs. 30.000; Gs. 100.000; Gs. 100.000.,,,https://www.universitaria.coop/assets_front/img/promos/1788800583.pdf
a4cb126df291bc4b,Coop. Universitaria,Supermercados,Archi - La Tienda Archi,,20% de reintegro con QR,reintegro,20%,viernes,,,Todos los Viernes,Vigencia Desde el 03 de abril de 2026 hasta el 30 de septiembre de 2026,Límite de compra mensual por cuenta: Gs. 1.000.000. Tope mensual de reintegro o descuento: Gs. 200.000.,,,https://www.universitaria.coop/assets_front/img/promos/bases-y-condiciones1783105002.pdf
d50ddf820c7d916d,Coop. Universitaria,Supermercados,Archi - La Tienda Archi,,10% de reintegro con tarjeta física,reintegro,10%,viernes,,,Todos los Viernes,Vigencia Desde el 03 de abril de 2026 hasta el 30 de septiembre de 2026,Límite de compra mensual por cuenta: Gs. 1.000.000. Tope mensual de reintegro o descuento: Gs. 100.000.,,,https://www.universitaria.coop/assets_front/img/promos/bases-y-condiciones1783105002.pdf
1e391bd7954e6736,Coop. Universitaria,Supermercados,Areté Supermercados,,25% de reintegro con QR,reintegro,25%,sábado,,,Todos los Sábados,Vigencia Desde el 18 de julio de 2026 hasta el 26 de setiembre de 2026,Límite de compra mensual por cuenta: Gs. 1.000.000. Tope mensual de reintegro o descuento: Gs. 250.000.,,,https://www.universitaria.coop/assets_front/img/promos/bases-y-condiciones1784034280.pdf
6793dd2c58bb787e,Coop. Universitaria,Supermercados,Areté Supermercados,,20% de reintegro con tarjeta física,reintegro,20%,sábado,,,Todos los Sábados,Vigencia Desde el 18 de julio de 2026 hasta el 26 de setiembre de 2026,Límite de compra mensual por cuenta: Gs. 1.000.000. Tope mensual de reintegro o descuento: Gs. 200.000.,,,https://www.universitaria.coop/assets_front/img/promos/bases-y-condiciones1784034280.pdf
2195b4c5dfaead4d,Coop. Universitaria,Supermercados,Casa Paraná,,20% de reintegro con QR,reintegro,20%,miércoles,,,Todos los Miércoles,Vigencia Desde el 01 de julio de 2026 hasta el 30 de septiembre de 2026,Límite de compra mensual por cuenta: Gs. 1.000.000. Tope mensual de reintegro o descuento: Gs. 200.000.,,,https://www.universitaria.coop/assets_front/img/promos/bases-y-condiciones1783100011.pdf
3381f7c413155eea,Coop. Universitaria,Supermercados,Casa Paraná,,15% de reintegro con tarjeta física,reintegro,15%,miércoles,,,Todos los Miércoles,Vigencia Desde el 01 de julio de 2026 hasta el 30 de septiembre de 2026,Límite de compra mensual por cuenta: Gs. 1.000.000. Tope mensual de reintegro o descuento: Gs. 150.000.,,,https://www.universitaria.coop/assets_front/img/promos/bases-y-condiciones1783100011.pdf
db04b8efab66184b,Coop. Universitaria,Supermercados,EL AHORRAZO,,20% de reintegro con QR,reintegro,20%,domingo,,,Todos los Domingos,Vigencia Desde el 05 de abril de 2026 hasta el 30 de setiembre de 2026,Límite de compra mensual por cuenta: Gs. 1.000.000. Tope mensual de reintegro o descuento: Gs. 200.000.,,,https://www.universitaria.coop/assets_front/img/promos/bases-y-condiciones1783095165.pdf
d7c27b98625e29e8,Coop. Universitaria,Supermercados,EL AHORRAZO,,15% de reintegro con tarjeta física,reintegro,15%,domingo,,,Todos los Domingos,Vigencia Desde el 05 de abril de 2026 hasta el 30 de setiembre de 2026,Límite de compra mensual por cuenta: Gs. 1.000.000. Tope mensual de reintegro o descuento: Gs. 150.000.,,,https://www.universitaria.coop/assets_front/img/promos/bases-y-condiciones1783095165.pdf
b1472da5eae7ee01,Coop. Universitaria,Supermercados,Hipermercado Luisito,,20% de reintegro con QR,reintegro,20%,lunes,,,Todos los lunes,Vigencia Desde el 06 de julio de 2026 hasta el 28 de septiembre de 2026,Límite de compra mensual por cuenta: Gs. 1.000.000. Tope mensual de reintegro o descuento: Gs. 200.000.,,,https://www.universitaria.coop/assets_front/img/promos/bases-y-condiciones1784737973.pdf
528b06fba461d960,Coop. Universitaria,Supermercados,Hipermercado Luisito,,10% de reintegro con tarjeta física,reintegro,10%,lunes,,,Todos los lunes,Vigencia Desde el 06 de julio de 2026 hasta el 28 de septiembre de 2026,Límite de compra mensual por cuenta: Gs. 1.000.000.,,,https://www.universitaria.coop/assets_front/img/promos/bases-y-condiciones1784737973.pdf
0147f2e4180c9543,Coop. Universitaria,Supermercados,REAL,,20% de reintegro con QR,reintegro,20%,lunes,,,Todos los Lunes,Vigencia Desde el 06 de julio de 2026 hasta el 28 de septiembre de 2026,Límite de compra mensual por cuenta: Gs. 1.000.000. Tope mensual de reintegro o descuento: Gs. 200.000.,,,https://www.universitaria.coop/assets_front/img/promos/bases-y-condiciones1783098561.pdf
1e854db832fe0ba3,Coop. Universitaria,Supermercados,REAL,,10% de reintegro con tarjeta física,reintegro,10%,lunes,,,Todos los Lunes,Vigencia Desde el 06 de julio de 2026 hasta el 28 de septiembre de 2026,Límite de compra mensual por cuenta: Gs. 1.000.000. Tope mensual de reintegro o descuento: Gs. 100.000.,,,https://www.universitaria.coop/assets_front/img/promos/bases-y-condiciones1783098561.pdf
ad9ce79119c520d5,Coop. Universitaria,Supermercados,S6 | STOCK | DELI MARKET,,25% de reintegro con QR,reintegro,25%,viernes,,,Todos los Viernes,Vigencia Desde el 17 de julio de 2026 hasta el 25 de setiembre de 2026,Límite de compra mensual por cuenta: Gs. 1.000.000. Tope mensual de reintegro o descuento: Gs. 250.000.,,,https://www.universitaria.coop/assets_front/img/promos/bases-y-condiciones1784029867.pdf
ce4dc2ec2cc40ea2,Coop. Universitaria,Supermercados,S6 | STOCK | DELI MARKET,,20% de reintegro con tarjeta física,reintegro,20%,viernes,,,Todos los Viernes,Vigencia Desde el 17 de julio de 2026 hasta el 25 de setiembre de 2026,Límite de compra mensual por cuenta: Gs. 1.000.000. Tope mensual de reintegro o descuento: Gs. 200.000.,,,https://www.universitaria.coop/assets_front/img/promos/bases-y-condiciones1784029867.pdf
0c1d7a7e866fedcf,Coop. Universitaria,Supermercados,SUPERMERCADO GÉMINIS,,20% de reintegro con QR,reintegro,20%,martes,,,Todos los martes,Vigencia Desde el 01 de septiembre 2026 hasta el 27 de octubre de 2026,Límite de compra mensual por cuenta: Gs. 1.000.000. Tope mensual de reintegro o descuento: Gs. 200.000.,,,https://www.universitaria.coop/assets_front/img/promos/bases-y-condiciones1788884198.pdf
b5e2a30b5a27e8fd,Coop. Universitaria,Supermercados,SUPERMERCADO GÉMINIS,,10% de reintegro con tarjeta física,reintegro,10%,martes,,,Todos los martes,Vigencia Desde el 01 de septiembre 2026 hasta el 27 de octubre de 2026,Límite de compra mensual por cuenta: Gs. 1.000.000. Tope mensual de reintegro o descuento: Gs. 100.000.,,,https://www.universitaria.coop/assets_front/img/promos/bases-y-condiciones1788884198.pdf
2cc6d03ba3d02717,Coop. Universitaria,Supermercados,Supermercado Metro,,20% de reintegro con QR,reintegro,20%,martes,,,Todos los Martes,Vigencia Desde el 07 de julio de 2026 hasta el 29 de setiembre de 2026,Límite de compra mensual por cuenta: Gs. 1.000.000. Tope mensual de reintegro o descuento: Gs. 200.000.,,,https://www.universitaria.coop/assets_front/img/promos/bases-y-condiciones1783099369.pdf
216bf4ed4c68b1f4,Coop. Universitaria,Supermercados,Supermercado Metro,,10% de reintegro con tarjeta física,reintegro,10%,martes,,,Todos los Martes,Vigencia Desde el 07 de julio de 2026 hasta el 29 de setiembre de 2026,Límite de compra mensual por cuenta: Gs. 1.000.000. Tope mensual de reintegro o descuento: Gs. 100.000.,,,https://www.universitaria.coop/assets_front/img/promos/bases-y-condiciones1783099369.pdf
bb223e07d399483c,Coop. Universitaria,Tiendas,Essen,,30% de descuento en combos promocionales,descuento,30%,lunes; martes; miércoles; jueves; viernes; sábado; domingo,,,Todos los días,Vigencia Desde el 01 de abril de 2026 hasta el 31 de diciembre de 2026,,,,https://www.universitaria.coop/assets_front/img/promos/bases-y-condiciones1778241507.pdf
349a41d6ac21d6cb,Coop. Universitaria,Tiendas,Essen,,Hasta 6 cuotas sin intereses,cuotas_sin_intereses,,lunes; martes; miércoles; jueves; viernes; sábado; domingo,,,Todos los días,Vigencia Desde el 01 de abril de 2026 hasta el 31 de diciembre de 2026,,,,https://www.universitaria.coop/assets_front/img/promos/bases-y-condiciones1778241507.pdf
5b64dcb33266eb58,Coop. Universitaria,Tiendas,Ferrex,,Hasta 6 cuotas sin intereses,cuotas_sin_intereses,,lunes; martes; miércoles; jueves; viernes; sábado; domingo,,,Todos los días,Vigencia Desde el 01 de abril de 2025 hasta el 31 de marzo de 2026,,,,https://www.universitaria.coop/assets_front/img/promos/bases-y-condiciones1748537145.pdf
342e4e67313a8a06,Coop. Universitaria,Varios,El Lector,,15% de descuento en programas participantes,descuento,15%,lunes; martes; miércoles; jueves; viernes; sábado; domingo,,,Todos los días,"Vigencia Desde el 23 de mayo de 2026 hasta el 31 de diciembre de 2026, Condiciones PROMOCIÓN FRECUENCIA LÍMITE DE COMPRA TOPE DE DESCUENTO Descuento del 15% Todos los días Gs",,,,https://www.universitaria.coop/assets_front/img/promos/bases-y-condiciones1779966737.pdf
e47f447989482173,Coop. Universitaria,Ópticas,JOSE A. CARRON,,30% de descuento en lentes oftalmológicos y anteojos de sol,descuento,30%,lunes; martes; miércoles; jueves; viernes; sábado; domingo,,,Todos los días,Vigencia Desde el 25 de febrero de 2019 hasta el 25 de febrero de 2020,,,,https://www.universitaria.coop/assets_front/img/promos/bases-y-condiciones1770649913.pdf
02f91ac5aecf7c9e,Coop. Universitaria,Ópticas,JOSE A. CARRON,,15% de descuento en lentes de contacto protésicos y anuales,descuento,15%,lunes; martes; miércoles; jueves; viernes; sábado; domingo,,,Todos los días,Vigencia Desde el 25 de febrero de 2019 hasta el 25 de febrero de 2020,,,,https://www.universitaria.coop/assets_front/img/promos/bases-y-condiciones1770649913.pdf
debaa0fd59aa11b6,Coop. Universitaria,Ópticas,JOSE A. CARRON,,5% de descuento en lentes de contacto descartables,descuento,5%,lunes; martes; miércoles; jueves; viernes; sábado; domingo,,,Todos los días,Vigencia Desde el 25 de febrero de 2019 hasta el 25 de febrero de 2020,,,,https://www.universitaria.coop/assets_front/img/promos/bases-y-condiciones1770649913.pdf
9bcdb4df83ebbbc2,Coop. Universitaria,Ópticas,Meister,,15% de descuento,descuento,15%,lunes; martes; miércoles; jueves; viernes; sábado; domingo,,,Todos los días,"Vigencia Desde el 04 de junio de 2018 hasta el 04 de junio de 2019, con renovación automática","TOPE DE DESCUENTO Descuento del 15% Todos los días N/A N/A Beneficios 15% de descuento, todos los días, sobre todos los productos ofrecidos; Tope de descuento No aplica",,,https://www.universitaria.coop/assets_front/img/promos/bases-y-condiciones1687871721.pdf
0c37f223ec4ad41c,Coop. Universitaria,Ópticas,ÓPTICA B&E - CDE,,10% de descuento en armazones y cristales,descuento,10%,lunes; martes; miércoles; jueves; viernes; sábado; domingo,,,Todos los días,"Vigencia Desde 02 de octubre de 2019, con renovación automática",,,,https://www.universitaria.coop/assets_front/img/promos/1752158977.pdf
95390f356dd79c46,Coop. Universitaria,Ópticas,ÓPTICA CARRON,,20% de descuento en armazones con cristales o armazones de sol,descuento,20%,lunes; martes; miércoles; jueves; viernes; sábado; domingo,,,Todos los días,Vigencia Desde el 21 de octubre de 2025 hasta el 21 de octubre de 2026,,,,https://www.universitaria.coop/assets_front/img/promos/bases-y-condiciones1761940310.pdf
51e6f028ea439773,Coop. Universitaria,Ópticas,ÓPTICA CARRON,,15% de descuento en cristales solamente,descuento,15%,lunes; martes; miércoles; jueves; viernes; sábado; domingo,,,Todos los días,Vigencia Desde el 21 de octubre de 2025 hasta el 21 de octubre de 2026,,,,https://www.universitaria.coop/assets_front/img/promos/bases-y-condiciones1761940310.pdf
a94955b8147b2270,Coop. Universitaria,Ópticas,ÓPTICA VISIÓN,,20% de descuento en anteojos ópticos,descuento,20%,lunes; martes; miércoles; jueves; viernes; sábado; domingo,,,Todos los Días,Vigencia Desde el 14 de abril de 2026 hasta el 14 de abril de 2027,,,,https://www.universitaria.coop/assets_front/img/promos/1786456992.pdf
0f4e15bb82183350,Coop. Universitaria,Ópticas,ÓPTICA VISIÓN,,15% de descuento en lentes de contacto,descuento,15%,lunes; martes; miércoles; jueves; viernes; sábado; domingo,,,Todos los Días,Vigencia Desde el 14 de abril de 2026 hasta el 14 de abril de 2027,,,,https://www.universitaria.coop/assets_front/img/promos/1786456992.pdf
ecffcd4fe3be568e,Coop. Universitaria,Ópticas,ÓPTICA VISIÓN,,15% de descuento en monturas solares,descuento,15%,lunes; martes; miércoles; jueves; viernes; sábado; domingo,,,Todos los Días,Vigencia Desde el 14 de abril de 2026 hasta el 14 de abril de 2027,,,,https://www.universitaria.coop/assets_front/img/promos/1786456992.pdf
e107825d46513f1c,Coop. Universitaria,Ópticas,ÓPTICA jNESSI,,15% de descuento en armazones y lentes de sol,descuento,15%,lunes; martes; miércoles; jueves; viernes; sábado; domingo,,,todos los días,Vigencia Desde el 20 de noviembre de 2025 hasta el 20 de noviembre de 2026,,,,https://www.universitaria.coop/assets_front/img/promos/bases-y-condiciones1786454633.pdf
924ba0241cdcd5e5,Coop. Universitaria,Ópticas,ÓPTICA jNESSI,,5% de descuento en cristales,descuento,5%,lunes; martes; miércoles; jueves; viernes; sábado; domingo,,,todos los días,Vigencia Desde el 20 de noviembre de 2025 hasta el 20 de noviembre de 2026,,,,https://www.universitaria.coop/assets_front/img/promos/bases-y-condiciones1786454633.pdf
f61885e2591feede,Coop. Universitaria,Ópticas,Óptica Luce,,30% de descuento en artículos ópticos,descuento,30%,lunes; martes; miércoles; jueves; viernes; sábado; domingo,,,Todos los Días,Vigencia Desde el 23 de marzo de 2026 hasta el 23 de septiembre de 2026 Condiciones PROMOCIÓN FRECUENCIA LÍMITE DE COMPRA TOPE DE DESCUENTO Descuento del 30% Todos los días N/A N/A en todo,,,,https://www.universitaria.coop/assets_front/img/promos/bases-y-condiciones1776972720.pdf
167e3b6017cb242e,Familiar,Combustible,COPETROL,COPETROL,"Los clientes de EL BANCO con sus tarjetas de crédito Visa o MasterCard Oro/Gold, Visa o Mastercard Clásica, Positiva Visa, Positiva Bancardcheck y Visa Platinum, que realicen compras en cualquiera de las sucursales de El COMERCIO listadas más abajo recibirán 20% de reintegro en el extracto",reintegro,20%,martes,,,los días martes,Desde 2026-01-06 hasta 2026-12-29,Límite de compra mensual por tarjeta Gs. 600.000 para las tarjetas de crédito Visa Platinum y 400,,,https://www.familiar.com.py/pdfs/promocionesybeneficios-copetrol-bases-y-condiciones
b81818eeb894d825,Familiar,Combustible,PETROMAX KOKUE POTY,PETROMAX KOKUE POTY,20% de reintegro,reintegro,20%,martes,,,los días martes,Desde 2026-01-06 hasta 2026-12-29,Límite de compra mensual por tarjeta Gs. 600.000 (Seiscientos mil),,,https://www.familiar.com.py/pdfs/promocionesybeneficios-petromax-kokue-poty-bases-y-condiciones
286c07f280e4f339,Familiar,Especiales,BRISTOL - TODOS LOS DEPARTAMENTOS,BRISTOL - TODOS LOS DEPARTAMENTOS,con tarjetas de crédito hasta en 12 cuotas sin intereses,cuotas_sin_intereses,,lunes; martes; miércoles; jueves; viernes; sábado; domingo,,,todos los días,Desde 2026-01-02 hasta 2026-12-31,,,,https://www.familiar.com.py/pdfs/promocionesybeneficios-bristol---todos-los-departamentos-bases-y-condiciones
8bd1bb8e67e67014,Familiar,Especiales,CAMPING TACUARA,CAMPING TACUARA,"Con sus tarjetas de crédito Visa o Mastercard Clásica, Positiva Visa y Positiva Bancardcheck podrán fraccionar sus compras hasta en 12 cuotas sin intereses, todos los días; Con sus tarjetas de crédito Visa o MasterCard Oro/Gold, y Visa Platinum podrán fraccionar sus compras hasta en 24 cuotas sin intereses, todos los días",cuotas_sin_intereses,,lunes; martes; miércoles; jueves; viernes; sábado; domingo,,,todos los días,Desde 2026-01-01 hasta 2026-12-31,,,,https://www.familiar.com.py/pdfs/promocionesybeneficios-camping-tacuara-bases-y-condiciones
666b5919fae76605,Familiar,Especiales,CINEMARK,CINEMARK,"Por las compras realizadas con las tarjetas de crédito de Banco Familiar mencionadas en el punto 1, los jueves, en los comercios aliados listados más abajo, EL CLIENTE obtendrá 50% (Cincuenta) de descuento en el extracto",descuento,50%,jueves,,,todos los jueves,Desde 2026-01-01 hasta 2026-12-31,,,,https://www.familiar.com.py/pdfs/promocionesybeneficios-cinemark-bases-y-condiciones
2e648746e1c091ac,Familiar,Especiales,CONCEPCION PALACE,CONCEPCION PALACE,"Con sus tarjetas de crédito Visa o Mastercard Clásica, Positiva Visa y Positiva Bancardcheck podrán fraccionar sus compras hasta en 12 cuotas sin intereses, todos los días; Con sus tarjetas de crédito Visa o MasterCard Oro/Gold, y Visa Platinum podrán fraccionar sus compras hasta en 24 cuotas sin intereses, todos los días",cuotas_sin_intereses,,lunes; martes; miércoles; jueves; viernes; sábado; domingo,,,todos los días,Desde 2026-01-02 hasta 2026-12-31,,,,https://www.familiar.com.py/pdfs/promocionesybeneficios-concepcion-palace-bases-y-condiciones
bcc249eef8832991,Familiar,Especiales,PAGOPAR,PAGOPAR,hasta en 12 cuotas sin intereses,cuotas_sin_intereses,,lunes; martes; miércoles; jueves; viernes; sábado; domingo,,,todos los días,Desde 2026-01-01 hasta 2026-12-31,,,,https://www.familiar.com.py/pdfs/promociones-y-beneficios-pagopar-bases-y-condiciones-2026
9b81af8d0f4f0246,Familiar,Especiales,PALMAROGA,PALMAROGA,"Con sus tarjetas de crédito Visa o Mastercard Clásica, Positiva Visa y Positiva Bancardcheck podrán fraccionar sus compras hasta en 12 cuotas sin intereses, todos los días; Con sus tarjetas de crédito Visa o MasterCard Oro/Gold, y Visa Platinum podrán fraccionar sus compras hasta en 24 cuotas sin intereses, todos los días",cuotas_sin_intereses,,lunes; martes; miércoles; jueves; viernes; sábado; domingo,,,todos los días,Desde 2026-01-02 hasta 2026-12-31,,,,https://www.familiar.com.py/pdfs/promocionesybeneficios-palmaroga-bases-y-condiciones
a628f30e6fa5f9a5,Familiar,Especiales,PANDOLFO,PANDOLFO,"20% de reintegro en el extracto; Con sus tarjetas de crédito Visa o Mastercard Clásica, Positiva Visa y Positiva Bancardcheck podrán fraccionar sus compras hasta en 12 cuotas sin intereses, todos los días; Con sus tarjetas de crédito Visa o MasterCard Oro/Gold, y Visa Platinum podrán fraccionar sus compras hasta en 24 cuotas sin intereses, todos los días",reintegro,20%,viernes,,-1:viernes,el último viernes de cada mes,Desde 2026-01-30 hasta 2026-12-31,"tope máximo de compra mensual por cuenta de tarjeta de crédito es de Gs. 2.000.000 Los clientes de EL BANCO tendrán la variedad de mecánica promocional conforme al tipo de tarjeta de crédito con la cual realicen la compra: Con sus tarjetas de crédito Visa o Mastercard Clásica, Positiva Visa y Positiva Bancardcheck podrán fraccionar sus compras hasta en 12 cuotas sin intereses, todos los días",,,https://www.familiar.com.py/pdfs/promociones-y-beneficios-pandolfo
c6c84521f7d71e69,Familiar,Especiales,PANDOLFO PREMIUM,PANDOLFO PREMIUM,"20% de reintegro en el extracto; Con sus tarjetas de crédito Visa o Mastercard Clásica, Positiva Visa y Positiva Bancardcheck podrán fraccionar sus compras hasta en 12 cuotas sin intereses, todos los días; Con sus tarjetas de crédito Visa o MasterCard Oro/Gold, y Visa Platinum podrán fraccionar sus compras hasta en 24 cuotas sin intereses, todos los días",reintegro,20%,viernes,,-1:viernes,el último viernes de cada mes,Desde 2026-01-30 hasta 2026-12-31,"tope máximo de compra mensual por cuenta de tarjeta de crédito es de Gs. 2.000.000 Los clientes de EL BANCO tendrán la variedad de mecánica promocional conforme al tipo de tarjeta de crédito con la cual realicen la compra: Con sus tarjetas de crédito Visa o Mastercard Clásica, Positiva Visa y Positiva Bancardcheck podrán fraccionar sus compras hasta en 12 cuotas sin intereses, todos los días",,,https://www.familiar.com.py/pdfs/promociones-y-beneficios-pandolfo-premium
dc775895f64831c6,Familiar,Especiales,PILAR-SHOPPING MARISCAL,PILAR-SHOPPING MARISCAL,"Tarjetas Oro y Clásicas: 20% de reintegro en el extracto + 5% adicional pagando con QR desde la aplicación de Banco Familiar, además hasta 10 cuotas sin intereses; Tarjetas Platinum: 25% de reintegro en el extracto + 5% adicional pagando con QR desde la aplicación de Banco Familiar, además hasta 10 cuotas sin intereses",reintegro,20%; 5%; 25%,martes,,1:martes,el primer martes de cada mes,Desde 2026-04-07 hasta 2026-12-01,"Límite de compra por tarjeta, por mes: Gs. 10.000.000.  Tarjetas Platinum: 25% de reintegro en el extracto + 5% adicional pagando con QR desde la aplicación de Banco Familiar, además hasta 10 cuotas sin intereses; Límite de compra por tarjeta, por mes: Gs. 10.000.000. Beneficios aplican únicamente a pagos realizados a través de la red Bancard/Infonet",,,https://www.familiar.com.py/pdfs/promocionesybeneficios-martes-mariscal
4a2153877ed19785,Familiar,Especiales,UNIVERSIDAD AMERICANA,UNIVERSIDAD AMERICANA,"10% de descuento directo en caja pagando con las siguientes condiciones:; Advance (ADV), Academia Judicial Americana (AJA) Y Wizard: pago contado de todos los programas (aplica a todos los programas de estos productos) También podrá fraccionar sus compras en hasta 12 cuotas sin intereses, todos los días",descuento,10%,lunes; martes; miércoles; jueves; viernes; sábado; domingo,,,todos los días,Desde 2026-01-01 hasta 2026-09-30,,,,https://www.familiar.com.py/pdfs/promocionesybeneficios-universidad-americana-bases-y-condiciones
776b3875d061628c,Familiar,Farmacias,ALLURE,ALLURE,con tarjetas de crédito hasta en 12 (doce) cuotas sin intereses,cuotas_sin_intereses,,lunes; martes; miércoles; jueves; viernes; sábado; domingo,,,todos los días,Desde 2026-01-01 hasta 2026-12-31,,,,https://www.familiar.com.py/pdfs/promocionesybeneficios-allure-bases-y-condiciones
8949ad5d8ef23e29,Familiar,Farmacias,CENTRO OPTICO SANTANI,CENTRO OPTICO SANTANI,con tarjetas de crédito hasta en 12 cuotas sin intereses,cuotas_sin_intereses,,lunes; martes; miércoles; jueves; viernes; sábado; domingo,,,todos los días,Desde 2026-01-01 hasta 2026-12-31,,,,https://www.familiar.com.py/pdfs/promocionesybeneficios-centro-optico-santani-bases-y-condiciones
895f1a2119de8bda,Familiar,Farmacias,FARMACIA CATEDRAL-SHOPPING MARIANO,FARMACIA CATEDRAL-SHOPPING MARIANO,"Tarjetas Oro y Clásicas: 20% de reintegro en el extracto + 5% adicional pagando con QR desde la aplicación de Banco Familiar, además hasta 10 cuotas sin intereses; Tarjetas Platinum: 25% de reintegro en el extracto + 5% adicional pagando con QR desde la aplicación de Banco Familiar, además hasta 10 cuotas sin intereses",reintegro,20%; 5%; 25%,jueves,,1:jueves,el primer jueves de cada mes,Desde 2026-04-09 hasta 2026-12-03,"Límite de compra por tarjeta, por mes: Gs. 10.000.000.  Tarjetas Platinum: 25% de reintegro en el extracto + 5% adicional pagando con QR desde la aplicación de Banco Familiar, además hasta 10 cuotas sin intereses; Límite de compra por tarjeta, por mes: Gs. 10.000.000. Beneficios aplican únicamente a pagos realizados a través de la red Bancard/Infonet",,,https://www.familiar.com.py/pdfs/promocionesybeneficios-jueves-de-mariano
38ed777432bb54b4,Familiar,Farmacias,FARMACIA ZULMI,FARMACIA ZULMI,"20% de descuento directo en caja y 20% de reintegro directo en el extracto, los días de la promoción, además podrá fraccionar su compra hasta en 12 cuotas sin intereses",reintegro,20%,lunes,,,todos los lunes,Desde 2026-02-16 hasta 2026-12-28,Tope de compra por tarjeta Gs. 1.000.000. No acumulable con otras promociones,,,https://www.familiar.com.py/pdfs/promocionesybeneficios-farma-zulmi
e451afabc69313aa,Familiar,Farmacias,FARMACITY-PLAZA NORTE,FARMACITY-PLAZA NORTE,"Tarjetas Oro y Clásicas: 20% de reintegro en el extracto + 5% adicional pagando con QR desde la aplicación de Banco Familiar, además hasta 10 cuotas sin intereses; Tarjetas Platinum: 25% de reintegro en el extracto + 5% adicional pagando con QR desde la aplicación de Banco Familiar, además hasta 10 cuotas sin intereses",reintegro,20%; 5%; 25%,martes,,1:martes,el primer martes de cada mes,Desde 2026-04-07 hasta 2026-12-01,"Límite de compra por tarjeta, por mes: Gs. 10.000.000.  Tarjetas Platinum: 25% de reintegro en el extracto + 5% adicional pagando con QR desde la aplicación de Banco Familiar, además hasta 10 cuotas sin intereses; Límite de compra por tarjeta, por mes: Gs. 10.000.000. *Beneficios aplican únicamente a pagos realizados a través de la red Bancard/Infonet",,,https://www.familiar.com.py/pdfs/promocionesybeneficios-martes-plaza-norte
fb1d8d0c58c39afb,Familiar,Farmacias,FARMATITU,FARMATITU,15% de reintegro en el extracto; Hasta 20% de descuento directo en caja para productos medicinales; Hasta 35% de descuento directo en caja para productos no medicinales seleccionados; Hasta 10 cuotas sin intereses,reintegro,15%; 20%; 35%,lunes,,,todos los lunes,Desde 2026-07-06 hasta 2026-12-28,"Límite de compra Gs. 4.000.000, por tarjeta, por mes",,,https://www.familiar.com.py/pdfs/promocionesybeneficios-farmatitu
45f0991d0facb190,Familiar,Farmacias,FARMATOTAL,FARMATOTAL,"20% de descuento en caja + 15% de reintegro en el extracto, en productos no medicinales; 15% de descuento en caja + 15% de reintegro en el extracto, en medicamentos; También podrán fraccionar sus compras en hasta 10 cuotas sin intereses",reintegro,20%; 15%,lunes,,,todos los lunes,Desde 2026-01-05 hasta 2026-12-28,,,,https://www.familiar.com.py/pdfs/promocionesybeneficios-farmatotal-bases-y-condiciones
97779e20e8becbb6,Familiar,Farmacias,OPTICA CARRON,OPTICA CARRON,con tarjetas de crédito hasta en 12 (doce) cuotas sin intereses,cuotas_sin_intereses,,lunes; martes; miércoles; jueves; viernes; sábado; domingo,,,todos los días,Desde 2026-01-01 hasta 2026-12-31,,,,https://www.familiar.com.py/pdfs/promocionesybeneficios-optica-carron-bases-y-condiciones
29b0a1733cc18e0c,Familiar,Farmacias,OPTICA SANTA LUCIA,OPTICA SANTA LUCIA,"20% de descuento en caja + 20% de reintegro en el extracto, en Anteojos de receta y sol, lentes orgánicos; 15% de descuento en caja + 20% de reintegro en el extracto, en Lentes de contacto; También podrán fraccionar sus compras en hasta 24 cuotas sin intereses con TC platinum y oro y hasta 12 cuotas sin intereses con TC Clásica",reintegro,20%; 15%,miércoles,,,todos los miercoles,Desde 2026-06-24 hasta 2026-12-30,"Límite de compra Gs. 1.000.000, por tarjeta, por mes",,,https://www.familiar.com.py/pdfs/promocionesybeneficios-optica-santa-lucia
9ce94311de0a0296,Familiar,Gastronomía,AKIRA SUSHI,AKIRA SUSHI,"Con sus tarjetas de crédito Visa Platinum EL CLIENTE obtendrá 25% de reintegro en el extracto; Con sus tarjetas de crédito Visa o Mastercard Oro/Gold, Visa o Mastercard Clásica, Positiva Visa y Positiva Bancardcheck EL CLIENTE obtendrá 20% de reintegro en el extracto",reintegro,25%; 20%,sábado; domingo,,,todos los sabados y domingos,Desde 2026-04-04 hasta 2026-12-27,Límite de compra Gs. 800.000 mensual por tarjeta; Límite de compra Gs. 600.000 mensual por tarjeta,,,https://www.familiar.com.py/pdfs/promocionesybeneficios-akira-sushi-bases-y-condiciones
a5e89fc918b0a877,Familiar,Gastronomía,ALTA GRACIA,ALTA GRACIA,"Con sus tarjetas de crédito Visa o Mastercard Clásica, Positiva Visa y Positiva Bancardcheck podrán fraccionar sus compras hasta en 12 cuotas sin intereses, todos los días; Con sus tarjetas de crédito Visa o MasterCard Oro/Gold, y Visa Platinum podrán fraccionar sus compras hasta en 24 cuotas sin intereses, todos los días",cuotas_sin_intereses,,lunes; martes; miércoles; jueves; viernes; sábado; domingo,,,todos los días,Desde 2026-01-06 hasta 2026-12-31,,,,https://www.familiar.com.py/pdfs/promocionesybeneficios-alta-gracia-bases-y-condiciones
a5e6b745144d695f,Familiar,Gastronomía,BAR SAN MIGUEL,BAR SAN MIGUEL,"Con sus tarjetas de crédito Visa Platinum EL CLIENTE obtendrá 30% de reintegro en el extracto; Con sus tarjetas de crédito Visa o Mastercard Oro/Gold, Visa o Mastercard Clásica, Positiva Visa y Positiva Bancardcheck EL CLIENTE obtendrá 20% de reintegro en el extracto",reintegro,30%; 20%,jueves; viernes; sábado; domingo,,,de jueves a domingos,Desde 2026-07-16 hasta 2026-12-31,Límite de compra Gs. 800.000 mensual por tarjeta; Límite de compra Gs. 600.000 mensual por tarjeta,,,https://www.familiar.com.py/pdfs/promocionesybeneficios-bar-san-miguel
bf5dd6abd3b949dd,Familiar,Gastronomía,BISTRO DEL CENTRO,BISTRO DEL CENTRO,"Con sus tarjetas de crédito Visa Platinum EL CLIENTE obtendrá 25% de reintegro en el extracto; Con sus tarjetas de crédito Visa o Mastercard Oro/Gold, Visa o Mastercard Clásica, Positiva Visa y Positiva Bancardcheck EL CLIENTE obtendrá 20% de reintegro en el extracto",reintegro,25%; 20%,sábado; domingo,,,todos los sabados y domingos,Desde 2026-04-04 hasta 2026-12-27,Límite de compra Gs. 2.000.000 mensual por tarjeta; Límite de compra Gs. 2.000.000 mensual por tarjeta,,,https://www.familiar.com.py/pdfs/promocionesybeneficios-bistro-del-centro-bases-y-condiciones
768e7d7ba849e3da,Familiar,Gastronomía,BISTRON,BISTRON,"Con sus tarjetas de crédito Visa Platinum EL CLIENTE obtendrá 30% de reintegro en el extracto; Con sus tarjetas de crédito Visa o Mastercard Oro/Gold, Visa o Mastercard Clásica, Positiva Visa y Positiva Bancardcheck EL CLIENTE obtendrá 20% de reintegro en el extracto",reintegro,30%; 20%,jueves; viernes; sábado; domingo,,,de jueves a domingo,Desde 2026-04-04 hasta 2026-12-27,Límite de compra Gs. 800.000 mensual por tarjeta; Límite de compra Gs. 600.000 mensual por tarjeta,,,https://www.familiar.com.py/pdfs/promocionesybeneficios-bistron-bases-y-condiciones
a82d7e9bb5084043,Familiar,Gastronomía,BUCCA PASTAS,BUCCA PASTAS,"Con sus tarjetas de crédito Visa Platinum EL CLIENTE obtendrá 25% de reintegro en el extracto; Con sus tarjetas de crédito Visa o Mastercard Oro/Gold, Visa o Mastercard Clásica, Positiva Visa y Positiva Bancardcheck EL CLIENTE obtendrá 20% de reintegro en el extracto",reintegro,25%; 20%,sábado; domingo,,,todos los sábados y domingos,Desde 2026-04-04 hasta 2026-12-27,Límite de compra Gs. 800.000 mensual por tarjeta; Límite de compra Gs. 600.000 mensual por tarjeta,,,https://www.familiar.com.py/pdfs/promocionesybeneficios-bucca-pastas-bases-y-condiciones
162e960447c7c5c3,Familiar,Gastronomía,BURGER KING,BURGER KING,Con sus tarjetas de crédito Visa Platinum EL CLIENTE obtendrá 25% de reintegro en el extracto; Con sus tarjetas de crédito Visa o Mastercard Oro/Gold y Visa o Mastercard Clásica EL CLIENTE obtendrá 20% de reintegro en el extracto,reintegro,25%; 20%,lunes; martes; miércoles; jueves; viernes,,,de lunes a viernes,Desde 2026-01-01 hasta 2026-12-31,Límite de compra Gs. 1.000.000 mensual por tarjeta; Límite de compra Gs. 1.000.000 mensual por tarjeta,,,https://www.familiar.com.py/pdfs/promocionesybeneficios-burger-king-bases-y-condiciones
be2bed8b937cc162,Familiar,Gastronomía,CAFETERAS,CAFETERAS,"Con sus tarjetas de crédito Visa Platinum EL CLIENTE obtendrá 25% de reintegro en el extracto; Con sus tarjetas de crédito Visa o Mastercard Oro/Gold, Visa o Mastercard Clásica, Positiva Visa y Positiva Bancardcheck EL CLIENTE obtendrá 20% de reintegro en el extracto",reintegro,25%; 20%,sábado; domingo,,,todos los sabados y domingos,Desde 2026-04-04 hasta 2026-12-27,Límite de compra Gs. 800.000 mensual por tarjeta; Límite de compra Gs. 600.000 mensual por tarjeta,,,https://www.familiar.com.py/pdfs/promocionesybeneficios-cafeteras-bases-y-condiciones
df165518086348a1,Familiar,Gastronomía,CAMBÁ,CAMBÁ,"Con sus tarjetas de crédito Visa Platinum EL CLIENTE obtendrá 25% de reintegro en el extracto; Con sus tarjetas de crédito Visa o Mastercard Oro/Gold, Visa o Mastercard Clásica, Positiva Visa y Positiva Bancardcheck EL CLIENTE obtendrá 20% de reintegro en el extracto",reintegro,25%; 20%,sábado; domingo,,,todos los sabados y domingos,Desde 2026-04-04 hasta 2026-12-27,Límite de compra Gs. 800.000 mensual por tarjeta; Límite de compra Gs. 600.000 mensual por tarjeta,,,https://www.familiar.com.py/pdfs/promocionesybeneficios-camba
b959a2a95fad3dfb,Familiar,Gastronomía,CAPITAO BAR KM 8,CAPITAO BAR KM 8,"Con sus tarjetas de crédito Visa Platinum EL CLIENTE obtendrá 25% de reintegro en el extracto; Con sus tarjetas de crédito Visa o Mastercard Oro/Gold, Visa o Mastercard Clásica, Positiva Visa y Positiva Bancardcheck EL CLIENTE obtendrá 20% de reintegro en el extracto",reintegro,25%; 20%,sábado; domingo,,,todos los sabados y domingos,Desde 2026-04-04 hasta 2026-12-27,Límite de compra Gs. 800.000 mensual por tarjeta; Límite de compra Gs. 600.000 mensual por tarjeta,,,https://www.familiar.com.py/pdfs/promocionesybeneficios-capitao-bar-km-8-bases-y-condiciones
93308de960d94b9e,Familiar,Gastronomía,CARACTER SAGRADO,CARACTER SAGRADO,"Con sus tarjetas de crédito Visa Platinum EL CLIENTE obtendrá 30% de reintegro en el extracto; Con sus tarjetas de crédito Visa o Mastercard Oro/Gold, Visa o Mastercard Clásica, Positiva Visa y Positiva Bancardcheck EL CLIENTE obtendrá 20% de reintegro en el extracto",reintegro,30%; 20%,jueves; viernes; sábado; domingo,,,de jueves a domingo,Desde 2026-07-16 hasta 2026-12-31,Límite de compra Gs. 800.000 mensual por tarjeta; Límite de compra Gs. 600.000 mensual por tarjeta,,,https://www.familiar.com.py/pdfs/promocionesybeneficios-caracter-sagrado-bases-y-condiciones
6b10affbf0547942,Familiar,Gastronomía,COLOSO,COLOSO,"Con sus tarjetas de crédito Visa Platinum EL CLIENTE obtendrá 25% de reintegro en el extracto; Con sus tarjetas de crédito Visa o Mastercard Oro/Gold, Visa o Mastercard Clásica, Positiva Visa y Positiva Bancardcheck EL CLIENTE obtendrá 20% de reintegro en el extracto",reintegro,25%; 20%,jueves; viernes; sábado; domingo,,,de jueves a domingos,Desde 2026-08-29 hasta 2026-12-27,Límite de compra Gs. 800.000 mensual por tarjeta; Límite de compra Gs. 600.000 mensual por tarjeta,,,https://www.familiar.com.py/pdfs/promocionesybeneficios-coloso
3ea653535715ced9,Familiar,Gastronomía,D'ALEPO COCINA,D'ALEPO COCINA,"Con sus tarjetas de crédito Visa Platinum EL CLIENTE obtendrá 30% de reintegro en el extracto; Con sus tarjetas de crédito Visa o Mastercard Oro/Gold, Visa o Mastercard Clásica, Positiva Visa y Positiva Bancardcheck EL CLIENTE obtendrá 20% de reintegro en el extracto",reintegro,30%; 20%,jueves; viernes; sábado; domingo,,,de jueves a domingo,Desde 2026-07-16 hasta 2026-12-31,Límite de compra Gs. 600.000 mensual por tarjeta; Límite de compra Gs. 800.000 mensual por tarjeta,,,https://www.familiar.com.py/pdfs/promocionesybeneficios-dalepo-cocina-bases-y-condiciones
e885223cc108afb4,Familiar,Gastronomía,DEL BOSQUE ROGA,DEL BOSQUE ROGA,"Con sus tarjetas de crédito Visa o Mastercard Clásica, Positiva Visa y Positiva Bancardcheck podrán fraccionar sus compras hasta en 12 cuotas sin intereses, todos los días; Con sus tarjetas de crédito Visa o MasterCard Oro/Gold, y Visa Platinum podrán fraccionar sus compras hasta en 24 cuotas sin intereses, todos los días",cuotas_sin_intereses,,lunes; martes; miércoles; jueves; viernes; sábado; domingo,,,todos los días,Desde 2026-01-02 hasta 2026-12-31,,,,https://www.familiar.com.py/pdfs/promocionesybeneficios-del-bosque-roga-bases-y-condiciones
8dc681b4edcc304a,Familiar,Gastronomía,DISTRITO BREWING CO,DISTRITO BREWING CO,"Con sus tarjetas de crédito Visa Platinum EL CLIENTE obtendrá 25% de reintegro en el extracto; Con sus tarjetas de crédito Visa o Mastercard Oro/Gold, Visa o Mastercard Clásica, Positiva Visa y Positiva Bancardcheck EL CLIENTE obtendrá 20% de reintegro en el extracto",reintegro,25%; 20%,sábado; domingo,,,todos los sabados y domingos,Desde 2026-04-04 hasta 2026-12-27,Límite de compra Gs. 800.000 mensual por tarjeta; Límite de compra Gs. 600.000 mensual por tarjeta,,,https://www.familiar.com.py/pdfs/promocionesybeneficios-distrito-brewing-co-bases-y-condiciones
beb829d775d3e855,Familiar,Gastronomía,DOÑA SUSANA,DOÑA SUSANA,"Con sus tarjetas de crédito Visa Platinum EL CLIENTE obtendrá 25% de reintegro en el extracto; Con sus tarjetas de crédito Visa o Mastercard Oro/Gold, Visa o Mastercard Clásica, Positiva Visa y Positiva Bancardcheck EL CLIENTE obtendrá 20% de reintegro en el extracto",reintegro,25%; 20%,sábado; domingo,,,todos los sábados y domingos,Desde 2026-04-04 hasta 2026-12-27,Límite de compra Gs. 800.000 mensual por tarjeta; Límite de compra Gs. 600.000 mensual por tarjeta,,,https://www.familiar.com.py/pdfs/promocionesybeneficios-dona-susana-bases-y-condiciones
4e447e7c69e3a6da,Familiar,Gastronomía,ED'S HOUSE,ED'S HOUSE,"Con sus tarjetas de crédito Visa Platinum EL CLIENTE obtendrá 25% de reintegro en el extracto; Con sus tarjetas de crédito Visa o Mastercard Oro/Gold, Visa o Mastercard Clásica, Positiva Visa y Positiva Bancardcheck EL CLIENTE obtendrá 20% de reintegro en el extracto",reintegro,25%; 20%,jueves; viernes,,,todos los jueves y viernes,Desde 2026-04-04 hasta 2026-12-27,Límite de compra Gs. 800.000 mensual por tarjeta; Límite de compra Gs. 600.000 mensual por tarjeta,,,https://www.familiar.com.py/pdfs/promocionesybeneficios-eds-house
10220a5c2c475083,Familiar,Gastronomía,EL GUATON,EL GUATON,"Con sus tarjetas de crédito Visa Platinum EL CLIENTE obtendrá 25% de reintegro en el extracto; Con sus tarjetas de crédito Visa o Mastercard Oro/Gold, Visa o Mastercard Clásica, Positiva Visa y Positiva Bancardcheck EL CLIENTE obtendrá 20% de reintegro en el extracto",reintegro,25%; 20%,jueves; viernes,,,todos los jueves y viernes,Desde 2026-04-02 hasta 2026-12-31,Límite de compra Gs. 800.000 mensual por tarjeta; Límite de compra Gs. 600.000 mensual por tarjeta,,,https://www.familiar.com.py/pdfs/promocionesybeneficios-el-guaton-bases-y-condiciones
ad38953ea5f3eb4b,Familiar,Gastronomía,EL HARINERO,EL HARINERO,"Con sus tarjetas de crédito Visa Platinum EL CLIENTE obtendrá 25% de reintegro en el extracto; Con sus tarjetas de crédito Visa o Mastercard Oro/Gold, Visa o Mastercard Clásica, Positiva Visa y Positiva Bancardcheck EL CLIENTE obtendrá 20% de reintegro en el extracto",reintegro,25%; 20%,sábado; domingo,,,todos los sábados y domingos,Desde 2026-04-04 hasta 2026-12-27,Límite de compra Gs. 800.000 mensual por tarjeta; Límite de compra Gs. 600.000 mensual por tarjeta,,,https://www.familiar.com.py/pdfs/promocionesybeneficios-el-harinero-bases-y-condiciones
f1243f8db37c262e,Familiar,Gastronomía,EL LEGADO,EL LEGADO,"Con sus tarjetas de crédito Visa Platinum EL CLIENTE obtendrá 30% de reintegro en el extracto; Con sus tarjetas de crédito Visa o Mastercard Oro/Gold, Visa o Mastercard Clásica, Positiva Visa y Positiva Bancardcheck EL CLIENTE obtendrá 20% de reintegro en el extracto",reintegro,30%; 20%,jueves; viernes; sábado; domingo,,,de jueves a domingos,Desde 2026-07-16 hasta 2026-12-31,Límite de compra Gs. 800.000 mensual por tarjeta; Límite de compra Gs. 600.000 mensual por tarjeta,,,https://www.familiar.com.py/pdfs/promocionesybeneficios-el-legado
15b38291c45fecd2,Familiar,Gastronomía,EL VIEJO MARINO,EL VIEJO MARINO,"Con sus tarjetas de crédito Visa Platinum EL CLIENTE obtendrá 30% de reintegro en el extracto; Con sus tarjetas de crédito Visa o Mastercard Oro/Gold, Visa o Mastercard Clásica, Positiva Visa y Positiva Bancardcheck EL CLIENTE obtendrá 20% de reintegro en el extracto",reintegro,30%; 20%,jueves; viernes; sábado; domingo,,,de jueves a domingo,Desde 2026-07-16 hasta 2026-12-31,Límite de compra Gs. 800.000 mensual por tarjeta; Límite de compra Gs. 600.000 mensual por tarjeta,,,https://www.familiar.com.py/pdfs/promocionesybeneficios-el-viejo-marino
a15baf85a0412127,Familiar,Gastronomía,GREEN PARK,GREEN PARK,"Con sus tarjetas de crédito Visa Platinum EL CLIENTE obtendrá 25% de reintegro en el extracto; Con sus tarjetas de crédito Visa o Mastercard Oro/Gold, Visa o Mastercard Clásica, Positiva Visa y Positiva Bancardcheck EL CLIENTE obtendrá 20% de reintegro en el extracto",reintegro,25%; 20%,sábado; domingo,,,todos los sabados y domingos,Desde 2026-04-04 hasta 2026-12-27,Límite de compra Gs. 800.000 mensual por tarjeta; Límite de compra Gs. 600.000 mensual por tarjeta,,,https://www.familiar.com.py/pdfs/promocionesybeneficios-green-park-bases-y-condiciones
583809da6b1d3c95,Familiar,Gastronomía,GUAY,GUAY,"Con sus tarjetas de crédito Visa Platinum EL CLIENTE obtendrá 25% de reintegro en el extracto; Con sus tarjetas de crédito Visa o Mastercard Oro/Gold, Visa o Mastercard Clásica, Positiva Visa y Positiva Bancardcheck EL CLIENTE obtendrá 20% de reintegro en el extracto",reintegro,25%; 20%,sábado; domingo,,,todos los sábados y domingos,Desde 2026-04-04 hasta 2026-12-27,Límite de compra Gs. 800.000 mensual por tarjeta; Límite de compra Gs. 600.000 mensual por tarjeta,,,https://www.familiar.com.py/pdfs/promocionesybeneficios-guay-bases-y-condiciones
d75a1a281de74375,Familiar,Gastronomía,HIROSHIMA,HIROSHIMA,"Con sus tarjetas de crédito Visa Platinum EL CLIENTE obtendrá 30% de reintegro en el extracto; Con sus tarjetas de crédito Visa o Mastercard Oro/Gold, Visa o Mastercard Clásica, Positiva Visa y Positiva Bancardcheck EL CLIENTE obtendrá 20% de reintegro en el extracto",reintegro,30%; 20%,jueves; viernes; sábado; domingo,,,de jueves a domingo,Desde 2026-04-04 hasta 2026-12-27,Límite de compra Gs. 800.000 mensual por tarjeta; Límite de compra Gs. 600.000 mensual por tarjeta,,,https://www.familiar.com.py/pdfs/promocionesybeneficios-hiroshima-bases-y-condiciones
491a96d9de9e8060,Familiar,Gastronomía,HONORIO BAR,HONORIO BAR,"Con sus tarjetas de crédito Visa Platinum EL CLIENTE obtendrá 25% de reintegro en el extracto; Con sus tarjetas de crédito Visa o Mastercard Oro/Gold, Visa o Mastercard Clásica, Positiva Visa y Positiva Bancardcheck EL CLIENTE obtendrá 20% de reintegro en el extracto",reintegro,25%; 20%,sábado; domingo,,,todos los sabados y domingos,Desde 2026-04-04 hasta 2026-12-27,Límite de compra Gs. 800.000 mensual por tarjeta; Límite de compra Gs. 600.000 mensual por tarjeta,,,https://www.familiar.com.py/pdfs/promocionesybeneficios-honorio-bar-bases-y-condiciones
1ad8ba99c74e406c,Familiar,Gastronomía,KIAGUS,KIAGUS,"Con sus tarjetas de crédito Visa Platinum EL CLIENTE obtendrá 25% de reintegro en el extracto; Con sus tarjetas de crédito Visa o Mastercard Oro/Gold, Visa o Mastercard Clásica, Positiva Visa y Positiva Bancardcheck EL CLIENTE obtendrá 20% de reintegro en el extracto",reintegro,25%; 20%,sábado; domingo,,,todos los sabados y domingos,Desde 2026-04-04 hasta 2026-12-27,Límite de compra Gs. 2.000.000 mensual por tarjeta; Límite de compra Gs. 2.000.000 mensual por tarjeta,,,https://www.familiar.com.py/pdfs/promocionesybeneficios-kiagus-bases-y-condiciones
b17cc4200ca9e38a,Familiar,Gastronomía,LA CAFEBRERÍA,LA CAFEBRERÍA,"Con sus tarjetas de crédito Visa Platinum EL CLIENTE obtendrá 25% de reintegro en el extracto; Con sus tarjetas de crédito Visa o Mastercard Oro/Gold, Visa o Mastercard Clásica, Positiva Visa y Positiva Bancardcheck EL CLIENTE obtendrá 20% de reintegro en el extracto",reintegro,25%; 20%,lunes; martes; miércoles; jueves; viernes; sábado; domingo,,,todos los dias,Desde 2026-04-01 hasta 2026-12-31,Límite de compra Gs. 2.000.000 mensual por tarjeta; Límite de compra Gs. 2.000.000 mensual por tarjeta,,,https://www.familiar.com.py/pdfs/promocionesybeneficios-la-cafebreria
ea8e9d53f5272746,Familiar,Gastronomía,LA CAROLINA CAFÉ BISTRO BAR,LA CAROLINA CAFÉ BISTRO BAR,"Con sus tarjetas de crédito Visa Platinum EL CLIENTE obtendrá 30% de reintegro en el extracto; Con sus tarjetas de crédito Visa o Mastercard Oro/Gold, Visa o Mastercard Clásica, Positiva Visa y Positiva Bancardcheck EL CLIENTE obtendrá 20% de reintegro en el extracto",reintegro,30%; 20%,jueves; viernes; sábado; domingo,,,de jueves a domingo,Desde 2026-04-04 hasta 2026-12-27,Límite de compra Gs. 800.000 mensual por tarjeta; Límite de compra Gs. 600.000 mensual por tarjeta,,,https://www.familiar.com.py/pdfs/promocionesybeneficios-la-carolina-cafe-bistro-bar-bases-y-condiciones
55a1debeebdbf6ad,Familiar,Gastronomía,LA FAENA,LA FAENA,"Con sus tarjetas de crédito Visa Platinum EL CLIENTE obtendrá 30% de reintegro en el extracto; Con sus tarjetas de crédito Visa o Mastercard Oro/Gold, Visa o Mastercard Clásica, Positiva Visa y Positiva Bancardcheck EL CLIENTE obtendrá 20% de reintegro en el extracto",reintegro,30%; 20%,jueves; viernes; sábado; domingo,,,de jueves a domingo,Desde 2026-07-16 hasta 2026-12-31,Límite de compra Gs. 800.000 mensual por tarjeta; Límite de compra Gs. 600.000 mensual por tarjeta,,,https://www.familiar.com.py/pdfs/promocionesybeneficios-la-faena-bases-y-condiciones
c5c736fd4fb11b39,Familiar,Gastronomía,LA HUERTA,LA HUERTA,"Con sus tarjetas de crédito Visa Platinum EL CLIENTE obtendrá 30% de reintegro en el extracto; Con sus tarjetas de crédito Visa o Mastercard Oro/Gold, Visa o Mastercard Clásica, Positiva Visa y Positiva Bancardcheck EL CLIENTE obtendrá 20% de reintegro en el extracto",reintegro,30%; 20%,jueves; viernes; sábado; domingo,,,de jueves a domingo,Desde 2026-07-16 hasta 2026-12-31,Límite de compra Gs. 800.000 mensual por tarjeta; Límite de compra Gs. 600.000 mensual por tarjeta,,,https://www.familiar.com.py/pdfs/promocionesybeneficios-la-huerta-bases-y-condiciones
728785eb33a1cc4e,Familiar,Gastronomía,LAS DELICIAS DEL SUR,LAS DELICIAS DEL SUR,"Con sus tarjetas de crédito Visa Platinum EL CLIENTE obtendrá 25% de reintegro en el extracto; Con sus tarjetas de crédito Visa o Mastercard Oro/Gold, Visa o Mastercard Clásica, Positiva Visa y Positiva Bancardcheck EL CLIENTE obtendrá 20% de reintegro en el extracto",reintegro,25%; 20%,sábado; domingo,,,todos los sábados y domingos,Desde 2026-04-04 hasta 2026-12-27,Límite de compra Gs. 800.000 mensual por tarjeta; Límite de compra Gs. 600.000 mensual por tarjeta,,,https://www.familiar.com.py/pdfs/promocionesybeneficios-las-delicias-del-sur-bases-y-condiciones
a14803dc2af7019b,Familiar,Gastronomía,LAS DOMA,LAS DOMA,20% de descuento en el extracto,descuento,20%,lunes; martes; miércoles; jueves; viernes,,,de lunes a viernes,Desde 2026-01-01 hasta 2026-12-31,Límite de compra Gs 10.000.000 por tarjeta mensual,,,https://www.familiar.com.py/pdfs/promocionesybeneficios-las-doma-bases-y-condiciones
412a64e4366383d5,Familiar,Gastronomía,LO DE CARRILLO RESTÓ & GRILL,LO DE CARRILLO RESTÓ & GRILL,"Con sus tarjetas de crédito Visa Platinum EL CLIENTE obtendrá 25% de reintegro en el extracto; Con sus tarjetas de crédito Visa o Mastercard Oro/Gold, Visa o Mastercard Clásica, Positiva Visa y Positiva Bancardcheck EL CLIENTE obtendrá 20% de reintegro en el extracto",reintegro,25%; 20%,sábado; domingo,,,todos los sábados y domingos,Desde 2026-04-04 hasta 2026-12-27,Límite de compra Gs. 2.000.000 mensual por tarjeta; Límite de compra Gs. 2.000.000 mensual por tarjeta,,,https://www.familiar.com.py/pdfs/promocionesybeneficios-lo-de-carrillo-resto---grill-bases-y-condiciones
b9eb5d1ba0e3b562,Familiar,Gastronomía,MAKO´S HELADERIA,MAKO´S HELADERIA,"Con sus tarjetas de crédito Visa Platinum EL CLIENTE obtendrá 25% de reintegro en el extracto; Con sus tarjetas de crédito Visa o Mastercard Oro/Gold, Visa o Mastercard Clásica, Positiva Visa y Positiva Bancardcheck EL CLIENTE obtendrá 20% de reintegro en el extracto",reintegro,25%; 20%,lunes; martes; miércoles; jueves; viernes; sábado; domingo,,,todos los días,Desde 2026-01-26 hasta 2026-12-31,Límite de compra Gs. 800.000 mensual por tarjeta; Límite de compra Gs. 600.000 mensual por tarjeta,,,https://www.familiar.com.py/pdfs/promocionesybeneficios-makos-heladeria
7baa1491a9608b5b,Familiar,Gastronomía,MANSIÓN IRIGOYEN,MANSIÓN IRIGOYEN,"Con sus tarjetas de crédito Visa Platinum EL CLIENTE obtendrá 30% de reintegro en el extracto; Con sus tarjetas de crédito Visa o Mastercard Oro/Gold, Visa o Mastercard Clásica, Positiva Visa y Positiva Bancardcheck EL CLIENTE obtendrá 20% de reintegro en el extracto",reintegro,30%; 20%,jueves; viernes; sábado; domingo,,,de jueves a domingo,Desde 2026-04-04 hasta 2026-12-27,Límite de compra Gs. 800.000 mensual por tarjeta; Límite de compra Gs. 600.000 mensual por tarjeta,,,https://www.familiar.com.py/pdfs/promocionesybeneficios-mansion-irigoyen-bases-y-condiciones
2c880695f5d4ca16,Familiar,Gastronomía,MARIMER,MARIMER,"Con sus tarjetas de crédito Visa Platinum EL CLIENTE obtendrá 25% de reintegro en el extracto; Con sus tarjetas de crédito Visa o Mastercard Oro/Gold, Visa o Mastercard Clásica, Positiva Visa y Positiva Bancardcheck EL CLIENTE obtendrá 20% de reintegro en el extracto",reintegro,25%; 20%,sábado; domingo,,,todos los sábados y domingos,Desde 2026-04-04 hasta 2026-12-27,Límite de compra Gs. 800.000 mensual por tarjeta; Límite de compra Gs. 600.000 mensual por tarjeta,,,https://www.familiar.com.py/pdfs/promocionesybeneficios-marimer-bases-y-condiciones
69fe6c54037d3a1c,Familiar,Gastronomía,MILORD,MILORD,"Con sus tarjetas de crédito Visa o Mastercard Clásica, Positiva Visa y Positiva Bancardcheck podrán fraccionar sus compras hasta en 12 cuotas sin intereses, todos los días; Con sus tarjetas de crédito Visa o MasterCard Oro/Gold, y Visa Platinum podrán fraccionar sus compras hasta en 24 cuotas sin intereses, todos los días",cuotas_sin_intereses,,lunes; martes; miércoles; jueves; viernes; sábado; domingo,,,todos los días,Desde 2026-01-02 hasta 2026-12-31,,,,https://www.familiar.com.py/pdfs/promocionesybeneficios-milord-bases-y-condiciones
8b68b799b37b11cb,Familiar,Gastronomía,MISTER KOMBI,MISTER KOMBI,"Con sus tarjetas de crédito Visa Platinum EL CLIENTE obtendrá 25% de reintegro en el extracto; Con sus tarjetas de crédito Visa o Mastercard Oro/Gold, Visa o Mastercard Clásica, Positiva Visa y Positiva Bancardcheck EL CLIENTE obtendrá 20% de reintegro en el extracto",reintegro,25%; 20%,sábado; domingo,,,todos los sábados y domingos,Desde 2026-04-04 hasta 2026-12-27,Límite de compra Gs. 800.000 mensual por tarjeta; Límite de compra Gs. 600.000 mensual por tarjeta,,,https://www.familiar.com.py/pdfs/promocionesybeneficios-mister-kombi-bases-y-condiciones
afcb531ab34aa4a1,Familiar,Gastronomía,MOSCONI POOL BAR,MOSCONI POOL BAR,"Con sus tarjetas de crédito Visa Platinum EL CLIENTE obtendrá 25% de reintegro en el extracto; Con sus tarjetas de crédito Visa o Mastercard Oro/Gold, Visa o Mastercard Clásica, Positiva Visa y Positiva Bancardcheck EL CLIENTE obtendrá 20% de reintegro en el extracto",reintegro,25%; 20%,jueves; viernes,,,todos los jueves y viernes,Desde 2026-04-02 hasta 2026-12-31,Límite de compra Gs. 800.000 mensual por tarjeta; Límite de compra Gs. 600.000 mensual por tarjeta,,,https://www.familiar.com.py/pdfs/promocionesybeneficios-mosconi-pool-bar-bases-y-condiciones
f5c176e01674b7c6,Familiar,Gastronomía,NUESTRO CAFECITO,NUESTRO CAFECITO,"Con sus tarjetas de crédito Visa Platinum EL CLIENTE obtendrá 25% de reintegro en el extracto; Con sus tarjetas de crédito Visa o Mastercard Oro/Gold, Visa o Mastercard Clásica, Positiva Visa y Positiva Bancardcheck EL CLIENTE obtendrá 20% de reintegro en el extracto",reintegro,25%; 20%,sábado; domingo,,,todos los sabados y domingos,Desde 2026-04-04 hasta 2026-12-27,Límite de compra Gs. 800.000 mensual por tarjeta; Límite de compra Gs. 600.000 mensual por tarjeta,,,https://www.familiar.com.py/pdfs/promocionesybeneficios-nuestro-cafecito-bases-y-condiciones
59201ce7d43b83ff,Familiar,Gastronomía,O REI DO AÇAÍ,O REI DO AÇAÍ,"Con sus tarjetas de crédito Visa Platinum EL CLIENTE obtendrá 25% de reintegro en el extracto; Con sus tarjetas de crédito Visa o Mastercard Oro/Gold, Visa o Mastercard Clásica, Positiva Visa y Positiva Bancardcheck EL CLIENTE obtendrá 20% de reintegro en el extracto",reintegro,25%; 20%,sábado; domingo,,,todos los sábados y domingos,Desde 2026-04-04 hasta 2026-12-27,Límite de compra Gs. 800.000 mensual por tarjeta; Límite de compra Gs. 600.000 mensual por tarjeta,,,https://www.familiar.com.py/pdfs/promocionesybeneficios-o-rei-do-acai-bases-y-condiciones
0d77700de1e5779a,Familiar,Gastronomía,PAN Y CIRCO,PAN Y CIRCO,"Con sus tarjetas de crédito Visa Platinum EL CLIENTE obtendrá 25% de reintegro en el extracto; Con sus tarjetas de crédito Visa o Mastercard Oro/Gold, Visa o Mastercard Clásica, Positiva Visa y Positiva Bancardcheck EL CLIENTE obtendrá 20% de reintegro en el extracto",reintegro,25%; 20%,sábado; domingo,,,todos los sabados y domingos,Desde 2026-04-04 hasta 2026-12-27,Límite de compra Gs. 800.000 mensual por tarjeta; Límite de compra Gs. 600.000 mensual por tarjeta,,,https://www.familiar.com.py/pdfs/promocionesybeneficios-pan-y-circo-bases-y-condiciones
3c1e447147c7b45f,Familiar,Gastronomía,PANCIA PIENA,PANCIA PIENA,"Con sus tarjetas de crédito Visa Platinum EL CLIENTE obtendrá 25% de reintegro en el extracto; Con sus tarjetas de crédito Visa o Mastercard Oro/Gold, Visa o Mastercard Clásica, Positiva Visa y Positiva Bancardcheck EL CLIENTE obtendrá 20% de reintegro en el extracto",reintegro,25%; 20%,sábado; domingo,,,todos los sabados y domingos,Desde 2026-04-04 hasta 2026-12-27,Límite de compra Gs. 800.000 mensual por tarjeta; Límite de compra Gs. 600.000 mensual por tarjeta,,,https://www.familiar.com.py/pdfs/promocionesybeneficios-pancia-piena-bases-y-condiciones
eb8d8f7ac398987e,Familiar,Gastronomía,PIRA SUSHI,PIRA SUSHI,"Con sus tarjetas de crédito Visa Platinum EL CLIENTE obtendrá 30% de reintegro en el extracto; Con sus tarjetas de crédito Visa o Mastercard Oro/Gold, Visa o Mastercard Clásica, Positiva Visa y Positiva Bancardcheck EL CLIENTE obtendrá 20% de reintegro en el extracto",reintegro,30%; 20%,jueves; viernes; sábado; domingo,,,de jueves a domingo,Desde 2026-07-16 hasta 2026-12-31,Límite de compra Gs. 800.000 mensual por tarjeta; Límite de compra Gs. 600.000 mensual por tarjeta,,,https://www.familiar.com.py/pdfs/promocionesybeneficios-pira-sushi-bases-y-condiciones
2dfa951ffce8040e,Familiar,Gastronomía,PIZZERIA GALAXIA,PIZZERIA GALAXIA,"Con sus tarjetas de crédito Visa Platinum EL CLIENTE obtendrá 25% de reintegro en el extracto; Con sus tarjetas de crédito Visa o Mastercard Oro/Gold, Visa o Mastercard Clásica, Positiva Visa y Positiva Bancardcheck EL CLIENTE obtendrá 20% de reintegro en el extracto",reintegro,25%; 20%,jueves; viernes,,,todos los jueves y viernes,Desde 2026-04-02 hasta 2026-12-31,Límite de compra Gs. 800.000 mensual por tarjeta; Límite de compra Gs. 600.000 mensual por tarjeta,,,https://www.familiar.com.py/pdfs/promocionesybeneficios-pizzeria-galaxia-bases-y-condiciones
fb43afa4000c1c3d,Familiar,Gastronomía,POPEYES,POPEYES,Con sus tarjetas de crédito Visa Platinum EL CLIENTE obtendrá 25% de reintegro en el extracto; Con sus tarjetas de crédito Visa o Mastercard Oro/Gold y Visa o Mastercard Clásica EL CLIENTE obtendrá 20% de reintegro en el extracto,reintegro,25%; 20%,lunes; martes; miércoles; jueves; viernes,,,de lunes a viernes,Desde 2026-02-20 hasta 2026-12-31,Límite de compra Gs. 1.000.000 mensual por tarjeta; Límite de compra Gs. 1.000.000 mensual por tarjeta,,,https://www.familiar.com.py/pdfs/promocionesybeneficios-popeyes
4dfad796e602c8fc,Familiar,Gastronomía,PRIMOLI,PRIMOLI,"Con sus tarjetas de crédito Visa Platinum EL CLIENTE obtendrá 25% de reintegro en el extracto; Con sus tarjetas de crédito Visa o Mastercard Oro/Gold, Visa o Mastercard Clásica, Positiva Visa y Positiva Bancardcheck EL CLIENTE obtendrá 20% de reintegro en el extracto",reintegro,25%; 20%,sábado; domingo,,,todos los sabados y domingos,Desde 2026-04-04 hasta 2026-12-27,Límite de compra Gs. 800.000 mensual por tarjeta; Límite de compra Gs. 600.000 mensual por tarjeta,,,https://www.familiar.com.py/pdfs/promocionesybeneficios-primoli-bases-y-condiciones
94afbee07734d632,Familiar,Gastronomía,QUINCHO DE NACHO,QUINCHO DE NACHO,"Con sus tarjetas de crédito Visa Platinum EL CLIENTE obtendrá 25% de reintegro en el extracto; Con sus tarjetas de crédito Visa o Mastercard Oro/Gold, Visa o Mastercard Clásica, Positiva Visa y Positiva Bancardcheck EL CLIENTE obtendrá 20% de reintegro en el extracto",reintegro,25%; 20%,sábado; domingo,,,todos los sabados y domingos,Desde 2026-04-04 hasta 2026-12-27,Límite de compra Gs. 800.000 mensual por tarjeta; Límite de compra Gs. 600.000 mensual por tarjeta,,,https://www.familiar.com.py/pdfs/promocionesybeneficios-quincho-de-nacho-bases-y-condiciones
729790099eb060d5,Familiar,Gastronomía,RAGUSA PIZZERIA,RAGUSA PIZZERIA,"Con sus tarjetas de crédito Visa Platinum EL CLIENTE obtendrá 25% de reintegro en el extracto; Con sus tarjetas de crédito Visa o Mastercard Oro/Gold, Visa o Mastercard Clásica, Positiva Visa y Positiva Bancardcheck EL CLIENTE obtendrá 20% de reintegro en el extracto",reintegro,25%; 20%,sábado; domingo,,,todos los sabados y domingos,Desde 2026-04-04 hasta 2026-12-27,Límite de compra Gs. 800.000 mensual por tarjeta; Límite de compra Gs. 600.000 mensual por tarjeta,,,https://www.familiar.com.py/pdfs/promocionesybeneficios-ragusa-pizzeria-bases-y-condiciones
9419ef602866e54f,Familiar,Gastronomía,SATURNO PIZZAS,SATURNO PIZZAS,"Con sus tarjetas de crédito Visa Platinum EL CLIENTE obtendrá 25% de reintegro en el extracto; Con sus tarjetas de crédito Visa o Mastercard Oro/Gold, Visa o Mastercard Clásica, Positiva Visa y Positiva Bancardcheck EL CLIENTE obtendrá 20% de reintegro en el extracto",reintegro,25%; 20%,jueves; viernes,,,todos los jueves y viernes,Desde 2026-04-02 hasta 2026-12-31,Límite de compra Gs. 800.000 mensual por tarjeta; Límite de compra Gs. 600.000 mensual por tarjeta,,,https://www.familiar.com.py/pdfs/promocionesybeneficios-saturno-pizzas-bases-y-condiciones
f5b4549db00a56d6,Familiar,Gastronomía,SAX PALACE - RESTAURANTE,SAX PALACE - RESTAURANTE,"Con sus tarjetas de crédito Visa Platinum EL CLIENTE obtendrá 30% de reintegro en el extracto; Con sus tarjetas de crédito Visa o Mastercard Oro/Gold, Visa o Mastercard Clásica, Positiva Visa y Positiva Bancardcheck EL CLIENTE obtendrá 20% de reintegro en el extracto",reintegro,30%; 20%,jueves; viernes; sábado; domingo,,,de jueves a domingo,Desde 2026-04-04 hasta 2026-12-27,Límite de compra Gs. 800.000 mensual por tarjeta; Límite de compra Gs. 600.000 mensual por tarjeta,,,https://www.familiar.com.py/pdfs/promocionesybeneficios-sax-palace---restaurante-bases-y-condiciones
c57517e7b43a96b4,Familiar,Gastronomía,SUBWAY,SUBWAY,Con sus tarjetas de crédito Visa Platinum EL CLIENTE obtendrá 25% de reintegro en el extracto; Con sus tarjetas de crédito Visa o Mastercard Oro/Gold y Visa o Mastercard Clásica EL CLIENTE obtendrá 20% de reintegro en el extracto,reintegro,25%; 20%,lunes; martes; miércoles; jueves; viernes,,,de lunes a viernes,Desde 2026-01-01 hasta 2026-12-31,Límite de compra Gs. 1.000.000 mensual por tarjeta; Límite de compra Gs. 1.000.000 mensual por tarjeta,,,https://www.familiar.com.py/pdfs/promocionesybeneficios-subway-bases-y-condiciones
2673d5a385b2aa80,Familiar,Gastronomía,TAKUARE E BRASAS,TAKUARE E BRASAS,"Con sus tarjetas de crédito Visa Platinum EL CLIENTE obtendrá 30% de reintegro en el extracto; Con sus tarjetas de crédito Visa o Mastercard Oro/Gold, Visa o Mastercard Clásica, Positiva Visa y Positiva Bancardcheck EL CLIENTE obtendrá 20% de reintegro en el extracto",reintegro,30%; 20%,jueves; viernes; sábado; domingo,,,de jueves a domingo,Desde 2026-07-16 hasta 2026-12-31,Límite de compra Gs. 800.000 mensual por tarjeta; Límite de compra Gs. 600.000 mensual por tarjeta,,,https://www.familiar.com.py/pdfs/promocionesybeneficios-takuare-e-brasas-bases-y-condiciones
1e0615b160ebd616,Familiar,Gastronomía,TAKUARE E COUNTRY,TAKUARE E COUNTRY,"Con sus tarjetas de crédito Visa Platinum EL CLIENTE obtendrá 30% de reintegro en el extracto; Con sus tarjetas de crédito Visa o Mastercard Oro/Gold, Visa o Mastercard Clásica, Positiva Visa y Positiva Bancardcheck EL CLIENTE obtendrá 20% de reintegro en el extracto",reintegro,30%; 20%,jueves; viernes; sábado; domingo,,,de jueves a domingo,Desde 2026-07-16 hasta 2026-12-31,Límite de compra Gs. 800.000 mensual por tarjeta; Límite de compra Gs. 600.000 mensual por tarjeta,,,https://www.familiar.com.py/pdfs/promocionesybeneficios-takuare-e-country-bases-y-condiciones
1b011bb1cbeffd94,Familiar,Gastronomía,TAKUARE E RESTO,TAKUARE E RESTO,"Con sus tarjetas de crédito Visa Platinum EL CLIENTE obtendrá 30% de reintegro en el extracto; Con sus tarjetas de crédito Visa o Mastercard Oro/Gold, Visa o Mastercard Clásica, Positiva Visa y Positiva Bancardcheck EL CLIENTE obtendrá 20% de reintegro en el extracto",reintegro,30%; 20%,jueves; viernes; sábado; domingo,,,de jueves a domingo,Desde 2026-07-16 hasta 2026-12-31,Límite de compra Gs. 800.000 mensual por tarjeta; Límite de compra Gs. 600.000 mensual por tarjeta,,,https://www.familiar.com.py/pdfs/promocionesybeneficios-takuare-e-resto-bases-y-condiciones
0cfaa2f29831b213,Familiar,Gastronomía,TERRAZA BURGER,TERRAZA BURGER,"Con sus tarjetas de crédito Visa Platinum EL CLIENTE obtendrá 25% de reintegro en el extracto; Con sus tarjetas de crédito Visa o Mastercard Oro/Gold, Visa o Mastercard Clásica, Positiva Visa y Positiva Bancardcheck EL CLIENTE obtendrá 20% de reintegro en el extracto",reintegro,25%; 20%,jueves; viernes,,,todos los jueves y viernes,Desde 2026-04-02 hasta 2026-12-31,Límite de compra Gs. 800.000 mensual por tarjeta; Límite de compra Gs. 600.000 mensual por tarjeta,,,https://www.familiar.com.py/pdfs/promocionesybeneficios-terraza-burger-bases-y-condiciones
9530a315bc309a9c,Familiar,Gastronomía,TIA LAURA DELICIAS,TIA LAURA DELICIAS,"Con sus tarjetas de crédito Visa Platinum EL CLIENTE obtendrá 25% de reintegro en el extracto; Con sus tarjetas de crédito Visa o Mastercard Oro/Gold, Visa o Mastercard Clásica, Positiva Visa y Positiva Bancardcheck EL CLIENTE obtendrá 20% de reintegro en el extracto",reintegro,25%; 20%,jueves; viernes,,,todos los jueves y viernes,Desde 2026-04-02 hasta 2026-12-31,Límite de compra Gs. 800.000 mensual por tarjeta; Límite de compra Gs. 600.000 mensual por tarjeta,,,https://www.familiar.com.py/pdfs/promocionesybeneficios-tia-laura-delicias-bases-y-condiciones
41e225d4c853b3c2,Familiar,Gastronomía,TUSS,TUSS,"Con sus tarjetas de crédito Visa Platinum EL CLIENTE obtendrá 25% de reintegro en el extracto; Con sus tarjetas de crédito Visa o Mastercard Oro/Gold, Visa o Mastercard Clásica, Positiva Visa y Positiva Bancardcheck EL CLIENTE obtendrá 20% de reintegro en el extracto",reintegro,25%; 20%,jueves; viernes,,,todos los jueves y viernes,Desde 2026-04-02 hasta 2026-12-31,Límite de compra Gs. 800.000 mensual por tarjeta; Límite de compra Gs. 600.000 mensual por tarjeta,,,https://www.familiar.com.py/pdfs/promocionesybeneficios-tuss-bases-y-condiciones
69eb793e504fe5b6,Familiar,Gastronomía,ÑA CHINA,ÑA CHINA,"Con sus tarjetas de crédito Visa Platinum EL CLIENTE obtendrá 25% de reintegro en el extracto; Con sus tarjetas de crédito Visa o Mastercard Oro/Gold, Visa o Mastercard Clásica, Positiva Visa y Positiva Bancardcheck EL CLIENTE obtendrá 20% de reintegro en el extracto",reintegro,25%; 20%,sábado; domingo,,,todos los sábados y domingos,Desde 2026-04-04 hasta 2026-12-27,Límite de compra Gs. 800.000 mensual por tarjeta; Límite de compra Gs. 600.000 mensual por tarjeta,,,https://www.familiar.com.py/pdfs/promocionesybeneficios-na-china-bases-y-condiciones
10b0f21f402922de,Familiar,Hogar y tecnología,24.7 MATERIALES ELÉCTRICOS,24.7 MATERIALES ELÉCTRICOS,30% de reintegro en el extracto,reintegro,30%,miércoles,,,todos los miercoles,Desde 2026-01-07 hasta 2026-12-30,Límite de compra Gs 2.000.000 mensual por tarjeta,,,https://www.familiar.com.py/pdfs/promocionesybeneficios-24-7-materiales-electricos-bases-y-condiciones
2f332c150edd87d2,Familiar,Hogar y tecnología,ACHON,ACHON,hasta en 24 cuotas sin intereses con tarjetas platinum y tarjetas oro y hasta en 12 cuotas sin intereses con tarjetas clásicas,cuotas_sin_intereses,,lunes; martes; miércoles; jueves; viernes; sábado; domingo,,,todos los días,Desde 2026-01-02 hasta 2026-12-31,,,,https://www.familiar.com.py/pdfs/promocionesybeneficios-achon-bases-y-condiciones
239275c5480d0128,Familiar,Hogar y tecnología,ALEMANIA CELL,ALEMANIA CELL,con tarjetas de crédito hasta en 12 cuotas sin intereses,cuotas_sin_intereses,,lunes; martes; miércoles; jueves; viernes; sábado; domingo,,,todos los días,Desde 2026-01-01 hasta 2026-12-31,,,,https://www.familiar.com.py/pdfs/promocionesybeneficios-alemania-cell-bases-y-condiciones
d4a41c6f9782bc57,Familiar,Hogar y tecnología,ALEMANIA CELL-SHOPPING MARIANO,ALEMANIA CELL-SHOPPING MARIANO,"Tarjetas Oro y Clásicas: 20% de reintegro en el extracto + 5% adicional pagando con QR desde la aplicación de Banco Familiar, además hasta 10 cuotas sin intereses; Tarjetas Platinum: 25% de reintegro en el extracto + 5% adicional pagando con QR desde la aplicación de Banco Familiar, además hasta 10 cuotas sin intereses",reintegro,20%; 5%; 25%,jueves,,1:jueves,el primer jueves de cada mes,Desde 2026-04-09 hasta 2026-12-03,"Límite de compra por tarjeta, por mes: Gs. 10.000.000.  Tarjetas Platinum: 25% de reintegro en el extracto + 5% adicional pagando con QR desde la aplicación de Banco Familiar, además hasta 10 cuotas sin intereses; Límite de compra por tarjeta, por mes: Gs. 10.000.000. Beneficios aplican únicamente a pagos realizados a través de la red Bancard/Infonet",,,https://www.familiar.com.py/pdfs/promocionesybeneficios-jueves-de-mariano
453e2f7d69f0782d,Familiar,Hogar y tecnología,ALEMANIA CELL-SHOPPING MARISCAL,ALEMANIA CELL-SHOPPING MARISCAL,"Tarjetas Oro y Clásicas: 20% de reintegro en el extracto + 5% adicional pagando con QR desde la aplicación de Banco Familiar, además hasta 10 cuotas sin intereses; Tarjetas Platinum: 25% de reintegro en el extracto + 5% adicional pagando con QR desde la aplicación de Banco Familiar, además hasta 10 cuotas sin intereses",reintegro,20%; 5%; 25%,martes,,1:martes,el primer martes de cada mes,Desde 2026-04-07 hasta 2026-12-01,"Límite de compra por tarjeta, por mes: Gs. 10.000.000.  Tarjetas Platinum: 25% de reintegro en el extracto + 5% adicional pagando con QR desde la aplicación de Banco Familiar, además hasta 10 cuotas sin intereses; Límite de compra por tarjeta, por mes: Gs. 10.000.000. Beneficios aplican únicamente a pagos realizados a través de la red Bancard/Infonet",,,https://www.familiar.com.py/pdfs/promocionesybeneficios-martes-mariscal
1b98c6a824da2787,Familiar,Hogar y tecnología,ALEX,ALEX,en hasta 18 cuotas sin intereses,cuotas_sin_intereses,,lunes; martes; miércoles; jueves; viernes; sábado; domingo,,,todos los días,Desde 2026-01-01 hasta 2026-12-31,,,,https://www.familiar.com.py/pdfs/promocionesybeneficios-alex-bases-y-condiciones-5i1l4
1a9cb7ab88e0dc08,Familiar,Hogar y tecnología,AMERICA SHOP,AMERICA SHOP,"15% (quince) de reintegro en el extracto, durante la vigencia de LA PROMOCION; Los clientes de EL BANCO con sus tarjetas de crédito Visa o Mastercard Clásica, Positiva Visa y Positiva Bancardcheck podrán fraccionar sus compras hasta en 12 cuotas sin intereses y con sus tarjetas de crédito Visa o MasterCard Oro/Gold, y Visa Platinum podrán fraccionar sus compras hasta en 24 cuotas sin intereses, todos los días",reintegro,15%,viernes,,,todos los viernes,Desde 2026-01-02 hasta 2026-12-30,tope máximo de compra mensual por tarjeta es de Gs. 2.000.000. Tope de reintegro es de Gs,,,https://www.familiar.com.py/pdfs/promocionesybeneficios-america-shop-bases-y-condiciones
e97bd0333f915cb3,Familiar,Hogar y tecnología,ANIMA,ANIMA,hasta en 12 cuotas sin intereses; hasta en 24 cuotas sin intereses,cuotas_sin_intereses,,lunes; martes; miércoles; jueves; viernes; sábado; domingo,,,todos los días,Desde 2026-01-02 hasta 2026-12-31,,,,https://www.familiar.com.py/pdfs/promocionesybeneficios-anima-bases-y-condiciones
4a03f0ba48c105ae,Familiar,Hogar y tecnología,ANJOS,ANJOS,en hasta 12 cuotas sin intereses,cuotas_sin_intereses,,lunes; martes; miércoles; jueves; viernes; sábado; domingo,,,todos los días,Desde 2026-01-02 hasta 2026-12-31,,,,https://www.familiar.com.py/pdfs/promocionesybeneficios-anjos-bases-y-condiciones
c8beafa6a8c0ca3d,Familiar,Hogar y tecnología,BUTTERFLY,BUTTERFLY,en hasta 12 cuotas sin intereses; en hasta 24 cuotas sin intereses,cuotas_sin_intereses,,lunes; martes; miércoles; jueves; viernes; sábado; domingo,,,todos los días,Desde 2026-01-01 hasta 2026-12-31,,,,https://www.familiar.com.py/pdfs/promocionesybeneficios-butterfly-bases-y-condiciones
0588846cd7f68f02,Familiar,Hogar y tecnología,CARESTINO,CARESTINO,con tarjetas de crédito hasta en 12 cuotas sin intereses,cuotas_sin_intereses,,lunes; martes; miércoles; jueves; viernes; sábado; domingo,,,todos los días,Desde 2026-01-02 hasta 2026-12-31,,,,https://www.familiar.com.py/pdfs/promocionesybeneficios-carestino-bases-y-condiciones
7d6900bbb62a5a1d,Familiar,Hogar y tecnología,CELLSHOP,CELLSHOP,con tarjetas de crédito hasta en 12 cuotas sin intereses,cuotas_sin_intereses,,lunes; martes; miércoles; jueves; viernes; sábado; domingo,,,todos los días,Desde 2026-01-02 hasta 2026-12-31,,,,https://www.familiar.com.py/pdfs/promocionesybeneficios-cellshop-bases-y-condiciones
968dc4be97d51b29,Familiar,Hogar y tecnología,CONSTRUTEC,CONSTRUTEC,hasta en 12 (doce) cuotas sin intereses,cuotas_sin_intereses,,lunes; martes; miércoles; jueves; viernes; sábado; domingo,,,todos los días,Desde 2026-01-01 hasta 2026-12-31,,,,https://www.familiar.com.py/pdfs/promocionesybeneficios-constructec-bases-y-condiciones
cf64d2f7cf8fd1f8,Familiar,Hogar y tecnología,ELECTROBAN,ELECTROBAN,con tarjetas de crédito hasta en 12 cuotas sin intereses,cuotas_sin_intereses,,lunes; martes; miércoles; jueves; viernes; sábado; domingo,,,todos los días,Desde 2026-01-02 hasta 2026-12-31,,,,https://www.familiar.com.py/pdfs/promocionesybeneficios-electroban-bases-y-condiciones
9cbe71885fb8dcb0,Familiar,Hogar y tecnología,ESSEN,ESSEN,25% de descuento en caja para combos promocionales; 10% de descuento en caja para piezas individuales; Podrán fraccionar sus pagos en hasta 12 cuotas sin intereses,descuento,25%; 10%,lunes; martes; miércoles; jueves; viernes; sábado; domingo,,,todos los días,Desde 2026-01-02 hasta 2026-12-31,,,,https://www.familiar.com.py/pdfs/promocionesybeneficios-essen-bases-y-condiciones
4008df06f31522ee,Familiar,Hogar y tecnología,FERMACO,FERMACO,hasta en 24 cuotas sin intereses con tarjetas platinum y tarjetas oro y hasta 12 cuotas sin intereses con tarjetas clásicas,cuotas_sin_intereses,,lunes; martes; miércoles; jueves; viernes; sábado; domingo,,,todos los días,Desde 2026-01-02 hasta 2026-12-31,,,,https://www.familiar.com.py/pdfs/promocionesybeneficios-fermaco-bases-y-condiciones
c84fc48bb8d60c0d,Familiar,Hogar y tecnología,FERRETERIA R CARRILLO,FERRETERIA R CARRILLO,con tarjetas de crédito hasta en 12 cuotas sin intereses,cuotas_sin_intereses,,lunes; martes; miércoles; jueves; viernes; sábado; domingo,,,todos los días,Desde 2026-01-01 hasta 2026-12-31,,,,https://www.familiar.com.py/pdfs/promocionesybeneficios-ferreteria-r-carrillo-bases-y-condiciones
a4a02d9b6e8d390f,Familiar,Hogar y tecnología,FERREX,FERREX,"Los clientes de EL BANCO con sus tarjetas de crédito, podrán financiar sus compras en hasta 12 cuotas sin intereses",cuotas_sin_intereses,,lunes; martes; miércoles; jueves; viernes; sábado; domingo,,,todos los días,Desde 2026-01-02 hasta 2026-12-31,,,,https://www.familiar.com.py/pdfs/promocionesybeneficios-ferrex-bases-y-condiciones
ca8233424073b4c3,Familiar,Hogar y tecnología,HYDRO CLEAN,HYDRO CLEAN,en hasta 12 cuotas sin intereses con tarjetas clásicas y en hasta 24 cuotas sin intereses con tarjetas oro y platinum,cuotas_sin_intereses,,lunes; martes; miércoles; jueves; viernes; sábado; domingo,,,todos los días,Desde 2026-01-01 hasta 2026-12-31,,,,https://www.familiar.com.py/pdfs/promocionesybeneficios-hydro-clean-bases-y-condiciones
fe614eaa3284e6ae,Familiar,Hogar y tecnología,INVERFIN,INVERFIN,hasta en 24 cuotas sin intereses con tarjetas platinum y tarjetas oro y hasta en 12 cuotas sin intereses con tarjetas clásicas,cuotas_sin_intereses,,lunes; martes; miércoles; jueves; viernes; sábado; domingo,,,todos los días,Desde 2026-01-01 hasta 2026-12-31,,,,https://www.familiar.com.py/pdfs/promocionesybeneficios-inverfin-bases-y-condiciones
663628da9f6253cc,Familiar,Hogar y tecnología,ISTORE,ISTORE,con tarjetas de crédito hasta en 12 cuotas sin intereses,cuotas_sin_intereses,,lunes; martes; miércoles; jueves; viernes; sábado; domingo,,,todos los días,Desde 2026-08-01 hasta 2026-12-31,,,,https://www.familiar.com.py/pdfs/promocionesybeneficios-istore
3d70ddbf71bc47f5,Familiar,Hogar y tecnología,LA NORTEÑA COMERCIAL,LA NORTEÑA COMERCIAL,con tarjetas de crédito hasta en 12 cuotas sin intereses,cuotas_sin_intereses,,lunes; martes; miércoles; jueves; viernes; sábado; domingo,,,todos los días,Desde 2026-01-02 hasta 2026-12-31,,,,https://www.familiar.com.py/pdfs/promocionesybeneficios-la-nortena-comercial-bases-y-condiciones
0b2edf48c57c05fe,Familiar,Hogar y tecnología,LA NORTEÑA VIP COMERCIAL,LA NORTEÑA VIP COMERCIAL,con tarjetas de crédito hasta en 12 cuotas sin intereses,cuotas_sin_intereses,,lunes; martes; miércoles; jueves; viernes; sábado; domingo,,,todos los días,Desde 2026-01-02 hasta 2026-12-31,,,,https://www.familiar.com.py/pdfs/promocionesybeneficios-la-nortena-vip-comercial-bases-y-condiciones
cc8b86e7444c0528,Familiar,Hogar y tecnología,L´ACERIE,L´ACERIE,"Los clientes de EL BANCO con sus tarjetas de crédito, podrán financiar sus compras en hasta 12 cuotas sin intereses",cuotas_sin_intereses,,lunes; martes; miércoles; jueves; viernes; sábado; domingo,,,todos los días,Desde 2026-04-06 hasta 2026-12-31,,,,https://www.familiar.com.py/pdfs/promocionesybeneficios-l-acerie-wi594
a03e07f7bafd4184,Familiar,Hogar y tecnología,MATCH,MATCH,con tarjetas de crédito hasta en 12 cuotas sin intereses,cuotas_sin_intereses,,lunes; martes; miércoles; jueves; viernes; sábado; domingo,,,todos los días,Desde 2026-08-01 hasta 2026-12-31,,,,https://www.familiar.com.py/pdfs/promocionesybeneficios-match
2df60de71c9e0e34,Familiar,Hogar y tecnología,MOBO-SHOPPING MARISCAL,MOBO-SHOPPING MARISCAL,"Tarjetas Oro y Clásicas: 20% de reintegro en el extracto + 5% adicional pagando con QR desde la aplicación de Banco Familiar, además hasta 10 cuotas sin intereses; Tarjetas Platinum: 25% de reintegro en el extracto + 5% adicional pagando con QR desde la aplicación de Banco Familiar, además hasta 10 cuotas sin intereses",reintegro,20%; 5%; 25%,martes,,1:martes,el primer martes de cada mes,Desde 2026-04-07 hasta 2026-12-01,"Límite de compra por tarjeta, por mes: Gs. 10.000.000.  Tarjetas Platinum: 25% de reintegro en el extracto + 5% adicional pagando con QR desde la aplicación de Banco Familiar, además hasta 10 cuotas sin intereses; Límite de compra por tarjeta, por mes: Gs. 10.000.000. Beneficios aplican únicamente a pagos realizados a través de la red Bancard/Infonet",,,https://www.familiar.com.py/pdfs/promocionesybeneficios-martes-mariscal
619bdcf7c8677a5f,Familiar,Hogar y tecnología,NISSEI,NISSEI,en hasta 12 cuotas sin intereses,cuotas_sin_intereses,,lunes; martes; miércoles; jueves; viernes; sábado; domingo,,,todos los días,Desde 2026-01-02 hasta 2026-12-31,,,,https://www.familiar.com.py/pdfs/promocionesybeneficios-casa-nissei-bases-y-condiciones
f20d7a001c0bc3fa,Familiar,Hogar y tecnología,OLIER,OLIER,hasta en 12 cuotas sin intereses,cuotas_sin_intereses,,lunes; martes; miércoles; jueves; viernes; sábado; domingo,,,todos los días,Desde 2026-01-01 hasta 2026-12-31,,,,https://www.familiar.com.py/pdfs/promocionesybeneficios-olier-bases-y-condiciones
20b36436f74e2cce,Familiar,Hogar y tecnología,PARANÁ HOGAR,PARANÁ HOGAR,"30% (Treinta) de reintegro en el extracto; Con sus tarjetas de crédito Visa o Mastercard Clásica, Positiva Visa y Positiva BancardCheck podrán fraccionar sus compras hasta en 12 cuotas sin intereses, todos los días; Con sus tarjetas de crédito Visa o MasterCard Oro/Gold, y Visa Platinum podrán fraccionar sus compras hasta en 24 cuotas sin intereses, todos los días",reintegro,30%,miércoles,,,todos los miércoles,Desde 2026-06-24 hasta 2026-12-30,tope máximo de compra mensual por tarjeta de crédito es de Gs. 10.000.000 y el tope máximo de reintegro mensual por tarjeta de crédito es de Gs,,,https://www.familiar.com.py/pdfs/promocionesybeneficios-parana-hogar
179e92122f0d1306,Familiar,Hogar y tecnología,PROGRESAR ELECTRODOMÉSTICOS,PROGRESAR ELECTRODOMÉSTICOS,"Con sus tarjetas de crédito Visa o Mastercard Clásica, Positiva Visa y Positiva Bancardcheck podrán fraccionar sus compras hasta en 12 cuotas sin intereses, todos los días; Con sus tarjetas de crédito Visa o MasterCard Oro/Gold, y Visa Platinum podrán fraccionar sus compras hasta en 24 cuotas sin intereses, todos los días",cuotas_sin_intereses,,lunes; martes; miércoles; jueves; viernes; sábado; domingo,,,todos los días,Desde 2026-01-01 hasta 2026-12-31,,,,https://www.familiar.com.py/pdfs/promocionesybeneficios-progresar-electrodomesticos-bases-y-condiciones
03d2d2090ddd8c71,Familiar,Hogar y tecnología,REFRISUR,REFRISUR,con tarjetas de crédito hasta en 12 cuotas sin intereses,cuotas_sin_intereses,,lunes; martes; miércoles; jueves; viernes; sábado; domingo,,,todos los días,Desde 2026-01-02 hasta 2026-12-31,,,,https://www.familiar.com.py/pdfs/promocionesybeneficios-refrisur-bases-y-condiciones
a0165b00c56b4209,Familiar,Hogar y tecnología,SANTA CATALINA,SANTA CATALINA,con tarjetas de crédito hasta en 12 cuotas sin intereses,cuotas_sin_intereses,,lunes; martes; miércoles; jueves; viernes; sábado; domingo,,,todos los días,Desde 2026-01-01 hasta 2026-12-31,,,,https://www.familiar.com.py/pdfs/promocionesybeneficios-santa-catalina-bases-y-condiciones
143cf31f8c8c65b0,Familiar,Hogar y tecnología,SHOPPING CHINA,SHOPPING CHINA,"Los clientes de EL BANCO con sus tarjetas de crédito, podrán financiar sus compras hasta 12 cuotas sin intereses",cuotas_sin_intereses,,lunes; martes; miércoles; jueves; viernes; sábado; domingo,,,todos los días,Desde 2026-01-02 hasta 2026-12-31,,,,https://www.familiar.com.py/pdfs/promocionesybeneficios-shopping-china-bases-y-condiciones
acb3b7dddcb63f48,Familiar,Hogar y tecnología,TIENDA YANKEE,TIENDA YANKEE,con tarjetas de crédito hasta en 12 cuotas sin intereses,cuotas_sin_intereses,,lunes; martes; miércoles; jueves; viernes; sábado; domingo,,,todos los días,Desde 2026-01-01 hasta 2026-12-31,,,,https://www.familiar.com.py/pdfs/promocionesybeneficios-tienda-yankee-bases-y-condiciones
e5c33d6c0b7877d9,Familiar,Hogar y tecnología,WILMAR CENTER,WILMAR CENTER,con tarjetas de crédito hasta en 12 cuotas sin intereses,cuotas_sin_intereses,,lunes; martes; miércoles; jueves; viernes; sábado; domingo,,,todos los días,Desde 2026-01-02 hasta 2026-12-31,,,,https://www.familiar.com.py/pdfs/promocionesybeneficios-wilmarcenter
f3743bb7f538ca5a,Familiar,Supermercados,ARETE,ARETE,"Durante el periodo de vigencia de la promoción, los clientes de EL BANCO que realicen compras con las tarjetas de crédito Visa Platinum, Visa Oro, Mastercard Gold, Visa Clásica, Mastercard Clásica, Positiva Visa o Positiva BancardCheck, en cualquiera de las sucursales del COMERCIO que se detallan más abajo, recibirán un reintegro de 20% el cual será acreditado en el extracto de la tarjeta utilizada",reintegro,20%,lunes,,,todos los lunes,Desde 2026-01-01 hasta 2026-12-28,,,,https://www.familiar.com.py/pdfs/promocionesybeneficios-arete-bases-y-condiciones
d478088629e744a0,Familiar,Supermercados,BIGGIE,BIGGIE,"Con sus tarjetas de crédito Visa o Mastercard Clásica, Positiva Visa y Positiva Bancardcheck EL CLIENTE obtendrá 20% de reintegro en el extracto; Con sus tarjetas de crédito crédito Visa o Mastercard Oro/Gold EL CLIENTE obtendrá 25% de reintegro en el extracto; Con sus tarjetas de crédito Visa Platinum EL CLIENTE obtendrá 25% de reintegro en el extracto",reintegro,20%; 25%,viernes,,2:viernes,el segundo viernes de cada mes,Desde 2026-09-11 hasta 2026-12-11,Límite de compra Gs. 1.000.000 mensual por tarjeta; Límite de compra Gs. 1.000.000 mensual por tarjeta; Límite de compra Gs. 1.500.000 mensual por tarjeta,,,https://www.familiar.com.py/pdfs/promocionesybeneficios-biggie-bases-y-condiciones
58a79f1df099b21b,Familiar,Supermercados,CASA GRUTTER,CASA GRUTTER,"Durante el periodo de vigencia de la promoción, los clientes de EL BANCO que realicen compras con las tarjetas de crédito Visa Platinum, Visa Oro, Mastercard Gold, Visa Clásica, Mastercard Clásica, Positiva Visa o Positiva BancardCheck, en cualquiera de las sucursales del COMERCIO que se detallan más abajo, recibirán un reintegro de 20% el cual será acreditado en el extracto de la tarjeta utilizada",reintegro,20%,viernes,,,todos los viernes,Desde 2026-01-02 hasta 2026-12-25,,,,https://www.familiar.com.py/pdfs/promocionesybeneficios-casa-grutter-bases-y-condiciones
7421d6a0bc73e0ff,Familiar,Supermercados,DELIMARKET,DELIMARKET,"Durante el periodo de vigencia de la promoción, los clientes de EL BANCO que realicen compras con las tarjetas de crédito Visa Platinum, Visa Oro, Mastercard Gold, Visa Clásica, Mastercard Clásica, Positiva Visa o Positiva BancardCheck, en cualquiera de las sucursales del COMERCIO que se detallan más abajo, recibirán un reintegro de 20% el cual será acreditado en el extracto de la tarjeta utilizada",reintegro,20%,viernes,,,todos los viernes,Desde 2026-01-02 hasta 2026-12-25,,,,https://www.familiar.com.py/pdfs/promocionesybeneficios-delimarket-bases-y-condiciones
2e84222349722ea4,Familiar,Supermercados,EL AHORRAZO,EL AHORRAZO,"Durante el periodo de vigencia de la promoción, los clientes de EL BANCO que realicen compras con las tarjetas de crédito Visa Platinum, Visa Oro, Mastercard Gold, Visa Clásica, Mastercard Clásica, Positiva Visa o Positiva BancardCheck, en cualquiera de las sucursales del COMERCIO que se detallan más abajo, recibirán un reintegro de 20% el cual será acreditado en el extracto de la tarjeta utilizada",reintegro,20%,viernes,,,todos los viernes,Desde 2026-01-02 hasta 2026-12-25,,,,https://www.familiar.com.py/pdfs/promocionesybeneficios-el-ahorrazo-bases-y-condiciones
750fe089b721c795,Familiar,Supermercados,FORTIS,FORTIS,con tarjetas de crédito hasta en 12 (doce) cuotas sin intereses,cuotas_sin_intereses,,lunes; martes; miércoles; jueves; viernes; sábado; domingo,,,todos los días,Desde 2026-01-02 hasta 2026-12-31,,,,https://www.familiar.com.py/pdfs/promocionesybeneficios-fortis-bases-y-condiciones
c7e4fa59a3b08732,Familiar,Supermercados,GRAN VIA,GRAN VIA,"Durante el periodo de vigencia de la promoción, los clientes de EL BANCO que realicen compras con las tarjetas de crédito Visa Platinum, Visa Oro, Mastercard Gold, Visa Clásica, Mastercard Clásica, Positiva Visa o Positiva BancardCheck, en cualquiera de las sucursales del COMERCIO que se detallan más abajo, recibirán un reintegro de 20% el cual será acreditado en el extracto de la tarjeta utilizada",reintegro,20%,viernes,,,todos los viernes,Desde 2026-01-02 hasta 2026-12-25,,,,https://www.familiar.com.py/pdfs/promocionesybeneficios-gran-via-bases-y-condiciones
fba28a649cd19cc8,Familiar,Supermercados,KINGO,KINGO,"Durante el periodo de vigencia de la promoción, los clientes de EL BANCO que realicen compras con las tarjetas de crédito Visa Platinum, Visa Oro, Mastercard Gold, Visa Clásica, Mastercard Clásica, Positiva Visa o Positiva BancardCheck, en cualquiera de las sucursales del COMERCIO que se detallan más abajo, recibirán un reintegro de 20% el cual será acreditado en el extracto de la tarjeta utilizada",reintegro,20%,viernes,,,todos los viernes,Desde 2026-01-02 hasta 2026-12-25,,,,https://www.familiar.com.py/pdfs/promocionesybeneficios-kingo-bases-y-condiciones
e935f8341c9d0cc3,Familiar,Supermercados,SANTO DOMINGO,SANTO DOMINGO,"Durante el periodo de vigencia de la promoción, los clientes de EL BANCO que realicen compras con las tarjetas de crédito Visa Platinum, Visa Oro, Mastercard Gold, Visa Clásica, Mastercard Clásica, Positiva Visa o Positiva BancardCheck, en cualquiera de las sucursales del COMERCIO que se detallan más abajo, recibirán un reintegro de 20% el cual será acreditado en el extracto de la tarjeta utilizada",reintegro,20%,viernes,,,todos los viernes,Desde 2026-01-02 hasta 2026-12-25,,,,https://www.familiar.com.py/pdfs/promocionesybeneficios-santo-domingo-bases-y-condiciones
b5049591d6625092,Familiar,Supermercados,STOCK,STOCK,"Durante el periodo de vigencia de la promoción, los clientes de EL BANCO que realicen compras con las tarjetas de crédito Visa Platinum, Visa Oro, Mastercard Gold, Visa Clásica, Mastercard Clásica, Positiva Visa o Positiva BancardCheck, en cualquiera de las sucursales del COMERCIO que se detallan más abajo, recibirán un reintegro de 20% el cual será acreditado en el extracto de la tarjeta utilizada",reintegro,20%,viernes,,,todos los viernes,Desde 2026-01-02 hasta 2026-12-25,,,,https://www.familiar.com.py/pdfs/promocionesybeneficios-stock-bases-y-condiciones
67ccf44280f50397,Familiar,Supermercados,SUPERMERCADO AREA 6,SUPERMERCADO AREA 6,"Durante el periodo de vigencia de la promoción, los clientes de EL BANCO que realicen compras con las tarjetas de crédito Visa Platinum, Visa Oro, Mastercard Gold, Visa Clásica, Mastercard Clásica, Positiva Visa o Positiva BancardCheck, en cualquiera de las sucursales del COMERCIO que se detallan más abajo, recibirán un reintegro de 20% el cual será acreditado en el extracto de la tarjeta utilizada",reintegro,20%,viernes,,,todos los viernes,Desde 2026-01-02 hasta 2026-12-25,,,,https://www.familiar.com.py/pdfs/promocionesybeneficios-supermercado-area-6-bases-y-condiciones
6bdaac371ae91d39,Familiar,Supermercados,SUPERMERCADO EL PAIS,SUPERMERCADO EL PAIS,"Durante el periodo de vigencia de la promoción, los clientes de EL BANCO que realicen compras con las tarjetas de crédito Visa Platinum, Visa Oro, Mastercard Gold, Visa Clásica, Mastercard Clásica, Positiva Visa o Positiva BancardCheck, en cualquiera de las sucursales del COMERCIO que se detallan más abajo, recibirán un reintegro de 20% el cual será acreditado en el extracto de la tarjeta utilizada",reintegro,20%,viernes,,,todos los viernes,Desde 2026-01-02 hasta 2026-12-25,,,,https://www.familiar.com.py/pdfs/promocionesybeneficios-supermercado-el-pais-bases-y-condiciones
657860c088e9922b,Familiar,Supermercados,SUPERSEIS,SUPERSEIS,"Durante el periodo de vigencia de la promoción, los clientes de EL BANCO que realicen compras con las tarjetas de crédito Visa Platinum, Visa Oro, Mastercard Gold, Visa Clásica, Mastercard Clásica, Positiva Visa o Positiva BancardCheck, en cualquiera de las sucursales del COMERCIO que se detallan más abajo, recibirán un reintegro de 20% el cual será acreditado en el extracto de la tarjeta utilizada",reintegro,20%,viernes,,,todos los viernes,Desde 2026-01-02 hasta 2026-12-25,,,,https://www.familiar.com.py/pdfs/promocionesybeneficios-superseis-bases-y-condiciones
46b66123cdac4d0c,Familiar,Tiendas,ACADEMY-SHOPPING MARISCAL,ACADEMY-SHOPPING MARISCAL,"Tarjetas Oro y Clásicas: 20% de reintegro en el extracto + 5% adicional pagando con QR desde la aplicación de Banco Familiar, además hasta 10 cuotas sin intereses; Tarjetas Platinum: 25% de reintegro en el extracto + 5% adicional pagando con QR desde la aplicación de Banco Familiar, además hasta 10 cuotas sin intereses",reintegro,20%; 5%; 25%,martes,,1:martes,el primer martes de cada mes,Desde 2026-04-07 hasta 2026-12-01,"Límite de compra por tarjeta, por mes: Gs. 10.000.000.  Tarjetas Platinum: 25% de reintegro en el extracto + 5% adicional pagando con QR desde la aplicación de Banco Familiar, además hasta 10 cuotas sin intereses; Límite de compra por tarjeta, por mes: Gs. 10.000.000. Beneficios aplican únicamente a pagos realizados a través de la red Bancard/Infonet",,,https://www.familiar.com.py/pdfs/promocionesybeneficios-martes-mariscal
dc1f506a7d89d3cf,Familiar,Tiendas,AEROPOSTALE-SHOPPING MARISCAL,AEROPOSTALE-SHOPPING MARISCAL,"Tarjetas Oro y Clásicas: 20% de reintegro en el extracto + 5% adicional pagando con QR desde la aplicación de Banco Familiar, además hasta 10 cuotas sin intereses; Tarjetas Platinum: 25% de reintegro en el extracto + 5% adicional pagando con QR desde la aplicación de Banco Familiar, además hasta 10 cuotas sin intereses",reintegro,20%; 5%; 25%,martes,,1:martes,el primer martes de cada mes,Desde 2026-04-07 hasta 2026-12-01,"Límite de compra por tarjeta, por mes: Gs. 10.000.000.  Tarjetas Platinum: 25% de reintegro en el extracto + 5% adicional pagando con QR desde la aplicación de Banco Familiar, además hasta 10 cuotas sin intereses; Límite de compra por tarjeta, por mes: Gs. 10.000.000. Beneficios aplican únicamente a pagos realizados a través de la red Bancard/Infonet",,,https://www.familiar.com.py/pdfs/promocionesybeneficios-martes-mariscal
0c96b9ac63e72e01,Familiar,Tiendas,ALBERTINA-SHOPPING MARISCAL,ALBERTINA-SHOPPING MARISCAL,"Tarjetas Oro y Clásicas: 20% de reintegro en el extracto + 5% adicional pagando con QR desde la aplicación de Banco Familiar, además hasta 10 cuotas sin intereses; Tarjetas Platinum: 25% de reintegro en el extracto + 5% adicional pagando con QR desde la aplicación de Banco Familiar, además hasta 10 cuotas sin intereses",reintegro,20%; 5%; 25%,martes,,1:martes,el primer martes de cada mes,Desde 2026-04-07 hasta 2026-12-01,"Límite de compra por tarjeta, por mes: Gs. 10.000.000.  Tarjetas Platinum: 25% de reintegro en el extracto + 5% adicional pagando con QR desde la aplicación de Banco Familiar, además hasta 10 cuotas sin intereses; Límite de compra por tarjeta, por mes: Gs. 10.000.000. Beneficios aplican únicamente a pagos realizados a través de la red Bancard/Infonet",,,https://www.familiar.com.py/pdfs/promocionesybeneficios-martes-mariscal
1e26aab6bfe88187,Familiar,Tiendas,AMERICAN LOOK-SHOPPING MARISCAL,AMERICAN LOOK-SHOPPING MARISCAL,"Tarjetas Oro y Clásicas: 20% de reintegro en el extracto + 5% adicional pagando con QR desde la aplicación de Banco Familiar, además hasta 10 cuotas sin intereses; Tarjetas Platinum: 25% de reintegro en el extracto + 5% adicional pagando con QR desde la aplicación de Banco Familiar, además hasta 10 cuotas sin intereses",reintegro,20%; 5%; 25%,martes,,1:martes,el primer martes de cada mes,Desde 2026-04-07 hasta 2026-12-01,"Límite de compra por tarjeta, por mes: Gs. 10.000.000.  Tarjetas Platinum: 25% de reintegro en el extracto + 5% adicional pagando con QR desde la aplicación de Banco Familiar, además hasta 10 cuotas sin intereses; Límite de compra por tarjeta, por mes: Gs. 10.000.000. Beneficios aplican únicamente a pagos realizados a través de la red Bancard/Infonet",,,https://www.familiar.com.py/pdfs/promocionesybeneficios-martes-mariscal
43753b9ae76c9566,Familiar,Tiendas,ARES-SHOPPING MARIANO,ARES-SHOPPING MARIANO,"Tarjetas Oro y Clásicas: 20% de reintegro en el extracto + 5% adicional pagando con QR desde la aplicación de Banco Familiar, además hasta 10 cuotas sin intereses; Tarjetas Platinum: 25% de reintegro en el extracto + 5% adicional pagando con QR desde la aplicación de Banco Familiar, además hasta 10 cuotas sin intereses",reintegro,20%; 5%; 25%,jueves,,1:jueves,el primer jueves de cada mes,Desde 2026-04-09 hasta 2026-12-03,"Límite de compra por tarjeta, por mes: Gs. 10.000.000.  Tarjetas Platinum: 25% de reintegro en el extracto + 5% adicional pagando con QR desde la aplicación de Banco Familiar, además hasta 10 cuotas sin intereses; Límite de compra por tarjeta, por mes: Gs. 10.000.000. Beneficios aplican únicamente a pagos realizados a través de la red Bancard/Infonet",,,https://www.familiar.com.py/pdfs/promocionesybeneficios-jueves-de-mariano
a698e0800b5df25a,Familiar,Tiendas,BERTONI-SHOPPING MARIANO,BERTONI-SHOPPING MARIANO,"Tarjetas Oro y Clásicas: 20% de reintegro en el extracto + 5% adicional pagando con QR desde la aplicación de Banco Familiar, además hasta 10 cuotas sin intereses; Tarjetas Platinum: 25% de reintegro en el extracto + 5% adicional pagando con QR desde la aplicación de Banco Familiar, además hasta 10 cuotas sin intereses",reintegro,20%; 5%; 25%,jueves,,1:jueves,el primer jueves de cada mes,Desde 2026-04-09 hasta 2026-12-03,"Límite de compra por tarjeta, por mes: Gs. 10.000.000.  Tarjetas Platinum: 25% de reintegro en el extracto + 5% adicional pagando con QR desde la aplicación de Banco Familiar, además hasta 10 cuotas sin intereses; Límite de compra por tarjeta, por mes: Gs. 10.000.000. Beneficios aplican únicamente a pagos realizados a través de la red Bancard/Infonet",,,https://www.familiar.com.py/pdfs/promocionesybeneficios-jueves-de-mariano
b2f82c5371c6bed1,Familiar,Tiendas,BERTONI-SHOPPING MARISCAL,BERTONI-SHOPPING MARISCAL,"Tarjetas Oro y Clásicas: 20% de reintegro en el extracto + 5% adicional pagando con QR desde la aplicación de Banco Familiar, además hasta 10 cuotas sin intereses; Tarjetas Platinum: 25% de reintegro en el extracto + 5% adicional pagando con QR desde la aplicación de Banco Familiar, además hasta 10 cuotas sin intereses",reintegro,20%; 5%; 25%,martes,,1:martes,el primer martes de cada mes,Desde 2026-04-07 hasta 2026-12-01,"Límite de compra por tarjeta, por mes: Gs. 10.000.000.  Tarjetas Platinum: 25% de reintegro en el extracto + 5% adicional pagando con QR desde la aplicación de Banco Familiar, además hasta 10 cuotas sin intereses; Límite de compra por tarjeta, por mes: Gs. 10.000.000. Beneficios aplican únicamente a pagos realizados a través de la red Bancard/Infonet",,,https://www.familiar.com.py/pdfs/promocionesybeneficios-martes-mariscal
bba370a0d26c44b8,Familiar,Tiendas,BUSCAPIES MULTIMARCAS,BUSCAPIES MULTIMARCAS,20% de reintegro en el extracto,reintegro,20%,miércoles,,,todos los miercoles,Desde 2026-03-11 hasta 2026-12-30,Límite de compra Gs 1.000.000 mensual por tarjeta,,,https://www.familiar.com.py/pdfs/promocionesybeneficios-busca-pies-2026
20d7363d500b5179,Familiar,Tiendas,CEI-SHOPPING MARIANO,CEI-SHOPPING MARIANO,"Tarjetas Oro y Clásicas: 20% de reintegro en el extracto + 5% adicional pagando con QR desde la aplicación de Banco Familiar, además hasta 10 cuotas sin intereses; Tarjetas Platinum: 25% de reintegro en el extracto + 5% adicional pagando con QR desde la aplicación de Banco Familiar, además hasta 10 cuotas sin intereses",reintegro,20%; 5%; 25%,jueves,,1:jueves,el primer jueves de cada mes,Desde 2026-04-09 hasta 2026-12-03,"Límite de compra por tarjeta, por mes: Gs. 10.000.000.  Tarjetas Platinum: 25% de reintegro en el extracto + 5% adicional pagando con QR desde la aplicación de Banco Familiar, además hasta 10 cuotas sin intereses; Límite de compra por tarjeta, por mes: Gs. 10.000.000. Beneficios aplican únicamente a pagos realizados a través de la red Bancard/Infonet",,,https://www.familiar.com.py/pdfs/promocionesybeneficios-jueves-de-mariano
ea35de1c16a48beb,Familiar,Tiendas,CEROGRADO-PLAZA NORTE,CEROGRADO-PLAZA NORTE,"Tarjetas Oro y Clásicas: 20% de reintegro en el extracto + 5% adicional pagando con QR desde la aplicación de Banco Familiar, además hasta 10 cuotas sin intereses; Tarjetas Platinum: 25% de reintegro en el extracto + 5% adicional pagando con QR desde la aplicación de Banco Familiar, además hasta 10 cuotas sin intereses",reintegro,20%; 5%; 25%,martes,,1:martes,el primer martes de cada mes,Desde 2026-04-07 hasta 2026-12-01,"Límite de compra por tarjeta, por mes: Gs. 10.000.000.  Tarjetas Platinum: 25% de reintegro en el extracto + 5% adicional pagando con QR desde la aplicación de Banco Familiar, además hasta 10 cuotas sin intereses; Límite de compra por tarjeta, por mes: Gs. 10.000.000. *Beneficios aplican únicamente a pagos realizados a través de la red Bancard/Infonet",,,https://www.familiar.com.py/pdfs/promocionesybeneficios-martes-plaza-norte
a4046081e0b5c813,Familiar,Tiendas,CHAMPS ELYSEES,CHAMPS ELYSEES,"Con sus tarjetas de crédito Visa Platinum EL CLIENTE obtendrá 25% de reintegro en el extracto; Con sus tarjetas de crédito Visa o MasterCard Oro/Gold, Visa o MasterCard Clásica, Positiva Visa y Positiva BancardCheck, EL CLIENTE obtendrá 20% de reintegro en el extracto; Podrán fraccionar sus compras, todos los días en hasta 10 cuotas sin intereses",reintegro,25%; 20%,miércoles,,,los miércoles,Desde 2026-05-06 hasta 2026-12-30,Límite de compra Gs. 2.000.000 mensual por tarjeta; Límite de compra Gs. 2.000.000 mensual por tarjeta,,,https://www.familiar.com.py/pdfs/promocionesybeneficios-champs-elysees-bases-y-condiciones
55803f900f40910a,Familiar,Tiendas,CHAMPS-SHOPPING MARIANO,CHAMPS-SHOPPING MARIANO,"Tarjetas Oro y Clásicas: 20% de reintegro en el extracto + 5% adicional pagando con QR desde la aplicación de Banco Familiar, además hasta 10 cuotas sin intereses; Tarjetas Platinum: 25% de reintegro en el extracto + 5% adicional pagando con QR desde la aplicación de Banco Familiar, además hasta 10 cuotas sin intereses",reintegro,20%; 5%; 25%,jueves,,1:jueves,el primer jueves de cada mes,Desde 2026-04-09 hasta 2026-12-03,"Límite de compra por tarjeta, por mes: Gs. 10.000.000.  Tarjetas Platinum: 25% de reintegro en el extracto + 5% adicional pagando con QR desde la aplicación de Banco Familiar, además hasta 10 cuotas sin intereses; Límite de compra por tarjeta, por mes: Gs. 10.000.000. Beneficios aplican únicamente a pagos realizados a través de la red Bancard/Infonet",,,https://www.familiar.com.py/pdfs/promocionesybeneficios-jueves-de-mariano
3bd5b4549acf9bef,Familiar,Tiendas,CHAMPS-SHOPPING MARISCAL,CHAMPS-SHOPPING MARISCAL,"Tarjetas Oro y Clásicas: 20% de reintegro en el extracto + 5% adicional pagando con QR desde la aplicación de Banco Familiar, además hasta 10 cuotas sin intereses; Tarjetas Platinum: 25% de reintegro en el extracto + 5% adicional pagando con QR desde la aplicación de Banco Familiar, además hasta 10 cuotas sin intereses",reintegro,20%; 5%; 25%,martes,,1:martes,el primer martes de cada mes,Desde 2026-04-07 hasta 2026-12-01,"Límite de compra por tarjeta, por mes: Gs. 10.000.000.  Tarjetas Platinum: 25% de reintegro en el extracto + 5% adicional pagando con QR desde la aplicación de Banco Familiar, además hasta 10 cuotas sin intereses; Límite de compra por tarjeta, por mes: Gs. 10.000.000. Beneficios aplican únicamente a pagos realizados a través de la red Bancard/Infonet",,,https://www.familiar.com.py/pdfs/promocionesybeneficios-martes-mariscal
dd082ab6a96e009e,Familiar,Tiendas,CHIKIS-SHOPPING MARIANO,CHIKIS-SHOPPING MARIANO,"Tarjetas Oro y Clásicas: 20% de reintegro en el extracto + 5% adicional pagando con QR desde la aplicación de Banco Familiar, además hasta 10 cuotas sin intereses; Tarjetas Platinum: 25% de reintegro en el extracto + 5% adicional pagando con QR desde la aplicación de Banco Familiar, además hasta 10 cuotas sin intereses",reintegro,20%; 5%; 25%,jueves,,1:jueves,el primer jueves de cada mes,Desde 2026-04-09 hasta 2026-12-03,"Límite de compra por tarjeta, por mes: Gs. 10.000.000.  Tarjetas Platinum: 25% de reintegro en el extracto + 5% adicional pagando con QR desde la aplicación de Banco Familiar, además hasta 10 cuotas sin intereses; Límite de compra por tarjeta, por mes: Gs. 10.000.000. Beneficios aplican únicamente a pagos realizados a través de la red Bancard/Infonet",,,https://www.familiar.com.py/pdfs/promocionesybeneficios-jueves-de-mariano
474dc662fb1c6055,Familiar,Tiendas,CHILLI BEANS-SHOPPING MARISCAL,CHILLI BEANS-SHOPPING MARISCAL,"Tarjetas Oro y Clásicas: 20% de reintegro en el extracto + 5% adicional pagando con QR desde la aplicación de Banco Familiar, además hasta 10 cuotas sin intereses; Tarjetas Platinum: 25% de reintegro en el extracto + 5% adicional pagando con QR desde la aplicación de Banco Familiar, además hasta 10 cuotas sin intereses",reintegro,20%; 5%; 25%,martes,,1:martes,el primer martes de cada mes,Desde 2026-04-07 hasta 2026-12-01,"Límite de compra por tarjeta, por mes: Gs. 10.000.000.  Tarjetas Platinum: 25% de reintegro en el extracto + 5% adicional pagando con QR desde la aplicación de Banco Familiar, además hasta 10 cuotas sin intereses; Límite de compra por tarjeta, por mes: Gs. 10.000.000. Beneficios aplican únicamente a pagos realizados a través de la red Bancard/Infonet",,,https://www.familiar.com.py/pdfs/promocionesybeneficios-martes-mariscal
5695099d842b2f8e,Familiar,Tiendas,COMPLOT-SHOPPING MARIANO,COMPLOT-SHOPPING MARIANO,"Tarjetas Oro y Clásicas: 20% de reintegro en el extracto + 5% adicional pagando con QR desde la aplicación de Banco Familiar, además hasta 10 cuotas sin intereses; Tarjetas Platinum: 25% de reintegro en el extracto + 5% adicional pagando con QR desde la aplicación de Banco Familiar, además hasta 10 cuotas sin intereses",reintegro,20%; 5%; 25%,jueves,,1:jueves,el primer jueves de cada mes,Desde 2026-04-09 hasta 2026-12-03,"Límite de compra por tarjeta, por mes: Gs. 10.000.000.  Tarjetas Platinum: 25% de reintegro en el extracto + 5% adicional pagando con QR desde la aplicación de Banco Familiar, además hasta 10 cuotas sin intereses; Límite de compra por tarjeta, por mes: Gs. 10.000.000. Beneficios aplican únicamente a pagos realizados a través de la red Bancard/Infonet",,,https://www.familiar.com.py/pdfs/promocionesybeneficios-jueves-de-mariano
7c91fb9590c201bf,Familiar,Tiendas,CONECTOY,CONECTOY,"20% de reintegro en el extracto + 10% de descuento en caja, también podrá fraccionar sus compras en hasta 10 cuotas sin intereses",reintegro,20%; 10%,jueves,,,todos los jueves,Desde 2026-01-01 hasta 2026-12-31,Límite de compra Gs 2.000.000 mensual por tarjeta,,,https://www.familiar.com.py/pdfs/promocionesybeneficios-conectoy-bases-y-condiciones
5645723facaed1c1,Familiar,Tiendas,COPEMARKET,COPEMARKET,Con sus tarjetas de crédito Visa Platinum EL CLIENTE obtendrá 25% de reintegro en el extracto; Con sus tarjetas de crédito Visa o Mastercard Oro/Gold y Visa o Mastercard Clásica EL CLIENTE obtendrá 20% de reintegro en el extracto,reintegro,25%; 20%,lunes; martes; miércoles; jueves; viernes; sábado; domingo,,,todos los días,Desde 2026-01-01 hasta 2026-12-31,Límite de compra Gs. 500.000 mensual por tarjeta; Límite de compra Gs. 500.000 mensual por tarjeta,,,https://www.familiar.com.py/pdfs/promocionesybeneficios-copemarket-bases-y-condiciones
2571ecf1b5b6bf8c,Familiar,Tiendas,CYCLES SHOP,CYCLES SHOP,20% de reintegro en el extracto; hasta en 12 cuotas sin intereses con tarjetas clásicas y hasta en 24 cuotas sin intereses con tarjetas oro y platinum,reintegro,20%,miércoles,,,todos los miercoles,Desde 2026-09-16 hasta 2026-12-30,Límite de compra Gs 5.000.000 mensual por tarjeta,,,https://www.familiar.com.py/pdfs/promocionesybeneficios-cycles-shop
5af7267ae6b93c1e,Familiar,Tiendas,DA VINCI-SHOPPING MARISCAL,DA VINCI-SHOPPING MARISCAL,"Tarjetas Oro y Clásicas: 20% de reintegro en el extracto + 5% adicional pagando con QR desde la aplicación de Banco Familiar, además hasta 10 cuotas sin intereses; Tarjetas Platinum: 25% de reintegro en el extracto + 5% adicional pagando con QR desde la aplicación de Banco Familiar, además hasta 10 cuotas sin intereses",reintegro,20%; 5%; 25%,martes,,1:martes,el primer martes de cada mes,Desde 2026-04-07 hasta 2026-12-01,"Límite de compra por tarjeta, por mes: Gs. 10.000.000.  Tarjetas Platinum: 25% de reintegro en el extracto + 5% adicional pagando con QR desde la aplicación de Banco Familiar, además hasta 10 cuotas sin intereses; Límite de compra por tarjeta, por mes: Gs. 10.000.000. Beneficios aplican únicamente a pagos realizados a través de la red Bancard/Infonet",,,https://www.familiar.com.py/pdfs/promocionesybeneficios-martes-mariscal
9ba15f4be7cbd85b,Familiar,Tiendas,DASAMA,DASAMA,20% de reintegro en el extracto,reintegro,20%,miércoles,,,todos los miercoles,Desde 2026-04-08 hasta 2026-12-30,Límite de compra Gs 1.000.000 mensual por tarjeta,,,https://www.familiar.com.py/pdfs/promocionesybeneficios-dasama
70f46d8412c9c2b6,Familiar,Tiendas,DECANTER,DECANTER,"Por las compras realizadas con las tarjetas de crédito de Banco Familiar mencionadas en el punto 1, los días viernes, en los comercios aliados listados más abajo, EL CLIENTE obtendrá 20% de reintegro directo en el extracto",reintegro,20%,jueves,,,todos los jueves,Desde 2026-01-01 hasta 2026-12-24,,,,https://www.familiar.com.py/pdfs/promocionesybeneficios-decanter-bases-y-condiciones
981b9c38bb22ab68,Familiar,Tiendas,DENOIR-SHOPPING MARIANO,DENOIR-SHOPPING MARIANO,"Tarjetas Oro y Clásicas: 20% de reintegro en el extracto + 5% adicional pagando con QR desde la aplicación de Banco Familiar, además hasta 10 cuotas sin intereses; Tarjetas Platinum: 25% de reintegro en el extracto + 5% adicional pagando con QR desde la aplicación de Banco Familiar, además hasta 10 cuotas sin intereses",reintegro,20%; 5%; 25%,jueves,,1:jueves,el primer jueves de cada mes,Desde 2026-04-09 hasta 2026-12-03,"Límite de compra por tarjeta, por mes: Gs. 10.000.000.  Tarjetas Platinum: 25% de reintegro en el extracto + 5% adicional pagando con QR desde la aplicación de Banco Familiar, además hasta 10 cuotas sin intereses; Límite de compra por tarjeta, por mes: Gs. 10.000.000. Beneficios aplican únicamente a pagos realizados a través de la red Bancard/Infonet",,,https://www.familiar.com.py/pdfs/promocionesybeneficios-jueves-de-mariano
02248c8d50102e44,Familiar,Tiendas,DENOIR-SHOPPING MARISCAL,DENOIR-SHOPPING MARISCAL,"Tarjetas Oro y Clásicas: 20% de reintegro en el extracto + 5% adicional pagando con QR desde la aplicación de Banco Familiar, además hasta 10 cuotas sin intereses; Tarjetas Platinum: 25% de reintegro en el extracto + 5% adicional pagando con QR desde la aplicación de Banco Familiar, además hasta 10 cuotas sin intereses",reintegro,20%; 5%; 25%,martes,,1:martes,el primer martes de cada mes,Desde 2026-04-07 hasta 2026-12-01,"Límite de compra por tarjeta, por mes: Gs. 10.000.000.  Tarjetas Platinum: 25% de reintegro en el extracto + 5% adicional pagando con QR desde la aplicación de Banco Familiar, además hasta 10 cuotas sin intereses; Límite de compra por tarjeta, por mes: Gs. 10.000.000. Beneficios aplican únicamente a pagos realizados a través de la red Bancard/Infonet",,,https://www.familiar.com.py/pdfs/promocionesybeneficios-martes-mariscal
c6d959bf39c17fa1,Familiar,Tiendas,DEOLINDA-SHOPPING MARIANO,DEOLINDA-SHOPPING MARIANO,"Tarjetas Oro y Clásicas: 20% de reintegro en el extracto + 5% adicional pagando con QR desde la aplicación de Banco Familiar, además hasta 10 cuotas sin intereses; Tarjetas Platinum: 25% de reintegro en el extracto + 5% adicional pagando con QR desde la aplicación de Banco Familiar, además hasta 10 cuotas sin intereses",reintegro,20%; 5%; 25%,jueves,,1:jueves,el primer jueves de cada mes,Desde 2026-04-09 hasta 2026-12-03,"Límite de compra por tarjeta, por mes: Gs. 10.000.000.  Tarjetas Platinum: 25% de reintegro en el extracto + 5% adicional pagando con QR desde la aplicación de Banco Familiar, además hasta 10 cuotas sin intereses; Límite de compra por tarjeta, por mes: Gs. 10.000.000. Beneficios aplican únicamente a pagos realizados a través de la red Bancard/Infonet",,,https://www.familiar.com.py/pdfs/promocionesybeneficios-jueves-de-mariano
511416e52af425a2,Familiar,Tiendas,DEPORT CENTER,DEPORT CENTER,20% de reintegro en el extracto,reintegro,20%,miércoles,,,todos los miercoles,Desde 2026-01-07 hasta 2026-12-30,Límite de compra Gs 1.000.000 mensual por tarjeta,,,https://www.familiar.com.py/pdfs/promocionesybeneficios-deport-center-bases-y-condiciones
8d6169297de297d3,Familiar,Tiendas,ENEACHE-SHOPPING MARISCAL,ENEACHE-SHOPPING MARISCAL,"Tarjetas Oro y Clásicas: 20% de reintegro en el extracto + 5% adicional pagando con QR desde la aplicación de Banco Familiar, además hasta 10 cuotas sin intereses; Tarjetas Platinum: 25% de reintegro en el extracto + 5% adicional pagando con QR desde la aplicación de Banco Familiar, además hasta 10 cuotas sin intereses",reintegro,20%; 5%; 25%,martes,,1:martes,el primer martes de cada mes,Desde 2026-04-07 hasta 2026-12-01,"Límite de compra por tarjeta, por mes: Gs. 10.000.000.  Tarjetas Platinum: 25% de reintegro en el extracto + 5% adicional pagando con QR desde la aplicación de Banco Familiar, además hasta 10 cuotas sin intereses; Límite de compra por tarjeta, por mes: Gs. 10.000.000. Beneficios aplican únicamente a pagos realizados a través de la red Bancard/Infonet",,,https://www.familiar.com.py/pdfs/promocionesybeneficios-martes-mariscal
49a5ebd21e855d7b,Familiar,Tiendas,EUREKA KIDS-SHOPPING MARISCAL,EUREKA KIDS-SHOPPING MARISCAL,"Tarjetas Oro y Clásicas: 20% de reintegro en el extracto + 5% adicional pagando con QR desde la aplicación de Banco Familiar, además hasta 10 cuotas sin intereses; Tarjetas Platinum: 25% de reintegro en el extracto + 5% adicional pagando con QR desde la aplicación de Banco Familiar, además hasta 10 cuotas sin intereses",reintegro,20%; 5%; 25%,martes,,1:martes,el primer martes de cada mes,Desde 2026-04-07 hasta 2026-12-01,"Límite de compra por tarjeta, por mes: Gs. 10.000.000.  Tarjetas Platinum: 25% de reintegro en el extracto + 5% adicional pagando con QR desde la aplicación de Banco Familiar, además hasta 10 cuotas sin intereses; Límite de compra por tarjeta, por mes: Gs. 10.000.000. Beneficios aplican únicamente a pagos realizados a través de la red Bancard/Infonet",,,https://www.familiar.com.py/pdfs/promocionesybeneficios-martes-mariscal
e3958033af9f447a,Familiar,Tiendas,FASHION POINT-PLAZA NORTE,FASHION POINT-PLAZA NORTE,"Tarjetas Oro y Clásicas: 20% de reintegro en el extracto + 5% adicional pagando con QR desde la aplicación de Banco Familiar, además hasta 10 cuotas sin intereses; Tarjetas Platinum: 25% de reintegro en el extracto + 5% adicional pagando con QR desde la aplicación de Banco Familiar, además hasta 10 cuotas sin intereses",reintegro,20%; 5%; 25%,martes,,1:martes,el primer martes de cada mes,Desde 2026-04-07 hasta 2026-12-01,"Límite de compra por tarjeta, por mes: Gs. 10.000.000.  Tarjetas Platinum: 25% de reintegro en el extracto + 5% adicional pagando con QR desde la aplicación de Banco Familiar, además hasta 10 cuotas sin intereses; Límite de compra por tarjeta, por mes: Gs. 10.000.000. *Beneficios aplican únicamente a pagos realizados a través de la red Bancard/Infonet",,,https://www.familiar.com.py/pdfs/promocionesybeneficios-martes-plaza-norte
4f66876f9125abba,Familiar,Tiendas,FOREVER 21,FOREVER 21,"Con sus tarjetas de crédito Visa Platinum EL CLIENTE obtendrá 25% de reintegro en el extracto; Con sus tarjetas de crédito Visa o MasterCard Oro/Gold, Visa o MasterCard Clásica, Positiva Visa y Positiva BancardCheck, EL CLIENTE obtendrá 20% de reintegro en el extracto; Podrán fraccionar sus compras, todos los días en hasta 10 cuotas sin intereses",reintegro,25%; 20%,miércoles,,,los miércoles,Desde 2026-05-06 hasta 2026-12-30,Límite de compra Gs. 2.000.000 mensual por tarjeta; Límite de compra Gs. 2.000.000 mensual por tarjeta,,,https://www.familiar.com.py/pdfs/promocionesybeneficios-forever-21-bases-y-condiciones
ea5686b910334b7f,Familiar,Tiendas,GOTITAS-SHOPPING MARIANO,GOTITAS-SHOPPING MARIANO,"Tarjetas Oro y Clásicas: 20% de reintegro en el extracto + 5% adicional pagando con QR desde la aplicación de Banco Familiar, además hasta 10 cuotas sin intereses; Tarjetas Platinum: 25% de reintegro en el extracto + 5% adicional pagando con QR desde la aplicación de Banco Familiar, además hasta 10 cuotas sin intereses",reintegro,20%; 5%; 25%,jueves,,1:jueves,el primer jueves de cada mes,Desde 2026-04-09 hasta 2026-12-03,"Límite de compra por tarjeta, por mes: Gs. 10.000.000.  Tarjetas Platinum: 25% de reintegro en el extracto + 5% adicional pagando con QR desde la aplicación de Banco Familiar, además hasta 10 cuotas sin intereses; Límite de compra por tarjeta, por mes: Gs. 10.000.000. Beneficios aplican únicamente a pagos realizados a través de la red Bancard/Infonet",,,https://www.familiar.com.py/pdfs/promocionesybeneficios-jueves-de-mariano
9920567969e69078,Familiar,Tiendas,HAVAIANAS-SHOPPING MARIANO,HAVAIANAS-SHOPPING MARIANO,"Tarjetas Oro y Clásicas: 20% de reintegro en el extracto + 5% adicional pagando con QR desde la aplicación de Banco Familiar, además hasta 10 cuotas sin intereses; Tarjetas Platinum: 25% de reintegro en el extracto + 5% adicional pagando con QR desde la aplicación de Banco Familiar, además hasta 10 cuotas sin intereses",reintegro,20%; 5%; 25%,jueves,,1:jueves,el primer jueves de cada mes,Desde 2026-04-09 hasta 2026-12-03,"Límite de compra por tarjeta, por mes: Gs. 10.000.000.  Tarjetas Platinum: 25% de reintegro en el extracto + 5% adicional pagando con QR desde la aplicación de Banco Familiar, además hasta 10 cuotas sin intereses; Límite de compra por tarjeta, por mes: Gs. 10.000.000. Beneficios aplican únicamente a pagos realizados a través de la red Bancard/Infonet",,,https://www.familiar.com.py/pdfs/promocionesybeneficios-jueves-de-mariano
1761070b07a60544,Familiar,Tiendas,IMPERIAL-SHOPPING MARIANO,IMPERIAL-SHOPPING MARIANO,"Tarjetas Oro y Clásicas: 20% de reintegro en el extracto + 5% adicional pagando con QR desde la aplicación de Banco Familiar, además hasta 10 cuotas sin intereses; Tarjetas Platinum: 25% de reintegro en el extracto + 5% adicional pagando con QR desde la aplicación de Banco Familiar, además hasta 10 cuotas sin intereses",reintegro,20%; 5%; 25%,jueves,,1:jueves,el primer jueves de cada mes,Desde 2026-04-09 hasta 2026-12-03,"Límite de compra por tarjeta, por mes: Gs. 10.000.000.  Tarjetas Platinum: 25% de reintegro en el extracto + 5% adicional pagando con QR desde la aplicación de Banco Familiar, además hasta 10 cuotas sin intereses; Límite de compra por tarjeta, por mes: Gs. 10.000.000. Beneficios aplican únicamente a pagos realizados a través de la red Bancard/Infonet",,,https://www.familiar.com.py/pdfs/promocionesybeneficios-jueves-de-mariano
13b38b53b29fb848,Familiar,Tiendas,INDIO-SHOPPING MARIANO,INDIO-SHOPPING MARIANO,"Tarjetas Oro y Clásicas: 20% de reintegro en el extracto + 5% adicional pagando con QR desde la aplicación de Banco Familiar, además hasta 10 cuotas sin intereses; Tarjetas Platinum: 25% de reintegro en el extracto + 5% adicional pagando con QR desde la aplicación de Banco Familiar, además hasta 10 cuotas sin intereses",reintegro,20%; 5%; 25%,jueves,,1:jueves,el primer jueves de cada mes,Desde 2026-04-09 hasta 2026-12-03,"Límite de compra por tarjeta, por mes: Gs. 10.000.000.  Tarjetas Platinum: 25% de reintegro en el extracto + 5% adicional pagando con QR desde la aplicación de Banco Familiar, además hasta 10 cuotas sin intereses; Límite de compra por tarjeta, por mes: Gs. 10.000.000. Beneficios aplican únicamente a pagos realizados a través de la red Bancard/Infonet",,,https://www.familiar.com.py/pdfs/promocionesybeneficios-jueves-de-mariano
89329f08118d1073,Familiar,Tiendas,ISADORA-SHOPPING MARIANO,ISADORA-SHOPPING MARIANO,"Tarjetas Oro y Clásicas: 20% de reintegro en el extracto + 5% adicional pagando con QR desde la aplicación de Banco Familiar, además hasta 10 cuotas sin intereses; Tarjetas Platinum: 25% de reintegro en el extracto + 5% adicional pagando con QR desde la aplicación de Banco Familiar, además hasta 10 cuotas sin intereses",reintegro,20%; 5%; 25%,jueves,,1:jueves,el primer jueves de cada mes,Desde 2026-04-09 hasta 2026-12-03,"Límite de compra por tarjeta, por mes: Gs. 10.000.000.  Tarjetas Platinum: 25% de reintegro en el extracto + 5% adicional pagando con QR desde la aplicación de Banco Familiar, además hasta 10 cuotas sin intereses; Límite de compra por tarjeta, por mes: Gs. 10.000.000. Beneficios aplican únicamente a pagos realizados a través de la red Bancard/Infonet",,,https://www.familiar.com.py/pdfs/promocionesybeneficios-jueves-de-mariano
608db04394176624,Familiar,Tiendas,ISADORA-SHOPPING MARISCAL,ISADORA-SHOPPING MARISCAL,"Tarjetas Oro y Clásicas: 20% de reintegro en el extracto + 5% adicional pagando con QR desde la aplicación de Banco Familiar, además hasta 10 cuotas sin intereses; Tarjetas Platinum: 25% de reintegro en el extracto + 5% adicional pagando con QR desde la aplicación de Banco Familiar, además hasta 10 cuotas sin intereses",reintegro,20%; 5%; 25%,martes,,1:martes,el primer martes de cada mes,Desde 2026-04-07 hasta 2026-12-01,"Límite de compra por tarjeta, por mes: Gs. 10.000.000.  Tarjetas Platinum: 25% de reintegro en el extracto + 5% adicional pagando con QR desde la aplicación de Banco Familiar, además hasta 10 cuotas sin intereses; Límite de compra por tarjeta, por mes: Gs. 10.000.000. Beneficios aplican únicamente a pagos realizados a través de la red Bancard/Infonet",,,https://www.familiar.com.py/pdfs/promocionesybeneficios-martes-mariscal
7fe9a8cd9ea5a28a,Familiar,Tiendas,ISDIN,ISDIN,"Con sus tarjetas de crédito Visa Platinum EL CLIENTE obtendrá 25% de reintegro en el extracto; Con sus tarjetas de crédito Visa o MasterCard Oro/Gold, Visa o MasterCard Clásica, Positiva Visa y Positiva BancardCheck, EL CLIENTE obtendrá 20% de reintegro en el extracto; Podrán fraccionar sus compras, todos los días en hasta 10 cuotas sin intereses",reintegro,25%; 20%,miércoles,,,los miércoles,Desde 2026-05-06 hasta 2026-12-30,Límite de compra Gs. 2.000.000 mensual por tarjeta; Límite de compra Gs. 2.000.000 mensual por tarjeta,,,https://www.familiar.com.py/pdfs/promocionesybeneficios-isdin-bases-y-condiciones
28c53e7e6a7a1eb3,Familiar,Tiendas,JACK & JONES,JACK & JONES,"Con sus tarjetas de crédito Visa Platinum EL CLIENTE obtendrá 25% de reintegro en el extracto; Con sus tarjetas de crédito Visa o MasterCard Oro/Gold, Visa o MasterCard Clásica, Positiva Visa y Positiva BancardCheck, EL CLIENTE obtendrá 20% de reintegro en el extracto; Podrán fraccionar sus compras, todos los días en hasta 10 cuotas sin intereses",reintegro,25%; 20%,miércoles,,,los miércoles,Desde 2026-05-06 hasta 2026-12-30,Límite de compra Gs. 2.000.000 mensual por tarjeta; Límite de compra Gs. 2.000.000 mensual por tarjeta,,,https://www.familiar.com.py/pdfs/promocionesybeneficios-jack-jones
3f19cd070d38e724,Familiar,Tiendas,JAKARE LA TIENDA,JAKARE LA TIENDA,20% de reintegro en el extracto,reintegro,20%,miércoles,,,todos los miercoles,Desde 2026-04-08 hasta 2026-12-30,Límite de compra Gs 1.000.000 mensual por tarjeta,,,https://www.familiar.com.py/pdfs/promocionesybeneficios-jakare-la-tienda
b3a215b806d9fbe8,Familiar,Tiendas,JOSEPH COIFFURE-PLAZA NORTE,JOSEPH COIFFURE-PLAZA NORTE,"Tarjetas Oro y Clásicas: 20% de reintegro en el extracto + 5% adicional pagando con QR desde la aplicación de Banco Familiar, además hasta 10 cuotas sin intereses; Tarjetas Platinum: 25% de reintegro en el extracto + 5% adicional pagando con QR desde la aplicación de Banco Familiar, además hasta 10 cuotas sin intereses",reintegro,20%; 5%; 25%,martes,,1:martes,el primer martes de cada mes,Desde 2026-04-07 hasta 2026-12-01,"Límite de compra por tarjeta, por mes: Gs. 10.000.000.  Tarjetas Platinum: 25% de reintegro en el extracto + 5% adicional pagando con QR desde la aplicación de Banco Familiar, además hasta 10 cuotas sin intereses; Límite de compra por tarjeta, por mes: Gs. 10.000.000. *Beneficios aplican únicamente a pagos realizados a través de la red Bancard/Infonet",,,https://www.familiar.com.py/pdfs/promocionesybeneficios-martes-plaza-norte
32340210a0b28d50,Familiar,Tiendas,KALUA-SHOPPING MARIANO,KALUA-SHOPPING MARIANO,"Tarjetas Oro y Clásicas: 20% de reintegro en el extracto + 5% adicional pagando con QR desde la aplicación de Banco Familiar, además hasta 10 cuotas sin intereses; Tarjetas Platinum: 25% de reintegro en el extracto + 5% adicional pagando con QR desde la aplicación de Banco Familiar, además hasta 10 cuotas sin intereses",reintegro,20%; 5%; 25%,jueves,,1:jueves,el primer jueves de cada mes,Desde 2026-04-09 hasta 2026-12-03,"Límite de compra por tarjeta, por mes: Gs. 10.000.000.  Tarjetas Platinum: 25% de reintegro en el extracto + 5% adicional pagando con QR desde la aplicación de Banco Familiar, además hasta 10 cuotas sin intereses; Límite de compra por tarjeta, por mes: Gs. 10.000.000. Beneficios aplican únicamente a pagos realizados a través de la red Bancard/Infonet",,,https://www.familiar.com.py/pdfs/promocionesybeneficios-jueves-de-mariano
24453054cabfae01,Familiar,Tiendas,LA BADEÑA,LA BADEÑA,"20% de reintegro en el extracto, también podrá fraccionar sus compras en hasta 10 cuotas sin intereses",reintegro,20%,lunes; martes; miércoles; jueves; viernes; sábado; domingo,,,todos los días,Desde 2026-12-01 hasta 2026-12-31,Límite de compra Gs 1.000.000 mensual por tarjeta,,,https://www.familiar.com.py/pdfs/promocionesybeneficios-la-badena-bases-y-condiciones
af76e165f436149d,Familiar,Tiendas,LIBERATO,LIBERATO,20% de reintegro en el extracto,reintegro,20%,miércoles,,,todos los miercoles,Desde 2026-01-07 hasta 2026-12-30,Límite de compra Gs 1.000.000 mensual por tarjeta,,,https://www.familiar.com.py/pdfs/promocionesybeneficios-liberato-bases-y-condiciones
91bdc5030bca1d55,Familiar,Tiendas,LUPO-SHOPPING MARIANO,LUPO-SHOPPING MARIANO,"Tarjetas Oro y Clásicas: 20% de reintegro en el extracto + 5% adicional pagando con QR desde la aplicación de Banco Familiar, además hasta 10 cuotas sin intereses; Tarjetas Platinum: 25% de reintegro en el extracto + 5% adicional pagando con QR desde la aplicación de Banco Familiar, además hasta 10 cuotas sin intereses",reintegro,20%; 5%; 25%,jueves,,1:jueves,el primer jueves de cada mes,Desde 2026-04-09 hasta 2026-12-03,"Límite de compra por tarjeta, por mes: Gs. 10.000.000.  Tarjetas Platinum: 25% de reintegro en el extracto + 5% adicional pagando con QR desde la aplicación de Banco Familiar, además hasta 10 cuotas sin intereses; Límite de compra por tarjeta, por mes: Gs. 10.000.000. Beneficios aplican únicamente a pagos realizados a través de la red Bancard/Infonet",,,https://www.familiar.com.py/pdfs/promocionesybeneficios-jueves-de-mariano
eb795c79e1cbd3a0,Familiar,Tiendas,MARTEL-SHOPPING MARIANO,MARTEL-SHOPPING MARIANO,"Tarjetas Oro y Clásicas: 20% de reintegro en el extracto + 5% adicional pagando con QR desde la aplicación de Banco Familiar, además hasta 10 cuotas sin intereses; Tarjetas Platinum: 25% de reintegro en el extracto + 5% adicional pagando con QR desde la aplicación de Banco Familiar, además hasta 10 cuotas sin intereses",reintegro,20%; 5%; 25%,jueves,,1:jueves,el primer jueves de cada mes,Desde 2026-04-09 hasta 2026-12-03,"Límite de compra por tarjeta, por mes: Gs. 10.000.000.  Tarjetas Platinum: 25% de reintegro en el extracto + 5% adicional pagando con QR desde la aplicación de Banco Familiar, además hasta 10 cuotas sin intereses; Límite de compra por tarjeta, por mes: Gs. 10.000.000. Beneficios aplican únicamente a pagos realizados a través de la red Bancard/Infonet",,,https://www.familiar.com.py/pdfs/promocionesybeneficios-jueves-de-mariano
884f93b8e739cccd,Familiar,Tiendas,MATCH-SHOPPING MARISCAL,MATCH-SHOPPING MARISCAL,"Tarjetas Oro y Clásicas: 20% de reintegro en el extracto + 5% adicional pagando con QR desde la aplicación de Banco Familiar, además hasta 10 cuotas sin intereses; Tarjetas Platinum: 25% de reintegro en el extracto + 5% adicional pagando con QR desde la aplicación de Banco Familiar, además hasta 10 cuotas sin intereses",reintegro,20%; 5%; 25%,martes,,1:martes,el primer martes de cada mes,Desde 2026-04-07 hasta 2026-12-01,"Límite de compra por tarjeta, por mes: Gs. 10.000.000.  Tarjetas Platinum: 25% de reintegro en el extracto + 5% adicional pagando con QR desde la aplicación de Banco Familiar, además hasta 10 cuotas sin intereses; Límite de compra por tarjeta, por mes: Gs. 10.000.000. Beneficios aplican únicamente a pagos realizados a través de la red Bancard/Infonet",,,https://www.familiar.com.py/pdfs/promocionesybeneficios-martes-mariscal
3ce9c0530085985c,Familiar,Tiendas,META SPORTS-SHOPPING MARISCAL,META SPORTS-SHOPPING MARISCAL,"Tarjetas Oro y Clásicas: 20% de reintegro en el extracto + 5% adicional pagando con QR desde la aplicación de Banco Familiar, además hasta 10 cuotas sin intereses; Tarjetas Platinum: 25% de reintegro en el extracto + 5% adicional pagando con QR desde la aplicación de Banco Familiar, además hasta 10 cuotas sin intereses",reintegro,20%; 5%; 25%,martes,,1:martes,el primer martes de cada mes,Desde 2026-04-07 hasta 2026-12-01,"Límite de compra por tarjeta, por mes: Gs. 10.000.000.  Tarjetas Platinum: 25% de reintegro en el extracto + 5% adicional pagando con QR desde la aplicación de Banco Familiar, además hasta 10 cuotas sin intereses; Límite de compra por tarjeta, por mes: Gs. 10.000.000. Beneficios aplican únicamente a pagos realizados a través de la red Bancard/Infonet",,,https://www.familiar.com.py/pdfs/promocionesybeneficios-martes-mariscal
75df413b86057f3a,Familiar,Tiendas,ML MULTIMARCAS,ML MULTIMARCAS,20% de reintegro en el extracto,reintegro,20%,miércoles,,,todos los miercoles,Desde 2026-01-07 hasta 2026-12-30,Límite de compra Gs 500.000 mensual por tarjeta,,,https://www.familiar.com.py/pdfs/promocionesybeneficios-ml-multimarcas
db9de2bd4b147f67,Familiar,Tiendas,MOTO CAVE,MOTO CAVE,20% de reintegro en el extracto,reintegro,20%,miércoles,,,todos los miercoles,Desde 2026-09-09 hasta 2026-12-30,Límite de compra Gs 1.000.000 mensual por tarjeta,,,https://www.familiar.com.py/pdfs/promocionesybeneficios-moto-cave
de9ae7d5a00f1fd4,Familiar,Tiendas,NAPOLES STORE,NAPOLES STORE,"Por las compras realizadas con las tarjetas de crédito de Banco Familiar mencionadas en el punto 1, en el comercio listado más abajo, EL CLIENTE accederá a 20% de reintegro directo en el extracto y 15% de descuento en caja, también podrá fraccionar sus compras hasta en 10 (diez) cuotas sin intereses",reintegro,20%; 15%,miércoles,,,todos los miércoles,Desde 2026-01-07 hasta 2026-12-30,,,,https://www.familiar.com.py/pdfs/promocionesybeneficios-napoles-store-bases-y-condiciones
08736f584c447d2e,Familiar,Tiendas,NASA JEANS-SHOPPING MARISCAL,NASA JEANS-SHOPPING MARISCAL,"Tarjetas Oro y Clásicas: 20% de reintegro en el extracto + 5% adicional pagando con QR desde la aplicación de Banco Familiar, además hasta 10 cuotas sin intereses; Tarjetas Platinum: 25% de reintegro en el extracto + 5% adicional pagando con QR desde la aplicación de Banco Familiar, además hasta 10 cuotas sin intereses",reintegro,20%; 5%; 25%,martes,,1:martes,el primer martes de cada mes,Desde 2026-04-07 hasta 2026-12-01,"Límite de compra por tarjeta, por mes: Gs. 10.000.000.  Tarjetas Platinum: 25% de reintegro en el extracto + 5% adicional pagando con QR desde la aplicación de Banco Familiar, además hasta 10 cuotas sin intereses; Límite de compra por tarjeta, por mes: Gs. 10.000.000. Beneficios aplican únicamente a pagos realizados a través de la red Bancard/Infonet",,,https://www.familiar.com.py/pdfs/promocionesybeneficios-martes-mariscal
04b589e7b083c8bd,Familiar,Tiendas,NICE,NICE,20% de reintegro en el extracto,reintegro,20%,miércoles,,,todos los miercoles,Desde 2026-04-29 hasta 2026-12-30,Límite de compra Gs 1.000.000 mensual por tarjeta,,,https://www.familiar.com.py/pdfs/promocionesybeneficios-nice
cbea160a4cc7892a,Familiar,Tiendas,NICE-SHOPPING MARIANO,NICE-SHOPPING MARIANO,"Tarjetas Oro y Clásicas: 20% de reintegro en el extracto + 5% adicional pagando con QR desde la aplicación de Banco Familiar, además hasta 10 cuotas sin intereses; Tarjetas Platinum: 25% de reintegro en el extracto + 5% adicional pagando con QR desde la aplicación de Banco Familiar, además hasta 10 cuotas sin intereses",reintegro,20%; 5%; 25%,jueves,,1:jueves,el primer jueves de cada mes,Desde 2026-04-09 hasta 2026-12-03,"Límite de compra por tarjeta, por mes: Gs. 10.000.000.  Tarjetas Platinum: 25% de reintegro en el extracto + 5% adicional pagando con QR desde la aplicación de Banco Familiar, además hasta 10 cuotas sin intereses; Límite de compra por tarjeta, por mes: Gs. 10.000.000. Beneficios aplican únicamente a pagos realizados a través de la red Bancard/Infonet",,,https://www.familiar.com.py/pdfs/promocionesybeneficios-jueves-de-mariano
a1a2d27c3988656c,Familiar,Tiendas,NICE-SHOPPING MARISCAL,NICE-SHOPPING MARISCAL,"Tarjetas Oro y Clásicas: 20% de reintegro en el extracto + 5% adicional pagando con QR desde la aplicación de Banco Familiar, además hasta 10 cuotas sin intereses; Tarjetas Platinum: 25% de reintegro en el extracto + 5% adicional pagando con QR desde la aplicación de Banco Familiar, además hasta 10 cuotas sin intereses",reintegro,20%; 5%; 25%,martes,,1:martes,el primer martes de cada mes,Desde 2026-04-07 hasta 2026-12-01,"Límite de compra por tarjeta, por mes: Gs. 10.000.000.  Tarjetas Platinum: 25% de reintegro en el extracto + 5% adicional pagando con QR desde la aplicación de Banco Familiar, además hasta 10 cuotas sin intereses; Límite de compra por tarjeta, por mes: Gs. 10.000.000. Beneficios aplican únicamente a pagos realizados a través de la red Bancard/Infonet",,,https://www.familiar.com.py/pdfs/promocionesybeneficios-martes-mariscal
f0ddf27bb7607b58,Familiar,Tiendas,NIKE-SHOPPING MARISCAL,NIKE-SHOPPING MARISCAL,"Tarjetas Oro y Clásicas: 20% de reintegro en el extracto + 5% adicional pagando con QR desde la aplicación de Banco Familiar, además hasta 10 cuotas sin intereses; Tarjetas Platinum: 25% de reintegro en el extracto + 5% adicional pagando con QR desde la aplicación de Banco Familiar, además hasta 10 cuotas sin intereses",reintegro,20%; 5%; 25%,martes,,1:martes,el primer martes de cada mes,Desde 2026-04-07 hasta 2026-12-01,"Límite de compra por tarjeta, por mes: Gs. 10.000.000.  Tarjetas Platinum: 25% de reintegro en el extracto + 5% adicional pagando con QR desde la aplicación de Banco Familiar, además hasta 10 cuotas sin intereses; Límite de compra por tarjeta, por mes: Gs. 10.000.000. Beneficios aplican únicamente a pagos realizados a través de la red Bancard/Infonet",,,https://www.familiar.com.py/pdfs/promocionesybeneficios-martes-mariscal
055c9d037c824725,Familiar,Tiendas,O BOTICARIO,O BOTICARIO,"Con sus tarjetas de crédito Visa Platinum EL CLIENTE obtendrá 25% de reintegro en el extracto; Con sus tarjetas de crédito Visa o MasterCard Oro/Gold, Visa o MasterCard Clásica, Positiva Visa y Positiva BancardCheck, EL CLIENTE obtendrá 20% de reintegro en el extracto; Podrán fraccionar sus compras, todos los días en hasta 10 cuotas sin intereses",reintegro,25%; 20%,miércoles,,,los miércoles,Desde 2026-05-06 hasta 2026-12-30,Límite de compra Gs. 2.000.000 mensual por tarjeta; Límite de compra Gs. 2.000.000 mensual por tarjeta,,,https://www.familiar.com.py/pdfs/promocionesybeneficios-o-boticario-bases-y-condiciones
bc433a42a5a44e87,Familiar,Tiendas,O BOTICARIO-SHOPPING MARISCAL,O BOTICARIO-SHOPPING MARISCAL,"Tarjetas Oro y Clásicas: 20% de reintegro en el extracto + 5% adicional pagando con QR desde la aplicación de Banco Familiar, además hasta 10 cuotas sin intereses; Tarjetas Platinum: 25% de reintegro en el extracto + 5% adicional pagando con QR desde la aplicación de Banco Familiar, además hasta 10 cuotas sin intereses",reintegro,20%; 5%; 25%,martes,,1:martes,el primer martes de cada mes,Desde 2026-04-07 hasta 2026-12-01,"Límite de compra por tarjeta, por mes: Gs. 10.000.000.  Tarjetas Platinum: 25% de reintegro en el extracto + 5% adicional pagando con QR desde la aplicación de Banco Familiar, además hasta 10 cuotas sin intereses; Límite de compra por tarjeta, por mes: Gs. 10.000.000. Beneficios aplican únicamente a pagos realizados a través de la red Bancard/Infonet",,,https://www.familiar.com.py/pdfs/promocionesybeneficios-martes-mariscal
e0bd2a4861c77480,Familiar,Tiendas,OPTICA CARRON-SHOPPING MARISCAL,OPTICA CARRON-SHOPPING MARISCAL,"Tarjetas Oro y Clásicas: 20% de reintegro en el extracto + 5% adicional pagando con QR desde la aplicación de Banco Familiar, además hasta 10 cuotas sin intereses; Tarjetas Platinum: 25% de reintegro en el extracto + 5% adicional pagando con QR desde la aplicación de Banco Familiar, además hasta 10 cuotas sin intereses",reintegro,20%; 5%; 25%,martes,,1:martes,el primer martes de cada mes,Desde 2026-04-07 hasta 2026-12-01,"Límite de compra por tarjeta, por mes: Gs. 10.000.000.  Tarjetas Platinum: 25% de reintegro en el extracto + 5% adicional pagando con QR desde la aplicación de Banco Familiar, además hasta 10 cuotas sin intereses; Límite de compra por tarjeta, por mes: Gs. 10.000.000. Beneficios aplican únicamente a pagos realizados a través de la red Bancard/Infonet",,,https://www.familiar.com.py/pdfs/promocionesybeneficios-martes-mariscal
00db8eb1bc1b01c4,Familiar,Tiendas,PABLITO SPORTS,PABLITO SPORTS,20% de reintegro en el extracto más 10% de descuento en caja y también podrá fraccionar sus compras en hasta 10 cuotas sin intereses,reintegro,20%; 10%,miércoles,,,todos los miercoles,Desde 2026-01-07 hasta 2026-12-30,Límite de compra Gs 1.000.000 mensual por tarjeta,,,https://www.familiar.com.py/pdfs/promocionesybeneficios-pablito-sports-bases-y-condiciones
4d89eb32f3b9659d,Familiar,Tiendas,PARFOIS-SHOPPING MARISCAL,PARFOIS-SHOPPING MARISCAL,"Tarjetas Oro y Clásicas: 20% de reintegro en el extracto + 5% adicional pagando con QR desde la aplicación de Banco Familiar, además hasta 10 cuotas sin intereses; Tarjetas Platinum: 25% de reintegro en el extracto + 5% adicional pagando con QR desde la aplicación de Banco Familiar, además hasta 10 cuotas sin intereses",reintegro,20%; 5%; 25%,martes,,1:martes,el primer martes de cada mes,Desde 2026-04-07 hasta 2026-12-01,"Límite de compra por tarjeta, por mes: Gs. 10.000.000.  Tarjetas Platinum: 25% de reintegro en el extracto + 5% adicional pagando con QR desde la aplicación de Banco Familiar, además hasta 10 cuotas sin intereses; Límite de compra por tarjeta, por mes: Gs. 10.000.000. Beneficios aplican únicamente a pagos realizados a través de la red Bancard/Infonet",,,https://www.familiar.com.py/pdfs/promocionesybeneficios-martes-mariscal
613e46928c88af43,Familiar,Tiendas,PATROL-PLAZA NORTE,PATROL-PLAZA NORTE,"Tarjetas Oro y Clásicas: 20% de reintegro en el extracto + 5% adicional pagando con QR desde la aplicación de Banco Familiar, además hasta 10 cuotas sin intereses; Tarjetas Platinum: 25% de reintegro en el extracto + 5% adicional pagando con QR desde la aplicación de Banco Familiar, además hasta 10 cuotas sin intereses",reintegro,20%; 5%; 25%,martes,,1:martes,el primer martes de cada mes,Desde 2026-04-07 hasta 2026-12-01,"Límite de compra por tarjeta, por mes: Gs. 10.000.000.  Tarjetas Platinum: 25% de reintegro en el extracto + 5% adicional pagando con QR desde la aplicación de Banco Familiar, además hasta 10 cuotas sin intereses; Límite de compra por tarjeta, por mes: Gs. 10.000.000. *Beneficios aplican únicamente a pagos realizados a través de la red Bancard/Infonet",,,https://www.familiar.com.py/pdfs/promocionesybeneficios-martes-plaza-norte
4edb47da70a00d64,Familiar,Tiendas,PATROL-SHOPPING MARIANO,PATROL-SHOPPING MARIANO,"Tarjetas Oro y Clásicas: 20% de reintegro en el extracto + 5% adicional pagando con QR desde la aplicación de Banco Familiar, además hasta 10 cuotas sin intereses; Tarjetas Platinum: 25% de reintegro en el extracto + 5% adicional pagando con QR desde la aplicación de Banco Familiar, además hasta 10 cuotas sin intereses",reintegro,20%; 5%; 25%,jueves,,1:jueves,el primer jueves de cada mes,Desde 2026-04-09 hasta 2026-12-03,"Límite de compra por tarjeta, por mes: Gs. 10.000.000.  Tarjetas Platinum: 25% de reintegro en el extracto + 5% adicional pagando con QR desde la aplicación de Banco Familiar, además hasta 10 cuotas sin intereses; Límite de compra por tarjeta, por mes: Gs. 10.000.000. Beneficios aplican únicamente a pagos realizados a través de la red Bancard/Infonet",,,https://www.familiar.com.py/pdfs/promocionesybeneficios-jueves-de-mariano
ee3d9c1798d86ec8,Familiar,Tiendas,PATROL-SHOPPING MARISCAL,PATROL-SHOPPING MARISCAL,"Tarjetas Oro y Clásicas: 20% de reintegro en el extracto + 5% adicional pagando con QR desde la aplicación de Banco Familiar, además hasta 10 cuotas sin intereses; Tarjetas Platinum: 25% de reintegro en el extracto + 5% adicional pagando con QR desde la aplicación de Banco Familiar, además hasta 10 cuotas sin intereses",reintegro,20%; 5%; 25%,martes,,1:martes,el primer martes de cada mes,Desde 2026-04-07 hasta 2026-12-01,"Límite de compra por tarjeta, por mes: Gs. 10.000.000.  Tarjetas Platinum: 25% de reintegro en el extracto + 5% adicional pagando con QR desde la aplicación de Banco Familiar, además hasta 10 cuotas sin intereses; Límite de compra por tarjeta, por mes: Gs. 10.000.000. Beneficios aplican únicamente a pagos realizados a través de la red Bancard/Infonet",,,https://www.familiar.com.py/pdfs/promocionesybeneficios-martes-mariscal
cdf1c50e28633714,Familiar,Tiendas,PUMA-SHOPPING MARISCAL,PUMA-SHOPPING MARISCAL,"Tarjetas Oro y Clásicas: 20% de reintegro en el extracto + 5% adicional pagando con QR desde la aplicación de Banco Familiar, además hasta 10 cuotas sin intereses; Tarjetas Platinum: 25% de reintegro en el extracto + 5% adicional pagando con QR desde la aplicación de Banco Familiar, además hasta 10 cuotas sin intereses",reintegro,20%; 5%; 25%,martes,,1:martes,el primer martes de cada mes,Desde 2026-04-07 hasta 2026-12-01,"Límite de compra por tarjeta, por mes: Gs. 10.000.000.  Tarjetas Platinum: 25% de reintegro en el extracto + 5% adicional pagando con QR desde la aplicación de Banco Familiar, además hasta 10 cuotas sin intereses; Límite de compra por tarjeta, por mes: Gs. 10.000.000. Beneficios aplican únicamente a pagos realizados a través de la red Bancard/Infonet",,,https://www.familiar.com.py/pdfs/promocionesybeneficios-martes-mariscal
debdae42948b8dbd,Familiar,Tiendas,RONDINA-SHOPPING MARISCAL,RONDINA-SHOPPING MARISCAL,"Tarjetas Oro y Clásicas: 20% de reintegro en el extracto + 5% adicional pagando con QR desde la aplicación de Banco Familiar, además hasta 10 cuotas sin intereses; Tarjetas Platinum: 25% de reintegro en el extracto + 5% adicional pagando con QR desde la aplicación de Banco Familiar, además hasta 10 cuotas sin intereses",reintegro,20%; 5%; 25%,martes,,1:martes,el primer martes de cada mes,Desde 2026-04-07 hasta 2026-12-01,"Límite de compra por tarjeta, por mes: Gs. 10.000.000.  Tarjetas Platinum: 25% de reintegro en el extracto + 5% adicional pagando con QR desde la aplicación de Banco Familiar, además hasta 10 cuotas sin intereses; Límite de compra por tarjeta, por mes: Gs. 10.000.000. Beneficios aplican únicamente a pagos realizados a través de la red Bancard/Infonet",,,https://www.familiar.com.py/pdfs/promocionesybeneficios-martes-mariscal
ed8f8816fecd6212,Familiar,Tiendas,SECRET MODAS,SECRET MODAS,20% de reintegro en el extracto,reintegro,20%,miércoles,,,todos los miercoles,Desde 2026-01-07 hasta 2026-12-30,Límite de compra Gs 1.000.000 mensual por tarjeta,,,https://www.familiar.com.py/pdfs/promocionesybeneficios-secret-modas-bases-y-condiciones
0c1d5a2499e5d11e,Familiar,Tiendas,SKECHERS-SHOPPING MARISCAL,SKECHERS-SHOPPING MARISCAL,"Tarjetas Oro y Clásicas: 20% de reintegro en el extracto + 5% adicional pagando con QR desde la aplicación de Banco Familiar, además hasta 10 cuotas sin intereses; Tarjetas Platinum: 25% de reintegro en el extracto + 5% adicional pagando con QR desde la aplicación de Banco Familiar, además hasta 10 cuotas sin intereses",reintegro,20%; 5%; 25%,martes,,1:martes,el primer martes de cada mes,Desde 2026-04-07 hasta 2026-12-01,"Límite de compra por tarjeta, por mes: Gs. 10.000.000.  Tarjetas Platinum: 25% de reintegro en el extracto + 5% adicional pagando con QR desde la aplicación de Banco Familiar, además hasta 10 cuotas sin intereses; Límite de compra por tarjeta, por mes: Gs. 10.000.000. Beneficios aplican únicamente a pagos realizados a través de la red Bancard/Infonet",,,https://www.familiar.com.py/pdfs/promocionesybeneficios-martes-mariscal
66bcd6d5a87f11e8,Familiar,Tiendas,SPORT HOUSE-PLAZA NORTE,SPORT HOUSE-PLAZA NORTE,"Tarjetas Oro y Clásicas: 20% de reintegro en el extracto + 5% adicional pagando con QR desde la aplicación de Banco Familiar, además hasta 10 cuotas sin intereses; Tarjetas Platinum: 25% de reintegro en el extracto + 5% adicional pagando con QR desde la aplicación de Banco Familiar, además hasta 10 cuotas sin intereses",reintegro,20%; 5%; 25%,martes,,1:martes,el primer martes de cada mes,Desde 2026-04-07 hasta 2026-12-01,"Límite de compra por tarjeta, por mes: Gs. 10.000.000.  Tarjetas Platinum: 25% de reintegro en el extracto + 5% adicional pagando con QR desde la aplicación de Banco Familiar, además hasta 10 cuotas sin intereses; Límite de compra por tarjeta, por mes: Gs. 10.000.000. *Beneficios aplican únicamente a pagos realizados a través de la red Bancard/Infonet",,,https://www.familiar.com.py/pdfs/promocionesybeneficios-martes-plaza-norte
07336f8d32db13ba,Familiar,Tiendas,SPORT HOUSE-SHOPPING MARISCAL,SPORT HOUSE-SHOPPING MARISCAL,"Tarjetas Oro y Clásicas: 20% de reintegro en el extracto + 5% adicional pagando con QR desde la aplicación de Banco Familiar, además hasta 10 cuotas sin intereses; Tarjetas Platinum: 25% de reintegro en el extracto + 5% adicional pagando con QR desde la aplicación de Banco Familiar, además hasta 10 cuotas sin intereses",reintegro,20%; 5%; 25%,martes,,1:martes,el primer martes de cada mes,Desde 2026-04-07 hasta 2026-12-01,"Límite de compra por tarjeta, por mes: Gs. 10.000.000.  Tarjetas Platinum: 25% de reintegro en el extracto + 5% adicional pagando con QR desde la aplicación de Banco Familiar, además hasta 10 cuotas sin intereses; Límite de compra por tarjeta, por mes: Gs. 10.000.000. Beneficios aplican únicamente a pagos realizados a través de la red Bancard/Infonet",,,https://www.familiar.com.py/pdfs/promocionesybeneficios-martes-mariscal
5a4dfc42de19d160,Familiar,Tiendas,SPRINGFIELD,SPRINGFIELD,"Con sus tarjetas de crédito Visa Platinum EL CLIENTE obtendrá 25% de reintegro en el extracto; Con sus tarjetas de crédito Visa o MasterCard Oro/Gold, Visa o MasterCard Clásica, Positiva Visa y Positiva BancardCheck, EL CLIENTE obtendrá 20% de reintegro en el extracto; Podrán fraccionar sus compras, todos los días en hasta 10 cuotas sin intereses",reintegro,25%; 20%,miércoles,,,los miércoles,Desde 2026-01-06 hasta 2026-12-30,Límite de compra Gs. 2.000.000 mensual por tarjeta; Límite de compra Gs. 2.000.000 mensual por tarjeta,,,https://www.familiar.com.py/pdfs/promocionesybeneficios-springfield-bases-y-condiciones
54ecea1ba19b1a67,Familiar,Tiendas,TATAKUA-SHOPPING MARISCAL,TATAKUA-SHOPPING MARISCAL,"Tarjetas Oro y Clásicas: 20% de reintegro en el extracto + 5% adicional pagando con QR desde la aplicación de Banco Familiar, además hasta 10 cuotas sin intereses; Tarjetas Platinum: 25% de reintegro en el extracto + 5% adicional pagando con QR desde la aplicación de Banco Familiar, además hasta 10 cuotas sin intereses",reintegro,20%; 5%; 25%,martes,,1:martes,el primer martes de cada mes,Desde 2026-04-07 hasta 2026-12-01,"Límite de compra por tarjeta, por mes: Gs. 10.000.000.  Tarjetas Platinum: 25% de reintegro en el extracto + 5% adicional pagando con QR desde la aplicación de Banco Familiar, además hasta 10 cuotas sin intereses; Límite de compra por tarjeta, por mes: Gs. 10.000.000. Beneficios aplican únicamente a pagos realizados a través de la red Bancard/Infonet",,,https://www.familiar.com.py/pdfs/promocionesybeneficios-martes-mariscal
0376b0c49c1b2a3e,Familiar,Tiendas,TEMU,TEMU,con tarjetas de crédito hasta en 12 cuotas sin intereses,cuotas_sin_intereses,,lunes; martes; miércoles; jueves; viernes; sábado; domingo,,,todos los días,Desde 2026-01-01 hasta 2026-12-31,,,,https://www.familiar.com.py/pdfs/promocionesybeneficios-temu-bases-y-condiciones
278116fa37b43857,Familiar,Tiendas,TIENDAS MARTEL-SHOPPING MARISCAL,TIENDAS MARTEL-SHOPPING MARISCAL,"Tarjetas Oro y Clásicas: 20% de reintegro en el extracto + 5% adicional pagando con QR desde la aplicación de Banco Familiar, además hasta 10 cuotas sin intereses; Tarjetas Platinum: 25% de reintegro en el extracto + 5% adicional pagando con QR desde la aplicación de Banco Familiar, además hasta 10 cuotas sin intereses",reintegro,20%; 5%; 25%,martes,,1:martes,el primer martes de cada mes,Desde 2026-04-07 hasta 2026-12-01,"Límite de compra por tarjeta, por mes: Gs. 10.000.000.  Tarjetas Platinum: 25% de reintegro en el extracto + 5% adicional pagando con QR desde la aplicación de Banco Familiar, además hasta 10 cuotas sin intereses; Límite de compra por tarjeta, por mes: Gs. 10.000.000. Beneficios aplican únicamente a pagos realizados a través de la red Bancard/Infonet",,,https://www.familiar.com.py/pdfs/promocionesybeneficios-martes-mariscal
c38bacbed5d7203f,Familiar,Tiendas,TL SPORTS-SHOPPING MARISCAL,TL SPORTS-SHOPPING MARISCAL,"Tarjetas Oro y Clásicas: 20% de reintegro en el extracto + 5% adicional pagando con QR desde la aplicación de Banco Familiar, además hasta 10 cuotas sin intereses; Tarjetas Platinum: 25% de reintegro en el extracto + 5% adicional pagando con QR desde la aplicación de Banco Familiar, además hasta 10 cuotas sin intereses",reintegro,20%; 5%; 25%,martes,,1:martes,el primer martes de cada mes,Desde 2026-04-07 hasta 2026-12-01,"Límite de compra por tarjeta, por mes: Gs. 10.000.000.  Tarjetas Platinum: 25% de reintegro en el extracto + 5% adicional pagando con QR desde la aplicación de Banco Familiar, además hasta 10 cuotas sin intereses; Límite de compra por tarjeta, por mes: Gs. 10.000.000. Beneficios aplican únicamente a pagos realizados a través de la red Bancard/Infonet",,,https://www.familiar.com.py/pdfs/promocionesybeneficios-martes-mariscal
6957f27fc96a8e1b,Familiar,Tiendas,TODO MODA-SHOPPING MARIANO,TODO MODA-SHOPPING MARIANO,"Tarjetas Oro y Clásicas: 20% de reintegro en el extracto + 5% adicional pagando con QR desde la aplicación de Banco Familiar, además hasta 10 cuotas sin intereses; Tarjetas Platinum: 25% de reintegro en el extracto + 5% adicional pagando con QR desde la aplicación de Banco Familiar, además hasta 10 cuotas sin intereses",reintegro,20%; 5%; 25%,jueves,,1:jueves,el primer jueves de cada mes,Desde 2026-04-09 hasta 2026-12-03,"Límite de compra por tarjeta, por mes: Gs. 10.000.000.  Tarjetas Platinum: 25% de reintegro en el extracto + 5% adicional pagando con QR desde la aplicación de Banco Familiar, además hasta 10 cuotas sin intereses; Límite de compra por tarjeta, por mes: Gs. 10.000.000. Beneficios aplican únicamente a pagos realizados a través de la red Bancard/Infonet",,,https://www.familiar.com.py/pdfs/promocionesybeneficios-jueves-de-mariano
d2556dce472096b8,Familiar,Tiendas,TODO MODA-SHOPPING MARISCAL,TODO MODA-SHOPPING MARISCAL,"Tarjetas Oro y Clásicas: 20% de reintegro en el extracto + 5% adicional pagando con QR desde la aplicación de Banco Familiar, además hasta 10 cuotas sin intereses; Tarjetas Platinum: 25% de reintegro en el extracto + 5% adicional pagando con QR desde la aplicación de Banco Familiar, además hasta 10 cuotas sin intereses",reintegro,20%; 5%; 25%,martes,,1:martes,el primer martes de cada mes,Desde 2026-04-07 hasta 2026-12-01,"Límite de compra por tarjeta, por mes: Gs. 10.000.000.  Tarjetas Platinum: 25% de reintegro en el extracto + 5% adicional pagando con QR desde la aplicación de Banco Familiar, además hasta 10 cuotas sin intereses; Límite de compra por tarjeta, por mes: Gs. 10.000.000. Beneficios aplican únicamente a pagos realizados a través de la red Bancard/Infonet",,,https://www.familiar.com.py/pdfs/promocionesybeneficios-martes-mariscal
9eba6df135c73cab,Familiar,Tiendas,TOP CELL-SHOPPING MARIANO,TOP CELL-SHOPPING MARIANO,"Tarjetas Oro y Clásicas: 20% de reintegro en el extracto + 5% adicional pagando con QR desde la aplicación de Banco Familiar, además hasta 10 cuotas sin intereses; Tarjetas Platinum: 25% de reintegro en el extracto + 5% adicional pagando con QR desde la aplicación de Banco Familiar, además hasta 10 cuotas sin intereses",reintegro,20%; 5%; 25%,jueves,,1:jueves,el primer jueves de cada mes,Desde 2026-04-09 hasta 2026-12-03,"Límite de compra por tarjeta, por mes: Gs. 10.000.000.  Tarjetas Platinum: 25% de reintegro en el extracto + 5% adicional pagando con QR desde la aplicación de Banco Familiar, además hasta 10 cuotas sin intereses; Límite de compra por tarjeta, por mes: Gs. 10.000.000. Beneficios aplican únicamente a pagos realizados a través de la red Bancard/Infonet",,,https://www.familiar.com.py/pdfs/promocionesybeneficios-jueves-de-mariano
f4ce8474b0cab9d6,Familiar,Tiendas,VALENCE-SHOPPING MARIANO,VALENCE-SHOPPING MARIANO,"Tarjetas Oro y Clásicas: 20% de reintegro en el extracto + 5% adicional pagando con QR desde la aplicación de Banco Familiar, además hasta 10 cuotas sin intereses; Tarjetas Platinum: 25% de reintegro en el extracto + 5% adicional pagando con QR desde la aplicación de Banco Familiar, además hasta 10 cuotas sin intereses",reintegro,20%; 5%; 25%,jueves,,1:jueves,el primer jueves de cada mes,Desde 2026-04-09 hasta 2026-12-03,"Límite de compra por tarjeta, por mes: Gs. 10.000.000.  Tarjetas Platinum: 25% de reintegro en el extracto + 5% adicional pagando con QR desde la aplicación de Banco Familiar, además hasta 10 cuotas sin intereses; Límite de compra por tarjeta, por mes: Gs. 10.000.000. Beneficios aplican únicamente a pagos realizados a través de la red Bancard/Infonet",,,https://www.familiar.com.py/pdfs/promocionesybeneficios-jueves-de-mariano
3c4ad2024ba34dbe,Familiar,Tiendas,VANS-SHOPPING MARISCAL,VANS-SHOPPING MARISCAL,"Tarjetas Oro y Clásicas: 20% de reintegro en el extracto + 5% adicional pagando con QR desde la aplicación de Banco Familiar, además hasta 10 cuotas sin intereses; Tarjetas Platinum: 25% de reintegro en el extracto + 5% adicional pagando con QR desde la aplicación de Banco Familiar, además hasta 10 cuotas sin intereses",reintegro,20%; 5%; 25%,martes,,1:martes,el primer martes de cada mes,Desde 2026-04-07 hasta 2026-12-01,"Límite de compra por tarjeta, por mes: Gs. 10.000.000.  Tarjetas Platinum: 25% de reintegro en el extracto + 5% adicional pagando con QR desde la aplicación de Banco Familiar, además hasta 10 cuotas sin intereses; Límite de compra por tarjeta, por mes: Gs. 10.000.000. Beneficios aplican únicamente a pagos realizados a través de la red Bancard/Infonet",,,https://www.familiar.com.py/pdfs/promocionesybeneficios-martes-mariscal
420eb7b174ccb470,Familiar,Tiendas,VERNIER-SHOPPING MARIANO,VERNIER-SHOPPING MARIANO,"Tarjetas Oro y Clásicas: 20% de reintegro en el extracto + 5% adicional pagando con QR desde la aplicación de Banco Familiar, además hasta 10 cuotas sin intereses; Tarjetas Platinum: 25% de reintegro en el extracto + 5% adicional pagando con QR desde la aplicación de Banco Familiar, además hasta 10 cuotas sin intereses",reintegro,20%; 5%; 25%,jueves,,1:jueves,el primer jueves de cada mes,Desde 2026-04-09 hasta 2026-12-03,"Límite de compra por tarjeta, por mes: Gs. 10.000.000.  Tarjetas Platinum: 25% de reintegro en el extracto + 5% adicional pagando con QR desde la aplicación de Banco Familiar, además hasta 10 cuotas sin intereses; Límite de compra por tarjeta, por mes: Gs. 10.000.000. Beneficios aplican únicamente a pagos realizados a través de la red Bancard/Infonet",,,https://www.familiar.com.py/pdfs/promocionesybeneficios-jueves-de-mariano
fa4503d855266931,Familiar,Tiendas,WOMEN SECRET,WOMEN SECRET,"Con sus tarjetas de crédito Visa Platinum EL CLIENTE obtendrá 25% de reintegro en el extracto; Con sus tarjetas de crédito Visa o MasterCard Oro/Gold, Visa o MasterCard Clásica, Positiva Visa y Positiva BancardCheck, EL CLIENTE obtendrá 20% de reintegro en el extracto; Podrán fraccionar sus compras, todos los días en hasta 10 cuotas sin intereses",reintegro,25%; 20%,miércoles,,,los miércoles,Desde 2026-05-06 hasta 2026-12-30,Límite de compra Gs. 2.000.000 mensual por tarjeta; Límite de compra Gs. 2.000.000 mensual por tarjeta,,,https://www.familiar.com.py/pdfs/promocionesybeneficios-women-secret-bases-y-condiciones
4ec30e1a43f78607,Familiar,Vehículos,AUTOMAQ,AUTOMAQ,hasta en 12 (Doce) cuotas sin intereses,cuotas_sin_intereses,,lunes; martes; miércoles; jueves; viernes; sábado; domingo,,,todos los días,Desde 2026-01-01 hasta 2026-12-31,,,,https://www.familiar.com.py/pdfs/promocionesybeneficios-automaq-bases-y-condiciones
e497fc6b6b3c645a,Familiar,Vehículos,AVENIDA AUTOCENTRO,AVENIDA AUTOCENTRO,"Los clientes de EL BANCO con sus tarjetas de crédito Visa o MasterCard Oro/Gold, Visa o MasterCard Clásica, Positiva Visa, Positiva Bancardcheck y Visa Platinum que realicen compras en El COMERCIO recibirán 20% de descuento directo en caja y hasta 12 cuotas sin intereses",descuento,20%,lunes; martes; miércoles; jueves; viernes; sábado; domingo,,,todos los días,Desde 2026-01-01 hasta 2026-12-31,,,,https://www.familiar.com.py/pdfs/promocionesybeneficios-avenida-autocentro-bases-y-condiciones
fa5ae077457ac3e0,Familiar,Vehículos,BATERIAS PARANA,BATERIAS PARANA,con tarjetas de crédito hasta en 12 cuotas sin intereses,cuotas_sin_intereses,,lunes; martes; miércoles; jueves; viernes; sábado; domingo,,,todos los días,Desde 2026-01-01 hasta 2026-12-31,,,,https://www.familiar.com.py/pdfs/promocionesybeneficios-baterias-parana-bases-y-condiciones
fec8ff14fbab05fb,Familiar,Vehículos,BATERIAS TONINA,BATERIAS TONINA,hasta en 12 (Doce) cuotas sin intereses,cuotas_sin_intereses,,lunes; martes; miércoles; jueves; viernes; sábado; domingo,,,todos los días,Desde 2026-01-01 hasta 2026-12-31,,,,https://www.familiar.com.py/pdfs/promocionesybeneficios-baterias-tonina-bases-y-condiciones
0d4c3a4dcf5fa415,Familiar,Vehículos,CHACOMER,CHACOMER,hasta en 12 (Doce) cuotas sin intereses,cuotas_sin_intereses,,lunes; martes; miércoles; jueves; viernes; sábado; domingo,,,todos los días,Desde 2026-01-01 hasta 2026-12-31,,,,https://www.familiar.com.py/pdfs/promocionesybeneficios-chacomer-bases-y-condiciones
0d245dd0226fab22,Familiar,Vehículos,CITROEN,CITROEN,hasta en 12 (Doce) cuotas sin intereses,cuotas_sin_intereses,,lunes; martes; miércoles; jueves; viernes; sábado; domingo,,,todos los días,Desde 2026-01-01 hasta 2026-12-31,,,,https://www.familiar.com.py/pdfs/promocionesybeneficios-citroen-bases-y-condiciones
089ea7e17cc0956b,Familiar,Vehículos,COOPERATIVA COLONIAS UNIDAS,COOPERATIVA COLONIAS UNIDAS,20% de reintegro en el extracto,reintegro,20%,martes,,,los días martes,Desde 2026-01-27 hasta 2026-12-29,Límite de compra mensual por tarjeta Gs. 1.000.000. *La PROMOCIÓN será válida únicamente cuando los pagos fueren hechos a través de POS Infonet/Bancard,,,https://www.familiar.com.py/pdfs/promocionesybeneficios-cooperativa-colonias-unidas-bases-y-condiciones
0dbe4bff2fa3f35a,Familiar,Vehículos,ENEX HORQUETA,ENEX HORQUETA,"Los clientes de EL BANCO con sus tarjetas de crédito Visa o MasterCard Oro/Gold, Visa o MasterCard Clásica, Positiva Visa, Positiva BancardCheck y Visa Platinum, que realicen compras en cualquiera de las sucursales de El COMERCIO listadas más abajo recibirán 20% de reintegro en el extracto",reintegro,20%,martes,,,todos los martes,Desde 2026-01-06 hasta 2026-12-29,Límite de compra mensual por tarjeta Gs. 600.000 para las tarjetas de crédito Visa Platinum y 400,,,https://www.familiar.com.py/pdfs/promocionesybeneficios-enex-horqueta-bases-y-condiciones
03d542c3f16c29e7,Familiar,Vehículos,GEELY,GEELY,"Los clientes de EL BANCO con sus tarjetas de crédito, podrán financiar sus compras hasta 12 cuotas sin intereses",cuotas_sin_intereses,,lunes; martes; miércoles; jueves; viernes; sábado; domingo,,,todos los días,Desde 2026-01-01 hasta 2026-12-31,,,,https://www.familiar.com.py/pdfs/promocionesybeneficios-geely-bases-y-condiciones
64d7d55e7da23c96,Familiar,Vehículos,HYUNDAI,HYUNDAI,"Los clientes de EL BANCO con sus tarjetas de crédito, podrán financiar sus compras hasta 12 cuotas sin intereses",cuotas_sin_intereses,,lunes; martes; miércoles; jueves; viernes; sábado; domingo,,,todos los días,Desde 2026-01-01 hasta 2026-12-31,,,,https://www.familiar.com.py/pdfs/promocionesybeneficios-hyundai-bases-y-condiciones
ec98f37f1564a893,Familiar,Vehículos,IMAG,IMAG,en hasta 18 cuotas sin intereses; en hasta 24 cuotas sin intereses,cuotas_sin_intereses,,lunes; martes; miércoles; jueves; viernes; sábado; domingo,,,todos los días,Desde 2026-01-01 hasta 2026-12-31,,,,https://www.familiar.com.py/pdfs/promocionesybeneficios-imag-bases-y-condiciones
b0ff046635cf4482,Familiar,Vehículos,ISUZU,ISUZU,"Los clientes de EL BANCO con sus tarjetas de crédito, podrán financiar sus compras hasta 12 cuotas sin intereses",cuotas_sin_intereses,,lunes; martes; miércoles; jueves; viernes; sábado; domingo,,,todos los días,Desde 2026-01-01 hasta 2026-12-31,,,,https://www.familiar.com.py/pdfs/promocionesybeneficios-isuzu-bases-y-condiciones
bb99acc6ecc57474,Familiar,Vehículos,JOHN-DEERE,JOHN-DEERE,hasta en 12 (Doce) cuotas sin intereses,cuotas_sin_intereses,,lunes; martes; miércoles; jueves; viernes; sábado; domingo,,,todos los días,Desde 2026-01-01 hasta 2026-12-31,,,,https://www.familiar.com.py/pdfs/promocionesybeneficios-john-deere-bases-y-condiciones
bbf3b994105cda39,Familiar,Vehículos,MICHELIN,MICHELIN,hasta en 12 (Doce) cuotas sin intereses,cuotas_sin_intereses,,lunes; martes; miércoles; jueves; viernes; sábado; domingo,,,todos los días,Desde 2026-01-01 hasta 2026-12-31,,,,https://www.familiar.com.py/pdfs/promocionesybeneficios-michelin-bases-y-condiciones
56fbc09a97fcf2fb,Familiar,Vehículos,MINI,MINI,hasta en 12 (doce) cuotas sin intereses,cuotas_sin_intereses,,lunes; martes; miércoles; jueves; viernes; sábado; domingo,,,todos los días,Desde 2026-01-02 hasta 2026-12-31,,,,https://www.familiar.com.py/pdfs/promocionesybeneficios-mini-bases-y-condiciones
0ffad305867f3af6,Familiar,Vehículos,PEUGEOT,PEUGEOT,hasta en 12 (Doce) cuotas sin intereses,cuotas_sin_intereses,,lunes; martes; miércoles; jueves; viernes; sábado; domingo,,,todos los días,Desde 2026-01-01 hasta 2026-12-31,,,,https://www.familiar.com.py/pdfs/promocionesybeneficios-peugeot-bases-y-condiciones
6c603788f5c882ea,Familiar,Vehículos,RAM,RAM,hasta en 12 (doce) cuotas sin intereses,cuotas_sin_intereses,,lunes; martes; miércoles; jueves; viernes; sábado; domingo,,,todos los días,Desde 2026-01-02 hasta 2026-12-31,,,,https://www.familiar.com.py/pdfs/promocionesybeneficios-ram-bases-y-condiciones
51f4e567ea8ae022,Familiar,Vehículos,RIEDER,RIEDER,con tarjetas de crédito hasta en 12 cuotas sin intereses,cuotas_sin_intereses,,lunes; martes; miércoles; jueves; viernes; sábado; domingo,,,todos los días,Desde 2026-01-01 hasta 2026-12-31,,,,https://www.familiar.com.py/pdfs/promocionesybeneficios-rieder-bases-y-condiciones
b532ea2a8e8ee1b3,Familiar,Vehículos,TODO CUBIERTAS,TODO CUBIERTAS,hasta en 12 (Doce) cuotas sin intereses,cuotas_sin_intereses,,lunes; martes; miércoles; jueves; viernes; sábado; domingo,,,todos los días,Desde 2026-02-02 hasta 2026-12-31,,,,https://www.familiar.com.py/pdfs/promocionesybeneficios-todo-cubiertas
5f052cb72e443e4a,Familiar,Viajes,COLONIAL RESTO BAR HOTEL,COLONIAL RESTO BAR HOTEL,"Con sus tarjetas de crédito Visa Platinum EL CLIENTE obtendrá 25% de reintegro en el extracto; Con sus tarjetas de crédito Visa o Mastercard Oro/Gold, Visa o Mastercard Clásica, Positiva Visa y Positiva Bancardcheck EL CLIENTE obtendrá 20% de reintegro en el extracto",reintegro,25%; 20%,sábado; domingo,,,todos los sábados y domingos,Desde 2026-04-04 hasta 2026-12-27,Límite de compra Gs. 800.000 mensual por tarjeta; Límite de compra Gs. 600.000 mensual por tarjeta,,,https://www.familiar.com.py/pdfs/promocionesybeneficios-colonial-resto-bar-hotel-bases-y-condiciones
7598cdb909f06d92,Familiar,Viajes,DE LA TRINIDAD HOTEL,DE LA TRINIDAD HOTEL,"Con sus tarjetas de crédito Visa o Mastercard Clásica, Positiva Visa y Positiva Bancardcheck podrán fraccionar sus compras hasta en 12 cuotas sin intereses, todos los días; Con sus tarjetas de crédito Visa o MasterCard Oro/Gold, y Visa Platinum podrán fraccionar sus compras hasta en 24 cuotas sin intereses, todos los días",cuotas_sin_intereses,,lunes; martes; miércoles; jueves; viernes; sábado; domingo,,,todos los días,Desde 2026-01-02 hasta 2026-12-31,,,,https://www.familiar.com.py/pdfs/promocionesybeneficios-de-la-trinidad-hotel-bases-y-condiciones
af31a2f820797fea,Familiar,Viajes,EL FARO RESORT,EL FARO RESORT,"Con sus tarjetas de crédito Visa o Mastercard Clásica, Positiva Visa y Positiva Bancardcheck podrán fraccionar sus compras hasta en 12 cuotas sin intereses, todos los días; Con sus tarjetas de crédito Visa o MasterCard Oro/Gold, y Visa Platinum podrán fraccionar sus compras hasta en 24 cuotas sin intereses, todos los días",cuotas_sin_intereses,,lunes; martes; miércoles; jueves; viernes; sábado; domingo,,,todos los días,Desde 2026-01-02 hasta 2026-12-31,,,,https://www.familiar.com.py/pdfs/promocionesybeneficios-el-faro-resort-bases-y-condiciones
d78d018658197b76,Familiar,Viajes,HOTEL CRISTAL,HOTEL CRISTAL,"Con sus tarjetas de crédito Visa o Mastercard Clásica, Positiva Visa y Positiva Bancardcheck podrán fraccionar sus compras hasta en 12 cuotas sin intereses, todos los días; Con sus tarjetas de crédito Visa o MasterCard Oro/Gold, y Visa Platinum podrán fraccionar sus compras hasta en 24 cuotas sin intereses, todos los días",cuotas_sin_intereses,,lunes; martes; miércoles; jueves; viernes; sábado; domingo,,,todos los días,Desde 2026-01-01 hasta 2026-12-31,,,,https://www.familiar.com.py/pdfs/promocionesybeneficios-hotel-cristal-bases-y-condiciones
a749898206386d96,Familiar,Viajes,LAS HORTENSIAS HOTEL,LAS HORTENSIAS HOTEL,"Con sus tarjetas de crédito Visa Platinum EL CLIENTE obtendrá 30% de reintegro en el extracto; Con sus tarjetas de crédito Visa o Mastercard Oro/Gold EL CLIENTE obtendrá 25% de reintegro en el extracto; Con sus tarjetas de crédito Visa o Mastercard Clásica, Positiva Visa y Positiva Bancardcheck EL CLIENTE obtendrá 20% de reintegro en el extracto; TambiénÇ podrán fraccionar sus pagos en hasta 24 cuotas sin intereses con sus tarjetas Visa o MasterCard Oro/Gold y Visa Platinum",reintegro,30%; 25%; 20%,lunes; martes; miércoles; jueves; viernes; sábado; domingo,,,todos los días,Desde 2026-01-02 hasta 2026-12-31,Límite de compra Gs. 2.000.000 mensual por tarjeta; Límite de compra Gs. 2.000.000 mensual por tarjeta ; Límite de compra Gs. 2.000.000 mensual por tarjeta,,,https://www.familiar.com.py/pdfs/promocionesybeneficios-las-hortensias-hotel-bases-y-condiciones
739ae5c0309e0813,Familiar,Viajes,LO DE CARRILLO HOTEL,LO DE CARRILLO HOTEL,"Con sus tarjetas de crédito Visa o Mastercard Clásica, Positiva Visa y Positiva Bancardcheck podrán fraccionar sus compras hasta en 12 cuotas sin intereses, todos los días; Con sus tarjetas de crédito Visa o MasterCard Oro/Gold, y Visa Platinum podrán fraccionar sus compras hasta en 24 cuotas sin intereses, todos los días",cuotas_sin_intereses,,lunes; martes; miércoles; jueves; viernes; sábado; domingo,,,todos los días,Desde 2026-01-01 hasta 2026-12-31,,,,https://www.familiar.com.py/pdfs/promocionesybeneficios-lo-de-carrillo-hotel-bases-y-condiciones
8a7370496426a813,Familiar,Viajes,MBURUCUYA HOTEL BOUTIQUE,MBURUCUYA HOTEL BOUTIQUE,"Con sus tarjetas de crédito Visa o Mastercard Clásica, Positiva Visa y Positiva Bancardcheck podrán fraccionar sus compras hasta en 12 cuotas sin intereses, todos los días; Con sus tarjetas de crédito Visa o MasterCard Oro/Gold, y Visa Platinum podrán fraccionar sus compras hasta en 24 cuotas sin intereses, todos los días",cuotas_sin_intereses,,lunes; martes; miércoles; jueves; viernes; sábado; domingo,,,todos los días,Desde 2026-01-02 hasta 2026-12-31,,,,https://www.familiar.com.py/pdfs/promocionesybeneficios-mburucuya-hotel-boutique-bases-y-condiciones
811d60025398031a,Familiar,Viajes,PLANAZO,PLANAZO,en hasta 12 cuotas sin intereses; en hasta 24 cuotas sin intereses,cuotas_sin_intereses,,lunes; martes; miércoles; jueves; viernes; sábado; domingo,,,todos los días,Desde 2026-01-01 hasta 2026-12-31,,,,https://www.familiar.com.py/pdfs/planazo-bases-y-condiciones
f681c1a73f8fc7b9,Familiar,Viajes,PLAZA PILAR HOTEL,PLAZA PILAR HOTEL,"Con sus tarjetas de crédito Visa o Mastercard Clásica, Positiva Visa y Positiva Bancardcheck podrán fraccionar sus compras hasta en 12 cuotas sin intereses, todos los días; Con sus tarjetas de crédito Visa o MasterCard Oro/Gold, y Visa Platinum podrán fraccionar sus compras hasta en 24 cuotas sin intereses, todos los días",cuotas_sin_intereses,,lunes; martes; miércoles; jueves; viernes; sábado; domingo,,,todos los días,Desde 2026-01-01 hasta 2026-12-31,,,,https://www.familiar.com.py/pdfs/promocionesybeneficios-plaza-pilar-hotel-bases-y-condiciones
cc0c7650033aa8b8,Familiar,Viajes,RIO HOTEL,RIO HOTEL,"Con sus tarjetas de crédito Visa o Mastercard Clásica, Positiva Visa y Positiva Bancardcheck podrán fraccionar sus compras hasta en 12 cuotas sin intereses, todos los días; Con sus tarjetas de crédito Visa o MasterCard Oro/Gold, y Visa Platinum podrán fraccionar sus compras hasta en 24 cuotas sin intereses, todos los días",cuotas_sin_intereses,,lunes; martes; miércoles; jueves; viernes; sábado; domingo,,,todos los días,Desde 2026-01-01 hasta 2026-12-31,,,,https://www.familiar.com.py/pdfs/promocionesybeneficios-rio-hotel-bases-y-condiciones
7924b48d5ba91b0d,Familiar,Viajes,SUN HOTEL,SUN HOTEL,"Con sus tarjetas de crédito Visa o Mastercard Clásica, Positiva Visa y Positiva Bancardcheck podrán fraccionar sus compras hasta en 12 cuotas sin intereses, todos los días; Con sus tarjetas de crédito Visa o MasterCard Oro/Gold, y Visa Platinum podrán fraccionar sus compras hasta en 24 cuotas sin intereses, todos los días",cuotas_sin_intereses,,lunes; martes; miércoles; jueves; viernes; sábado; domingo,,,todos los días,Desde 2026-01-01 hasta 2026-12-31,,,,https://www.familiar.com.py/pdfs/promocionesybeneficios-sun-hotel-bases-y-condiciones
ce84ef9f687b38be,GNB,Combustible,CompuMarket,CompuMarket,Hasta 12 cuotas sin intereses,cuotas_sin_intereses,,lunes; martes; miércoles; jueves; viernes; sábado; domingo,,,Todos los días,Del 05 de enero al 31 de diciembre del 2026.,,,,https://www.beneficiosbancognb.com.py/v2/beneficios/categorias/364
4951d131e0533dd4,GNB,Combustible,Copetrol,"KM.2: Av. Eusebio Ayala esq. Bartolomé, Asunción; Facundo Machain: Facundo Machain y RI 18 Pitiantuta, Asunción; Maitei: Av. Madame L. esq. Tte. Victor Valdez, Fernando de la Mora; Ruta 1 Km.14: Ruta Dptal D027 (Ex Ruta 1) esq. Buenos Aires, San Lorenzo; Autopista: Av. Silvio Pettirossi y Cochabamba, Luque; Villa Morra: Mcal. López y San Martín, Asunción; Km 6,5 C.D.E.: Blas Garay y Monseñor Rodríguez, Ciudad del Este; Encarnación Ruta 1: Ruta 1 Km 374 y Avda. Bernardino Caballero, Encarnación; Ferrocarril: Av. M. López e/ México y Caballero, Asunción; 25 de Mayo: 25 de Mayo esq. Choferes del Chaco - Mburicaó, Asunción; Hohenau: Ruta 6 Km. 35, Hohenau; Bella Vista Sur: Ruta 6 Km. 50. Paseo Bella Vista, Bella Vista Sur",15% de reintegro con Tarjeta física,reintegro,15%,lunes,,,Lunes,Desde 2026-07-06 hasta 2026-12-28,Tope de compra mensual por cuenta: Gs. 1.000.000. Tope de reintegro mensual por cuenta: Gs. 150.000.,,,https://www.beneficiosbancognb.com.py/v2/beneficios/categorias/148
84a7fd60647f1ee7,GNB,Combustible,Copetrol,"KM.2: Av. Eusebio Ayala esq. Bartolomé, Asunción; Facundo Machain: Facundo Machain y RI 18 Pitiantuta, Asunción; Maitei: Av. Madame L. esq. Tte. Victor Valdez, Fernando de la Mora; Ruta 1 Km.14: Ruta Dptal D027 (Ex Ruta 1) esq. Buenos Aires, San Lorenzo; Autopista: Av. Silvio Pettirossi y Cochabamba, Luque; Villa Morra: Mcal. López y San Martín, Asunción; Km 6,5 C.D.E.: Blas Garay y Monseñor Rodríguez, Ciudad del Este; Encarnación Ruta 1: Ruta 1 Km 374 y Avda. Bernardino Caballero, Encarnación; Ferrocarril: Av. M. López e/ México y Caballero, Asunción; 25 de Mayo: 25 de Mayo esq. Choferes del Chaco - Mburicaó, Asunción; Hohenau: Ruta 6 Km. 35, Hohenau; Bella Vista Sur: Ruta 6 Km. 50. Paseo Bella Vista, Bella Vista Sur",20% de reintegro con QR desde App GNB o Copetrol Vamos en estaciones habilitadas,reintegro,20%,lunes,,,Lunes,Desde 2026-07-06 hasta 2026-12-28,Tope de compra mensual por cuenta: Gs. 1.000.000. Tope de reintegro mensual por cuenta: Gs. 200.000.,,,https://www.beneficiosbancognb.com.py/v2/beneficios/categorias/148
e79143227b4a4cf8,GNB,Combustible,Copetrol,"KM.2: Av. Eusebio Ayala esq. Bartolomé, Asunción; Facundo Machain: Facundo Machain y RI 18 Pitiantuta, Asunción; Maitei: Av. Madame L. esq. Tte. Victor Valdez, Fernando de la Mora; Ruta 1 Km.14: Ruta Dptal D027 (Ex Ruta 1) esq. Buenos Aires, San Lorenzo; Autopista: Av. Silvio Pettirossi y Cochabamba, Luque; Villa Morra: Mcal. López y San Martín, Asunción; Km 6,5 C.D.E.: Blas Garay y Monseñor Rodríguez, Ciudad del Este; Encarnación Ruta 1: Ruta 1 Km 374 y Avda. Bernardino Caballero, Encarnación; Ferrocarril: Av. M. López e/ México y Caballero, Asunción; 25 de Mayo: 25 de Mayo esq. Choferes del Chaco - Mburicaó, Asunción; Hohenau: Ruta 6 Km. 35, Hohenau; Bella Vista Sur: Ruta 6 Km. 50. Paseo Bella Vista, Bella Vista Sur",25% de reintegro con Tarjeta física,reintegro,25%,lunes,,,Lunes,Desde 2026-07-06 hasta 2026-12-28,Tope de compra mensual por cuenta: Gs. 1.000.000. Tope de reintegro mensual por cuenta: Gs. 250.000.,,,https://www.beneficiosbancognb.com.py/v2/beneficios/categorias/148
977056e0c448559d,GNB,Combustible,Copetrol,"KM.2: Av. Eusebio Ayala esq. Bartolomé, Asunción; Facundo Machain: Facundo Machain y RI 18 Pitiantuta, Asunción; Maitei: Av. Madame L. esq. Tte. Victor Valdez, Fernando de la Mora; Ruta 1 Km.14: Ruta Dptal D027 (Ex Ruta 1) esq. Buenos Aires, San Lorenzo; Autopista: Av. Silvio Pettirossi y Cochabamba, Luque; Villa Morra: Mcal. López y San Martín, Asunción; Km 6,5 C.D.E.: Blas Garay y Monseñor Rodríguez, Ciudad del Este; Encarnación Ruta 1: Ruta 1 Km 374 y Avda. Bernardino Caballero, Encarnación; Ferrocarril: Av. M. López e/ México y Caballero, Asunción; 25 de Mayo: 25 de Mayo esq. Choferes del Chaco - Mburicaó, Asunción; Hohenau: Ruta 6 Km. 35, Hohenau; Bella Vista Sur: Ruta 6 Km. 50. Paseo Bella Vista, Bella Vista Sur",30% de reintegro con QR desde App GNB o Copetrol Vamos en estaciones habilitadas,reintegro,30%,lunes,,,Lunes,Desde 2026-07-06 hasta 2026-12-28,Tope de compra mensual por cuenta: Gs. 1.000.000. Tope de reintegro mensual por cuenta: Gs. 300.000.,,,https://www.beneficiosbancognb.com.py/v2/beneficios/categorias/148
ba417f402841d56a,GNB,Combustible,Petrobras PREMMIA,Petrobras PREMMIA,20% de descuento,descuento,20%,miércoles,,,miércoles,Del 01 de julio al 30 de diciembre del 2026.,Tope de compra semanal: Gs. 500.000 (guaraníes quinientos mil); El tope de compra aplica por cuenta de tarjeta de crédito (titulares + adicionales).,,,https://www.beneficiosbancognb.com.py/v2/beneficios/categorias/275
d7aa7ac203aeab49,GNB,Combustible,Petrochaco,Petrochaco,20% de descuento,descuento,20%,martes,,,martes,Del 07 de julio al 29 de diciembre del 2026.,Tope de compra semanal de Gs.500.000 (guaraníes quinientos mil) por cuenta de tarjeta de crédito Incluye titulares y adicionales) equivalente a un reintegro máximo semanal en el extracto de Gs. 100.000 (guaraníes cien mil).,,,https://www.beneficiosbancognb.com.py/v2/beneficios/categorias/327
324ba6482f8de8a7,GNB,Combustible,Petrosur,Petrosur,20% de descuento,descuento,20%,viernes,,,viernes,Del 1 de mayo al 25 de diciembre del 2026.,Tope de compra mensual de Gs.1.000.000 (guaraníes un millón) por cuenta de tarjeta de crédito Incluye titulares y adicionales) equivalente a un reintegro máximo mensual en el extracto de Gs. 200.000 (guaraníes doscientos mil).,,,https://www.beneficiosbancognb.com.py/v2/beneficios/categorias/614
9490270a6a10ec8c,GNB,Combustible,Puma,Puma,25% de descuento,descuento,25%,jueves; viernes,,,"jueves, viernes",Del 22 de enero al 27 de noviembre del 2026.,"Tope de compra mensual: Gs. 1.500.000 (guaraníes un millón quinientos mil) para tarjetas de crédito Mastercard y Visa Clásicas, Oro Platinum e Infinite. y Gs. 3.000.000 (guaraníes tres millones) para tarjetas de crédito Mastercard Black, Black Premier y Metalcard Premier.",,,https://www.beneficiosbancognb.com.py/v2/beneficios/categorias/579
93cd91613e6b079d,GNB,Combustible,Puma,Puma,20% de descuento,descuento,20%,jueves; viernes,,,"jueves, viernes",Del 22 de enero al 27 de noviembre del 2026.,"Tope de compra mensual: Gs. 1.500.000 (guaraníes un millón quinientos mil) para tarjetas de crédito Mastercard y Visa Clásicas, Oro Platinum e Infinite. y Gs. 3.000.000 (guaraníes tres millones) para tarjetas de crédito Mastercard Black, Black Premier y Metalcard Premier.",,,https://www.beneficiosbancognb.com.py/v2/beneficios/categorias/579
f5fe03cb71609b93,GNB,Combustible,Puma,Puma,Hasta 6 cuotas sin intereses,cuotas_sin_intereses,,lunes; martes; miércoles; jueves; viernes; sábado; domingo,,,Todos los días,Del 22 de enero al 27 de noviembre del 2026.,"Tope de compra mensual: Gs. 1.500.000 (guaraníes un millón quinientos mil) para tarjetas de crédito Mastercard y Visa Clásicas, Oro Platinum e Infinite. y Gs. 3.000.000 (guaraníes tres millones) para tarjetas de crédito Mastercard Black, Black Premier y Metalcard Premier.",,,https://www.beneficiosbancognb.com.py/v2/beneficios/categorias/579
c516aa07c1e06f43,GNB,Entretenimiento,Cinemark,Cinemark,50% de descuento,descuento,50%,jueves; viernes; sábado; domingo,,,"jueves, viernes, sábado, domingo",Del 02 de abril del 2026 al 28 de febrero del 2027.,Tope de descuento: Hasta 4 entradas por cada transacción. Este límite es por transacción de tarjeta.,,,https://www.beneficiosbancognb.com.py/v2/beneficios/categorias/175
ff82a7479aaa77ad,GNB,Entretenimiento,El Club del Sommelier,El Club del Sommelier,30% de reintegro,reintegro,30%,lunes; martes; miércoles; jueves; viernes; sábado; domingo,,,Todos los días,Del 06 de julio al 31 de diciembre del 2026.,Tope de compra mensual: Gs. 900.000 (guaranies novecientos mil) por cuenta de tarjeta de crédito (incluye titulares y adicionales).,,,https://www.beneficiosbancognb.com.py/v2/beneficios/categorias/300
97c8940070d7e521,GNB,Entretenimiento,Go Fit Gym,Go Fit Gym,Hasta 12 cuotas sin intereses,cuotas_sin_intereses,,lunes; martes; miércoles; jueves; viernes; sábado; domingo,,,Todos los días,Del 21 de enero al 31 de diciembre del 2026.,,,,https://www.beneficiosbancognb.com.py/v2/beneficios/categorias/368
795bc573b8899195,GNB,Entretenimiento,Padel Point,Padel Point,10% de descuento,descuento,10%,viernes,,1:viernes,primer viernes de cada mes,Del 16 de febrero al 31 de diciembre del 2026.,,,,https://www.beneficiosbancognb.com.py/v2/beneficios/categorias/567
26222e1f22ad0edb,GNB,Entretenimiento,Padel Point,Padel Point,Hasta 12 cuotas sin intereses,cuotas_sin_intereses,,lunes; martes; miércoles; jueves; viernes; sábado; domingo,,,Todos los días,Del 16 de febrero al 31 de diciembre del 2026.,,,,https://www.beneficiosbancognb.com.py/v2/beneficios/categorias/567
72e267295f9d3fd7,GNB,Entretenimiento,Samurai Gym,Samurai Gym,Hasta 12 cuotas sin intereses,cuotas_sin_intereses,,lunes; martes; miércoles; jueves; viernes; sábado; domingo,,,Todos los días,Del 24 de agosto al 31 de diciembre del 2026.,,,,https://www.beneficiosbancognb.com.py/v2/beneficios/categorias/658
f38fcb2f3a765d04,GNB,Farmacias,Blue Farma,Blue Farma,20% de descuento,descuento,20%,lunes,,,lunes,Del 29 de junio al 28 de diciembre del 2026.,Tope de compra mensual: Gs. 800.000 (guaraníes ochocientos mil) por cuenta de tarjeta de crédito Incluye titulares y adicionales.,,,https://www.beneficiosbancognb.com.py/v2/beneficios/categorias/593
47b026766e6af892,GNB,Farmacias,Blue Farma,Blue Farma,Hasta 6 cuotas sin intereses,cuotas_sin_intereses,,lunes; martes; miércoles; jueves; viernes; sábado; domingo,,,Todos los días,Del 29 de junio al 28 de diciembre del 2026.,Tope de compra mensual: Gs. 800.000 (guaraníes ochocientos mil) por cuenta de tarjeta de crédito Incluye titulares y adicionales.,,,https://www.beneficiosbancognb.com.py/v2/beneficios/categorias/593
ffcd7d1b0090fc4d,GNB,Farmacias,Dermocosmética,Dermocosmética,25% de reintegro con QR,reintegro,25%,viernes; sábado,,,"viernes, sábado",Del 09 de enero al 28 de noviembre del 2026.,Tope de compra mensual en el conjunto de locales adheridos: Gs. 1.500.000 (guaranies un millón quinientos mil) por cuenta de tarjeta de crédito (incluye titulares y adicionales).,,,https://www.beneficiosbancognb.com.py/v2/beneficios/categorias/322
12568a19c32bcc33,GNB,Farmacias,Dermocosmética,Dermocosmética,20% de reintegro,reintegro,20%,viernes; sábado,,,"viernes, sábado",Del 09 de enero al 28 de noviembre del 2026.,Tope de compra mensual en el conjunto de locales adheridos: Gs. 1.500.000 (guaranies un millón quinientos mil) por cuenta de tarjeta de crédito (incluye titulares y adicionales).,,,https://www.beneficiosbancognb.com.py/v2/beneficios/categorias/322
65531675bb423774,GNB,Farmacias,Dermocosmética,Dermocosmética,Hasta 3 cuotas sin intereses,cuotas_sin_intereses,,viernes; sábado,,,"viernes, sábado",Del 09 de enero al 28 de noviembre del 2026.,Tope de compra mensual en el conjunto de locales adheridos: Gs. 1.500.000 (guaranies un millón quinientos mil) por cuenta de tarjeta de crédito (incluye titulares y adicionales).,,,https://www.beneficiosbancognb.com.py/v2/beneficios/categorias/322
05beb16be28e1ef5,GNB,Farmacias,Farma Lorena - Farmacia Vida,Farma Lorena - Farmacia Vida,20% de descuento,descuento,20%,viernes,,,viernes,Del 11 de septiembre al 25 de diciembre del 2026.,Tope de compra mensual: Gs. 1.000.000 (guaranies un millón) por cuenta de tarjeta de crédito (incluye titulares y adicionales),,,https://www.beneficiosbancognb.com.py/v2/beneficios/categorias/665
574e5a6ae806967c,GNB,Farmacias,Farmacenter,Todas las sucursales de Farmacenter,35% de descuento anunciado en perfumería (20% en caja + 15% de reintegro),reintegro,35%; 20%; 15%,lunes,,,Lunes,Desde 2026-03-16 hasta 2026-09-28,"Tope de compra mensual por cuenta, compartido entre todas las sucursales: Gs. 1.000.000. Incluye titular y adicionales.",,,https://www.beneficiosbancognb.com.py/v2/beneficios/categorias/598
9a7db7fb46217e19,GNB,Farmacias,Farmacenter,Todas las sucursales de Farmacenter,30% de descuento anunciado en perfumería (20% en caja + 10% de reintegro),reintegro,30%; 20%; 10%,lunes,,,Lunes,Desde 2026-03-16 hasta 2026-09-28,"Tope de compra mensual por cuenta, compartido entre todas las sucursales: Gs. 1.000.000. Incluye titular y adicionales.",,,https://www.beneficiosbancognb.com.py/v2/beneficios/categorias/598
01101d38eb5229e4,GNB,Farmacias,Farmacenter,Todas las sucursales de Farmacenter,30% de descuento anunciado en medicamentos (15% en caja + 15% de reintegro),reintegro,30%; 15%,lunes,,,Lunes,Desde 2026-03-16 hasta 2026-09-28,"Tope de compra mensual por cuenta, compartido entre todas las sucursales: Gs. 1.000.000. Incluye titular y adicionales.",,,https://www.beneficiosbancognb.com.py/v2/beneficios/categorias/598
1f78ea50bae3e0e5,GNB,Farmacias,Farmacenter,Todas las sucursales de Farmacenter,25% de descuento anunciado en medicamentos (15% en caja + 10% de reintegro),reintegro,25%; 15%; 10%,lunes,,,Lunes,Desde 2026-03-16 hasta 2026-09-28,"Tope de compra mensual por cuenta, compartido entre todas las sucursales: Gs. 1.000.000. Incluye titular y adicionales.",,,https://www.beneficiosbancognb.com.py/v2/beneficios/categorias/598
384d668898b22e38,GNB,Farmacias,Farmacenter,Todas las sucursales de Farmacenter,Hasta 3 cuotas sin intereses,cuotas_sin_intereses,,lunes; martes; miércoles; jueves; viernes; sábado; domingo,,,Todos los días,Desde 2026-03-16 hasta 2026-09-28,Sin tope monetario indicado en las bases.,,,https://www.beneficiosbancognb.com.py/v2/beneficios/categorias/598
955c5db06ab4a707,GNB,Farmacias,Farmacia Santa Victoria,Farmacia Santa Victoria,35% de descuento,descuento,35%,martes,,,martes,Del 08 de septiembre al 29 de diciembre del 2026.,"Tope de compra mensual: Gs. 1.000.000 (guaraníes un millón) por cuenta de tarjeta de crédito (incluye titulares y adicionales), el cual aplica en forma conjunta a todos los locales del comercio.",,,https://www.beneficiosbancognb.com.py/v2/beneficios/categorias/660
251679dfbbfd6683,GNB,Farmacias,Farmalife,Farmalife,20% de reintegro,reintegro,20%,miércoles,,,miércoles,Del 05 de agosto al 30 de diciembre del 2026.,"Tope de compra mensual: Gs. 1.000.000 (guaraníes un millón) por cuenta de tarjeta de crédito (incluye titulares y adicionales), el cual aplica en forma conjunta a todos los locales del comercio.",,,https://www.beneficiosbancognb.com.py/v2/beneficios/categorias/555
2385b76fe12ed9c3,GNB,Farmacias,Farmatotal,Farmatotal,25% de descuento,descuento,25%,jueves,,,jueves,Del 02 de julio al 31 de diciembre del 2026.,"Tope de compra mensual: Gs. 1.000.000 (guaraníes un millón) por cuenta de tarjeta de crédito (incluye titulares y adicionales), el cual aplica en forma conjunta a todos los locales del comercio.",,,https://www.beneficiosbancognb.com.py/v2/beneficios/categorias/352
3f428fa7bef0c16e,GNB,Farmacias,Farmatotal,Farmatotal,10% de reintegro con QR,reintegro,10%,jueves,,,jueves,Del 02 de julio al 31 de diciembre del 2026.,"Tope de compra mensual: Gs. 1.000.000 (guaraníes un millón) por cuenta de tarjeta de crédito (incluye titulares y adicionales), el cual aplica en forma conjunta a todos los locales del comercio.",,,https://www.beneficiosbancognb.com.py/v2/beneficios/categorias/352
9015a0aef18883be,GNB,Farmacias,Farmatotal,Farmatotal,Hasta 3 cuotas sin intereses,cuotas_sin_intereses,,jueves,,,jueves,Del 02 de julio al 31 de diciembre del 2026.,"Tope de compra mensual: Gs. 1.000.000 (guaraníes un millón) por cuenta de tarjeta de crédito (incluye titulares y adicionales), el cual aplica en forma conjunta a todos los locales del comercio.",,,https://www.beneficiosbancognb.com.py/v2/beneficios/categorias/352
f638938f4c243231,GNB,Farmacias,Farmavip,Farmavip,20% de reintegro,reintegro,20%,miércoles,,,miércoles,Del 12 de agosto al 30 de diciembre del 2026.,"Tope de compra mensual: Gs. 1.000.000 (guaraníes un millón) por cuenta de tarjeta de crédito (incluye titulares y adicionales), el cual aplica en forma conjunta a todos los locales del comercio.",,,https://www.beneficiosbancognb.com.py/v2/beneficios/categorias/380
251f88248f346f73,GNB,Farmacias,Isdin,Isdin,25% de descuento con QR,descuento,25%,jueves; viernes,,,"jueves, viernes",Del 08 de enero al 27 de noviembre del 2026.,"Tope de compra mensual: Gs. 2.000.000 (guaraníes dos millones) por cuenta de tarjeta de crédito (incluye titulares y adicionales), el cual aplica en forma conjunta a todos los locales de los comercios adheridos (Champs Elysees, O boticário, Isdin).",,,https://www.beneficiosbancognb.com.py/v2/beneficios/categorias/592
399eb9b0de73a795,GNB,Farmacias,Isdin,Isdin,20% de descuento con tarjeta física,descuento,20%,jueves; viernes,,,"jueves, viernes",Del 08 de enero al 27 de noviembre del 2026.,"Tope de compra mensual: Gs. 2.000.000 (guaraníes dos millones) por cuenta de tarjeta de crédito (incluye titulares y adicionales), el cual aplica en forma conjunta a todos los locales de los comercios adheridos (Champs Elysees, O boticário, Isdin).",,,https://www.beneficiosbancognb.com.py/v2/beneficios/categorias/592
a7d1509ab24dd910,GNB,Farmacias,Isdin,Isdin,Hasta 6 cuotas sin intereses,cuotas_sin_intereses,,lunes; martes; miércoles; jueves; viernes; sábado; domingo,,,Todos los días,Del 08 de enero al 27 de noviembre del 2026.,"Tope de compra mensual: Gs. 2.000.000 (guaraníes dos millones) por cuenta de tarjeta de crédito (incluye titulares y adicionales), el cual aplica en forma conjunta a todos los locales de los comercios adheridos (Champs Elysees, O boticário, Isdin).",,,https://www.beneficiosbancognb.com.py/v2/beneficios/categorias/592
abad9acc7d178a86,GNB,Gastronomía,1688 Restó,Todas las sucursales de 1688 Restó. Ciudad indicada en las bases: Asunción.,"20% de reintegro con tarjeta física, Apple Pay, Google Pay o QR (sin adicional de GNB Personas)",reintegro,20%,miércoles; jueves; viernes; sábado; domingo,,,"Miércoles, Jueves, Viernes, Sábado, Domingo",Desde 2026-01-02 hasta 2026-12-31,Tope de compra mensual compartido por cuenta entre todos los comercios adheridos a Bares y Restó (incluye titular y adicionales): Gs. 1.500.000. Reintegro máximo calculado al 20%: Gs. 300.000; no es un cupo adicional independiente.,,,https://www.beneficiosbancognb.com.py/v2/beneficios/categorias/408
d0ddb0ee824c084a,GNB,Gastronomía,1688 Restó,Todas las sucursales de 1688 Restó. Ciudad indicada en las bases: Asunción.,25% de reintegro con QR desde la app Banco GNB Personas (20% base + 5% adicional),reintegro,25%; 20%; 5%,miércoles; jueves; viernes; sábado; domingo,,,"Miércoles, Jueves, Viernes, Sábado, Domingo",Desde 2026-01-02 hasta 2026-12-31,Tope de compra mensual compartido por cuenta entre todos los comercios adheridos a Bares y Restó (incluye titular y adicionales): Gs. 1.500.000. Reintegro máximo calculado al 25%: Gs. 375.000; no es un cupo adicional independiente.,,,https://www.beneficiosbancognb.com.py/v2/beneficios/categorias/408
bc7867bc166a8531,GNB,Gastronomía,Asado Benitez,Asado Benitez,20% de reintegro,reintegro,20%,lunes; martes; miércoles; jueves; viernes; sábado; domingo,,,Todos los días,Del 01 de agosto al 31 de diciembre del 2026.,Tope de compra mensual: Gs. 2.000.000 (guaraníes dos millones) por cuenta de tarjeta de crédito Incluye titulares y adicionales.,,,https://www.beneficiosbancognb.com.py/v2/beneficios/categorias/431
08df3b7f23db3bf1,GNB,Gastronomía,Burger King,Burger King,25% de reintegro,reintegro,25%,jueves,,,jueves,Del 08 de enero al 31 de diciembre del 2026.,,,,https://www.beneficiosbancognb.com.py/v2/beneficios/categorias/161
3f39ef0966319fab,GNB,Gastronomía,Burger King,Burger King,20% de reintegro,reintegro,20%,jueves,,,jueves,Del 08 de enero al 31 de diciembre del 2026.,,,,https://www.beneficiosbancognb.com.py/v2/beneficios/categorias/161
336fae882b12f91f,GNB,Gastronomía,Burger King,Burger King,10% de reintegro,reintegro,10%,jueves,,,jueves,Del 08 de enero al 31 de diciembre del 2026.,,,,https://www.beneficiosbancognb.com.py/v2/beneficios/categorias/161
9842282ac073b788,GNB,Gastronomía,Dorsia,Todas las sucursales de Dorsia. Ciudad indicada en las bases: Asunción.,"20% de reintegro con tarjeta física, Apple Pay, Google Pay o QR (sin adicional de GNB Personas)",reintegro,20%,miércoles; jueves; viernes; sábado; domingo,,,"Miércoles, Jueves, Viernes, Sábado, Domingo",Desde 2026-01-02 hasta 2026-12-31,Tope de compra mensual compartido por cuenta entre todos los comercios adheridos a Bares y Restó (incluye titular y adicionales): Gs. 1.500.000. Reintegro máximo calculado al 20%: Gs. 300.000; no es un cupo adicional independiente.,,,https://www.beneficiosbancognb.com.py/v2/beneficios/categorias/408
31783139c66753a0,GNB,Gastronomía,Dorsia,Todas las sucursales de Dorsia. Ciudad indicada en las bases: Asunción.,25% de reintegro con QR desde la app Banco GNB Personas (20% base + 5% adicional),reintegro,25%; 20%; 5%,miércoles; jueves; viernes; sábado; domingo,,,"Miércoles, Jueves, Viernes, Sábado, Domingo",Desde 2026-01-02 hasta 2026-12-31,Tope de compra mensual compartido por cuenta entre todos los comercios adheridos a Bares y Restó (incluye titular y adicionales): Gs. 1.500.000. Reintegro máximo calculado al 25%: Gs. 375.000; no es un cupo adicional independiente.,,,https://www.beneficiosbancognb.com.py/v2/beneficios/categorias/408
bf7ebfae04918ad7,GNB,Gastronomía,Emeterio,Todas las sucursales de Emeterio. Ciudad indicada en las bases: Asunción.,"20% de reintegro con tarjeta física, Apple Pay, Google Pay o QR (sin adicional de GNB Personas)",reintegro,20%,miércoles; jueves; viernes; sábado; domingo,,,"Miércoles, Jueves, Viernes, Sábado, Domingo",Desde 2026-02-06 hasta 2026-12-31,Tope de compra mensual compartido por cuenta entre todos los comercios adheridos a Bares y Restó (incluye titular y adicionales): Gs. 1.500.000. Reintegro máximo calculado al 20%: Gs. 300.000; no es un cupo adicional independiente.,,,https://www.beneficiosbancognb.com.py/v2/beneficios/categorias/408
33fc5c7ac439e954,GNB,Gastronomía,Emeterio,Todas las sucursales de Emeterio. Ciudad indicada en las bases: Asunción.,25% de reintegro con QR desde la app Banco GNB Personas (20% base + 5% adicional),reintegro,25%; 20%; 5%,miércoles; jueves; viernes; sábado; domingo,,,"Miércoles, Jueves, Viernes, Sábado, Domingo",Desde 2026-02-06 hasta 2026-12-31,Tope de compra mensual compartido por cuenta entre todos los comercios adheridos a Bares y Restó (incluye titular y adicionales): Gs. 1.500.000. Reintegro máximo calculado al 25%: Gs. 375.000; no es un cupo adicional independiente.,,,https://www.beneficiosbancognb.com.py/v2/beneficios/categorias/408
b22308f736c6b3a1,GNB,Gastronomía,Honorio Bar,Todas las sucursales de Honorio Bar. Ciudad indicada en las bases: Encarnación.,"20% de reintegro con tarjeta física, Apple Pay, Google Pay o QR (sin adicional de GNB Personas)",reintegro,20%,miércoles; jueves; viernes; sábado; domingo,,,"Miércoles, Jueves, Viernes, Sábado, Domingo",Desde 2026-01-02 hasta 2026-12-31,Tope de compra mensual compartido por cuenta entre todos los comercios adheridos a Bares y Restó (incluye titular y adicionales): Gs. 1.500.000. Reintegro máximo calculado al 20%: Gs. 300.000; no es un cupo adicional independiente.,,,https://www.beneficiosbancognb.com.py/v2/beneficios/categorias/408
50989915e31d6ead,GNB,Gastronomía,Honorio Bar,Todas las sucursales de Honorio Bar. Ciudad indicada en las bases: Encarnación.,25% de reintegro con QR desde la app Banco GNB Personas (20% base + 5% adicional),reintegro,25%; 20%; 5%,miércoles; jueves; viernes; sábado; domingo,,,"Miércoles, Jueves, Viernes, Sábado, Domingo",Desde 2026-01-02 hasta 2026-12-31,Tope de compra mensual compartido por cuenta entre todos los comercios adheridos a Bares y Restó (incluye titular y adicionales): Gs. 1.500.000. Reintegro máximo calculado al 25%: Gs. 375.000; no es un cupo adicional independiente.,,,https://www.beneficiosbancognb.com.py/v2/beneficios/categorias/408
5988748af3c927fb,GNB,Gastronomía,Jade Bistro & Eminent Bistro,Jade Bistro & Eminent Bistro,20% de reintegro,reintegro,20%,miércoles; jueves; viernes; sábado; domingo,,,de miércoles a domingos,Del 01 de julio al 31 de diciembre del 2026.,Tope de compra mensual: Gs. 1.500.000 (guaranies un millón quinientos mil) por cuenta de tarjeta de crédito (incluye titulares y adicionales) en el conjunto de locales adheridos.,,,https://www.beneficiosbancognb.com.py/v2/beneficios/categorias/492
f8af27e0668df1c0,GNB,Gastronomía,Jade Bistro & Eminent Bistro,Jade Bistro & Eminent Bistro,15% de reintegro,reintegro,15%,miércoles; jueves; viernes; sábado; domingo,,,de miércoles a domingos,Del 01 de julio al 31 de diciembre del 2026.,Tope de compra mensual: Gs. 1.500.000 (guaranies un millón quinientos mil) por cuenta de tarjeta de crédito (incluye titulares y adicionales) en el conjunto de locales adheridos.,,,https://www.beneficiosbancognb.com.py/v2/beneficios/categorias/492
0bb76c563db013ed,GNB,Gastronomía,Jardín Urbano,Todas las sucursales de Jardín Urbano. Ciudad indicada en las bases: Asunción.,"20% de reintegro con tarjeta física, Apple Pay, Google Pay o QR (sin adicional de GNB Personas)",reintegro,20%,miércoles; jueves; viernes; sábado; domingo,,,"Miércoles, Jueves, Viernes, Sábado, Domingo",Desde 2026-01-02 hasta 2026-12-31,Tope de compra mensual compartido por cuenta entre todos los comercios adheridos a Bares y Restó (incluye titular y adicionales): Gs. 1.500.000. Reintegro máximo calculado al 20%: Gs. 300.000; no es un cupo adicional independiente.,,,https://www.beneficiosbancognb.com.py/v2/beneficios/categorias/408
adf3a64c175bc69d,GNB,Gastronomía,Jardín Urbano,Todas las sucursales de Jardín Urbano. Ciudad indicada en las bases: Asunción.,25% de reintegro con QR desde la app Banco GNB Personas (20% base + 5% adicional),reintegro,25%; 20%; 5%,miércoles; jueves; viernes; sábado; domingo,,,"Miércoles, Jueves, Viernes, Sábado, Domingo",Desde 2026-01-02 hasta 2026-12-31,Tope de compra mensual compartido por cuenta entre todos los comercios adheridos a Bares y Restó (incluye titular y adicionales): Gs. 1.500.000. Reintegro máximo calculado al 25%: Gs. 375.000; no es un cupo adicional independiente.,,,https://www.beneficiosbancognb.com.py/v2/beneficios/categorias/408
aedc2f219f44aa10,GNB,Gastronomía,La Cabra Sport Bar,Todas las sucursales de La Cabra Sport Bar. Ciudad indicada en las bases: Asunción.,"20% de reintegro con tarjeta física, Apple Pay, Google Pay o QR (sin adicional de GNB Personas)",reintegro,20%,miércoles; jueves; viernes; sábado; domingo,,,"Miércoles, Jueves, Viernes, Sábado, Domingo",Desde 2026-01-02 hasta 2026-12-31,Tope de compra mensual compartido por cuenta entre todos los comercios adheridos a Bares y Restó (incluye titular y adicionales): Gs. 1.500.000. Reintegro máximo calculado al 20%: Gs. 300.000; no es un cupo adicional independiente.,,,https://www.beneficiosbancognb.com.py/v2/beneficios/categorias/408
6bbad33fe71ea496,GNB,Gastronomía,La Cabra Sport Bar,Todas las sucursales de La Cabra Sport Bar. Ciudad indicada en las bases: Asunción.,25% de reintegro con QR desde la app Banco GNB Personas (20% base + 5% adicional),reintegro,25%; 20%; 5%,miércoles; jueves; viernes; sábado; domingo,,,"Miércoles, Jueves, Viernes, Sábado, Domingo",Desde 2026-01-02 hasta 2026-12-31,Tope de compra mensual compartido por cuenta entre todos los comercios adheridos a Bares y Restó (incluye titular y adicionales): Gs. 1.500.000. Reintegro máximo calculado al 25%: Gs. 375.000; no es un cupo adicional independiente.,,,https://www.beneficiosbancognb.com.py/v2/beneficios/categorias/408
b20ffcde3e363daa,GNB,Gastronomía,La Ruta Gastronómica,Restaurantes adheridos a La Ruta Gastronómica según la ficha oficial de GNB,20% de reintegro,reintegro,20%,sábado; domingo,,,"Sábado, Domingo",Desde 2026-01-03 hasta 2026-11-29,Tope de compra mensual compartido por cuenta en los locales adheridos: Gs. 1.000.000. No es un tope de reintegro.,,,https://www.beneficiosbancognb.com.py/v2/beneficios/categorias/260
5c4e9513b13d6c16,GNB,Gastronomía,La Ruta Gastronómica,Restaurantes adheridos a La Ruta Gastronómica según la ficha oficial de GNB,25% de reintegro,reintegro,25%,sábado; domingo,,,"Sábado, Domingo",Desde 2026-01-03 hasta 2026-11-29,Tope de compra mensual compartido por cuenta en los locales adheridos: Gs. 1.000.000. No es un tope de reintegro.,,,https://www.beneficiosbancognb.com.py/v2/beneficios/categorias/260
a3dfdaa96774ee23,GNB,Gastronomía,La Ruta del Café,La Ruta del Café,25% de reintegro con QR,reintegro,25%,miércoles; jueves; viernes; sábado; domingo,,,de miércoles a domingos,Del 01 de julio al 31 de diciembre del 2026.,Tope de compra mensual en el conjunto de locales adheridos: Gs. 1.000.000 (guaranies un millón) por cuenta de tarjeta de crédito (incluye titulares y adicionales).,,,https://www.beneficiosbancognb.com.py/v2/beneficios/categorias/639
c983b52773b754f5,GNB,Gastronomía,La Ruta del Café,La Ruta del Café,20% de reintegro con tarjeta física,reintegro,20%,miércoles; jueves; viernes; sábado; domingo,,,de miércoles a domingos,Del 01 de julio al 31 de diciembre del 2026.,Tope de compra mensual en el conjunto de locales adheridos: Gs. 1.000.000 (guaranies un millón) por cuenta de tarjeta de crédito (incluye titulares y adicionales).,,,https://www.beneficiosbancognb.com.py/v2/beneficios/categorias/639
dc2862c294e6aba1,GNB,Gastronomía,Los López Bar de Río,Todas las sucursales de Los López Bar de Río. Ciudad indicada en las bases: Asunción.,"20% de reintegro con tarjeta física, Apple Pay, Google Pay o QR (sin adicional de GNB Personas)",reintegro,20%,miércoles; jueves; viernes; sábado; domingo,,,"Miércoles, Jueves, Viernes, Sábado, Domingo",Desde 2026-01-02 hasta 2026-12-31,Tope de compra mensual compartido por cuenta entre todos los comercios adheridos a Bares y Restó (incluye titular y adicionales): Gs. 1.500.000. Reintegro máximo calculado al 20%: Gs. 300.000; no es un cupo adicional independiente.,,,https://www.beneficiosbancognb.com.py/v2/beneficios/categorias/408
e351a71b09e05f94,GNB,Gastronomía,Los López Bar de Río,Todas las sucursales de Los López Bar de Río. Ciudad indicada en las bases: Asunción.,25% de reintegro con QR desde la app Banco GNB Personas (20% base + 5% adicional),reintegro,25%; 20%; 5%,miércoles; jueves; viernes; sábado; domingo,,,"Miércoles, Jueves, Viernes, Sábado, Domingo",Desde 2026-01-02 hasta 2026-12-31,Tope de compra mensual compartido por cuenta entre todos los comercios adheridos a Bares y Restó (incluye titular y adicionales): Gs. 1.500.000. Reintegro máximo calculado al 25%: Gs. 375.000; no es un cupo adicional independiente.,,,https://www.beneficiosbancognb.com.py/v2/beneficios/categorias/408
9ff8831999cb1b52,GNB,Gastronomía,Malandras Grill,Malandras Grill,30% de reintegro,reintegro,30%,miércoles; jueves; viernes; sábado; domingo,,,de miércoles a domingos,Del 22 de abril al 1 de noviembre del 2026.,Tope de compra mensual: Gs. 2.000.000 (guaranies dos millones) por cuenta de tarjeta de crédito (incluye titulares y adicionales).,,,https://www.beneficiosbancognb.com.py/v2/beneficios/categorias/477
c87a5950aeefbd1a,GNB,Gastronomía,OLA POKE,Todas las sucursales de OLA POKE. Ciudad indicada en las bases: Asunción.,"20% de reintegro con tarjeta física, Apple Pay, Google Pay o QR (sin adicional de GNB Personas)",reintegro,20%,miércoles; jueves; viernes; sábado; domingo,,,"Miércoles, Jueves, Viernes, Sábado, Domingo",Desde 2026-06-30 hasta 2026-12-31,Tope de compra mensual compartido por cuenta entre todos los comercios adheridos a Bares y Restó (incluye titular y adicionales): Gs. 1.500.000. Reintegro máximo calculado al 20%: Gs. 300.000; no es un cupo adicional independiente.,,,https://www.beneficiosbancognb.com.py/v2/beneficios/categorias/408
e96378bdd23fa696,GNB,Gastronomía,OLA POKE,Todas las sucursales de OLA POKE. Ciudad indicada en las bases: Asunción.,25% de reintegro con QR desde la app Banco GNB Personas (20% base + 5% adicional),reintegro,25%; 20%; 5%,miércoles; jueves; viernes; sábado; domingo,,,"Miércoles, Jueves, Viernes, Sábado, Domingo",Desde 2026-06-30 hasta 2026-12-31,Tope de compra mensual compartido por cuenta entre todos los comercios adheridos a Bares y Restó (incluye titular y adicionales): Gs. 1.500.000. Reintegro máximo calculado al 25%: Gs. 375.000; no es un cupo adicional independiente.,,,https://www.beneficiosbancognb.com.py/v2/beneficios/categorias/408
60eb17da4a5b2708,GNB,Gastronomía,Patio Colonial,Todas las sucursales de Patio Colonial. Ciudad indicada en las bases: Asunción.,"20% de reintegro con tarjeta física, Apple Pay, Google Pay o QR (sin adicional de GNB Personas)",reintegro,20%,miércoles; jueves; viernes; sábado; domingo,,,"Miércoles, Jueves, Viernes, Sábado, Domingo",Desde 2026-01-02 hasta 2026-12-31,Tope de compra mensual compartido por cuenta entre todos los comercios adheridos a Bares y Restó (incluye titular y adicionales): Gs. 1.500.000. Reintegro máximo calculado al 20%: Gs. 300.000; no es un cupo adicional independiente.,,,https://www.beneficiosbancognb.com.py/v2/beneficios/categorias/408
7d15de3b3b474650,GNB,Gastronomía,Patio Colonial,Todas las sucursales de Patio Colonial. Ciudad indicada en las bases: Asunción.,25% de reintegro con QR desde la app Banco GNB Personas (20% base + 5% adicional),reintegro,25%; 20%; 5%,miércoles; jueves; viernes; sábado; domingo,,,"Miércoles, Jueves, Viernes, Sábado, Domingo",Desde 2026-01-02 hasta 2026-12-31,Tope de compra mensual compartido por cuenta entre todos los comercios adheridos a Bares y Restó (incluye titular y adicionales): Gs. 1.500.000. Reintegro máximo calculado al 25%: Gs. 375.000; no es un cupo adicional independiente.,,,https://www.beneficiosbancognb.com.py/v2/beneficios/categorias/408
3b2edc49f26c2230,GNB,Gastronomía,Pira Sushi,Todas las sucursales de Pira Sushi. Ciudad indicada en las bases: Asunción.,"20% de reintegro con tarjeta física, Apple Pay, Google Pay o QR (sin adicional de GNB Personas)",reintegro,20%,miércoles; jueves; viernes; sábado; domingo,,,"Miércoles, Jueves, Viernes, Sábado, Domingo",Desde 2026-01-02 hasta 2026-12-31,Tope de compra mensual compartido por cuenta entre todos los comercios adheridos a Bares y Restó (incluye titular y adicionales): Gs. 1.500.000. Reintegro máximo calculado al 20%: Gs. 300.000; no es un cupo adicional independiente.,,,https://www.beneficiosbancognb.com.py/v2/beneficios/categorias/408
a476b7feefc53508,GNB,Gastronomía,Pira Sushi,Todas las sucursales de Pira Sushi. Ciudad indicada en las bases: Asunción.,25% de reintegro con QR desde la app Banco GNB Personas (20% base + 5% adicional),reintegro,25%; 20%; 5%,miércoles; jueves; viernes; sábado; domingo,,,"Miércoles, Jueves, Viernes, Sábado, Domingo",Desde 2026-01-02 hasta 2026-12-31,Tope de compra mensual compartido por cuenta entre todos los comercios adheridos a Bares y Restó (incluye titular y adicionales): Gs. 1.500.000. Reintegro máximo calculado al 25%: Gs. 375.000; no es un cupo adicional independiente.,,,https://www.beneficiosbancognb.com.py/v2/beneficios/categorias/408
122e4fe249473bec,GNB,Gastronomía,Pizzería Popular,Todas las sucursales de Pizzería Popular. Ciudad indicada en las bases: Asunción.,"20% de reintegro con tarjeta física, Apple Pay, Google Pay o QR (sin adicional de GNB Personas)",reintegro,20%,miércoles; jueves; viernes; sábado; domingo,,,"Miércoles, Jueves, Viernes, Sábado, Domingo",Desde 2026-01-02 hasta 2026-12-31,Tope de compra mensual compartido por cuenta entre todos los comercios adheridos a Bares y Restó (incluye titular y adicionales): Gs. 1.500.000. Reintegro máximo calculado al 20%: Gs. 300.000; no es un cupo adicional independiente.,,,https://www.beneficiosbancognb.com.py/v2/beneficios/categorias/408
2125420837068da4,GNB,Gastronomía,Pizzería Popular,Todas las sucursales de Pizzería Popular. Ciudad indicada en las bases: Asunción.,25% de reintegro con QR desde la app Banco GNB Personas (20% base + 5% adicional),reintegro,25%; 20%; 5%,miércoles; jueves; viernes; sábado; domingo,,,"Miércoles, Jueves, Viernes, Sábado, Domingo",Desde 2026-01-02 hasta 2026-12-31,Tope de compra mensual compartido por cuenta entre todos los comercios adheridos a Bares y Restó (incluye titular y adicionales): Gs. 1.500.000. Reintegro máximo calculado al 25%: Gs. 375.000; no es un cupo adicional independiente.,,,https://www.beneficiosbancognb.com.py/v2/beneficios/categorias/408
aa4914663e2ae24a,GNB,Gastronomía,Popeyes,Popeyes,25% de reintegro,reintegro,25%,lunes; martes,,,"lunes, martes",Del 06 de julio al 29 de diciembre del 2026.,Tope de compra mensual: Gs. 600.000 (guaranies seiscientos mil) por cuenta de tarjeta de crédito (incluye titulares y adicionales).,,,https://www.beneficiosbancognb.com.py/v2/beneficios/categorias/559
f484d53ee4b88fb5,GNB,Gastronomía,Popeyes,Popeyes,20% de reintegro,reintegro,20%,lunes; martes,,,"lunes, martes",Del 06 de julio al 29 de diciembre del 2026.,Tope de compra mensual: Gs. 600.000 (guaranies seiscientos mil) por cuenta de tarjeta de crédito (incluye titulares y adicionales).,,,https://www.beneficiosbancognb.com.py/v2/beneficios/categorias/559
d3024f0e16f8796e,GNB,Gastronomía,Popeyes,Popeyes,10% de reintegro,reintegro,10%,lunes; martes,,,"lunes, martes",Del 06 de julio al 29 de diciembre del 2026.,Tope de compra mensual: Gs. 600.000 (guaranies seiscientos mil) por cuenta de tarjeta de crédito (incluye titulares y adicionales).,,,https://www.beneficiosbancognb.com.py/v2/beneficios/categorias/559
63f3bdb4591406f0,GNB,Gastronomía,Pulcinella,Todas las sucursales de Pulcinella. Ciudad indicada en las bases: Asunción.,"20% de reintegro con tarjeta física, Apple Pay, Google Pay o QR (sin adicional de GNB Personas)",reintegro,20%,miércoles; jueves; viernes; sábado; domingo,,,"Miércoles, Jueves, Viernes, Sábado, Domingo",Desde 2026-01-02 hasta 2026-12-31,Tope de compra mensual compartido por cuenta entre todos los comercios adheridos a Bares y Restó (incluye titular y adicionales): Gs. 1.500.000. Reintegro máximo calculado al 20%: Gs. 300.000; no es un cupo adicional independiente.,,,https://www.beneficiosbancognb.com.py/v2/beneficios/categorias/408
2377a86fd593d18d,GNB,Gastronomía,Pulcinella,Todas las sucursales de Pulcinella. Ciudad indicada en las bases: Asunción.,25% de reintegro con QR desde la app Banco GNB Personas (20% base + 5% adicional),reintegro,25%; 20%; 5%,miércoles; jueves; viernes; sábado; domingo,,,"Miércoles, Jueves, Viernes, Sábado, Domingo",Desde 2026-01-02 hasta 2026-12-31,Tope de compra mensual compartido por cuenta entre todos los comercios adheridos a Bares y Restó (incluye titular y adicionales): Gs. 1.500.000. Reintegro máximo calculado al 25%: Gs. 375.000; no es un cupo adicional independiente.,,,https://www.beneficiosbancognb.com.py/v2/beneficios/categorias/408
abc0b9b714919fd2,GNB,Gastronomía,Subway,Subway,25% de reintegro,reintegro,25%,lunes; martes; miércoles; jueves; viernes,,,de lunes a viernes,Del 01 de julio al 31 de diciembre del 2026.,Tope de compra mensual: Gs. 600.000 (guaranies seiscientos mil) por cuenta de tarjeta de crédito (incluye titulares y adicionales).,,,https://www.beneficiosbancognb.com.py/v2/beneficios/categorias/451
611a2f97c6592f58,GNB,Gastronomía,Subway,Subway,20% de reintegro,reintegro,20%,lunes; martes; miércoles; jueves; viernes,,,de lunes a viernes,Del 01 de julio al 31 de diciembre del 2026.,Tope de compra mensual: Gs. 600.000 (guaranies seiscientos mil) por cuenta de tarjeta de crédito (incluye titulares y adicionales).,,,https://www.beneficiosbancognb.com.py/v2/beneficios/categorias/451
d96cd8c726ba393f,GNB,Gastronomía,Subway,Subway,10% de reintegro,reintegro,10%,lunes; martes; miércoles; jueves; viernes,,,de lunes a viernes,Del 01 de julio al 31 de diciembre del 2026.,Tope de compra mensual: Gs. 600.000 (guaranies seiscientos mil) por cuenta de tarjeta de crédito (incluye titulares y adicionales).,,,https://www.beneficiosbancognb.com.py/v2/beneficios/categorias/451
3d7a9c4a57e99c7f,GNB,Gastronomía,Terra Alta,Todas las sucursales de Terra Alta. Ciudad indicada en las bases: Asunción.,"20% de reintegro con tarjeta física, Apple Pay, Google Pay o QR (sin adicional de GNB Personas)",reintegro,20%,miércoles; jueves; viernes; sábado; domingo,,,"Miércoles, Jueves, Viernes, Sábado, Domingo",Desde 2026-01-02 hasta 2026-12-31,Tope de compra mensual compartido por cuenta entre todos los comercios adheridos a Bares y Restó (incluye titular y adicionales): Gs. 1.500.000. Reintegro máximo calculado al 20%: Gs. 300.000; no es un cupo adicional independiente.,,,https://www.beneficiosbancognb.com.py/v2/beneficios/categorias/408
afe03f6af5c23691,GNB,Gastronomía,Terra Alta,Todas las sucursales de Terra Alta. Ciudad indicada en las bases: Asunción.,25% de reintegro con QR desde la app Banco GNB Personas (20% base + 5% adicional),reintegro,25%; 20%; 5%,miércoles; jueves; viernes; sábado; domingo,,,"Miércoles, Jueves, Viernes, Sábado, Domingo",Desde 2026-01-02 hasta 2026-12-31,Tope de compra mensual compartido por cuenta entre todos los comercios adheridos a Bares y Restó (incluye titular y adicionales): Gs. 1.500.000. Reintegro máximo calculado al 25%: Gs. 375.000; no es un cupo adicional independiente.,,,https://www.beneficiosbancognb.com.py/v2/beneficios/categorias/408
1d24e10e1e7e0221,GNB,Gastronomía,Tu Almacén FD,Tu Almacén FD,25% de descuento,descuento,25%,viernes,,,viernes,Del 24 de julio al 25 de diciembre del 2026.,Tope de compra mensual: Gs. 1.000.000 (guaraníes un millón) por cuenta de tarjeta de crédito (Incluye titulares y adicionales).,,,https://www.beneficiosbancognb.com.py/v2/beneficios/categorias/128
677628dbac8a50f2,GNB,Gastronomía,Tu Almacén FD,Tu Almacén FD,20% de descuento,descuento,20%,viernes,,,viernes,Del 24 de julio al 25 de diciembre del 2026.,Tope de compra mensual: Gs. 1.000.000 (guaraníes un millón) por cuenta de tarjeta de crédito (Incluye titulares y adicionales).,,,https://www.beneficiosbancognb.com.py/v2/beneficios/categorias/128
921178a26ce8d627,GNB,Gastronomía,Tu Almacén FD,Tu Almacén FD,Hasta 3 cuotas sin intereses,cuotas_sin_intereses,,viernes,,,viernes,Del 24 de julio al 25 de diciembre del 2026.,Tope de compra mensual: Gs. 1.000.000 (guaraníes un millón) por cuenta de tarjeta de crédito (Incluye titulares y adicionales).,,,https://www.beneficiosbancognb.com.py/v2/beneficios/categorias/128
4a56ac8dd5681dab,GNB,Gastronomía,Unaghi Sushi,Todas las sucursales de Unaghi Sushi. Ciudad indicada en las bases: Asunción.,"20% de reintegro con tarjeta física, Apple Pay, Google Pay o QR (sin adicional de GNB Personas)",reintegro,20%,miércoles; jueves; viernes; sábado; domingo,,,"Miércoles, Jueves, Viernes, Sábado, Domingo",Desde 2026-01-02 hasta 2026-12-31,Tope de compra mensual compartido por cuenta entre todos los comercios adheridos a Bares y Restó (incluye titular y adicionales): Gs. 1.500.000. Reintegro máximo calculado al 20%: Gs. 300.000; no es un cupo adicional independiente.,,,https://www.beneficiosbancognb.com.py/v2/beneficios/categorias/408
9c6bef29f3d287c8,GNB,Gastronomía,Unaghi Sushi,Todas las sucursales de Unaghi Sushi. Ciudad indicada en las bases: Asunción.,25% de reintegro con QR desde la app Banco GNB Personas (20% base + 5% adicional),reintegro,25%; 20%; 5%,miércoles; jueves; viernes; sábado; domingo,,,"Miércoles, Jueves, Viernes, Sábado, Domingo",Desde 2026-01-02 hasta 2026-12-31,Tope de compra mensual compartido por cuenta entre todos los comercios adheridos a Bares y Restó (incluye titular y adicionales): Gs. 1.500.000. Reintegro máximo calculado al 25%: Gs. 375.000; no es un cupo adicional independiente.,,,https://www.beneficiosbancognb.com.py/v2/beneficios/categorias/408
9e1d08b42415d6b9,GNB,Hogar y construcción,Alpa Muebles,Alpa Muebles,Hasta 12 cuotas sin intereses,cuotas_sin_intereses,,lunes; martes; miércoles; jueves; viernes; sábado; domingo,,,Todos los días,Del 06 de febrero al 31 de diciembre del 2026.,,,,https://www.beneficiosbancognb.com.py/v2/beneficios/categorias/460
71b40f8b5a89ef38,GNB,Hogar y construcción,Baza,"Fidel Maíz esquina Osvaldo Chávez, Capiatá",Hasta 12 cuotas sin intereses,cuotas_sin_intereses,,lunes; martes; miércoles; jueves; viernes; sábado; domingo,,,Todos los días,Desde 2026-01-05 hasta 2026-12-31,Sin tope monetario indicado en las bases.,,,https://www.beneficiosbancognb.com.py/imagenes/4755_bases-y-condiciones-baza.pdf
31ba04bb09980a6b,GNB,Hogar y construcción,CBC Muebles,CBC Muebles,Hasta 12 cuotas sin intereses,cuotas_sin_intereses,,lunes; martes; miércoles; jueves; viernes; sábado; domingo,,,Todos los días,Del 10 de abril al 31 de diciembre del 2026.,,,,https://www.beneficiosbancognb.com.py/v2/beneficios/categorias/608
ff9e8e9682f13ad5,GNB,Hogar y construcción,Ferrex,Ferrex,Hasta 12 cuotas sin intereses,cuotas_sin_intereses,,lunes; martes; miércoles; jueves; viernes; sábado; domingo,,,Todos los días,Del 05 de enero al 31 de diciembre del 2026.,,,,https://www.beneficiosbancognb.com.py/v2/beneficios/categorias/351
49d18abe0aba54ec,GNB,Hogar y construcción,Jardín de la Paz,Jardín de la Paz,Hasta 12 cuotas sin intereses,cuotas_sin_intereses,,lunes; martes; miércoles; jueves; viernes; sábado; domingo,,,Todos los días,Del 05 de enero al 31 de diciembre del 2026.,,,,https://www.beneficiosbancognb.com.py/v2/beneficios/categorias/441
57974a51f48c235d,GNB,Hogar y construcción,Pandolfo,"Avda. Mariscal López c/ José Ocampos Lanzoni, Asunción; Av. Irrazábal c/ 14 de Mayo, Encarnación; Ruta 6 km 3,5, Encarnación; Dr. Juan León Mallorquín - Los Maizales, Santa Rita; Av. Mcal. López c/ Valois Rivarola, Ciudad del Este; Mcal. José Félix Estigarribia c/ Virgen de Fátima, San Lorenzo; Dr. José Gaspar Rodríguez de Francia - Calle 6 Zanja Pe, Campo 9; Ruta 7 c/ Av. Jacarandá, Nueva Esperanza; Tte. Sergio Martínez c/ Amanecer, San Ignacio; Ruta Nacional Gral. Aquino, Katueté; San José Obrero c/ Ruta 6, María Auxiliadora",Hasta 12 cuotas sin intereses,cuotas_sin_intereses,,lunes; martes; miércoles; jueves; viernes; sábado; domingo,,,Todos los días,Desde 2026-01-05 hasta 2026-12-31,Sin tope monetario indicado en las bases.,,,https://www.beneficiosbancognb.com.py/v2/beneficios/categorias/313
8472f1467e477d11,GNB,Hogar y construcción,Paraná Hogar,Paraná Hogar,Hasta 12 cuotas sin intereses,cuotas_sin_intereses,,lunes; martes; miércoles; jueves; viernes; sábado; domingo,,,Todos los días,Del 15 de enero al 31 de diciembre del 2026.,,,,https://www.beneficiosbancognb.com.py/v2/beneficios/categorias/506
e3485d5349a234ec,GNB,Hogar y construcción,Prestigio Muebles,Prestigio Muebles,Hasta 12 cuotas sin intereses,cuotas_sin_intereses,,lunes; martes; miércoles; jueves; viernes; sábado; domingo,,,Todos los días,Del 05 de enero al 31 de diciembre del 2026.,,,,https://www.beneficiosbancognb.com.py/v2/beneficios/categorias/503
963bb7846baa0aea,GNB,Salud y belleza,Clínica Arco,Clínica Arco,Hasta 12 cuotas sin intereses,cuotas_sin_intereses,,lunes; martes; miércoles; jueves; viernes; sábado; domingo,,,Todos los días,Del 05 de enero al 31 de diciembre del 2026.,,,,https://www.beneficiosbancognb.com.py/v2/beneficios/categorias/406
873bd4f06e76a4dc,GNB,Salud y belleza,Clínica Santa María,Clínica Santa María,Hasta 12 cuotas sin intereses,cuotas_sin_intereses,,lunes; martes; miércoles; jueves; viernes; sábado; domingo,,,Todos los días,Del 06 de agosto al 31 de diciembre del 2026.,,,,https://www.beneficiosbancognb.com.py/v2/beneficios/categorias/647
c8d54f753319aaf2,GNB,Salud y belleza,Odontología 3,Odontología 3,Hasta 12 cuotas sin intereses,cuotas_sin_intereses,,lunes; martes; miércoles; jueves; viernes; sábado; domingo,,,Todos los días,Del 05 de enero al 31 de diciembre del 2026.,,,,https://www.beneficiosbancognb.com.py/v2/beneficios/categorias/504
b6d8e6580fb87434,GNB,Salud y belleza,Peluquerías & Spa,Peluquerías & Spa,25% de reintegro con QR,reintegro,25%,viernes; sábado,,,"viernes, sábado",Del 02 de enero al 28 de noviembre del 2026.,Tope de compra mensual en el conjunto de locales adheridos: Gs. 1.500.000 (guaranies un millón quinientos mil) por cuenta de tarjeta de crédito (incluye titulares y adicionales).,,,https://www.beneficiosbancognb.com.py/v2/beneficios/categorias/323
227e77c0e7a2ef1c,GNB,Salud y belleza,Peluquerías & Spa,Peluquerías & Spa,20% de reintegro,reintegro,20%,viernes; sábado,,,"viernes, sábado",Del 02 de enero al 28 de noviembre del 2026.,Tope de compra mensual en el conjunto de locales adheridos: Gs. 1.500.000 (guaranies un millón quinientos mil) por cuenta de tarjeta de crédito (incluye titulares y adicionales).,,,https://www.beneficiosbancognb.com.py/v2/beneficios/categorias/323
9aa50fb139aaa0c0,GNB,Salud y belleza,Peluquerías & Spa,Peluquerías & Spa,Hasta 3 cuotas sin intereses,cuotas_sin_intereses,,viernes; sábado,,,"viernes, sábado",Del 02 de enero al 28 de noviembre del 2026.,Tope de compra mensual en el conjunto de locales adheridos: Gs. 1.500.000 (guaranies un millón quinientos mil) por cuenta de tarjeta de crédito (incluye titulares y adicionales).,,,https://www.beneficiosbancognb.com.py/v2/beneficios/categorias/323
ea6f996baa6d4c41,GNB,Salud y belleza,Óptica Itapúa,Óptica Itapúa,Hasta 6 cuotas sin intereses,cuotas_sin_intereses,,lunes; martes; miércoles; jueves; viernes; sábado; domingo,,,Todos los días,Del 05 de enero al 31 de diciembre del 2026.,,,,https://www.beneficiosbancognb.com.py/v2/beneficios/categorias/342
24ca5401ca671917,GNB,Servicios,Municipalidad de Asunción,Asunción,Hasta 12 cuotas sin intereses para impuesto inmobiliario,cuotas_sin_intereses,,lunes; martes; miércoles; jueves; viernes; sábado; domingo,,,Todos los días,Desde 2026-01-05 hasta 2026-12-31,Sin tope monetario indicado en las bases.,,,https://www.beneficiosbancognb.com.py/v2/beneficios/categorias/73
9d32a04f870968ee,GNB,Servicios,Municipalidad de Benjamín Aceval,Benjamín Aceval,Hasta 12 cuotas sin intereses para impuesto inmobiliario,cuotas_sin_intereses,,lunes; martes; miércoles; jueves; viernes; sábado; domingo,,,Todos los días,Desde 2026-01-05 hasta 2026-12-31,Sin tope monetario indicado en las bases.,,,https://www.beneficiosbancognb.com.py/v2/beneficios/categorias/73
808db8ad29643fad,GNB,Servicios,Municipalidad de Ciudad del Este,Ciudad del Este,Hasta 12 cuotas sin intereses para impuesto inmobiliario,cuotas_sin_intereses,,lunes; martes; miércoles; jueves; viernes; sábado; domingo,,,Todos los días,Desde 2026-01-05 hasta 2026-12-31,Sin tope monetario indicado en las bases.,,,https://www.beneficiosbancognb.com.py/v2/beneficios/categorias/73
5197cee7c67d8e94,GNB,Servicios,Municipalidad de Encarnación,Encarnación,Hasta 12 cuotas sin intereses para impuesto inmobiliario,cuotas_sin_intereses,,lunes; martes; miércoles; jueves; viernes; sábado; domingo,,,Todos los días,Desde 2026-01-05 hasta 2026-12-31,Sin tope monetario indicado en las bases.,,,https://www.beneficiosbancognb.com.py/v2/beneficios/categorias/73
3e9a7bf956707405,GNB,Servicios,Municipalidad de Fernando de la Mora,Fernando de la Mora,Hasta 12 cuotas sin intereses para impuesto inmobiliario,cuotas_sin_intereses,,lunes; martes; miércoles; jueves; viernes; sábado; domingo,,,Todos los días,Desde 2026-01-05 hasta 2026-12-31,Sin tope monetario indicado en las bases.,,,https://www.beneficiosbancognb.com.py/v2/beneficios/categorias/73
6ef8e8a6ac443484,GNB,Servicios,Municipalidad de Hernandarias,Hernandarias,Hasta 12 cuotas sin intereses para impuesto inmobiliario,cuotas_sin_intereses,,lunes; martes; miércoles; jueves; viernes; sábado; domingo,,,Todos los días,Desde 2026-01-05 hasta 2026-12-31,Sin tope monetario indicado en las bases.,,,https://www.beneficiosbancognb.com.py/v2/beneficios/categorias/73
aa7b4078df408762,GNB,Servicios,Municipalidad de Hohenau,Hohenau,Hasta 12 cuotas sin intereses para impuesto inmobiliario,cuotas_sin_intereses,,lunes; martes; miércoles; jueves; viernes; sábado; domingo,,,Todos los días,Desde 2026-01-05 hasta 2026-12-31,Sin tope monetario indicado en las bases.,,,https://www.beneficiosbancognb.com.py/v2/beneficios/categorias/73
7a0fa0f2eb113d56,GNB,Servicios,Municipalidad de Lambaré,Lambaré,Hasta 12 cuotas sin intereses para impuesto inmobiliario,cuotas_sin_intereses,,lunes; martes; miércoles; jueves; viernes; sábado; domingo,,,Todos los días,Desde 2026-01-05 hasta 2026-12-31,Sin tope monetario indicado en las bases.,,,https://www.beneficiosbancognb.com.py/v2/beneficios/categorias/73
1de1066d691ccfaa,GNB,Servicios,Municipalidad de Luque,Luque,Hasta 12 cuotas sin intereses para impuesto inmobiliario,cuotas_sin_intereses,,lunes; martes; miércoles; jueves; viernes; sábado; domingo,,,Todos los días,Desde 2026-01-05 hasta 2026-12-31,Sin tope monetario indicado en las bases.,,,https://www.beneficiosbancognb.com.py/v2/beneficios/categorias/73
e7cc3e3a0e33fec0,GNB,Servicios,Municipalidad de Nueva Colombia,Nueva Colombia,Hasta 12 cuotas sin intereses para impuesto inmobiliario,cuotas_sin_intereses,,lunes; martes; miércoles; jueves; viernes; sábado; domingo,,,Todos los días,Desde 2026-01-05 hasta 2026-12-31,Sin tope monetario indicado en las bases.,,,https://www.beneficiosbancognb.com.py/v2/beneficios/categorias/73
09ada0b26866128e,GNB,Servicios,Municipalidad de Pilar,Pilar,Hasta 12 cuotas sin intereses para impuesto inmobiliario,cuotas_sin_intereses,,lunes; martes; miércoles; jueves; viernes; sábado; domingo,,,Todos los días,Desde 2026-01-05 hasta 2026-12-31,Sin tope monetario indicado en las bases.,,,https://www.beneficiosbancognb.com.py/v2/beneficios/categorias/73
a8683657251de215,GNB,Servicios,Municipalidad de San Bernardino,San Bernardino,Hasta 12 cuotas sin intereses para impuesto inmobiliario,cuotas_sin_intereses,,lunes; martes; miércoles; jueves; viernes; sábado; domingo,,,Todos los días,Desde 2026-01-05 hasta 2026-12-31,Sin tope monetario indicado en las bases.,,,https://www.beneficiosbancognb.com.py/v2/beneficios/categorias/73
7411a0a5daf77829,GNB,Supermercados,Areté y Festa,Areté y Festa,15% de reintegro,reintegro,15%,lunes; martes; miércoles; jueves; viernes; sábado; domingo,,,Todos los días,Del 01 de enero al 31 de diciembre del 2026.,"Tope de compra mensual: de Gs.2.000.000 (guaraníes dos millones) en conjunto de Areté y Festa, por cuenta de tarjeta de crédito (Incluye titulares y adicionales) equivalente a un reintegro máximo mensual en el extracto Gs. 300.000 (guaraníes trescientos mil) para pagos con tarjetas de crédito Banco GNB aplicado al total de compras realizadas en Areté y Festa.",,,https://www.beneficiosbancognb.com.py/v2/beneficios/categorias/47
59eac683002b0f69,GNB,Supermercados,Líder Supermercado,Líder Supermercado,15% de reintegro,reintegro,15%,jueves,,,jueves,Del 16 de abril al 24 de septiembre del 2026.,"Tope de compra mensual: Gs. 1.500.000 (guaraníes un millón quinientos mil) por cuenta de tarjeta de crédito Incluye titulares y adicionales, el cual aplica en forma conjunta a los locales de los comercios adheridos.",,,https://www.beneficiosbancognb.com.py/v2/beneficios/categorias/610
7de04a65c09c70cb,GNB,Supermercados,Super Sac Supermercado,Super Sac Supermercado,15% de reintegro,reintegro,15%,jueves,,,jueves,Del 16 de abril al 24 de septiembre del 2026.,"Tope de compra mensual: Gs. 1.500.000 (guaraníes un millón quinientos mil) por cuenta de tarjeta de crédito Incluye titulares y adicionales, el cual aplica en forma conjunta a los locales de los comercios adheridos.",,,https://www.beneficiosbancognb.com.py/v2/beneficios/categorias/609
aa5a18049fad3a15,GNB,Supermercados,Supermercado AhorraMás,Supermercado AhorraMás,25% de reintegro,reintegro,25%,jueves,,,jueves,Del 14 de enero al 31 de diciembre del 2026.,Tope de compra mensual: Gs. 1.000.000 (guaraníes un millón) por cuenta de tarjeta de crédito Incluye titulares y adicionales.,,,https://www.beneficiosbancognb.com.py/v2/beneficios/categorias/526
84c0dc562d5780db,GNB,Supermercados,Supermercado Jullito,Supermercado Jullito,20% de descuento,descuento,20%,lunes,,,lunes,Hasta 28 de noviembre de 2026. La ficha y el PDF difieren; se usa la fecha más temprana.,Tope de compra mensual: Gs. 1.000.000 (guaraníes un millón) por cuenta de tarjeta de crédito (incluye titulares y adicionales).,,,https://www.beneficiosbancognb.com.py/v2/beneficios/categorias/377
50aace9dc3761a56,GNB,Supermercados,Supermercado Súper 2,Supermercado Súper 2,20% de reintegro,reintegro,20%,jueves,,,jueves,Del 16 de abril al 31 de diciembre del 2026.,Tope de compra mensual: Gs. 1.000.000 (guaraníes un millón) por cuenta de tarjeta de crédito Incluye titulares y adicionales.,,,https://www.beneficiosbancognb.com.py/v2/beneficios/categorias/392
5b3c1360551ea682,GNB,Supermercados,Supermercado Súper 2,Supermercado Súper 2,15% de reintegro,reintegro,15%,jueves,,,jueves,Del 16 de abril al 31 de diciembre del 2026.,Tope de compra mensual: Gs. 1.000.000 (guaraníes un millón) por cuenta de tarjeta de crédito Incluye titulares y adicionales.,,,https://www.beneficiosbancognb.com.py/v2/beneficios/categorias/392
9b15f5cb6545e35a,GNB,Tecnología,Alemania Cell,Alemania Cell,Hasta 12 cuotas sin intereses,cuotas_sin_intereses,,lunes; martes; miércoles; jueves; viernes; sábado; domingo,,,Todos los días,Del 05 de enero al 31 de diciembre del 2026.,,,,https://www.beneficiosbancognb.com.py/v2/beneficios/categorias/189
3198af6e42aae42c,GNB,Tecnología,Cellshop,Cellshop,Hasta 12 cuotas sin intereses,cuotas_sin_intereses,,lunes; martes; miércoles; jueves; viernes; sábado; domingo,,,Todos los días,Del 05 de enero al 31 de diciembre del 2026.,,,,https://www.beneficiosbancognb.com.py/v2/beneficios/categorias/254
e297d9af4ae6b34e,GNB,Tecnología,Electrónica y electrodomésticos,Electrónica y electrodomésticos,Hasta 12 cuotas sin intereses,cuotas_sin_intereses,,lunes; martes; miércoles; jueves; viernes; sábado; domingo,,,Todos los días,Del 05 de enero al 31 de diciembre del 2026.,,,,https://www.beneficiosbancognb.com.py/v2/beneficios/categorias/145
960590e6530169c1,GNB,Tecnología,Fercell,Fercell,Hasta 12 cuotas sin intereses,cuotas_sin_intereses,,lunes; martes; miércoles; jueves; viernes; sábado; domingo,,,Todos los días,Del 05 de enero al 31 de diciembre del 2026.,,,,https://www.beneficiosbancognb.com.py/v2/beneficios/categorias/311
c7d26de7cd8cae1c,GNB,Tecnología,Gadget,Gadget,Hasta 12 cuotas sin intereses,cuotas_sin_intereses,,lunes; martes; miércoles; jueves; viernes; sábado; domingo,,,Todos los días,Del 16 de marzo al 30 de noviembre del 2026.,,,,https://www.beneficiosbancognb.com.py/v2/beneficios/categorias/500
ec1a95b5e3e7637c,GNB,Tecnología,Mercado Digital,Mercado Digital,Hasta 12 cuotas sin intereses,cuotas_sin_intereses,,lunes; martes; miércoles; jueves; viernes; sábado; domingo,,,Todos los días,Del 05 de enero al 31 de diciembre del 2026.,,,,https://www.beneficiosbancognb.com.py/v2/beneficios/categorias/290
3b15fd114bd5bb67,GNB,Tecnología,Nissei,Nissei,Hasta 12 cuotas sin intereses,cuotas_sin_intereses,,lunes; martes; miércoles; jueves; viernes; sábado; domingo,,,Todos los días,Del 05 de enero al 31 de diciembre del 2026.,,,,https://www.beneficiosbancognb.com.py/v2/beneficios/categorias/79
89dca0c74a782d02,GNB,Tiendas,24.7 Materiales Eléctricos,24.7 Materiales Eléctricos,Hasta 12 cuotas sin intereses,cuotas_sin_intereses,,lunes; martes; miércoles; jueves; viernes; sábado; domingo,,,Todos los días,Del 05 de enero al 31 de diciembre del 2026.,,,,https://www.beneficiosbancognb.com.py/v2/beneficios/categorias/536
7bee8ebaf7fa2f73,GNB,Tiendas,360 Sneaker Store,360 Sneaker Store,25% de descuento,descuento,25%,jueves,,,jueves,Del 22 de enero al 26 de noviembre del 2026.,"Tope de compra mensual: Gs. 1.500.000 (guaraníes un millón quinientos mil) para tarjetas de crédito Mastercard y Visa Clásicas, Oro Platinum e Infinite. y Gs. 3.000.000 (guaraníes tres millones) para tarjetas de crédito Mastercard Black, Black Premier y Metalcard Premier el cual aplica en forma conjunta a todos los locales de los comercios adheridos.",,,https://www.beneficiosbancognb.com.py/v2/beneficios/categorias/181
b0e3f74eacd6d4fe,GNB,Tiendas,360 Sneaker Store,360 Sneaker Store,20% de descuento,descuento,20%,jueves,,,jueves,Del 22 de enero al 26 de noviembre del 2026.,"Tope de compra mensual: Gs. 1.500.000 (guaraníes un millón quinientos mil) para tarjetas de crédito Mastercard y Visa Clásicas, Oro Platinum e Infinite. y Gs. 3.000.000 (guaraníes tres millones) para tarjetas de crédito Mastercard Black, Black Premier y Metalcard Premier el cual aplica en forma conjunta a todos los locales de los comercios adheridos.",,,https://www.beneficiosbancognb.com.py/v2/beneficios/categorias/181
6fd86e5e00aca0c3,GNB,Tiendas,360 Sneaker Store,360 Sneaker Store,Hasta 6 cuotas sin intereses,cuotas_sin_intereses,,lunes; martes; miércoles; jueves; viernes; sábado; domingo,,,Todos los días,Del 22 de enero al 26 de noviembre del 2026.,"Tope de compra mensual: Gs. 1.500.000 (guaraníes un millón quinientos mil) para tarjetas de crédito Mastercard y Visa Clásicas, Oro Platinum e Infinite. y Gs. 3.000.000 (guaraníes tres millones) para tarjetas de crédito Mastercard Black, Black Premier y Metalcard Premier el cual aplica en forma conjunta a todos los locales de los comercios adheridos.",,,https://www.beneficiosbancognb.com.py/v2/beneficios/categorias/181
7f9737c417c2eacf,GNB,Tiendas,ACE,ACE,Hasta 12 cuotas sin intereses,cuotas_sin_intereses,,lunes; martes; miércoles; jueves; viernes; sábado; domingo,,,Todos los días,Del 14 de julio al 31 de diciembre del 2026.,,,,https://www.beneficiosbancognb.com.py/v2/beneficios/categorias/278
aecb54b9871b9a53,GNB,Tiendas,Achon,Achon,Hasta 12 cuotas sin intereses,cuotas_sin_intereses,,lunes; martes; miércoles; jueves; viernes; sábado; domingo,,,Todos los días,Del 05 de enero al 31 de diciembre del 2026.,,,,https://www.beneficiosbancognb.com.py/v2/beneficios/categorias/51
c675fc2974b034b2,GNB,Tiendas,Adidas,Adidas,25% de descuento,descuento,25%,jueves,,,jueves,Del 22 de enero al 26 de noviembre del 2026.,"Tope de compra mensual: Gs. 1.500.000 (guaraníes un millón quinientos mil) para tarjetas de crédito Mastercard y Visa Clásicas, Oro Platinum e Infinite. y Gs. 3.000.000 (guaraníes tres millones) para tarjetas de crédito Mastercard Black, Black Premier y Metalcard Premier el cual aplica en forma conjunta a todos los locales de los comercios adheridos.",,,https://www.beneficiosbancognb.com.py/v2/beneficios/categorias/423
7d8141b229e883a9,GNB,Tiendas,Adidas,Adidas,20% de descuento,descuento,20%,jueves,,,jueves,Del 22 de enero al 26 de noviembre del 2026.,"Tope de compra mensual: Gs. 1.500.000 (guaraníes un millón quinientos mil) para tarjetas de crédito Mastercard y Visa Clásicas, Oro Platinum e Infinite. y Gs. 3.000.000 (guaraníes tres millones) para tarjetas de crédito Mastercard Black, Black Premier y Metalcard Premier el cual aplica en forma conjunta a todos los locales de los comercios adheridos.",,,https://www.beneficiosbancognb.com.py/v2/beneficios/categorias/423
13fc738d60e13278,GNB,Tiendas,Adidas,Adidas,Hasta 6 cuotas sin intereses,cuotas_sin_intereses,,lunes; martes; miércoles; jueves; viernes; sábado; domingo,,,Todos los días,Del 22 de enero al 26 de noviembre del 2026.,"Tope de compra mensual: Gs. 1.500.000 (guaraníes un millón quinientos mil) para tarjetas de crédito Mastercard y Visa Clásicas, Oro Platinum e Infinite. y Gs. 3.000.000 (guaraníes tres millones) para tarjetas de crédito Mastercard Black, Black Premier y Metalcard Premier el cual aplica en forma conjunta a todos los locales de los comercios adheridos.",,,https://www.beneficiosbancognb.com.py/v2/beneficios/categorias/423
3a396cdad6a66c5c,GNB,Tiendas,Aero,Aero,25% de descuento,descuento,25%,jueves; viernes,,,"jueves, viernes",Del 22 de enero al 27 de noviembre del 2026.,"Tope de compra mensual: Gs. 1.500.000 (guaraníes un millón quinientos mil) para tarjetas de crédito Mastercard y Visa Clásicas, Oro Platinum e Infinite. y Gs. 3.000.000 (guaraníes tres millones) para tarjetas de crédito Mastercard Black, Black Premier y Metalcard Premier.",,,https://www.beneficiosbancognb.com.py/v2/beneficios/categorias/573
38d1496a5d767918,GNB,Tiendas,Aero,Aero,20% de descuento,descuento,20%,jueves; viernes,,,"jueves, viernes",Del 22 de enero al 27 de noviembre del 2026.,"Tope de compra mensual: Gs. 1.500.000 (guaraníes un millón quinientos mil) para tarjetas de crédito Mastercard y Visa Clásicas, Oro Platinum e Infinite. y Gs. 3.000.000 (guaraníes tres millones) para tarjetas de crédito Mastercard Black, Black Premier y Metalcard Premier.",,,https://www.beneficiosbancognb.com.py/v2/beneficios/categorias/573
6d98f5596f0aef3b,GNB,Tiendas,Aero,Aero,Hasta 6 cuotas sin intereses,cuotas_sin_intereses,,lunes; martes; miércoles; jueves; viernes; sábado; domingo,,,Todos los días,Del 22 de enero al 27 de noviembre del 2026.,"Tope de compra mensual: Gs. 1.500.000 (guaraníes un millón quinientos mil) para tarjetas de crédito Mastercard y Visa Clásicas, Oro Platinum e Infinite. y Gs. 3.000.000 (guaraníes tres millones) para tarjetas de crédito Mastercard Black, Black Premier y Metalcard Premier.",,,https://www.beneficiosbancognb.com.py/v2/beneficios/categorias/573
4b319ea2e9386e18,GNB,Tiendas,Agrofield – Fauna Town,Agrofield – Fauna Town,20% de reintegro,reintegro,20%,viernes; jueves,,3:viernes; 3:jueves,tercer jueves y viernes de cada mes,Del 16 de julio al 18 de diciembre del 2026.,"Tope de compra mensual: Gs. 2.500.000 (guaraníes dos millones quinientos mil) por cuenta de tarjeta de crédito, incluye titulares y adicionales.",,,https://www.beneficiosbancognb.com.py/v2/beneficios/categorias/631
7d4b628a28258af5,GNB,Tiendas,Agrofield – Fauna Town,Agrofield – Fauna Town,Hasta 6 cuotas sin intereses,cuotas_sin_intereses,,viernes; jueves,,3:viernes; 3:jueves,tercer jueves y viernes de cada mes,Del 16 de julio al 18 de diciembre del 2026.,"Tope de compra mensual: Gs. 2.500.000 (guaraníes dos millones quinientos mil) por cuenta de tarjeta de crédito, incluye titulares y adicionales.",,,https://www.beneficiosbancognb.com.py/v2/beneficios/categorias/631
3a20b8ffe7e54515,GNB,Tiendas,Alamo,Alamo,20% de reintegro,reintegro,20%,lunes; sábado,,,"lunes, sábado",Del 19 de agosto al 31 de diciembre del 2026.,"Tope de compra mensual: Gs. 600.000 (guaraníes seiscientos) por cuenta de tarjeta de crédito (incluye titulares y adicionales), el cual aplica en forma conjunta a todos los locales de los comercios adheridos.",,,https://www.beneficiosbancognb.com.py/v2/beneficios/categorias/41
ccdbda7ae2fbee86,GNB,Tiendas,Alamo,Alamo,Hasta 6 cuotas sin intereses,cuotas_sin_intereses,,lunes; martes; miércoles; jueves; viernes; sábado; domingo,,,Todos los días,Del 19 de agosto al 31 de diciembre del 2026.,"Tope de compra mensual: Gs. 600.000 (guaraníes seiscientos) por cuenta de tarjeta de crédito (incluye titulares y adicionales), el cual aplica en forma conjunta a todos los locales de los comercios adheridos.",,,https://www.beneficiosbancognb.com.py/v2/beneficios/categorias/41
b0cba8ecc760973e,GNB,Tiendas,All Office,All Office,Hasta 12 cuotas sin intereses,cuotas_sin_intereses,,lunes; martes; miércoles; jueves; viernes; sábado; domingo,,,Todos los días,Del 05 de enero al 31 de diciembre del 2026.,,,,https://www.beneficiosbancognb.com.py/v2/beneficios/categorias/398
2339a6bb78e25ed9,GNB,Tiendas,American Look,American Look,25% de descuento,descuento,25%,jueves; viernes,,,"jueves, viernes",Del 22 de enero al 27 de noviembre del 2026.,"Tope de compra mensual: Gs. 1.500.000 (guaraníes un millón quinientos mil) para tarjetas de crédito Mastercard y Visa Clásicas, Oro Platinum e Infinite. y Gs. 3.000.000 (guaraníes tres millones) para tarjetas de crédito Mastercard Black, Black Premier y Metalcard Premier.",,,https://www.beneficiosbancognb.com.py/v2/beneficios/categorias/574
e11e2b213e642dc9,GNB,Tiendas,American Look,American Look,20% de descuento,descuento,20%,jueves; viernes,,,"jueves, viernes",Del 22 de enero al 27 de noviembre del 2026.,"Tope de compra mensual: Gs. 1.500.000 (guaraníes un millón quinientos mil) para tarjetas de crédito Mastercard y Visa Clásicas, Oro Platinum e Infinite. y Gs. 3.000.000 (guaraníes tres millones) para tarjetas de crédito Mastercard Black, Black Premier y Metalcard Premier.",,,https://www.beneficiosbancognb.com.py/v2/beneficios/categorias/574
95f620b041e01610,GNB,Tiendas,American Look,American Look,Hasta 6 cuotas sin intereses,cuotas_sin_intereses,,lunes; martes; miércoles; jueves; viernes; sábado; domingo,,,Todos los días,Del 22 de enero al 27 de noviembre del 2026.,"Tope de compra mensual: Gs. 1.500.000 (guaraníes un millón quinientos mil) para tarjetas de crédito Mastercard y Visa Clásicas, Oro Platinum e Infinite. y Gs. 3.000.000 (guaraníes tres millones) para tarjetas de crédito Mastercard Black, Black Premier y Metalcard Premier.",,,https://www.beneficiosbancognb.com.py/v2/beneficios/categorias/574
f110f596cd079972,GNB,Tiendas,Amo Mi Casa,Amo Mi Casa,Hasta 12 cuotas sin intereses,cuotas_sin_intereses,,lunes; martes; miércoles; jueves; viernes; sábado; domingo,,,Todos los días,Del 05 de enero al 31 de diciembre del 2026.,,,,https://www.beneficiosbancognb.com.py/v2/beneficios/categorias/354
7403ef1ac6e3dfd2,GNB,Tiendas,Anouk - Hans & Baby An,Anouk - Hans & Baby An,20% de descuento,descuento,20%,jueves,,,jueves,Del 02 de julio al 26 de noviembre del 2026.,Tope de compra mensual: Gs. 1.000.000 (guaraníes un millón) por cuenta de tarjeta de crédito Incluye titulares y adicionales.,,,https://www.beneficiosbancognb.com.py/v2/beneficios/categorias/490
ed69c4ebf161417d,GNB,Tiendas,Anouk - Hans & Baby An,Anouk - Hans & Baby An,Hasta 6 cuotas sin intereses,cuotas_sin_intereses,,lunes; martes; miércoles; jueves; viernes; sábado; domingo,,,Todos los días,Del 02 de julio al 26 de noviembre del 2026.,Tope de compra mensual: Gs. 1.000.000 (guaraníes un millón) por cuenta de tarjeta de crédito Incluye titulares y adicionales.,,,https://www.beneficiosbancognb.com.py/v2/beneficios/categorias/490
8104f6ef015ed9d5,GNB,Tiendas,Aqualar,Aqualar,Hasta 12 cuotas sin intereses,cuotas_sin_intereses,,lunes; martes; miércoles; jueves; viernes; sábado; domingo,,,Todos los días,Del 05 de enero al 31 de diciembre del 2026.,,,,https://www.beneficiosbancognb.com.py/v2/beneficios/categorias/443
3f0aba4e3c88543d,GNB,Tiendas,Armele,Armele,25% de descuento,descuento,25%,jueves; viernes,,,"jueves, viernes",Del 22 de enero al 27 de noviembre del 2026.,Tope de compra mensual: Gs. 20.000.000 (guaranies veinte millones) por cuenta de tarjeta de crédito (incluye titulares y adicionales).,,,https://www.beneficiosbancognb.com.py/v2/beneficios/categorias/193
a22729967e4bce8d,GNB,Tiendas,Armele,Armele,20% de descuento,descuento,20%,jueves; viernes,,,"jueves, viernes",Del 22 de enero al 27 de noviembre del 2026.,Tope de compra mensual: Gs. 20.000.000 (guaranies veinte millones) por cuenta de tarjeta de crédito (incluye titulares y adicionales).,,,https://www.beneficiosbancognb.com.py/v2/beneficios/categorias/193
f47d117b8e3f1da8,GNB,Tiendas,Armele,Armele,Hasta 12 cuotas sin intereses,cuotas_sin_intereses,,lunes; martes; miércoles; jueves; viernes; sábado; domingo,,,Todos los días,Del 22 de enero al 27 de noviembre del 2026.,Tope de compra mensual: Gs. 20.000.000 (guaranies veinte millones) por cuenta de tarjeta de crédito (incluye titulares y adicionales).,,,https://www.beneficiosbancognb.com.py/v2/beneficios/categorias/193
f3fe88fe1db3ec61,GNB,Tiendas,Arte Actual,Arte Actual,10% de descuento,descuento,10%,lunes; martes; miércoles; jueves; viernes; sábado; domingo,,,Todos los días,Del 05 de enero al 31 de diciembre del 2026.,,,,https://www.beneficiosbancognb.com.py/v2/beneficios/categorias/395
79b8fefeda66e1f3,GNB,Tiendas,Arte Actual,Arte Actual,Hasta 12 cuotas sin intereses,cuotas_sin_intereses,,lunes; martes; miércoles; jueves; viernes; sábado; domingo,,,Todos los días,Del 05 de enero al 31 de diciembre del 2026.,,,,https://www.beneficiosbancognb.com.py/v2/beneficios/categorias/395
94f5496484ca91d0,GNB,Tiendas,Artemera,Artemera,25% de descuento,descuento,25%,viernes,,,viernes,Del 11 de septiembre al 27 de noviembre del 2026.,"Tope de compra mensual: Gs. 1.500.000 (guaraníes un millón quinientos mil) por cuenta de tarjeta de crédito (incluye titulares y adicionales), el cual aplica en forma conjunta a todos los locales de los comercios adheridos.",,,https://www.beneficiosbancognb.com.py/v2/beneficios/categorias/491
39ee3872b0e9cb5a,GNB,Tiendas,Artemera,Artemera,20% de descuento,descuento,20%,viernes,,,viernes,Del 11 de septiembre al 27 de noviembre del 2026.,"Tope de compra mensual: Gs. 1.500.000 (guaraníes un millón quinientos mil) por cuenta de tarjeta de crédito (incluye titulares y adicionales), el cual aplica en forma conjunta a todos los locales de los comercios adheridos.",,,https://www.beneficiosbancognb.com.py/v2/beneficios/categorias/491
0d947d9a74f0206b,GNB,Tiendas,Artemera,Artemera,Hasta 6 cuotas sin intereses,cuotas_sin_intereses,,lunes; martes; miércoles; jueves; viernes; sábado; domingo,,,Todos los días,Del 11 de septiembre al 27 de noviembre del 2026.,"Tope de compra mensual: Gs. 1.500.000 (guaraníes un millón quinientos mil) por cuenta de tarjeta de crédito (incluye titulares y adicionales), el cual aplica en forma conjunta a todos los locales de los comercios adheridos.",,,https://www.beneficiosbancognb.com.py/v2/beneficios/categorias/491
741878ecd1427629,GNB,Tiendas,Asismed,Asismed,Hasta 12 cuotas sin intereses,cuotas_sin_intereses,,lunes; martes; miércoles; jueves; viernes; sábado; domingo,,,Todos los días,Del 05 de enero al 31 de diciembre del 2026.,,,,https://www.beneficiosbancognb.com.py/v2/beneficios/categorias/369
8ce671da71bb01a3,GNB,Tiendas,Asismed,Asismed,Hasta 12 cuotas sin intereses,cuotas_sin_intereses,,lunes; martes; miércoles; jueves; viernes; sábado; domingo,,,Todos los días,Del 05 de enero al 31 de diciembre del 2026.,,,,https://www.beneficiosbancognb.com.py/v2/beneficios/categorias/369
41d5c0d463e4e232,GNB,Tiendas,BM Comercial,BM Comercial,Hasta 12 cuotas sin intereses,cuotas_sin_intereses,,lunes; martes; miércoles; jueves; viernes; sábado; domingo,,,Todos los días,Del 03 de agosto al 31 de diciembre del 2026.,,,,https://www.beneficiosbancognb.com.py/v2/beneficios/categorias/649
1386d72122933057,GNB,Tiendas,Baume,Baume,Hasta 6 cuotas sin intereses,cuotas_sin_intereses,,lunes; martes; miércoles; jueves; viernes; sábado; domingo,,,Todos los días,Del 10 de agosto al 31 de diciembre del 2026.,,,,https://www.beneficiosbancognb.com.py/v2/beneficios/categorias/650
67e85c6170041792,GNB,Tiendas,Baza Rattán,Baza Rattán,20% de descuento,descuento,20%,,17; 18; 19; 20,,del 17 al 20 de cada mes; últimos 3 días de cada mes,Del 17 de julio al 31 de diciembre del 2026.,"Tope de compra mensual: Gs. 3.000.000 (guaraníes tres millones) por cuenta de tarjeta de crédito (incluye titulares y adicionales), el cual aplica en forma conjunta a todos los locales del comercio.",,,https://www.beneficiosbancognb.com.py/v2/beneficios/categorias/638
893ea44f4bf234c4,GNB,Tiendas,Baza Rattán,Baza Rattán,Hasta 12 cuotas sin intereses,cuotas_sin_intereses,,lunes; martes; miércoles; jueves; viernes; sábado; domingo,,,Todos los días,Del 17 de julio al 31 de diciembre del 2026.,"Tope de compra mensual: Gs. 3.000.000 (guaraníes tres millones) por cuenta de tarjeta de crédito (incluye titulares y adicionales), el cual aplica en forma conjunta a todos los locales del comercio.",,,https://www.beneficiosbancognb.com.py/v2/beneficios/categorias/638
fbc04b6d36368401,GNB,Tiendas,Bellisima,Bellisima,Hasta 12 cuotas sin intereses,cuotas_sin_intereses,,lunes; martes; miércoles; jueves; viernes; sábado; domingo,,,Todos los días,Del 22 de enero al 31 de diciembre del 2026.,,,,https://www.beneficiosbancognb.com.py/v2/beneficios/categorias/476
9d0d3d253c9f6d28,GNB,Tiendas,Body Club,Body Club,25% de descuento,descuento,25%,jueves; viernes,,,"jueves, viernes",Del 08 de enero al 27 de noviembre del 2026.,Tope de compra mensual: Gs. 1.000.000 (guaraníes un millón) por cuenta de tarjeta de crédito (Incluye titulares y adicionales).,,,https://www.beneficiosbancognb.com.py/v2/beneficios/categorias/48
5b02e28b34445dea,GNB,Tiendas,Body Club,Body Club,20% de descuento,descuento,20%,jueves; viernes,,,"jueves, viernes",Del 08 de enero al 27 de noviembre del 2026.,Tope de compra mensual: Gs. 1.000.000 (guaraníes un millón) por cuenta de tarjeta de crédito (Incluye titulares y adicionales).,,,https://www.beneficiosbancognb.com.py/v2/beneficios/categorias/48
1836f5bfc740f91e,GNB,Tiendas,Body Club,Body Club,Hasta 6 cuotas sin intereses,cuotas_sin_intereses,,lunes; martes; miércoles; jueves; viernes; sábado; domingo,,,Todos los días,Del 08 de enero al 27 de noviembre del 2026.,Tope de compra mensual: Gs. 1.000.000 (guaraníes un millón) por cuenta de tarjeta de crédito (Incluye titulares y adicionales).,,,https://www.beneficiosbancognb.com.py/v2/beneficios/categorias/48
328037b38d8ec700,GNB,Tiendas,Boxes Casual Shoes,Boxes Casual Shoes,25% de descuento,descuento,25%,sábado,,,sábado,Del 05 de septiembre al 26 de diciembre del 2026.,Tope de compra mensual: Gs. 1.000.000 (guaraníes un millón) por cuenta de tarjeta de crédito Incluye titulares y adicionales.,,,https://www.beneficiosbancognb.com.py/v2/beneficios/categorias/110
775cad7539d4721b,GNB,Tiendas,Bristol,Bristol,Hasta 12 cuotas sin intereses,cuotas_sin_intereses,,lunes; martes; miércoles; jueves; viernes; sábado; domingo,,,Todos los días,Del 05 de enero al 31 de diciembre del 2026.,,,,https://www.beneficiosbancognb.com.py/v2/beneficios/categorias/387
7aec62d32484cc34,GNB,Tiendas,Brooksfield,Brooksfield,25% de descuento,descuento,25%,jueves; viernes,,,"jueves, viernes",Del 22 de enero al 27 de noviembre del 2026.,"Tope de compra mensual: Gs. 1.500.000 (guaraníes un millón quinientos mil) para tarjetas de crédito Mastercard y Visa Clásicas, Oro Platinum e Infinite. y Gs. 3.000.000 (guaraníes tres millones) para tarjetas de crédito Mastercard Black, Black Premier y Metalcard Premier.",,,https://www.beneficiosbancognb.com.py/v2/beneficios/categorias/575
f0d6050865441f51,GNB,Tiendas,Brooksfield,Brooksfield,20% de descuento,descuento,20%,jueves; viernes,,,"jueves, viernes",Del 22 de enero al 27 de noviembre del 2026.,"Tope de compra mensual: Gs. 1.500.000 (guaraníes un millón quinientos mil) para tarjetas de crédito Mastercard y Visa Clásicas, Oro Platinum e Infinite. y Gs. 3.000.000 (guaraníes tres millones) para tarjetas de crédito Mastercard Black, Black Premier y Metalcard Premier.",,,https://www.beneficiosbancognb.com.py/v2/beneficios/categorias/575
77cb6cb0669249ec,GNB,Tiendas,Brooksfield,Brooksfield,Hasta 6 cuotas sin intereses,cuotas_sin_intereses,,lunes; martes; miércoles; jueves; viernes; sábado; domingo,,,Todos los días,Del 22 de enero al 27 de noviembre del 2026.,"Tope de compra mensual: Gs. 1.500.000 (guaraníes un millón quinientos mil) para tarjetas de crédito Mastercard y Visa Clásicas, Oro Platinum e Infinite. y Gs. 3.000.000 (guaraníes tres millones) para tarjetas de crédito Mastercard Black, Black Premier y Metalcard Premier.",,,https://www.beneficiosbancognb.com.py/v2/beneficios/categorias/575
8febebd9a20f2e50,GNB,Tiendas,CAT,CAT,25% de descuento,descuento,25%,viernes,,,viernes,Del 23 de enero al 27 de noviembre del 2026.,"Tope de compra mensual: Gs. 1.500.000 (guaraníes un millón quinientos mil) para tarjetas de crédito Mastercard y Visa Clásicas, Oro Platinum e Infinite. y Gs. 3.000.000 (guaraníes tres millones) para tarjetas de crédito Mastercard Black, Black Premier y Metalcard Premier el cual aplica en forma conjunta a todos los locales de los comercios adheridos.",,,https://www.beneficiosbancognb.com.py/v2/beneficios/categorias/168
27ca253ca16b82c2,GNB,Tiendas,CAT,CAT,20% de descuento,descuento,20%,viernes,,,viernes,Del 23 de enero al 27 de noviembre del 2026.,"Tope de compra mensual: Gs. 1.500.000 (guaraníes un millón quinientos mil) para tarjetas de crédito Mastercard y Visa Clásicas, Oro Platinum e Infinite. y Gs. 3.000.000 (guaraníes tres millones) para tarjetas de crédito Mastercard Black, Black Premier y Metalcard Premier el cual aplica en forma conjunta a todos los locales de los comercios adheridos.",,,https://www.beneficiosbancognb.com.py/v2/beneficios/categorias/168
c5a173cc991c59f5,GNB,Tiendas,CAT,CAT,Hasta 6 cuotas sin intereses,cuotas_sin_intereses,,lunes; martes; miércoles; jueves; viernes; sábado; domingo,,,Todos los días,Del 23 de enero al 27 de noviembre del 2026.,"Tope de compra mensual: Gs. 1.500.000 (guaraníes un millón quinientos mil) para tarjetas de crédito Mastercard y Visa Clásicas, Oro Platinum e Infinite. y Gs. 3.000.000 (guaraníes tres millones) para tarjetas de crédito Mastercard Black, Black Premier y Metalcard Premier el cual aplica en forma conjunta a todos los locales de los comercios adheridos.",,,https://www.beneficiosbancognb.com.py/v2/beneficios/categorias/168
7aeb55b833a2e0f7,GNB,Tiendas,CDC Calzados,CDC Calzados,20% de descuento,descuento,20%,sábado,,,sábado,Del 04 de julio al 28 de noviembre del 2026.,Tope de compra mensual: Gs. 800.000 (guaraníes ochocientos mil) por cuenta de tarjeta de crédito Incluye titulares y adicionales.,,,https://www.beneficiosbancognb.com.py/v2/beneficios/categorias/433
7eaf15691962e5c2,GNB,Tiendas,COM-PAR,COM-PAR,Hasta 12 cuotas sin intereses,cuotas_sin_intereses,,lunes; martes; miércoles; jueves; viernes; sábado; domingo,,,Todos los días,Del 05 de enero al 31 de diciembre del 2026.,,,,https://www.beneficiosbancognb.com.py/v2/beneficios/categorias/444
57e498a84923d576,GNB,Tiendas,Cafexpress,Cafexpress,Hasta 12 cuotas sin intereses,cuotas_sin_intereses,,lunes; martes; miércoles; jueves; viernes; sábado; domingo,,,Todos los días,Del 19 de marzo al 31 de diciembre del 2026.,,,,https://www.beneficiosbancognb.com.py/v2/beneficios/categorias/399
b43947d3f2e1341b,GNB,Tiendas,Calzados Rajomar,Calzados Rajomar,20% de descuento,descuento,20%,sábado,,,sábado,Del 18 de julio al 28 de noviembre del 2026.,"Tope de compra mensual: Gs. 1.000.000 (guaraníes un millón) por cuenta de tarjeta de crédito Incluye titulares y adicionales, (aplica en forma conjunta a los dos comercios adheridos).",,,https://www.beneficiosbancognb.com.py/v2/beneficios/categorias/640
e8e8dc0c3668e4fb,GNB,Tiendas,Calzados Rajomar,Calzados Rajomar,15% de descuento,descuento,15%,sábado,,,sábado,Del 18 de julio al 28 de noviembre del 2026.,"Tope de compra mensual: Gs. 1.000.000 (guaraníes un millón) por cuenta de tarjeta de crédito Incluye titulares y adicionales, (aplica en forma conjunta a los dos comercios adheridos).",,,https://www.beneficiosbancognb.com.py/v2/beneficios/categorias/640
0865501c25266928,GNB,Tiendas,Calzados Rajomar,Calzados Rajomar,Hasta 6 cuotas sin intereses,cuotas_sin_intereses,,sábado,,,sábado,Del 18 de julio al 28 de noviembre del 2026.,"Tope de compra mensual: Gs. 1.000.000 (guaraníes un millón) por cuenta de tarjeta de crédito Incluye titulares y adicionales, (aplica en forma conjunta a los dos comercios adheridos).",,,https://www.beneficiosbancognb.com.py/v2/beneficios/categorias/640
7fb22736c18bc27b,GNB,Tiendas,Carestino,Carestino,Hasta 12 cuotas sin intereses,cuotas_sin_intereses,,lunes; martes; miércoles; jueves; viernes; sábado; domingo,,,Todos los días,Del 05 de enero al 31 de diciembre del 2026.,,,,https://www.beneficiosbancognb.com.py/v2/beneficios/categorias/268
e9dc71e53b7136f8,GNB,Tiendas,Casa Imperial,Casa Imperial,Hasta 12 cuotas sin intereses,cuotas_sin_intereses,,lunes; martes; miércoles; jueves; viernes; sábado; domingo,,,Todos los días,Del 28 de enero al 31 de diciembre del 2026.,,,,https://www.beneficiosbancognb.com.py/v2/beneficios/categorias/564
eb42d1399288661c,GNB,Tiendas,Casa Liz,Casa Liz,Hasta 12 cuotas sin intereses,cuotas_sin_intereses,,lunes; martes; miércoles; jueves; viernes; sábado; domingo,,,Todos los días,Del 19 de febrero al 31 de diciembre del 2026.,,,,https://www.beneficiosbancognb.com.py/v2/beneficios/categorias/596
198a0d0821a7a7cd,GNB,Tiendas,Casa Paraná,Casa Paraná,25% de descuento,descuento,25%,sábado,,,sábado,Del 10 de enero al 28 de noviembre del 2026.,"Tope de compra mensual de Gs. 1.000.000, siendo Gs. 250.000 el tope de reintegro.",,,https://www.beneficiosbancognb.com.py/v2/beneficios/categorias/234
cdaea31044ae4846,GNB,Tiendas,Casa Pro,Casa Pro,Hasta 12 cuotas sin intereses,cuotas_sin_intereses,,lunes; martes; miércoles; jueves; viernes; sábado; domingo,,,Todos los días,Del 26 de agosto al 31 de diciembre del 2026.,,,,https://www.beneficiosbancognb.com.py/v2/beneficios/categorias/643
519fcce374c20d84,GNB,Tiendas,Cat Town – Agrofield Web,Cat Town – Agrofield Web,20% de reintegro,reintegro,20%,jueves,,,jueves,Del 02 de julio al 31 de diciembre del 2026.,"Tope de compra mensual: Gs. 500.000 (guaraníes quinientos mil) por cuenta de tarjeta de crédito, incluye titulares y adicionales.",,,https://www.beneficiosbancognb.com.py/v2/beneficios/categorias/630
896715ca69bbf5c6,GNB,Tiendas,Cat Town – Agrofield Web,Cat Town – Agrofield Web,Hasta 6 cuotas sin intereses,cuotas_sin_intereses,,jueves,,,jueves,Del 02 de julio al 31 de diciembre del 2026.,"Tope de compra mensual: Gs. 500.000 (guaraníes quinientos mil) por cuenta de tarjeta de crédito, incluye titulares y adicionales.",,,https://www.beneficiosbancognb.com.py/v2/beneficios/categorias/630
cfc0e62fca7e9f65,GNB,Tiendas,Cecconello,Cecconello,20% de descuento,descuento,20%,sábado,,,sábado,Del 11 de julio al 28 de noviembre del 2026.,"Tope de compra mensual: Gs. 1.500.000 (guaraníes un millón quinientos mil) por cuenta de tarjeta de crédito Incluye titulares y adicionales, (aplica en forma conjunta a los dos comercios adheridos).",,,https://www.beneficiosbancognb.com.py/v2/beneficios/categorias/449
5783e4e6342d0417,GNB,Tiendas,Cecconello,Cecconello,Hasta 6 cuotas sin intereses,cuotas_sin_intereses,,sábado,,,sábado,Del 11 de julio al 28 de noviembre del 2026.,"Tope de compra mensual: Gs. 1.500.000 (guaraníes un millón quinientos mil) por cuenta de tarjeta de crédito Incluye titulares y adicionales, (aplica en forma conjunta a los dos comercios adheridos).",,,https://www.beneficiosbancognb.com.py/v2/beneficios/categorias/449
9d9cb95dc64c2047,GNB,Tiendas,Centros de Enseñanzas,Centros de Enseñanzas,Hasta 12 cuotas sin intereses,cuotas_sin_intereses,,lunes; martes; miércoles; jueves; viernes; sábado; domingo,,,Todos los días,Del 05 de enero al 31 de diciembre del 2026.,,,,https://www.beneficiosbancognb.com.py/v2/beneficios/categorias/272
b04baa733f449427,GNB,Tiendas,Cerogrado,Cerogrado,20% de descuento,descuento,20%,jueves; viernes,,,"jueves, viernes",Del 20 de agosto al 31 de diciembre del 2026.,Tope de compra mensual: Gs. 1.500.000 (guaraníes un millón quinientos mil) por cuenta de tarjeta de crédito Incluye titulares y adicionales.,,,https://www.beneficiosbancognb.com.py/v2/beneficios/categorias/603
8e3ed254742b2023,GNB,Tiendas,Cerogrado,Cerogrado,Hasta 6 cuotas sin intereses,cuotas_sin_intereses,,jueves; viernes,,,"jueves, viernes",Del 20 de agosto al 31 de diciembre del 2026.,Tope de compra mensual: Gs. 1.500.000 (guaraníes un millón quinientos mil) por cuenta de tarjeta de crédito Incluye titulares y adicionales.,,,https://www.beneficiosbancognb.com.py/v2/beneficios/categorias/603
cb024de12f1475b6,GNB,Tiendas,Chacomer,Chacomer,Hasta 12 cuotas sin intereses,cuotas_sin_intereses,,lunes; martes; miércoles; jueves; viernes; sábado; domingo,,,Todos los días,Del 06 de julio al 31 de diciembre del 2026.,,,,https://www.beneficiosbancognb.com.py/v2/beneficios/categorias/309
2f730bae4faad59b,GNB,Tiendas,Champs Elysees,Champs Elysees,25% de descuento con QR,descuento,25%,jueves; viernes,,,"jueves, viernes",Del 08 de enero al 27 de noviembre del 2026.,"Tope de compra mensual: Gs. 2.000.000 (guaraníes dos millones) por cuenta de tarjeta de crédito (incluye titulares y adicionales), el cual aplica en forma conjunta a todos los locales de los comercios adheridos (Champs Elysees, O boticário, Isdin).",,,https://www.beneficiosbancognb.com.py/v2/beneficios/categorias/362
3f19d126edb8c06a,GNB,Tiendas,Champs Elysees,Champs Elysees,20% de descuento con tarjeta física,descuento,20%,jueves; viernes,,,"jueves, viernes",Del 08 de enero al 27 de noviembre del 2026.,"Tope de compra mensual: Gs. 2.000.000 (guaraníes dos millones) por cuenta de tarjeta de crédito (incluye titulares y adicionales), el cual aplica en forma conjunta a todos los locales de los comercios adheridos (Champs Elysees, O boticário, Isdin).",,,https://www.beneficiosbancognb.com.py/v2/beneficios/categorias/362
d43746e61f200df0,GNB,Tiendas,Champs Elysees,Champs Elysees,Hasta 6 cuotas sin intereses,cuotas_sin_intereses,,lunes; martes; miércoles; jueves; viernes; sábado; domingo,,,Todos los días,Del 08 de enero al 27 de noviembre del 2026.,"Tope de compra mensual: Gs. 2.000.000 (guaraníes dos millones) por cuenta de tarjeta de crédito (incluye titulares y adicionales), el cual aplica en forma conjunta a todos los locales de los comercios adheridos (Champs Elysees, O boticário, Isdin).",,,https://www.beneficiosbancognb.com.py/v2/beneficios/categorias/362
c766aa92eb73ecbc,GNB,Tiendas,Charpentier,Charpentier,15% de descuento,descuento,15%,lunes; martes; miércoles; jueves; viernes; sábado; domingo,,,Todos los días,Del 01 de enero al 31 de diciembre del 2026.,,,,https://www.beneficiosbancognb.com.py/v2/beneficios/categorias/35
c4faf8bfe2cc4c52,GNB,Tiendas,Charpentier,Charpentier,Hasta 6 cuotas sin intereses,cuotas_sin_intereses,,lunes; martes; miércoles; jueves; viernes; sábado; domingo,,,Todos los días,Del 01 de enero al 31 de diciembre del 2026.,,,,https://www.beneficiosbancognb.com.py/v2/beneficios/categorias/35
485fb5b04ff16b80,GNB,Tiendas,Chiqui Chic,Chiqui Chic,20% de descuento,descuento,20%,lunes; martes; miércoles; jueves; viernes; sábado; domingo,,,Todos los días,Del 05 de enero al 31 de diciembre del 2026.,,,,https://www.beneficiosbancognb.com.py/v2/beneficios/categorias/239
9bd0620800df1dc0,GNB,Tiendas,Chiqui Chic,Chiqui Chic,Hasta 12 cuotas sin intereses,cuotas_sin_intereses,,lunes; martes; miércoles; jueves; viernes; sábado; domingo,,,Todos los días,Del 05 de enero al 31 de diciembre del 2026.,,,,https://www.beneficiosbancognb.com.py/v2/beneficios/categorias/239
477fdf0aa59cea7c,GNB,Tiendas,Cindy Zayas - Fotografía Familiar,Cindy Zayas - Fotografía Familiar,Hasta 6 cuotas sin intereses,cuotas_sin_intereses,,lunes; martes; miércoles; jueves; viernes; sábado; domingo,,,Todos los días,Del 05 de enero al 31 de diciembre del 2026.,,,,https://www.beneficiosbancognb.com.py/v2/beneficios/categorias/404
6d4d1ca538a843f5,GNB,Tiendas,Claro Paraguay,Claro Paraguay,Hasta 12 cuotas sin intereses,cuotas_sin_intereses,,lunes; martes; miércoles; jueves; viernes; sábado; domingo,,,Todos los días,Del 05 de enero al 31 de diciembre del 2026.,,,,https://www.beneficiosbancognb.com.py/v2/beneficios/categorias/405
baeb9010c85bb4a6,GNB,Tiendas,Climarco,Climarco,Hasta 12 cuotas sin intereses,cuotas_sin_intereses,,lunes; martes; miércoles; jueves; viernes; sábado; domingo,,,Todos los días,Del 05 de enero al 31 de diciembre del 2026.,,,,https://www.beneficiosbancognb.com.py/v2/beneficios/categorias/434
a41f3e530497b551,GNB,Tiendas,Colchones Trebol,Colchones Trebol,Hasta 12 cuotas sin intereses,cuotas_sin_intereses,,lunes; martes; miércoles; jueves; viernes; sábado; domingo,,,Todos los días,Del 05 de enero al 31 de diciembre del 2026.,,,,https://www.beneficiosbancognb.com.py/v2/beneficios/categorias/326
b34678b4ea34ee47,GNB,Tiendas,Cole Haan,Cole Haan,25% de descuento,descuento,25%,viernes,,,viernes,Del 23 de enero al 27 de noviembre del 2026.,"Tope de compra mensual: Gs. 1.500.000 (guaraníes un millón quinientos mil) para tarjetas de crédito Mastercard y Visa Clásicas, Oro Platinum e Infinite. y Gs. 3.000.000 (guaraníes tres millones) para tarjetas de crédito Mastercard Black, Black Premier y Metalcard Premier el cual aplica en forma conjunta a todos los locales de los comercios adheridos.",,,https://www.beneficiosbancognb.com.py/v2/beneficios/categorias/116
8159d1c4e36e1056,GNB,Tiendas,Cole Haan,Cole Haan,20% de descuento,descuento,20%,viernes,,,viernes,Del 23 de enero al 27 de noviembre del 2026.,"Tope de compra mensual: Gs. 1.500.000 (guaraníes un millón quinientos mil) para tarjetas de crédito Mastercard y Visa Clásicas, Oro Platinum e Infinite. y Gs. 3.000.000 (guaraníes tres millones) para tarjetas de crédito Mastercard Black, Black Premier y Metalcard Premier el cual aplica en forma conjunta a todos los locales de los comercios adheridos.",,,https://www.beneficiosbancognb.com.py/v2/beneficios/categorias/116
9e577489f51b36f8,GNB,Tiendas,Cole Haan,Cole Haan,Hasta 6 cuotas sin intereses,cuotas_sin_intereses,,lunes; martes; miércoles; jueves; viernes; sábado; domingo,,,Todos los días,Del 23 de enero al 27 de noviembre del 2026.,"Tope de compra mensual: Gs. 1.500.000 (guaraníes un millón quinientos mil) para tarjetas de crédito Mastercard y Visa Clásicas, Oro Platinum e Infinite. y Gs. 3.000.000 (guaraníes tres millones) para tarjetas de crédito Mastercard Black, Black Premier y Metalcard Premier el cual aplica en forma conjunta a todos los locales de los comercios adheridos.",,,https://www.beneficiosbancognb.com.py/v2/beneficios/categorias/116
f9bf97768264ff17,GNB,Tiendas,Colegios,Colegios,10% de descuento,descuento,10%,,1; 2; 3; 4; 5; 6; 7; 8; 9; 10,,del 1 al 10 de cada mes,Del 01 de febrero al 10 de noviembre del 2026.,"Tope de compra durante el periodo de la promoción: Gs. 10.000.000 (guaraníes diez millones), el cual aplica en forma conjunta a todos los comercios seleccionados adheridos a la promoción de “Vuelta a clases - Colegios” en cualquiera de las sucursales de los comercios participantes.; Tope de reintegro durante el periodo de la promoción: Gs. 1.000.000.- (guaraníes un millón) y, se aplica por cuenta de tarjeta de crédito (titulares + adicionales).",,,https://www.beneficiosbancognb.com.py/v2/beneficios/categorias/421
067f0196df5efc3a,GNB,Tiendas,Colegios,Colegios,Hasta 12 cuotas sin intereses,cuotas_sin_intereses,,,1; 2; 3; 4; 5; 6; 7; 8; 9; 10,,del 1 al 10 de cada mes,Del 01 de febrero al 10 de noviembre del 2026.,"Tope de compra durante el periodo de la promoción: Gs. 10.000.000 (guaraníes diez millones), el cual aplica en forma conjunta a todos los comercios seleccionados adheridos a la promoción de “Vuelta a clases - Colegios” en cualquiera de las sucursales de los comercios participantes.; Tope de reintegro durante el periodo de la promoción: Gs. 1.000.000.- (guaraníes un millón) y, se aplica por cuenta de tarjeta de crédito (titulares + adicionales).",,,https://www.beneficiosbancognb.com.py/v2/beneficios/categorias/421
365c442797cf9c44,GNB,Tiendas,Copemarket,"KM.2: Av. Eusebio Ayala esq. Bartolomé, Asunción; Facundo Machain: Facundo Machain y RI 18 Pitiantuta, Asunción; Maitei: Av. Madame L. esq. Tte. Victor Valdez, Fernando de la Mora; Ruta 1 Km.14: Ruta Dptal D027 (Ex Ruta 1) esq. Buenos Aires, San Lorenzo; Autopista: Av. Silvio Pettirossi y Cochabamba, Luque; Villa Morra: Mcal. López y San Martín, Asunción; Km 6,5 C.D.E.: Blas Garay y Monseñor Rodríguez, Ciudad del Este; Encarnación Ruta 1: Ruta 1 Km 374 y Avda. Bernardino Caballero, Encarnación; Ferrocarril: Av. M. López e/ México y Caballero, Asunción; 25 de Mayo: 25 de Mayo esq. Choferes del Chaco - Mburicaó, Asunción; Hohenau: Ruta 6 Km. 35, Hohenau; Bella Vista Sur: Ruta 6 Km. 50. Paseo Bella Vista, Bella Vista Sur",15% de reintegro con Tarjeta física,reintegro,15%,lunes,,,Lunes,Desde 2026-07-06 hasta 2026-12-28,Tope de compra mensual por cuenta: Gs. 1.000.000. Tope de reintegro mensual por cuenta: Gs. 150.000.,,,https://www.beneficiosbancognb.com.py/v2/beneficios/categorias/148
9063035c9463e530,GNB,Tiendas,Copemarket,"KM.2: Av. Eusebio Ayala esq. Bartolomé, Asunción; Facundo Machain: Facundo Machain y RI 18 Pitiantuta, Asunción; Maitei: Av. Madame L. esq. Tte. Victor Valdez, Fernando de la Mora; Ruta 1 Km.14: Ruta Dptal D027 (Ex Ruta 1) esq. Buenos Aires, San Lorenzo; Autopista: Av. Silvio Pettirossi y Cochabamba, Luque; Villa Morra: Mcal. López y San Martín, Asunción; Km 6,5 C.D.E.: Blas Garay y Monseñor Rodríguez, Ciudad del Este; Encarnación Ruta 1: Ruta 1 Km 374 y Avda. Bernardino Caballero, Encarnación; Ferrocarril: Av. M. López e/ México y Caballero, Asunción; 25 de Mayo: 25 de Mayo esq. Choferes del Chaco - Mburicaó, Asunción; Hohenau: Ruta 6 Km. 35, Hohenau; Bella Vista Sur: Ruta 6 Km. 50. Paseo Bella Vista, Bella Vista Sur",20% de reintegro con QR desde App GNB o Copetrol Vamos en estaciones habilitadas,reintegro,20%,lunes,,,Lunes,Desde 2026-07-06 hasta 2026-12-28,Tope de compra mensual por cuenta: Gs. 1.000.000. Tope de reintegro mensual por cuenta: Gs. 200.000.,,,https://www.beneficiosbancognb.com.py/v2/beneficios/categorias/148
00eff92b5ca32709,GNB,Tiendas,Copemarket,"KM.2: Av. Eusebio Ayala esq. Bartolomé, Asunción; Facundo Machain: Facundo Machain y RI 18 Pitiantuta, Asunción; Maitei: Av. Madame L. esq. Tte. Victor Valdez, Fernando de la Mora; Ruta 1 Km.14: Ruta Dptal D027 (Ex Ruta 1) esq. Buenos Aires, San Lorenzo; Autopista: Av. Silvio Pettirossi y Cochabamba, Luque; Villa Morra: Mcal. López y San Martín, Asunción; Km 6,5 C.D.E.: Blas Garay y Monseñor Rodríguez, Ciudad del Este; Encarnación Ruta 1: Ruta 1 Km 374 y Avda. Bernardino Caballero, Encarnación; Ferrocarril: Av. M. López e/ México y Caballero, Asunción; 25 de Mayo: 25 de Mayo esq. Choferes del Chaco - Mburicaó, Asunción; Hohenau: Ruta 6 Km. 35, Hohenau; Bella Vista Sur: Ruta 6 Km. 50. Paseo Bella Vista, Bella Vista Sur",25% de reintegro con Tarjeta física,reintegro,25%,lunes,,,Lunes,Desde 2026-07-06 hasta 2026-12-28,Tope de compra mensual por cuenta: Gs. 1.000.000. Tope de reintegro mensual por cuenta: Gs. 250.000.,,,https://www.beneficiosbancognb.com.py/v2/beneficios/categorias/148
9f800ed35148f5ec,GNB,Tiendas,Copemarket,"KM.2: Av. Eusebio Ayala esq. Bartolomé, Asunción; Facundo Machain: Facundo Machain y RI 18 Pitiantuta, Asunción; Maitei: Av. Madame L. esq. Tte. Victor Valdez, Fernando de la Mora; Ruta 1 Km.14: Ruta Dptal D027 (Ex Ruta 1) esq. Buenos Aires, San Lorenzo; Autopista: Av. Silvio Pettirossi y Cochabamba, Luque; Villa Morra: Mcal. López y San Martín, Asunción; Km 6,5 C.D.E.: Blas Garay y Monseñor Rodríguez, Ciudad del Este; Encarnación Ruta 1: Ruta 1 Km 374 y Avda. Bernardino Caballero, Encarnación; Ferrocarril: Av. M. López e/ México y Caballero, Asunción; 25 de Mayo: 25 de Mayo esq. Choferes del Chaco - Mburicaó, Asunción; Hohenau: Ruta 6 Km. 35, Hohenau; Bella Vista Sur: Ruta 6 Km. 50. Paseo Bella Vista, Bella Vista Sur",30% de reintegro con QR desde App GNB o Copetrol Vamos en estaciones habilitadas,reintegro,30%,lunes,,,Lunes,Desde 2026-07-06 hasta 2026-12-28,Tope de compra mensual por cuenta: Gs. 1.000.000. Tope de reintegro mensual por cuenta: Gs. 300.000.,,,https://www.beneficiosbancognb.com.py/v2/beneficios/categorias/148
4f89a069f51ef22a,GNB,Tiendas,Crocs,Crocs,25% de descuento,descuento,25%,viernes,,,viernes,Del 23 de enero al 27 de noviembre del 2026.,"Tope de compra mensual: Gs. 1.500.000 (guaraníes un millón quinientos mil) para tarjetas de crédito Mastercard y Visa Clásicas, Oro Platinum e Infinite. y Gs. 3.000.000 (guaraníes tres millones) para tarjetas de crédito Mastercard Black, Black Premier y Metalcard Premier el cual aplica en forma conjunta a todos los locales de los comercios adheridos.",,,https://www.beneficiosbancognb.com.py/v2/beneficios/categorias/169
5e6a28b477200118,GNB,Tiendas,Crocs,Crocs,20% de descuento,descuento,20%,viernes,,,viernes,Del 23 de enero al 27 de noviembre del 2026.,"Tope de compra mensual: Gs. 1.500.000 (guaraníes un millón quinientos mil) para tarjetas de crédito Mastercard y Visa Clásicas, Oro Platinum e Infinite. y Gs. 3.000.000 (guaraníes tres millones) para tarjetas de crédito Mastercard Black, Black Premier y Metalcard Premier el cual aplica en forma conjunta a todos los locales de los comercios adheridos.",,,https://www.beneficiosbancognb.com.py/v2/beneficios/categorias/169
8c1d62aea9d640c6,GNB,Tiendas,Crocs,Crocs,Hasta 6 cuotas sin intereses,cuotas_sin_intereses,,lunes; martes; miércoles; jueves; viernes; sábado; domingo,,,Todos los días,Del 23 de enero al 27 de noviembre del 2026.,"Tope de compra mensual: Gs. 1.500.000 (guaraníes un millón quinientos mil) para tarjetas de crédito Mastercard y Visa Clásicas, Oro Platinum e Infinite. y Gs. 3.000.000 (guaraníes tres millones) para tarjetas de crédito Mastercard Black, Black Premier y Metalcard Premier el cual aplica en forma conjunta a todos los locales de los comercios adheridos.",,,https://www.beneficiosbancognb.com.py/v2/beneficios/categorias/169
ae9cdcd3dc520aff,GNB,Tiendas,Cycles Shop,Cycles Shop,Hasta 6 cuotas sin intereses,cuotas_sin_intereses,,lunes; martes; miércoles; jueves; viernes; sábado; domingo,,,Todos los días,Del 01 de marzo al 31 de diciembre del 2026.,,,,https://www.beneficiosbancognb.com.py/v2/beneficios/categorias/590
6efb440db291b158,GNB,Tiendas,De La Paz Art&Co,De La Paz Art&Co,Hasta 12 cuotas sin intereses,cuotas_sin_intereses,,lunes; martes; miércoles; jueves; viernes; sábado; domingo,,,Todos los días,Del 05 de enero al 31 de diciembre del 2026.,,,,https://www.beneficiosbancognb.com.py/v2/beneficios/categorias/379
8f853ce6e1b5fed7,GNB,Tiendas,De La Sobera,De La Sobera,Hasta 12 cuotas sin intereses,cuotas_sin_intereses,,lunes; martes; miércoles; jueves; viernes; sábado; domingo,,,Todos los días,Del 05 de enero al 31 de diciembre del 2026.,,,,https://www.beneficiosbancognb.com.py/v2/beneficios/categorias/502
0c5100f5d7644894,GNB,Tiendas,Decanter Vinos Boutique,Decanter Vinos Boutique,15% de descuento,descuento,15%,lunes; martes; miércoles; jueves; viernes; sábado; domingo,,,Todos los días,Del 19 de marzo al 31 de diciembre del 2026.,,,,https://www.beneficiosbancognb.com.py/v2/beneficios/categorias/361
e32a3d9c87235dc0,GNB,Tiendas,Decanter Vinos Boutique,Decanter Vinos Boutique,Hasta 6 cuotas sin intereses,cuotas_sin_intereses,,lunes; martes; miércoles; jueves; viernes; sábado; domingo,,,Todos los días,Del 19 de marzo al 31 de diciembre del 2026.,,,,https://www.beneficiosbancognb.com.py/v2/beneficios/categorias/361
c5edd06c4c192b50,GNB,Tiendas,Democrata,Democrata,25% de descuento,descuento,25%,jueves,,,jueves,Del 15 de enero al 26 de noviembre del 2026.,"Tope de compra mensual: Gs. 2.000.000 (guaraníes dos millones) por cuenta de tarjeta de crédito (incluye titulares y adicionales), el cual aplica en forma conjunta a todos los locales del comercio.",,,https://www.beneficiosbancognb.com.py/v2/beneficios/categorias/589
c327366796c1806e,GNB,Tiendas,Democrata,Democrata,20% de descuento,descuento,20%,jueves,,,jueves,Del 15 de enero al 26 de noviembre del 2026.,"Tope de compra mensual: Gs. 2.000.000 (guaraníes dos millones) por cuenta de tarjeta de crédito (incluye titulares y adicionales), el cual aplica en forma conjunta a todos los locales del comercio.",,,https://www.beneficiosbancognb.com.py/v2/beneficios/categorias/589
126689d02591f40f,GNB,Tiendas,Democrata,Democrata,Hasta 6 cuotas sin intereses,cuotas_sin_intereses,,lunes; martes; miércoles; jueves; viernes; sábado; domingo,,,Todos los días,Del 15 de enero al 26 de noviembre del 2026.,"Tope de compra mensual: Gs. 2.000.000 (guaraníes dos millones) por cuenta de tarjeta de crédito (incluye titulares y adicionales), el cual aplica en forma conjunta a todos los locales del comercio.",,,https://www.beneficiosbancognb.com.py/v2/beneficios/categorias/589
25fdeb7d2fe071b7,GNB,Tiendas,Denoir,Denoir,25% de descuento,descuento,25%,jueves; viernes,,,"jueves, viernes",Del 22 de enero al 27 de noviembre del 2026.,Tope de compra mensual: Gs. 10.000.000 (guaranies diez millones) por cuenta de tarjeta de crédito (incluye titulares y adicionales).,,,https://www.beneficiosbancognb.com.py/v2/beneficios/categorias/100
c0d9e1c83c653107,GNB,Tiendas,Denoir,Denoir,20% de descuento,descuento,20%,jueves; viernes,,,"jueves, viernes",Del 22 de enero al 27 de noviembre del 2026.,Tope de compra mensual: Gs. 10.000.000 (guaranies diez millones) por cuenta de tarjeta de crédito (incluye titulares y adicionales).,,,https://www.beneficiosbancognb.com.py/v2/beneficios/categorias/100
cb19149fe08fd2bc,GNB,Tiendas,Denoir,Denoir,Hasta 12 cuotas sin intereses,cuotas_sin_intereses,,lunes; martes; miércoles; jueves; viernes; sábado; domingo,,,Todos los días,Del 22 de enero al 27 de noviembre del 2026.,Tope de compra mensual: Gs. 10.000.000 (guaranies diez millones) por cuenta de tarjeta de crédito (incluye titulares y adicionales).,,,https://www.beneficiosbancognb.com.py/v2/beneficios/categorias/100
5fd3ee5c71029633,GNB,Tiendas,Depilife,Depilife,50% de descuento,descuento,50%,lunes; martes; miércoles; jueves; viernes; sábado; domingo,,,Todos los días,Del 02 de septiembre al 31 de diciembre del 2026.,,,,https://www.beneficiosbancognb.com.py/v2/beneficios/categorias/661
2ac070d04751fb15,GNB,Tiendas,Depilife,Depilife,Hasta 12 cuotas sin intereses,cuotas_sin_intereses,,lunes; martes; miércoles; jueves; viernes; sábado; domingo,,,Todos los días,Del 02 de septiembre al 31 de diciembre del 2026.,,,,https://www.beneficiosbancognb.com.py/v2/beneficios/categorias/661
5009405ae6bd1d6e,GNB,Tiendas,Deport Center,Deport Center,25% de descuento con QR,descuento,25%,jueves; viernes,,,"jueves, viernes",Del 16 de enero al 28 de noviembre del 2026.,"Tope de compra mensual: Gs.1.000.000 (guaraníes un millón), por cuenta de tarjeta de crédito (incluye titulares y adicionales), el cual aplica en forma conjunta a todos los locales del comercio.",,,https://www.beneficiosbancognb.com.py/v2/beneficios/categorias/343
4c75c2cde331f4d6,GNB,Tiendas,Deport Center,Deport Center,20% de descuento con tarjeta física,descuento,20%,jueves; viernes,,,"jueves, viernes",Del 16 de enero al 28 de noviembre del 2026.,"Tope de compra mensual: Gs.1.000.000 (guaraníes un millón), por cuenta de tarjeta de crédito (incluye titulares y adicionales), el cual aplica en forma conjunta a todos los locales del comercio.",,,https://www.beneficiosbancognb.com.py/v2/beneficios/categorias/343
e0c83095352e0176,GNB,Tiendas,Deport Center,Deport Center,20% de descuento con QR,descuento,20%,jueves; viernes,,,"jueves, viernes",Del 16 de enero al 28 de noviembre del 2026.,"Tope de compra mensual: Gs.1.000.000 (guaraníes un millón), por cuenta de tarjeta de crédito (incluye titulares y adicionales), el cual aplica en forma conjunta a todos los locales del comercio.",,,https://www.beneficiosbancognb.com.py/v2/beneficios/categorias/343
6bc5aaf67d8c0646,GNB,Tiendas,Deport Center,Deport Center,15% de descuento con tarjeta física,descuento,15%,jueves; viernes,,,"jueves, viernes",Del 16 de enero al 28 de noviembre del 2026.,"Tope de compra mensual: Gs.1.000.000 (guaraníes un millón), por cuenta de tarjeta de crédito (incluye titulares y adicionales), el cual aplica en forma conjunta a todos los locales del comercio.",,,https://www.beneficiosbancognb.com.py/v2/beneficios/categorias/343
7843f54bc6a01b5a,GNB,Tiendas,Deport Center,Deport Center,Hasta 6 cuotas sin intereses,cuotas_sin_intereses,,lunes; martes; miércoles; jueves; viernes; sábado; domingo,,,Todos los días,Del 16 de enero al 28 de noviembre del 2026.,"Tope de compra mensual: Gs.1.000.000 (guaraníes un millón), por cuenta de tarjeta de crédito (incluye titulares y adicionales), el cual aplica en forma conjunta a todos los locales del comercio.",,,https://www.beneficiosbancognb.com.py/v2/beneficios/categorias/343
021404c3eddbb483,GNB,Tiendas,Di Valentini,Di Valentini,20% de descuento,descuento,20%,sábado,,,sábado,Del 11 de julio al 28 de noviembre del 2026.,"Tope de compra mensual: Gs. 1.500.000 (guaraníes un millón quinientos mil) por cuenta de tarjeta de crédito Incluye titulares y adicionales, (aplica en forma conjunta a los dos comercios adheridos).",,,https://www.beneficiosbancognb.com.py/v2/beneficios/categorias/635
f64f772240e01e6e,GNB,Tiendas,Di Valentini,Di Valentini,Hasta 6 cuotas sin intereses,cuotas_sin_intereses,,sábado,,,sábado,Del 11 de julio al 28 de noviembre del 2026.,"Tope de compra mensual: Gs. 1.500.000 (guaraníes un millón quinientos mil) por cuenta de tarjeta de crédito Incluye titulares y adicionales, (aplica en forma conjunta a los dos comercios adheridos).",,,https://www.beneficiosbancognb.com.py/v2/beneficios/categorias/635
80c95ab5dcbb8c84,GNB,Tiendas,Distribuidora Jasy,Distribuidora Jasy,Hasta 12 cuotas sin intereses,cuotas_sin_intereses,,lunes; martes; miércoles; jueves; viernes; sábado; domingo,,,Todos los días,Del 11 de junio al 31 de diciembre del 2026.,,,,https://www.beneficiosbancognb.com.py/v2/beneficios/categorias/629
4ca2bb3f12f3766d,GNB,Tiendas,Doha Home,Doha Home,Hasta 12 cuotas sin intereses,cuotas_sin_intereses,,lunes; martes; miércoles; jueves; viernes; sábado; domingo,,,Todos los días,Del 26 de agosto al 31 de diciembre del 2026.,,,,https://www.beneficiosbancognb.com.py/v2/beneficios/categorias/634
cff922f8b65607e2,GNB,Tiendas,Día GNB Casa Rica,Día GNB Casa Rica,20% de descuento,descuento,20%,miércoles,,,miércoles,Desde 2026-10-14 hasta 2026-10-14,,,,https://www.beneficiosbancognb.com.py/v2/beneficios/categorias/9
c1a045dde81cd648,GNB,Tiendas,Ediciones Técnicas Paraguayas,Ediciones Técnicas Paraguayas,Hasta 12 cuotas sin intereses,cuotas_sin_intereses,,lunes; martes; miércoles; jueves; viernes; sábado; domingo,,,Todos los días,Del 05 de enero al 31 de diciembre del 2026.,,,,https://www.beneficiosbancognb.com.py/v2/beneficios/categorias/428
254eef6c5f9e2fac,GNB,Tiendas,El Molinillo,El Molinillo,20% de reintegro,reintegro,20%,lunes; martes; miércoles; jueves; viernes; sábado; domingo,,,Todos los días,Del 01 de enero al 31 de diciembre del 2026.,Tope de compra mensual: Gs 1.000.000 (guaraníes un millón) por cuenta de tarjeta de crédito (Incluye titulares y adicionales) equivalente a un reintegro máximo mensual en el extracto de Gs 200.000 (guaraníes doscientos mil) pagos con tarjetas de crédito Banco GNB Mastercard.,,,https://www.beneficiosbancognb.com.py/v2/beneficios/categorias/264
822f740b75647671,GNB,Tiendas,El Negro Suplementos,El Negro Suplementos - Asunción,45% de descuento,descuento,45%,viernes,,,viernes,Del 03 de julio al 25 de septiembre del 2026.,Tope de compra mensual: Gs. 1.000.000 (guaraníes un millón) por cuenta de tarjeta de crédito Incluye titulares y adicionales.,,,https://www.beneficiosbancognb.com.py/v2/beneficios/categorias/534
beefb25455cf62c8,GNB,Tiendas,El Negro Suplementos,El Negro Suplementos - Ciudad del Este,20% de descuento,descuento,20%,viernes,,,viernes,Del 03 de julio al 25 de septiembre del 2026.,Tope de compra mensual: Gs. 1.000.000 (guaraníes un millón) por cuenta de tarjeta de crédito Incluye titulares y adicionales.,,,https://www.beneficiosbancognb.com.py/v2/beneficios/categorias/534
a73ed2223f6fd9d7,GNB,Tiendas,El Negro Suplementos,El Negro Suplementos,Hasta 6 cuotas sin intereses,cuotas_sin_intereses,,viernes,,,viernes,Del 03 de julio al 25 de septiembre del 2026.,Tope de compra mensual: Gs. 1.000.000 (guaraníes un millón) por cuenta de tarjeta de crédito Incluye titulares y adicionales.,,,https://www.beneficiosbancognb.com.py/v2/beneficios/categorias/534
3ec4ba7aaa3c7fb4,GNB,Tiendas,El Pescador,El Pescador; sucursales indicadas en la ficha original de GNB,Hasta 6 cuotas sin intereses,cuotas_sin_intereses,,lunes; martes; miércoles; jueves; viernes; sábado; domingo,,,Todos los días,Desde 2026-03-18 hasta 2026-12-31,,,,https://www.beneficiosbancognb.com.py/v2/beneficios/categorias/607
b49d2d87a337fac0,GNB,Tiendas,Emtop Store,Emtop Store,Hasta 12 cuotas sin intereses,cuotas_sin_intereses,,lunes; martes; miércoles; jueves; viernes; sábado; domingo,,,Todos los días,Del 05 de enero al 31 de diciembre del 2026.,,,,https://www.beneficiosbancognb.com.py/v2/beneficios/categorias/512
ebf2369e54aa121c,GNB,Tiendas,Eneache,Eneache,25% de descuento,descuento,25%,jueves,,-1:jueves,último jueves de cada mes,Del 03 de septiembre al 26 de noviembre del 2026.,"Tope de compra mensual: Gs. 2.000.000 (guaraníes dos millones) por cuenta de tarjeta de crédito (incluye titulares y adicionales), el cual aplica en forma conjunta a todos los locales de los comercios adheridos.",,,https://www.beneficiosbancognb.com.py/v2/beneficios/categorias/583
44aa0936bd4586cf,GNB,Tiendas,Eneache,Eneache,20% de descuento,descuento,20%,jueves,,-1:jueves,último jueves de cada mes,Del 03 de septiembre al 26 de noviembre del 2026.,"Tope de compra mensual: Gs. 2.000.000 (guaraníes dos millones) por cuenta de tarjeta de crédito (incluye titulares y adicionales), el cual aplica en forma conjunta a todos los locales de los comercios adheridos.",,,https://www.beneficiosbancognb.com.py/v2/beneficios/categorias/583
f3bd250c96b38535,GNB,Tiendas,Eneache,Eneache,Hasta 6 cuotas sin intereses,cuotas_sin_intereses,,lunes; martes; miércoles; jueves; viernes; sábado; domingo,,,Todos los días,Del 03 de septiembre al 26 de noviembre del 2026.,"Tope de compra mensual: Gs. 2.000.000 (guaraníes dos millones) por cuenta de tarjeta de crédito (incluye titulares y adicionales), el cual aplica en forma conjunta a todos los locales de los comercios adheridos.",,,https://www.beneficiosbancognb.com.py/v2/beneficios/categorias/583
9b2077fb9475448a,GNB,Tiendas,Essen,Essen,25% de descuento,descuento,25%,lunes; martes; miércoles; jueves; viernes; sábado; domingo,,,Todos los días,Del 01 de julio al 31 de diciembre del 2026.,,,,https://www.beneficiosbancognb.com.py/v2/beneficios/categorias/248
7b3cda7c9dd5edf1,GNB,Tiendas,Essen,Essen,Hasta 12 cuotas sin intereses,cuotas_sin_intereses,,lunes; martes; miércoles; jueves; viernes; sábado; domingo,,,Todos los días,Del 01 de julio al 31 de diciembre del 2026.,,,,https://www.beneficiosbancognb.com.py/v2/beneficios/categorias/248
8e7c5718fad3fa8b,GNB,Tiendas,Estilo Sur,Estilo Sur,25% de descuento,descuento,25%,jueves,,-1:jueves,último jueves de cada mes,Del 03 de septiembre al 26 de noviembre del 2026.,"Tope de compra mensual: Gs. 2.000.000 (guaraníes dos millones) por cuenta de tarjeta de crédito (incluye titulares y adicionales), el cual aplica en forma conjunta a todos los locales de los comercios adheridos.",,,https://www.beneficiosbancognb.com.py/v2/beneficios/categorias/586
13543d2f1e818c7e,GNB,Tiendas,Estilo Sur,Estilo Sur,20% de descuento,descuento,20%,jueves,,-1:jueves,último jueves de cada mes,Del 03 de septiembre al 26 de noviembre del 2026.,"Tope de compra mensual: Gs. 2.000.000 (guaraníes dos millones) por cuenta de tarjeta de crédito (incluye titulares y adicionales), el cual aplica en forma conjunta a todos los locales de los comercios adheridos.",,,https://www.beneficiosbancognb.com.py/v2/beneficios/categorias/586
749cbf4e5cdf8098,GNB,Tiendas,Estilo Sur,Estilo Sur,Hasta 6 cuotas sin intereses,cuotas_sin_intereses,,lunes; martes; miércoles; jueves; viernes; sábado; domingo,,,Todos los días,Del 03 de septiembre al 26 de noviembre del 2026.,"Tope de compra mensual: Gs. 2.000.000 (guaraníes dos millones) por cuenta de tarjeta de crédito (incluye titulares y adicionales), el cual aplica en forma conjunta a todos los locales de los comercios adheridos.",,,https://www.beneficiosbancognb.com.py/v2/beneficios/categorias/586
096b2d72002e6a5b,GNB,Tiendas,FCE,FCE,15% de descuento,descuento,15%,lunes; martes; miércoles; jueves; viernes; sábado; domingo,,,Todos los días,Del 05 de enero al 31 de diciembre del 2026.,,,,https://www.beneficiosbancognb.com.py/v2/beneficios/categorias/535
37f29928cf7c649c,GNB,Tiendas,FCE,FCE,Hasta 12 cuotas sin intereses,cuotas_sin_intereses,,lunes; martes; miércoles; jueves; viernes; sábado; domingo,,,Todos los días,Del 05 de enero al 31 de diciembre del 2026.,,,,https://www.beneficiosbancognb.com.py/v2/beneficios/categorias/535
3123db3530ba14ea,GNB,Tiendas,Farfalle,Farfalle,20% de descuento,descuento,20%,lunes; martes; miércoles; jueves; viernes; sábado; domingo,,,Todos los días,Del 23 de marzo al 31 de diciembre del 2026.,,,,https://www.beneficiosbancognb.com.py/v2/beneficios/categorias/601
a960ebb3ec11d6b7,GNB,Tiendas,Farfalle,Farfalle,Hasta 6 cuotas sin intereses,cuotas_sin_intereses,,lunes; martes; miércoles; jueves; viernes; sábado; domingo,,,Todos los días,Del 23 de marzo al 31 de diciembre del 2026.,,,,https://www.beneficiosbancognb.com.py/v2/beneficios/categorias/601
5ac80fad3ce66110,GNB,Tiendas,Fermaco,Fermaco,Hasta 12 cuotas sin intereses,cuotas_sin_intereses,,lunes; martes; miércoles; jueves; viernes; sábado; domingo,,,Todos los días,Del 05 de enero al 31 de diciembre del 2026.,,,,https://www.beneficiosbancognb.com.py/v2/beneficios/categorias/373
3d80917b00d34351,GNB,Tiendas,Fixocargo,Fixocargo,20% de descuento,descuento,20%,lunes; martes; miércoles; jueves; viernes; sábado; domingo,,,Todos los días,Del 07 de septiembre del 2026 al 28 de febrero del 2027.,Tope de compra mensual: Gs. 700.000 (guaranies setecientos mil) por cuenta de tarjeta de crédito (incluye titulares y adicionales),,,https://www.beneficiosbancognb.com.py/v2/beneficios/categorias/663
645fa2097f464f3b,GNB,Tiendas,Fixocargo,Fixocargo,Hasta 6 cuotas sin intereses,cuotas_sin_intereses,,lunes; martes; miércoles; jueves; viernes; sábado; domingo,,,Todos los días,Del 07 de septiembre del 2026 al 28 de febrero del 2027.,Tope de compra mensual: Gs. 700.000 (guaranies setecientos mil) por cuenta de tarjeta de crédito (incluye titulares y adicionales),,,https://www.beneficiosbancognb.com.py/v2/beneficios/categorias/663
4cc125f00c2f990a,GNB,Tiendas,For Pets,For Pets,20% de descuento,descuento,20%,lunes; martes; miércoles; jueves; viernes; sábado; domingo,,,Todos los días,Del 14 de julio al 31 de diciembre del 2026.,"Tope de compra mensual: Gs. 300.000 (guaraníes trescientos mil) por cuenta de tarjeta de crédito Incluye titulares y adicionales, (aplica en forma conjunta a los dos comercios adheridos).",,,https://www.beneficiosbancognb.com.py/v2/beneficios/categorias/637
8135ad86574b4141,GNB,Tiendas,Forever 21,Forever 21,25% de descuento con QR,descuento,25%,jueves; viernes,,,"jueves, viernes",Del 03 de septiembre al 27 de noviembre del 2026.,"Tope de compra mensual: Gs. 2.500.000 (guaraníes dos millones quinientos mil) por cuenta de tarjeta de crédito (incluye titulares y adicionales), el cual aplica en forma conjunta a todos los locales de los comercios adheridos (Springfield, Women Secret, Forever 21, Jack & Jones).",,,https://www.beneficiosbancognb.com.py/v2/beneficios/categorias/324
f85d96b779e53a69,GNB,Tiendas,Forever 21,Forever 21,20% de descuento con tarjeta física,descuento,20%,jueves; viernes,,,"jueves, viernes",Del 03 de septiembre al 27 de noviembre del 2026.,"Tope de compra mensual: Gs. 2.500.000 (guaraníes dos millones quinientos mil) por cuenta de tarjeta de crédito (incluye titulares y adicionales), el cual aplica en forma conjunta a todos los locales de los comercios adheridos (Springfield, Women Secret, Forever 21, Jack & Jones).",,,https://www.beneficiosbancognb.com.py/v2/beneficios/categorias/324
435ef13b84779945,GNB,Tiendas,Forever 21,Forever 21,Hasta 6 cuotas sin intereses,cuotas_sin_intereses,,lunes; martes; miércoles; jueves; viernes; sábado; domingo,,,Todos los días,Del 03 de septiembre al 27 de noviembre del 2026.,"Tope de compra mensual: Gs. 2.500.000 (guaraníes dos millones quinientos mil) por cuenta de tarjeta de crédito (incluye titulares y adicionales), el cual aplica en forma conjunta a todos los locales de los comercios adheridos (Springfield, Women Secret, Forever 21, Jack & Jones).",,,https://www.beneficiosbancognb.com.py/v2/beneficios/categorias/324
2a52ad70e88f410e,GNB,Tiendas,Forever 21 – Born To Bloom,Forever 21 – Born To Bloom,Hasta 60% descuento con nombre floral elegible,descuento,60%,lunes; martes; miércoles; jueves; viernes; sábado; domingo,,,Todos los días,Del 07 al 30 de septiembre del 2026.,"Tope de compra mensual: Gs. 500.000 (guaraníes quinientos mil) por cuenta de tarjeta de crédito (incluye titulares y adicionales), el cual aplica en forma conjunta a todos los locales de los comercios adheridos.",,,https://www.beneficiosbancognb.com.py/v2/beneficios/categorias/662
ae59f4734cf005dd,GNB,Tiendas,Fortezza,Fortezza,Hasta 12 cuotas sin intereses,cuotas_sin_intereses,,lunes; martes; miércoles; jueves; viernes; sábado; domingo,,,Todos los días,Del 05 de enero al 31 de diciembre del 2026.,,,,https://www.beneficiosbancognb.com.py/v2/beneficios/categorias/505
ef6975226b064716,GNB,Tiendas,Friopar,Friopar,Hasta 12 cuotas sin intereses,cuotas_sin_intereses,,lunes; martes; miércoles; jueves; viernes; sábado; domingo,,,Todos los días,Del 19 de enero al 31 de diciembre del 2026.,,,,https://www.beneficiosbancognb.com.py/v2/beneficios/categorias/561
42acb28bee10ee7a,GNB,Tiendas,Gino Ventori,Gino Ventori,25% de descuento,descuento,25%,jueves,,,jueves,Del 15 de enero al 26 de noviembre del 2026.,"Tope de compra mensual: Gs. 2.000.000 (guaraníes dos millones) por cuenta de tarjeta de crédito (incluye titulares y adicionales), el cual aplica en forma conjunta a todos los locales del comercio.",,,https://www.beneficiosbancognb.com.py/v2/beneficios/categorias/587
17b3c4b173854d29,GNB,Tiendas,Gino Ventori,Gino Ventori,20% de descuento,descuento,20%,jueves,,,jueves,Del 15 de enero al 26 de noviembre del 2026.,"Tope de compra mensual: Gs. 2.000.000 (guaraníes dos millones) por cuenta de tarjeta de crédito (incluye titulares y adicionales), el cual aplica en forma conjunta a todos los locales del comercio.",,,https://www.beneficiosbancognb.com.py/v2/beneficios/categorias/587
d66c6c216c6e4b9d,GNB,Tiendas,Gino Ventori,Gino Ventori,Hasta 6 cuotas sin intereses,cuotas_sin_intereses,,lunes; martes; miércoles; jueves; viernes; sábado; domingo,,,Todos los días,Del 15 de enero al 26 de noviembre del 2026.,"Tope de compra mensual: Gs. 2.000.000 (guaraníes dos millones) por cuenta de tarjeta de crédito (incluye titulares y adicionales), el cual aplica en forma conjunta a todos los locales del comercio.",,,https://www.beneficiosbancognb.com.py/v2/beneficios/categorias/587
d47a1e01afc94b65,GNB,Tiendas,H&M,H&M,Hasta 6 cuotas sin intereses,cuotas_sin_intereses,,lunes; martes; miércoles; jueves; viernes; sábado; domingo,,,Todos los días,Del 13 de agosto del 2026 al 31 de agosto del 2027.,,,,https://www.beneficiosbancognb.com.py/v2/beneficios/categorias/667
e96f1ffae3371352,GNB,Tiendas,Hiperfiesta,Hiperfiesta,20% de descuento,descuento,20%,lunes; martes; miércoles; jueves; viernes; sábado; domingo,,,Todos los días,Del 02 de enero al 31 de diciembre del 2026.,Tope de compra mensual: Gs. 500.000 (guaraníes quinientos mil) por cuenta de tarjeta de crédito (incluye titulares y adicionales).,,,https://www.beneficiosbancognb.com.py/v2/beneficios/categorias/518
c47b286d10a2aa56,GNB,Tiendas,Hydro Clean,Hydro Clean,20% de descuento,descuento,20%,lunes; martes; miércoles; jueves; viernes; sábado; domingo,,,Todos los días,Del 06 de febrero al 31 de diciembre del 2026.,,,,https://www.beneficiosbancognb.com.py/v2/beneficios/categorias/360
f87962103946736e,GNB,Tiendas,Hydro Clean,Hydro Clean,Hasta 12 cuotas sin intereses,cuotas_sin_intereses,,lunes; martes; miércoles; jueves; viernes; sábado; domingo,,,Todos los días,Del 06 de febrero al 31 de diciembre del 2026.,,,,https://www.beneficiosbancognb.com.py/v2/beneficios/categorias/360
f2283e08fe1144e9,GNB,Tiendas,Imag,Imag,Hasta 12 cuotas sin intereses,cuotas_sin_intereses,,lunes; martes; miércoles; jueves; viernes; sábado; domingo,,,Todos los días,Del 05 de enero al 31 de diciembre del 2026.,,,,https://www.beneficiosbancognb.com.py/v2/beneficios/categorias/321
a33dbce79fcfe099,GNB,Tiendas,Impacto,Impacto,Hasta 12 cuotas sin intereses,cuotas_sin_intereses,,lunes; martes; miércoles; jueves; viernes; sábado; domingo,,,Todos los días,Del 05 de enero al 31 de diciembre del 2026.,,,,https://www.beneficiosbancognb.com.py/v2/beneficios/categorias/516
9592c3bdf9be4d28,GNB,Tiendas,Inoga,Inoga,25% de descuento,descuento,25%,lunes; martes; miércoles; jueves; viernes; sábado; domingo,,,Todos los días,Del 05 de enero al 30 de septiembre del 2026.,,,,https://www.beneficiosbancognb.com.py/v2/beneficios/categorias/478
1cfd016271e26c5e,GNB,Tiendas,Inoga,Inoga,Hasta 12 cuotas sin intereses,cuotas_sin_intereses,,lunes; martes; miércoles; jueves; viernes; sábado; domingo,,,Todos los días,Del 05 de enero al 30 de septiembre del 2026.,,,,https://www.beneficiosbancognb.com.py/v2/beneficios/categorias/478
07aa52a5f59a8b86,GNB,Tiendas,Jack & Jones,Jack & Jones,25% de descuento con QR,descuento,25%,jueves; viernes,,,"jueves, viernes",Del 03 de septiembre al 27 de noviembre del 2026.,"Tope de compra mensual: Gs. 2.500.000 (guaraníes dos millones quinientos mil) por cuenta de tarjeta de crédito (incluye titulares y adicionales), el cual aplica en forma conjunta a todos los locales de los comercios adheridos (Springfield, Women Secret, Forever 21, Jack & Jones).",,,https://www.beneficiosbancognb.com.py/v2/beneficios/categorias/572
ef199e40043b0b00,GNB,Tiendas,Jack & Jones,Jack & Jones,20% de descuento con tarjeta física,descuento,20%,jueves; viernes,,,"jueves, viernes",Del 03 de septiembre al 27 de noviembre del 2026.,"Tope de compra mensual: Gs. 2.500.000 (guaraníes dos millones quinientos mil) por cuenta de tarjeta de crédito (incluye titulares y adicionales), el cual aplica en forma conjunta a todos los locales de los comercios adheridos (Springfield, Women Secret, Forever 21, Jack & Jones).",,,https://www.beneficiosbancognb.com.py/v2/beneficios/categorias/572
c96dc3b8c29308dc,GNB,Tiendas,Jack & Jones,Jack & Jones,Hasta 6 cuotas sin intereses,cuotas_sin_intereses,,lunes; martes; miércoles; jueves; viernes; sábado; domingo,,,Todos los días,Del 03 de septiembre al 27 de noviembre del 2026.,"Tope de compra mensual: Gs. 2.500.000 (guaraníes dos millones quinientos mil) por cuenta de tarjeta de crédito (incluye titulares y adicionales), el cual aplica en forma conjunta a todos los locales de los comercios adheridos (Springfield, Women Secret, Forever 21, Jack & Jones).",,,https://www.beneficiosbancognb.com.py/v2/beneficios/categorias/572
626605b085d8ed1f,GNB,Tiendas,Juank Servicios y Repuestos,Juank Servicios y Repuestos,10% de descuento,descuento,10%,lunes; martes; miércoles; jueves; viernes; sábado; domingo,,,Todos los días,Del 07 de enero al 31 de diciembre del 2026.,,,,https://www.beneficiosbancognb.com.py/v2/beneficios/categorias/219
9551a1e66dca6d76,GNB,Tiendas,Juank Servicios y Repuestos,Juank Servicios y Repuestos,Hasta 6 cuotas sin intereses,cuotas_sin_intereses,,lunes; martes; miércoles; jueves; viernes; sábado; domingo,,,Todos los días,Del 07 de enero al 31 de diciembre del 2026.,,,,https://www.beneficiosbancognb.com.py/v2/beneficios/categorias/219
6e7724ffb798ba25,GNB,Tiendas,Juguetería Me Encanta,Juguetería Me Encanta,25% de descuento,descuento,25%,jueves; viernes,,,"jueves, viernes",Del 24 de julio al 27 de noviembre del 2026.,Tope de compra mensual: Gs. 1.000.000 (guaraníes un millón) por cuenta de tarjeta de crédito (incluye titulares y adicionales).,,,https://www.beneficiosbancognb.com.py/v2/beneficios/categorias/246
547f6d48c8bc5c78,GNB,Tiendas,Juguetería Me Encanta,Juguetería Me Encanta,20% de descuento,descuento,20%,jueves; viernes,,,"jueves, viernes",Del 24 de julio al 27 de noviembre del 2026.,Tope de compra mensual: Gs. 1.000.000 (guaraníes un millón) por cuenta de tarjeta de crédito (incluye titulares y adicionales).,,,https://www.beneficiosbancognb.com.py/v2/beneficios/categorias/246
9f70ecbc180587ac,GNB,Tiendas,Juguetería Me Encanta,Juguetería Me Encanta,Hasta 6 cuotas sin intereses,cuotas_sin_intereses,,lunes; martes; miércoles; jueves; viernes; sábado; domingo,,,Todos los días,Del 24 de julio al 27 de noviembre del 2026.,Tope de compra mensual: Gs. 1.000.000 (guaraníes un millón) por cuenta de tarjeta de crédito (incluye titulares y adicionales).,,,https://www.beneficiosbancognb.com.py/v2/beneficios/categorias/246
7054e733d144bccc,GNB,Tiendas,Kappa,Kappa,25% de descuento,descuento,25%,jueves; viernes,,,"jueves, viernes",Del 22 de enero al 27 de noviembre del 2026.,"Tope de compra mensual: Gs. 1.500.000 (guaraníes un millón quinientos mil) para tarjetas de crédito Mastercard y Visa Clásicas, Oro Platinum e Infinite. y Gs. 3.000.000 (guaraníes tres millones) para tarjetas de crédito Mastercard Black, Black Premier y Metalcard Premier.",,,https://www.beneficiosbancognb.com.py/v2/beneficios/categorias/576
4d46d4047854cd02,GNB,Tiendas,Kappa,Kappa,20% de descuento,descuento,20%,jueves; viernes,,,"jueves, viernes",Del 22 de enero al 27 de noviembre del 2026.,"Tope de compra mensual: Gs. 1.500.000 (guaraníes un millón quinientos mil) para tarjetas de crédito Mastercard y Visa Clásicas, Oro Platinum e Infinite. y Gs. 3.000.000 (guaraníes tres millones) para tarjetas de crédito Mastercard Black, Black Premier y Metalcard Premier.",,,https://www.beneficiosbancognb.com.py/v2/beneficios/categorias/576
0b11ea3549c19880,GNB,Tiendas,Kappa,Kappa,Hasta 6 cuotas sin intereses,cuotas_sin_intereses,,lunes; martes; miércoles; jueves; viernes; sábado; domingo,,,Todos los días,Del 22 de enero al 27 de noviembre del 2026.,"Tope de compra mensual: Gs. 1.500.000 (guaraníes un millón quinientos mil) para tarjetas de crédito Mastercard y Visa Clásicas, Oro Platinum e Infinite. y Gs. 3.000.000 (guaraníes tres millones) para tarjetas de crédito Mastercard Black, Black Premier y Metalcard Premier.",,,https://www.beneficiosbancognb.com.py/v2/beneficios/categorias/576
9e8bbee6e0a100c4,GNB,Tiendas,Keeper,Keeper,Hasta 12 cuotas sin intereses,cuotas_sin_intereses,,lunes; martes; miércoles; jueves; viernes; sábado; domingo,,,Todos los días,Del 05 de enero al 31 de diciembre del 2026.,,,,https://www.beneficiosbancognb.com.py/v2/beneficios/categorias/397
be0da9ea662e582b,GNB,Tiendas,Kenneth Cole,Kenneth Cole,25% de descuento,descuento,25%,jueves; viernes,,,"jueves, viernes",Del 22 de enero al 27 de noviembre del 2026.,"Tope de compra mensual: Gs. 1.500.000 (guaraníes un millón quinientos mil) para tarjetas de crédito Mastercard y Visa Clásicas, Oro Platinum e Infinite. y Gs. 3.000.000 (guaraníes tres millones) para tarjetas de crédito Mastercard Black, Black Premier y Metalcard Premier.",,,https://www.beneficiosbancognb.com.py/v2/beneficios/categorias/577
d5bcf5fa9a31af6a,GNB,Tiendas,Kenneth Cole,Kenneth Cole,20% de descuento,descuento,20%,jueves; viernes,,,"jueves, viernes",Del 22 de enero al 27 de noviembre del 2026.,"Tope de compra mensual: Gs. 1.500.000 (guaraníes un millón quinientos mil) para tarjetas de crédito Mastercard y Visa Clásicas, Oro Platinum e Infinite. y Gs. 3.000.000 (guaraníes tres millones) para tarjetas de crédito Mastercard Black, Black Premier y Metalcard Premier.",,,https://www.beneficiosbancognb.com.py/v2/beneficios/categorias/577
35695e3d1efe065b,GNB,Tiendas,Kenneth Cole,Kenneth Cole,Hasta 6 cuotas sin intereses,cuotas_sin_intereses,,lunes; martes; miércoles; jueves; viernes; sábado; domingo,,,Todos los días,Del 22 de enero al 27 de noviembre del 2026.,"Tope de compra mensual: Gs. 1.500.000 (guaraníes un millón quinientos mil) para tarjetas de crédito Mastercard y Visa Clásicas, Oro Platinum e Infinite. y Gs. 3.000.000 (guaraníes tres millones) para tarjetas de crédito Mastercard Black, Black Premier y Metalcard Premier.",,,https://www.beneficiosbancognb.com.py/v2/beneficios/categorias/577
479e0a34bfb00c84,GNB,Tiendas,Kube,Kube,Hasta 12 cuotas sin intereses,cuotas_sin_intereses,,lunes; martes; miércoles; jueves; viernes; sábado; domingo,,,Todos los días,Del 05 de enero al 31 de diciembre del 2026.,,,,https://www.beneficiosbancognb.com.py/v2/beneficios/categorias/15
c90772321ea3f872,GNB,Tiendas,La Bella Cucina,La Bella Cucina,Hasta 12 cuotas sin intereses,cuotas_sin_intereses,,lunes; martes; miércoles; jueves; viernes; sábado; domingo,,,Todos los días,Del 05 de enero al 31 de diciembre del 2026.,,,,https://www.beneficiosbancognb.com.py/v2/beneficios/categorias/435
4c957c7e4cd6a1cd,GNB,Tiendas,La Casita Gourmet de Yudith,La Casita Gourmet de Yudith,20% de descuento,descuento,20%,lunes; martes; miércoles; jueves; viernes; sábado,,,de lunes a sábado,Del 01 de julio al 31 de diciembre del 2026.,"Tope de compra mensual: Gs.500.000, el cual aplica en forma conjunta a todos los locales del comercio y delivery directo de LA CASITA GOURMET DE YUDITH.; Tope de descuento por mes equivalente a un máximo de Gs.100.000.",,,https://www.beneficiosbancognb.com.py/v2/beneficios/categorias/287
0b992350d1dbf5fe,GNB,Tiendas,La Nutry Healthy Food,La Nutry Healthy Food,20% de reintegro,reintegro,20%,lunes; martes; miércoles; jueves; viernes,,,de lunes a viernes,Del 01 de julio al 31 de diciembre del 2026.,"Tope de compra mensual: Gs.800.000, el cual aplica en forma conjunta a todos los locales del comercio y delivery directo de La Nutry.",,,https://www.beneficiosbancognb.com.py/v2/beneficios/categorias/172
ab46b863f1bac59c,GNB,Tiendas,La Nutry Healthy Food,La Nutry Healthy Food,25% de reintegro,reintegro,25%,lunes; martes; miércoles; jueves; viernes,,,de lunes a viernes,Del 01 de julio al 31 de diciembre del 2026.,"Tope de compra mensual: Gs.800.000, el cual aplica en forma conjunta a todos los locales del comercio y delivery directo de La Nutry.",,,https://www.beneficiosbancognb.com.py/v2/beneficios/categorias/172
2229aa69e5bb0f5c,GNB,Tiendas,La Rueda,La Rueda,Hasta 12 cuotas sin intereses,cuotas_sin_intereses,,lunes; martes; miércoles; jueves; viernes; sábado; domingo,,,Todos los días,Del 05 de enero al 31 de diciembre del 2026.,,,,https://www.beneficiosbancognb.com.py/v2/beneficios/categorias/67
0269aa49a00d7e49,GNB,Tiendas,Librería Emanuel,Librería Emanuel,20% de descuento,descuento,20%,viernes,,,viernes,Del 17 de abril al 30 de octubre del 2026.,Tope de compra mensual: Gs. 500.000 (guaraníes quinientos mil) por cuenta de tarjeta de crédito Incluye titulares y adicionales.,,,https://www.beneficiosbancognb.com.py/v2/beneficios/categorias/528
6bc5829dabc09a02,GNB,Tiendas,Librería Emanuel,Librería Emanuel,Hasta 6 cuotas sin intereses,cuotas_sin_intereses,,lunes; martes; miércoles; jueves; viernes; sábado; domingo,,,Todos los días,Del 17 de abril al 30 de octubre del 2026.,Tope de compra mensual: Gs. 500.000 (guaraníes quinientos mil) por cuenta de tarjeta de crédito Incluye titulares y adicionales.,,,https://www.beneficiosbancognb.com.py/v2/beneficios/categorias/528
d20584c94c861ffe,GNB,Tiendas,Librería Kawaii – Colegio Cristo Rey,Librería Kawaii – Colegio Cristo Rey,20% de descuento,descuento,20%,lunes; martes; miércoles; jueves; viernes,,,de lunes a viernes,Del 28 de julio al 31 de diciembre del 2026.,Tope de compra mensual: Gs.250.000 (guaraníes doscientos cincuenta mil) por cuenta de tarjeta de crédito (incluye titulares y adicionales).,,,https://www.beneficiosbancognb.com.py/v2/beneficios/categorias/430
a34b0b03c0b58e26,GNB,Tiendas,Librería Nova,Librería Nova,20% de reintegro,reintegro,20%,lunes; sábado,,,"lunes, sábado",Del 16 de junio al 30 de noviembre del 2026.,Tope de compra mensual: Gs. 600.000 (guaraníes seiscientos mil) por cu enta de tarjeta de crédi to Incluye titulares y adicional es.,,,https://www.beneficiosbancognb.com.py/v2/beneficios/categorias/274
5ce9ee653ddba6e7,GNB,Tiendas,Librería Nova,Librería Nova,Hasta 6 cuotas sin intereses,cuotas_sin_intereses,,lunes; sábado,,,"lunes, sábado",Del 16 de junio al 30 de noviembre del 2026.,Tope de compra mensual: Gs. 600.000 (guaraníes seiscientos mil) por cu enta de tarjeta de crédi to Incluye titulares y adicional es.,,,https://www.beneficiosbancognb.com.py/v2/beneficios/categorias/274
b77c139586ea2456,GNB,Tiendas,Literato,Literato,25% de descuento,descuento,25%,jueves; viernes,,,"jueves, viernes",Del 15 de enero al 27 de noviembre del 2026.,Tope de compra mensual: Gs. 500.000 (guaraníes quinientos mil). El tope de reintegro se aplica por cuenta de tarjeta de crédito (titulares + adicionales).,,,https://www.beneficiosbancognb.com.py/v2/beneficios/categorias/16
cdc84b19f317d627,GNB,Tiendas,Literato,Literato,20% de descuento,descuento,20%,jueves; viernes,,,"jueves, viernes",Del 15 de enero al 27 de noviembre del 2026.,Tope de compra mensual: Gs. 500.000 (guaraníes quinientos mil). El tope de reintegro se aplica por cuenta de tarjeta de crédito (titulares + adicionales).,,,https://www.beneficiosbancognb.com.py/v2/beneficios/categorias/16
705f06d8a929ca7f,GNB,Tiendas,Literato,Literato,Hasta 6 cuotas sin intereses,cuotas_sin_intereses,,lunes; martes; miércoles; jueves; viernes; sábado; domingo,,,Todos los días,Del 15 de enero al 27 de noviembre del 2026.,Tope de compra mensual: Gs. 500.000 (guaraníes quinientos mil). El tope de reintegro se aplica por cuenta de tarjeta de crédito (titulares + adicionales).,,,https://www.beneficiosbancognb.com.py/v2/beneficios/categorias/16
71171c2f1c5c9760,GNB,Tiendas,Lotto,Lotto,25% de descuento,descuento,25%,jueves; viernes,,,"jueves, viernes",Del 22 de enero al 27 de noviembre del 2026.,"Tope de compra mensual: Gs. 1.500.000 (guaraníes un millón quinientos mil) para tarjetas de crédito Mastercard y Visa Clásicas, Oro Platinum e Infinite. y Gs. 3.000.000 (guaraníes tres millones) para tarjetas de crédito Mastercard Black, Black Premier y Metalcard Premier.",,,https://www.beneficiosbancognb.com.py/v2/beneficios/categorias/578
366de3f0b2c7968e,GNB,Tiendas,Lotto,Lotto,20% de descuento,descuento,20%,jueves; viernes,,,"jueves, viernes",Del 22 de enero al 27 de noviembre del 2026.,"Tope de compra mensual: Gs. 1.500.000 (guaraníes un millón quinientos mil) para tarjetas de crédito Mastercard y Visa Clásicas, Oro Platinum e Infinite. y Gs. 3.000.000 (guaraníes tres millones) para tarjetas de crédito Mastercard Black, Black Premier y Metalcard Premier.",,,https://www.beneficiosbancognb.com.py/v2/beneficios/categorias/578
defc440e916bb422,GNB,Tiendas,Lotto,Lotto,Hasta 6 cuotas sin intereses,cuotas_sin_intereses,,lunes; martes; miércoles; jueves; viernes; sábado; domingo,,,Todos los días,Del 22 de enero al 27 de noviembre del 2026.,"Tope de compra mensual: Gs. 1.500.000 (guaraníes un millón quinientos mil) para tarjetas de crédito Mastercard y Visa Clásicas, Oro Platinum e Infinite. y Gs. 3.000.000 (guaraníes tres millones) para tarjetas de crédito Mastercard Black, Black Premier y Metalcard Premier.",,,https://www.beneficiosbancognb.com.py/v2/beneficios/categorias/578
50be00a8c9d40aa7,GNB,Tiendas,Luminotecnia,Luminotecnia,Hasta 12 cuotas sin intereses,cuotas_sin_intereses,,lunes; martes; miércoles; jueves; viernes; sábado; domingo,,,Todos los días,Del 05 de enero al 31 de diciembre del 2026.,,,,https://www.beneficiosbancognb.com.py/v2/beneficios/categorias/481
48f8214d5d136173,GNB,Tiendas,Maquicenter,Maquicenter,Hasta 12 cuotas sin intereses,cuotas_sin_intereses,,lunes; martes; miércoles; jueves; viernes; sábado; domingo,,,Todos los días,Del 21 de julio al 31 de diciembre del 2026.,,,,https://www.beneficiosbancognb.com.py/v2/beneficios/categorias/642
b6987d5b532846bc,GNB,Tiendas,Margraf,Margraf,Hasta 12 cuotas sin intereses,cuotas_sin_intereses,,lunes; martes; miércoles; jueves; viernes; sábado; domingo,,,Todos los días,Del 05 de enero al 31 de diciembre del 2026.,,,,https://www.beneficiosbancognb.com.py/v2/beneficios/categorias/527
3733d5466f5dd6a2,GNB,Tiendas,Master Shop,Master Shop,Hasta 12 cuotas sin intereses,cuotas_sin_intereses,,lunes; martes; miércoles; jueves; viernes; sábado; domingo,,,Todos los días,Del 05 de enero al 31 de diciembre del 2026.,,,,https://www.beneficiosbancognb.com.py/v2/beneficios/categorias/532
a9b6735db5e2aa9f,GNB,Tiendas,Match,Match,Hasta 6 cuotas sin intereses,cuotas_sin_intereses,,lunes; martes; miércoles; jueves; viernes; sábado; domingo,,,Todos los días,Del 05 de enero al 31 de diciembre del 2026.,,,,https://www.beneficiosbancognb.com.py/v2/beneficios/categorias/359
d8165fdd9e843f37,GNB,Tiendas,Maxicolor,Maxicolor,Hasta 12 cuotas sin intereses,cuotas_sin_intereses,,lunes; martes; miércoles; jueves; viernes; sábado; domingo,,,Todos los días,Del 11 de junio al 31 de diciembre del 2026.,,,,https://www.beneficiosbancognb.com.py/v2/beneficios/categorias/628
36c492cc7ae36887,GNB,Tiendas,Melissa,Melissa,25% de descuento,descuento,25%,jueves,,,jueves,Del 15 de enero al 26 de noviembre del 2026.,"Tope de compra mensual: Gs. 2.000.000 (guaraníes dos millones) por cuenta de tarjeta de crédito (incluye titulares y adicionales), el cual aplica en forma conjunta a todos los locales del comercio.",,,https://www.beneficiosbancognb.com.py/v2/beneficios/categorias/588
fd16714854cbfccb,GNB,Tiendas,Melissa,Melissa,20% de descuento,descuento,20%,jueves,,,jueves,Del 15 de enero al 26 de noviembre del 2026.,"Tope de compra mensual: Gs. 2.000.000 (guaraníes dos millones) por cuenta de tarjeta de crédito (incluye titulares y adicionales), el cual aplica en forma conjunta a todos los locales del comercio.",,,https://www.beneficiosbancognb.com.py/v2/beneficios/categorias/588
fab673a0196e2665,GNB,Tiendas,Melissa,Melissa,Hasta 6 cuotas sin intereses,cuotas_sin_intereses,,lunes; martes; miércoles; jueves; viernes; sábado; domingo,,,Todos los días,Del 15 de enero al 26 de noviembre del 2026.,"Tope de compra mensual: Gs. 2.000.000 (guaraníes dos millones) por cuenta de tarjeta de crédito (incluye titulares y adicionales), el cual aplica en forma conjunta a todos los locales del comercio.",,,https://www.beneficiosbancognb.com.py/v2/beneficios/categorias/588
118d60e90b839c29,GNB,Tiendas,Meta Sports,Meta Sports,25% de descuento,descuento,25%,jueves,,,jueves,Del 22 de enero al 26 de noviembre del 2026.,"Tope de compra mensual: Gs. 1.500.000 (guaraníes un millón quinientos mil) para tarjetas de crédito Mastercard y Visa Clásicas, Oro Platinum e Infinite. y Gs. 3.000.000 (guaraníes tres millones) para tarjetas de crédito Mastercard Black, Black Premier y Metalcard Premier el cual aplica en forma conjunta a todos los locales de los comercios adheridos.",,,https://www.beneficiosbancognb.com.py/v2/beneficios/categorias/183
0c76bef7cd87e124,GNB,Tiendas,Meta Sports,Meta Sports,20% de descuento,descuento,20%,jueves,,,jueves,Del 22 de enero al 26 de noviembre del 2026.,"Tope de compra mensual: Gs. 1.500.000 (guaraníes un millón quinientos mil) para tarjetas de crédito Mastercard y Visa Clásicas, Oro Platinum e Infinite. y Gs. 3.000.000 (guaraníes tres millones) para tarjetas de crédito Mastercard Black, Black Premier y Metalcard Premier el cual aplica en forma conjunta a todos los locales de los comercios adheridos.",,,https://www.beneficiosbancognb.com.py/v2/beneficios/categorias/183
38829f8f6f9b1c33,GNB,Tiendas,Meta Sports,Meta Sports,Hasta 6 cuotas sin intereses,cuotas_sin_intereses,,lunes; martes; miércoles; jueves; viernes; sábado; domingo,,,Todos los días,Del 22 de enero al 26 de noviembre del 2026.,"Tope de compra mensual: Gs. 1.500.000 (guaraníes un millón quinientos mil) para tarjetas de crédito Mastercard y Visa Clásicas, Oro Platinum e Infinite. y Gs. 3.000.000 (guaraníes tres millones) para tarjetas de crédito Mastercard Black, Black Premier y Metalcard Premier el cual aplica en forma conjunta a todos los locales de los comercios adheridos.",,,https://www.beneficiosbancognb.com.py/v2/beneficios/categorias/183
0691b6f641ca375a,GNB,Tiendas,Metal Center,Metal Center,Hasta 12 cuotas sin intereses,cuotas_sin_intereses,,lunes; martes; miércoles; jueves; viernes; sábado; domingo,,,Todos los días,Del 23 de febrero al 31 de diciembre del 2026.,,,,https://www.beneficiosbancognb.com.py/v2/beneficios/categorias/412
176fc3dc6ea4c9a1,GNB,Tiendas,Meyer Lab,Meyer Lab,20% de reintegro,reintegro,20%,lunes; sábado,,,"lunes, sábado",Del 27 de marzo al 31 de diciembre del 2026.,Tope de compra mensual: Gs. 500.000 (guaraníes quinientos mil) por cuenta de tarjeta de crédito (Incluye titulares y adicionales).,,,https://www.beneficiosbancognb.com.py/v2/beneficios/categorias/533
1b59a9f5979419f1,GNB,Tiendas,Meyer Lab,Meyer Lab,Hasta 12 cuotas sin intereses,cuotas_sin_intereses,,lunes; martes; miércoles; jueves; viernes; sábado,,,de lunes a sábados,Del 27 de marzo al 31 de diciembre del 2026.,Tope de compra mensual: Gs. 500.000 (guaraníes quinientos mil) por cuenta de tarjeta de crédito (Incluye titulares y adicionales).,,,https://www.beneficiosbancognb.com.py/v2/beneficios/categorias/533
26f5dfeeb4b5d5c9,GNB,Tiendas,Mi Portal Coca Cola,Mi Portal Coca Cola,20% de descuento,descuento,20%,lunes,,,lunes,Del 8 de junio al 28 de diciembre del 2026.,Tope de compra mensual: Gs. 1.000.000 (guaraníes un millón) por cu enta de tarjeta de crédi to Incluye titulares y adicional es.,,,https://www.beneficiosbancognb.com.py/v2/beneficios/categorias/566
d671fc8eefc77c51,GNB,Tiendas,Microfal,Microfal,Hasta 12 cuotas sin intereses,cuotas_sin_intereses,,lunes; martes; miércoles; jueves; viernes; sábado; domingo,,,Todos los días,Del 21 de julio al 31 de diciembre del 2026.,,,,https://www.beneficiosbancognb.com.py/v2/beneficios/categorias/641
0907e8356f4d4b75,GNB,Tiendas,Mongomery,Mongomery,20% de descuento,descuento,20%,sábado,,,sábado,Del 04 de julio al 28 de noviembre del 2026.,Tope de compra mensual: Gs. 1.000.000 (guaraníes un millón) por cuenta de tarjeta de crédito Incluye titulares y adicionales.,,,https://www.beneficiosbancognb.com.py/v2/beneficios/categorias/31
ac7135f5b158cb82,GNB,Tiendas,Monte Serra Furniture,Monte Serra Furniture,Hasta 12 cuotas sin intereses,cuotas_sin_intereses,,lunes; martes; miércoles; jueves; viernes; sábado; domingo,,,Todos los días,Del 27 de abril al 31 de diciembre del 2026.,,,,https://www.beneficiosbancognb.com.py/v2/beneficios/categorias/613
3340dbb90574e782,GNB,Tiendas,Moplex,Moplex,Hasta 12 cuotas sin intereses,cuotas_sin_intereses,,lunes; martes; miércoles; jueves; viernes; sábado; domingo,,,Todos los días,Del 05 de enero al 31 de diciembre del 2026.,,,,https://www.beneficiosbancognb.com.py/v2/beneficios/categorias/317
f7bafa2573faeaf3,GNB,Tiendas,Moët Hennessy,Moët Hennessy,25% de descuento,descuento,25%,jueves; viernes,,,"jueves, viernes",Del 27 de agosto al 31 de diciembre del 2026.,"Tope de compra mensual: Gs. 1.500.000 (guaraníes un millón quinientos mil) por cuenta de tarjeta de crédito (incluye titulares y adicionales), el cual aplica en forma conjunta a todos los locales de los comercios adheridos.",,,https://www.beneficiosbancognb.com.py/v2/beneficios/categorias/657
454c67779d2a0927,GNB,Tiendas,Moët Hennessy,Moët Hennessy,20% de descuento,descuento,20%,jueves; viernes,,,"jueves, viernes",Del 27 de agosto al 31 de diciembre del 2026.,"Tope de compra mensual: Gs. 1.500.000 (guaraníes un millón quinientos mil) por cuenta de tarjeta de crédito (incluye titulares y adicionales), el cual aplica en forma conjunta a todos los locales de los comercios adheridos.",,,https://www.beneficiosbancognb.com.py/v2/beneficios/categorias/657
c3589784bfac2d51,GNB,Tiendas,Moët Hennessy,Moët Hennessy,Hasta 6 cuotas sin intereses,cuotas_sin_intereses,,lunes; martes; miércoles; jueves; viernes; sábado; domingo,,,Todos los días,Del 27 de agosto al 31 de diciembre del 2026.,"Tope de compra mensual: Gs. 1.500.000 (guaraníes un millón quinientos mil) por cuenta de tarjeta de crédito (incluye titulares y adicionales), el cual aplica en forma conjunta a todos los locales de los comercios adheridos.",,,https://www.beneficiosbancognb.com.py/v2/beneficios/categorias/657
93465cd8b344cac4,GNB,Tiendas,Music Hall,Music Hall,Hasta 12 cuotas sin intereses,cuotas_sin_intereses,,lunes; martes; miércoles; jueves; viernes; sábado; domingo,,,Todos los días,Del 05 de enero al 31 de diciembre del 2026.,,,,https://www.beneficiosbancognb.com.py/v2/beneficios/categorias/530
8b870615e6f9f777,GNB,Tiendas,MyShuzz,MyShuzz,Hasta 6 cuotas sin intereses,cuotas_sin_intereses,,lunes; martes; miércoles; jueves; viernes; sábado; domingo,,,Todos los días,Del 23 de enero al 31 de diciembre del 2026.,,,,https://www.beneficiosbancognb.com.py/v2/beneficios/categorias/62
e7ee6d3df8eb0899,GNB,Tiendas,Neupar,Neupar,Hasta 12 cuotas sin intereses,cuotas_sin_intereses,,lunes; martes; miércoles; jueves; viernes; sábado; domingo,,,Todos los días,Del 25 de junio al 31 de diciembre del 2026.,,,,https://www.beneficiosbancognb.com.py/v2/beneficios/categorias/636
73ecac626685553c,GNB,Tiendas,New Balance,New Balance,25% de descuento,descuento,25%,viernes,,,viernes,Del 23 de enero al 27 de noviembre del 2026.,"Tope de compra mensual: Gs. 1.500.000 (guaraníes un millón quinientos mil) para tarjetas de crédito Mastercard y Visa Clásicas, Oro Platinum e Infinite. y Gs. 3.000.000 (guaraníes tres millones) para tarjetas de crédito Mastercard Black, Black Premier y Metalcard Premier el cual aplica en forma conjunta a todos los locales de los comercios adheridos.",,,https://www.beneficiosbancognb.com.py/v2/beneficios/categorias/34
3e2bb6fce076e17d,GNB,Tiendas,New Balance,New Balance,20% de descuento,descuento,20%,viernes,,,viernes,Del 23 de enero al 27 de noviembre del 2026.,"Tope de compra mensual: Gs. 1.500.000 (guaraníes un millón quinientos mil) para tarjetas de crédito Mastercard y Visa Clásicas, Oro Platinum e Infinite. y Gs. 3.000.000 (guaraníes tres millones) para tarjetas de crédito Mastercard Black, Black Premier y Metalcard Premier el cual aplica en forma conjunta a todos los locales de los comercios adheridos.",,,https://www.beneficiosbancognb.com.py/v2/beneficios/categorias/34
ac39a8060c8dc035,GNB,Tiendas,New Balance,New Balance,Hasta 6 cuotas sin intereses,cuotas_sin_intereses,,lunes; martes; miércoles; jueves; viernes; sábado; domingo,,,Todos los días,Del 23 de enero al 27 de noviembre del 2026.,"Tope de compra mensual: Gs. 1.500.000 (guaraníes un millón quinientos mil) para tarjetas de crédito Mastercard y Visa Clásicas, Oro Platinum e Infinite. y Gs. 3.000.000 (guaraníes tres millones) para tarjetas de crédito Mastercard Black, Black Premier y Metalcard Premier el cual aplica en forma conjunta a todos los locales de los comercios adheridos.",,,https://www.beneficiosbancognb.com.py/v2/beneficios/categorias/34
12098fb74680b9c4,GNB,Tiendas,Nike - Rookie - Academy - Rise,Nike - Rookie - Academy - Rise,25% de descuento,descuento,25%,jueves,,,jueves,Del 08 de enero al 26 de noviembre del 2026.,"Tope de compra mensual: Gs. 1.500.000 (guaraníes un millón quinientos mil) para tarjetas de crédito Mastercard y Visa Clásicas, Oro Platinum e Infinite. y Gs. 3.000.000 (guaraníes tres millones) para tarjetas de crédito Mastercard Black, Black Premier y Metalcard Premier el cual aplica en forma conjunta a todos los locales de los comercios adheridos (Nike, Rookie, Academy, Rise).",,,https://www.beneficiosbancognb.com.py/v2/beneficios/categorias/180
d012a0a94056dd07,GNB,Tiendas,Nike - Rookie - Academy - Rise,Nike - Rookie - Academy - Rise,20% de descuento,descuento,20%,jueves,,,jueves,Del 08 de enero al 26 de noviembre del 2026.,"Tope de compra mensual: Gs. 1.500.000 (guaraníes un millón quinientos mil) para tarjetas de crédito Mastercard y Visa Clásicas, Oro Platinum e Infinite. y Gs. 3.000.000 (guaraníes tres millones) para tarjetas de crédito Mastercard Black, Black Premier y Metalcard Premier el cual aplica en forma conjunta a todos los locales de los comercios adheridos (Nike, Rookie, Academy, Rise).",,,https://www.beneficiosbancognb.com.py/v2/beneficios/categorias/180
29670ec9dde11085,GNB,Tiendas,Nike - Rookie - Academy - Rise,Nike - Rookie - Academy - Rise,Hasta 6 cuotas sin intereses,cuotas_sin_intereses,,lunes; martes; miércoles; jueves; viernes; sábado; domingo,,,Todos los días,Del 08 de enero al 26 de noviembre del 2026.,"Tope de compra mensual: Gs. 1.500.000 (guaraníes un millón quinientos mil) para tarjetas de crédito Mastercard y Visa Clásicas, Oro Platinum e Infinite. y Gs. 3.000.000 (guaraníes tres millones) para tarjetas de crédito Mastercard Black, Black Premier y Metalcard Premier el cual aplica en forma conjunta a todos los locales de los comercios adheridos (Nike, Rookie, Academy, Rise).",,,https://www.beneficiosbancognb.com.py/v2/beneficios/categorias/180
61fd7894f25fa3c6,GNB,Tiendas,Nova Tire,Nova Tire,Hasta 12 cuotas sin intereses,cuotas_sin_intereses,,lunes; martes; miércoles; jueves; viernes; sábado; domingo,,,Todos los días,Del 05 de enero al 31 de diciembre del 2026.,,,,https://www.beneficiosbancognb.com.py/v2/beneficios/categorias/303
9f671f802176cfdb,GNB,Tiendas,O Boticário,O Boticário,25% de descuento con QR,descuento,25%,jueves; viernes,,,"jueves, viernes",Del 08 de enero al 27 de noviembre del 2026.,"Tope de compra mensual: Gs. 2.000.000 (guaraníes dos millones) por cuenta de tarjeta de crédito (incluye titulares y adicionales), el cual aplica en forma conjunta a todos los locales de los comercios adheridos (Champs Elysees, O boticário, Isdin).",,,https://www.beneficiosbancognb.com.py/v2/beneficios/categorias/591
0951c7d29083b657,GNB,Tiendas,O Boticário,O Boticário,20% de descuento con tarjeta física,descuento,20%,jueves; viernes,,,"jueves, viernes",Del 08 de enero al 27 de noviembre del 2026.,"Tope de compra mensual: Gs. 2.000.000 (guaraníes dos millones) por cuenta de tarjeta de crédito (incluye titulares y adicionales), el cual aplica en forma conjunta a todos los locales de los comercios adheridos (Champs Elysees, O boticário, Isdin).",,,https://www.beneficiosbancognb.com.py/v2/beneficios/categorias/591
7242b697f89e2cdf,GNB,Tiendas,O Boticário,O Boticário,Hasta 6 cuotas sin intereses,cuotas_sin_intereses,,lunes; martes; miércoles; jueves; viernes; sábado; domingo,,,Todos los días,Del 08 de enero al 27 de noviembre del 2026.,"Tope de compra mensual: Gs. 2.000.000 (guaraníes dos millones) por cuenta de tarjeta de crédito (incluye titulares y adicionales), el cual aplica en forma conjunta a todos los locales de los comercios adheridos (Champs Elysees, O boticário, Isdin).",,,https://www.beneficiosbancognb.com.py/v2/beneficios/categorias/591
fe9b7233063b900a,GNB,Tiendas,Oben,Oben,Hasta 12 cuotas sin intereses,cuotas_sin_intereses,,lunes; martes; miércoles; jueves; viernes; sábado; domingo,,,Todos los días,Del 14 de septiembre al 31 de diciembre del 2026.,,,,https://www.beneficiosbancognb.com.py/v2/beneficios/categorias/666
3a43c73c253eb525,GNB,Tiendas,Office World,Office World,Hasta 12 cuotas sin intereses,cuotas_sin_intereses,,lunes; martes; miércoles; jueves; viernes; sábado; domingo,,,Todos los días,Del 05 de enero al 31 de diciembre del 2026.,,,,https://www.beneficiosbancognb.com.py/v2/beneficios/categorias/367
e0e6e7fe7b45bd7b,GNB,Tiendas,OneRide,OneRide,Hasta 12 cuotas sin intereses,cuotas_sin_intereses,,lunes; martes; miércoles; jueves; viernes; sábado; domingo,,,Todos los días,Del 05 de enero al 31 de diciembre del 2026.,,,,https://www.beneficiosbancognb.com.py/v2/beneficios/categorias/523
c291097a31716d17,GNB,Tiendas,Oral Studio,Oral Studio,Hasta 12 cuotas sin intereses,cuotas_sin_intereses,,lunes; martes; miércoles; jueves; viernes; sábado; domingo,,,Todos los días,Del 05 de enero al 31 de diciembre del 2026.,,,,https://www.beneficiosbancognb.com.py/v2/beneficios/categorias/442
d2e603c2b9e647d1,GNB,Tiendas,Outdoors,Outdoors,25% de descuento,descuento,25%,viernes,,,viernes,Del 23 de enero al 27 de noviembre del 2026.,"Tope de compra mensual: Gs. 1.500.000 (guaraníes un millón quinientos mil) para tarjetas de crédito Mastercard y Visa Clásicas, Oro Platinum e Infinite. y Gs. 3.000.000 (guaraníes tres millones) para tarjetas de crédito Mastercard Black, Black Premier y Metalcard Premier el cual aplica en forma conjunta a todos los locales de los comercios adheridos.",,,https://www.beneficiosbancognb.com.py/v2/beneficios/categorias/167
cbbee08516a3a90a,GNB,Tiendas,Outdoors,Outdoors,20% de descuento,descuento,20%,viernes,,,viernes,Del 23 de enero al 27 de noviembre del 2026.,"Tope de compra mensual: Gs. 1.500.000 (guaraníes un millón quinientos mil) para tarjetas de crédito Mastercard y Visa Clásicas, Oro Platinum e Infinite. y Gs. 3.000.000 (guaraníes tres millones) para tarjetas de crédito Mastercard Black, Black Premier y Metalcard Premier el cual aplica en forma conjunta a todos los locales de los comercios adheridos.",,,https://www.beneficiosbancognb.com.py/v2/beneficios/categorias/167
5bf34bd90e2872ee,GNB,Tiendas,Outdoors,Outdoors,Hasta 6 cuotas sin intereses,cuotas_sin_intereses,,lunes; martes; miércoles; jueves; viernes; sábado; domingo,,,Todos los días,Del 23 de enero al 27 de noviembre del 2026.,"Tope de compra mensual: Gs. 1.500.000 (guaraníes un millón quinientos mil) para tarjetas de crédito Mastercard y Visa Clásicas, Oro Platinum e Infinite. y Gs. 3.000.000 (guaraníes tres millones) para tarjetas de crédito Mastercard Black, Black Premier y Metalcard Premier el cual aplica en forma conjunta a todos los locales de los comercios adheridos.",,,https://www.beneficiosbancognb.com.py/v2/beneficios/categorias/167
b49b31774285f7a4,GNB,Tiendas,PSA Purificadores de Agua,PSA Purificadores de Agua,Hasta 12 cuotas sin intereses,cuotas_sin_intereses,,lunes; martes; miércoles; jueves; viernes; sábado; domingo,,,Todos los días,Del 05 de enero al 31 de diciembre del 2026.,,,,https://www.beneficiosbancognb.com.py/v2/beneficios/categorias/269
15a390d30a308c50,GNB,Tiendas,Paats & Paats,Paats & Paats,20% de descuento,descuento,20%,viernes,,,viernes,Del 03 de julio al 27 de noviembre del 2026.,Tope de compra mensual: Gs. 1.000.000 (guaraníes un milón) por cuenta de tarjeta de crédito (incluye titulares y adicionales).,,,https://www.beneficiosbancognb.com.py/v2/beneficios/categorias/515
35540adead46b209,GNB,Tiendas,Paats & Paats,Paats & Paats,Hasta 6 cuotas sin intereses,cuotas_sin_intereses,,viernes,,,viernes,Del 03 de julio al 27 de noviembre del 2026.,Tope de compra mensual: Gs. 1.000.000 (guaraníes un milón) por cuenta de tarjeta de crédito (incluye titulares y adicionales).,,,https://www.beneficiosbancognb.com.py/v2/beneficios/categorias/515
205dadae3e173d2a,GNB,Tiendas,Pame Garelik Bags,Pame Garelik Bags,20% de descuento,descuento,20%,sábado,,,sábado,Del 04 de julio al 28 de noviembre del 2026.,Tope de compra mensual: Gs. 1.500.000 (guaraníes un millón quinientos mil) por cuenta de tarjeta de crédito Incluye titulares y adicionales.,,,https://www.beneficiosbancognb.com.py/v2/beneficios/categorias/632
fd263a2f078e7fbe,GNB,Tiendas,Pame Garelik Bags,Pame Garelik Bags,Hasta 6 cuotas sin intereses,cuotas_sin_intereses,,sábado,,,sábado,Del 04 de julio al 28 de noviembre del 2026.,Tope de compra mensual: Gs. 1.500.000 (guaraníes un millón quinientos mil) por cuenta de tarjeta de crédito Incluye titulares y adicionales.,,,https://www.beneficiosbancognb.com.py/v2/beneficios/categorias/632
2d178747f01ca722,GNB,Tiendas,Patrol Jeans,Patrol Jeans,25% de descuento,descuento,25%,jueves; viernes,,,"jueves, viernes",Del 08 de enero al 27 de noviembre del 2026.,Tope de compra mensual: Gs. 1.000.000 (guaraníes un millón) por cuenta de tarjeta de crédito (incluye titulares y adicionales).,,,https://www.beneficiosbancognb.com.py/v2/beneficios/categorias/436
c88505f7a8113f20,GNB,Tiendas,Patrol Jeans,Patrol Jeans,20% de descuento,descuento,20%,jueves; viernes,,,"jueves, viernes",Del 08 de enero al 27 de noviembre del 2026.,Tope de compra mensual: Gs. 1.000.000 (guaraníes un millón) por cuenta de tarjeta de crédito (incluye titulares y adicionales).,,,https://www.beneficiosbancognb.com.py/v2/beneficios/categorias/436
c297f17479d214b9,GNB,Tiendas,Patrol Jeans,Patrol Jeans,Hasta 6 cuotas sin intereses,cuotas_sin_intereses,,lunes; martes; miércoles; jueves; viernes; sábado; domingo,,,Todos los días,Del 08 de enero al 27 de noviembre del 2026.,Tope de compra mensual: Gs. 1.000.000 (guaraníes un millón) por cuenta de tarjeta de crédito (incluye titulares y adicionales).,,,https://www.beneficiosbancognb.com.py/v2/beneficios/categorias/436
4fe0b80e0e16a494,GNB,Tiendas,Penina Shoes - Galan For Men,Penina Shoes - Galan For Men,20% de descuento,descuento,20%,sábado,,,sábado,Del 04 de julio al 28 de noviembre del 2026.,Tope de compra mensual: Gs. 1.000.000 (guaraníes un milón) por cuenta de tarjeta de crédito (incluye titulares y adicionales).,,,https://www.beneficiosbancognb.com.py/v2/beneficios/categorias/488
afafd4e16d267eb0,GNB,Tiendas,Powersol,Powersol,Hasta 12 cuotas sin intereses,cuotas_sin_intereses,,lunes; martes; miércoles; jueves; viernes; sábado; domingo,,,Todos los días,Del 06 de agosto al 31 de diciembre del 2026.,,,,https://www.beneficiosbancognb.com.py/v2/beneficios/categorias/648
77ee4eb2faca02e8,GNB,Tiendas,Protek,Protek,Hasta 12 cuotas sin intereses,cuotas_sin_intereses,,lunes; martes; miércoles; jueves; viernes; sábado; domingo,,,Todos los días,Del 30 de julio al 31 de diciembre del 2026.,,,,https://www.beneficiosbancognb.com.py/v2/beneficios/categorias/646
7af542b8a9be23ed,GNB,Tiendas,Puerto Liebig,Puerto Liebig,Hasta 12 cuotas sin intereses,cuotas_sin_intereses,,lunes; martes; miércoles; jueves; viernes; sábado; domingo,,,Todos los días,Del 14 de enero al 31 de diciembre del 2026.,,,,https://www.beneficiosbancognb.com.py/v2/beneficios/categorias/554
cb243f44755c8420,GNB,Tiendas,RND,RND,25% de descuento,descuento,25%,jueves,,-1:jueves,último jueves de cada mes,Del 03 de septiembre al 26 de noviembre del 2026.,"Tope de compra mensual: Gs. 2.000.000 (guaraníes dos millones) por cuenta de tarjeta de crédito (incluye titulares y adicionales), el cual aplica en forma conjunta a todos los locales de los comercios adheridos.",,,https://www.beneficiosbancognb.com.py/v2/beneficios/categorias/585
4a9b9797053e9237,GNB,Tiendas,RND,RND,20% de descuento,descuento,20%,jueves,,-1:jueves,último jueves de cada mes,Del 03 de septiembre al 26 de noviembre del 2026.,"Tope de compra mensual: Gs. 2.000.000 (guaraníes dos millones) por cuenta de tarjeta de crédito (incluye titulares y adicionales), el cual aplica en forma conjunta a todos los locales de los comercios adheridos.",,,https://www.beneficiosbancognb.com.py/v2/beneficios/categorias/585
61ef09fdcfad6e3d,GNB,Tiendas,RND,RND,Hasta 6 cuotas sin intereses,cuotas_sin_intereses,,lunes; martes; miércoles; jueves; viernes; sábado; domingo,,,Todos los días,Del 03 de septiembre al 26 de noviembre del 2026.,"Tope de compra mensual: Gs. 2.000.000 (guaraníes dos millones) por cuenta de tarjeta de crédito (incluye titulares y adicionales), el cual aplica en forma conjunta a todos los locales de los comercios adheridos.",,,https://www.beneficiosbancognb.com.py/v2/beneficios/categorias/585
1c2b550b6bf1f25c,GNB,Tiendas,Rakiura,Rakiura,Hasta 18 cuotas sin intereses,cuotas_sin_intereses,,lunes; martes; miércoles; jueves; viernes; sábado; domingo,,,Todos los días,Del 13 de julio al 31 de diciembre del 2026.,,,,https://www.beneficiosbancognb.com.py/v2/beneficios/categorias/312
77ebbf1b10a4ab78,GNB,Tiendas,Raphaella Booz,Raphaella Booz,25% de descuento,descuento,25%,jueves; viernes,,,"jueves, viernes",Del 10 de septiembre al 27 de noviembre del 2026.,"Tope de compra mensual: Gs. 1.500.000 (guaraníes un millón quinientos mil) por cuenta de tarjeta de crédito (incluye titulares y adicionales), el cual aplica en forma conjunta a todos los locales de los comercios adheridos.",,,https://www.beneficiosbancognb.com.py/v2/beneficios/categorias/664
4a0f8a49a0cc11e5,GNB,Tiendas,Raphaella Booz,Raphaella Booz,20% de descuento,descuento,20%,jueves; viernes,,,"jueves, viernes",Del 10 de septiembre al 27 de noviembre del 2026.,"Tope de compra mensual: Gs. 1.500.000 (guaraníes un millón quinientos mil) por cuenta de tarjeta de crédito (incluye titulares y adicionales), el cual aplica en forma conjunta a todos los locales de los comercios adheridos.",,,https://www.beneficiosbancognb.com.py/v2/beneficios/categorias/664
184245e1ed4fdd33,GNB,Tiendas,Raphaella Booz,Raphaella Booz,Hasta 6 cuotas sin intereses,cuotas_sin_intereses,,lunes; martes; miércoles; jueves; viernes; sábado; domingo,,,Todos los días,Del 10 de septiembre al 27 de noviembre del 2026.,"Tope de compra mensual: Gs. 1.500.000 (guaraníes un millón quinientos mil) por cuenta de tarjeta de crédito (incluye titulares y adicionales), el cual aplica en forma conjunta a todos los locales de los comercios adheridos.",,,https://www.beneficiosbancognb.com.py/v2/beneficios/categorias/664
37bbb36eefb0aa37,GNB,Tiendas,Rondina,Rondina,25% de descuento,descuento,25%,jueves,,-1:jueves,último jueves de cada mes,Del 03 de septiembre al 26 de noviembre del 2026.,"Tope de compra mensual: Gs. 2.000.000 (guaraníes dos millones) por cuenta de tarjeta de crédito (incluye titulares y adicionales), el cual aplica en forma conjunta a todos los locales de los comercios adheridos.",,,https://www.beneficiosbancognb.com.py/v2/beneficios/categorias/584
170208922a36d6e1,GNB,Tiendas,Rondina,Rondina,20% de descuento,descuento,20%,jueves,,-1:jueves,último jueves de cada mes,Del 03 de septiembre al 26 de noviembre del 2026.,"Tope de compra mensual: Gs. 2.000.000 (guaraníes dos millones) por cuenta de tarjeta de crédito (incluye titulares y adicionales), el cual aplica en forma conjunta a todos los locales de los comercios adheridos.",,,https://www.beneficiosbancognb.com.py/v2/beneficios/categorias/584
b6fef263db8e597c,GNB,Tiendas,Rondina,Rondina,Hasta 6 cuotas sin intereses,cuotas_sin_intereses,,lunes; martes; miércoles; jueves; viernes; sábado; domingo,,,Todos los días,Del 03 de septiembre al 26 de noviembre del 2026.,"Tope de compra mensual: Gs. 2.000.000 (guaraníes dos millones) por cuenta de tarjeta de crédito (incluye titulares y adicionales), el cual aplica en forma conjunta a todos los locales de los comercios adheridos.",,,https://www.beneficiosbancognb.com.py/v2/beneficios/categorias/584
ef651a8ae34a6aa1,GNB,Tiendas,San Isidro Show Room,San Isidro Show Room,15% de descuento,descuento,15%,lunes; martes; miércoles; jueves; viernes; sábado; domingo,,,Todos los días,Del 27 de marzo al 31 de diciembre del 2026.,,,,https://www.beneficiosbancognb.com.py/v2/beneficios/categorias/604
5f71ced75aff0584,GNB,Tiendas,San Isidro Show Room,San Isidro Show Room,Hasta 12 cuotas sin intereses,cuotas_sin_intereses,,lunes; martes; miércoles; jueves; viernes; sábado; domingo,,,Todos los días,Del 27 de marzo al 31 de diciembre del 2026.,,,,https://www.beneficiosbancognb.com.py/v2/beneficios/categorias/604
bdf1592a458f0a76,GNB,Tiendas,Sanisart,Sanisart,Hasta 12 cuotas sin intereses,cuotas_sin_intereses,,lunes; martes; miércoles; jueves; viernes; sábado; domingo,,,Todos los días,Del 1 de febrero al 31 de diciembre del 2026.,,,,https://www.beneficiosbancognb.com.py/v2/beneficios/categorias/470
582f1e2b6fe8008d,GNB,Tiendas,Shopping China,Shopping China,Hasta 12 cuotas sin intereses,cuotas_sin_intereses,,lunes; martes; miércoles; jueves; viernes; sábado; domingo,,,Todos los días,Del 05 de enero al 31 de diciembre del 2026.,,,,https://www.beneficiosbancognb.com.py/v2/beneficios/categorias/141
9c7a3867b70a5319,GNB,Tiendas,Shopping Herrajes,Shopping Herrajes,Hasta 12 cuotas sin intereses,cuotas_sin_intereses,,lunes; martes; miércoles; jueves; viernes; sábado; domingo,,,Todos los días,Del 14 de enero al 31 de diciembre del 2026.,,,,https://www.beneficiosbancognb.com.py/v2/beneficios/categorias/529
7666af31b40e5148,GNB,Tiendas,Siegen,Siegen,Hasta 12 cuotas sin intereses,cuotas_sin_intereses,,lunes; martes; miércoles; jueves; viernes; sábado; domingo,,,Todos los días,Del 09 de marzo al 31 de diciembre del 2026.,,,,https://www.beneficiosbancognb.com.py/v2/beneficios/categorias/595
95e6cb19931e50ca,GNB,Tiendas,Skechers,Skechers,25% de descuento,descuento,25%,jueves; viernes,,,"jueves, viernes",Del 22 de enero al 27 de noviembre del 2026.,"Tope de compra mensual: Gs. 1.500.000 (guaraníes un millón quinientos mil) para tarjetas de crédito Mastercard y Visa Clásicas, Oro Platinum e Infinite. y Gs. 3.000.000 (guaraníes tres millones) para tarjetas de crédito Mastercard Black, Black Premier y Metalcard Premier.",,,https://www.beneficiosbancognb.com.py/v2/beneficios/categorias/581
26cc5567531ce327,GNB,Tiendas,Skechers,Skechers,20% de descuento,descuento,20%,jueves; viernes,,,"jueves, viernes",Del 22 de enero al 27 de noviembre del 2026.,"Tope de compra mensual: Gs. 1.500.000 (guaraníes un millón quinientos mil) para tarjetas de crédito Mastercard y Visa Clásicas, Oro Platinum e Infinite. y Gs. 3.000.000 (guaraníes tres millones) para tarjetas de crédito Mastercard Black, Black Premier y Metalcard Premier.",,,https://www.beneficiosbancognb.com.py/v2/beneficios/categorias/581
a0e278ceccf28024,GNB,Tiendas,Skechers,Skechers,Hasta 6 cuotas sin intereses,cuotas_sin_intereses,,lunes; martes; miércoles; jueves; viernes; sábado; domingo,,,Todos los días,Del 22 de enero al 27 de noviembre del 2026.,"Tope de compra mensual: Gs. 1.500.000 (guaraníes un millón quinientos mil) para tarjetas de crédito Mastercard y Visa Clásicas, Oro Platinum e Infinite. y Gs. 3.000.000 (guaraníes tres millones) para tarjetas de crédito Mastercard Black, Black Premier y Metalcard Premier.",,,https://www.beneficiosbancognb.com.py/v2/beneficios/categorias/581
85dbdd37bc31017e,GNB,Tiendas,Solucion Lab,Solucion Lab,Hasta 12 cuotas sin intereses,cuotas_sin_intereses,,lunes; martes; miércoles; jueves; viernes; sábado; domingo,,,Todos los días,Del 05 de enero al 31 de diciembre del 2026.,,,,https://www.beneficiosbancognb.com.py/v2/beneficios/categorias/424
e0698964c667f9eb,GNB,Tiendas,Sport House,Sport House,25% de descuento,descuento,25%,jueves; viernes,,,"jueves, viernes",Del 22 de enero al 27 de noviembre del 2026.,"Tope de compra mensual: Gs. 1.500.000 (guaraníes un millón quinientos mil) para tarjetas de crédito Mastercard y Visa Clásicas, Oro Platinum e Infinite. y Gs. 3.000.000 (guaraníes tres millones) para tarjetas de crédito Mastercard Black, Black Premier y Metalcard Premier.",,,https://www.beneficiosbancognb.com.py/v2/beneficios/categorias/582
121c88ae2ebb8cf6,GNB,Tiendas,Sport House,Sport House,20% de descuento,descuento,20%,jueves; viernes,,,"jueves, viernes",Del 22 de enero al 27 de noviembre del 2026.,"Tope de compra mensual: Gs. 1.500.000 (guaraníes un millón quinientos mil) para tarjetas de crédito Mastercard y Visa Clásicas, Oro Platinum e Infinite. y Gs. 3.000.000 (guaraníes tres millones) para tarjetas de crédito Mastercard Black, Black Premier y Metalcard Premier.",,,https://www.beneficiosbancognb.com.py/v2/beneficios/categorias/582
57fab25883c7dc9a,GNB,Tiendas,Sport House,Sport House,Hasta 6 cuotas sin intereses,cuotas_sin_intereses,,lunes; martes; miércoles; jueves; viernes; sábado; domingo,,,Todos los días,Del 22 de enero al 27 de noviembre del 2026.,"Tope de compra mensual: Gs. 1.500.000 (guaraníes un millón quinientos mil) para tarjetas de crédito Mastercard y Visa Clásicas, Oro Platinum e Infinite. y Gs. 3.000.000 (guaraníes tres millones) para tarjetas de crédito Mastercard Black, Black Premier y Metalcard Premier.",,,https://www.beneficiosbancognb.com.py/v2/beneficios/categorias/582
662aa4b7dfb72786,GNB,Tiendas,Springfield,Springfield,25% de descuento con QR,descuento,25%,jueves; viernes,,,"jueves, viernes",Del 03 de septiembre al 27 de noviembre del 2026.,"Tope de compra mensual: Gs. 2.500.000 (guaraníes dos millones quinientos mil) por cuenta de tarjeta de crédito (incluye titulares y adicionales), el cual aplica en forma conjunta a todos los locales de los comercios adheridos (Springfield, Women Secret, Forever 21, Jack & Jones).",,,https://www.beneficiosbancognb.com.py/v2/beneficios/categorias/474
173396ab8ae182ac,GNB,Tiendas,Springfield,Springfield,20% de descuento con tarjeta física,descuento,20%,jueves; viernes,,,"jueves, viernes",Del 03 de septiembre al 27 de noviembre del 2026.,"Tope de compra mensual: Gs. 2.500.000 (guaraníes dos millones quinientos mil) por cuenta de tarjeta de crédito (incluye titulares y adicionales), el cual aplica en forma conjunta a todos los locales de los comercios adheridos (Springfield, Women Secret, Forever 21, Jack & Jones).",,,https://www.beneficiosbancognb.com.py/v2/beneficios/categorias/474
7772473a34bd603c,GNB,Tiendas,Springfield,Springfield,Hasta 6 cuotas sin intereses,cuotas_sin_intereses,,lunes; martes; miércoles; jueves; viernes; sábado; domingo,,,Todos los días,Del 03 de septiembre al 27 de noviembre del 2026.,"Tope de compra mensual: Gs. 2.500.000 (guaraníes dos millones quinientos mil) por cuenta de tarjeta de crédito (incluye titulares y adicionales), el cual aplica en forma conjunta a todos los locales de los comercios adheridos (Springfield, Women Secret, Forever 21, Jack & Jones).",,,https://www.beneficiosbancognb.com.py/v2/beneficios/categorias/474
5cf52784bdbd22c3,GNB,Tiendas,Syrocco,Syrocco,Hasta 12 cuotas sin intereses,cuotas_sin_intereses,,lunes; martes; miércoles; jueves; viernes; sábado; domingo,,,Todos los días,Del 07 de enero al 31 de diciembre del 2026.,,,,https://www.beneficiosbancognb.com.py/v2/beneficios/categorias/257
bc06daf2606d8c2c,GNB,Tiendas,Tape Ruvicha,Tape Ruvicha,Hasta 12 cuotas sin intereses,cuotas_sin_intereses,,lunes; martes; miércoles; jueves; viernes; sábado; domingo,,,Todos los días,Del 14 de julio al 31 de diciembre del 2026.,,,,https://www.beneficiosbancognb.com.py/v2/beneficios/categorias/212
02099d2221460a27,GNB,Tiendas,Tienda Personal,Tienda Personal,Hasta 12 cuotas sin intereses,cuotas_sin_intereses,,lunes; martes; miércoles; jueves; viernes; sábado; domingo,,,Todos los días,Del 05 de enero al 31 de diciembre del 2026.,,,,https://www.beneficiosbancognb.com.py/v2/beneficios/categorias/81
8b176df9d9e9489f,GNB,Tiendas,Tienda Piccolino,Tienda Piccolino,20% de descuento,descuento,20%,jueves; viernes,,,"jueves, viernes",Del 15 de enero al 31 de diciembre del 2026.,Tope de compra: Gs.1.500.000 (guaraníes un millón quinientos mil) por cuenta de tarjeta de crédito (Incluye titulares y adicionales) equivalente a un reintegro máximo mensual en el extracto de Gs. 150.000 (guaraníes ciento cincuenta mil).,,,https://www.beneficiosbancognb.com.py/v2/beneficios/categorias/299
19d0d1ca4db971d1,GNB,Tiendas,Tienda Piccolino,Tienda Piccolino,Hasta 6 cuotas sin intereses,cuotas_sin_intereses,,lunes; martes; miércoles; jueves; viernes; sábado; domingo,,,Todos los días,Del 15 de enero al 31 de diciembre del 2026.,Tope de compra: Gs.1.500.000 (guaraníes un millón quinientos mil) por cuenta de tarjeta de crédito (Incluye titulares y adicionales) equivalente a un reintegro máximo mensual en el extracto de Gs. 150.000 (guaraníes ciento cincuenta mil).,,,https://www.beneficiosbancognb.com.py/v2/beneficios/categorias/299
dca3cb41019a161e,GNB,Tiendas,Tienda Shelly,Tienda Shelly,20% de descuento,descuento,20%,sábado,,,sábado,Del 01 de agosto al 28 de noviembre del 2026.,Tope de compra mensual: Gs. 1.000.000 (guaranies un millón) por cuenta de tarjeta de crédito (incluye titulares y adicionales),,,https://www.beneficiosbancognb.com.py/v2/beneficios/categorias/644
753495f0ece80b85,GNB,Tiendas,Tienda Shelly,Tienda Shelly,Hasta 6 cuotas sin intereses,cuotas_sin_intereses,,sábado,,,sábado,Del 01 de agosto al 28 de noviembre del 2026.,Tope de compra mensual: Gs. 1.000.000 (guaranies un millón) por cuenta de tarjeta de crédito (incluye titulares y adicionales),,,https://www.beneficiosbancognb.com.py/v2/beneficios/categorias/644
a13473e41a5c9875,GNB,Tiendas,Tigo,Tigo,Hasta 12 cuotas sin intereses,cuotas_sin_intereses,,lunes; martes; miércoles; jueves; viernes; sábado; domingo,,,Todos los días,Del 05 de enero al 31 de diciembre del 2026.,,,,https://www.beneficiosbancognb.com.py/v2/beneficios/categorias/594
f47ad6c3a20594bf,GNB,Tiendas,Timberland,Timberland,25% de descuento,descuento,25%,viernes,,,viernes,Del 23 de enero al 27 de noviembre del 2026.,"Tope de compra mensual: Gs. 1.500.000 (guaraníes un millón quinientos mil) para tarjetas de crédito Mastercard y Visa Clásicas, Oro Platinum e Infinite. y Gs. 3.000.000 (guaraníes tres millones) para tarjetas de crédito Mastercard Black, Black Premier y Metalcard Premier el cual aplica en forma conjunta a todos los locales de los comercios adheridos.",,,https://www.beneficiosbancognb.com.py/v2/beneficios/categorias/170
3dd4da3445e95043,GNB,Tiendas,Timberland,Timberland,20% de descuento,descuento,20%,viernes,,,viernes,Del 23 de enero al 27 de noviembre del 2026.,"Tope de compra mensual: Gs. 1.500.000 (guaraníes un millón quinientos mil) para tarjetas de crédito Mastercard y Visa Clásicas, Oro Platinum e Infinite. y Gs. 3.000.000 (guaraníes tres millones) para tarjetas de crédito Mastercard Black, Black Premier y Metalcard Premier el cual aplica en forma conjunta a todos los locales de los comercios adheridos.",,,https://www.beneficiosbancognb.com.py/v2/beneficios/categorias/170
1aed7b13e53c9ee0,GNB,Tiendas,Timberland,Timberland,Hasta 6 cuotas sin intereses,cuotas_sin_intereses,,lunes; martes; miércoles; jueves; viernes; sábado; domingo,,,Todos los días,Del 23 de enero al 27 de noviembre del 2026.,"Tope de compra mensual: Gs. 1.500.000 (guaraníes un millón quinientos mil) para tarjetas de crédito Mastercard y Visa Clásicas, Oro Platinum e Infinite. y Gs. 3.000.000 (guaraníes tres millones) para tarjetas de crédito Mastercard Black, Black Premier y Metalcard Premier el cual aplica en forma conjunta a todos los locales de los comercios adheridos.",,,https://www.beneficiosbancognb.com.py/v2/beneficios/categorias/170
08e9a5ac44c4dc70,GNB,Tiendas,Todo Compras,Todo Compras,Hasta 12 cuotas sin intereses,cuotas_sin_intereses,,lunes; martes; miércoles; jueves; viernes; sábado; domingo,,,Todos los días,Del 05 de enero al 31 de diciembre del 2026.,,,,https://www.beneficiosbancognb.com.py/v2/beneficios/categorias/333
ed233fc2f63bfb78,GNB,Tiendas,Unicartoon,Unicartoon,Hasta 12 cuotas sin intereses,cuotas_sin_intereses,,lunes; martes; miércoles; jueves; viernes; sábado; domingo,,,Todos los días,Del 02 de septiembre al 31 de diciembre del 2026.,,,,https://www.beneficiosbancognb.com.py/v2/beneficios/categorias/659
ee6f5f062862361d,GNB,Tiendas,Universidades,Universidades,15% de reintegro,reintegro,15%,,1; 2; 3; 4; 5; 6; 7; 8; 9; 10,,de 1 al 10 de cada mes,Del 01 de marzo al 10 de diciembre del 2026.,"Tope de compra durante el periodo de la promoción: Gs. 10.000.000 (guaraníes diez millones), el cual aplica en forma conjunta a todos los comercios seleccionados adheridos a la promoción en cualquiera de las sucursales de los comercios participantes.; Tope de reintegro durante el periodo de la promoción: Gs. 1.500.000.- (guaraníes un millón quinientos mil) y, se aplica por cuenta de tarjeta de crédito (titulares + adicionales).",,,https://www.beneficiosbancognb.com.py/v2/beneficios/categorias/426
80ee408264ee6fa6,GNB,Tiendas,Universidades,Universidades,Hasta 12 cuotas sin intereses,cuotas_sin_intereses,,,1; 2; 3; 4; 5; 6; 7; 8; 9; 10,,del 1 al 10 de cada mes,Del 01 de marzo al 10 de diciembre del 2026.,"Tope de compra durante el periodo de la promoción: Gs. 10.000.000 (guaraníes diez millones), el cual aplica en forma conjunta a todos los comercios seleccionados adheridos a la promoción en cualquiera de las sucursales de los comercios participantes.; Tope de reintegro durante el periodo de la promoción: Gs. 1.500.000.- (guaraníes un millón quinientos mil) y, se aplica por cuenta de tarjeta de crédito (titulares + adicionales).",,,https://www.beneficiosbancognb.com.py/v2/beneficios/categorias/426
ea053e6bd0247dcc,GNB,Tiendas,Urban Haus,Urban Haus,25% de descuento,descuento,25%,jueves; viernes,,,"jueves, viernes",Del 08 de enero al 27 de noviembre del 2026.,Tope de compra mensual: Gs. 2.000.000 (guaranies dos millones) por cuenta de tarjeta de crédito (incluye titulares y adicionales).,,,https://www.beneficiosbancognb.com.py/v2/beneficios/categorias/179
54eb0c7027ea0d29,GNB,Tiendas,Urban Haus,Urban Haus,20% de descuento,descuento,20%,jueves; viernes,,,"jueves, viernes",Del 08 de enero al 27 de noviembre del 2026.,Tope de compra mensual: Gs. 2.000.000 (guaranies dos millones) por cuenta de tarjeta de crédito (incluye titulares y adicionales).,,,https://www.beneficiosbancognb.com.py/v2/beneficios/categorias/179
8f9a8d0e502f61da,GNB,Tiendas,Urban Haus,Urban Haus,Hasta 6 cuotas sin intereses,cuotas_sin_intereses,,lunes; martes; miércoles; jueves; viernes; sábado; domingo,,,Todos los días,Del 08 de enero al 27 de noviembre del 2026.,Tope de compra mensual: Gs. 2.000.000 (guaranies dos millones) por cuenta de tarjeta de crédito (incluye titulares y adicionales).,,,https://www.beneficiosbancognb.com.py/v2/beneficios/categorias/179
a6c714709daa4359,GNB,Tiendas,Vans,Vans,25% de descuento,descuento,25%,jueves,,,jueves,Del 22 de enero al 26 de noviembre del 2026.,"Tope de compra mensual: Gs. 1.500.000 (guaraníes un millón quinientos mil) para tarjetas de crédito Mastercard y Visa Clásicas, Oro Platinum e Infinite. y Gs. 3.000.000 (guaraníes tres millones) para tarjetas de crédito Mastercard Black, Black Premier y Metalcard Premier el cual aplica en forma conjunta a todos los locales de los comercios adheridos.",,,https://www.beneficiosbancognb.com.py/v2/beneficios/categorias/279
c14395b577acb412,GNB,Tiendas,Vans,Vans,20% de descuento,descuento,20%,jueves,,,jueves,Del 22 de enero al 26 de noviembre del 2026.,"Tope de compra mensual: Gs. 1.500.000 (guaraníes un millón quinientos mil) para tarjetas de crédito Mastercard y Visa Clásicas, Oro Platinum e Infinite. y Gs. 3.000.000 (guaraníes tres millones) para tarjetas de crédito Mastercard Black, Black Premier y Metalcard Premier el cual aplica en forma conjunta a todos los locales de los comercios adheridos.",,,https://www.beneficiosbancognb.com.py/v2/beneficios/categorias/279
4ac464646749bc31,GNB,Tiendas,Vans,Vans,Hasta 6 cuotas sin intereses,cuotas_sin_intereses,,lunes; martes; miércoles; jueves; viernes; sábado; domingo,,,Todos los días,Del 22 de enero al 26 de noviembre del 2026.,"Tope de compra mensual: Gs. 1.500.000 (guaraníes un millón quinientos mil) para tarjetas de crédito Mastercard y Visa Clásicas, Oro Platinum e Infinite. y Gs. 3.000.000 (guaraníes tres millones) para tarjetas de crédito Mastercard Black, Black Premier y Metalcard Premier el cual aplica en forma conjunta a todos los locales de los comercios adheridos.",,,https://www.beneficiosbancognb.com.py/v2/beneficios/categorias/279
2a43cdac210c9e9c,GNB,Tiendas,Vernier,Vernier,25% de descuento,descuento,25%,jueves; viernes,,,"jueves, viernes",Del 21 de mayo al 27 de noviembre del 2026.,Tope de compra mensual: Gs. 1.500.000 (guaraníes un millón quinientos mil) por cuenta de tarjeta de crédito (incluye titulares y adicionales).,,,https://www.beneficiosbancognb.com.py/v2/beneficios/categorias/620
15b0f45a4089e014,GNB,Tiendas,Vernier,Vernier,20% de descuento,descuento,20%,jueves; viernes,,,"jueves, viernes",Del 21 de mayo al 27 de noviembre del 2026.,Tope de compra mensual: Gs. 1.500.000 (guaraníes un millón quinientos mil) por cuenta de tarjeta de crédito (incluye titulares y adicionales).,,,https://www.beneficiosbancognb.com.py/v2/beneficios/categorias/620
6ae01bca40d5cda2,GNB,Tiendas,Vernier,Vernier,Hasta 6 cuotas sin intereses,cuotas_sin_intereses,,lunes; martes; miércoles; jueves; viernes; sábado; domingo,,,Todos los días,Del 21 de mayo al 27 de noviembre del 2026.,Tope de compra mensual: Gs. 1.500.000 (guaraníes un millón quinientos mil) por cuenta de tarjeta de crédito (incluye titulares y adicionales).,,,https://www.beneficiosbancognb.com.py/v2/beneficios/categorias/620
3e190cd4eef981e1,GNB,Tiendas,Visuar,Visuar,Hasta 12 cuotas sin intereses,cuotas_sin_intereses,,lunes; martes; miércoles; jueves; viernes; sábado; domingo,,,Todos los días,Del 05 de enero al 31 de diciembre del 2026.,,,,https://www.beneficiosbancognb.com.py/v2/beneficios/categorias/133
4646ab180b0b94c2,GNB,Tiendas,Wellness Clinic,Wellness Clinic,Hasta 12 cuotas sin intereses,cuotas_sin_intereses,,lunes; martes; miércoles; jueves; viernes; sábado; domingo,,,Todos los días,Del 05 de enero al 31 de diciembre del 2026.,,,,https://www.beneficiosbancognb.com.py/v2/beneficios/categorias/458
d26122df468f3a7f,GNB,Tiendas,Women'Secret,Women'Secret,25% de descuento con QR,descuento,25%,jueves; viernes,,,"jueves, viernes",Del 03 de septiembre al 27 de noviembre del 2026.,"Tope de compra mensual: Gs. 2.500.000 (guaraníes dos millones quinientos mil) por cuenta de tarjeta de crédito (incluye titulares y adicionales), el cual aplica en forma conjunta a todos los locales de los comercios adheridos (Springfield, Women Secret, Forever 21, Jack & Jones).",,,https://www.beneficiosbancognb.com.py/v2/beneficios/categorias/571
2dc24c6e23bb324d,GNB,Tiendas,Women'Secret,Women'Secret,20% de descuento con tarjeta física,descuento,20%,jueves; viernes,,,"jueves, viernes",Del 03 de septiembre al 27 de noviembre del 2026.,"Tope de compra mensual: Gs. 2.500.000 (guaraníes dos millones quinientos mil) por cuenta de tarjeta de crédito (incluye titulares y adicionales), el cual aplica en forma conjunta a todos los locales de los comercios adheridos (Springfield, Women Secret, Forever 21, Jack & Jones).",,,https://www.beneficiosbancognb.com.py/v2/beneficios/categorias/571
fe964033754defc1,GNB,Tiendas,Women'Secret,Women'Secret,Hasta 6 cuotas sin intereses,cuotas_sin_intereses,,lunes; martes; miércoles; jueves; viernes; sábado; domingo,,,Todos los días,Del 03 de septiembre al 27 de noviembre del 2026.,"Tope de compra mensual: Gs. 2.500.000 (guaraníes dos millones quinientos mil) por cuenta de tarjeta de crédito (incluye titulares y adicionales), el cual aplica en forma conjunta a todos los locales de los comercios adheridos (Springfield, Women Secret, Forever 21, Jack & Jones).",,,https://www.beneficiosbancognb.com.py/v2/beneficios/categorias/571
0d13c4f3fa13044a,GNB,Tiendas,Última Hora,Última Hora,Hasta 12 cuotas sin intereses,cuotas_sin_intereses,,lunes; martes; miércoles; jueves; viernes; sábado; domingo,,,Todos los días,Del 05 de enero al 31 de diciembre del 2026.,,,,https://www.beneficiosbancognb.com.py/v2/beneficios/categorias/45
80f34c1334be2b5c,GNB,Vehículos,Automaq,Automaq,Hasta 12 cuotas sin intereses,cuotas_sin_intereses,,lunes; martes; miércoles; jueves; viernes; sábado; domingo,,,Todos los días,Del 05 de enero al 31 de diciembre del 2026.,,,,https://www.beneficiosbancognb.com.py/v2/beneficios/categorias/53
2de0c86aff788393,GNB,Vehículos,Avenida Autocentro,Avenida Autocentro,30% de descuento,descuento,30%,lunes; martes; miércoles; jueves; viernes; sábado; domingo,,,Todos los días,Del 03 de julio al 31 de diciembre del 2026.,Tope de compra mensual: Gs. 3.000.000 (guaraníes tres millones) por cuenta de tarjeta de crédito Incluye titulares y adicionales.,,,https://www.beneficiosbancognb.com.py/v2/beneficios/categorias/432
8bc06018b187a573,GNB,Vehículos,Avenida Autocentro,Avenida Autocentro,Hasta 12 cuotas sin intereses,cuotas_sin_intereses,,lunes; martes; miércoles; jueves; viernes; sábado; domingo,,,Todos los días,Del 03 de julio al 31 de diciembre del 2026.,Tope de compra mensual: Gs. 3.000.000 (guaraníes tres millones) por cuenta de tarjeta de crédito Incluye titulares y adicionales.,,,https://www.beneficiosbancognb.com.py/v2/beneficios/categorias/432
410e3a119b10160a,GNB,Vehículos,Ferre Garden,Ferre Garden,Hasta 12 cuotas sin intereses,cuotas_sin_intereses,,lunes; martes; miércoles; jueves; viernes; sábado; domingo,,,Todos los días,Del 05 de enero al 31 de diciembre del 2026.,,,,https://www.beneficiosbancognb.com.py/v2/beneficios/categorias/302
46edbb4731d2d146,GNB,Vehículos,Grupo Garden,Grupo Garden,Hasta 12 cuotas sin intereses,cuotas_sin_intereses,,lunes; martes; miércoles; jueves; viernes; sábado; domingo,,,Todos los días,Del 05 de enero al 31 de diciembre del 2026.,,,,https://www.beneficiosbancognb.com.py/v2/beneficios/categorias/57
6af8936b69852299,GNB,Vehículos,Jeep,Jeep,25% de descuento,descuento,25%,viernes,,,viernes,Del 23 de enero al 27 de noviembre del 2026.,"Tope de compra mensual: Gs. 1.500.000 (guaraníes un millón quinientos mil) para tarjetas de crédito Mastercard y Visa Clásicas, Oro Platinum e Infinite. y Gs. 3.000.000 (guaraníes tres millones) para tarjetas de crédito Mastercard Black, Black Premier y Metalcard Premier el cual aplica en forma conjunta a todos los locales de los comercios adheridos.",,,https://www.beneficiosbancognb.com.py/v2/beneficios/categorias/570
939af38c8702d3c9,GNB,Vehículos,Jeep,Jeep,20% de descuento,descuento,20%,viernes,,,viernes,Del 23 de enero al 27 de noviembre del 2026.,"Tope de compra mensual: Gs. 1.500.000 (guaraníes un millón quinientos mil) para tarjetas de crédito Mastercard y Visa Clásicas, Oro Platinum e Infinite. y Gs. 3.000.000 (guaraníes tres millones) para tarjetas de crédito Mastercard Black, Black Premier y Metalcard Premier el cual aplica en forma conjunta a todos los locales de los comercios adheridos.",,,https://www.beneficiosbancognb.com.py/v2/beneficios/categorias/570
471b7209bb68ff52,GNB,Vehículos,Jeep,Jeep,Hasta 6 cuotas sin intereses,cuotas_sin_intereses,,lunes; martes; miércoles; jueves; viernes; sábado; domingo,,,Todos los días,Del 23 de enero al 27 de noviembre del 2026.,"Tope de compra mensual: Gs. 1.500.000 (guaraníes un millón quinientos mil) para tarjetas de crédito Mastercard y Visa Clásicas, Oro Platinum e Infinite. y Gs. 3.000.000 (guaraníes tres millones) para tarjetas de crédito Mastercard Black, Black Premier y Metalcard Premier el cual aplica en forma conjunta a todos los locales de los comercios adheridos.",,,https://www.beneficiosbancognb.com.py/v2/beneficios/categorias/570
ede510a9e4affca4,GNB,Vehículos,Taller Ruschel,Taller Ruschel,Hasta 12 cuotas sin intereses,cuotas_sin_intereses,,lunes; martes; miércoles; jueves; viernes; sábado; domingo,,,Todos los días,Del 05 de enero al 31 de diciembre de 2026.,,,,https://www.beneficiosbancognb.com.py/v2/beneficios/categorias/340
b81840c4dbc2b4bf,GNB,Vehículos,Todo Cubierta,Todo Cubierta,20% de descuento,descuento,20%,lunes; martes; miércoles; jueves; viernes; sábado; domingo,,,Todos los días,Del 08 de enero al 31 de diciembre del 2026.,,,,https://www.beneficiosbancognb.com.py/v2/beneficios/categorias/508
1251ce83c0b9a743,GNB,Vehículos,Todo Cubierta,Todo Cubierta,Hasta 12 cuotas sin intereses,cuotas_sin_intereses,,lunes; martes; miércoles; jueves; viernes; sábado; domingo,,,Todos los días,Del 08 de enero al 31 de diciembre del 2026.,,,,https://www.beneficiosbancognb.com.py/v2/beneficios/categorias/508
e42b64aca0fec54a,GNB,Vehículos,Tonina,Tonina,20% de descuento,descuento,20%,miércoles,,,miércoles,Desde 2026-07-01 hasta 2026-12-30,No aplica para pagos con QR ni delivery. Tope de compra mensual: Gs. 1.000.000; tope de reintegro: Gs. 100.000.,,,https://www.beneficiosbancognb.com.py/v2/beneficios/categorias/52
b8a7884722ed4baf,GNB,Vehículos,Tonina,Tonina,Hasta 12 cuotas sin intereses,cuotas_sin_intereses,,lunes; martes; miércoles; jueves; viernes; sábado; domingo,,,Todos los días,Desde 2026-07-01 hasta 2026-12-30,No aplica para pagos con QR ni delivery. Tope de compra mensual: Gs. 1.000.000; tope de reintegro: Gs. 100.000.,,,https://www.beneficiosbancognb.com.py/v2/beneficios/categorias/52
912d5d3c27cf5d5c,GNB,Viajes,GNB Travel+,Agencias de viajes del país mediante Travel Pay,Descuento de hasta Gs. 2.000.000 en paquetes de viajes; monto según oferta,descuento,,lunes; martes; miércoles; jueves; viernes; sábado; domingo,,,Todos los días,Desde 2026-09-01 hasta 2026-12-31,,,,https://www.beneficiosbancognb.com.py/v2/beneficios/categorias/543
d544e6fbafa3a443,GNB,Viajes,GNB Travel+,Agencias de viajes del país mediante Travel Pay,Hasta 18 cuotas sin intereses,cuotas_sin_intereses,,lunes; martes; miércoles; jueves; viernes; sábado; domingo,,,Todos los días,Desde 2026-09-01 hasta 2026-12-31,,,,https://www.beneficiosbancognb.com.py/v2/beneficios/categorias/543
15426261bc3d5001,GNB,Viajes,Safebag,Safebag,50% reintegro en 1 embalaje al mes,reintegro,50%,lunes; martes; miércoles; jueves; viernes; sábado; domingo,,,Todos los días,Del 28 de enero al 31 de diciembre del 2026.,,,,https://www.beneficiosbancognb.com.py/v2/beneficios/categorias/266
ef80f9584cf4009d,GNB,Viajes,Safebag,Safebag,50% reintegro en 2 embalajes al mes,reintegro,50%,lunes; martes; miércoles; jueves; viernes; sábado; domingo,,,Todos los días,Del 28 de enero al 31 de diciembre del 2026.,,,,https://www.beneficiosbancognb.com.py/v2/beneficios/categorias/266
e0fe118330670a3b,GNB,Viajes,Safebag,Safebag,2 embalajes sin costo al mes,beneficio,,lunes; martes; miércoles; jueves; viernes; sábado; domingo,,,Todos los días,Del 28 de enero al 31 de diciembre del 2026.,,,,https://www.beneficiosbancognb.com.py/v2/beneficios/categorias/266
ff90f5c159ceaa37,GNB,Viajes,Viajes,Viajes,Hasta 18 cuotas sin intereses,cuotas_sin_intereses,,lunes; martes; miércoles; jueves; viernes; sábado; domingo,,,Todos los días,Del 05 de enero al 31 de diciembre del 2026.,,,,https://www.beneficiosbancognb.com.py/v2/beneficios/categorias/14
e4ba676a2311dd5b,Itaú,Alemania Cell,Alemania Cell,,18 Cuotas sin intereses; Tenes hasta 18 cuotas sin intereses.,cuotas_sin_intereses,,,,,No especificado,2026-09-09 hasta 2026-09-30,,,,https://www.itau.com.py/beneficios2/Detalle?b=15845&c=30922
abe7a86b787fa0f7,Itaú,Belleza y Salud,Asismed,,12 Cuotas sin intereses; Hasta 12 cuotas sin intereses.,cuotas_sin_intereses,,,,,No especificado,2025-04-04 hasta 2026-12-31,,,,https://www.itau.com.py/beneficios2/Detalle?b=16171&c=31573
6f658fe302d61808,Itaú,Belleza y Salud,BELA NAILS,,20% 6 Cuotas sin intereses; Tenes 20% de ahorro y hasta 6 cuotas sin intereses.,descuento,20%,,,,No especificado,2026-08-12 hasta 2026-09-30,,,,https://www.itau.com.py/beneficios2/Detalle?b=17036&c=32043
4c69b3b5410c9c8e,Itaú,Belleza y Salud,Fuschia,,10 Cuotas sin intereses 40% Hasta; Tenes 30% de ahorro + 10% pagando con GPAY y APPLE PAY y hasta 10 cuotas sin intereses,descuento,40%; 30%; 10%,,,,No especificado,2025-09-27 hasta 2026-10-29,,,,https://www.itau.com.py/beneficios2/Detalle?b=16657&c=10
139f6f292f3647cc,Itaú,Belleza y Salud,Fuschia,,25% Hasta 6 Cuotas sin intereses; Tenes 20% de ahorro + 5% adicional pagando con VISA via GPAY y APPLE PAY y hasta 6 cuotas sin intereses,descuento,25%; 20%; 5%,sábado,,,Aplica los sábados,2025-09-27 hasta 2026-10-31,,,,https://www.itau.com.py/beneficios2/Detalle?b=16662&c=10
e57c22efee8d8fc9,Itaú,Belleza y Salud,MASTER 1000,,tarjeta de crédito; Tenes 10% de ahorro y hasta 6 cuotas sin intereses.,descuento,10%,,,,No especificado,2026-09-15 hasta 2026-09-30,,,,https://www.itau.com.py/beneficios2/Detalle?b=17052&c=32059
ff0e72a1f92e420a,Itaú,Belleza y Salud,MYLAN,,6 Cuotas sin intereses; Tenes hasta 6 cuotas sin intereses.,cuotas_sin_intereses,,,,,No especificado,2026-08-20 hasta 2026-10-31,,,,https://www.itau.com.py/beneficios2/Detalle?b=17040&c=32050
0384580047dfe962,Itaú,Belleza y Salud,ODONTOS,,12 Cuotas sin intereses; Tenes 12 cuotas sin intereses,cuotas_sin_intereses,,,,,No especificado,2026-03-27 hasta 2026-12-31,,,,https://www.itau.com.py/beneficios2/Detalle?b=16967&c=31962
f0b8d88ff2a85ff1,Itaú,Belleza y Salud,Punto Farma,,6 Cuotas sin intereses 35% Pago con QR; Hasta 35% QR de ahorro y hasta 6 cuotas sin intereses.,descuento,35%,martes,,,Todos los Martes; todos los martes,2024-12-30 hasta 2026-12-31,,,,https://www.itau.com.py/beneficios2/Detalle?b=13417&c=20004
0323c816c23ff5a0,Itaú,Belleza y Salud,Punto Farma,,20% Pago con QR; 20% de ahorro + 5% VISA y hasta 6 cuotas sin intereses.,descuento,20%; 5%,viernes; sábado; domingo,,,viernes a domingo,2026-01-03 hasta 2026-12-31,,,,https://www.itau.com.py/beneficios2/Detalle?b=16008&c=20004
8a29c04ec9bb672a,Itaú,Belleza y Salud,Sanatorios y Clinicas,,12 Cuotas sin intereses; Hasta 12 cuotas sin intereses.,cuotas_sin_intereses,,,,,No especificado,2021-03-15 hasta 2026-12-31,,,,https://www.itau.com.py/beneficios2/Detalle?b=12300&c=30522
0bfb944bafb08908,Itaú,Entretenimiento,Cines Itaú,,2x1; 2 x 1,beneficio,,,,,No especificado,2021-07-23 hasta 2026-12-31,,,,https://www.itau.com.py/beneficios2/Detalle?b=12633&c=1084
dc80676040775714,Itaú,Gastronomía,Festa,,20%; Tenes 20% de ahorro.,descuento,20%,,,,No especificado,2026-01-01 hasta 2026-09-30,,,,https://www.itau.com.py/beneficios2/Detalle?b=16931&c=31457
3a044827f917318a,Itaú,Gastronomía,LA QUESERIA,,20% Hasta; Tenes 15% de reintegro con todas las tarjetas de crédito. En el local del Shopping Mariscal tenes 20% de reintegro con todas las Tarjetas.,reintegro,20%; 15%,lunes; martes; miércoles,,,lunes a miércoles,2026-09-15 hasta 2026-10-31,,,,https://www.itau.com.py/beneficios2/Detalle?b=17051&c=32058
b31c50d430032da8,Itaú,Gastronomía,Pizza Hut,,6 Cuotas sin intereses; Tenes 6 cuotas sin intereses para los cumpleaños.,cuotas_sin_intereses,,,,,No especificado,2025-09-19 hasta 2026-09-30,,,,https://www.itau.com.py/beneficios2/Detalle?b=16615&c=30028
1a131968c8880934,Itaú,H&M,H&M,,10 Cuotas sin intereses; Tenes hasta 10 cuotas sin intereses.,cuotas_sin_intereses,,,,,No especificado,2026-08-13 hasta 2026-10-31,,,,https://www.itau.com.py/beneficios2/Detalle?b=17041&c=32051
0f7220983d807834,Itaú,Hogar,CENTRO DE MATERIALES,,40% 6 Cuotas sin intereses; Tenes 40% de ahorro con Tarjeta de Crédito y hasta 6 cuotas sin intereses.,descuento,40%,,,,No especificado,2026-04-27 hasta 2026-09-30,,,,https://www.itau.com.py/beneficios2/Detalle?b=16980&c=31948
24b9a23c20822f37,Itaú,Hogar,Casa Pro,,30% Hasta 6 Cuotas sin intereses; Tenes hasta 30% de descuento en caja + hasta 6 cuotas sin intereses,descuento,30%,,,,No especificado,2025-06-19 hasta 2026-12-31,,,,https://www.itau.com.py/beneficios2/Detalle?b=16374&c=31020
31ed9c70b18d5951,Itaú,Hogar,EXPRESIONES GALERIA DE ARTE,,10 Cuotas sin intereses; Tenes hasta 10 cuotas sin intereses.,cuotas_sin_intereses,,,,,No especificado,2026-09-01 hasta 2026-10-31,,,,https://www.itau.com.py/beneficios2/Detalle?b=17039&c=1517
63ab7798b614f938,Itaú,Hogar,Essen,,10 Cuotas sin intereses 30%; Tenes 30% de ahorro en combos promocionales con tarjeta de crédito Itaú y hasta 10 cuotas sin intereses.,descuento,30%,,,,No especificado,2026-01-07 hasta 2026-12-31,,,,https://www.itau.com.py/beneficios2/Detalle?b=16711&c=30594
c5d6654ec52e5212,Itaú,Hogar,Luminotecnia,,10 Cuotas sin intereses 15%; 15% de ahorro y hasta 10 cuotas sin intereses.,descuento,15%,sábado,,,Aplica los sábados,2026-01-10 hasta 2026-12-26,,,,https://www.itau.com.py/beneficios2/Detalle?b=15776&c=1112
2b2605726bc80209,Itaú,Hogar,Luminotecnia,,6 Cuotas sin intereses; hasta 6 cuotas sin intereses.,cuotas_sin_intereses,,,,,No especificado,2026-01-06 hasta 2026-12-31,,,,https://www.itau.com.py/beneficios2/Detalle?b=16377&c=1112
845acbdf1c114502,Itaú,Hogar,Maquicenter,,10 Cuotas sin intereses; hasta 10 cuotas sin intereses.,cuotas_sin_intereses,,,,,No especificado,2022-12-05 hasta 2026-12-31,,,,https://www.itau.com.py/beneficios2/Detalle?b=14039&c=30906
9a3f5446b1075025,Itaú,Hogar,Olier,,10 Cuotas sin intereses; hasta 10 cuotas sin intereses.,cuotas_sin_intereses,,,,,No especificado,2025-05-11 hasta 2026-12-31,,,,https://www.itau.com.py/beneficios2/Detalle?b=16356&c=30102
f591925ea9a762c3,Itaú,Hogar,Saccaro,,10 Cuotas sin intereses 20%; Tenes 20% de ahorro y 10 cuotas sin intereses,descuento,20%,,,,No especificado,2026-02-09 hasta 2026-09-30,,,,https://www.itau.com.py/beneficios2/Detalle?b=16947&c=30258
7af5b93316b66a07,Itaú,Hogar,Sueñolar,,18 Cuotas sin intereses; Tenes hasta 55% de ahorro y hasta 18 cuotas sin intereses.,descuento,55%,,,,No especificado,2025-06-09 hasta 2026-09-30,,,,https://www.itau.com.py/beneficios2/Detalle?b=16333&c=1113
54bda69e54c07e36,Itaú,Indumentaria,Ocre,,20% 10 Cuotas sin intereses; 20% de ahorro y hasta 10 cuotas sin intereses.,descuento,20%,,,,No especificado,2024-09-02 hasta 2026-09-30,,,,https://www.itau.com.py/beneficios2/Detalle?b=15661&c=1282
187af41091bac104,Itaú,Indumentaria,Todo Costura,,12 Cuotas sin intereses; Hasta 12 cuotas sin intereses.,cuotas_sin_intereses,,,,,No especificado,2026-01-12 hasta 2026-12-31,,,,https://www.itau.com.py/beneficios2/Detalle?b=15935&c=31552
492d4d766ce8ba4d,Itaú,Niños,AVENTURA PARK,,10% 10 Cuotas sin intereses; Tenés 10% de ahorro y hasta 10 cuotas sin intereses.,descuento,10%,,,,No especificado,2018-01-01 hasta 2026-09-30,,,,https://www.itau.com.py/beneficios2/Detalle?b=10429&c=31960
18bdb0a7bea9b920,Itaú,Niños,Estoy Jugueteria,,20% 6 Cuotas sin intereses; 20% de ahorro y hasta 6 cuotas sin intereses.,descuento,20%,viernes,,,Aplica los viernes,2025-06-06 hasta 2026-12-25,,,,https://www.itau.com.py/beneficios2/Detalle?b=16318&c=30144
a46a96bc93d3e4fd,Itaú,Sallustro Sport San Martin,Sallustro Sport,,25% 6 Cuotas sin intereses; Tenés 25% reintegro + 6 cuotas sin intereses,reintegro,25%,,,,No especificado,2023-12-22 hasta 2026-12-20,,,,https://www.itau.com.py/beneficios2/Detalle?b=14929&c=31264
8d89ae969eb7721b,Itaú,Stock & Superseis,Stock,,15% de ahorro.,descuento,15%,sábado,,,todos los sábados,2025-09-06 hasta 2026-12-31,,,,https://www.itau.com.py/beneficios2/Detalle?b=16585&c=1457
b89d12700f21e3ff,Itaú,Stock & Superseis,SuperSeis,,15% de ahorro.,descuento,15%,sábado,,,todos los sábados,2025-09-06 hasta 2026-12-31,,,,https://www.itau.com.py/beneficios2/Detalle?b=16585&c=1464
eac52f9f02c72590,Itaú,Supermercados,Areté,,15%; Tenes 15% de ahorro.,descuento,15%,domingo,,,Aplica los domingos,2026-01-04 hasta 2026-12-31,,,,https://www.itau.com.py/beneficios2/Detalle?b=16929&c=31447
7c871f73bfc8fc10,Itaú,Supermercados,CASA GRUTTER,,15% Hasta; Tenes 10% de reintegro para todas las Tarjetas de crédito y 15% para tarjetas de crédito Personal Bank VISA INFINITE y AMEX PLATINUM,reintegro,15%; 10%,,,,No especificado,2026-08-04 hasta 2026-10-06,,,,https://www.itau.com.py/beneficios2/Detalle?b=17033&c=32034
ce86dbbb0f29121c,Itaú,Supermercados,Delimarket,,20% de reintegro,reintegro,20%,sábado,,,todos los sábados,2025-09-06 hasta 2026-12-31,,,,https://www.itau.com.py/beneficios2/Detalle?b=16584&c=30064
7b6ded774bf43b25,Itaú,Supermercados,Super Real,,15% de ahorro.,descuento,15%,lunes,,,Aplica los LUNES,2025-10-06 hasta 2026-12-31,,,,https://www.itau.com.py/beneficios2/Detalle?b=15535&c=31460
40da645d3696d520,Itaú,Teatro,APRENDIENDO A QUERER-ME,,20% 10 Cuotas sin intereses; Tenes 20% de ahorro y hasta 10 cuotas sin intereses.,descuento,20%,,,,No especificado,2026-05-08 hasta 2026-11-19,,,,https://www.itau.com.py/beneficios2/Detalle?b=16991&c=32053
bad1df67f7d5c170,Itaú,Teatro,HABLANDO HUEVADAS,,20% 10 Cuotas sin intereses; Tenes 20% de ahorro y hasta 10 cuotas sin intereses.,descuento,20%,,,,No especificado,2026-05-08 hasta 2026-09-30,,,,https://www.itau.com.py/beneficios2/Detalle?b=16989&c=31981
11f6a7bbdaa49995,Itaú,Teatro,LA JENNY,,20% 10 Cuotas sin intereses; Tenes 20% de ahorro y hasta 10 cuotas sin intereses.,descuento,20%,,,,No especificado,2026-05-08 hasta 2026-11-29,,,,https://www.itau.com.py/beneficios2/Detalle?b=16990&c=31982
7185b3e16b670118,Itaú,Teatro,RESET UNIPERSONAL STAND UP,,20% 10 Cuotas sin intereses; 20% de ahorro y hasta 10 cuotas sin intereses.,descuento,20%,,,,No especificado,2026-05-08 hasta 2026-10-23,,,,https://www.itau.com.py/beneficios2/Detalle?b=16988&c=32047
e0c24fad744b97b2,Itaú,Tecnología,Claro,,12 Cuotas sin intereses; Tenes hasta 12 cuotas sin intereses.,cuotas_sin_intereses,,,,,No especificado,2025-07-07 hasta 2026-12-31,,,,https://www.itau.com.py/beneficios2/Detalle?b=16439&c=31596
ee0601537b867fdc,Itaú,Tecnología,Gonzalez Gimenez,,15 Cuotas sin intereses 10 Cuotas sin intereses; hasta 10 cuotas sin intereses.,cuotas_sin_intereses,,,,,No especificado,2025-11-10 hasta 2026-09-30,,,,https://www.itau.com.py/beneficios2/Detalle?b=16795&c=1028
80635aa5c66c9f35,Itaú,Tecnología,Personal,,12 Cuotas sin intereses; hasta 12 cuotas sin intereses.,cuotas_sin_intereses,,,,,No especificado,2024-04-05 hasta 2026-09-30,,,,https://www.itau.com.py/beneficios2/Detalle?b=15164&c=30885
c5c44909b61ba44b,Itaú,Tecnología,Tienda Móvil,,18 Cuotas sin intereses; hasta 18 cuotas sin intereses,cuotas_sin_intereses,,,,,No especificado,2025-01-24 hasta 2026-09-30,,,,https://www.itau.com.py/beneficios2/Detalle?b=16044&c=1576
5a248bdf71a643c8,Itaú,Tecnología,Tigo,,12 Cuotas sin intereses; Hasta 12 cuotas sin intereses.,cuotas_sin_intereses,,,,,No especificado,2026-01-07 hasta 2026-09-30,,,,https://www.itau.com.py/beneficios2/Detalle?b=15030&c=31226
519f5ff5ed53e649,Itaú,Varios,American Look,,6 Cuotas sin intereses 25% Hasta; 20% de ahorro mas 5% pagando con Billetera y hasta 6 cuotas sin intereses,descuento,25%; 20%; 5%,,,,No especificado,2025-05-30 hasta 2026-12-02,,,,https://www.itau.com.py/beneficios2/Detalle?b=16312&c=1251
66a74c312f04cacf,Itaú,Varios,Ares,,6 Cuotas sin intereses 25% Hasta; 20% de ahorro mas 5% pagando con Billetera y hasta 6 cuotas sin intereses,descuento,25%; 20%; 5%,,,,No especificado,2025-05-30 hasta 2026-12-02,,,,https://www.itau.com.py/beneficios2/Detalle?b=16312&c=31392
4c169eab4a65eb9e,Itaú,Varios,BELLA AURORA,,12 Cuotas sin intereses; Tenes hasta 12 cuotas sin intereses.,cuotas_sin_intereses,,,,,No especificado,2026-06-26 hasta 2026-12-31,,,,https://www.itau.com.py/beneficios2/Detalle?b=17017&c=32012
c3581ec8b4367783,Itaú,Varios,Bertoni,,6 Cuotas sin intereses 15% Hasta; Tenes 15% de ahorro mas 5% pagando con GPAY y APPLE PAY y hasta 6 cuotas sin intereses,descuento,15%; 5%,,,,No especificado,2026-03-26 hasta 2026-12-02,,,,https://www.itau.com.py/beneficios2/Detalle?b=16903&c=30201
323788c0b1e3a879,Itaú,Varios,Bertoni,,6 Cuotas sin intereses 20% Hasta; Tenes 15% de ahorro mas 5% pagando con GPAY y APPLE PAY y hasta 6 cuotas sin intereses,descuento,20%; 15%; 5%,,,,No especificado,2026-03-26 hasta 2026-12-02,,,,https://www.itau.com.py/beneficios2/Detalle?b=16965&c=30201
fdc3aca4a3793c48,Itaú,Varios,Casa Corbellani,,20% 10 Cuotas sin intereses; 20% de ahorro y hasta 10 cuotas sin intereses.,descuento,20%,,,,No especificado,2025-05-10 hasta 2026-12-31,,,,https://www.itau.com.py/beneficios2/Detalle?b=16292&c=31593
593f2cb79c71f451,Itaú,Varios,Cat,,6 Cuotas sin intereses 25% Hasta; 20% de ahorro mas 5% pagando con Billetera y hasta 6 cuotas sin intereses,descuento,25%; 20%; 5%,,,,No especificado,2025-05-30 hasta 2026-12-02,,,,https://www.itau.com.py/beneficios2/Detalle?b=16312&c=1371
109f9c2fe433141e,Itaú,Varios,Colegios y Universidades de Py,,10 Cuotas sin intereses; Hasta 10 cuotas sin intereses.,cuotas_sin_intereses,,,,,No especificado,2022-01-25 hasta 2026-12-31,,,,https://www.itau.com.py/beneficios2/Detalle?b=13189&c=30400
ed3b3d43dd602020,Itaú,Varios,Crocs,,6 Cuotas sin intereses 25% Hasta; 20% de ahorro mas 5% pagando con Billetera y hasta 6 cuotas sin intereses,descuento,25%; 20%; 5%,,,,No especificado,2025-05-30 hasta 2026-12-02,,,,https://www.itau.com.py/beneficios2/Detalle?b=16312&c=1432
a2af5aaee0e08908,Itaú,Varios,Denoir,,6 Cuotas sin intereses 25% Hasta; 20% de ahorro mas 5% pagando con Billetera y hasta 6 cuotas sin intereses,descuento,25%; 20%; 5%,,,,No especificado,2025-05-30 hasta 2026-12-02,,,,https://www.itau.com.py/beneficios2/Detalle?b=16312&c=1444
36aba6bc35670f21,Itaú,Varios,EXA GOETHE,,6 Cuotas sin intereses; Tenes 6 cuotas sin intereses.,cuotas_sin_intereses,,,,,No especificado,2026-03-05 hasta 2026-12-31,,,,https://www.itau.com.py/beneficios2/Detalle?b=16953&c=31951
7ab8e190bfa7c5f9,Itaú,Varios,Fapasisa,,10 Cuotas sin intereses 20% Hasta; hasta 20% de ahorro y hasta 10 cuotas sin intereses.,descuento,20%,,,,No especificado,2026-07-08 hasta 2026-09-30,,,,https://www.itau.com.py/beneficios2/Detalle?b=16756&c=30412
d2aca0ad7f174134,Itaú,Varios,Hering,,6 Cuotas sin intereses 20% Hasta; Tenes 15% de ahorro mas 5% pagando con GPAY y APPLE PAY y hasta 6 cuotas sin intereses,descuento,20%; 15%; 5%,,,,No especificado,2026-03-26 hasta 2026-12-02,,,,https://www.itau.com.py/beneficios2/Detalle?b=16965&c=1600
98d303c2e15bdaa6,Itaú,Varios,Indio Termos,,6 Cuotas sin intereses 25% Hasta; 20% de ahorro mas 5% pagando con Billetera y hasta 6 cuotas sin intereses,descuento,25%; 20%; 5%,,,,No especificado,2025-05-30 hasta 2026-12-02,,,,https://www.itau.com.py/beneficios2/Detalle?b=16312&c=31092
59ff84e78e68505e,Itaú,Varios,JOSEPH COIFFURE,,6 Cuotas sin intereses 25% Hasta; 20% de ahorro mas 5% pagando con Billetera y hasta 6 cuotas sin intereses,descuento,25%; 20%; 5%,,,,No especificado,2025-05-30 hasta 2026-12-02,,,,https://www.itau.com.py/beneficios2/Detalle?b=16312&c=1629
1703b94ad35f2de9,Itaú,Varios,Lomas Padel,,20%; Tenes 20% de ahorro con APPLE PAY o GOOGLE PAY (billeteras).,descuento,20%,,,,No especificado,2024-04-15 hasta 2026-12-27,,,,https://www.itau.com.py/beneficios2/Detalle?b=15182&c=30608
518f53877868169c,Itaú,Varios,Municipalidad de Asunción,,12 Cuotas sin intereses; Hasta 12 cuotas sin intereses.,cuotas_sin_intereses,,,,,No especificado,2022-01-12 hasta 2026-12-31,,,,https://www.itau.com.py/beneficios2/Detalle?b=13146&c=30317
8e2e07b9bdd9dc5e,Itaú,Varios,Municipalidad de Caaguazu,,12 Cuotas sin intereses; Hasta 12 cuotas sin intereses.,cuotas_sin_intereses,,,,,No especificado,2022-01-12 hasta 2026-12-31,,,,https://www.itau.com.py/beneficios2/Detalle?b=13146&c=30874
3bcc60db2f4e120a,Itaú,Varios,Municipalidad de Encarnacion,,12 Cuotas sin intereses; Hasta 12 cuotas sin intereses.,cuotas_sin_intereses,,,,,No especificado,2022-01-12 hasta 2026-12-31,,,,https://www.itau.com.py/beneficios2/Detalle?b=13146&c=30876
a0489f880420d27d,Itaú,Varios,Municipalidad de Hernandarias,,12 Cuotas sin intereses; Hasta 12 cuotas sin intereses.,cuotas_sin_intereses,,,,,No especificado,2022-01-12 hasta 2026-12-31,,,,https://www.itau.com.py/beneficios2/Detalle?b=13146&c=30875
91d7b3437e9e974b,Itaú,Varios,Municipalidad de Lambare,,12 Cuotas sin intereses; Hasta 12 cuotas sin intereses.,cuotas_sin_intereses,,,,,No especificado,2022-01-12 hasta 2026-12-31,,,,https://www.itau.com.py/beneficios2/Detalle?b=13146&c=30319
cb8b18e8df36cca2,Itaú,Varios,Municipalidad de Luque,,12 Cuotas sin intereses; Hasta 12 cuotas sin intereses.,cuotas_sin_intereses,,,,,No especificado,2022-01-12 hasta 2026-12-31,,,,https://www.itau.com.py/beneficios2/Detalle?b=13146&c=30318
39f2f98b1cbe0521,Itaú,Varios,Municipalidad de Misiones,,12 Cuotas sin intereses; Hasta 12 cuotas sin intereses.,cuotas_sin_intereses,,,,,No especificado,2022-01-12 hasta 2026-12-31,,,,https://www.itau.com.py/beneficios2/Detalle?b=13146&c=30877
14f3e6fb6496ef52,Itaú,Varios,Municipalidad de San Bernardino,,12 Cuotas sin intereses; Hasta 12 cuotas sin intereses.,cuotas_sin_intereses,,,,,No especificado,2022-01-12 hasta 2026-12-31,,,,https://www.itau.com.py/beneficios2/Detalle?b=13146&c=30320
1d6643d63409f133,Itaú,Varios,New Balance,,6 Cuotas sin intereses 25% Hasta; 20% de ahorro mas 5% pagando con Billetera y hasta 6 cuotas sin intereses,descuento,25%; 20%; 5%,,,,No especificado,2025-05-30 hasta 2026-12-02,,,,https://www.itau.com.py/beneficios2/Detalle?b=16312&c=1272
b323081e9268f5f5,Itaú,Varios,Nice,,6 Cuotas sin intereses 25% Hasta; 20% de ahorro mas 5% pagando con Billetera y hasta 6 cuotas sin intereses,descuento,25%; 20%; 5%,,,,No especificado,2025-05-30 hasta 2026-12-02,,,,https://www.itau.com.py/beneficios2/Detalle?b=16312&c=30240
7d9bba361c7508c1,Itaú,Varios,Pampero,,6 Cuotas sin intereses 25% Hasta; 20% de ahorro mas 5% pagando con Billetera y hasta 6 cuotas sin intereses,descuento,25%; 20%; 5%,,,,No especificado,2025-05-30 hasta 2026-12-02,,,,https://www.itau.com.py/beneficios2/Detalle?b=16312&c=31093
9d56881fb3685f14,Itaú,Varios,Patrol,,6 Cuotas sin intereses 25% Hasta; 20% de ahorro mas 5% pagando con Billetera y hasta 6 cuotas sin intereses,descuento,25%; 20%; 5%,,,,No especificado,2025-05-30 hasta 2026-12-02,,,,https://www.itau.com.py/beneficios2/Detalle?b=16312&c=30094
d09f3027e8c28c60,Itaú,Varios,Primer Martes,,"25% Hasta 10 Cuotas sin intereses; hasta 25% de ahorro y hasta 10 cuotas sin intereses + 10% con código QR, Apple Pay, Google Pay.",descuento,25%; 10%,,,,No especificado,2026-01-06 hasta 2026-12-01,,,,https://www.itau.com.py/beneficios2/Detalle?b=13431&c=31173
25fd890fd0e39859,Itaú,Varios,Rondina,,6 Cuotas sin intereses 25% Hasta; 20% de ahorro mas 5% pagando con Billetera y hasta 6 cuotas sin intereses,descuento,25%; 20%; 5%,,,,No especificado,2025-05-30 hasta 2026-12-02,,,,https://www.itau.com.py/beneficios2/Detalle?b=16312&c=1396
b8ea70e53bed907f,Itaú,Varios,Sallustro,,6 Cuotas sin intereses 25% Hasta; 20% de ahorro mas 5% pagando con Billetera y hasta 6 cuotas sin intereses,descuento,25%; 20%; 5%,,,,No especificado,2025-05-30 hasta 2026-12-02,,,,https://www.itau.com.py/beneficios2/Detalle?b=16312&c=30036
02aff17aa83896d2,Itaú,Varios,Sport House,,6 Cuotas sin intereses 25% Hasta; 20% de ahorro mas 5% pagando con Billetera y hasta 6 cuotas sin intereses,descuento,25%; 20%; 5%,,,,No especificado,2025-05-30 hasta 2026-12-02,,,,https://www.itau.com.py/beneficios2/Detalle?b=16312&c=1456
d68b31fae45052e1,Itaú,Varios,TL Sports & Outdoors,,6 Cuotas sin intereses 25% Hasta; 20% de ahorro mas 5% pagando con Billetera y hasta 6 cuotas sin intereses,descuento,25%; 20%; 5%,,,,No especificado,2025-05-30 hasta 2026-12-02,,,,https://www.itau.com.py/beneficios2/Detalle?b=16312&c=1493
9240c7d4b41684d1,Itaú,Varios,Timberland,,6 Cuotas sin intereses 25% Hasta; 20% de ahorro mas 5% pagando con Billetera y hasta 6 cuotas sin intereses,descuento,25%; 20%; 5%,,,,No especificado,2025-05-30 hasta 2026-12-02,,,,https://www.itau.com.py/beneficios2/Detalle?b=16312&c=30097
e40a8e0a968ff8e0,Itaú,Varios,Touring y Automóvil Club Paraguayo,,10 Cuotas sin intereses; Tenes hasta 10 cuotas sin intereses.,cuotas_sin_intereses,,,,,No especificado,2026-06-26 hasta 2026-12-31,,,,https://www.itau.com.py/beneficios2/Detalle?b=17016&c=32011
cff3459eab37905a,Itaú,Varios,VGS,,6 Cuotas sin intereses 25% Hasta; 20% de ahorro mas 5% pagando con Billetera y hasta 6 cuotas sin intereses,descuento,25%; 20%; 5%,,,,No especificado,2025-05-30 hasta 2026-12-02,,,,https://www.itau.com.py/beneficios2/Detalle?b=16312&c=1538
b8be0bfa667e7dfe,Itaú,Varios,Vernier,,6 Cuotas sin intereses 25% Hasta; 20% de ahorro mas 5% pagando con Billetera y hasta 6 cuotas sin intereses,descuento,25%; 20%; 5%,,,,No especificado,2025-05-30 hasta 2026-12-02,,,,https://www.itau.com.py/beneficios2/Detalle?b=16312&c=30116
0288cdbc31c29514,Itaú,Viaje y Turismo,Ace Tours,,12 Cuotas sin intereses; hasta 12 cuotas sin intereses,cuotas_sin_intereses,,,,,No especificado,2025-02-01 hasta 2026-09-30,,,,https://www.itau.com.py/beneficios2/Detalle?b=16056&c=1211
cc4e755577efeda8,Itaú,Viaje y Turismo,Aeromar,,12 Cuotas sin intereses; hasta 12 cuotas sin intereses,cuotas_sin_intereses,,,,,No especificado,2025-02-01 hasta 2026-09-30,,,,https://www.itau.com.py/beneficios2/Detalle?b=16056&c=1216
a649f81c6b101c68,Itaú,Viaje y Turismo,Agencias de Viajes,,12 Cuotas sin intereses; hasta 12 cuotas sin intereses,cuotas_sin_intereses,,,,,No especificado,2025-02-01 hasta 2026-09-30,,,,https://www.itau.com.py/beneficios2/Detalle?b=16056&c=31564
41eecb0478c077f3,Itaú,Viaje y Turismo,Agyr,,12 Cuotas sin intereses; hasta 12 cuotas sin intereses,cuotas_sin_intereses,,,,,No especificado,2025-02-01 hasta 2026-09-30,,,,https://www.itau.com.py/beneficios2/Detalle?b=16056&c=1010
fcb3e3d7b97b313a,Itaú,Viaje y Turismo,Almacen De Viajes,,12 Cuotas sin intereses; hasta 12 cuotas sin intereses,cuotas_sin_intereses,,,,,No especificado,2025-02-01 hasta 2026-09-30,,,,https://www.itau.com.py/beneficios2/Detalle?b=16056&c=1223
43d1b329e94a78bf,Itaú,Viaje y Turismo,Alto Vuelo,,12 Cuotas sin intereses; hasta 12 cuotas sin intereses,cuotas_sin_intereses,,,,,No especificado,2025-02-01 hasta 2026-09-30,,,,https://www.itau.com.py/beneficios2/Detalle?b=16056&c=30469
9ee4965f0607e3f4,Itaú,Viaje y Turismo,Ami Tour,,12 Cuotas sin intereses; hasta 12 cuotas sin intereses,cuotas_sin_intereses,,,,,No especificado,2025-02-01 hasta 2026-09-30,,,,https://www.itau.com.py/beneficios2/Detalle?b=16056&c=30051
37a645339c1121a1,Itaú,Viaje y Turismo,Aries Travel,,12 Cuotas sin intereses; hasta 12 cuotas sin intereses,cuotas_sin_intereses,,,,,No especificado,2025-02-01 hasta 2026-09-30,,,,https://www.itau.com.py/beneficios2/Detalle?b=16056&c=1267
08b534777c6f71af,Itaú,Viaje y Turismo,Assist Card,,10 Cuotas sin intereses 35% Hasta; Tenes hasta 35% de ahorro y hasta 10 cuotas sin intereses,descuento,35%,,,,No especificado,2025-02-18 hasta 2026-09-30,,,,https://www.itau.com.py/beneficios2/Detalle?b=16087&c=31164
2e71f8008348bdbe,Itaú,Viaje y Turismo,Assist Card,,50% Hasta 10 Cuotas sin intereses; Hasta 50% de ahorro y hasta 10 cuotas sin intereses.,descuento,50%,,,,No especificado,2025-06-08 hasta 2026-09-30,,,,https://www.itau.com.py/beneficios2/Detalle?b=16370&c=31164
b33904d308485e32,Itaú,Viaje y Turismo,Aventura Viajes,,12 Cuotas sin intereses; hasta 12 cuotas sin intereses,cuotas_sin_intereses,,,,,No especificado,2025-02-01 hasta 2026-09-30,,,,https://www.itau.com.py/beneficios2/Detalle?b=16056&c=1326
7e471bef60acf055,Itaú,Viaje y Turismo,Bespoke,,12 Cuotas sin intereses; hasta 12 cuotas sin intereses,cuotas_sin_intereses,,,,,No especificado,2025-02-01 hasta 2026-09-30,,,,https://www.itau.com.py/beneficios2/Detalle?b=16056&c=30416
cf5400097b84f956,Itaú,Viaje y Turismo,Boarding Pass,,12 Cuotas sin intereses; hasta 12 cuotas sin intereses,cuotas_sin_intereses,,,,,No especificado,2025-02-01 hasta 2026-09-30,,,,https://www.itau.com.py/beneficios2/Detalle?b=16056&c=1344
8b9cb059649c63b9,Itaú,Viaje y Turismo,CMP Travel,,12 Cuotas sin intereses; hasta 12 cuotas sin intereses,cuotas_sin_intereses,,,,,No especificado,2025-02-01 hasta 2026-09-30,,,,https://www.itau.com.py/beneficios2/Detalle?b=16056&c=32037
1283ec699c78f621,Itaú,Viaje y Turismo,Consorcio,,12 Cuotas sin intereses; hasta 12 cuotas sin intereses,cuotas_sin_intereses,,,,,No especificado,2025-02-01 hasta 2026-09-30,,,,https://www.itau.com.py/beneficios2/Detalle?b=16056&c=30043
b867c4b1f34d9cfb,Itaú,Viaje y Turismo,Coral Turismo,,12 Cuotas sin intereses; hasta 12 cuotas sin intereses,cuotas_sin_intereses,,,,,No especificado,2025-02-01 hasta 2026-09-30,,,,https://www.itau.com.py/beneficios2/Detalle?b=16056&c=1429
6def8ca750bc9c84,Itaú,Viaje y Turismo,Frontur,,12 Cuotas sin intereses; hasta 12 cuotas sin intereses,cuotas_sin_intereses,,,,,No especificado,2025-02-01 hasta 2026-09-30,,,,https://www.itau.com.py/beneficios2/Detalle?b=16056&c=30046
28c7e5494b3929b5,Itaú,Viaje y Turismo,Go Travel,,12 Cuotas sin intereses; hasta 12 cuotas sin intereses,cuotas_sin_intereses,,,,,No especificado,2025-02-01 hasta 2026-09-30,,,,https://www.itau.com.py/beneficios2/Detalle?b=16056&c=30050
ccb4f4a70a7a220b,Itaú,Viaje y Turismo,Interviajes,,12 Cuotas sin intereses; hasta 12 cuotas sin intereses,cuotas_sin_intereses,,,,,No especificado,2025-02-01 hasta 2026-09-30,,,,https://www.itau.com.py/beneficios2/Detalle?b=16056&c=1619
bbaa11d3f81cd689,Itaú,Viaje y Turismo,Latam,,10 Cuotas sin intereses; hasta 10 cuotas sin intereses,cuotas_sin_intereses,,,,,No especificado,2026-02-11 hasta 2026-12-31,,,,https://www.itau.com.py/beneficios2/Detalle?b=15177&c=1093
64eadf8c3a31c547,Itaú,Viaje y Turismo,Maral Turismo,,12 Cuotas sin intereses; hasta 12 cuotas sin intereses,cuotas_sin_intereses,,,,,No especificado,2025-02-01 hasta 2026-09-30,,,,https://www.itau.com.py/beneficios2/Detalle?b=16056&c=1190
584cf3a6f553e24c,Itaú,Viaje y Turismo,Me Vuelo,,12 Cuotas sin intereses; hasta 12 cuotas sin intereses,cuotas_sin_intereses,,,,,No especificado,2025-02-01 hasta 2026-09-30,,,,https://www.itau.com.py/beneficios2/Detalle?b=16056&c=30840
c77832b2594f8eb2,Itaú,Viaje y Turismo,Origen,,12 Cuotas sin intereses; hasta 12 cuotas sin intereses,cuotas_sin_intereses,,,,,No especificado,2025-02-01 hasta 2026-09-30,,,,https://www.itau.com.py/beneficios2/Detalle?b=16056&c=1294
76d7f50eb6aa3369,Itaú,Viaje y Turismo,Palma Travel,,12 Cuotas sin intereses; hasta 12 cuotas sin intereses,cuotas_sin_intereses,,,,,No especificado,2025-02-01 hasta 2026-09-30,,,,https://www.itau.com.py/beneficios2/Detalle?b=16056&c=1304
edc278f4295711f7,Itaú,Viaje y Turismo,Panorama Viajes,,12 Cuotas sin intereses; hasta 12 cuotas sin intereses,cuotas_sin_intereses,,,,,No especificado,2025-02-01 hasta 2026-09-30,,,,https://www.itau.com.py/beneficios2/Detalle?b=16056&c=30049
7221cbc730849e96,Itaú,Viaje y Turismo,Royal viajes,,12 Cuotas sin intereses; hasta 12 cuotas sin intereses,cuotas_sin_intereses,,,,,No especificado,2025-02-01 hasta 2026-09-30,,,,https://www.itau.com.py/beneficios2/Detalle?b=16056&c=30743
7989b5b800c17d10,Itaú,Viaje y Turismo,Sensitur Viajes,,12 Cuotas sin intereses; hasta 12 cuotas sin intereses,cuotas_sin_intereses,,,,,No especificado,2025-02-01 hasta 2026-09-30,,,,https://www.itau.com.py/beneficios2/Detalle?b=16056&c=32036
be4310d4bb743c9d,Itaú,Viaje y Turismo,Servitravel,,12 Cuotas sin intereses; hasta 12 cuotas sin intereses,cuotas_sin_intereses,,,,,No especificado,2025-02-01 hasta 2026-09-30,,,,https://www.itau.com.py/beneficios2/Detalle?b=16056&c=1417
ba17e57f145645a0,Itaú,Viaje y Turismo,Sevens Travel,,12 Cuotas sin intereses; hasta 12 cuotas sin intereses,cuotas_sin_intereses,,,,,No especificado,2025-02-01 hasta 2026-09-30,,,,https://www.itau.com.py/beneficios2/Detalle?b=16056&c=30639
8305ae77c530d629,Itaú,Viaje y Turismo,Smart Travel,,12 Cuotas sin intereses; hasta 12 cuotas sin intereses,cuotas_sin_intereses,,,,,No especificado,2025-02-01 hasta 2026-09-30,,,,https://www.itau.com.py/beneficios2/Detalle?b=16056&c=30047
6407bb8f9bcc712d,Itaú,Viaje y Turismo,Terranova,,12 Cuotas sin intereses; hasta 12 cuotas sin intereses,cuotas_sin_intereses,,,,,No especificado,2025-02-01 hasta 2026-09-30,,,,https://www.itau.com.py/beneficios2/Detalle?b=16056&c=1486
390bc1b882a79c99,Itaú,Viaje y Turismo,Universo Turismo,,12 Cuotas sin intereses; hasta 12 cuotas sin intereses,cuotas_sin_intereses,,,,,No especificado,2025-02-01 hasta 2026-09-30,,,,https://www.itau.com.py/beneficios2/Detalle?b=16056&c=30920
227afc24a9ffd6c7,Itaú,Viaje y Turismo,Viamar Viajes,,12 Cuotas sin intereses; hasta 12 cuotas sin intereses,cuotas_sin_intereses,,,,,No especificado,2025-02-01 hasta 2026-09-30,,,,https://www.itau.com.py/beneficios2/Detalle?b=16056&c=30048
5e8d8131d31b3d45,Itaú,Viaje y Turismo,Volemos.com,,12 Cuotas sin intereses; hasta 12 cuotas sin intereses,cuotas_sin_intereses,,,,,No especificado,2025-02-01 hasta 2026-09-30,,,,https://www.itau.com.py/beneficios2/Detalle?b=16056&c=30833
bb7122098e80ce9b,Itaú,Viaje y Turismo,Zona De Embarque,,12 Cuotas sin intereses; hasta 12 cuotas sin intereses,cuotas_sin_intereses,,,,,No especificado,2025-02-01 hasta 2026-09-30,,,,https://www.itau.com.py/beneficios2/Detalle?b=16056&c=1564
e8f5dc3bfc71b228,Itaú,Últimos días,Impacto Home,,25% Hasta 10 Cuotas sin intereses; Tenes 20% de ahorro + 5% PERSONAL BANK y hasta 10 cuotas sin intereses,descuento,25%; 20%; 5%,,,,No especificado,2025-06-13 hasta 2026-09-26,,,,https://www.itau.com.py/beneficios2/Detalle?b=16335&c=31110
37b25d76455bb4e7,Itaú,Últimos días,Itau Shopping Days,,6 Cuotas sin intereses; Tenes 6 cuotas sin interéses,cuotas_sin_intereses,,,,,No especificado,2026-01-30 hasta 2026-09-28,,,,https://www.itau.com.py/beneficios2/Detalle?b=16946&c=31938
b7b605630d13b4b8,Itaú,Últimos días,Juan Valdez,,25% Hasta; Tenes 25% de reintegro + 5% adicional con AMEX PLATINUM y VISA INFINITE,reintegro,25%; 5%,lunes,,,Todos los lunes,2025-12-10 hasta 2026-09-28,,,,https://www.itau.com.py/beneficios2/Detalle?b=16876&c=30008
b833dc928f3a958b,Itaú,Últimos días,Maria Castaña,,3 Cuotas sin intereses 25% Hasta; Tenes 20% de ahorro más 5% pagando con tus AMEX PLATINUM Y VISA INFINITE y hasta 3 cuotas sin intereses.,descuento,25%; 20%; 5%,,,,No especificado,2026-02-01 hasta 2026-09-29,,,,https://www.itau.com.py/beneficios2/Detalle?b=16454&c=1088
c940ffd6a0dc09be,Itaú,Últimos días,Mi portal Coca Cola,,25% de ahorro.,descuento,25%,domingo,,,Aplica los domingos,2025-10-19 hasta 2026-09-27,,,,https://www.itau.com.py/beneficios2/Detalle?b=16428&c=31719
ef47b049bf1bacc8,Itaú,Últimos días,Nueva Americana,,10 Cuotas sin intereses 25% Hasta; Tenes 20% de ahorro + 5% con AMEX PLATINUM y VISA INFINITE y hasta 10 cuotas sin intereses.,descuento,25%; 20%; 5%,,,,No especificado,2025-09-25 hasta 2026-09-26,,,,https://www.itau.com.py/beneficios2/Detalle?b=16660&c=1044
442957bfa0957a8b,Itaú,Últimos días,PIK,,20% 6 Cuotas sin intereses; 20% de reintegro y hasta 6 cuotas sin intereses,reintegro,20%,,,,No especificado,2026-07-21 hasta 2026-09-26,,,,https://www.itau.com.py/beneficios2/Detalle?b=16184&c=31574
cd4ecc5c251b8be3,Itaú,Últimos días,Shell,,20% de reintegro con tu tarjeta de Crédito clásica,reintegro,20%,lunes,,,todos los lunes,2026-01-05 hasta 2026-09-28,,,,https://www.itau.com.py/beneficios2/Detalle?b=16914&c=31291
2143259d1a5a0456,Sudameris,Combustible,COPETROL Y COPEMARKET 2026,,20%,reintegro,20%,,15,,15 de cada mes; Todos los días,• 15 de cada mes. • Desde el 01 de julio hasta el 30 de septiembre 2026.,,,,https://www.sudameris.com.py/beneficios/destacado/609/detalle
7ed0289b2dbc933f,Sudameris,Combustible,ENEX Y APP MI ENEX,,10%; 20%,reintegro,10%; 20%,lunes,,1:lunes,primer lunes; Solo el primer lunes,• Desde el 01 de julio hasta el 30 de septiembre 2026. • Solo el primer lunes de cada mes. • 6 de julio. • 3 de agosto. • 7 de septiembre.,,,,https://www.sudameris.com.py/beneficios/destacado/307/detalle
c2b46ea72556c68c,Sudameris,Combustible,Estaciones de Servicio CCU,,ECOP - Estaciones de Servicio CCU VIGENCIA • Desde el 01 de julio hasta el 31 de diciembre 2026. • Solo el primer jueves de cada mes. • 02 de julio. • 06 de agosto. • 03 de septiem,beneficio,,jueves,,1:jueves,primer jueves; Solo el primer jueves,• Desde el 01 de julio hasta el 31 de diciembre 2026. • Solo el primer jueves de cada mes. • 02 de julio. • 06 de agosto. • 03 de septiembre. • 01 de octubre. • 05 de noviembre. • 03 de diciembre. PETROBRAS - Estaciones de Servicio CCU,,,,https://www.sudameris.com.py/beneficios/destacado/679/detalle
9898767b60dd8ac2,Sudameris,Cuotas y tarjetas,6 CUOTAS SIN INTERÉS - COMPRAS EN EL EXTERIOR,,6 cuotas sin interés,cuotas_sin_intereses,,lunes; martes; miércoles; jueves; viernes; sábado; domingo,,,Todos los días,• Todos los días hasta el 31 de diciembre del 2026.,,,,https://www.sudameris.com.py/beneficios/destacado/494/detalle
4acc21c553fffa78,Sudameris,Cuotas y tarjetas,COLEGIO SAN ANDRÉS,,Hasta 15 cuotas sin interés,cuotas_sin_intereses,,,,,No especificado,• Desde el 07 de setiembre hasta el 31 de diciembre 2026.,,,,https://www.sudameris.com.py/beneficios/destacado/916/detalle
d9ad1618cba5070e,Sudameris,Cuotas y tarjetas,KUBE,,20%; 25%; Hasta 15 cuotas sin interés,cuotas_sin_intereses,20%; 25%,,,,No especificado,• Desde el 22 al 26 de septiembre 2026.,,,,https://www.sudameris.com.py/beneficios/destacado/717/detalle
7a201940b9f7a069,Sudameris,Cuotas y tarjetas,SASPY EXPRESS,,20%; Hasta 10 cuotas sin interés; 6 CUOTAS SIN INTERÉS,cuotas_sin_intereses,20%,lunes; martes; miércoles; jueves; viernes; sábado; domingo,,,Todos los días,• Desde el 06 de abril hasta el 30 de septiembre 2026.,,,,https://www.sudameris.com.py/beneficios/destacado/849/detalle
0f3c06520e621fe1,Sudameris,Cuotas y tarjetas,SUDAMERIS GO- CUOTAS,,Hasta 18 cuotas sin intereses,cuotas_sin_intereses,,,,,No especificado,• Del 12 de febrero del 2026 al 31 de diciembre del 2026.,,,,https://www.sudameris.com.py/beneficios/destacado/820/detalle
adda73b6e9b84929,Sudameris,Cuotas y tarjetas,TARJETAS EMPRESARIALES,,Hasta 6 cuotas sin interés,cuotas_sin_intereses,,lunes; martes; miércoles; jueves; viernes; sábado; domingo,,,Todos los días,• Todos los días. • Desde el 01 de enero hasta el 31 de diciembre de 2026.,,,,https://www.sudameris.com.py/beneficios/destacado/742/detalle
7fca8ed534f6adcd,Sudameris,Cuotas y tarjetas,ZONA NORTE,,en tu zona,beneficio,,,,,No especificado,• Verificar según aplicación de promoción (ver cuadro más abajo).,,,,https://www.sudameris.com.py/beneficios/destacado/650/detalle
b6f68760bbba26e1,Sudameris,Deportes y clubes,CLUB DEPORTIVO ALEMÁN (DTA),,10%; 20%; Hasta 12 cuotas sin intereses; Tope de compra mensual por cuenta de tarjeta de crédito: Gs. 500.000.; Gs. 500.000.,cuotas_sin_intereses,10%; 20%,lunes; martes; miércoles; jueves; viernes; sábado; domingo,,,todos los días,No especificado,,,,https://www.sudameris.com.py/beneficios/destacado/403/detalle
204ec611b9cd5baf,Sudameris,Deportes y clubes,CLUB PORVENIR GUAIREÑO,,10%; Hasta 12 cuotas sin interés,cuotas_sin_intereses,10%,lunes; martes; miércoles; jueves; viernes; sábado; domingo,,,Todos los días,No especificado,,,,https://www.sudameris.com.py/beneficios/destacado/451/detalle
2a12b5aaa265821a,Sudameris,Deportes y clubes,CLUB SOCIAL ÁREA 4 - CIUDAD DEL ESTE,,10%; Hasta 12 cuotas sin interés; Tope de compra mensual: Gs. 300.000; Gs. 300.000,cuotas_sin_intereses,10%,lunes; martes; miércoles; jueves; viernes; sábado; domingo,,,Todos los días,• Todos los días. • Desde el 11 de febrero hasta el 31 de diciembre 2026..,,,,https://www.sudameris.com.py/beneficios/destacado/826/detalle
07955249ec6490ff,Sudameris,Deportes y clubes,LIVE FITNESS,,10%; 15%; 20%; hasta 3 cuotas sin intereses; hasta 6 cuotas sin intereses; hasta 12 cuotas sin intereses,cuotas_sin_intereses,10%; 15%; 20%,lunes; martes; miércoles; jueves; viernes; sábado; domingo,,,Todos los días,• Todos los días. • Desde el 27 de abril hasta el 31 de diciembre 2026.,,,,https://www.sudameris.com.py/beneficios/destacado/861/detalle
87b8f157c3aefeda,Sudameris,Entretenimiento y experiencias,DISTRITO PERSEVERANCIA - BENEFICIOS PERMANENTES,,¡Disfrutá de Distrito Perseverancia todo el año! Aprovechá hasta 12 cuotas sin interés en locales adheridos. Vigencia: Del 03/08 al 31/12/2026.,cuotas_sin_intereses,,,,,No especificado,Del 03/08 al 31/12/2026.,,,,https://www.sudameris.com.py/beneficios/destacado/902/detalle
c786cc6e76b8b290,Sudameris,Entretenimiento y experiencias,McLaren Mastercard Formula 1®Team,,Sudameris te acerca la emoción del simulador oficial del McLaren Mastercard Formula 1® Team por primera vez en Paraguay. 📍 Distrito Perseverancia 🗓️ Del 21 de septiembre hasta el 1,beneficio,,,,,No especificado,No especificado,,,,https://www.sudameris.com.py/beneficios/destacado/918/detalle
35306a49768a9da9,Sudameris,Entretenimiento y experiencias,PROMOCIÓN MCLAREN MASTERCARD F1 TEAM,,Gs. 500.000,beneficio,,,,,No especificado,"de la promoción y acumulá cupones digitales automáticamente para los sorteos, según las",,,,https://www.sudameris.com.py/beneficios/destacado/854/detalle
2431d7b694ba470f,Sudameris,Farmacias,BIGGIE FARMA,,10%; 20%; Hasta 12 cuotas sin interés,cuotas_sin_intereses,10%; 20%,jueves,,1:jueves,primer Jueves; Solo el primer Jueves,• Desde el 01 de julio hasta el 30 de septiembre 2026. • Solo el primer Jueves de cada mes: • 02 de julio. • 06 de agosto. • 03 de septiembre.,,,,https://www.sudameris.com.py/beneficios/destacado/708/detalle
fcdc3c1b164fdc31,Sudameris,Farmacias,DRUGSTORE ASISMED DESCUENTO EN CAJA,,10%; 100%; 17%; 32%; Hasta 12 cuotas sin intereses,cuotas_sin_intereses,10%; 100%; 17%; 32%,martes,,,Todos los martes,• Todos los martes. • Desde el 01 de julio hasta el 30 de septiembre 2026.,,,,https://www.sudameris.com.py/beneficios/destacado/453/detalle
69e6096277c0ccc6,Sudameris,Farmacias,FARMACENTER,,10%; 20%; Hasta 12 cuotas sin interés,cuotas_sin_intereses,10%; 20%,miércoles,,1:miércoles,primer miércoles; Solo el primer miércoles,• Desde el 01 de julio hasta el 31 de diciembre 2026. • Solo el primer miércoles de cada mes: • 01 de julio. • 05 de agosto. • 02 de septiembre. • 07 de octubre. • 04 de noviembre. • 02 de diciembre.,,,,https://www.sudameris.com.py/beneficios/destacado/632/detalle
ebeec6561832b10e,Sudameris,Farmacias,FARMACIA CATEDRAL,,10%; 20%; 25%; Hasta 12 cuotas sin interés,cuotas_sin_intereses,10%; 20%; 25%,lunes,,,Todos los lunes; Todos los Lunes,• Todos los lunes. • Desde el 1 de julio hasta el 31 de diciembre 2026.,,,,https://www.sudameris.com.py/beneficios/destacado/270/detalle
ae7ef2743f69f8d3,Sudameris,Gastronomía,BIGGIE EXPRESS - PRIMERO DE CADA MES,,30%,reintegro,30%,,1,,01 de cada mes,• 01 de cada mes. • Desde el 01 de julio hasta el 30 de septiembre 2026.,,,,https://www.sudameris.com.py/beneficios/destacado/891/detalle
9a3e4883d28e7cbe,Sudameris,Gastronomía,CAFÉ JARDIN,,20% DE REINTEGRO + 5% PARA BLACK E INFINITE,reintegro,20%; 5%,jueves; viernes; sábado; domingo,,,JUEVES A DOMINGO,Desde 2026-08-06 hasta 2026-09-27,Tope de compra mensual: GS. 600.000,,,https://www.sudameris.com.py/storage/app/uploads/public/6a7/376/af4/6a7376af4a2cc693462747.pdf
a541e3f82afb4de3,Sudameris,Gastronomía,CAFÉ QUINTO,,25% DE REINTEGRO,reintegro,25%,martes,,,MARTES,Desde 2026-08-04 hasta 2026-09-30,Tope de compra mensual: GS. 800.000,,,https://www.sudameris.com.py/storage/app/uploads/public/6a7/376/af4/6a7376af4a2cc693462747.pdf
794818538736a072,Sudameris,Gastronomía,CHAVAL,,20% DE REINTEGRO + 5% PARA BLACK E INFINITE,reintegro,20%; 5%,jueves; viernes; sábado,,,JUEVES A SÁBADO,Desde 2026-08-06 hasta 2026-09-30,Tope de compra mensual: GS. 600.000,,,https://www.sudameris.com.py/storage/app/uploads/public/6a7/376/af4/6a7376af4a2cc693462747.pdf
2b5d792d71c1b34c,Sudameris,Gastronomía,CLUB CENTRO SOCIAL ENCARNACIÓN,,10%; 20%; Hasta 12 Cuotas sin interés,cuotas_sin_intereses,10%; 20%,,,,No especificado,• Hasta el 15 de enero 2027.,,,,https://www.sudameris.com.py/beneficios/destacado/477/detalle
c541978058f267ba,Sudameris,Gastronomía,CLUB CONCEPCIÓN,,10%; 20%; Hasta 12 cuotas sin interés,cuotas_sin_intereses,10%; 20%,lunes; martes; miércoles; jueves; viernes; sábado; domingo,,,Todos los días,• Todos los días desde el 9 de setiembre al 31 de agosto del 2028 • Todos los días desde el 31 de octubre al 31 de agosto del 2028 del débito automático del club,,,,https://www.sudameris.com.py/beneficios/destacado/522/detalle
cc2e3c7d42d18bb2,Sudameris,Gastronomía,CLUB DEPORTIVO PUERTO SAJONIA (CDPS),,10%; 20%; Hasta 36 cuotas sin interés; Tope de compra mensual en cada restaurante Gs. 300.000; Tope mensual de compra Gs. 500.000; Gs. 300.000; Gs. 500.000,cuotas_sin_intereses,10%; 20%,lunes; martes; miércoles; jueves; viernes; sábado; domingo,,,Todos los días,• Todos los días. • Hasta el 31 de julio de 2028.,,,,https://www.sudameris.com.py/beneficios/destacado/231/detalle
7b607fc73f93826f,Sudameris,Gastronomía,CLUB NÁUTICO SAN BERNARDINO,,10%; 20%; 12 cuotas sin intereses; Tope de pago mensual: Gs. 500.000; Tope de compra mensual: Gs. 3.000.000; Tope de compra mensual: Gs. 500.000; Gs. 500.000; Gs. 3.000.000,cuotas_sin_intereses,10%; 20%,,,,No especificado,• Hasta el 31 de octubre del 2026,,,,https://www.sudameris.com.py/beneficios/destacado/142/detalle
1f96522f374dafb4,Sudameris,Gastronomía,CLUB SOCIAL ÁREA 1 (CDE),,10%; 20%; hasta 12 cuotas sin intereses; Tope de compra mensual: Gs. 440.000; Tope de compra mensual: Gs. 50.000; Tope de compra mensual: Gs. 300.000; Gs. 440.000; Gs. 50.000; Gs. 300.000,cuotas_sin_intereses,10%; 20%,lunes; martes; miércoles; jueves; viernes; sábado; domingo,,,Todos los días; todos los días,• Todos los días. • Hasta el 30 de junio de 2028.,,,,https://www.sudameris.com.py/beneficios/destacado/297/detalle
1b7f3aa0f3f3dc42,Sudameris,Gastronomía,CONCEPTS LA CUADRITA,,20%; 25%; Hasta 10 cuotas sin intereses,cuotas_sin_intereses,20%; 25%,miércoles; jueves; viernes,,,Miércoles a viernes,• Miércoles a viernes. • Desde el 04 de marzo hasta el 09 de octubre 2026.,,,,https://www.sudameris.com.py/beneficios/destacado/443/detalle
39f10e7d97bd8c33,Sudameris,Gastronomía,DE LA PEQUE,,20% DE REINTEGRO,reintegro,20%,jueves; viernes; sábado,,,JUEVES A SÁBADO,Desde 2026-08-06 hasta 2026-09-26,Tope de compra mensual: GS. 500.000,,,https://www.sudameris.com.py/storage/app/uploads/public/6a7/376/af4/6a7376af4a2cc693462747.pdf
689685a19c0c8d4c,Sudameris,Gastronomía,GROSSO,,20% DE REINTEGRO,reintegro,20%,martes; miércoles; jueves,,,MARTES A JUEVES,Desde 2026-08-04 hasta 2026-10-01,Tope de compra mensual: GS. 800.000,,,https://www.sudameris.com.py/storage/app/uploads/public/6a7/376/af4/6a7376af4a2cc693462747.pdf
49c2ced76f42b70f,Sudameris,Gastronomía,JARDÍN URBANO,,20% DE REINTEGRO,reintegro,20%,jueves; viernes; sábado; domingo,,,JUEVES A DOMINGO,Desde 2026-08-06 hasta 2026-09-27,Tope de compra mensual: GS. 800.000,,,https://www.sudameris.com.py/storage/app/uploads/public/6a7/376/af4/6a7376af4a2cc693462747.pdf
c454611b02b963d9,Sudameris,Gastronomía,KAISEKI,,20% DE REINTEGRO + 5% PARA BLACK E INFINITE,reintegro,20%; 5%,lunes; martes; miércoles; jueves; viernes,,,LUNES A VIERNES,Desde 2025-08-03 hasta 2026-10-02,Tope de compra mensual: GS. 1.000.000,,,https://www.sudameris.com.py/storage/app/uploads/public/6a7/376/af4/6a7376af4a2cc693462747.pdf
8a5dcd7d1392b6c9,Sudameris,Gastronomía,LA CANDELARIA,,20% DE REINTEGRO + 5% PARA BLACK E INFINITE,reintegro,20%; 5%,lunes; martes; miércoles; jueves; viernes,,,LUNES A VIERNES,Desde 2026-08-10 hasta 2026-10-30,Tope de compra mensual: GS. 600.000,,,https://www.sudameris.com.py/storage/app/uploads/public/6a7/376/af4/6a7376af4a2cc693462747.pdf
7dac8766c15dce48,Sudameris,Gastronomía,LA PANERA ROSA,,20% DE REINTEGRO,reintegro,20%,sábado,,,SÁBADOS,Desde 2025-01-01 hasta 2026-08-05,Tope de compra mensual: GS. 600.000,,,https://www.sudameris.com.py/storage/app/uploads/public/6a7/376/af4/6a7376af4a2cc693462747.pdf
1aeef1fb2d56e0e9,Sudameris,Gastronomía,LE BISTRO DE LA ROTONDE – DISTRITO PERSEVERANCIA,,20%; 25%,reintegro,20%; 25%,lunes; martes; miércoles,,,lunes a miércoles,• De lunes a miércoles. • Desde el 06 de julio hasta el 30 de septiembre 2026.,,,,https://www.sudameris.com.py/beneficios/destacado/897/detalle
1bccae26050d8af7,Sudameris,Gastronomía,LIDO BAR,,30% DE REINTEGRO,reintegro,30%,martes,,,MARTES,Desde 2025-11-11 hasta 2026-10-31,Tope de compra mensual: GS. 600.000,,,https://www.sudameris.com.py/storage/app/uploads/public/6a7/376/af4/6a7376af4a2cc693462747.pdf
db98f98aeeaca7a8,Sudameris,Gastronomía,PATIO COLONIAL,,20% DE REINTEGRO,reintegro,20%,jueves; viernes; sábado; domingo,,,JUEVES A DOMINGO,Desde 2026-01-01 hasta 2026-08-02,Tope de compra mensual: GS. 800.000,,,https://www.sudameris.com.py/storage/app/uploads/public/6a7/376/af4/6a7376af4a2cc693462747.pdf
41a64328590b2fc8,Sudameris,Gastronomía,RESTAURANTE HOTEL VILLA MORRA SUITES,,20% DE REINTEGRO + 5% PARA BLACK E INFINITE,reintegro,20%; 5%,sábado; domingo,,,SABADOS Y DOMINGOS,Desde 2026-03-07 hasta 2026-08-02,Tope de compra mensual: GS. 1.000.000,,,https://www.sudameris.com.py/storage/app/uploads/public/6a7/376/af4/6a7376af4a2cc693462747.pdf
80f09161c24d14fc,Sudameris,Gastronomía,SERENDIPITY - LA HORNALLA - CANTINA COLEGIOS,,15%,reintegro,15%,lunes; martes; miércoles; jueves; viernes,,,Lunes a viernes,• Lunes a viernes. • Desde el 20 de abril hasta el 30 de noviembre 2026.,,,,https://www.sudameris.com.py/beneficios/destacado/858/detalle
050c5cac6ad08679,Sudameris,Gastronomía,TOTEM TOSTADORES,,20% DE REINTEGRO + 5% PARA BLACK E INFINITE,reintegro,20%; 5%,martes; miércoles; jueves; viernes,,,MARTES A VIERNES,Desde 2026-03-05 hasta 2026-10-02,Tope de compra mensual: GS. 500.000,,,https://www.sudameris.com.py/storage/app/uploads/public/6a7/376/af4/6a7376af4a2cc693462747.pdf
cb10a625952f4187,Sudameris,Hogar,LINCOLN,,20%; Hasta 12 cuotas sin interés,cuotas_sin_intereses,20%,lunes; martes; miércoles; jueves; viernes; sábado; domingo,,,Todos los días,• Todos los días. • Desde el 01 de agosto hasta el 30 de septiembre 2026.,,,,https://www.sudameris.com.py/beneficios/destacado/797/detalle
40005bb648215bc9,Sudameris,Hogar,MATERASSI,,10%; 30%; Hasta 12 cuotas sin interés,cuotas_sin_intereses,10%; 30%,miércoles; jueves; viernes; sábado,,,Miércoles a sábado,• Miércoles a sábado. • Desde el 19 de agosto hasta el 03 de octubre 2026.,,,,https://www.sudameris.com.py/beneficios/destacado/476/detalle
245c2e1c109ba3aa,Sudameris,Hogar,PARANA HOGAR / COLCHONES,,30%; Hasta 12 cuotas sin intereses,cuotas_sin_intereses,30%,viernes,,,Todos los viernes,• Todos los viernes. • Desde el 03 de agosto hasta el 31 de octubre 2026.,,,,https://www.sudameris.com.py/beneficios/destacado/903/detalle
47e0885a781fcc95,Sudameris,Moda,ESTANCIAS - BABY COTTONS - RAPSODIA - ADOLFO DOMINGUEZ - CARO CUORE - LOFT MARKS,,ESTANCIAS BABY COTTONS RAPSODIA ADOLFO DOMINGUEZ CARO CUORE LOFT MARKS,beneficio,,,,,No especificado,No especificado,,,,https://www.sudameris.com.py/beneficios/destacado/925/detalle
4c0bc847f272e127,Sudameris,Moda,YOUNIQUE,,25%; 30%; Hasta 12 cuotas sin interés,cuotas_sin_intereses,25%; 30%,martes; miércoles,,,Todos los martes,• Todos los martes y miércoles. • Del 01 de setiembre hasta el 31 de octubre 2026.,,,,https://www.sudameris.com.py/beneficios/destacado/315/detalle
1acade046a8867cf,Sudameris,Otros,360 Consultores S.A.,Zona Este - Ciudad del Este,20% de reintegro Hasta 12 cuotas sin interés,reintegro,20%,viernes; sábado,,,viernes y sábados,Desde 2026-03-06 hasta 2027-02-27,Tope de compra mensual: GS. 1.000.000,,,https://www.sudameris.com.py/storage/app/media/ByC/bc-zonaestecde-23926.pdf
3a2dc7920a35347d,Sudameris,Otros,50 Calces,Zona Este - Ciudad del Este,20% de reintegro Hasta 10 Cuotas sin interés,reintegro,20%,viernes; sábado,,,Viernes y sábados,Desde 2026-03-13 hasta 2027-02-27,Tope de compra mensual: GS. 500.000,,,https://www.sudameris.com.py/storage/app/media/ByC/bc-zonaestecde-23926.pdf
db486e58b361f2c1,Sudameris,Otros,America Chopp,Zona Sur - Encarnación,20% de reintegro,reintegro,20%,jueves; viernes; sábado; domingo,,,Jueves a domingo,Desde 2026-06-11 hasta 2027-02-28,Tope de compra mensual: Gs. 500.000,,,https://www.sudameris.com.py/storage/app/media/ByC/bc-zonasurencarnacion-23926.pdf
a16195afdf1d2e44,Sudameris,Otros,America Grill,Zona Sur - Encarnación,20% de reintegro,reintegro,20%,jueves; viernes; sábado; domingo,,,Jueves a domingo,Desde 2026-06-11 hasta 2027-02-28,Tope de compra mensual: Gs. 800.000,,,https://www.sudameris.com.py/storage/app/media/ByC/bc-zonasurencarnacion-23926.pdf
f97efb041038877e,Sudameris,Otros,Bella Casa,Zona Sur - Encarnación,20% de reintegro Hasta 12 cuotas sin interés,reintegro,20%,viernes; sábado,,,Viernes y sábado,Desde 2026-03-06 hasta 2027-02-28,Tope de compra mensual: Gs. 3.000.000,,,https://www.sudameris.com.py/storage/app/media/ByC/bc-zonasurencarnacion-23926.pdf
92cdc7db8826fcbf,Sudameris,Otros,Benditta Women Benditta Style For Man,Zona Sur - Encarnación,20% de descuento en caja + 20% de reintegro Hasta 10 cuotas sin interés,reintegro,20%,viernes; sábado,,,viernes y sábado,Desde 2026-03-06 hasta 2027-02-28,Tope de compra mensual: Gs. 2.500.000 (por marca),,,https://www.sudameris.com.py/storage/app/media/ByC/bc-zonasurencarnacion-23926.pdf
79f25ad6395307e0,Sudameris,Otros,Bistro Del Centro,Zona Sur - Encarnación,20% de reintegro,reintegro,20%,viernes; sábado,,,viernes y sábado,Desde 2026-03-06 hasta 2027-02-28,Tope de compra mensual: Gs. 600.000,,,https://www.sudameris.com.py/storage/app/media/ByC/bc-zonasurencarnacion-23926.pdf
68b6e35906121437,Sudameris,Otros,Brave,Zona Sur - Encarnación,20% de reintegro Hasta 10 cuotas sin interés,reintegro,20%,viernes; sábado; domingo,,,Viernes a domingo,Desde 2026-03-20 hasta 2027-02-28,Tope de compra mensual: Gs. 1.000.000,,,https://www.sudameris.com.py/storage/app/media/ByC/bc-zonasurencarnacion-23926.pdf
8c457332507b0ea9,Sudameris,Otros,Brown Burguer,Zona Este - Ciudad del Este,20% de reintegro,reintegro,20%,jueves; viernes; sábado,,,Jueves a sábados,Desde 2026-04-02 hasta 2027-02-27,Tope de compra mensual: GS. 500.000,,,https://www.sudameris.com.py/storage/app/media/ByC/bc-zonaestecde-23926.pdf
e8ed41dd0f558b38,Sudameris,Otros,Buono Market/Food,Zona Este - Ciudad del Este,30% de reintegro,reintegro,30%,viernes; sábado,,,viernes y sábado,Desde 2026-04-03 hasta 2027-02-28,Tope de compra mensual: Gs. 800.000,,,https://www.sudameris.com.py/storage/app/media/ByC/bc-zonaestecde-23926.pdf
b78a4bda86748166,Sudameris,Otros,Busca Pies,Zona Sur - Encarnación,20% de descuento en caja + 10% de reintegro Hasta 10 cuotas sin interés,reintegro,20%; 10%,viernes; sábado,,,Viernes y sábado,Desde 2026-09-04 hasta 2027-02-28,Tope de compra mensual: Gs. 1.000.000,,,https://www.sudameris.com.py/storage/app/media/ByC/bc-zonasurencarnacion-23926.pdf
b1e94739c8421644,Sudameris,Otros,CHEF’S KITCHEN,,20%; 25%,reintegro,20%; 25%,viernes; sábado,,,No especificado,• Viernes y sábado. • Desde el 28 de agosto hasta el 30 de setiembre 2026.,,,,https://www.sudameris.com.py/beneficios/destacado/738/detalle
4ec427b2b7d2a549,Sudameris,Otros,Calzados Mellba,Zona Sur - Encarnación,20% de reintegro Hasta 10 cuotas sin interés,reintegro,20%,viernes; sábado,,,viernes y sábado,Desde 2026-03-06 hasta 2027-02-28,Tope de compra mensual: Gs. 600.000,,,https://www.sudameris.com.py/storage/app/media/ByC/bc-zonasurencarnacion-23926.pdf
b6098d850489d0f5,Sudameris,Otros,Calzados Parana,Zona Sur - Encarnación,20% de reintegro Hasta 10 cuotas sin interés,reintegro,20%,viernes; sábado,,,viernes y sábado,Desde 2026-03-06 hasta 2027-02-28,Tope de compra mensual: Gs. 1.000.000,,,https://www.sudameris.com.py/storage/app/media/ByC/bc-zonasurencarnacion-23926.pdf
738901322916985c,Sudameris,Otros,Casa Angela,Zona Este - Ciudad del Este,20% de reintegro Hasta 12 cuotas sin interés,reintegro,20%,viernes; sábado,,,Viernes y sábados,Desde 2026-03-06 hasta 2027-02-27,Tope de compra mensual: GS. 1.000.000,,,https://www.sudameris.com.py/storage/app/media/ByC/bc-zonaestecde-23926.pdf
1992c1bb33cdaeb6,Sudameris,Otros,Casa Bakunovich,Zona Sur - Encarnación,20% de reintegro + 5% elite Hasta 10 cuotas sin interés,reintegro,20%; 5%,viernes; sábado,,,viernes y sábado,Desde 2026-03-06 hasta 2027-02-28,Tope de compra mensual: Gs. 2.000.000,,,https://www.sudameris.com.py/storage/app/media/ByC/bc-zonasurencarnacion-23926.pdf
9da0220ddacff118,Sudameris,Otros,Casa Heri,Zona Sur - Encarnación,20% de reintegro Hasta 10 cuotas sin interés,reintegro,20%,viernes; sábado,,,viernes y sábado,Desde 2026-03-06 hasta 2027-02-28,Tope de compra mensual: Gs. 800.000,,,https://www.sudameris.com.py/storage/app/media/ByC/bc-zonasurencarnacion-23926.pdf
81c9cc7217dd30ac,Sudameris,Otros,Cindy & Co,Zona Sur - Encarnación,20% de reintegro Hasta 10 cuotas sin interés,reintegro,20%,viernes; sábado,,,viernes y sábado,Desde 2026-03-06 hasta 2027-02-28,Tope de compra mensual: Gs.1.000.000,,,https://www.sudameris.com.py/storage/app/media/ByC/bc-zonasurencarnacion-23926.pdf
a7ec357a974ab24e,Sudameris,Otros,Consur Bike,Zona Sur - Encarnación,20% de reintegro Hasta 12 cuotas sin interés,reintegro,20%,viernes; sábado,,,Viernes y sábado,Desde 2026-04-03 hasta 2026-12-31,Tope de compra mensual: Gs. 8.000.000,,,https://www.sudameris.com.py/storage/app/media/ByC/bc-zonasurencarnacion-23926.pdf
0d0da8473ebc61f7,Sudameris,Otros,Corazón De Melon,Zona Este - Ciudad del Este,20% de reintegro + 5% elite Hasta 10 cuotas sin interés,reintegro,20%; 5%,viernes; sábado,,,viernes y sábados,Desde 2025-11-14 hasta 2027-02-28,Tope de compra mensual: GS. 800.000,,,https://www.sudameris.com.py/storage/app/media/ByC/bc-zonaestecde-23926.pdf
402a5e8f201bc4fb,Sudameris,Otros,Corazón de Melon,Zona Sur - Encarnación,20% de reintegro + 5% elite Hasta 12 cuotas sin interés,reintegro,20%; 5%,viernes; sábado,,,Viernes y sábado,Desde 2025-11-14 hasta 2027-02-28,Tope de compra mensual: GS. 800.000,,,https://www.sudameris.com.py/storage/app/media/ByC/bc-zonasurencarnacion-23926.pdf
85addc55541da2bf,Sudameris,Otros,Corazón de Melón,Zona Sur - Encarnación,20% de reintegro + 5% elite Hasta 10 cuotas sin interés,reintegro,20%; 5%,viernes; sábado,,,Viernes y sábados,Desde 2026-03-06 hasta 2027-02-28,Tope de compra mensual: GS. 800.000,,,https://www.sudameris.com.py/storage/app/media/ByC/bc-zonasurencarnacion-23926.pdf
ead21ae3e998971a,Sudameris,Otros,Credipar Electrodomésticos,Zona Sur - Encarnación,15% de descuento + 10% de reintegro Hasta 12 cuotas sin interés,reintegro,15%; 10%,viernes; sábado,,,Viernes y sábado,Desde 2026-03-05 hasta 2027-02-28,Tope de compra mensual: Gs. 3.000.000,,,https://www.sudameris.com.py/storage/app/media/ByC/bc-zonasurencarnacion-23926.pdf
0a0fec4d52c393e8,Sudameris,Otros,Deport Center,Zona Sur - Encarnación,20% de reintegro + 5% elite Hasta 10 cuotas sin interés,reintegro,20%; 5%,viernes; sábado,,,viernes y sábado,Desde 2026-03-06 hasta 2027-02-28,Tope de compra mensual: Gs. 1.000.000,,,https://www.sudameris.com.py/storage/app/media/ByC/bc-zonasurencarnacion-23926.pdf
a40784c43b4b5703,Sudameris,Otros,Di Lara,Zona Sur - Encarnación,20% de reintegro Hasta 10 cuotas sin interés,reintegro,20%,viernes; sábado,,,Viernes y sábado,Desde 2026-03-06 hasta 2027-02-28,Tope de compra mensual: Gs. 1.000.000,,,https://www.sudameris.com.py/storage/app/media/ByC/bc-zonasurencarnacion-23926.pdf
409bd67b8341c82f,Sudameris,Otros,Diana Apocada,Zona Sur - Encarnación,20% de reintegro + 5% elite Hasta 12 cuotas sin interés,reintegro,20%; 5%,miércoles; jueves,,,miércoles y jueves,Desde 2026-03-04 hasta 2027-02-28,Tope de compra mensual: Gs. 1.500.000,,,https://www.sudameris.com.py/storage/app/media/ByC/bc-zonasurencarnacion-23926.pdf
deee048aa1d2cdbc,Sudameris,Otros,Diva,Zona Este - Ciudad del Este,20% de reintegro Hasta 12 cuotas sin interés,reintegro,20%,jueves; viernes; sábado,,,Jueves a sábado,Desde 2026-03-05 hasta 2027-02-27,Tope de compra mensual: GS. 2.500.000,,,https://www.sudameris.com.py/storage/app/media/ByC/bc-zonaestecde-23926.pdf
cbeeb632942260e5,Sudameris,Otros,Don Rey Resto Bar,Zona Este - Ciudad del Este,20% de reintegro,reintegro,20%,viernes; sábado,,,Viernes y sábados,Desde 2026-03-06 hasta 2027-02-27,Tope de compra mensual: Gs. 500.000,,,https://www.sudameris.com.py/storage/app/media/ByC/bc-zonaestecde-23926.pdf
a604114226d3affb,Sudameris,Otros,Doxamed,Zona Sur - Encarnación,20% de reintegro + 5% elite Hasta 12 cuotas sin interés,reintegro,20%; 5%,jueves; viernes,,,jueves y viernes,Desde 2026-03-06 hasta 2027-02-28,Tope de compra mensual: Gs.1.000.000,,,https://www.sudameris.com.py/storage/app/media/ByC/bc-zonasurencarnacion-23926.pdf
99e92d06c8b655b5,Sudameris,Otros,Dudalina,Zona Sur - Encarnación,20% de descuento en caja + 20% de reintegro Hasta 10 cuotas sin interés,reintegro,20%,viernes; sábado,,,viernes y sábado,Desde 2026-03-06 hasta 2027-02-28,Tope de compra mensual: Gs. 2.500.000,,,https://www.sudameris.com.py/storage/app/media/ByC/bc-zonasurencarnacion-23926.pdf
955dbcfe83268163,Sudameris,Otros,Emac,Zona Sur - Encarnación,15% de descuento Hasta 12 cuotas sin interés,descuento,15%,lunes; martes; miércoles; jueves; viernes; sábado; domingo,,,todos los días,Desde 2026-05-04 hasta 2027-02-28,Tope de compra mensual: Sin tope,,,https://www.sudameris.com.py/storage/app/media/ByC/bc-zonasurencarnacion-23926.pdf
289372707f2f54a3,Sudameris,Otros,Emporio Store,Zona Este - Ciudad del Este,20% de reintegro Hasta 10 cuotas sin interés,reintegro,20%,viernes; sábado,,,viernes y sábados,Desde 2026-04-03 hasta 2027-02-27,Tope de compra mensual: GS. 800.000,,,https://www.sudameris.com.py/storage/app/media/ByC/bc-zonaestecde-23926.pdf
669e5fa85ff0c998,Sudameris,Otros,Emy Express,Zona Este - Ciudad del Este,20% de reintegro Hasta 12 cuotas sin interés,reintegro,20%,viernes; sábado,,,viernes y sábados,Desde 2026-03-06 hasta 2027-02-27,Tope de compra mensual: GS. 800.000,,,https://www.sudameris.com.py/storage/app/media/ByC/bc-zonaestecde-23926.pdf
0a1dcb0017a11e4a,Sudameris,Otros,Estilo Sport,Zona Sur - Encarnación,20% de reintegro + 5% elite Hasta 10 cuotas sin interés,reintegro,20%; 5%,miércoles; jueves,,,miércoles y jueves,Desde 2026-03-04 hasta 2027-02-28,Tope de compra mensual: Gs.1.000.000,,,https://www.sudameris.com.py/storage/app/media/ByC/bc-zonasurencarnacion-23926.pdf
2fdc0b144d2bc2be,Sudameris,Otros,Estilosa Boutique,Zona Sur - Encarnación,20% de reintegro + 5% elite Hasta 10 cuotas sin interés,reintegro,20%; 5%,viernes; sábado,,,Viernes y sábado,Desde 2026-03-06 hasta 2027-02-28,Tope de compra mensual: GS 1.500.000,,,https://www.sudameris.com.py/storage/app/media/ByC/bc-zonasurencarnacion-23926.pdf
b1380bfa09433823,Sudameris,Otros,FARMAVIP,Zona Este - Ciudad del Este,20% de reintegro Hasta 12 cuotas sin interés,reintegro,20%,lunes,,1:lunes,El primer lunes de Cada mes,Desde 2026-08-01 hasta 2026-12-31,Tope de compra mensual: GS. 800.000,,,https://www.sudameris.com.py/storage/app/media/ByC/bc-zonaestecde-23926.pdf
cff1a9c666564f81,Sudameris,Otros,Farmacia San Antonio,Zona Este - Ciudad del Este,20% de descuento en caja Hasta 12 cuotas sin interés,descuento,20%,viernes,,,Viernes,Desde 2026-08-07 hasta 2026-12-31,Tope de compra mensual: N/A,,,https://www.sudameris.com.py/storage/app/media/ByC/bc-zonaestecde-23926.pdf
261c0c4c67bb9f3c,Sudameris,Otros,Farmavida,Zona Sur - Encarnación,20% de reintegro Hasta 12 cuotas sin interés,reintegro,20%,lunes,,1:lunes,El primer lunes de cada mes,Desde 2026-08-01 hasta 2026-12-31,Tope de compra mensual: GS. 1.000.000,,,https://www.sudameris.com.py/storage/app/media/ByC/bc-zonasurencarnacion-23926.pdf
55e58a26751c9485,Sudameris,Otros,Farmavida,Zona Este - Ciudad del Este,20% de reintegro Hasta 12 cuotas sin interés,reintegro,20%,lunes,,1:lunes,El primer lunes de cada mes,Desde 2026-08-01 hasta 2026-12-31,Tope de compra mensual: GS. 1.000.000,,,https://www.sudameris.com.py/storage/app/media/ByC/bc-zonaestecde-23926.pdf
691afef46c6588ed,Sudameris,Otros,Fashion Calzados,Zona Sur - Encarnación,20% de reintegro + 5% elite Hasta 10 cuotas sin interés,reintegro,20%; 5%,viernes; sábado,,,viernes y sábado,Desde 2026-03-06 hasta 2027-02-28,Tope de compra mensual: Gs. 1.000.000,,,https://www.sudameris.com.py/storage/app/media/ByC/bc-zonasurencarnacion-23926.pdf
36837c8aa221a5a8,Sudameris,Otros,Galway,Zona Sur - Encarnación,20% de reintegro,reintegro,20%,viernes; sábado; domingo,,,Viernes a Domingo,Desde 2026-03-06 hasta 2027-02-28,Tope de compra mensual: Gs. 500.000,,,https://www.sudameris.com.py/storage/app/media/ByC/bc-zonasurencarnacion-23926.pdf
be4d0ab9d741c3db,Sudameris,Otros,Glamour By Sandri,Zona Sur - Encarnación,20% de reintegro Hasta 10 cuotas sin interés,reintegro,20%,viernes; sábado,,,viernes y sábado,Desde 2026-03-06 hasta 2027-02-28,Tope de compra mensual: Gs.500.000,,,https://www.sudameris.com.py/storage/app/media/ByC/bc-zonasurencarnacion-23926.pdf
99e787d915ccdfe6,Sudameris,Otros,Granel Mercado Natural,Zona Este - Ciudad del Este,20% de reintegro + 5% elite,reintegro,20%; 5%,sábado,,-1:sábado,Último sábado de cada mes,Inicio no confirmado (0.07.26 en el PDF). Hasta 2026-12-31,Tope de compra mensual: GS. 500.000,,,https://www.sudameris.com.py/storage/app/media/ByC/bc-zonaestecde-23926.pdf
807457934426218a,Sudameris,Otros,INTERCOLEGIAL TRINITY - FOODPARK,,20%,reintegro,20%,,,,No especificado,"• Fechas: 18, 19, 20 y 24, 25, 26, 27 de septiembre 2026.",,,,https://www.sudameris.com.py/beneficios/destacado/924/detalle
55cd0a66e4f677fe,Sudameris,Otros,Jakare La Tienda,Zona Sur - Encarnación,20% de reintegro Hasta 10 cuotas sin interés,reintegro,20%,viernes; sábado,,,viernes y sábado,Desde 2026-05-08 hasta 2027-02-27,Tope de compra mensual: Gs. 1.000.000,,,https://www.sudameris.com.py/storage/app/media/ByC/bc-zonasurencarnacion-23926.pdf
f9dec85e9230267d,Sudameris,Otros,Javi Deportes,Zona Sur - Encarnación,20% de reintegro Hasta 10 cuotas sin interés,reintegro,20%,miércoles,,,miércoles,Desde 2025-01-15 hasta 2027-02-24,Tope de compra mensual: Gs. 1.000.000,,,https://www.sudameris.com.py/storage/app/media/ByC/bc-zonasurencarnacion-23926.pdf
90a3d10875ad98d2,Sudameris,Otros,Joyeria Dominguez,Zona Sur - Encarnación,20% de reintegro Hasta 12 cuotas sin interés,reintegro,20%,viernes; sábado,,,viernes y sábado,Desde 2026-03-06 hasta 2027-02-28,Tope de compra mensual: Gs.800.000,,,https://www.sudameris.com.py/storage/app/media/ByC/bc-zonasurencarnacion-23926.pdf
e49bfce396c2126e,Sudameris,Otros,La Fabril Pizza,Zona Sur - Encarnación,20% de reintegro,reintegro,20%,viernes; sábado,,,viernes y sábado,Desde 2026-03-06 hasta 2027-02-28,Tope de compra mensual: Gs. 600.000,,,https://www.sudameris.com.py/storage/app/media/ByC/bc-zonasurencarnacion-23926.pdf
0f6f1720463ec168,Sudameris,Otros,La Guarania Gran Almacén,Zona Sur - Encarnación,25% de reintegro Hasta 12 cuotas sin interés,reintegro,25%,sábado,,-1:sábado,Último sábado de cada mes,Desde 2026-07-01 hasta 2026-12-31,Tope de compra mensual: Gs. 800.000,,,https://www.sudameris.com.py/storage/app/media/ByC/bc-zonasurencarnacion-23926.pdf
a6c1b92462cbee6c,Sudameris,Otros,Le Chic,Zona Sur - Encarnación,20% de reintegro + 5% elite Hasta 10 cuotas sin interés,reintegro,20%; 5%,viernes; sábado,,,Viernes y sábado,Desde 2026-03-06 hasta 2027-02-28,Tope de compra mensual: GS 1.000.000,,,https://www.sudameris.com.py/storage/app/media/ByC/bc-zonasurencarnacion-23926.pdf
c1179bb608db9b4b,Sudameris,Otros,Liberato,Zona Sur - Encarnación,20% de reintegro Hasta 10 cuotas sin interés,reintegro,20%,viernes; sábado,,,viernes y sábado,Desde 2026-03-06 hasta 2027-02-28,Tope de compra mensual: Gs. 1.000.000,,,https://www.sudameris.com.py/storage/app/media/ByC/bc-zonasurencarnacion-23926.pdf
29f29959df608d40,Sudameris,Otros,MASARTE,Zona Este - Ciudad del Este,20% de reintegro,reintegro,20%,miércoles; jueves,,,Miércoles y jueves,Desde 2026-09-30 hasta 2026-12-31,Tope de compra mensual: GS. 500.000,,,https://www.sudameris.com.py/storage/app/media/ByC/bc-zonaestecde-23926.pdf
dc9be424d3e21a3a,Sudameris,Otros,MENTES EXPERTAS – ENRIQUE ROJAS,,20%,descuento,20%,,,,No especificado,• Desde el 24 de septiembre 2026 (o hasta agotar stock de entradas).,,,,https://www.sudameris.com.py/beneficios/destacado/926/detalle
5b268808973a0fd5,Sudameris,Otros,MI PORTAL COCA COLA,Zona Sur - Encarnación,20% de reintegro Hasta 12 cuotas sin interés,reintegro,20%,jueves,,,Jueves,Desde 2025-12-18 hasta 2026-07-31,Tope de compra mensual: Gs. 1.000.000,,,https://www.sudameris.com.py/storage/app/media/ByC/bc-zonasurencarnacion-23926.pdf
4b8633aa06443a99,Sudameris,Otros,Malenki s Moda Infantil,Zona Sur - Encarnación,10% de descuento en caja Hasta 10 cuotas sin interés,descuento,10%,lunes; martes; miércoles; jueves; viernes; sábado; domingo,,,Todos los días,Desde 2026-06-07 hasta 2026-12-31,Tope de compra mensual: N/A,,,https://www.sudameris.com.py/storage/app/media/ByC/bc-zonasurencarnacion-23926.pdf
a7808beb578e8dca,Sudameris,Otros,Mansion Design,Zona Sur - Encarnación,20% de descuento en caja + 10% de reintegro Hasta 12 cuotas sin interés,reintegro,20%; 10%,viernes; sábado,,,viernes y sábado,Desde 2026-03-06 hasta 2027-02-28,Tope de compra mensual: En Caja: Gs. 20.000.000 - Reintegro: Gs.3.000.000,,,https://www.sudameris.com.py/storage/app/media/ByC/bc-zonasurencarnacion-23926.pdf
58b0265d0ef1dc03,Sudameris,Otros,Mascotas & Cia,Zona Este - Ciudad del Este,20% de reintegro Hasta 10 cuotas sin interés,reintegro,20%,viernes; sábado,,,viernes y sábados,Desde 2026-03-06 hasta 2027-02-27,Tope de compra mensual: GS. 800.000,,,https://www.sudameris.com.py/storage/app/media/ByC/bc-zonaestecde-23926.pdf
68dc9d79f6d9fcc2,Sudameris,Otros,Me Encanta,Zona Sur - Encarnación,20% de reintegro Hasta 12 cuotas sin interés,reintegro,20%,viernes; sábado,,,viernes y sábado,Desde 2026-03-06 hasta 2027-02-28,Tope de compra mensual: Gs.800.000,,,https://www.sudameris.com.py/storage/app/media/ByC/bc-zonasurencarnacion-23926.pdf
ee5551ff2b443230,Sudameris,Otros,Megastar,Zona Este - Ciudad del Este,20% de reintegro Hasta 12 cuotas sin interés,reintegro,20%,viernes; sábado,,,viernes y sábados,Desde 2025-08-15 hasta 2027-02-27,Tope de compra mensual: GS. 1.000.000,,,https://www.sudameris.com.py/storage/app/media/ByC/bc-zonaestecde-23926.pdf
7a3be28c62a54e69,Sudameris,Otros,Milord,Zona Sur - Encarnación,"Hasta 50% de descuento en caja (según edad cumplida del cliente, con tope de hasta 50%), válido para un solo uso en fecha de cumpleaños. No incluye feriados y día de los enamorados 2026.",descuento,50%,,,,cumpleaños,Desde 2025-04-01 hasta 2026-02-28,Tope de compra mensual: Sin Tope de compra,,,https://www.sudameris.com.py/storage/app/media/ByC/bc-zonasurencarnacion-23926.pdf
e29d2dc94544cc27,Sudameris,Otros,Morena Canela,Zona Este - Ciudad del Este,20% de reintegro + 5% elite Hasta 10 cuotas sin interés,reintegro,20%; 5%,viernes; sábado,,,viernes y sábados,Desde 2026-05-15 hasta 2027-02-27,Tope de compra mensual: Gs. 500.000,,,https://www.sudameris.com.py/storage/app/media/ByC/bc-zonaestecde-23926.pdf
2ce7f883614304f6,Sudameris,Otros,Mátalas,Zona Sur - Encarnación,20% de reintegro,reintegro,20%,viernes; sábado,,,Viernes y sábado,Desde 2025-10-24 hasta 2026-02-28,Tope de compra mensual: Gs. 800.000,,,https://www.sudameris.com.py/storage/app/media/ByC/bc-zonasurencarnacion-23926.pdf
304576887b5bffc2,Sudameris,Otros,Nutrifrut,Zona Sur - Encarnación,20% de reintegro,reintegro,20%,jueves; viernes; sábado; domingo,,,jueves a domingo,Desde 2026-03-06 hasta 2027-02-28,Tope de compra mensual: Gs. 600.000,,,https://www.sudameris.com.py/storage/app/media/ByC/bc-zonasurencarnacion-23926.pdf
ddd2ff4ab688e662,Sudameris,Otros,Optica Itapua,Zona Sur - Encarnación,20% de reintegro + 5% elite Hasta 12 cuotas sin interés,reintegro,20%; 5%,viernes; sábado,,,viernes y sábado,Desde 2026-03-06 hasta 2027-02-28,Tope de compra mensual: Gs. 2.000.000,,,https://www.sudameris.com.py/storage/app/media/ByC/bc-zonasurencarnacion-23926.pdf
16b2ae14a74ed856,Sudameris,Otros,Optica Sur,Zona Sur - Encarnación,20% de reintegro Hasta 12 cuotas sin interés,reintegro,20%,viernes; sábado,,,viernes y sábado,Desde 2026-03-06 hasta 2027-02-27,Tope de compra mensual: Gs. 1.000.000,,,https://www.sudameris.com.py/storage/app/media/ByC/bc-zonasurencarnacion-23926.pdf
208a295f9b0d8bf4,Sudameris,Otros,Otti Rolls,Zona Este - Ciudad del Este,20% de reintegro + 5% elite,reintegro,20%; 5%,viernes; sábado,,,viernes y sábados,Desde 2026-03-06 hasta 2027-02-27,Tope de compra mensual: GS. 500.000,,,https://www.sudameris.com.py/storage/app/media/ByC/bc-zonaestecde-23926.pdf
4dec50f0d62ae74e,Sudameris,Otros,PLUB,,20%,reintegro,20%,viernes,,-1:viernes,No especificado,• Último viernes de cada mes. • Desde el 01 de agosto 2026 hasta el 31 de octubre de 2026.,,,,https://www.sudameris.com.py/beneficios/destacado/360/detalle
3512ad5fb85394f6,Sudameris,Otros,Paseo Repsur,Zona Sur - Encarnación,20% de reintegro Hasta 12 cuotas sin interés,reintegro,20%,viernes; sábado,,,Viernes y sábado,Desde 2026-03-06 hasta 2027-02-28,Tope de compra mensual: GS. 3.000.000,,,https://www.sudameris.com.py/storage/app/media/ByC/bc-zonasurencarnacion-23926.pdf
c4b8c93027e13abc,Sudameris,Otros,Patri Duar Moda Infantil,Zona Sur - Encarnación,20% de reintegro Hasta 10 cuotas sin interés,reintegro,20%,viernes; sábado,,,viernes y sábado,Desde 2026-03-06 hasta 2027-02-28,Tope de compra mensual: Gs. 800.000,,,https://www.sudameris.com.py/storage/app/media/ByC/bc-zonasurencarnacion-23926.pdf
7be28dde2ea8448e,Sudameris,Otros,Patymel Make Up,Zona Sur - Encarnación,20% de reintegro + 5% elite Hasta 12 cuotas sin interés,reintegro,20%; 5%,miércoles; jueves,,,miércoles y jueves,Desde 2026-03-04 hasta 2027-02-28,Tope de compra mensual: Gs. 1.000.000,,,https://www.sudameris.com.py/storage/app/media/ByC/bc-zonasurencarnacion-23926.pdf
88932446b02b5225,Sudameris,Otros,Petits Moda Infantil,Zona Sur - Encarnación,20% de reintegro Hasta 10 cuotas sin interés,reintegro,20%,viernes; sábado,,,Viernes y sábado,Desde 2026-03-06 hasta 2027-02-28,Tope de compra mensual: GS. 800.000,,,https://www.sudameris.com.py/storage/app/media/ByC/bc-zonasurencarnacion-23926.pdf
72c075439e5fef8c,Sudameris,Otros,Pharmac,Zona Sur - Encarnación,20% descuento en caja + 10% reintegro vía Hasta 12 cuotas sin interés.,reintegro,20%; 10%,lunes,,1:lunes,El primer lunes de cada mes,Desde 2026-08-01 hasta 2026-12-31,Tope de compra mensual: Gs. 1.000.000,,,https://www.sudameris.com.py/storage/app/media/ByC/bc-zonasurencarnacion-23926.pdf
05b562af26075311,Sudameris,Otros,Ping Pong,Zona Sur - Encarnación,20% de reintegro Hasta 12 cuotas sin interés,reintegro,20%,viernes; sábado,,,viernes y sábado,Desde 2026-03-06 hasta 2027-02-28,Tope de compra mensual: Gs. 1.000.000,,,https://www.sudameris.com.py/storage/app/media/ByC/bc-zonasurencarnacion-23926.pdf
1e72c4ba7843b81a,Sudameris,Otros,Piña Colada Boutique,Zona Sur - Encarnación,20% de reintegro Hasta 10 cuotas sin interés,reintegro,20%,viernes; sábado,,,viernes y sábado,Desde 2026-03-06 hasta 2027-02-28,Tope de compra mensual: Gs.800.000,,,https://www.sudameris.com.py/storage/app/media/ByC/bc-zonasurencarnacion-23926.pdf
5ab317997c7de8b2,Sudameris,Otros,Poly Shop,Zona Este - Ciudad del Este,20% de reintegro + 5% elite Hasta 10 cuotas sin interés,reintegro,20%; 5%,viernes; sábado,,,viernes y sábados,Desde 2026-03-06 hasta 2027-02-27,Tope de compra mensual: GS. 800.000,,,https://www.sudameris.com.py/storage/app/media/ByC/bc-zonaestecde-23926.pdf
e8aebe153d6b7f35,Sudameris,Otros,Pretty Station,Zona Este - Ciudad del Este,20% de reintegro + 5% elite Hasta 12 cuotas sin interés,reintegro,20%; 5%,viernes; sábado,,,viernes y sábados,Desde 2026-03-06 hasta 2027-02-27,Tope de compra mensual: Gs. 500.000,,,https://www.sudameris.com.py/storage/app/media/ByC/bc-zonaestecde-23926.pdf
0ef5d37dd792e317,Sudameris,Otros,Progresar electrodomésticos,Zona Sur - Encarnación,20% de reintegro + 5% elite Hasta 12 cuotas sin interés,reintegro,20%; 5%,viernes; sábado,,,viernes y sábado,Desde 2026-03-06 hasta 2027-02-28,Tope de compra mensual: Gs. 8.000.000,,,https://www.sudameris.com.py/storage/app/media/ByC/bc-zonasurencarnacion-23926.pdf
2175542c54f7658f,Sudameris,Otros,Quiero Py,Zona Este - Ciudad del Este,20% de reintegro + 5% elite Hasta 10 cuotas sin interés,reintegro,20%; 5%,viernes; sábado,,,viernes y sábados,Desde 2025-07-04 hasta 2027-02-27,Tope de compra mensual: GS. 1.500.000,,,https://www.sudameris.com.py/storage/app/media/ByC/bc-zonaestecde-23926.pdf
c5cf28a065f150e7,Sudameris,Otros,ROMMY,Zona Este - Ciudad del Este,20% de reintegro + 5% elite Hasta 12 cuotas sin interés,reintegro,20%; 5%,viernes; sábado,,,Viernes y sábados,Desde 2026-09-04 hasta 2026-10-31,Tope de compra mensual: GS. 800.000,,,https://www.sudameris.com.py/storage/app/media/ByC/bc-zonaestecde-23926.pdf
8fee958533dfe53b,Sudameris,Otros,Rajomar Calzados,Zona Sur - Encarnación,20% de reintegro Hasta 10 cuotas sin interés,reintegro,20%,viernes; sábado,,,viernes y sábado,Desde 2026-03-06 hasta 2027-02-28,Tope de compra mensual: Gs. 1.000.000,,,https://www.sudameris.com.py/storage/app/media/ByC/bc-zonasurencarnacion-23926.pdf
9b75126c298a9dba,Sudameris,Otros,Refrisur,Zona Sur - Encarnación,20% de reintegro + 5% elite Hasta 12 cuotas sin interés,reintegro,20%; 5%,viernes; sábado,,,viernes y sábado,Desde 2026-03-06 hasta 2027-02-28,Tope de compra mensual: Gs. 2.000.000,,,https://www.sudameris.com.py/storage/app/media/ByC/bc-zonasurencarnacion-23926.pdf
69228673e01da1c2,Sudameris,Otros,Renova Padel,Zona Este - Ciudad del Este,20% de reintegro + 5% Elite Hasta 10 cuotas sin interés,reintegro,20%; 5%,viernes; sábado,,,viernes y sábados,Desde 2025-01-01 hasta 2027-02-27,Tope de compra mensual: Gs. 2.000.000,,,https://www.sudameris.com.py/storage/app/media/ByC/bc-zonaestecde-23926.pdf
929078f99d509800,Sudameris,Otros,Romances Boutique,Zona Sur - Encarnación,20% de reintegro + 5% elite Hasta 10 cuotas sin interés,reintegro,20%; 5%,viernes; sábado,,,viernes y sábado,Desde 2026-03-06 hasta 2027-02-28,Tope de compra mensual: Gs.2.500.000,,,https://www.sudameris.com.py/storage/app/media/ByC/bc-zonasurencarnacion-23926.pdf
3aa38bd9be070977,Sudameris,Otros,Romances Kids,Zona Sur - Encarnación,20% de reintegro + 5% elite Hasta 10 cuotas sin interés,reintegro,20%; 5%,viernes; sábado,,,viernes y sábado,Desde 2026-03-06 hasta 2027-02-28,Tope de compra mensual: Gs.2.500.000,,,https://www.sudameris.com.py/storage/app/media/ByC/bc-zonasurencarnacion-23926.pdf
efaea302f2024484,Sudameris,Otros,Rulo Sport,Zona Sur - Encarnación,20% de reintegro Hasta 10 cuotas sin interés,reintegro,20%,viernes; sábado,,,viernes y sábado,Desde 2026-03-06 hasta 2027-02-28,Tope de compra mensual: Gs.800.000,,,https://www.sudameris.com.py/storage/app/media/ByC/bc-zonasurencarnacion-23926.pdf
abe66e309ea7d885,Sudameris,Otros,STYL Optica,Zona Sur - Encarnación,10% de descuento en caja Hasta 12 cuotas sin interés,descuento,10%,lunes; martes; miércoles; jueves; viernes; sábado; domingo,,,Todos los días,Desde 2026-04-20 hasta 2026-12-31,Tope de compra mensual: N/A,,,https://www.sudameris.com.py/storage/app/media/ByC/bc-zonasurencarnacion-23926.pdf
24ad0ca790703e4c,Sudameris,Otros,San Isidro Showroom,Zona Sur - Encarnación,20% de descuento en caja Hasta 12 cuotas sin interés,descuento,20%,viernes; sábado,,,Viernes y sábado,Desde 2026-07-17 hasta 2026-12-31,Tope de compra mensual: N/A,,,https://www.sudameris.com.py/storage/app/media/ByC/bc-zonasurencarnacion-23926.pdf
ffa2bf2929fa5d55,Sudameris,Otros,Selva Negra Kafee Haus,Zona Sur - Encarnación,20% de reintegro + 5% elite Hasta 12 cuotas sin interés,reintegro,20%; 5%,jueves; viernes; sábado; domingo,,,Jueves a domingo,Desde 2026-05-14 hasta 2027-02-28,Tope de compra mensual: Gs. 600.000,,,https://www.sudameris.com.py/storage/app/media/ByC/bc-zonasurencarnacion-23926.pdf
56df3f361a81c6c2,Sudameris,Otros,Shell Combustible Grupo Laso,Zona Sur - Encarnación,15% de reintegro,reintegro,15%,lunes,,1:lunes,Primer lunes de cada mes,Desde 2026-07-06 hasta 2026-12-31,Tope de compra mensual: Gs. 1.000.000,,,https://www.sudameris.com.py/storage/app/media/ByC/bc-zonasurencarnacion-23926.pdf
59a65cf72facb1d2,Sudameris,Otros,Shop Grupo Laso,Zona Sur - Encarnación,20% de reintegro,reintegro,20%,lunes,,1:lunes,Primer lunes de cada mes,Desde 2026-07-06 hasta 2026-12-31,Tope de compra mensual: Gs. 500.000,,,https://www.sudameris.com.py/storage/app/media/ByC/bc-zonasurencarnacion-23926.pdf
9e60e4bc2f32bf0c,Sudameris,Otros,Shop Vane,Zona Sur - Encarnación,20% de reintegro,reintegro,20%,viernes,,,viernes,Desde 2026-03-06 hasta 2027-02-28,Tope de compra mensual: Gs. 500.000,,,https://www.sudameris.com.py/storage/app/media/ByC/bc-zonasurencarnacion-23926.pdf
4768c305bbdd6eb3,Sudameris,Otros,Supermercado La Familia,Zona Sur - Encarnación,15% de reintegro,reintegro,15%,sábado,,-1:sábado,Último sábado de cada mes,Desde 2026-07-01 hasta 2026-12-31,Tope de compra mensual: Gs. 1.500.000,,,https://www.sudameris.com.py/storage/app/media/ByC/bc-zonasurencarnacion-23926.pdf
2deda473e2f578c9,Sudameris,Otros,Sweet Store,Zona Sur - Encarnación,20% de reintegro + 5% elite Hasta 10 cuotas sin interés,reintegro,20%; 5%,viernes; sábado,,,viernes y sábado,Desde 2026-03-06 hasta 2027-02-28,Tope de compra mensual: Gs. 1.000.000,,,https://www.sudameris.com.py/storage/app/media/ByC/bc-zonasurencarnacion-23926.pdf
c77656b9fc0392de,Sudameris,Otros,Tasty Pizza,Zona Sur - Encarnación,20% de reintegro,reintegro,20%,viernes; sábado,,,viernes y sábado,Desde 2026-03-06 hasta 2027-02-28,Tope de compra mensual: Gs. 500.000,,,https://www.sudameris.com.py/storage/app/media/ByC/bc-zonasurencarnacion-23926.pdf
6e8fff9c3e6c4f17,Sudameris,Otros,Terra Nova,Zona Este - Ciudad del Este,20% de reintegro Hasta 12 cuotas sin interés,reintegro,20%,viernes; sábado,,,viernes y sábados,Desde 2026-03-06 hasta 2027-02-27,Tope de compra mensual: GS. 1.000.000,,,https://www.sudameris.com.py/storage/app/media/ByC/bc-zonaestecde-23926.pdf
c130b8955ba53d12,Sudameris,Otros,Tiari,Zona Sur - Encarnación,20% de reintegro + 5% elite Hasta 10 cuotas sin interés,reintegro,20%; 5%,viernes; sábado,,,viernes y sábado,Desde 2026-03-06 hasta 2027-02-28,Tope de compra mensual: Gs. 1.500.000,,,https://www.sudameris.com.py/storage/app/media/ByC/bc-zonasurencarnacion-23926.pdf
099f398d48e269ae,Sudameris,Otros,Todoluz,Zona Sur - Encarnación,20% de reintegro Hasta 12 cuotas sin interés,reintegro,20%,viernes,,,Viernes,Desde 2026-03-06 hasta 2027-02-28,Tope de compra mensual: Gs. 1.500.000,,,https://www.sudameris.com.py/storage/app/media/ByC/bc-zonasurencarnacion-23926.pdf
ceab7c7d2d723952,Sudameris,Otros,Totem Gym,Zona Sur - Encarnación,• Membresía trimestral: 20% de descuento en caja y hasta 3 cuotas sin intereses. • Membresía semestral: 25% de descuento en caja y hasta 6 cuotas sin intereses. • Membresía anual: 30% de descuento en caja y hasta 12 cuotas sin intereses.,descuento,20%; 25%; 30%,lunes; martes; miércoles; jueves; viernes; sábado; domingo,,,Todos los días,Desde 2026-05-04 hasta 2026-12-31,Tope de compra mensual: N/A,,,https://www.sudameris.com.py/storage/app/media/ByC/bc-zonasurencarnacion-23926.pdf
25ba856fd7cb341f,Sudameris,Otros,Tres Chic Boutique,Zona Sur - Encarnación,20% de reintegro + 5% elite Hasta 10 cuotas sin interés,reintegro,20%; 5%,viernes; sábado,,,viernes y sábado,Desde 2026-03-06 hasta 2027-02-28,Tope de compra mensual: Gs. 1.000.000,,,https://www.sudameris.com.py/storage/app/media/ByC/bc-zonasurencarnacion-23926.pdf
107c3aec9571f1c5,Sudameris,Otros,Ula Ula Kids,Zona Sur - Encarnación,20% de reintegro + 5% elite Hasta 10 cuotas sin interés,reintegro,20%; 5%,viernes; sábado,,,Viernes y sábado,Desde 2026-03-06 hasta 2027-02-28,Tope de compra mensual: GS 1.000.000,,,https://www.sudameris.com.py/storage/app/media/ByC/bc-zonasurencarnacion-23926.pdf
b3cb63026a40a49b,Sudameris,Otros,Umaai Sushis y Wok,Zona Sur - Encarnación,20% de reintegro,reintegro,20%,viernes; sábado,,,Viernes y sábado,Desde 2026-03-06 hasta 2027-02-28,Tope de compra mensual: Gs. 500.000,,,https://www.sudameris.com.py/storage/app/media/ByC/bc-zonasurencarnacion-23926.pdf
365e973dcbf385d4,Sudameris,Otros,Veterinaria Itapúa,Zona Sur - Encarnación,20% de reintegro Hasta 10 cuotas sin interés,reintegro,20%,viernes; sábado,,,viernes y sábado,Desde 2026-03-06 hasta 2027-02-28,Tope de compra mensual: Gs. 600.000,,,https://www.sudameris.com.py/storage/app/media/ByC/bc-zonasurencarnacion-23926.pdf
05996776001bd44a,Sudameris,Otros,Vets,Zona Este - Ciudad del Este,20% de reintegro Hasta 10 Cuotas sin interés,reintegro,20%,viernes,,,Viernes,Desde 2026-08-21 hasta 2026-09-25,Tope de compra mensual: GS. 500.000,,,https://www.sudameris.com.py/storage/app/media/ByC/bc-zonaestecde-23926.pdf
fc8afc27dab1ee02,Sudameris,Otros,Vinader Computación,Zona Sur - Encarnación,20% de reintegro Hasta 12 cuotas sin interés,reintegro,20%,lunes; martes; miércoles; jueves; viernes; sábado,,,lunes a sabados,Desde 2026-03-02 hasta 2027-02-28,Tope de compra mensual: Gs.8.000.000,,,https://www.sudameris.com.py/storage/app/media/ByC/bc-zonasurencarnacion-23926.pdf
70befcb9247c96b8,Sudameris,Otros,Vitalmed,Zona Este - Ciudad del Este,20% de descuento en caja +10% de reintegro con TC Hasta 12 cuotas sin interés,reintegro,20%; 10%,lunes,,1:lunes,El primer lunes de cada mes,Desde 2026-08-01 hasta 2026-12-31,Tope de compra mensual: GS. 1.000.000,,,https://www.sudameris.com.py/storage/app/media/ByC/bc-zonaestecde-23926.pdf
263818db5dd0f5ce,Sudameris,Otros,Wok Dinasty,Zona Este - Ciudad del Este,20% de reintegro,reintegro,20%,viernes; sábado,,,Viernes y sábados,Desde 2026-03-06 hasta 2027-02-27,Tope de compra mensual: GS. 800.000,,,https://www.sudameris.com.py/storage/app/media/ByC/bc-zonaestecde-23926.pdf
fb152a7d1fb1b1f3,Sudameris,Otros,ZONA CENTRAL - ASUNCIÓN Y GRAN ASUNCIÓN,,en tu zona,beneficio,,,,,No especificado,• Verificar según aplicación de promoción (ver cuadro más abajo).,,,,https://www.sudameris.com.py/beneficios/destacado/647/detalle
861b724bea0dec8b,Sudameris,Otros,Zara Vision Optica,Zona Este - Ciudad del Este,20% de reintegro +5% Elite Hasta 12 cuotas sin interés,reintegro,20%; 5%,viernes; sábado,,,viernes y sábados,Desde 2026-03-20 hasta 2027-02-27,Tope de compra mensual: GS. 1.500.000,,,https://www.sudameris.com.py/storage/app/media/ByC/bc-zonaestecde-23926.pdf
3fc2ba285acd62a5,Sudameris,Otros,Óptica Trinidad,Zona Sur - Encarnación,20% de reintegro Hasta 12 cuotas sin interés,reintegro,20%,viernes; sábado,,,Viernes y sábado,Desde 2026-03-06 hasta 2027-02-28,Tope de compra mensual: Gs. 1.000.000,,,https://www.sudameris.com.py/storage/app/media/ByC/bc-zonasurencarnacion-23926.pdf
451c9913e2558be2,Sudameris,Supermercados,LUISITO,,20%,reintegro,20%,martes,,,Todos los martes,• Todos los martes. • Desde el 26 de mayo hasta el 30 de noviembre 2026.,,,,https://www.sudameris.com.py/beneficios/destacado/875/detalle
c1cd11ef0944f1b5,Sudameris,Supermercados,REAL SUPERMERCADOS,,20%; Hasta 12 cuotas sin interés,cuotas_sin_intereses,20%,viernes,,1:viernes,primer viernes; Solo el primer viernes; todos los días,• Desde el 01 de julio hasta el 30 de septiembre 2026. • Solo el primer viernes de cada mes: • 03 de julio. • 07 de agosto. • 04 de septiembre.,,,,https://www.sudameris.com.py/beneficios/destacado/483/detalle
060864a92e631902,Sudameris,Viajes y turismo,12 CUOTAS SIN INTERÉS - 2026,,¡Disfrutá tus rubros favoritos en CUOTAS! Tenés hasta 12 cuotas sin interés todos los días hasta el 31 de diciembre de 2026 con todas tus tarjetas de crédito en: Bicicleterías Club,cuotas_sin_intereses,,lunes; martes; miércoles; jueves; viernes; sábado; domingo,,,todos los días,No especificado,,,,https://www.sudameris.com.py/beneficios/destacado/147/detalle
aa6be9dce5bb2b26,Sudameris,Viajes y turismo,DISFRUTÁ DEL RESORT YACHT Y GOLF CLUB,,10%; 25%,reintegro,10%; 25%,lunes; martes; miércoles; jueves; viernes; sábado; domingo,,,Todos los días,• Todos los días • Desde el 12 hasta el 31 de diciembre de 2025.,,,,https://www.sudameris.com.py/beneficios/destacado/376/detalle
c4d5cc3015cf7c35,Sudameris,Viajes y turismo,DTP TRAVEL GROUP,,Upgrade de Entradas – Charter F1 São Paulo VIGENCIA •La Promoción tendrá vigencia desde enero de 2026 hasta octubre del 2026.,beneficio,,,,,No especificado,•La Promoción tendrá,,,,https://www.sudameris.com.py/beneficios/destacado/787/detalle
94baa749ea2b36db,Sudameris,Viajes y turismo,TATANO POSADA BOUTIQUE,,20%; 25%; Hasta 12 cuotas sin intereses,cuotas_sin_intereses,20%; 25%,martes; miércoles; jueves; viernes; sábado; domingo,,,Martes a domingo,• Martes a domingo. • Desde el 07 de abril 2026 hasta el 31 de diciembre 2026.,,,,https://www.sudameris.com.py/beneficios/destacado/761/detalle
e00046a2cb73ad01,ueno bank,Clubes sociales,CIT - Consumos dentro del club,CIT - Consumos dentro del club,20% reintegro,reintegro,20%,,,,No especificado,"Vigencia: ● Desde el 01 de septiembre de 2025 hasta el 26 de agosto de 2029 para el CLUB INTERNACIONAL DE TENIS, en los conceptos detallados en los ANEXOS I y II. Condiciones: ● Aplica exclusivamente para compras realizadas con tarjetas físicas o mediante billeteras electrónicas (apple pay/google pay) realizadas con las tarjetas de crédito MasterCard Dúo Clásica, Black y Albirroja, emitidas por ueno bank S.A. ● No aplica a pagos realizados mediante código QR, incluyendo los de la app ueno bank. Beneficio: El beneficio se aplicará a cada cliente durante la vigencia de la promoción, según detalle: NIVEL DEL % DE MONTO DE COMPRA REINTEGRO MÁXIMO CLIENTE REINTEGRO (Gs.) (Gs.) nivel 5 20% Gs. 2.000.000 Gs. 400.000 nivel 4 20% Gs. 2.000.000 Gs. 400.000 nivel 3 20% Gs. 2.000.000 Gs. 400.000 nivel 2 20% Gs. 2.000.000 Gs. 400.000 nivel 1 20% Gs. 2.000.000 Gs. 400.000 ● El tope de compra/reintegro asignado por cliente, definido según su nivel, se aplicará mensualmente y de forma conjunta considerando todos los pagos realizados en los clubes adheridos a la presente promoción, durante la vigencia indicada en cada caso. ● El porcentaje de reintegro aplicable a cada compra será el correspondiente al nivel que el cliente posea al momento de realizar la transacción. En caso de que el cliente cambie de nivel con posterioridad a la compra, dicho cambio no afectará el porcentaje de reintegro determinado al momento de la operación. ● Adicionalmente, se encuentra disponible el financiamiento de hasta 12 cuotas sin intereses a través de la Red Upay en pagos realizados en el CLUB INTERNACIONAL DE TENIS en los conceptos detallados en el ANEXO I, (no aplicable por defecto, el cliente deberá seleccionar expresamente el plazo de financiación al momento de realizar el pago). ● El cliente podrá visualizar su nivel en la App de ueno bank S.A., en la sección de ‘‘Beneficios’’ Observaciones: ● Este beneficio no es acumulable con otros beneficios vigentes del banco; sin embargo, en caso de existir otra promoción vigente, se aplicará automáticamente aquella que represente el mayor beneficio para el cliente. ● Si la transacción asociada al beneficio fuera anulada, cancelada o revertida (por solicitud del cliente o por incumplimiento de estas bases y condiciones), el cliente autoriza a ueno bank S.A. a anular o debitar el monto correspondiente del reintegro, sin necesidad de notificación previa. Si al momento del débito el cliente no cuenta con fondos disponibles en la cuenta, el importe quedará pendiente y será debitado automáticamente en cuanto se disponga de saldo. ● ueno bank S.A. podrá modificar las presentes bases y condiciones ante eventuales actualizaciones del acuerdo con el/los comercio/s adheridos a la promoción. Dichas modificaciones podrán aplicarse sin previo aviso, por lo que se recomienda al cliente consultar la versión vigente de las bases y condiciones antes de realizar la transacción. ● Los reclamos serán válidos únicamente sobre la versión vigente al momento de la compra. ● Para asegurar tu beneficio, recordá que el mismo aplica únicamente si el pago se procesa a través de las terminales (POS) presenciales, botones/links web de pago (VPOS) o mediante el sistema para débitos automáticos recurrentes oficialmente habilitados por las redes autorizadas para esta promoción. En pagos presenciales, te recomendamos confirmar el canal con el comercio antes de pagar. Plazo de acreditación del reintegro: ● Para pagos realizados con tarjetas de crédito de ueno, el beneficio del 100% se acreditará automáticamente en cualquier cuenta de ahorro ueno de cliente apta para recibir reintegros, en un plazo de hasta 8 días hábiles inclusive. Antes de cada acreditación, el Banco verificará que la cuenta seleccionada esté habilitada. Quedan excluidas las cuentas de aguinaldo y las tipo billeteras de telefonías o similares. Comunicaciones: ● El Banco dará a conocer cualquier información relevante sobre la presente promoción a través de sus canales oficiales. Se considerarán como “canales oficiales”, aquellos medios administrados directamente por el Banco y vinculados a su marca o plataformas tecnológicas asociadas. La elección del medio y momento de publicación de cualquier contenido será a su exclusivo criterio, sin que esto implique la obligación de utilizar todos sus canales de forma simultánea o continua. Esto incluye, pero no se limita a: ● Redes sociales (Instagram: @ueno_py, X: @uenopy, Facebook: Ueno bank S.A.). ● SMS y correo electrónico. ● Notificaciones en la aplicación móvil del banco. ● Página web (https://www.ueno.com.py/). Se recomienda al cliente priorizar siempre la información publicada en dichos canales, por sobre cualquier otro aviso fuera de ellos. Exclusiones: ● Los beneficios no serán aplicables a las clientes que registren atrasos en sus pagos a partir de 30 (treinta) días en cualquier producto activo que posean en el banco. ● No se sumarán ni duplicarán reintegros si el mismo comercio también participa en otras plataformas (como aplicaciones móviles o sitios web) con promociones vigentes, salvo que se indique expresamente lo contrario. ANEXO I ADHERIDOS A TRAVÉS DE LA RED UPAY 1 Pagos en caja realizados en el Centro de Atención al Socio 2 Áreas Deportivas: Gimnasio, Voley y Futbol (Alquiler de toallas e Inscripciones a torneos) Escuelas Deportivas: Academia de Tenis: Menores y Adultos, Natación, Hidrogym, Spinning, Funcional 3 Kids y Personalizado, Patinaje (Cuota y matrícula - única disciplina con matrícula), Básquetbol, Fútbol, Tenis de Mesa, Vóley, Karate, Jiu Jitsu, Judo, Arquería, Salsa, Fit Dance, Pádel, Squash y Golf. 4 Peluquería By Elen 5 Eat Well dentro del predio del Club Internacional de Tenis. 6 Acaiterra dentro del predio del Club Internacional de Tenis. 7 Restaurante PINDO 8 TL SPORTS CIT 9 Provisión Cars CIT 10 Studio+ Pilates ANEXO II ADHERIDOS A TRAVÉS DE LA RED INFONET 1 Pago de las cuotas sociales a través de Débito Automático Versión 01 | Septiembre 2026",Nivel 5: tope de compra Gs. 2.000.000; tope de reintegro Gs. 400.000; Nivel 4: tope de compra Gs. 2.000.000; tope de reintegro Gs. 400.000; Nivel 3: tope de compra Gs. 2.000.000; tope de reintegro Gs. 400.000; Nivel 2: tope de compra Gs. 2.000.000; tope de reintegro Gs. 400.000; Nivel 1: tope de compra Gs. 2.000.000; tope de reintegro Gs. 400.000,Nivel 5: 20%; Nivel 4: 20%; Nivel 3: 20%; Nivel 2: 20%; Nivel 1: 20%,,https://www.ueno.com.py/wp-content/uploads/2026/08/Promocion-Reintegro-CLUBES-_-SEP-2026v1.pdf
cf8ef5a71b788278,ueno bank,Clubes sociales,CIT - Cuotas sociales,CIT - Cuotas sociales,20% reintegro,reintegro,20%,,,,No especificado,"Vigencia: ● Desde el 01 de septiembre de 2025 hasta el 26 de agosto de 2029 para el CLUB INTERNACIONAL DE TENIS, en los conceptos detallados en los ANEXOS I y II. Condiciones: ● Aplica exclusivamente para compras realizadas con tarjetas físicas o mediante billeteras electrónicas (apple pay/google pay) realizadas con las tarjetas de crédito MasterCard Dúo Clásica, Black y Albirroja, emitidas por ueno bank S.A. ● No aplica a pagos realizados mediante código QR, incluyendo los de la app ueno bank. Beneficio: El beneficio se aplicará a cada cliente durante la vigencia de la promoción, según detalle: NIVEL DEL % DE MONTO DE COMPRA REINTEGRO MÁXIMO CLIENTE REINTEGRO (Gs.) (Gs.) nivel 5 20% Gs. 2.000.000 Gs. 400.000 nivel 4 20% Gs. 2.000.000 Gs. 400.000 nivel 3 20% Gs. 2.000.000 Gs. 400.000 nivel 2 20% Gs. 2.000.000 Gs. 400.000 nivel 1 20% Gs. 2.000.000 Gs. 400.000 ● El tope de compra/reintegro asignado por cliente, definido según su nivel, se aplicará mensualmente y de forma conjunta considerando todos los pagos realizados en los clubes adheridos a la presente promoción, durante la vigencia indicada en cada caso. ● El porcentaje de reintegro aplicable a cada compra será el correspondiente al nivel que el cliente posea al momento de realizar la transacción. En caso de que el cliente cambie de nivel con posterioridad a la compra, dicho cambio no afectará el porcentaje de reintegro determinado al momento de la operación. ● Adicionalmente, se encuentra disponible el financiamiento de hasta 12 cuotas sin intereses a través de la Red Upay en pagos realizados en el CLUB INTERNACIONAL DE TENIS en los conceptos detallados en el ANEXO I, (no aplicable por defecto, el cliente deberá seleccionar expresamente el plazo de financiación al momento de realizar el pago). ● El cliente podrá visualizar su nivel en la App de ueno bank S.A., en la sección de ‘‘Beneficios’’ Observaciones: ● Este beneficio no es acumulable con otros beneficios vigentes del banco; sin embargo, en caso de existir otra promoción vigente, se aplicará automáticamente aquella que represente el mayor beneficio para el cliente. ● Si la transacción asociada al beneficio fuera anulada, cancelada o revertida (por solicitud del cliente o por incumplimiento de estas bases y condiciones), el cliente autoriza a ueno bank S.A. a anular o debitar el monto correspondiente del reintegro, sin necesidad de notificación previa. Si al momento del débito el cliente no cuenta con fondos disponibles en la cuenta, el importe quedará pendiente y será debitado automáticamente en cuanto se disponga de saldo. ● ueno bank S.A. podrá modificar las presentes bases y condiciones ante eventuales actualizaciones del acuerdo con el/los comercio/s adheridos a la promoción. Dichas modificaciones podrán aplicarse sin previo aviso, por lo que se recomienda al cliente consultar la versión vigente de las bases y condiciones antes de realizar la transacción. ● Los reclamos serán válidos únicamente sobre la versión vigente al momento de la compra. ● Para asegurar tu beneficio, recordá que el mismo aplica únicamente si el pago se procesa a través de las terminales (POS) presenciales, botones/links web de pago (VPOS) o mediante el sistema para débitos automáticos recurrentes oficialmente habilitados por las redes autorizadas para esta promoción. En pagos presenciales, te recomendamos confirmar el canal con el comercio antes de pagar. Plazo de acreditación del reintegro: ● Para pagos realizados con tarjetas de crédito de ueno, el beneficio del 100% se acreditará automáticamente en cualquier cuenta de ahorro ueno de cliente apta para recibir reintegros, en un plazo de hasta 8 días hábiles inclusive. Antes de cada acreditación, el Banco verificará que la cuenta seleccionada esté habilitada. Quedan excluidas las cuentas de aguinaldo y las tipo billeteras de telefonías o similares. Comunicaciones: ● El Banco dará a conocer cualquier información relevante sobre la presente promoción a través de sus canales oficiales. Se considerarán como “canales oficiales”, aquellos medios administrados directamente por el Banco y vinculados a su marca o plataformas tecnológicas asociadas. La elección del medio y momento de publicación de cualquier contenido será a su exclusivo criterio, sin que esto implique la obligación de utilizar todos sus canales de forma simultánea o continua. Esto incluye, pero no se limita a: ● Redes sociales (Instagram: @ueno_py, X: @uenopy, Facebook: Ueno bank S.A.). ● SMS y correo electrónico. ● Notificaciones en la aplicación móvil del banco. ● Página web (https://www.ueno.com.py/). Se recomienda al cliente priorizar siempre la información publicada en dichos canales, por sobre cualquier otro aviso fuera de ellos. Exclusiones: ● Los beneficios no serán aplicables a las clientes que registren atrasos en sus pagos a partir de 30 (treinta) días en cualquier producto activo que posean en el banco. ● No se sumarán ni duplicarán reintegros si el mismo comercio también participa en otras plataformas (como aplicaciones móviles o sitios web) con promociones vigentes, salvo que se indique expresamente lo contrario. ANEXO I ADHERIDOS A TRAVÉS DE LA RED UPAY 1 Pagos en caja realizados en el Centro de Atención al Socio 2 Áreas Deportivas: Gimnasio, Voley y Futbol (Alquiler de toallas e Inscripciones a torneos) Escuelas Deportivas: Academia de Tenis: Menores y Adultos, Natación, Hidrogym, Spinning, Funcional 3 Kids y Personalizado, Patinaje (Cuota y matrícula - única disciplina con matrícula), Básquetbol, Fútbol, Tenis de Mesa, Vóley, Karate, Jiu Jitsu, Judo, Arquería, Salsa, Fit Dance, Pádel, Squash y Golf. 4 Peluquería By Elen 5 Eat Well dentro del predio del Club Internacional de Tenis. 6 Acaiterra dentro del predio del Club Internacional de Tenis. 7 Restaurante PINDO 8 TL SPORTS CIT 9 Provisión Cars CIT 10 Studio+ Pilates ANEXO II ADHERIDOS A TRAVÉS DE LA RED INFONET 1 Pago de las cuotas sociales a través de Débito Automático Versión 01 | Septiembre 2026",Nivel 5: tope de compra Gs. 2.000.000; tope de reintegro Gs. 400.000; Nivel 4: tope de compra Gs. 2.000.000; tope de reintegro Gs. 400.000; Nivel 3: tope de compra Gs. 2.000.000; tope de reintegro Gs. 400.000; Nivel 2: tope de compra Gs. 2.000.000; tope de reintegro Gs. 400.000; Nivel 1: tope de compra Gs. 2.000.000; tope de reintegro Gs. 400.000,Nivel 5: 20%; Nivel 4: 20%; Nivel 3: 20%; Nivel 2: 20%; Nivel 1: 20%,,https://www.ueno.com.py/wp-content/uploads/2026/08/Promocion-Reintegro-CLUBES-_-SEP-2026v1.pdf
9adf4273798c60be,ueno bank,Clubes sociales,dba club ccp,dba club ccp,40% reintegro; 30% reintegro; 25% reintegro; 15% reintegro; 10% reintegro,reintegro,40%; 30%; 25%; 15%; 10%,,,,No especificado,Desde el 01 de septiembre hasta el 30 de septiembre del 2026,Nivel 5: tope de compra Gs. 500.000; tope de reintegro Gs. 200.000; Nivel 4: tope de compra Gs. 500.000; tope de reintegro Gs. 150.000; Nivel 3: tope de compra Gs. 500.000; tope de reintegro Gs. 125.000; Nivel 2: tope de compra Gs. 500.000; tope de reintegro Gs. 75.000; Nivel 1: tope de compra Gs. 500.000; tope de reintegro Gs. 50.000,Nivel 5: 40%; Nivel 4: 30%; Nivel 3: 25%; Nivel 2: 15%; Nivel 1: 10%,,https://www.ueno.com.py/wp-content/uploads/2026/08/Promocion-Reintegro-DBA-CLUB-CCP-_-SEP-2026v1.pdf
035d35ccaa751c19,ueno bank,Clubes sociales,dba club olimpia,dba club olimpia,40% reintegro; 30% reintegro; 25% reintegro; 15% reintegro; 10% reintegro,reintegro,40%; 30%; 25%; 15%; 10%,,,,No especificado,Desde el 01 de septiembre hasta el 30 de septiembre del 2026,Nivel 5: tope de compra Gs. 500.000; tope de reintegro Gs. 200.000; Nivel 4: tope de compra Gs. 500.000; tope de reintegro Gs. 150.000; Nivel 3: tope de compra Gs. 500.000; tope de reintegro Gs. 125.000; Nivel 2: tope de compra Gs. 500.000; tope de reintegro Gs. 75.000; Nivel 1: tope de compra Gs. 500.000; tope de reintegro Gs. 50.000,Nivel 5: 40%; Nivel 4: 30%; Nivel 3: 25%; Nivel 2: 15%; Nivel 1: 10%,,https://www.ueno.com.py/wp-content/uploads/2026/08/Promocion-Reintegro-DBA-CLUB-OLIMPIA-_-SEP-2026v1-1.pdf
98413b89edd668f3,ueno bank,Combustible,3MG,3MG,40% reintegro; 30% reintegro; 25% reintegro; 15% reintegro; 10% reintegro,reintegro,40%; 30%; 25%; 15%; 10%,lunes; martes; miércoles; jueves; viernes; sábado; domingo,,,Todos los días,Desde el 01 de septiembre hasta el 30 de septiembre del 2026,Nivel 5: tope de compra semanal Gs. 150.000; tope de reintegro semanal Gs. 60.000; Nivel 4: tope de compra semanal Gs. 125.000; tope de reintegro semanal Gs. 37.500; Nivel 3: tope de compra semanal Gs. 75.000; tope de reintegro semanal Gs. 18.750; Nivel 2: tope de compra semanal Gs. 50.000; tope de reintegro semanal Gs. 7.500; Nivel 1: tope de compra semanal Gs. 25.000; tope de reintegro semanal Gs. 2.500,Nivel 5: 40%; Nivel 4: 30%; Nivel 3: 25%; Nivel 2: 15%; Nivel 1: 10%,,https://www.ueno.com.py/wp-content/uploads/2026/08/Beneficio-de-Reintegro-COMBUSTIBLES-_-SEP-2026v5.pdf
a3ba83d424371a01,ueno bank,Combustible,COPETROL,COPETROL,40% reintegro; 30% reintegro; 25% reintegro; 15% reintegro; 10% reintegro,reintegro,40%; 30%; 25%; 15%; 10%,lunes; martes; miércoles; jueves; viernes; sábado; domingo,,,Todos los días,Desde el 01 de septiembre hasta el 30 de septiembre del 2026,Nivel 5: tope de compra semanal Gs. 150.000; tope de reintegro semanal Gs. 60.000; Nivel 4: tope de compra semanal Gs. 125.000; tope de reintegro semanal Gs. 37.500; Nivel 3: tope de compra semanal Gs. 75.000; tope de reintegro semanal Gs. 18.750; Nivel 2: tope de compra semanal Gs. 50.000; tope de reintegro semanal Gs. 7.500; Nivel 1: tope de compra semanal Gs. 25.000; tope de reintegro semanal Gs. 2.500,Nivel 5: 40%; Nivel 4: 30%; Nivel 3: 25%; Nivel 2: 15%; Nivel 1: 10%,,https://www.ueno.com.py/wp-content/uploads/2026/08/Beneficio-de-Reintegro-COMBUSTIBLES-_-SEP-2026v5.pdf
efcac1f131e95ec2,ueno bank,Combustible,ENEX,ENEX,40% reintegro; 30% reintegro; 25% reintegro; 15% reintegro; 10% reintegro,reintegro,40%; 30%; 25%; 15%; 10%,lunes; martes; miércoles; jueves; viernes; sábado; domingo,,,Todos los días,Desde el 01 de septiembre hasta el 30 de septiembre del 2026,Nivel 5: tope de compra semanal Gs. 150.000; tope de reintegro semanal Gs. 60.000; Nivel 4: tope de compra semanal Gs. 125.000; tope de reintegro semanal Gs. 37.500; Nivel 3: tope de compra semanal Gs. 75.000; tope de reintegro semanal Gs. 18.750; Nivel 2: tope de compra semanal Gs. 50.000; tope de reintegro semanal Gs. 7.500; Nivel 1: tope de compra semanal Gs. 25.000; tope de reintegro semanal Gs. 2.500,Nivel 5: 40%; Nivel 4: 30%; Nivel 3: 25%; Nivel 2: 15%; Nivel 1: 10%,,https://www.ueno.com.py/wp-content/uploads/2026/08/Beneficio-de-Reintegro-COMBUSTIBLES-_-SEP-2026v5.pdf
bd07b5b002663db4,ueno bank,Combustible,PETROBRAS,PETROBRAS,40% reintegro; 30% reintegro; 25% reintegro; 15% reintegro; 10% reintegro,reintegro,40%; 30%; 25%; 15%; 10%,lunes; martes; miércoles; jueves; viernes; sábado; domingo,,,Todos los días,Desde el 01 de septiembre hasta el 30 de septiembre del 2026,Nivel 5: tope de compra semanal Gs. 150.000; tope de reintegro semanal Gs. 60.000; Nivel 4: tope de compra semanal Gs. 125.000; tope de reintegro semanal Gs. 37.500; Nivel 3: tope de compra semanal Gs. 75.000; tope de reintegro semanal Gs. 18.750; Nivel 2: tope de compra semanal Gs. 50.000; tope de reintegro semanal Gs. 7.500; Nivel 1: tope de compra semanal Gs. 25.000; tope de reintegro semanal Gs. 2.500,Nivel 5: 40%; Nivel 4: 30%; Nivel 3: 25%; Nivel 2: 15%; Nivel 1: 10%,,https://www.ueno.com.py/wp-content/uploads/2026/08/Beneficio-de-Reintegro-COMBUSTIBLES-_-SEP-2026v5.pdf
fdd72b5b8d64925e,ueno bank,Combustible,PETROCHACO,PETROCHACO,40% reintegro; 30% reintegro; 25% reintegro; 15% reintegro; 10% reintegro,reintegro,40%; 30%; 25%; 15%; 10%,lunes; martes; miércoles; jueves; viernes; sábado; domingo,,,Todos los días,Desde el 01 de septiembre hasta el 30 de septiembre del 2026,Nivel 5: tope de compra semanal Gs. 150.000; tope de reintegro semanal Gs. 60.000; Nivel 4: tope de compra semanal Gs. 125.000; tope de reintegro semanal Gs. 37.500; Nivel 3: tope de compra semanal Gs. 75.000; tope de reintegro semanal Gs. 18.750; Nivel 2: tope de compra semanal Gs. 50.000; tope de reintegro semanal Gs. 7.500; Nivel 1: tope de compra semanal Gs. 25.000; tope de reintegro semanal Gs. 2.500,Nivel 5: 40%; Nivel 4: 30%; Nivel 3: 25%; Nivel 2: 15%; Nivel 1: 10%,,https://www.ueno.com.py/wp-content/uploads/2026/08/Beneficio-de-Reintegro-COMBUSTIBLES-_-SEP-2026v5.pdf
5f2d6b1a1e176edd,ueno bank,Combustible,PETROMAX,PETROMAX,40% reintegro; 30% reintegro; 25% reintegro; 15% reintegro; 10% reintegro,reintegro,40%; 30%; 25%; 15%; 10%,lunes; martes; miércoles; jueves; viernes; sábado; domingo,,,Todos los días,Desde el 01 de septiembre hasta el 30 de septiembre del 2026,Nivel 5: tope de compra semanal Gs. 150.000; tope de reintegro semanal Gs. 60.000; Nivel 4: tope de compra semanal Gs. 125.000; tope de reintegro semanal Gs. 37.500; Nivel 3: tope de compra semanal Gs. 75.000; tope de reintegro semanal Gs. 18.750; Nivel 2: tope de compra semanal Gs. 50.000; tope de reintegro semanal Gs. 7.500; Nivel 1: tope de compra semanal Gs. 25.000; tope de reintegro semanal Gs. 2.500,Nivel 5: 40%; Nivel 4: 30%; Nivel 3: 25%; Nivel 2: 15%; Nivel 1: 10%,,https://www.ueno.com.py/wp-content/uploads/2026/08/Beneficio-de-Reintegro-COMBUSTIBLES-_-SEP-2026v5.pdf
61eb9244010115fe,ueno bank,Combustible,PUMA ENERGY,PUMA ENERGY,40% reintegro; 30% reintegro; 25% reintegro; 15% reintegro; 10% reintegro,reintegro,40%; 30%; 25%; 15%; 10%,lunes; martes; miércoles; jueves; viernes; sábado; domingo,,,Todos los días,Desde el 01 de septiembre hasta el 30 de septiembre del 2026,Nivel 5: tope de compra semanal Gs. 150.000; tope de reintegro semanal Gs. 60.000; Nivel 4: tope de compra semanal Gs. 125.000; tope de reintegro semanal Gs. 37.500; Nivel 3: tope de compra semanal Gs. 75.000; tope de reintegro semanal Gs. 18.750; Nivel 2: tope de compra semanal Gs. 50.000; tope de reintegro semanal Gs. 7.500; Nivel 1: tope de compra semanal Gs. 25.000; tope de reintegro semanal Gs. 2.500,Nivel 5: 40%; Nivel 4: 30%; Nivel 3: 25%; Nivel 2: 15%; Nivel 1: 10%,,https://www.ueno.com.py/wp-content/uploads/2026/08/Beneficio-de-Reintegro-COMBUSTIBLES-_-SEP-2026v5.pdf
7172e6bbf76e5571,ueno bank,Combustible,Petropar,Petropar,40% reintegro; 30% reintegro; 25% reintegro; 15% reintegro; 10% reintegro,reintegro,40%; 30%; 25%; 15%; 10%,lunes; martes; miércoles; jueves; viernes; sábado; domingo,,,Todos los días,Desde el 01 de septiembre hasta el 30 de septiembre del 2026,Nivel 5: tope de compra Gs. 600.000; tope de reintegro Gs. 240.000; Nivel 4: tope de compra Gs. 500.000; tope de reintegro Gs. 150.000; Nivel 3: tope de compra Gs. 300.000; tope de reintegro Gs. 75.000; Nivel 2: tope de compra Gs. 200.000; tope de reintegro Gs. 30.000; Nivel 1: tope de compra Gs. 100.000; tope de reintegro Gs. 10.000,Nivel 5: 40%; Nivel 4: 30%; Nivel 3: 25%; Nivel 2: 15%; Nivel 1: 10%,,https://www.ueno.com.py/wp-content/uploads/2026/08/Promocion-Reintegro-Petropar-_-SEP-2026v3.pdf
599ba42baed22a99,ueno bank,Entretenimiento,ACADEMIA JESSICA SANTA CRUZ,ACADEMIA JESSICA SANTA CRUZ,40% reintegro; 30% reintegro; 25% reintegro; 15% reintegro; 10% reintegro,reintegro,40%; 30%; 25%; 15%; 10%,,,,No especificado,Desde el 01 de septiembre hasta el 30 de septiembre del 2026,Nivel 5: tope de compra Gs. 1.000.000; tope de reintegro Gs. 400.000; Nivel 4: tope de compra Gs. 800.000; tope de reintegro Gs. 240.000; Nivel 3: tope de compra Gs. 600.000; tope de reintegro Gs. 150.000; Nivel 2: tope de compra Gs. 400.000; tope de reintegro Gs. 60.000; Nivel 1: tope de compra Gs. 300.000; tope de reintegro Gs. 30.000,Nivel 5: 40%; Nivel 4: 30%; Nivel 3: 25%; Nivel 2: 15%; Nivel 1: 10%,,https://www.ueno.com.py/wp-content/uploads/2026/08/Promocion-Reintegro-DEPORTES-_-SEP-2026v1.pdf
6d5e3aca6cc54e6c,ueno bank,Entretenimiento,ACADEMIA OLIMPIA,ACADEMIA OLIMPIA,40% reintegro; 30% reintegro; 25% reintegro; 15% reintegro; 10% reintegro,reintegro,40%; 30%; 25%; 15%; 10%,,,,No especificado,Desde el 01 de septiembre hasta el 30 de septiembre del 2026,Nivel 5: tope de compra Gs. 1.000.000; tope de reintegro Gs. 400.000; Nivel 4: tope de compra Gs. 800.000; tope de reintegro Gs. 240.000; Nivel 3: tope de compra Gs. 600.000; tope de reintegro Gs. 150.000; Nivel 2: tope de compra Gs. 400.000; tope de reintegro Gs. 60.000; Nivel 1: tope de compra Gs. 300.000; tope de reintegro Gs. 30.000,Nivel 5: 40%; Nivel 4: 30%; Nivel 3: 25%; Nivel 2: 15%; Nivel 1: 10%,,https://www.ueno.com.py/wp-content/uploads/2026/08/Promocion-Reintegro-DEPORTES-_-SEP-2026v1.pdf
cedd7db32192538e,ueno bank,Entretenimiento,AF PEAK LAB,AF PEAK LAB,40% reintegro; 30% reintegro; 25% reintegro; 15% reintegro; 10% reintegro,reintegro,40%; 30%; 25%; 15%; 10%,,,,No especificado,Desde el 01 de septiembre hasta el 30 de septiembre del 2026,Nivel 5: tope de compra Gs. 1.000.000; tope de reintegro Gs. 400.000; Nivel 4: tope de compra Gs. 800.000; tope de reintegro Gs. 240.000; Nivel 3: tope de compra Gs. 600.000; tope de reintegro Gs. 150.000; Nivel 2: tope de compra Gs. 400.000; tope de reintegro Gs. 60.000; Nivel 1: tope de compra Gs. 300.000; tope de reintegro Gs. 30.000,Nivel 5: 40%; Nivel 4: 30%; Nivel 3: 25%; Nivel 2: 15%; Nivel 1: 10%,,https://www.ueno.com.py/wp-content/uploads/2026/08/Promocion-Reintegro-DEPORTES-_-SEP-2026v1.pdf
6688f219d59c0ed1,ueno bank,Entretenimiento,ARK GYM,ARK GYM,40% reintegro; 30% reintegro; 25% reintegro; 15% reintegro; 10% reintegro,reintegro,40%; 30%; 25%; 15%; 10%,,,,No especificado,Desde el 01 de septiembre hasta el 30 de septiembre del 2026,Nivel 5: tope de compra Gs. 1.000.000; tope de reintegro Gs. 400.000; Nivel 4: tope de compra Gs. 800.000; tope de reintegro Gs. 240.000; Nivel 3: tope de compra Gs. 600.000; tope de reintegro Gs. 150.000; Nivel 2: tope de compra Gs. 400.000; tope de reintegro Gs. 60.000; Nivel 1: tope de compra Gs. 300.000; tope de reintegro Gs. 30.000,Nivel 5: 40%; Nivel 4: 30%; Nivel 3: 25%; Nivel 2: 15%; Nivel 1: 10%,,https://www.ueno.com.py/wp-content/uploads/2026/08/Promocion-Reintegro-DEPORTES-_-SEP-2026v1.pdf
b470b19647c9fe87,ueno bank,Entretenimiento,BODY TRAINING,BODY TRAINING,40% reintegro; 30% reintegro; 25% reintegro; 15% reintegro; 10% reintegro,reintegro,40%; 30%; 25%; 15%; 10%,,,,No especificado,Desde el 01 de septiembre hasta el 30 de septiembre del 2026,Nivel 5: tope de compra Gs. 1.000.000; tope de reintegro Gs. 400.000; Nivel 4: tope de compra Gs. 800.000; tope de reintegro Gs. 240.000; Nivel 3: tope de compra Gs. 600.000; tope de reintegro Gs. 150.000; Nivel 2: tope de compra Gs. 400.000; tope de reintegro Gs. 60.000; Nivel 1: tope de compra Gs. 300.000; tope de reintegro Gs. 30.000,Nivel 5: 40%; Nivel 4: 30%; Nivel 3: 25%; Nivel 2: 15%; Nivel 1: 10%,,https://www.ueno.com.py/wp-content/uploads/2026/08/Promocion-Reintegro-DEPORTES-_-SEP-2026v1.pdf
ca48918faf4865e4,ueno bank,Entretenimiento,"CAMILO (preventa exclusiva para clientes ueno bank desde el 9/06, hasta agotar stock)","CAMILO (preventa exclusiva para clientes ueno bank desde el 9/06, hasta agotar stock)",40% reintegro; 30% reintegro; 25% reintegro; 15% reintegro; 10% reintegro,reintegro,40%; 30%; 25%; 15%; 10%,,,,No especificado,Desde el 01 de septiembre hasta el 30 de septiembre del 2026,Nivel 5: tope de compra Gs. 1.000.000; tope de reintegro Gs. 400.000; Nivel 4: tope de compra Gs. 500.000; tope de reintegro Gs. 150.000; Nivel 3: tope de compra Gs. 300.000; tope de reintegro Gs. 75.000; Nivel 2: tope de compra Gs. 200.000; tope de reintegro Gs. 30.000; Nivel 1: tope de compra Gs. 100.000; tope de reintegro Gs. 10.000,Nivel 5: 40%; Nivel 4: 30%; Nivel 3: 25%; Nivel 2: 15%; Nivel 1: 10%,,https://www.ueno.com.py/wp-content/uploads/2026/08/Promocion-Reintegro-ENTRETENIMIENTO-_-SEP-2026v1.pdf
e6f195ba051a2fdc,ueno bank,Entretenimiento,CLUB BENJAMIN HOCKIN,CLUB BENJAMIN HOCKIN,40% reintegro; 30% reintegro; 25% reintegro; 15% reintegro; 10% reintegro,reintegro,40%; 30%; 25%; 15%; 10%,,,,No especificado,Desde el 01 de septiembre hasta el 30 de septiembre del 2026,Nivel 5: tope de compra Gs. 1.000.000; tope de reintegro Gs. 400.000; Nivel 4: tope de compra Gs. 800.000; tope de reintegro Gs. 240.000; Nivel 3: tope de compra Gs. 600.000; tope de reintegro Gs. 150.000; Nivel 2: tope de compra Gs. 400.000; tope de reintegro Gs. 60.000; Nivel 1: tope de compra Gs. 300.000; tope de reintegro Gs. 30.000,Nivel 5: 40%; Nivel 4: 30%; Nivel 3: 25%; Nivel 2: 15%; Nivel 1: 10%,,https://www.ueno.com.py/wp-content/uploads/2026/08/Promocion-Reintegro-DEPORTES-_-SEP-2026v1.pdf
688e80df0b4a3bcc,ueno bank,Entretenimiento,COMPLEJO PRESIDENTE PADEL,COMPLEJO PRESIDENTE PADEL,40% reintegro; 30% reintegro; 25% reintegro; 15% reintegro; 10% reintegro,reintegro,40%; 30%; 25%; 15%; 10%,,,,No especificado,Desde el 01 de septiembre hasta el 30 de septiembre del 2026,Nivel 5: tope de compra Gs. 1.000.000; tope de reintegro Gs. 400.000; Nivel 4: tope de compra Gs. 800.000; tope de reintegro Gs. 240.000; Nivel 3: tope de compra Gs. 600.000; tope de reintegro Gs. 150.000; Nivel 2: tope de compra Gs. 400.000; tope de reintegro Gs. 60.000; Nivel 1: tope de compra Gs. 300.000; tope de reintegro Gs. 30.000,Nivel 5: 40%; Nivel 4: 30%; Nivel 3: 25%; Nivel 2: 15%; Nivel 1: 10%,,https://www.ueno.com.py/wp-content/uploads/2026/08/Promocion-Reintegro-DEPORTES-_-SEP-2026v1.pdf
2bac3cb09812f198,ueno bank,Entretenimiento,ED SHEERAN,ED SHEERAN,40% reintegro; 30% reintegro; 25% reintegro; 15% reintegro; 10% reintegro,reintegro,40%; 30%; 25%; 15%; 10%,,,,No especificado,Desde el 01 de septiembre hasta el 30 de septiembre del 2026,Nivel 5: tope de compra Gs. 1.000.000; tope de reintegro Gs. 400.000; Nivel 4: tope de compra Gs. 500.000; tope de reintegro Gs. 150.000; Nivel 3: tope de compra Gs. 300.000; tope de reintegro Gs. 75.000; Nivel 2: tope de compra Gs. 200.000; tope de reintegro Gs. 30.000; Nivel 1: tope de compra Gs. 100.000; tope de reintegro Gs. 10.000,Nivel 5: 40%; Nivel 4: 30%; Nivel 3: 25%; Nivel 2: 15%; Nivel 1: 10%,,https://www.ueno.com.py/wp-content/uploads/2026/08/Promocion-Reintegro-ENTRETENIMIENTO-_-SEP-2026v1.pdf
f8131db62afb9387,ueno bank,Entretenimiento,EVEREST PILATES,EVEREST PILATES,40% reintegro; 30% reintegro; 25% reintegro; 15% reintegro; 10% reintegro,reintegro,40%; 30%; 25%; 15%; 10%,,,,No especificado,Desde el 01 de septiembre hasta el 30 de septiembre del 2026,Nivel 5: tope de compra Gs. 1.000.000; tope de reintegro Gs. 400.000; Nivel 4: tope de compra Gs. 800.000; tope de reintegro Gs. 240.000; Nivel 3: tope de compra Gs. 600.000; tope de reintegro Gs. 150.000; Nivel 2: tope de compra Gs. 400.000; tope de reintegro Gs. 60.000; Nivel 1: tope de compra Gs. 300.000; tope de reintegro Gs. 30.000,Nivel 5: 40%; Nivel 4: 30%; Nivel 3: 25%; Nivel 2: 15%; Nivel 1: 10%,,https://www.ueno.com.py/wp-content/uploads/2026/08/Promocion-Reintegro-DEPORTES-_-SEP-2026v1.pdf
ba6b536844dd6676,ueno bank,Entretenimiento,EXA INTER,EXA INTER,40% reintegro; 30% reintegro; 25% reintegro; 15% reintegro; 10% reintegro,reintegro,40%; 30%; 25%; 15%; 10%,,,,No especificado,Desde el 01 de septiembre hasta el 30 de septiembre del 2026,Nivel 5: tope de compra Gs. 1.000.000; tope de reintegro Gs. 400.000; Nivel 4: tope de compra Gs. 800.000; tope de reintegro Gs. 240.000; Nivel 3: tope de compra Gs. 600.000; tope de reintegro Gs. 150.000; Nivel 2: tope de compra Gs. 400.000; tope de reintegro Gs. 60.000; Nivel 1: tope de compra Gs. 300.000; tope de reintegro Gs. 30.000,Nivel 5: 40%; Nivel 4: 30%; Nivel 3: 25%; Nivel 2: 15%; Nivel 1: 10%,,https://www.ueno.com.py/wp-content/uploads/2026/08/Promocion-Reintegro-DEPORTES-_-SEP-2026v1.pdf
3dbf9ef07c72f5cd,ueno bank,Entretenimiento,EXA INTER CANTINA,EXA INTER CANTINA,40% reintegro; 30% reintegro; 25% reintegro; 15% reintegro; 10% reintegro,reintegro,40%; 30%; 25%; 15%; 10%,,,,No especificado,Desde el 01 de septiembre hasta el 30 de septiembre del 2026,Nivel 5: tope de compra Gs. 1.000.000; tope de reintegro Gs. 400.000; Nivel 4: tope de compra Gs. 800.000; tope de reintegro Gs. 240.000; Nivel 3: tope de compra Gs. 600.000; tope de reintegro Gs. 150.000; Nivel 2: tope de compra Gs. 400.000; tope de reintegro Gs. 60.000; Nivel 1: tope de compra Gs. 300.000; tope de reintegro Gs. 30.000,Nivel 5: 40%; Nivel 4: 30%; Nivel 3: 25%; Nivel 2: 15%; Nivel 1: 10%,,https://www.ueno.com.py/wp-content/uploads/2026/08/Promocion-Reintegro-DEPORTES-_-SEP-2026v1.pdf
ceac6c52e21881d5,ueno bank,Entretenimiento,FITWAY,FITWAY,40% reintegro; 30% reintegro; 25% reintegro; 15% reintegro; 10% reintegro,reintegro,40%; 30%; 25%; 15%; 10%,,,,No especificado,Desde el 01 de septiembre hasta el 30 de septiembre del 2026,Nivel 5: tope de compra Gs. 1.000.000; tope de reintegro Gs. 400.000; Nivel 4: tope de compra Gs. 800.000; tope de reintegro Gs. 240.000; Nivel 3: tope de compra Gs. 600.000; tope de reintegro Gs. 150.000; Nivel 2: tope de compra Gs. 400.000; tope de reintegro Gs. 60.000; Nivel 1: tope de compra Gs. 300.000; tope de reintegro Gs. 30.000,Nivel 5: 40%; Nivel 4: 30%; Nivel 3: 25%; Nivel 2: 15%; Nivel 1: 10%,,https://www.ueno.com.py/wp-content/uploads/2026/08/Promocion-Reintegro-DEPORTES-_-SEP-2026v1.pdf
bc0463edbb1763fa,ueno bank,Entretenimiento,FLIGHTNEX - VUELOS PANORÁMICOS.,FLIGHTNEX - VUELOS PANORÁMICOS.,40% reintegro; 30% reintegro; 25% reintegro; 15% reintegro; 10% reintegro,reintegro,40%; 30%; 25%; 15%; 10%,,,,No especificado,Desde el 01 de septiembre hasta el 30 de septiembre del 2026,Nivel 5: tope de compra Gs. 1.000.000; tope de reintegro Gs. 400.000; Nivel 4: tope de compra Gs. 500.000; tope de reintegro Gs. 150.000; Nivel 3: tope de compra Gs. 300.000; tope de reintegro Gs. 75.000; Nivel 2: tope de compra Gs. 200.000; tope de reintegro Gs. 30.000; Nivel 1: tope de compra Gs. 100.000; tope de reintegro Gs. 10.000,Nivel 5: 40%; Nivel 4: 30%; Nivel 3: 25%; Nivel 2: 15%; Nivel 1: 10%,,https://www.ueno.com.py/wp-content/uploads/2026/08/Promocion-Reintegro-ENTRETENIMIENTO-_-SEP-2026v1.pdf
78e98dce01855428,ueno bank,Entretenimiento,GORILLAZ,GORILLAZ,40% reintegro; 30% reintegro; 25% reintegro; 15% reintegro; 10% reintegro,reintegro,40%; 30%; 25%; 15%; 10%,,,,No especificado,Desde el 01 de septiembre hasta el 30 de septiembre del 2026,Nivel 5: tope de compra Gs. 1.000.000; tope de reintegro Gs. 400.000; Nivel 4: tope de compra Gs. 500.000; tope de reintegro Gs. 150.000; Nivel 3: tope de compra Gs. 300.000; tope de reintegro Gs. 75.000; Nivel 2: tope de compra Gs. 200.000; tope de reintegro Gs. 30.000; Nivel 1: tope de compra Gs. 100.000; tope de reintegro Gs. 10.000,Nivel 5: 40%; Nivel 4: 30%; Nivel 3: 25%; Nivel 2: 15%; Nivel 1: 10%,,https://www.ueno.com.py/wp-content/uploads/2026/08/Promocion-Reintegro-ENTRETENIMIENTO-_-SEP-2026v1.pdf
12b30dfa56581c99,ueno bank,Entretenimiento,MOMENTUM,MOMENTUM,40% reintegro; 30% reintegro; 25% reintegro; 15% reintegro; 10% reintegro,reintegro,40%; 30%; 25%; 15%; 10%,,,,No especificado,Desde el 01 de septiembre hasta el 30 de septiembre del 2026,Nivel 5: tope de compra Gs. 1.000.000; tope de reintegro Gs. 400.000; Nivel 4: tope de compra Gs. 800.000; tope de reintegro Gs. 240.000; Nivel 3: tope de compra Gs. 600.000; tope de reintegro Gs. 150.000; Nivel 2: tope de compra Gs. 400.000; tope de reintegro Gs. 60.000; Nivel 1: tope de compra Gs. 300.000; tope de reintegro Gs. 30.000,Nivel 5: 40%; Nivel 4: 30%; Nivel 3: 25%; Nivel 2: 15%; Nivel 1: 10%,,https://www.ueno.com.py/wp-content/uploads/2026/08/Promocion-Reintegro-DEPORTES-_-SEP-2026v1.pdf
d9afe3fa515c36f5,ueno bank,Entretenimiento,NO RULES (exclusivo tienda AF PEAK LAB),NO RULES (exclusivo tienda AF PEAK LAB),40% reintegro; 30% reintegro; 25% reintegro; 15% reintegro; 10% reintegro,reintegro,40%; 30%; 25%; 15%; 10%,,,,No especificado,Desde el 01 de septiembre hasta el 30 de septiembre del 2026,Nivel 5: tope de compra Gs. 1.000.000; tope de reintegro Gs. 400.000; Nivel 4: tope de compra Gs. 800.000; tope de reintegro Gs. 240.000; Nivel 3: tope de compra Gs. 600.000; tope de reintegro Gs. 150.000; Nivel 2: tope de compra Gs. 400.000; tope de reintegro Gs. 60.000; Nivel 1: tope de compra Gs. 300.000; tope de reintegro Gs. 30.000,Nivel 5: 40%; Nivel 4: 30%; Nivel 3: 25%; Nivel 2: 15%; Nivel 1: 10%,,https://www.ueno.com.py/wp-content/uploads/2026/08/Promocion-Reintegro-DEPORTES-_-SEP-2026v1.pdf
3e1e6795b63a5aa2,ueno bank,Entretenimiento,OLIMPIA HIGH PERFORMANCE,OLIMPIA HIGH PERFORMANCE,40% reintegro; 30% reintegro; 25% reintegro; 15% reintegro; 10% reintegro,reintegro,40%; 30%; 25%; 15%; 10%,,,,No especificado,Desde el 01 de septiembre hasta el 30 de septiembre del 2026,Nivel 5: tope de compra Gs. 1.000.000; tope de reintegro Gs. 400.000; Nivel 4: tope de compra Gs. 800.000; tope de reintegro Gs. 240.000; Nivel 3: tope de compra Gs. 600.000; tope de reintegro Gs. 150.000; Nivel 2: tope de compra Gs. 400.000; tope de reintegro Gs. 60.000; Nivel 1: tope de compra Gs. 300.000; tope de reintegro Gs. 30.000,Nivel 5: 40%; Nivel 4: 30%; Nivel 3: 25%; Nivel 2: 15%; Nivel 1: 10%,,https://www.ueno.com.py/wp-content/uploads/2026/08/Promocion-Reintegro-DEPORTES-_-SEP-2026v1.pdf
8dc8ea77ad428f06,ueno bank,Entretenimiento,OLIMPIA TRAINING CENTER,OLIMPIA TRAINING CENTER,40% reintegro; 30% reintegro; 25% reintegro; 15% reintegro; 10% reintegro,reintegro,40%; 30%; 25%; 15%; 10%,,,,No especificado,Desde el 01 de septiembre hasta el 30 de septiembre del 2026,Nivel 5: tope de compra Gs. 1.000.000; tope de reintegro Gs. 400.000; Nivel 4: tope de compra Gs. 800.000; tope de reintegro Gs. 240.000; Nivel 3: tope de compra Gs. 600.000; tope de reintegro Gs. 150.000; Nivel 2: tope de compra Gs. 400.000; tope de reintegro Gs. 60.000; Nivel 1: tope de compra Gs. 300.000; tope de reintegro Gs. 30.000,Nivel 5: 40%; Nivel 4: 30%; Nivel 3: 25%; Nivel 2: 15%; Nivel 1: 10%,,https://www.ueno.com.py/wp-content/uploads/2026/08/Promocion-Reintegro-DEPORTES-_-SEP-2026v1.pdf
0933cdfb123be442,ueno bank,Entretenimiento,PILATES BY DEPYLESS,PILATES BY DEPYLESS,40% reintegro; 30% reintegro; 25% reintegro; 15% reintegro; 10% reintegro,reintegro,40%; 30%; 25%; 15%; 10%,,,,No especificado,Desde el 01 de septiembre hasta el 30 de septiembre del 2026,Nivel 5: tope de compra Gs. 1.000.000; tope de reintegro Gs. 400.000; Nivel 4: tope de compra Gs. 800.000; tope de reintegro Gs. 240.000; Nivel 3: tope de compra Gs. 600.000; tope de reintegro Gs. 150.000; Nivel 2: tope de compra Gs. 400.000; tope de reintegro Gs. 60.000; Nivel 1: tope de compra Gs. 300.000; tope de reintegro Gs. 30.000,Nivel 5: 40%; Nivel 4: 30%; Nivel 3: 25%; Nivel 2: 15%; Nivel 1: 10%,,https://www.ueno.com.py/wp-content/uploads/2026/08/Promocion-Reintegro-DEPORTES-_-SEP-2026v1.pdf
bba28d7f26b66f11,ueno bank,Entretenimiento,VIRTUALITY,VIRTUALITY,40% reintegro; 30% reintegro; 25% reintegro; 15% reintegro; 10% reintegro,reintegro,40%; 30%; 25%; 15%; 10%,,,,No especificado,Desde el 01 de septiembre hasta el 30 de septiembre del 2026,Nivel 5: tope de compra Gs. 1.000.000; tope de reintegro Gs. 400.000; Nivel 4: tope de compra Gs. 500.000; tope de reintegro Gs. 150.000; Nivel 3: tope de compra Gs. 300.000; tope de reintegro Gs. 75.000; Nivel 2: tope de compra Gs. 200.000; tope de reintegro Gs. 30.000; Nivel 1: tope de compra Gs. 100.000; tope de reintegro Gs. 10.000,Nivel 5: 40%; Nivel 4: 30%; Nivel 3: 25%; Nivel 2: 15%; Nivel 1: 10%,,https://www.ueno.com.py/wp-content/uploads/2026/08/Promocion-Reintegro-ENTRETENIMIENTO-_-SEP-2026v1.pdf
a5c69197cb298c97,ueno bank,Entretenimiento,feria palmear,feria palmear,40% reintegro; 30% reintegro; 25% reintegro; 15% reintegro; 10% reintegro,reintegro,40%; 30%; 25%; 15%; 10%,sábado,,,No especificado,Desde el 1 de septiembre hasta el 30 de septiembre del 2026,Nivel 5: tope de compra Gs. 100.000; tope de reintegro Gs. 40.000; Nivel 4: tope de compra Gs. 100.000; tope de reintegro Gs. 30.000; Nivel 3: tope de compra Gs. 100.000; tope de reintegro Gs. 25.000; Nivel 2: tope de compra Gs. 100.000; tope de reintegro Gs. 15.000; Nivel 1: tope de compra Gs. 100.000; tope de reintegro Gs. 10.000,Nivel 5: 40%; Nivel 4: 30%; Nivel 3: 25%; Nivel 2: 15%; Nivel 1: 10%,,https://www.ueno.com.py/wp-content/uploads/2026/08/Promocion-Reintegro-FERIA-PALMEAR-_-SEP-2026v1.pdf
78b93ee788c60b7c,ueno bank,Especiales,chacomer,chacomer,20% reintegro,reintegro,20%,,,,No especificado,Desde el 01 de septiembre hasta el 30 de septiembre del 2026,Nivel 5: tope de compra Gs. 10.000.000; tope de reintegro Gs. 2.000.000; Nivel 4: tope de compra Gs. 10.000.000; tope de reintegro Gs. 2.000.000; Nivel 3: tope de compra Gs. 10.000.000; tope de reintegro Gs. 2.000.000; Nivel 2: tope de compra Gs. 10.000.000; tope de reintegro Gs. 2.000.000; Nivel 1: tope de compra Gs. 10.000.000; tope de reintegro Gs. 2.000.000,Nivel 5: 20%; Nivel 4: 20%; Nivel 3: 20%; Nivel 2: 20%; Nivel 1: 20%,,https://www.ueno.com.py/wp-content/uploads/2026/08/Promocion-Reintegro-CHACOMER-_-SEP-2026v1.pdf
b38e82b6f02c4139,ueno bank,Especiales,conto,conto,40% reintegro; 30% reintegro; 25% reintegro; 15% reintegro; 10% reintegro,reintegro,40%; 30%; 25%; 15%; 10%,,,,No especificado,Desde el 01 de septiembre hasta el 30 de septiembre del 2026,Nivel 5: tope de compra Gs. 300.000; tope de reintegro Gs. 120.000; Nivel 4: tope de compra Gs. 300.000; tope de reintegro Gs. 90.000; Nivel 3: tope de compra Gs. 300.000; tope de reintegro Gs. 75.000; Nivel 2: tope de compra Gs. 200.000; tope de reintegro Gs. 30.000; Nivel 1: tope de compra Gs. 150.000; tope de reintegro Gs. 15.000,Nivel 5: 40%; Nivel 4: 30%; Nivel 3: 25%; Nivel 2: 15%; Nivel 1: 10%,,https://www.ueno.com.py/wp-content/uploads/2026/08/Promocion-Reintegro-CONTO-_-SEP-2026v1.pdf
06f62234170a28b4,ueno bank,Especiales,escuela judicial,escuela judicial,40% reintegro; 30% reintegro; 25% reintegro; 15% reintegro; 10% reintegro,reintegro,40%; 30%; 25%; 15%; 10%,,,,No especificado,Desde el 01 de septiembre hasta el 30 de septiembre del 2026,Nivel 5: tope de compra Gs. 500.000; tope de reintegro Gs. 200.000; Nivel 4: tope de compra Gs. 500.000; tope de reintegro Gs. 150.000; Nivel 3: tope de compra Gs. 500.000; tope de reintegro Gs. 125.000; Nivel 2: tope de compra Gs. 500.000; tope de reintegro Gs. 75.000; Nivel 1: tope de compra Gs. 500.000; tope de reintegro Gs. 50.000,Nivel 5: 40%; Nivel 4: 30%; Nivel 3: 25%; Nivel 2: 15%; Nivel 1: 10%,,https://www.ueno.com.py/wp-content/uploads/2026/08/Promocion-Reintegro-CONSEJO-DE-LA-MAGISTRATURA-DE-LA-ESCUELA-JUDICIAL-_-SEP-2026v1.pdf
f781c60411f43327,ueno bank,Especiales,ironman,ironman,15% reintegro,reintegro,15%,,,,No especificado,Desde el 01 de septiembre hasta el 30 de septiembre del 2026,Nivel 5: tope de compra Gs. 2.500.000; tope de reintegro Gs. 375.000; Nivel 4: tope de compra Gs. 2.500.000; tope de reintegro Gs. 375.000; Nivel 3: tope de compra Gs. 2.500.000; tope de reintegro Gs. 375.000; Nivel 2: tope de compra Gs. 2.500.000; tope de reintegro Gs. 375.000; Nivel 1: tope de compra Gs. 2.500.000; tope de reintegro Gs. 375.000,Nivel 5: 15%; Nivel 4: 15%; Nivel 3: 15%; Nivel 2: 15%; Nivel 1: 15%,,https://www.ueno.com.py/wp-content/uploads/2026/08/Beneficio-de-Reintegro-IRONMAN-_-SEP-2026v1.pdf
3227761c37b61186,ueno bank,Especiales,optica luce,optica luce,30% reintegro; 25% reintegro; 20% reintegro,reintegro,30%; 25%; 20%,,,,No especificado,Desde el 01 de septiembre hasta el 30 de septiembre del 2026,Nivel 5: tope de compra Gs. 5.000.000; tope de reintegro Gs. 1.500.000; Nivel 4: tope de compra Gs. 4.000.000; tope de reintegro Gs. 1.000.000; Nivel 3: tope de compra Gs. 3.000.000; tope de reintegro Gs. 750.000; Nivel 2: tope de compra Gs. 2.000.000; tope de reintegro Gs. 400.000; Nivel 1: tope de compra Gs. 1.000.000; tope de reintegro Gs. 200.000,Nivel 5: 30%; Nivel 4: 25%; Nivel 3: 25%; Nivel 2: 20%; Nivel 1: 20%,,https://www.ueno.com.py/wp-content/uploads/2026/08/Promocion-Reintegro-OPTICA-LUCE-_-SEP-2026v1.pdf
086e35ac7546eba6,ueno bank,Especiales,puka,puka,12% reintegro,reintegro,12%,,,,No especificado,Desde el 01 de septiembre hasta el 30 de septiembre del 2026,Nivel 5: tope de compra Gs. 10.000.000; tope de reintegro Gs. 1.200.000; Nivel 4: tope de compra Gs. 10.000.000; tope de reintegro Gs. 1.200.000; Nivel 3: tope de compra Gs. 10.000.000; tope de reintegro Gs. 1.200.000; Nivel 2: tope de compra Gs. 10.000.000; tope de reintegro Gs. 1.200.000; Nivel 1: tope de compra Gs. 10.000.000; tope de reintegro Gs. 1.200.000,Nivel 5: 12%; Nivel 4: 12%; Nivel 3: 12%; Nivel 2: 12%; Nivel 1: 12%,,https://www.ueno.com.py/wp-content/uploads/2026/08/Promocion-Reintegro-PUKA-_-SEP-2026v1.pdf
cf84cb67d3c2281b,ueno bank,Especiales,ubox,ubox,30% de reintegro,reintegro,30%,,,,No especificado,Desde el 01 de septiembre hasta el 31 de diciembre del 2026,Tope de pago en Límite de Suma máxima de Tipo Tarjeta % de reintegro concepto de retiro reintegro (Gs; tope de pago en concepto de retiro de paquete y el límite de reintegro se encuentran unificados durante la vigencia de la presente promoción; límite establecido para la campaña; tope de pago en concepto de retiro de paquete se aplica de forma conjunta indistintamente al tipo de tarjeta de crédito activa; límites establecidos en el Cuadro de Beneficios; hasta Gs. 63.500 en total (beneficio base + adicional); Gs.; Gs. 127.000; Gs. 25.400; Gs.38.100; Gs. 63.500,No aplica,,https://www.ueno.com.py/wp-content/uploads/2026/08/Beneficio-de-Reintegro-ubox-_-SEP-2026v2.pdf
99f5c959dd888891,ueno bank,Farmacias,BIGGIE FARMA,BIGGIE FARMA,15% reintegro,reintegro,15%,,,,No especificado,Desde el 01 de septiembre hasta el 30 de septiembre del 2026,Nivel 5: tope de compra Gs. 1.000.000; tope de reintegro Gs. 150.000; Nivel 4: tope de compra Gs. 700.000; tope de reintegro Gs. 105.000; Nivel 3: tope de compra Gs. 400.000; tope de reintegro Gs. 60.000; Nivel 2: tope de compra Gs. 300.000; tope de reintegro Gs. 45.000; Nivel 1: tope de compra Gs. 200.000; tope de reintegro Gs. 30.000,Nivel 5: 15%; Nivel 4: 15%; Nivel 3: 15%; Nivel 2: 15%; Nivel 1: 15%,,https://www.ueno.com.py/wp-content/uploads/2026/08/Promocion-Reintegro-FARMACIAS-_-SEP-2026v1.pdf
6a8c324ce89b327a,ueno bank,Farmacias,DRUGSTORE BY ASISMED,DRUGSTORE BY ASISMED,15% reintegro,reintegro,15%,,,,No especificado,Desde el 01 de septiembre hasta el 30 de septiembre del 2026,Nivel 5: tope de compra Gs. 1.000.000; tope de reintegro Gs. 150.000; Nivel 4: tope de compra Gs. 700.000; tope de reintegro Gs. 105.000; Nivel 3: tope de compra Gs. 400.000; tope de reintegro Gs. 60.000; Nivel 2: tope de compra Gs. 300.000; tope de reintegro Gs. 45.000; Nivel 1: tope de compra Gs. 200.000; tope de reintegro Gs. 30.000,Nivel 5: 15%; Nivel 4: 15%; Nivel 3: 15%; Nivel 2: 15%; Nivel 1: 15%,,https://www.ueno.com.py/wp-content/uploads/2026/08/Promocion-Reintegro-FARMACIAS-_-SEP-2026v1.pdf
713f4d79e4e1cf7f,ueno bank,Farmacias,FARMACENTER,FARMACENTER,15% reintegro,reintegro,15%,,,,No especificado,Desde el 01 de septiembre hasta el 30 de septiembre del 2026,Nivel 5: tope de compra Gs. 1.000.000; tope de reintegro Gs. 150.000; Nivel 4: tope de compra Gs. 700.000; tope de reintegro Gs. 105.000; Nivel 3: tope de compra Gs. 400.000; tope de reintegro Gs. 60.000; Nivel 2: tope de compra Gs. 300.000; tope de reintegro Gs. 45.000; Nivel 1: tope de compra Gs. 200.000; tope de reintegro Gs. 30.000,Nivel 5: 15%; Nivel 4: 15%; Nivel 3: 15%; Nivel 2: 15%; Nivel 1: 15%,,https://www.ueno.com.py/wp-content/uploads/2026/08/Promocion-Reintegro-FARMACIAS-_-SEP-2026v1.pdf
d8860a6f182d8ce0,ueno bank,Farmacias,FARMACENTER (ECOMMERCE),FARMACENTER (ECOMMERCE),15% reintegro,reintegro,15%,,,,No especificado,Desde el 01 de septiembre hasta el 30 de septiembre del 2026,Nivel 5: tope de compra Gs. 1.000.000; tope de reintegro Gs. 150.000; Nivel 4: tope de compra Gs. 700.000; tope de reintegro Gs. 105.000; Nivel 3: tope de compra Gs. 400.000; tope de reintegro Gs. 60.000; Nivel 2: tope de compra Gs. 300.000; tope de reintegro Gs. 45.000; Nivel 1: tope de compra Gs. 200.000; tope de reintegro Gs. 30.000,Nivel 5: 15%; Nivel 4: 15%; Nivel 3: 15%; Nivel 2: 15%; Nivel 1: 15%,,https://www.ueno.com.py/wp-content/uploads/2026/08/Promocion-Reintegro-FARMACIAS-_-SEP-2026v1.pdf
fc281c493fb0bd8e,ueno bank,Farmacias,FARMATOTAL,FARMATOTAL,15% reintegro,reintegro,15%,,,,No especificado,Desde el 01 de septiembre hasta el 30 de septiembre del 2026,Nivel 5: tope de compra Gs. 1.000.000; tope de reintegro Gs. 150.000; Nivel 4: tope de compra Gs. 700.000; tope de reintegro Gs. 105.000; Nivel 3: tope de compra Gs. 400.000; tope de reintegro Gs. 60.000; Nivel 2: tope de compra Gs. 300.000; tope de reintegro Gs. 45.000; Nivel 1: tope de compra Gs. 200.000; tope de reintegro Gs. 30.000,Nivel 5: 15%; Nivel 4: 15%; Nivel 3: 15%; Nivel 2: 15%; Nivel 1: 15%,,https://www.ueno.com.py/wp-content/uploads/2026/08/Promocion-Reintegro-FARMACIAS-_-SEP-2026v1.pdf
96b67bee0eb6b98b,ueno bank,Farmacias,MAXIFARMA ASUNCIÓN (Detallados,MAXIFARMA ASUNCIÓN (Detallados,15% reintegro,reintegro,15%,,,,No especificado,Desde el 01 de septiembre hasta el 30 de septiembre del 2026,Nivel 5: tope de compra Gs. 1.000.000; tope de reintegro Gs. 150.000; Nivel 4: tope de compra Gs. 700.000; tope de reintegro Gs. 105.000; Nivel 3: tope de compra Gs. 400.000; tope de reintegro Gs. 60.000; Nivel 2: tope de compra Gs. 300.000; tope de reintegro Gs. 45.000; Nivel 1: tope de compra Gs. 200.000; tope de reintegro Gs. 30.000,Nivel 5: 15%; Nivel 4: 15%; Nivel 3: 15%; Nivel 2: 15%; Nivel 1: 15%,,https://www.ueno.com.py/wp-content/uploads/2026/08/Promocion-Reintegro-FARMACIAS-_-SEP-2026v1.pdf
c947df36825e631b,ueno bank,Farmacias,isalu,isalu,40% reintegro; 30% reintegro; 25% reintegro; 15% reintegro; 10% reintegro,reintegro,40%; 30%; 25%; 15%; 10%,,,,No especificado,Desde el 01 de septiembre hasta el 30 de septiembre del 2026,Nivel 5: tope de compra Gs. 1.000.000; tope de reintegro Gs. 400.000; Nivel 4: tope de compra Gs. 700.000; tope de reintegro Gs. 210.000; Nivel 3: tope de compra Gs. 500.000; tope de reintegro Gs. 125.000; Nivel 2: tope de compra Gs. 300.000; tope de reintegro Gs. 45.000; Nivel 1: tope de compra Gs. 100.000; tope de reintegro Gs. 10.000,Nivel 5: 40%; Nivel 4: 30%; Nivel 3: 25%; Nivel 2: 15%; Nivel 1: 10%,,https://www.ueno.com.py/wp-content/uploads/2026/08/Promocion-Reintegro-ISALU-_-SEP-2026v1.pdf
df308c105b23f941,ueno bank,Primera compra,primera compra,primera compra,50% de reintegro,reintegro,50%,,,,No especificado,Desde el 01 de septiembre hasta el 30 de septiembre del 2026,monto mínimo establecido) con cualquier tarjeta de crédito emitida por ueno bank S; Tope máximo de compra de Guaraníes un millón (Gs; tope de reintegro máximo en este caso será de Guaraníes quinientos mil (Gs; Gs. 1.000.000; Gs. 500.000; Gs. 20.000,No aplica,,https://www.ueno.com.py/wp-content/uploads/2026/08/Promocion-Reintegro-PRIMERA-COMPRA-_-SEP-2026v2.pdf
43de89511fe82b06,ueno bank,Salud y belleza,BAR DE CEJAS - SHOPPING COSTANERA,BAR DE CEJAS - SHOPPING COSTANERA,40% reintegro; 30% reintegro; 25% reintegro; 15% reintegro; 10% reintegro,reintegro,40%; 30%; 25%; 15%; 10%,,,,No especificado,Desde el 01 de septiembre hasta el 30 de septiembre del 2026,Nivel 5: tope de compra Gs. 1.000.000; tope de reintegro Gs. 400.000; Nivel 4: tope de compra Gs. 700.000; tope de reintegro Gs. 210.000; Nivel 3: tope de compra Gs. 500.000; tope de reintegro Gs. 125.000; Nivel 2: tope de compra Gs. 300.000; tope de reintegro Gs. 45.000; Nivel 1: tope de compra Gs. 100.000; tope de reintegro Gs. 10.000,Nivel 5: 40%; Nivel 4: 30%; Nivel 3: 25%; Nivel 2: 15%; Nivel 1: 10%,,https://www.ueno.com.py/wp-content/uploads/2026/08/Promocion-Reintegro-BIENESTAR-_-SEP-2026v1.pdf
c306056c10e1319c,ueno bank,Salud y belleza,BELEZE - SHOPPING COSTANERA,BELEZE - SHOPPING COSTANERA,40% reintegro; 30% reintegro; 25% reintegro; 15% reintegro; 10% reintegro,reintegro,40%; 30%; 25%; 15%; 10%,,,,No especificado,Desde el 01 de septiembre hasta el 30 de septiembre del 2026,Nivel 5: tope de compra Gs. 1.000.000; tope de reintegro Gs. 400.000; Nivel 4: tope de compra Gs. 700.000; tope de reintegro Gs. 210.000; Nivel 3: tope de compra Gs. 500.000; tope de reintegro Gs. 125.000; Nivel 2: tope de compra Gs. 300.000; tope de reintegro Gs. 45.000; Nivel 1: tope de compra Gs. 100.000; tope de reintegro Gs. 10.000,Nivel 5: 40%; Nivel 4: 30%; Nivel 3: 25%; Nivel 2: 15%; Nivel 1: 10%,,https://www.ueno.com.py/wp-content/uploads/2026/08/Promocion-Reintegro-BIENESTAR-_-SEP-2026v1.pdf
8cc37c3acf9b3f40,ueno bank,Salud y belleza,DEPILASER,DEPILASER,40% reintegro; 30% reintegro; 25% reintegro; 15% reintegro; 10% reintegro,reintegro,40%; 30%; 25%; 15%; 10%,,,,No especificado,Desde el 01 de septiembre hasta el 30 de septiembre del 2026,Nivel 5: tope de compra Gs. 1.000.000; tope de reintegro Gs. 400.000; Nivel 4: tope de compra Gs. 700.000; tope de reintegro Gs. 210.000; Nivel 3: tope de compra Gs. 500.000; tope de reintegro Gs. 125.000; Nivel 2: tope de compra Gs. 300.000; tope de reintegro Gs. 45.000; Nivel 1: tope de compra Gs. 100.000; tope de reintegro Gs. 10.000,Nivel 5: 40%; Nivel 4: 30%; Nivel 3: 25%; Nivel 2: 15%; Nivel 1: 10%,,https://www.ueno.com.py/wp-content/uploads/2026/08/Promocion-Reintegro-BIENESTAR-_-SEP-2026v1.pdf
6509a9aa4f8ba1d3,ueno bank,Salud y belleza,DEPYLESS,DEPYLESS,40% reintegro; 30% reintegro; 25% reintegro; 15% reintegro; 10% reintegro,reintegro,40%; 30%; 25%; 15%; 10%,,,,No especificado,Desde el 01 de septiembre hasta el 30 de septiembre del 2026,Nivel 5: tope de compra Gs. 1.000.000; tope de reintegro Gs. 400.000; Nivel 4: tope de compra Gs. 700.000; tope de reintegro Gs. 210.000; Nivel 3: tope de compra Gs. 500.000; tope de reintegro Gs. 125.000; Nivel 2: tope de compra Gs. 300.000; tope de reintegro Gs. 45.000; Nivel 1: tope de compra Gs. 100.000; tope de reintegro Gs. 10.000,Nivel 5: 40%; Nivel 4: 30%; Nivel 3: 25%; Nivel 2: 15%; Nivel 1: 10%,,https://www.ueno.com.py/wp-content/uploads/2026/08/Promocion-Reintegro-BIENESTAR-_-SEP-2026v1.pdf
96fbf85f1b81b01e,ueno bank,Salud y belleza,DINO HOMME SPA,DINO HOMME SPA,40% reintegro; 30% reintegro; 25% reintegro; 15% reintegro; 10% reintegro,reintegro,40%; 30%; 25%; 15%; 10%,,,,No especificado,Desde el 01 de septiembre hasta el 30 de septiembre del 2026,Nivel 5: tope de compra Gs. 1.000.000; tope de reintegro Gs. 400.000; Nivel 4: tope de compra Gs. 700.000; tope de reintegro Gs. 210.000; Nivel 3: tope de compra Gs. 500.000; tope de reintegro Gs. 125.000; Nivel 2: tope de compra Gs. 300.000; tope de reintegro Gs. 45.000; Nivel 1: tope de compra Gs. 100.000; tope de reintegro Gs. 10.000,Nivel 5: 40%; Nivel 4: 30%; Nivel 3: 25%; Nivel 2: 15%; Nivel 1: 10%,,https://www.ueno.com.py/wp-content/uploads/2026/08/Promocion-Reintegro-BIENESTAR-_-SEP-2026v1.pdf
3c532dfd5cfa7018,ueno bank,Salud y belleza,DINO VILLA MORRA,DINO VILLA MORRA,40% reintegro; 30% reintegro; 25% reintegro; 15% reintegro; 10% reintegro,reintegro,40%; 30%; 25%; 15%; 10%,,,,No especificado,Desde el 01 de septiembre hasta el 30 de septiembre del 2026,Nivel 5: tope de compra Gs. 1.000.000; tope de reintegro Gs. 400.000; Nivel 4: tope de compra Gs. 700.000; tope de reintegro Gs. 210.000; Nivel 3: tope de compra Gs. 500.000; tope de reintegro Gs. 125.000; Nivel 2: tope de compra Gs. 300.000; tope de reintegro Gs. 45.000; Nivel 1: tope de compra Gs. 100.000; tope de reintegro Gs. 10.000,Nivel 5: 40%; Nivel 4: 30%; Nivel 3: 25%; Nivel 2: 15%; Nivel 1: 10%,,https://www.ueno.com.py/wp-content/uploads/2026/08/Promocion-Reintegro-BIENESTAR-_-SEP-2026v1.pdf
6c1998b7924e3062,ueno bank,Salud y belleza,DOXAMED,DOXAMED,40% reintegro; 30% reintegro; 25% reintegro; 15% reintegro; 10% reintegro,reintegro,40%; 30%; 25%; 15%; 10%,,,,No especificado,Desde el 01 de septiembre hasta el 30 de septiembre del 2026,Nivel 5: tope de compra Gs. 1.000.000; tope de reintegro Gs. 400.000; Nivel 4: tope de compra Gs. 700.000; tope de reintegro Gs. 210.000; Nivel 3: tope de compra Gs. 500.000; tope de reintegro Gs. 125.000; Nivel 2: tope de compra Gs. 300.000; tope de reintegro Gs. 45.000; Nivel 1: tope de compra Gs. 100.000; tope de reintegro Gs. 10.000,Nivel 5: 40%; Nivel 4: 30%; Nivel 3: 25%; Nivel 2: 15%; Nivel 1: 10%,,https://www.ueno.com.py/wp-content/uploads/2026/08/Promocion-Reintegro-BIENESTAR-_-SEP-2026v1.pdf
e1f7d38ad632d1f3,ueno bank,Salud y belleza,GUAPA SPA,GUAPA SPA,40% reintegro; 30% reintegro; 25% reintegro; 15% reintegro; 10% reintegro,reintegro,40%; 30%; 25%; 15%; 10%,,,,No especificado,Desde el 01 de septiembre hasta el 30 de septiembre del 2026,Nivel 5: tope de compra Gs. 1.000.000; tope de reintegro Gs. 400.000; Nivel 4: tope de compra Gs. 700.000; tope de reintegro Gs. 210.000; Nivel 3: tope de compra Gs. 500.000; tope de reintegro Gs. 125.000; Nivel 2: tope de compra Gs. 300.000; tope de reintegro Gs. 45.000; Nivel 1: tope de compra Gs. 100.000; tope de reintegro Gs. 10.000,Nivel 5: 40%; Nivel 4: 30%; Nivel 3: 25%; Nivel 2: 15%; Nivel 1: 10%,,https://www.ueno.com.py/wp-content/uploads/2026/08/Promocion-Reintegro-BIENESTAR-_-SEP-2026v1.pdf
fc2e70109538659e,ueno bank,Salud y belleza,ISDIN,ISDIN,40% reintegro; 30% reintegro; 25% reintegro; 15% reintegro; 10% reintegro,reintegro,40%; 30%; 25%; 15%; 10%,,,,No especificado,Desde el 01 de septiembre hasta el 30 de septiembre del 2026,Nivel 5: tope de compra Gs. 1.000.000; tope de reintegro Gs. 400.000; Nivel 4: tope de compra Gs. 700.000; tope de reintegro Gs. 210.000; Nivel 3: tope de compra Gs. 500.000; tope de reintegro Gs. 125.000; Nivel 2: tope de compra Gs. 300.000; tope de reintegro Gs. 45.000; Nivel 1: tope de compra Gs. 100.000; tope de reintegro Gs. 10.000,Nivel 5: 40%; Nivel 4: 30%; Nivel 3: 25%; Nivel 2: 15%; Nivel 1: 10%,,https://www.ueno.com.py/wp-content/uploads/2026/08/Promocion-Reintegro-BIENESTAR-_-SEP-2026v1.pdf
a1271b311ec2b7f6,ueno bank,Salud y belleza,LA GUARIDA,LA GUARIDA,40% reintegro; 30% reintegro; 25% reintegro; 15% reintegro; 10% reintegro,reintegro,40%; 30%; 25%; 15%; 10%,,,,No especificado,Desde el 01 de septiembre hasta el 30 de septiembre del 2026,Nivel 5: tope de compra Gs. 1.000.000; tope de reintegro Gs. 400.000; Nivel 4: tope de compra Gs. 700.000; tope de reintegro Gs. 210.000; Nivel 3: tope de compra Gs. 500.000; tope de reintegro Gs. 125.000; Nivel 2: tope de compra Gs. 300.000; tope de reintegro Gs. 45.000; Nivel 1: tope de compra Gs. 100.000; tope de reintegro Gs. 10.000,Nivel 5: 40%; Nivel 4: 30%; Nivel 3: 25%; Nivel 2: 15%; Nivel 1: 10%,,https://www.ueno.com.py/wp-content/uploads/2026/08/Promocion-Reintegro-BIENESTAR-_-SEP-2026v1.pdf
e6115fd0256f67c0,ueno bank,Salud y belleza,NUTRIFIT SPA Y BELLEZA,NUTRIFIT SPA Y BELLEZA,40% reintegro; 30% reintegro; 25% reintegro; 15% reintegro; 10% reintegro,reintegro,40%; 30%; 25%; 15%; 10%,,,,No especificado,Desde el 01 de septiembre hasta el 30 de septiembre del 2026,Nivel 5: tope de compra Gs. 1.000.000; tope de reintegro Gs. 400.000; Nivel 4: tope de compra Gs. 700.000; tope de reintegro Gs. 210.000; Nivel 3: tope de compra Gs. 500.000; tope de reintegro Gs. 125.000; Nivel 2: tope de compra Gs. 300.000; tope de reintegro Gs. 45.000; Nivel 1: tope de compra Gs. 100.000; tope de reintegro Gs. 10.000,Nivel 5: 40%; Nivel 4: 30%; Nivel 3: 25%; Nivel 2: 15%; Nivel 1: 10%,,https://www.ueno.com.py/wp-content/uploads/2026/08/Promocion-Reintegro-BIENESTAR-_-SEP-2026v1.pdf
dc0ecf15eb9591aa,ueno bank,Salud y belleza,O BOTICARIO,O BOTICARIO,40% reintegro; 30% reintegro; 25% reintegro; 15% reintegro; 10% reintegro,reintegro,40%; 30%; 25%; 15%; 10%,,,,No especificado,Desde el 01 de septiembre hasta el 30 de septiembre del 2026,Nivel 5: tope de compra Gs. 1.000.000; tope de reintegro Gs. 400.000; Nivel 4: tope de compra Gs. 700.000; tope de reintegro Gs. 210.000; Nivel 3: tope de compra Gs. 500.000; tope de reintegro Gs. 125.000; Nivel 2: tope de compra Gs. 300.000; tope de reintegro Gs. 45.000; Nivel 1: tope de compra Gs. 100.000; tope de reintegro Gs. 10.000,Nivel 5: 40%; Nivel 4: 30%; Nivel 3: 25%; Nivel 2: 15%; Nivel 1: 10%,,https://www.ueno.com.py/wp-content/uploads/2026/08/Promocion-Reintegro-BIENESTAR-_-SEP-2026v1.pdf
c2de149a5d5edf75,ueno bank,Salud y belleza,PIEL+SANA,PIEL+SANA,40% reintegro; 30% reintegro; 25% reintegro; 15% reintegro; 10% reintegro,reintegro,40%; 30%; 25%; 15%; 10%,,,,No especificado,Desde el 01 de septiembre hasta el 30 de septiembre del 2026,Nivel 5: tope de compra Gs. 1.000.000; tope de reintegro Gs. 400.000; Nivel 4: tope de compra Gs. 700.000; tope de reintegro Gs. 210.000; Nivel 3: tope de compra Gs. 500.000; tope de reintegro Gs. 125.000; Nivel 2: tope de compra Gs. 300.000; tope de reintegro Gs. 45.000; Nivel 1: tope de compra Gs. 100.000; tope de reintegro Gs. 10.000,Nivel 5: 40%; Nivel 4: 30%; Nivel 3: 25%; Nivel 2: 15%; Nivel 1: 10%,,https://www.ueno.com.py/wp-content/uploads/2026/08/Promocion-Reintegro-BIENESTAR-_-SEP-2026v1.pdf
96b184beef6f0d03,ueno bank,Salud y belleza,RAIO BEMBA PELUQUERIA,RAIO BEMBA PELUQUERIA,40% reintegro; 30% reintegro; 25% reintegro; 15% reintegro; 10% reintegro,reintegro,40%; 30%; 25%; 15%; 10%,,,,No especificado,Desde el 01 de septiembre hasta el 30 de septiembre del 2026,Nivel 5: tope de compra Gs. 1.000.000; tope de reintegro Gs. 400.000; Nivel 4: tope de compra Gs. 700.000; tope de reintegro Gs. 210.000; Nivel 3: tope de compra Gs. 500.000; tope de reintegro Gs. 125.000; Nivel 2: tope de compra Gs. 300.000; tope de reintegro Gs. 45.000; Nivel 1: tope de compra Gs. 100.000; tope de reintegro Gs. 10.000,Nivel 5: 40%; Nivel 4: 30%; Nivel 3: 25%; Nivel 2: 15%; Nivel 1: 10%,,https://www.ueno.com.py/wp-content/uploads/2026/08/Promocion-Reintegro-BIENESTAR-_-SEP-2026v1.pdf
bfac3551f0372a90,ueno bank,Salud y belleza,SAONA SPA Y PELUQUERÍA,SAONA SPA Y PELUQUERÍA,40% reintegro; 30% reintegro; 25% reintegro; 15% reintegro; 10% reintegro,reintegro,40%; 30%; 25%; 15%; 10%,,,,No especificado,Desde el 01 de septiembre hasta el 30 de septiembre del 2026,Nivel 5: tope de compra Gs. 1.000.000; tope de reintegro Gs. 400.000; Nivel 4: tope de compra Gs. 700.000; tope de reintegro Gs. 210.000; Nivel 3: tope de compra Gs. 500.000; tope de reintegro Gs. 125.000; Nivel 2: tope de compra Gs. 300.000; tope de reintegro Gs. 45.000; Nivel 1: tope de compra Gs. 100.000; tope de reintegro Gs. 10.000,Nivel 5: 40%; Nivel 4: 30%; Nivel 3: 25%; Nivel 2: 15%; Nivel 1: 10%,,https://www.ueno.com.py/wp-content/uploads/2026/08/Promocion-Reintegro-BIENESTAR-_-SEP-2026v1.pdf
06f173904ec98d63,ueno bank,Salud y belleza,SPA NAILS,SPA NAILS,40% reintegro; 30% reintegro; 25% reintegro; 15% reintegro; 10% reintegro,reintegro,40%; 30%; 25%; 15%; 10%,,,,No especificado,Desde el 01 de septiembre hasta el 30 de septiembre del 2026,Nivel 5: tope de compra Gs. 1.000.000; tope de reintegro Gs. 400.000; Nivel 4: tope de compra Gs. 700.000; tope de reintegro Gs. 210.000; Nivel 3: tope de compra Gs. 500.000; tope de reintegro Gs. 125.000; Nivel 2: tope de compra Gs. 300.000; tope de reintegro Gs. 45.000; Nivel 1: tope de compra Gs. 100.000; tope de reintegro Gs. 10.000,Nivel 5: 40%; Nivel 4: 30%; Nivel 3: 25%; Nivel 2: 15%; Nivel 1: 10%,,https://www.ueno.com.py/wp-content/uploads/2026/08/Promocion-Reintegro-BIENESTAR-_-SEP-2026v1.pdf
26f992edf40b3b2e,ueno bank,Salud y belleza,TISSE,TISSE,40% reintegro; 30% reintegro; 25% reintegro; 15% reintegro; 10% reintegro,reintegro,40%; 30%; 25%; 15%; 10%,,,,No especificado,Desde el 01 de septiembre hasta el 30 de septiembre del 2026,Nivel 5: tope de compra Gs. 1.000.000; tope de reintegro Gs. 400.000; Nivel 4: tope de compra Gs. 700.000; tope de reintegro Gs. 210.000; Nivel 3: tope de compra Gs. 500.000; tope de reintegro Gs. 125.000; Nivel 2: tope de compra Gs. 300.000; tope de reintegro Gs. 45.000; Nivel 1: tope de compra Gs. 100.000; tope de reintegro Gs. 10.000,Nivel 5: 40%; Nivel 4: 30%; Nivel 3: 25%; Nivel 2: 15%; Nivel 1: 10%,,https://www.ueno.com.py/wp-content/uploads/2026/08/Promocion-Reintegro-BIENESTAR-_-SEP-2026v1.pdf
a0946933ccbaf7cf,ueno bank,Salud y belleza,TISSÉ BIO CARE,TISSÉ BIO CARE,40% reintegro; 30% reintegro; 25% reintegro; 15% reintegro; 10% reintegro,reintegro,40%; 30%; 25%; 15%; 10%,,,,No especificado,Desde el 01 de septiembre hasta el 30 de septiembre del 2026,Nivel 5: tope de compra Gs. 1.000.000; tope de reintegro Gs. 400.000; Nivel 4: tope de compra Gs. 700.000; tope de reintegro Gs. 210.000; Nivel 3: tope de compra Gs. 500.000; tope de reintegro Gs. 125.000; Nivel 2: tope de compra Gs. 300.000; tope de reintegro Gs. 45.000; Nivel 1: tope de compra Gs. 100.000; tope de reintegro Gs. 10.000,Nivel 5: 40%; Nivel 4: 30%; Nivel 3: 25%; Nivel 2: 15%; Nivel 1: 10%,,https://www.ueno.com.py/wp-content/uploads/2026/08/Promocion-Reintegro-BIENESTAR-_-SEP-2026v1.pdf
6c8638e4e0365279,ueno bank,Salud y belleza,ZIC,ZIC,40% reintegro; 30% reintegro; 25% reintegro; 15% reintegro; 10% reintegro,reintegro,40%; 30%; 25%; 15%; 10%,,,,No especificado,Desde el 01 de septiembre hasta el 30 de septiembre del 2026,Nivel 5: tope de compra Gs. 1.000.000; tope de reintegro Gs. 400.000; Nivel 4: tope de compra Gs. 700.000; tope de reintegro Gs. 210.000; Nivel 3: tope de compra Gs. 500.000; tope de reintegro Gs. 125.000; Nivel 2: tope de compra Gs. 300.000; tope de reintegro Gs. 45.000; Nivel 1: tope de compra Gs. 100.000; tope de reintegro Gs. 10.000,Nivel 5: 40%; Nivel 4: 30%; Nivel 3: 25%; Nivel 2: 15%; Nivel 1: 10%,,https://www.ueno.com.py/wp-content/uploads/2026/08/Promocion-Reintegro-BIENESTAR-_-SEP-2026v1.pdf
c21fc173dd9afc84,ueno bank,Supermercados,4PETS,4PETS,40% reintegro; 30% reintegro; 25% reintegro; 15% reintegro; 10% reintegro,reintegro,40%; 30%; 25%; 15%; 10%,,,,No especificado,Desde el 01 de septiembre hasta el 30 de septiembre del 2026,Nivel 5: tope de compra Gs. 500.000; tope de reintegro Gs. 200.000; Nivel 4: tope de compra Gs. 400.000; tope de reintegro Gs. 120.000; Nivel 3: tope de compra Gs. 300.000; tope de reintegro Gs. 75.000; Nivel 2: tope de compra Gs. 300.000; tope de reintegro Gs. 45.000; Nivel 1: tope de compra Gs. 300.000; tope de reintegro Gs. 30.000,Nivel 5: 40%; Nivel 4: 30%; Nivel 3: 25%; Nivel 2: 15%; Nivel 1: 10%,,https://www.ueno.com.py/wp-content/uploads/2026/08/Promocion-Reintegro-SUPERMERCADOS-_-SEP-2026v1.pdf
7887f7ffd4181b9a,ueno bank,Supermercados,ARCHI SUPERMERCADOS,ARCHI SUPERMERCADOS,40% reintegro; 30% reintegro; 25% reintegro; 15% reintegro; 10% reintegro,reintegro,40%; 30%; 25%; 15%; 10%,,,,No especificado,Desde el 01 de septiembre hasta el 30 de septiembre del 2026,Nivel 5: tope de compra Gs. 500.000; tope de reintegro Gs. 200.000; Nivel 4: tope de compra Gs. 400.000; tope de reintegro Gs. 120.000; Nivel 3: tope de compra Gs. 300.000; tope de reintegro Gs. 75.000; Nivel 2: tope de compra Gs. 300.000; tope de reintegro Gs. 45.000; Nivel 1: tope de compra Gs. 300.000; tope de reintegro Gs. 30.000,Nivel 5: 40%; Nivel 4: 30%; Nivel 3: 25%; Nivel 2: 15%; Nivel 1: 10%,,https://www.ueno.com.py/wp-content/uploads/2026/08/Promocion-Reintegro-SUPERMERCADOS-_-SEP-2026v1.pdf
724bbf26616f0600,ueno bank,Supermercados,CADENA REAL,CADENA REAL,40% reintegro; 30% reintegro; 25% reintegro; 15% reintegro; 10% reintegro,reintegro,40%; 30%; 25%; 15%; 10%,,,,No especificado,Desde el 01 de septiembre hasta el 30 de septiembre del 2026,Nivel 5: tope de compra Gs. 500.000; tope de reintegro Gs. 200.000; Nivel 4: tope de compra Gs. 400.000; tope de reintegro Gs. 120.000; Nivel 3: tope de compra Gs. 300.000; tope de reintegro Gs. 75.000; Nivel 2: tope de compra Gs. 300.000; tope de reintegro Gs. 45.000; Nivel 1: tope de compra Gs. 300.000; tope de reintegro Gs. 30.000,Nivel 5: 40%; Nivel 4: 30%; Nivel 3: 25%; Nivel 2: 15%; Nivel 1: 10%,,https://www.ueno.com.py/wp-content/uploads/2026/08/Promocion-Reintegro-SUPERMERCADOS-_-SEP-2026v1.pdf
50e746bb0eb995be,ueno bank,Supermercados,CARNICERIA BOUTIQUE TACUARA 07,CARNICERIA BOUTIQUE TACUARA 07,40% reintegro; 30% reintegro; 25% reintegro; 15% reintegro; 10% reintegro,reintegro,40%; 30%; 25%; 15%; 10%,,,,No especificado,Desde el 01 de septiembre hasta el 30 de septiembre del 2026,Nivel 5: tope de compra Gs. 500.000; tope de reintegro Gs. 200.000; Nivel 4: tope de compra Gs. 400.000; tope de reintegro Gs. 120.000; Nivel 3: tope de compra Gs. 300.000; tope de reintegro Gs. 75.000; Nivel 2: tope de compra Gs. 300.000; tope de reintegro Gs. 45.000; Nivel 1: tope de compra Gs. 300.000; tope de reintegro Gs. 30.000,Nivel 5: 40%; Nivel 4: 30%; Nivel 3: 25%; Nivel 2: 15%; Nivel 1: 10%,,https://www.ueno.com.py/wp-content/uploads/2026/08/Promocion-Reintegro-SUPERMERCADOS-_-SEP-2026v1.pdf
83f859935e16a8f8,ueno bank,Supermercados,DELIMARKET,DELIMARKET,40% reintegro; 30% reintegro; 25% reintegro; 15% reintegro; 10% reintegro,reintegro,40%; 30%; 25%; 15%; 10%,,,,No especificado,Desde el 01 de septiembre hasta el 30 de septiembre del 2026,Nivel 5: tope de compra Gs. 500.000; tope de reintegro Gs. 200.000; Nivel 4: tope de compra Gs. 400.000; tope de reintegro Gs. 120.000; Nivel 3: tope de compra Gs. 300.000; tope de reintegro Gs. 75.000; Nivel 2: tope de compra Gs. 300.000; tope de reintegro Gs. 45.000; Nivel 1: tope de compra Gs. 300.000; tope de reintegro Gs. 30.000,Nivel 5: 40%; Nivel 4: 30%; Nivel 3: 25%; Nivel 2: 15%; Nivel 1: 10%,,https://www.ueno.com.py/wp-content/uploads/2026/08/Promocion-Reintegro-SUPERMERCADOS-_-SEP-2026v1.pdf
d0214f8b9a303075,ueno bank,Supermercados,GRAN VIA,GRAN VIA,40% reintegro; 30% reintegro; 25% reintegro; 15% reintegro; 10% reintegro,reintegro,40%; 30%; 25%; 15%; 10%,,,,No especificado,Desde el 01 de septiembre hasta el 30 de septiembre del 2026,Nivel 5: tope de compra Gs. 500.000; tope de reintegro Gs. 200.000; Nivel 4: tope de compra Gs. 400.000; tope de reintegro Gs. 120.000; Nivel 3: tope de compra Gs. 300.000; tope de reintegro Gs. 75.000; Nivel 2: tope de compra Gs. 300.000; tope de reintegro Gs. 45.000; Nivel 1: tope de compra Gs. 300.000; tope de reintegro Gs. 30.000,Nivel 5: 40%; Nivel 4: 30%; Nivel 3: 25%; Nivel 2: 15%; Nivel 1: 10%,,https://www.ueno.com.py/wp-content/uploads/2026/08/Promocion-Reintegro-SUPERMERCADOS-_-SEP-2026v1.pdf
7f732d6e6b8de47a,ueno bank,Supermercados,HELLO OVEN,HELLO OVEN,40% reintegro; 30% reintegro; 25% reintegro; 15% reintegro; 10% reintegro,reintegro,40%; 30%; 25%; 15%; 10%,,,,No especificado,Desde el 01 de septiembre hasta el 30 de septiembre del 2026,Nivel 5: tope de compra Gs. 500.000; tope de reintegro Gs. 200.000; Nivel 4: tope de compra Gs. 400.000; tope de reintegro Gs. 120.000; Nivel 3: tope de compra Gs. 300.000; tope de reintegro Gs. 75.000; Nivel 2: tope de compra Gs. 300.000; tope de reintegro Gs. 45.000; Nivel 1: tope de compra Gs. 300.000; tope de reintegro Gs. 30.000,Nivel 5: 40%; Nivel 4: 30%; Nivel 3: 25%; Nivel 2: 15%; Nivel 1: 10%,,https://www.ueno.com.py/wp-content/uploads/2026/08/Promocion-Reintegro-SUPERMERCADOS-_-SEP-2026v1.pdf
3ee76d1b22846ede,ueno bank,Supermercados,MARÍA'S,MARÍA'S,40% reintegro; 30% reintegro; 25% reintegro; 15% reintegro; 10% reintegro,reintegro,40%; 30%; 25%; 15%; 10%,,,,No especificado,Desde el 01 de septiembre hasta el 30 de septiembre del 2026,Nivel 5: tope de compra Gs. 500.000; tope de reintegro Gs. 200.000; Nivel 4: tope de compra Gs. 400.000; tope de reintegro Gs. 120.000; Nivel 3: tope de compra Gs. 300.000; tope de reintegro Gs. 75.000; Nivel 2: tope de compra Gs. 300.000; tope de reintegro Gs. 45.000; Nivel 1: tope de compra Gs. 300.000; tope de reintegro Gs. 30.000,Nivel 5: 40%; Nivel 4: 30%; Nivel 3: 25%; Nivel 2: 15%; Nivel 1: 10%,,https://www.ueno.com.py/wp-content/uploads/2026/08/Promocion-Reintegro-SUPERMERCADOS-_-SEP-2026v1.pdf
b54e0b61f987c9e2,ueno bank,Supermercados,MOLINO CAAGUAZU,MOLINO CAAGUAZU,40% reintegro; 30% reintegro; 25% reintegro; 15% reintegro; 10% reintegro,reintegro,40%; 30%; 25%; 15%; 10%,,,,No especificado,Desde el 01 de septiembre hasta el 30 de septiembre del 2026,Nivel 5: tope de compra Gs. 500.000; tope de reintegro Gs. 200.000; Nivel 4: tope de compra Gs. 400.000; tope de reintegro Gs. 120.000; Nivel 3: tope de compra Gs. 300.000; tope de reintegro Gs. 75.000; Nivel 2: tope de compra Gs. 300.000; tope de reintegro Gs. 45.000; Nivel 1: tope de compra Gs. 300.000; tope de reintegro Gs. 30.000,Nivel 5: 40%; Nivel 4: 30%; Nivel 3: 25%; Nivel 2: 15%; Nivel 1: 10%,,https://www.ueno.com.py/wp-content/uploads/2026/08/Promocion-Reintegro-SUPERMERCADOS-_-SEP-2026v1.pdf
08bef83e12437592,ueno bank,Supermercados,PLUB,PLUB,40% reintegro; 30% reintegro; 25% reintegro; 15% reintegro; 10% reintegro,reintegro,40%; 30%; 25%; 15%; 10%,,,,No especificado,Desde el 01 de septiembre hasta el 30 de septiembre del 2026,Nivel 5: tope de compra Gs. 500.000; tope de reintegro Gs. 200.000; Nivel 4: tope de compra Gs. 400.000; tope de reintegro Gs. 120.000; Nivel 3: tope de compra Gs. 300.000; tope de reintegro Gs. 75.000; Nivel 2: tope de compra Gs. 300.000; tope de reintegro Gs. 45.000; Nivel 1: tope de compra Gs. 300.000; tope de reintegro Gs. 30.000,Nivel 5: 40%; Nivel 4: 30%; Nivel 3: 25%; Nivel 2: 15%; Nivel 1: 10%,,https://www.ueno.com.py/wp-content/uploads/2026/08/Promocion-Reintegro-SUPERMERCADOS-_-SEP-2026v1.pdf
fbd2513dd95f6420,ueno bank,Supermercados,PORKUS CARNICERÍA,PORKUS CARNICERÍA,40% reintegro; 30% reintegro; 25% reintegro; 15% reintegro; 10% reintegro,reintegro,40%; 30%; 25%; 15%; 10%,,,,No especificado,Desde el 01 de septiembre hasta el 30 de septiembre del 2026,Nivel 5: tope de compra Gs. 500.000; tope de reintegro Gs. 200.000; Nivel 4: tope de compra Gs. 400.000; tope de reintegro Gs. 120.000; Nivel 3: tope de compra Gs. 300.000; tope de reintegro Gs. 75.000; Nivel 2: tope de compra Gs. 300.000; tope de reintegro Gs. 45.000; Nivel 1: tope de compra Gs. 300.000; tope de reintegro Gs. 30.000,Nivel 5: 40%; Nivel 4: 30%; Nivel 3: 25%; Nivel 2: 15%; Nivel 1: 10%,,https://www.ueno.com.py/wp-content/uploads/2026/08/Promocion-Reintegro-SUPERMERCADOS-_-SEP-2026v1.pdf
2e51bf017eada3d7,ueno bank,Supermercados,PRONTO SUPERMERCADO,PRONTO SUPERMERCADO,40% reintegro; 30% reintegro; 25% reintegro; 15% reintegro; 10% reintegro,reintegro,40%; 30%; 25%; 15%; 10%,,,,No especificado,Desde el 01 de septiembre hasta el 30 de septiembre del 2026,Nivel 5: tope de compra Gs. 500.000; tope de reintegro Gs. 200.000; Nivel 4: tope de compra Gs. 400.000; tope de reintegro Gs. 120.000; Nivel 3: tope de compra Gs. 300.000; tope de reintegro Gs. 75.000; Nivel 2: tope de compra Gs. 300.000; tope de reintegro Gs. 45.000; Nivel 1: tope de compra Gs. 300.000; tope de reintegro Gs. 30.000,Nivel 5: 40%; Nivel 4: 30%; Nivel 3: 25%; Nivel 2: 15%; Nivel 1: 10%,,https://www.ueno.com.py/wp-content/uploads/2026/08/Promocion-Reintegro-SUPERMERCADOS-_-SEP-2026v1.pdf
f8fe6ed2dfe4b061,ueno bank,Supermercados,SALEMMA,SALEMMA,40% reintegro; 30% reintegro; 25% reintegro; 15% reintegro; 10% reintegro,reintegro,40%; 30%; 25%; 15%; 10%,,,,No especificado,Desde el 01 de septiembre hasta el 30 de septiembre del 2026,Nivel 5: tope de compra Gs. 500.000; tope de reintegro Gs. 200.000; Nivel 4: tope de compra Gs. 400.000; tope de reintegro Gs. 120.000; Nivel 3: tope de compra Gs. 300.000; tope de reintegro Gs. 75.000; Nivel 2: tope de compra Gs. 300.000; tope de reintegro Gs. 45.000; Nivel 1: tope de compra Gs. 300.000; tope de reintegro Gs. 30.000,Nivel 5: 40%; Nivel 4: 30%; Nivel 3: 25%; Nivel 2: 15%; Nivel 1: 10%,,https://www.ueno.com.py/wp-content/uploads/2026/08/Promocion-Reintegro-SUPERMERCADOS-_-SEP-2026v1.pdf
96eec3abff716754,ueno bank,Supermercados,STOCK,STOCK,40% reintegro; 30% reintegro; 25% reintegro; 15% reintegro; 10% reintegro,reintegro,40%; 30%; 25%; 15%; 10%,,,,No especificado,Desde el 01 de septiembre hasta el 30 de septiembre del 2026,Nivel 5: tope de compra Gs. 500.000; tope de reintegro Gs. 200.000; Nivel 4: tope de compra Gs. 400.000; tope de reintegro Gs. 120.000; Nivel 3: tope de compra Gs. 300.000; tope de reintegro Gs. 75.000; Nivel 2: tope de compra Gs. 300.000; tope de reintegro Gs. 45.000; Nivel 1: tope de compra Gs. 300.000; tope de reintegro Gs. 30.000,Nivel 5: 40%; Nivel 4: 30%; Nivel 3: 25%; Nivel 2: 15%; Nivel 1: 10%,,https://www.ueno.com.py/wp-content/uploads/2026/08/Promocion-Reintegro-SUPERMERCADOS-_-SEP-2026v1.pdf
8c98f7feadceaf32,ueno bank,Supermercados,STOCK EXPRESS,STOCK EXPRESS,40% reintegro; 30% reintegro; 25% reintegro; 15% reintegro; 10% reintegro,reintegro,40%; 30%; 25%; 15%; 10%,,,,No especificado,Desde el 01 de septiembre hasta el 30 de septiembre del 2026,Nivel 5: tope de compra Gs. 500.000; tope de reintegro Gs. 200.000; Nivel 4: tope de compra Gs. 400.000; tope de reintegro Gs. 120.000; Nivel 3: tope de compra Gs. 300.000; tope de reintegro Gs. 75.000; Nivel 2: tope de compra Gs. 300.000; tope de reintegro Gs. 45.000; Nivel 1: tope de compra Gs. 300.000; tope de reintegro Gs. 30.000,Nivel 5: 40%; Nivel 4: 30%; Nivel 3: 25%; Nivel 2: 15%; Nivel 1: 10%,,https://www.ueno.com.py/wp-content/uploads/2026/08/Promocion-Reintegro-SUPERMERCADOS-_-SEP-2026v1.pdf
9a502dee8c302644,ueno bank,Supermercados,SUPERMERCADO COLON,SUPERMERCADO COLON,40% reintegro; 30% reintegro; 25% reintegro; 15% reintegro; 10% reintegro,reintegro,40%; 30%; 25%; 15%; 10%,,,,No especificado,Desde el 01 de septiembre hasta el 30 de septiembre del 2026,Nivel 5: tope de compra Gs. 500.000; tope de reintegro Gs. 200.000; Nivel 4: tope de compra Gs. 400.000; tope de reintegro Gs. 120.000; Nivel 3: tope de compra Gs. 300.000; tope de reintegro Gs. 75.000; Nivel 2: tope de compra Gs. 300.000; tope de reintegro Gs. 45.000; Nivel 1: tope de compra Gs. 300.000; tope de reintegro Gs. 30.000,Nivel 5: 40%; Nivel 4: 30%; Nivel 3: 25%; Nivel 2: 15%; Nivel 1: 10%,,https://www.ueno.com.py/wp-content/uploads/2026/08/Promocion-Reintegro-SUPERMERCADOS-_-SEP-2026v1.pdf
89a91cd2e9db2105,ueno bank,Supermercados,SUPERMERCADO EXITO,SUPERMERCADO EXITO,40% reintegro; 30% reintegro; 25% reintegro; 15% reintegro; 10% reintegro,reintegro,40%; 30%; 25%; 15%; 10%,,,,No especificado,Desde el 01 de septiembre hasta el 30 de septiembre del 2026,Nivel 5: tope de compra Gs. 500.000; tope de reintegro Gs. 200.000; Nivel 4: tope de compra Gs. 400.000; tope de reintegro Gs. 120.000; Nivel 3: tope de compra Gs. 300.000; tope de reintegro Gs. 75.000; Nivel 2: tope de compra Gs. 300.000; tope de reintegro Gs. 45.000; Nivel 1: tope de compra Gs. 300.000; tope de reintegro Gs. 30.000,Nivel 5: 40%; Nivel 4: 30%; Nivel 3: 25%; Nivel 2: 15%; Nivel 1: 10%,,https://www.ueno.com.py/wp-content/uploads/2026/08/Promocion-Reintegro-SUPERMERCADOS-_-SEP-2026v1.pdf
3f22de0e892dc1eb,ueno bank,Supermercados,SUPERMERCADO METRO,SUPERMERCADO METRO,40% reintegro; 30% reintegro; 25% reintegro; 15% reintegro; 10% reintegro,reintegro,40%; 30%; 25%; 15%; 10%,,,,No especificado,Desde el 01 de septiembre hasta el 30 de septiembre del 2026,Nivel 5: tope de compra Gs. 500.000; tope de reintegro Gs. 200.000; Nivel 4: tope de compra Gs. 400.000; tope de reintegro Gs. 120.000; Nivel 3: tope de compra Gs. 300.000; tope de reintegro Gs. 75.000; Nivel 2: tope de compra Gs. 300.000; tope de reintegro Gs. 45.000; Nivel 1: tope de compra Gs. 300.000; tope de reintegro Gs. 30.000,Nivel 5: 40%; Nivel 4: 30%; Nivel 3: 25%; Nivel 2: 15%; Nivel 1: 10%,,https://www.ueno.com.py/wp-content/uploads/2026/08/Promocion-Reintegro-SUPERMERCADOS-_-SEP-2026v1.pdf
3519161b4779b30d,ueno bank,Supermercados,SUPERMERCADOS HYV,SUPERMERCADOS HYV,40% reintegro; 30% reintegro; 25% reintegro; 15% reintegro; 10% reintegro,reintegro,40%; 30%; 25%; 15%; 10%,,,,No especificado,Desde el 01 de septiembre hasta el 30 de septiembre del 2026,Nivel 5: tope de compra Gs. 500.000; tope de reintegro Gs. 200.000; Nivel 4: tope de compra Gs. 400.000; tope de reintegro Gs. 120.000; Nivel 3: tope de compra Gs. 300.000; tope de reintegro Gs. 75.000; Nivel 2: tope de compra Gs. 300.000; tope de reintegro Gs. 45.000; Nivel 1: tope de compra Gs. 300.000; tope de reintegro Gs. 30.000,Nivel 5: 40%; Nivel 4: 30%; Nivel 3: 25%; Nivel 2: 15%; Nivel 1: 10%,,https://www.ueno.com.py/wp-content/uploads/2026/08/Promocion-Reintegro-SUPERMERCADOS-_-SEP-2026v1.pdf
4b69edb7c674a993,ueno bank,Supermercados,SUPERSEIS,SUPERSEIS,40% reintegro; 30% reintegro; 25% reintegro; 15% reintegro; 10% reintegro,reintegro,40%; 30%; 25%; 15%; 10%,,,,No especificado,Desde el 01 de septiembre hasta el 30 de septiembre del 2026,Nivel 5: tope de compra Gs. 500.000; tope de reintegro Gs. 200.000; Nivel 4: tope de compra Gs. 400.000; tope de reintegro Gs. 120.000; Nivel 3: tope de compra Gs. 300.000; tope de reintegro Gs. 75.000; Nivel 2: tope de compra Gs. 300.000; tope de reintegro Gs. 45.000; Nivel 1: tope de compra Gs. 300.000; tope de reintegro Gs. 30.000,Nivel 5: 40%; Nivel 4: 30%; Nivel 3: 25%; Nivel 2: 15%; Nivel 1: 10%,,https://www.ueno.com.py/wp-content/uploads/2026/08/Promocion-Reintegro-SUPERMERCADOS-_-SEP-2026v1.pdf
c2ce9a9c139533c3,ueno bank,Supermercados,SUPERSEIS EXPRESS,SUPERSEIS EXPRESS,40% reintegro; 30% reintegro; 25% reintegro; 15% reintegro; 10% reintegro,reintegro,40%; 30%; 25%; 15%; 10%,,,,No especificado,Desde el 01 de septiembre hasta el 30 de septiembre del 2026,Nivel 5: tope de compra Gs. 500.000; tope de reintegro Gs. 200.000; Nivel 4: tope de compra Gs. 400.000; tope de reintegro Gs. 120.000; Nivel 3: tope de compra Gs. 300.000; tope de reintegro Gs. 75.000; Nivel 2: tope de compra Gs. 300.000; tope de reintegro Gs. 45.000; Nivel 1: tope de compra Gs. 300.000; tope de reintegro Gs. 30.000,Nivel 5: 40%; Nivel 4: 30%; Nivel 3: 25%; Nivel 2: 15%; Nivel 1: 10%,,https://www.ueno.com.py/wp-content/uploads/2026/08/Promocion-Reintegro-SUPERMERCADOS-_-SEP-2026v1.pdf
6f3b5209350ea5fd,ueno bank,Tiendas,ACADEMIA OLIMPIA,ACADEMIA OLIMPIA,Cuotas sin intereses,cuotas_sin_intereses,,,,,No especificado,Desde el 01 de septiembre hasta el 30 de septiembre del 2026,,No aplica,,https://www.ueno.com.py/wp-content/uploads/2026/08/Cuotas-sin-intereses-Comercios-Adheridos-_-SEP-2026v3.pdf
224c152f16b31317,ueno bank,Tiendas,AEROPOSTALE,AEROPOSTALE,Cuotas sin intereses,cuotas_sin_intereses,,,,,No especificado,Desde el 01 de septiembre hasta el 30 de septiembre del 2026,,No aplica,,https://www.ueno.com.py/wp-content/uploads/2026/08/Cuotas-sin-intereses-Comercios-Adheridos-_-SEP-2026v3.pdf
3a81a57c245903e0,ueno bank,Tiendas,AF PEAK LAB,AF PEAK LAB,Cuotas sin intereses,cuotas_sin_intereses,,,,,No especificado,Desde el 01 de septiembre hasta el 30 de septiembre del 2026,,No aplica,,https://www.ueno.com.py/wp-content/uploads/2026/08/Cuotas-sin-intereses-Comercios-Adheridos-_-SEP-2026v3.pdf
4b309c5b8d6da1f4,ueno bank,Tiendas,AH CORTES & GRABADOS,AH CORTES & GRABADOS,Cuotas sin intereses,cuotas_sin_intereses,,,,,No especificado,Desde el 01 de septiembre hasta el 30 de septiembre del 2026,,No aplica,,https://www.ueno.com.py/wp-content/uploads/2026/08/Cuotas-sin-intereses-Comercios-Adheridos-_-SEP-2026v3.pdf
123b0abd9ec2127f,ueno bank,Tiendas,AIREA,AIREA,Cuotas sin intereses,cuotas_sin_intereses,,,,,No especificado,Desde el 01 de septiembre hasta el 30 de septiembre del 2026,,No aplica,,https://www.ueno.com.py/wp-content/uploads/2026/08/Cuotas-sin-intereses-Comercios-Adheridos-_-SEP-2026v3.pdf
35d5c5e7ba0d6131,ueno bank,Tiendas,ALMA CARIOCA,ALMA CARIOCA,Cuotas sin intereses,cuotas_sin_intereses,,,,,No especificado,Desde el 01 de septiembre hasta el 30 de septiembre del 2026,,No aplica,,https://www.ueno.com.py/wp-content/uploads/2026/08/Cuotas-sin-intereses-Comercios-Adheridos-_-SEP-2026v3.pdf
66c0be306570d8c7,ueno bank,Tiendas,ALTEZA PERFUMERÍA,ALTEZA PERFUMERÍA,Cuotas sin intereses,cuotas_sin_intereses,,,,,No especificado,Desde el 01 de septiembre hasta el 30 de septiembre del 2026,,No aplica,,https://www.ueno.com.py/wp-content/uploads/2026/08/Cuotas-sin-intereses-Comercios-Adheridos-_-SEP-2026v3.pdf
88034c85b06df370,ueno bank,Tiendas,AMERICA SHOP,AMERICA SHOP,Cuotas sin intereses,cuotas_sin_intereses,,,,,No especificado,Desde el 01 de septiembre hasta el 30 de septiembre del 2026,,No aplica,,https://www.ueno.com.py/wp-content/uploads/2026/08/Cuotas-sin-intereses-Comercios-Adheridos-_-SEP-2026v3.pdf
d1200056af794e95,ueno bank,Tiendas,AMERICAN LOOK,AMERICAN LOOK,Cuotas sin intereses,cuotas_sin_intereses,,,,,No especificado,Desde el 01 de septiembre hasta el 30 de septiembre del 2026,,No aplica,,https://www.ueno.com.py/wp-content/uploads/2026/08/Cuotas-sin-intereses-Comercios-Adheridos-_-SEP-2026v3.pdf
41bae218ad684b71,ueno bank,Tiendas,ASISMED SUCURSAL CIT,ASISMED SUCURSAL CIT,Cuotas sin intereses,cuotas_sin_intereses,,,,,No especificado,Desde el 01 de septiembre hasta el 30 de septiembre del 2026,,No aplica,,https://www.ueno.com.py/wp-content/uploads/2026/08/Cuotas-sin-intereses-Comercios-Adheridos-_-SEP-2026v3.pdf
1d794526dd63c62a,ueno bank,Tiendas,ATLANTIC EXPRESS,ATLANTIC EXPRESS,Cuotas sin intereses,cuotas_sin_intereses,,,,,No especificado,Desde el 01 de septiembre hasta el 30 de septiembre del 2026,,No aplica,,https://www.ueno.com.py/wp-content/uploads/2026/08/Cuotas-sin-intereses-Comercios-Adheridos-_-SEP-2026v3.pdf
35713d58cf13e9e1,ueno bank,Tiendas,AUTOCLICK,AUTOCLICK,Cuotas sin intereses,cuotas_sin_intereses,,,,,No especificado,Desde el 01 de septiembre hasta el 30 de septiembre del 2026,,No aplica,,https://www.ueno.com.py/wp-content/uploads/2026/08/Cuotas-sin-intereses-Comercios-Adheridos-_-SEP-2026v3.pdf
f44c11b853e56c98,ueno bank,Tiendas,AUTOMAQ,AUTOMAQ,Cuotas sin intereses,cuotas_sin_intereses,,,,,No especificado,Desde el 01 de septiembre hasta el 30 de septiembre del 2026,,No aplica,,https://www.ueno.com.py/wp-content/uploads/2026/08/Cuotas-sin-intereses-Comercios-Adheridos-_-SEP-2026v3.pdf
bad24aff084e79a4,ueno bank,Tiendas,AUTOMOTOR,AUTOMOTOR,Cuotas sin intereses,cuotas_sin_intereses,,,,,No especificado,Desde el 01 de septiembre hasta el 30 de septiembre del 2026,,No aplica,,https://www.ueno.com.py/wp-content/uploads/2026/08/Cuotas-sin-intereses-Comercios-Adheridos-_-SEP-2026v3.pdf
22934b1bbd611553,ueno bank,Tiendas,BACO,BACO,Cuotas sin intereses,cuotas_sin_intereses,,,,,No especificado,Desde el 01 de septiembre hasta el 30 de septiembre del 2026,,No aplica,,https://www.ueno.com.py/wp-content/uploads/2026/08/Cuotas-sin-intereses-Comercios-Adheridos-_-SEP-2026v3.pdf
4d58a3c93aa61c01,ueno bank,Tiendas,BENDITTA COLLECTION,BENDITTA COLLECTION,Cuotas sin intereses,cuotas_sin_intereses,,,,,No especificado,Desde el 01 de septiembre hasta el 30 de septiembre del 2026,,No aplica,,https://www.ueno.com.py/wp-content/uploads/2026/08/Cuotas-sin-intereses-Comercios-Adheridos-_-SEP-2026v3.pdf
d770b9631dc11b5b,ueno bank,Tiendas,BENDITTA STYLE,BENDITTA STYLE,Cuotas sin intereses,cuotas_sin_intereses,,,,,No especificado,Desde el 01 de septiembre hasta el 30 de septiembre del 2026,,No aplica,,https://www.ueno.com.py/wp-content/uploads/2026/08/Cuotas-sin-intereses-Comercios-Adheridos-_-SEP-2026v3.pdf
17f4194fca6ff0cc,ueno bank,Tiendas,BICICLETERIA COLON,BICICLETERIA COLON,Cuotas sin intereses,cuotas_sin_intereses,,,,,No especificado,Desde el 01 de septiembre hasta el 30 de septiembre del 2026,,No aplica,,https://www.ueno.com.py/wp-content/uploads/2026/08/Cuotas-sin-intereses-Comercios-Adheridos-_-SEP-2026v3.pdf
a027e0c0f2ea712f,ueno bank,Tiendas,BRICK ALMACEN DIDACTICO,BRICK ALMACEN DIDACTICO,Cuotas sin intereses,cuotas_sin_intereses,,,,,No especificado,Desde el 01 de septiembre hasta el 30 de septiembre del 2026,,No aplica,,https://www.ueno.com.py/wp-content/uploads/2026/08/Cuotas-sin-intereses-Comercios-Adheridos-_-SEP-2026v3.pdf
289f6c42724b9dc3,ueno bank,Tiendas,BROOKSFIELD,BROOKSFIELD,Cuotas sin intereses,cuotas_sin_intereses,,,,,No especificado,Desde el 01 de septiembre hasta el 30 de septiembre del 2026,,No aplica,,https://www.ueno.com.py/wp-content/uploads/2026/08/Cuotas-sin-intereses-Comercios-Adheridos-_-SEP-2026v3.pdf
4a200c23eff62ec5,ueno bank,Tiendas,BRUNO CORSI,BRUNO CORSI,Cuotas sin intereses,cuotas_sin_intereses,,,,,No especificado,Desde el 01 de septiembre hasta el 30 de septiembre del 2026,,No aplica,,https://www.ueno.com.py/wp-content/uploads/2026/08/Cuotas-sin-intereses-Comercios-Adheridos-_-SEP-2026v3.pdf
1bf9c7d424b65cd6,ueno bank,Tiendas,BUY SMART,BUY SMART,Cuotas sin intereses,cuotas_sin_intereses,,,,,No especificado,Desde el 01 de septiembre hasta el 30 de septiembre del 2026,,No aplica,,https://www.ueno.com.py/wp-content/uploads/2026/08/Cuotas-sin-intereses-Comercios-Adheridos-_-SEP-2026v3.pdf
d8ff20f9da70c005,ueno bank,Tiendas,CANELA ZAPATERIA,CANELA ZAPATERIA,Cuotas sin intereses,cuotas_sin_intereses,,,,,No especificado,Desde el 01 de septiembre hasta el 30 de septiembre del 2026,,No aplica,,https://www.ueno.com.py/wp-content/uploads/2026/08/Cuotas-sin-intereses-Comercios-Adheridos-_-SEP-2026v3.pdf
0bfe3bf11e49f9f3,ueno bank,Tiendas,CARDON ENCARNACION,CARDON ENCARNACION,Cuotas sin intereses,cuotas_sin_intereses,,,,,No especificado,Desde el 01 de septiembre hasta el 30 de septiembre del 2026,,No aplica,,https://www.ueno.com.py/wp-content/uploads/2026/08/Cuotas-sin-intereses-Comercios-Adheridos-_-SEP-2026v3.pdf
e83e5855dc3d3396,ueno bank,Tiendas,CASA TRAMONTINA DE ATLANTIC,CASA TRAMONTINA DE ATLANTIC,Cuotas sin intereses,cuotas_sin_intereses,,,,,No especificado,Desde el 01 de septiembre hasta el 30 de septiembre del 2026,,No aplica,,https://www.ueno.com.py/wp-content/uploads/2026/08/Cuotas-sin-intereses-Comercios-Adheridos-_-SEP-2026v3.pdf
7ed3dcc1e23e95fe,ueno bank,Tiendas,CAT,CAT,Cuotas sin intereses,cuotas_sin_intereses,,,,,No especificado,Desde el 01 de septiembre hasta el 30 de septiembre del 2026,,No aplica,,https://www.ueno.com.py/wp-content/uploads/2026/08/Cuotas-sin-intereses-Comercios-Adheridos-_-SEP-2026v3.pdf
e708292bdacdcbb4,ueno bank,Tiendas,CECOTEC,CECOTEC,Cuotas sin intereses,cuotas_sin_intereses,,,,,No especificado,Desde el 01 de septiembre hasta el 30 de septiembre del 2026,,No aplica,,https://www.ueno.com.py/wp-content/uploads/2026/08/Cuotas-sin-intereses-Comercios-Adheridos-_-SEP-2026v3.pdf
cb6d4dd048211694,ueno bank,Tiendas,CHACOMER,CHACOMER,Cuotas sin intereses,cuotas_sin_intereses,,,,,No especificado,Desde el 01 de septiembre hasta el 30 de septiembre del 2026,,No aplica,,https://www.ueno.com.py/wp-content/uploads/2026/08/Cuotas-sin-intereses-Comercios-Adheridos-_-SEP-2026v3.pdf
0a91fb927ade316b,ueno bank,Tiendas,CHANDON (Aplica únicamente al showroom de RRDE),CHANDON (Aplica únicamente al showroom de RRDE),Cuotas sin intereses,cuotas_sin_intereses,,,,,No especificado,Desde el 01 de septiembre hasta el 30 de septiembre del 2026,,No aplica,,https://www.ueno.com.py/wp-content/uploads/2026/08/Cuotas-sin-intereses-Comercios-Adheridos-_-SEP-2026v3.pdf
9c10b46ef316779d,ueno bank,Tiendas,CHOICE MULTIMARCAS,CHOICE MULTIMARCAS,Cuotas sin intereses,cuotas_sin_intereses,,,,,No especificado,Desde el 01 de septiembre hasta el 30 de septiembre del 2026,,No aplica,,https://www.ueno.com.py/wp-content/uploads/2026/08/Cuotas-sin-intereses-Comercios-Adheridos-_-SEP-2026v3.pdf
f0de10b81fd563bb,ueno bank,Tiendas,CITADELLE (Aplica únicamente al showroom de RRDE),CITADELLE (Aplica únicamente al showroom de RRDE),Cuotas sin intereses,cuotas_sin_intereses,,,,,No especificado,Desde el 01 de septiembre hasta el 30 de septiembre del 2026,,No aplica,,https://www.ueno.com.py/wp-content/uploads/2026/08/Cuotas-sin-intereses-Comercios-Adheridos-_-SEP-2026v3.pdf
a8936661b96c246c,ueno bank,Tiendas,CLEVER STORE,CLEVER STORE,Cuotas sin intereses,cuotas_sin_intereses,,,,,No especificado,Desde el 01 de septiembre hasta el 30 de septiembre del 2026,,No aplica,,https://www.ueno.com.py/wp-content/uploads/2026/08/Cuotas-sin-intereses-Comercios-Adheridos-_-SEP-2026v3.pdf
ca206d30407d81e1,ueno bank,Tiendas,COMPUMARKET,COMPUMARKET,Cuotas sin intereses,cuotas_sin_intereses,,,,,No especificado,Desde el 01 de septiembre hasta el 30 de septiembre del 2026,,No aplica,,https://www.ueno.com.py/wp-content/uploads/2026/08/Cuotas-sin-intereses-Comercios-Adheridos-_-SEP-2026v3.pdf
5b015f37d84b01d3,ueno bank,Tiendas,CROCS,CROCS,Cuotas sin intereses,cuotas_sin_intereses,,,,,No especificado,Desde el 01 de septiembre hasta el 30 de septiembre del 2026,,No aplica,,https://www.ueno.com.py/wp-content/uploads/2026/08/Cuotas-sin-intereses-Comercios-Adheridos-_-SEP-2026v3.pdf
8e2db50f04cac14e,ueno bank,Tiendas,CYCLESPORT,CYCLESPORT,Cuotas sin intereses,cuotas_sin_intereses,,,,,No especificado,Desde el 01 de septiembre hasta el 30 de septiembre del 2026,,No aplica,,https://www.ueno.com.py/wp-content/uploads/2026/08/Cuotas-sin-intereses-Comercios-Adheridos-_-SEP-2026v3.pdf
dd0d4845f03482d1,ueno bank,Tiendas,DEJANDO HUELLAS,DEJANDO HUELLAS,Cuotas sin intereses,cuotas_sin_intereses,,,,,No especificado,Desde el 01 de septiembre hasta el 30 de septiembre del 2026,,No aplica,,https://www.ueno.com.py/wp-content/uploads/2026/08/Cuotas-sin-intereses-Comercios-Adheridos-_-SEP-2026v3.pdf
fbd12642e04cd031,ueno bank,Tiendas,DEPYLESS,DEPYLESS,Cuotas sin intereses,cuotas_sin_intereses,,,,,No especificado,Desde el 01 de septiembre hasta el 30 de septiembre del 2026,,No aplica,,https://www.ueno.com.py/wp-content/uploads/2026/08/Cuotas-sin-intereses-Comercios-Adheridos-_-SEP-2026v3.pdf
ea402122614a8ba0,ueno bank,Tiendas,DOM PERIGNON (Aplica únicamente al showroom de RRDE),DOM PERIGNON (Aplica únicamente al showroom de RRDE),Cuotas sin intereses,cuotas_sin_intereses,,,,,No especificado,Desde el 01 de septiembre hasta el 30 de septiembre del 2026,,No aplica,,https://www.ueno.com.py/wp-content/uploads/2026/08/Cuotas-sin-intereses-Comercios-Adheridos-_-SEP-2026v3.pdf
e5b49a7b0bbf97ca,ueno bank,Tiendas,DRS,DRS,Cuotas sin intereses,cuotas_sin_intereses,,,,,No especificado,Desde el 01 de septiembre hasta el 30 de septiembre del 2026,,No aplica,,https://www.ueno.com.py/wp-content/uploads/2026/08/Cuotas-sin-intereses-Comercios-Adheridos-_-SEP-2026v3.pdf
bf930f4732b7e779,ueno bank,Tiendas,DUDALINA,DUDALINA,Cuotas sin intereses,cuotas_sin_intereses,,,,,No especificado,Desde el 01 de septiembre hasta el 30 de septiembre del 2026,,No aplica,,https://www.ueno.com.py/wp-content/uploads/2026/08/Cuotas-sin-intereses-Comercios-Adheridos-_-SEP-2026v3.pdf
e3f6319a37908c45,ueno bank,Tiendas,DUNIA,DUNIA,Cuotas sin intereses,cuotas_sin_intereses,,,,,No especificado,Desde el 01 de septiembre hasta el 30 de septiembre del 2026,,No aplica,,https://www.ueno.com.py/wp-content/uploads/2026/08/Cuotas-sin-intereses-Comercios-Adheridos-_-SEP-2026v3.pdf
86a70ff1bc00fc3f,ueno bank,Tiendas,ENEACHE,ENEACHE,Cuotas sin intereses,cuotas_sin_intereses,,,,,No especificado,Desde el 01 de septiembre hasta el 30 de septiembre del 2026,,No aplica,,https://www.ueno.com.py/wp-content/uploads/2026/08/Cuotas-sin-intereses-Comercios-Adheridos-_-SEP-2026v3.pdf
e80db259f9d52425,ueno bank,Tiendas,ESKALA,ESKALA,Cuotas sin intereses,cuotas_sin_intereses,,,,,No especificado,Desde el 01 de septiembre hasta el 30 de septiembre del 2026,,No aplica,,https://www.ueno.com.py/wp-content/uploads/2026/08/Cuotas-sin-intereses-Comercios-Adheridos-_-SEP-2026v3.pdf
52819699f8f5076d,ueno bank,Tiendas,ESSEN,ESSEN,Cuotas sin intereses,cuotas_sin_intereses,,,,,No especificado,Desde el 01 de septiembre hasta el 30 de septiembre del 2026,,No aplica,,https://www.ueno.com.py/wp-content/uploads/2026/08/Cuotas-sin-intereses-Comercios-Adheridos-_-SEP-2026v3.pdf
f295d01ff210eada,ueno bank,Tiendas,ESTILO SUR,ESTILO SUR,Cuotas sin intereses,cuotas_sin_intereses,,,,,No especificado,Desde el 01 de septiembre hasta el 30 de septiembre del 2026,,No aplica,,https://www.ueno.com.py/wp-content/uploads/2026/08/Cuotas-sin-intereses-Comercios-Adheridos-_-SEP-2026v3.pdf
cc91ab560c35273a,ueno bank,Tiendas,EXA INTER,EXA INTER,Cuotas sin intereses,cuotas_sin_intereses,,,,,No especificado,Desde el 01 de septiembre hasta el 30 de septiembre del 2026,,No aplica,,https://www.ueno.com.py/wp-content/uploads/2026/08/Cuotas-sin-intereses-Comercios-Adheridos-_-SEP-2026v3.pdf
88db201bdae314f4,ueno bank,Tiendas,FENICIA DISTRIBUTION,FENICIA DISTRIBUTION,Cuotas sin intereses,cuotas_sin_intereses,,,,,No especificado,Desde el 01 de septiembre hasta el 30 de septiembre del 2026,,No aplica,,https://www.ueno.com.py/wp-content/uploads/2026/08/Cuotas-sin-intereses-Comercios-Adheridos-_-SEP-2026v3.pdf
eaa1dc7df995fb1c,ueno bank,Tiendas,FERREX,FERREX,Cuotas sin intereses,cuotas_sin_intereses,,,,,No especificado,Desde el 01 de septiembre hasta el 30 de septiembre del 2026,,No aplica,,https://www.ueno.com.py/wp-content/uploads/2026/08/Cuotas-sin-intereses-Comercios-Adheridos-_-SEP-2026v3.pdf
8a9f6d7411d14dbd,ueno bank,Tiendas,FITWAY,FITWAY,Cuotas sin intereses,cuotas_sin_intereses,,,,,No especificado,Desde el 01 de septiembre hasta el 30 de septiembre del 2026,,No aplica,,https://www.ueno.com.py/wp-content/uploads/2026/08/Cuotas-sin-intereses-Comercios-Adheridos-_-SEP-2026v3.pdf
ed59287ae476a149,ueno bank,Tiendas,FOREVER 21,FOREVER 21,Cuotas sin intereses,cuotas_sin_intereses,,,,,No especificado,Desde el 01 de septiembre hasta el 30 de septiembre del 2026,,No aplica,,https://www.ueno.com.py/wp-content/uploads/2026/08/Cuotas-sin-intereses-Comercios-Adheridos-_-SEP-2026v3.pdf
56569875b9e9c755,ueno bank,Tiendas,GALLO S.R.L.,GALLO S.R.L.,Cuotas sin intereses,cuotas_sin_intereses,,,,,No especificado,Desde el 01 de septiembre hasta el 30 de septiembre del 2026,,No aplica,,https://www.ueno.com.py/wp-content/uploads/2026/08/Cuotas-sin-intereses-Comercios-Adheridos-_-SEP-2026v3.pdf
cf6c6a2303ece225,ueno bank,Tiendas,GENZ,GENZ,Cuotas sin intereses,cuotas_sin_intereses,,,,,No especificado,Desde el 01 de septiembre hasta el 30 de septiembre del 2026,,No aplica,,https://www.ueno.com.py/wp-content/uploads/2026/08/Cuotas-sin-intereses-Comercios-Adheridos-_-SEP-2026v3.pdf
c9c844dc8c0964a8,ueno bank,Tiendas,GLENMORANGIE (Aplica únicamente al showroom de RRDE),GLENMORANGIE (Aplica únicamente al showroom de RRDE),Cuotas sin intereses,cuotas_sin_intereses,,,,,No especificado,Desde el 01 de septiembre hasta el 30 de septiembre del 2026,,No aplica,,https://www.ueno.com.py/wp-content/uploads/2026/08/Cuotas-sin-intereses-Comercios-Adheridos-_-SEP-2026v3.pdf
fa02e76caa1dc8d2,ueno bank,Tiendas,GO STORE,GO STORE,Cuotas sin intereses,cuotas_sin_intereses,,,,,No especificado,Desde el 01 de septiembre hasta el 30 de septiembre del 2026,,No aplica,,https://www.ueno.com.py/wp-content/uploads/2026/08/Cuotas-sin-intereses-Comercios-Adheridos-_-SEP-2026v3.pdf
ef39fdd706dbeb6b,ueno bank,Tiendas,GRUPO GARDEN,GRUPO GARDEN,Cuotas sin intereses,cuotas_sin_intereses,,,,,No especificado,Desde el 01 de septiembre hasta el 30 de septiembre del 2026,,No aplica,,https://www.ueno.com.py/wp-content/uploads/2026/08/Cuotas-sin-intereses-Comercios-Adheridos-_-SEP-2026v3.pdf
dbdf80b7be5df3e8,ueno bank,Tiendas,GUESS,GUESS,Cuotas sin intereses,cuotas_sin_intereses,,,,,No especificado,Desde el 01 de septiembre hasta el 30 de septiembre del 2026,,No aplica,,https://www.ueno.com.py/wp-content/uploads/2026/08/Cuotas-sin-intereses-Comercios-Adheridos-_-SEP-2026v3.pdf
d6cfac4baea14e09,ueno bank,Tiendas,HEROES LIBRERIA,HEROES LIBRERIA,Cuotas sin intereses,cuotas_sin_intereses,,,,,No especificado,Desde el 01 de septiembre hasta el 30 de septiembre del 2026,,No aplica,,https://www.ueno.com.py/wp-content/uploads/2026/08/Cuotas-sin-intereses-Comercios-Adheridos-_-SEP-2026v3.pdf
a48664c006c2b54f,ueno bank,Tiendas,HEY DUDE,HEY DUDE,Cuotas sin intereses,cuotas_sin_intereses,,,,,No especificado,Desde el 01 de septiembre hasta el 30 de septiembre del 2026,,No aplica,,https://www.ueno.com.py/wp-content/uploads/2026/08/Cuotas-sin-intereses-Comercios-Adheridos-_-SEP-2026v3.pdf
baa2d4b116de0618,ueno bank,Tiendas,INSTITUTO DE MODA Y ARTE,INSTITUTO DE MODA Y ARTE,Cuotas sin intereses,cuotas_sin_intereses,,,,,No especificado,Desde el 01 de septiembre hasta el 30 de septiembre del 2026,,No aplica,,https://www.ueno.com.py/wp-content/uploads/2026/08/Cuotas-sin-intereses-Comercios-Adheridos-_-SEP-2026v3.pdf
56b439329b775b9d,ueno bank,Tiendas,IRON STORE,IRON STORE,Cuotas sin intereses,cuotas_sin_intereses,,,,,No especificado,Desde el 01 de septiembre hasta el 30 de septiembre del 2026,,No aplica,,https://www.ueno.com.py/wp-content/uploads/2026/08/Cuotas-sin-intereses-Comercios-Adheridos-_-SEP-2026v3.pdf
4c69bb37a0d0eaf1,ueno bank,Tiendas,ISADORA,ISADORA,Cuotas sin intereses,cuotas_sin_intereses,,,,,No especificado,Desde el 01 de septiembre hasta el 30 de septiembre del 2026,,No aplica,,https://www.ueno.com.py/wp-content/uploads/2026/08/Cuotas-sin-intereses-Comercios-Adheridos-_-SEP-2026v3.pdf
fa489b5efd13e3a9,ueno bank,Tiendas,ISC POWER SOLUTIONS,ISC POWER SOLUTIONS,Cuotas sin intereses,cuotas_sin_intereses,,,,,No especificado,Desde el 01 de septiembre hasta el 30 de septiembre del 2026,,No aplica,,https://www.ueno.com.py/wp-content/uploads/2026/08/Cuotas-sin-intereses-Comercios-Adheridos-_-SEP-2026v3.pdf
c424a4f26688fcaf,ueno bank,Tiendas,JACK & JONES,JACK & JONES,Cuotas sin intereses,cuotas_sin_intereses,,,,,No especificado,Desde el 01 de septiembre hasta el 30 de septiembre del 2026,,No aplica,,https://www.ueno.com.py/wp-content/uploads/2026/08/Cuotas-sin-intereses-Comercios-Adheridos-_-SEP-2026v3.pdf
3ae902ab1d5d315b,ueno bank,Tiendas,JEEP,JEEP,Cuotas sin intereses,cuotas_sin_intereses,,,,,No especificado,Desde el 01 de septiembre hasta el 30 de septiembre del 2026,,No aplica,,https://www.ueno.com.py/wp-content/uploads/2026/08/Cuotas-sin-intereses-Comercios-Adheridos-_-SEP-2026v3.pdf
58e6f23fbf93df32,ueno bank,Tiendas,JF TIENDA DE REGALOS,JF TIENDA DE REGALOS,Cuotas sin intereses,cuotas_sin_intereses,,,,,No especificado,Desde el 01 de septiembre hasta el 30 de septiembre del 2026,,No aplica,,https://www.ueno.com.py/wp-content/uploads/2026/08/Cuotas-sin-intereses-Comercios-Adheridos-_-SEP-2026v3.pdf
089b1b4fb35c175d,ueno bank,Tiendas,KAPPA OUTLET,KAPPA OUTLET,Cuotas sin intereses,cuotas_sin_intereses,,,,,No especificado,Desde el 01 de septiembre hasta el 30 de septiembre del 2026,,No aplica,,https://www.ueno.com.py/wp-content/uploads/2026/08/Cuotas-sin-intereses-Comercios-Adheridos-_-SEP-2026v3.pdf
d02200fa103abef2,ueno bank,Tiendas,KEMSA E-COMMERCE (ANTERIOR TIENDA DE SALDOS),KEMSA E-COMMERCE (ANTERIOR TIENDA DE SALDOS),Cuotas sin intereses,cuotas_sin_intereses,,,,,No especificado,Desde el 01 de septiembre hasta el 30 de septiembre del 2026,,No aplica,,https://www.ueno.com.py/wp-content/uploads/2026/08/Cuotas-sin-intereses-Comercios-Adheridos-_-SEP-2026v3.pdf
3aa3e875c6e2e946,ueno bank,Tiendas,KOALA,KOALA,Cuotas sin intereses,cuotas_sin_intereses,,,,,No especificado,Desde el 01 de septiembre hasta el 30 de septiembre del 2026,,No aplica,,https://www.ueno.com.py/wp-content/uploads/2026/08/Cuotas-sin-intereses-Comercios-Adheridos-_-SEP-2026v3.pdf
99823b8dad4f3416,ueno bank,Tiendas,L'ACERIE,L'ACERIE,Cuotas sin intereses,cuotas_sin_intereses,,,,,No especificado,Desde el 01 de septiembre hasta el 30 de septiembre del 2026,,No aplica,,https://www.ueno.com.py/wp-content/uploads/2026/08/Cuotas-sin-intereses-Comercios-Adheridos-_-SEP-2026v3.pdf
08423b00780b8977,ueno bank,Tiendas,LA HORA DE LAS COMPRAS,LA HORA DE LAS COMPRAS,Cuotas sin intereses,cuotas_sin_intereses,,,,,No especificado,Desde el 01 de septiembre hasta el 30 de septiembre del 2026,,No aplica,,https://www.ueno.com.py/wp-content/uploads/2026/08/Cuotas-sin-intereses-Comercios-Adheridos-_-SEP-2026v3.pdf
e4ea96108914be53,ueno bank,Tiendas,LAFERRÉ,LAFERRÉ,Cuotas sin intereses,cuotas_sin_intereses,,,,,No especificado,Desde el 01 de septiembre hasta el 30 de septiembre del 2026,,No aplica,,https://www.ueno.com.py/wp-content/uploads/2026/08/Cuotas-sin-intereses-Comercios-Adheridos-_-SEP-2026v3.pdf
8d9ae41315f192b8,ueno bank,Tiendas,LUMINA,LUMINA,Cuotas sin intereses,cuotas_sin_intereses,,,,,No especificado,Desde el 01 de septiembre hasta el 30 de septiembre del 2026,,No aplica,,https://www.ueno.com.py/wp-content/uploads/2026/08/Cuotas-sin-intereses-Comercios-Adheridos-_-SEP-2026v3.pdf
c6a08528de5aee5b,ueno bank,Tiendas,LUMINOTECNIA,LUMINOTECNIA,Cuotas sin intereses,cuotas_sin_intereses,,,,,No especificado,Desde el 01 de septiembre hasta el 30 de septiembre del 2026,,No aplica,,https://www.ueno.com.py/wp-content/uploads/2026/08/Cuotas-sin-intereses-Comercios-Adheridos-_-SEP-2026v3.pdf
5d9605ae3ee0177d,ueno bank,Tiendas,MACSTORE,MACSTORE,Cuotas sin intereses,cuotas_sin_intereses,,,,,No especificado,Desde el 01 de septiembre hasta el 30 de septiembre del 2026,,No aplica,,https://www.ueno.com.py/wp-content/uploads/2026/08/Cuotas-sin-intereses-Comercios-Adheridos-_-SEP-2026v3.pdf
9076e82ae66e9167,ueno bank,Tiendas,MARIE MARIE,MARIE MARIE,Cuotas sin intereses,cuotas_sin_intereses,,,,,No especificado,Desde el 01 de septiembre hasta el 30 de septiembre del 2026,,No aplica,,https://www.ueno.com.py/wp-content/uploads/2026/08/Cuotas-sin-intereses-Comercios-Adheridos-_-SEP-2026v3.pdf
d166d7d9f9438787,ueno bank,Tiendas,MARQUES CASA CONCHA (Aplica únicamente al showroom de RRDE),MARQUES CASA CONCHA (Aplica únicamente al showroom de RRDE),Cuotas sin intereses,cuotas_sin_intereses,,,,,No especificado,Desde el 01 de septiembre hasta el 30 de septiembre del 2026,,No aplica,,https://www.ueno.com.py/wp-content/uploads/2026/08/Cuotas-sin-intereses-Comercios-Adheridos-_-SEP-2026v3.pdf
4aba67917f2a9fb4,ueno bank,Tiendas,MARTEL,MARTEL,Cuotas sin intereses,cuotas_sin_intereses,,,,,No especificado,Desde el 01 de septiembre hasta el 30 de septiembre del 2026,,No aplica,,https://www.ueno.com.py/wp-content/uploads/2026/08/Cuotas-sin-intereses-Comercios-Adheridos-_-SEP-2026v3.pdf
a2a0ec487a250da8,ueno bank,Tiendas,MAYBELLINE,MAYBELLINE,Cuotas sin intereses,cuotas_sin_intereses,,,,,No especificado,Desde el 01 de septiembre hasta el 30 de septiembre del 2026,,No aplica,,https://www.ueno.com.py/wp-content/uploads/2026/08/Cuotas-sin-intereses-Comercios-Adheridos-_-SEP-2026v3.pdf
e4bbbbfbba0584e3,ueno bank,Tiendas,ME ENCANTA JUGUETERIA,ME ENCANTA JUGUETERIA,Cuotas sin intereses,cuotas_sin_intereses,,,,,No especificado,Desde el 01 de septiembre hasta el 30 de septiembre del 2026,,No aplica,,https://www.ueno.com.py/wp-content/uploads/2026/08/Cuotas-sin-intereses-Comercios-Adheridos-_-SEP-2026v3.pdf
7ee6b33b2593c4be,ueno bank,Tiendas,MILOS,MILOS,Cuotas sin intereses,cuotas_sin_intereses,,,,,No especificado,Desde el 01 de septiembre hasta el 30 de septiembre del 2026,,No aplica,,https://www.ueno.com.py/wp-content/uploads/2026/08/Cuotas-sin-intereses-Comercios-Adheridos-_-SEP-2026v3.pdf
f72e39ec0e6c8e04,ueno bank,Tiendas,MINI CUOTAS,MINI CUOTAS,Cuotas sin intereses,cuotas_sin_intereses,,,,,No especificado,Desde el 01 de septiembre hasta el 30 de septiembre del 2026,,No aplica,,https://www.ueno.com.py/wp-content/uploads/2026/08/Cuotas-sin-intereses-Comercios-Adheridos-_-SEP-2026v3.pdf
1bf51dc7d219d8f7,ueno bank,Tiendas,MOET & CHANDON (Aplica únicamente al showroom de RRDE),MOET & CHANDON (Aplica únicamente al showroom de RRDE),Cuotas sin intereses,cuotas_sin_intereses,,,,,No especificado,Desde el 01 de septiembre hasta el 30 de septiembre del 2026,,No aplica,,https://www.ueno.com.py/wp-content/uploads/2026/08/Cuotas-sin-intereses-Comercios-Adheridos-_-SEP-2026v3.pdf
6da8de1889fac2e9,ueno bank,Tiendas,MOMENTUM,MOMENTUM,Cuotas sin intereses,cuotas_sin_intereses,,,,,No especificado,Desde el 01 de septiembre hasta el 30 de septiembre del 2026,,No aplica,,https://www.ueno.com.py/wp-content/uploads/2026/08/Cuotas-sin-intereses-Comercios-Adheridos-_-SEP-2026v3.pdf
baa5a6ab3ea44f3f,ueno bank,Tiendas,MUEBLES MBURUCUYA,MUEBLES MBURUCUYA,Cuotas sin intereses,cuotas_sin_intereses,,,,,No especificado,Desde el 01 de septiembre hasta el 30 de septiembre del 2026,,No aplica,,https://www.ueno.com.py/wp-content/uploads/2026/08/Cuotas-sin-intereses-Comercios-Adheridos-_-SEP-2026v3.pdf
8fb42f50c077dfa4,ueno bank,Tiendas,MUSIC HALL TIENDA,MUSIC HALL TIENDA,Cuotas sin intereses,cuotas_sin_intereses,,,,,No especificado,Desde el 01 de septiembre hasta el 30 de septiembre del 2026,,No aplica,,https://www.ueno.com.py/wp-content/uploads/2026/08/Cuotas-sin-intereses-Comercios-Adheridos-_-SEP-2026v3.pdf
3975a21766dde921,ueno bank,Tiendas,NEW ZONE IMPORTADOS,NEW ZONE IMPORTADOS,Cuotas sin intereses,cuotas_sin_intereses,,,,,No especificado,Desde el 01 de septiembre hasta el 30 de septiembre del 2026,,No aplica,,https://www.ueno.com.py/wp-content/uploads/2026/08/Cuotas-sin-intereses-Comercios-Adheridos-_-SEP-2026v3.pdf
a5fa6f72668c4959,ueno bank,Tiendas,NICE,NICE,Cuotas sin intereses,cuotas_sin_intereses,,,,,No especificado,Desde el 01 de septiembre hasta el 30 de septiembre del 2026,,No aplica,,https://www.ueno.com.py/wp-content/uploads/2026/08/Cuotas-sin-intereses-Comercios-Adheridos-_-SEP-2026v3.pdf
2a932420a3eb8c4a,ueno bank,Tiendas,NISSEI ASUNCIÓN,NISSEI ASUNCIÓN,Cuotas sin intereses,cuotas_sin_intereses,,,,,No especificado,Desde el 01 de septiembre hasta el 30 de septiembre del 2026,,No aplica,,https://www.ueno.com.py/wp-content/uploads/2026/08/Cuotas-sin-intereses-Comercios-Adheridos-_-SEP-2026v3.pdf
9fafd620923becc3,ueno bank,Tiendas,NISSEI CDE,NISSEI CDE,Cuotas sin intereses,cuotas_sin_intereses,,,,,No especificado,Desde el 01 de septiembre hasta el 30 de septiembre del 2026,,No aplica,,https://www.ueno.com.py/wp-content/uploads/2026/08/Cuotas-sin-intereses-Comercios-Adheridos-_-SEP-2026v3.pdf
8812d5ee188b20e7,ueno bank,Tiendas,NISSEI WEB,NISSEI WEB,Cuotas sin intereses,cuotas_sin_intereses,,,,,No especificado,Desde el 01 de septiembre hasta el 30 de septiembre del 2026,,No aplica,,https://www.ueno.com.py/wp-content/uploads/2026/08/Cuotas-sin-intereses-Comercios-Adheridos-_-SEP-2026v3.pdf
926e8b4ad268bfdd,ueno bank,Tiendas,NO RULES (EXCLUSIVO TIENDA AF PEAK LAB),NO RULES (EXCLUSIVO TIENDA AF PEAK LAB),Cuotas sin intereses,cuotas_sin_intereses,,,,,No especificado,Desde el 01 de septiembre hasta el 30 de septiembre del 2026,,No aplica,,https://www.ueno.com.py/wp-content/uploads/2026/08/Cuotas-sin-intereses-Comercios-Adheridos-_-SEP-2026v3.pdf
efef886416e0478b,ueno bank,Tiendas,ODONTOS,ODONTOS,Cuotas sin intereses,cuotas_sin_intereses,,,,,No especificado,Desde el 01 de septiembre hasta el 30 de septiembre del 2026,,No aplica,,https://www.ueno.com.py/wp-content/uploads/2026/08/Cuotas-sin-intereses-Comercios-Adheridos-_-SEP-2026v3.pdf
7e5c8a8076e143d0,ueno bank,Tiendas,OLIMPIA HIGH PERFORMANCE,OLIMPIA HIGH PERFORMANCE,Cuotas sin intereses,cuotas_sin_intereses,,,,,No especificado,Desde el 01 de septiembre hasta el 30 de septiembre del 2026,,No aplica,,https://www.ueno.com.py/wp-content/uploads/2026/08/Cuotas-sin-intereses-Comercios-Adheridos-_-SEP-2026v3.pdf
90db74614d3cd587,ueno bank,Tiendas,OLIMPIA TRAINING CENTER,OLIMPIA TRAINING CENTER,Cuotas sin intereses,cuotas_sin_intereses,,,,,No especificado,Desde el 01 de septiembre hasta el 30 de septiembre del 2026,,No aplica,,https://www.ueno.com.py/wp-content/uploads/2026/08/Cuotas-sin-intereses-Comercios-Adheridos-_-SEP-2026v3.pdf
5081dd360d9f5d21,ueno bank,Tiendas,OMBU,OMBU,Cuotas sin intereses,cuotas_sin_intereses,,,,,No especificado,Desde el 01 de septiembre hasta el 30 de septiembre del 2026,,No aplica,,https://www.ueno.com.py/wp-content/uploads/2026/08/Cuotas-sin-intereses-Comercios-Adheridos-_-SEP-2026v3.pdf
c524f86af661cb1d,ueno bank,Tiendas,OPTICA VALEMAR,OPTICA VALEMAR,Cuotas sin intereses,cuotas_sin_intereses,,,,,No especificado,Desde el 01 de septiembre hasta el 30 de septiembre del 2026,,No aplica,,https://www.ueno.com.py/wp-content/uploads/2026/08/Cuotas-sin-intereses-Comercios-Adheridos-_-SEP-2026v3.pdf
5c817beefbbde7c7,ueno bank,Tiendas,OUTDOORS,OUTDOORS,Cuotas sin intereses,cuotas_sin_intereses,,,,,No especificado,Desde el 01 de septiembre hasta el 30 de septiembre del 2026,,No aplica,,https://www.ueno.com.py/wp-content/uploads/2026/08/Cuotas-sin-intereses-Comercios-Adheridos-_-SEP-2026v3.pdf
b87bc038c4754237,ueno bank,Tiendas,PARFOIS,PARFOIS,Cuotas sin intereses,cuotas_sin_intereses,,,,,No especificado,Desde el 01 de septiembre hasta el 30 de septiembre del 2026,,No aplica,,https://www.ueno.com.py/wp-content/uploads/2026/08/Cuotas-sin-intereses-Comercios-Adheridos-_-SEP-2026v3.pdf
ac159ad425b73465,ueno bank,Tiendas,PATROL JEANS,PATROL JEANS,Cuotas sin intereses,cuotas_sin_intereses,,,,,No especificado,Desde el 01 de septiembre hasta el 30 de septiembre del 2026,,No aplica,,https://www.ueno.com.py/wp-content/uploads/2026/08/Cuotas-sin-intereses-Comercios-Adheridos-_-SEP-2026v3.pdf
83587199472d1d98,ueno bank,Tiendas,PENINA SHOES,PENINA SHOES,Cuotas sin intereses,cuotas_sin_intereses,,,,,No especificado,Desde el 01 de septiembre hasta el 30 de septiembre del 2026,,No aplica,,https://www.ueno.com.py/wp-content/uploads/2026/08/Cuotas-sin-intereses-Comercios-Adheridos-_-SEP-2026v3.pdf
a2f1a20af83bc8d1,ueno bank,Tiendas,PER SEMPRE,PER SEMPRE,Cuotas sin intereses,cuotas_sin_intereses,,,,,No especificado,Desde el 01 de septiembre hasta el 30 de septiembre del 2026,,No aplica,,https://www.ueno.com.py/wp-content/uploads/2026/08/Cuotas-sin-intereses-Comercios-Adheridos-_-SEP-2026v3.pdf
0acac69b72178e22,ueno bank,Tiendas,POLITEX,POLITEX,Cuotas sin intereses,cuotas_sin_intereses,,,,,No especificado,Desde el 01 de septiembre hasta el 30 de septiembre del 2026,,No aplica,,https://www.ueno.com.py/wp-content/uploads/2026/08/Cuotas-sin-intereses-Comercios-Adheridos-_-SEP-2026v3.pdf
d91ee58964cc72ab,ueno bank,Tiendas,PUMA,PUMA,Cuotas sin intereses,cuotas_sin_intereses,,,,,No especificado,Desde el 01 de septiembre hasta el 30 de septiembre del 2026,,No aplica,,https://www.ueno.com.py/wp-content/uploads/2026/08/Cuotas-sin-intereses-Comercios-Adheridos-_-SEP-2026v3.pdf
58d98cb6b88c3702,ueno bank,Tiendas,RAKIURA,RAKIURA,Cuotas sin intereses,cuotas_sin_intereses,,,,,No especificado,Desde el 01 de septiembre hasta el 30 de septiembre del 2026,,No aplica,,https://www.ueno.com.py/wp-content/uploads/2026/08/Cuotas-sin-intereses-Comercios-Adheridos-_-SEP-2026v3.pdf
db52eda302bd9a26,ueno bank,Tiendas,RND,RND,Cuotas sin intereses,cuotas_sin_intereses,,,,,No especificado,Desde el 01 de septiembre hasta el 30 de septiembre del 2026,,No aplica,,https://www.ueno.com.py/wp-content/uploads/2026/08/Cuotas-sin-intereses-Comercios-Adheridos-_-SEP-2026v3.pdf
ec2b2eecc9673cab,ueno bank,Tiendas,RONDINA,RONDINA,Cuotas sin intereses,cuotas_sin_intereses,,,,,No especificado,Desde el 01 de septiembre hasta el 30 de septiembre del 2026,,No aplica,,https://www.ueno.com.py/wp-content/uploads/2026/08/Cuotas-sin-intereses-Comercios-Adheridos-_-SEP-2026v3.pdf
9f1db194f9d95386,ueno bank,Tiendas,SAMBRAK,SAMBRAK,Cuotas sin intereses,cuotas_sin_intereses,,,,,No especificado,Desde el 01 de septiembre hasta el 30 de septiembre del 2026,,No aplica,,https://www.ueno.com.py/wp-content/uploads/2026/08/Cuotas-sin-intereses-Comercios-Adheridos-_-SEP-2026v3.pdf
631437de628e65aa,ueno bank,Tiendas,SANTA ROSA PARAGUAY,SANTA ROSA PARAGUAY,Cuotas sin intereses,cuotas_sin_intereses,,,,,No especificado,Desde el 01 de septiembre hasta el 30 de septiembre del 2026,,No aplica,,https://www.ueno.com.py/wp-content/uploads/2026/08/Cuotas-sin-intereses-Comercios-Adheridos-_-SEP-2026v3.pdf
78954e28b05fcb63,ueno bank,Tiendas,SHERCO PARAGUAY,SHERCO PARAGUAY,Cuotas sin intereses,cuotas_sin_intereses,,,,,No especificado,Desde el 01 de septiembre hasta el 30 de septiembre del 2026,,No aplica,,https://www.ueno.com.py/wp-content/uploads/2026/08/Cuotas-sin-intereses-Comercios-Adheridos-_-SEP-2026v3.pdf
a20a392cd81513ca,ueno bank,Tiendas,SHOES 4 LESS,SHOES 4 LESS,Cuotas sin intereses,cuotas_sin_intereses,,,,,No especificado,Desde el 01 de septiembre hasta el 30 de septiembre del 2026,,No aplica,,https://www.ueno.com.py/wp-content/uploads/2026/08/Cuotas-sin-intereses-Comercios-Adheridos-_-SEP-2026v3.pdf
bd90d18d0c9efe29,ueno bank,Tiendas,SMART CARE,SMART CARE,Cuotas sin intereses,cuotas_sin_intereses,,,,,No especificado,Desde el 01 de septiembre hasta el 30 de septiembre del 2026,,No aplica,,https://www.ueno.com.py/wp-content/uploads/2026/08/Cuotas-sin-intereses-Comercios-Adheridos-_-SEP-2026v3.pdf
0aa58762d1756624,ueno bank,Tiendas,SOCIOS CLUB CERRO PORTEÑO,SOCIOS CLUB CERRO PORTEÑO,Cuotas sin intereses,cuotas_sin_intereses,,,,,No especificado,Desde el 01 de septiembre hasta el 30 de septiembre del 2026,,No aplica,,https://www.ueno.com.py/wp-content/uploads/2026/08/Cuotas-sin-intereses-Comercios-Adheridos-_-SEP-2026v3.pdf
54af07b0442ab561,ueno bank,Tiendas,SPORT CENTER,SPORT CENTER,Cuotas sin intereses,cuotas_sin_intereses,,,,,No especificado,Desde el 01 de septiembre hasta el 30 de septiembre del 2026,,No aplica,,https://www.ueno.com.py/wp-content/uploads/2026/08/Cuotas-sin-intereses-Comercios-Adheridos-_-SEP-2026v3.pdf
369dd2842908df53,ueno bank,Tiendas,SPORT HOUSE,SPORT HOUSE,Cuotas sin intereses,cuotas_sin_intereses,,,,,No especificado,Desde el 01 de septiembre hasta el 30 de septiembre del 2026,,No aplica,,https://www.ueno.com.py/wp-content/uploads/2026/08/Cuotas-sin-intereses-Comercios-Adheridos-_-SEP-2026v3.pdf
023daf3571f1db8a,ueno bank,Tiendas,SPRINGFIELD,SPRINGFIELD,Cuotas sin intereses,cuotas_sin_intereses,,,,,No especificado,Desde el 01 de septiembre hasta el 30 de septiembre del 2026,,No aplica,,https://www.ueno.com.py/wp-content/uploads/2026/08/Cuotas-sin-intereses-Comercios-Adheridos-_-SEP-2026v3.pdf
68d600ea9bf5459e,ueno bank,Tiendas,SUEÑOLAR,SUEÑOLAR,Cuotas sin intereses,cuotas_sin_intereses,,,,,No especificado,Desde el 01 de septiembre hasta el 30 de septiembre del 2026,,No aplica,,https://www.ueno.com.py/wp-content/uploads/2026/08/Cuotas-sin-intereses-Comercios-Adheridos-_-SEP-2026v3.pdf
c2b229341eaf778e,ueno bank,Tiendas,TEJU,TEJU,Cuotas sin intereses,cuotas_sin_intereses,,,,,No especificado,Desde el 01 de septiembre hasta el 30 de septiembre del 2026,,No aplica,,https://www.ueno.com.py/wp-content/uploads/2026/08/Cuotas-sin-intereses-Comercios-Adheridos-_-SEP-2026v3.pdf
13157568ec4d1412,ueno bank,Tiendas,TERRAZA DE LOS ANDES (Aplica únicamente al showroom de RRDE),TERRAZA DE LOS ANDES (Aplica únicamente al showroom de RRDE),Cuotas sin intereses,cuotas_sin_intereses,,,,,No especificado,Desde el 01 de septiembre hasta el 30 de septiembre del 2026,,No aplica,,https://www.ueno.com.py/wp-content/uploads/2026/08/Cuotas-sin-intereses-Comercios-Adheridos-_-SEP-2026v3.pdf
b2510d9343058a7c,ueno bank,Tiendas,TODO MODA,TODO MODA,Cuotas sin intereses,cuotas_sin_intereses,,,,,No especificado,Desde el 01 de septiembre hasta el 30 de septiembre del 2026,,No aplica,,https://www.ueno.com.py/wp-content/uploads/2026/08/Cuotas-sin-intereses-Comercios-Adheridos-_-SEP-2026v3.pdf
08ee16e20671ed4f,ueno bank,Tiendas,TONINA,TONINA,Cuotas sin intereses,cuotas_sin_intereses,,,,,No especificado,Desde el 01 de septiembre hasta el 30 de septiembre del 2026,,No aplica,,https://www.ueno.com.py/wp-content/uploads/2026/08/Cuotas-sin-intereses-Comercios-Adheridos-_-SEP-2026v3.pdf
db0796eef6f82e31,ueno bank,Tiendas,TÍA KATIA JUGUETERÍA,TÍA KATIA JUGUETERÍA,Cuotas sin intereses,cuotas_sin_intereses,,,,,No especificado,Desde el 01 de septiembre hasta el 30 de septiembre del 2026,,No aplica,,https://www.ueno.com.py/wp-content/uploads/2026/08/Cuotas-sin-intereses-Comercios-Adheridos-_-SEP-2026v3.pdf
541ab298215ad27f,ueno bank,Tiendas,UNIVERSAL OPTICAL,UNIVERSAL OPTICAL,Cuotas sin intereses,cuotas_sin_intereses,,,,,No especificado,Desde el 01 de septiembre hasta el 30 de septiembre del 2026,,No aplica,,https://www.ueno.com.py/wp-content/uploads/2026/08/Cuotas-sin-intereses-Comercios-Adheridos-_-SEP-2026v3.pdf
96107e964d89f779,ueno bank,Tiendas,VEUVE CLICQUOT (Aplica únicamente al showroom de RRDE),VEUVE CLICQUOT (Aplica únicamente al showroom de RRDE),Cuotas sin intereses,cuotas_sin_intereses,,,,,No especificado,Desde el 01 de septiembre hasta el 30 de septiembre del 2026,,No aplica,,https://www.ueno.com.py/wp-content/uploads/2026/08/Cuotas-sin-intereses-Comercios-Adheridos-_-SEP-2026v3.pdf
54bb07f40ab2e84b,ueno bank,Tiendas,VICTORINOX,VICTORINOX,Cuotas sin intereses,cuotas_sin_intereses,,,,,No especificado,Desde el 01 de septiembre hasta el 30 de septiembre del 2026,,No aplica,,https://www.ueno.com.py/wp-content/uploads/2026/08/Cuotas-sin-intereses-Comercios-Adheridos-_-SEP-2026v3.pdf
63b545adc5687353,ueno bank,Tiendas,VISUAR,VISUAR,Cuotas sin intereses,cuotas_sin_intereses,,,,,No especificado,Desde el 01 de septiembre hasta el 30 de septiembre del 2026,,No aplica,,https://www.ueno.com.py/wp-content/uploads/2026/08/Cuotas-sin-intereses-Comercios-Adheridos-_-SEP-2026v3.pdf
757a598c176b7748,ueno bank,Tiendas,WOMEN'SECRET,WOMEN'SECRET,Cuotas sin intereses,cuotas_sin_intereses,,,,,No especificado,Desde el 01 de septiembre hasta el 30 de septiembre del 2026,,No aplica,,https://www.ueno.com.py/wp-content/uploads/2026/08/Cuotas-sin-intereses-Comercios-Adheridos-_-SEP-2026v3.pdf
3ce67acb3ec01993,ueno bank,Tiendas,WRANGLER & LEE,WRANGLER & LEE,Cuotas sin intereses,cuotas_sin_intereses,,,,,No especificado,Desde el 01 de septiembre hasta el 30 de septiembre del 2026,,No aplica,,https://www.ueno.com.py/wp-content/uploads/2026/08/Cuotas-sin-intereses-Comercios-Adheridos-_-SEP-2026v3.pdf
69860f29de1d375d,ueno bank,Tiendas,cuotas alula,cuotas alula,Cuotas sin intereses,cuotas_sin_intereses,,,,,No especificado,Desde el 01 de septiembre hasta el 30 de septiembre del 2026,,No aplica,,https://www.ueno.com.py/wp-content/uploads/2026/08/Cuotas-sin-intereses-ALULA-HOTEL-CON-ALMA-_-SEP-2026v1.pdf
d791dd7bde85fc5e,ueno bank,Tiendas,joyerias,joyerias,20% reintegro,reintegro,20%,,,,No especificado,Desde el 01 de septiembre hasta el 30 de septiembre del 2026,tope de compra sin tope nivel 4 20% sin tope de compra sin tope nivel 3 20% sin tope de compra sin tope nivel 2 20% sin tope de compra sin tope nivel 1 20% sin tope de compra sin tope ● Hasta 12 cuotas sin intereses a través de la Red Upay; Gs.,Nivel 5: 20%; Nivel 4: 20%; Nivel 3: 20%; Nivel 2: 20%; Nivel 1: 20%,,https://www.ueno.com.py/wp-content/uploads/2026/08/Promocion-Reintegro-JOYERIAS-_-SEP-2026v1.pdf
7add99c7bf8a46d4,ueno bank,Tiendas,koala,koala,10% reintegro,reintegro,10%,,,,No especificado,Vigencia: ● Del 01 de septiembre hasta el 30 de septiembre del 2026,Nivel 5: tope de compra Gs. 10.000.000; tope de reintegro Gs. 1.000.000; Nivel 4: tope de compra Gs. 10.000.000; tope de reintegro Gs. 1.000.000; Nivel 3: tope de compra Gs. 10.000.000; tope de reintegro Gs. 1.000.000; Nivel 2: tope de compra Gs. 10.000.000; tope de reintegro Gs. 1.000.000; Nivel 1: tope de compra Gs. 10.000.000; tope de reintegro Gs. 1.000.000,Nivel 5: 10%; Nivel 4: 10%; Nivel 3: 10%; Nivel 2: 10%; Nivel 1: 10%,,https://www.ueno.com.py/wp-content/uploads/2026/08/Promocion-Reintegro-KOALA-_-SEP-2026v1.docx.pdf
062a0b8018a81475,ueno bank,Tiendas,pagopar,pagopar,Cuotas sin intereses,cuotas_sin_intereses,,,,,No especificado,Desde el 01 de septiembre hasta el 30 de septiembre del 2026,,No aplica,,https://www.ueno.com.py/wp-content/uploads/2026/08/Cuotas-sin-intereses-PAGOPAR-_-SEP-2026v1.pdf
45cf7ffcd1228ab3,ueno bank,Tiendas,umarket cuotas,umarket cuotas,Cuotas sin intereses,cuotas_sin_intereses,,,,,No especificado,Desde el 01 de septiembre hasta el 30 de septiembre del 2026,,No aplica,,https://www.ueno.com.py/wp-content/uploads/2026/08/Cuotas-sin-intereses-umarket-_-SEP-2026v1.pdf
2efe150662d30d8e,ueno bank,Tiendas,vernier,vernier,20% reintegro,reintegro,20%,,,,No especificado,Desde el 01 de septiembre hasta el 30 de septiembre del 2026,Nivel 5: tope de compra Gs. 1.000.000; tope de reintegro Gs. 200.000; Nivel 4: tope de compra Gs. 700.000; tope de reintegro Gs. 140.000; Nivel 3: tope de compra Gs. 500.000; tope de reintegro Gs. 100.000; Nivel 2: tope de compra Gs. 400.000; tope de reintegro Gs. 80.000; Nivel 1: tope de compra Gs. 300.000; tope de reintegro Gs. 60.000,Nivel 5: 20%; Nivel 4: 20%; Nivel 3: 20%; Nivel 2: 20%; Nivel 1: 20%,,https://www.ueno.com.py/wp-content/uploads/2026/08/Promocion-Reintegro-VERNIER-_-SEP-2026v1.pdf
a6c9bbd5bafd3ae0,ueno bank,Tiendas,ÁFRICA DESIGN BY ARLET,ÁFRICA DESIGN BY ARLET,Cuotas sin intereses,cuotas_sin_intereses,,,,,No especificado,Desde el 01 de septiembre hasta el 30 de septiembre del 2026,,No aplica,,https://www.ueno.com.py/wp-content/uploads/2026/08/Cuotas-sin-intereses-Comercios-Adheridos-_-SEP-2026v3.pdf
35b9e9ad9abc8beb,ueno bank,Viajes,CABAÑAS LOS ARBOLES,CABAÑAS LOS ARBOLES,40% reintegro; 30% reintegro; 25% reintegro; 15% reintegro; 10% reintegro,reintegro,40%; 30%; 25%; 15%; 10%,,,,No especificado,Desde el 01 de septiembre hasta el 30 de septiembre del 2026,Nivel 5: tope de compra Gs. 1.000.000; tope de reintegro Gs. 400.000; Nivel 4: tope de compra Gs. 800.000; tope de reintegro Gs. 240.000; Nivel 3: tope de compra Gs. 700.000; tope de reintegro Gs. 175.000; Nivel 2: tope de compra Gs. 600.000; tope de reintegro Gs. 90.000; Nivel 1: tope de compra Gs. 500.000; tope de reintegro Gs. 50.000,Nivel 5: 40%; Nivel 4: 30%; Nivel 3: 25%; Nivel 2: 15%; Nivel 1: 10%,,https://www.ueno.com.py/wp-content/uploads/2026/08/Promocion-Reintegro-HOTELES-_-SEP-2026v1.pdf
1406f2a91fa43cb1,ueno bank,Viajes,HOTEL ACUARIO,HOTEL ACUARIO,40% reintegro; 30% reintegro; 25% reintegro; 15% reintegro; 10% reintegro,reintegro,40%; 30%; 25%; 15%; 10%,,,,No especificado,Desde el 01 de septiembre hasta el 30 de septiembre del 2026,Nivel 5: tope de compra Gs. 1.000.000; tope de reintegro Gs. 400.000; Nivel 4: tope de compra Gs. 800.000; tope de reintegro Gs. 240.000; Nivel 3: tope de compra Gs. 700.000; tope de reintegro Gs. 175.000; Nivel 2: tope de compra Gs. 600.000; tope de reintegro Gs. 90.000; Nivel 1: tope de compra Gs. 500.000; tope de reintegro Gs. 50.000,Nivel 5: 40%; Nivel 4: 30%; Nivel 3: 25%; Nivel 2: 15%; Nivel 1: 10%,,https://www.ueno.com.py/wp-content/uploads/2026/08/Promocion-Reintegro-HOTELES-_-SEP-2026v1.pdf
76b34b116971e525,ueno bank,Viajes,HOTEL BOUTIQUE CASABLANCA,HOTEL BOUTIQUE CASABLANCA,40% reintegro; 30% reintegro; 25% reintegro; 15% reintegro; 10% reintegro,reintegro,40%; 30%; 25%; 15%; 10%,,,,No especificado,Desde el 01 de septiembre hasta el 30 de septiembre del 2026,Nivel 5: tope de compra Gs. 1.000.000; tope de reintegro Gs. 400.000; Nivel 4: tope de compra Gs. 800.000; tope de reintegro Gs. 240.000; Nivel 3: tope de compra Gs. 700.000; tope de reintegro Gs. 175.000; Nivel 2: tope de compra Gs. 600.000; tope de reintegro Gs. 90.000; Nivel 1: tope de compra Gs. 500.000; tope de reintegro Gs. 50.000,Nivel 5: 40%; Nivel 4: 30%; Nivel 3: 25%; Nivel 2: 15%; Nivel 1: 10%,,https://www.ueno.com.py/wp-content/uploads/2026/08/Promocion-Reintegro-HOTELES-_-SEP-2026v1.pdf
3771a1e722dd3174,ueno bank,Viajes,INTERTOURS,INTERTOURS,Cuotas sin intereses,cuotas_sin_intereses,,,,,No especificado,Desde el 01 de septiembre hasta el 30 de septiembre del 2026,,No aplica,,https://www.ueno.com.py/wp-content/uploads/2026/08/Cuotas-sin-intereses-–-Agencias-de-Viajes-_-SEP-2026v1.pdf
487c44f9e5c33e4d,ueno bank,Viajes,OASIS DREAM HOLIDAYS,OASIS DREAM HOLIDAYS,40% reintegro; 30% reintegro; 25% reintegro; 15% reintegro; 10% reintegro,reintegro,40%; 30%; 25%; 15%; 10%,,,,No especificado,Desde el 01 de septiembre hasta el 30 de septiembre del 2026,Nivel 5: tope de compra Gs. 1.000.000; tope de reintegro Gs. 400.000; Nivel 4: tope de compra Gs. 800.000; tope de reintegro Gs. 240.000; Nivel 3: tope de compra Gs. 700.000; tope de reintegro Gs. 175.000; Nivel 2: tope de compra Gs. 600.000; tope de reintegro Gs. 90.000; Nivel 1: tope de compra Gs. 500.000; tope de reintegro Gs. 50.000,Nivel 5: 40%; Nivel 4: 30%; Nivel 3: 25%; Nivel 2: 15%; Nivel 1: 10%,,https://www.ueno.com.py/wp-content/uploads/2026/08/Promocion-Reintegro-HOTELES-_-SEP-2026v1.pdf
f8baf057115da3e8,ueno bank,Viajes,PLANAZO,PLANAZO,40% reintegro; 30% reintegro; 25% reintegro; 15% reintegro; 10% reintegro,reintegro,40%; 30%; 25%; 15%; 10%,,,,No especificado,Desde el 01 de septiembre hasta el 30 de septiembre del 2026,Nivel 5: tope de compra Gs. 1.000.000; tope de reintegro Gs. 400.000; Nivel 4: tope de compra Gs. 800.000; tope de reintegro Gs. 240.000; Nivel 3: tope de compra Gs. 700.000; tope de reintegro Gs. 175.000; Nivel 2: tope de compra Gs. 600.000; tope de reintegro Gs. 90.000; Nivel 1: tope de compra Gs. 500.000; tope de reintegro Gs. 50.000,Nivel 5: 40%; Nivel 4: 30%; Nivel 3: 25%; Nivel 2: 15%; Nivel 1: 10%,,https://www.ueno.com.py/wp-content/uploads/2026/08/Promocion-Reintegro-HOTELES-_-SEP-2026v1.pdf
895d90e2a3be8cc2,ueno bank,Viajes,QUINTA LA PALOMA,QUINTA LA PALOMA,40% reintegro; 30% reintegro; 25% reintegro; 15% reintegro; 10% reintegro,reintegro,40%; 30%; 25%; 15%; 10%,,,,No especificado,Desde el 01 de septiembre hasta el 30 de septiembre del 2026,Nivel 5: tope de compra Gs. 1.000.000; tope de reintegro Gs. 400.000; Nivel 4: tope de compra Gs. 800.000; tope de reintegro Gs. 240.000; Nivel 3: tope de compra Gs. 700.000; tope de reintegro Gs. 175.000; Nivel 2: tope de compra Gs. 600.000; tope de reintegro Gs. 90.000; Nivel 1: tope de compra Gs. 500.000; tope de reintegro Gs. 50.000,Nivel 5: 40%; Nivel 4: 30%; Nivel 3: 25%; Nivel 2: 15%; Nivel 1: 10%,,https://www.ueno.com.py/wp-content/uploads/2026/08/Promocion-Reintegro-HOTELES-_-SEP-2026v1.pdf
1f140877dde44d32,ueno bank,Viajes,UELA,UELA,Cuotas sin intereses,cuotas_sin_intereses,,,,,No especificado,Desde el 01 de septiembre hasta el 30 de septiembre del 2026,,No aplica,,https://www.ueno.com.py/wp-content/uploads/2026/08/Cuotas-sin-intereses-–-Agencias-de-Viajes-_-SEP-2026v1.pdf
