ID GNB,Comercio,Categoría web,Resumen web,Vigencia web final,Vigencia PDF,Vigencia PDF final,Beneficio PDF,Condiciones PDF,PDF páginas,PDF SHA256,URL promoción,URL bases,Alertas
175,Cinemark,Días GNB,"50% de descuento los días jueves, viernes, sábados y domingos.",2027-02-28,Del 02 de abril del 2026 al 28 de febrero del 2027.,2027-02-28,"50% de descuento para funciones los días jueves, viernes, sábados y domingos para pagos realizados con las tarjetas de crédito y Prepagas del Banco GNB Paraguay S.A.E.C.A .","50% de descuento los días jueves, viernes, sábados y domingos. • Del 02 de abril del 2026 al 28 de febrero del 2027. • Tope de descuento: Hasta 4 entradas por cada transacción . Este límite es por transacción de tarjeta. • La tarjeta debe de estar guardada/catastrada en la app o web de Cinemark para aplicar al descuento. • El descuento será aplicado al momento del pago. • Beneficio no aplica a consumición en la confitería de Cinemark. • No aplica a películas con restricción, contenido alternativo, Avant Premiere, festivales. • No acumulable con otras promociones.",,,https://www.beneficiosbancognb.com.py/v2/beneficios/categorias/175,https://www.beneficiosbancognb.com.py/imagenes/4743_bases-y-condiciones-cinemark-007-.pdf,
260,La Ruta Gastronómica,Días GNB,Hasta 25% de reintegro los días sábados y domingos.,2026-11-29,Del 05 de septiembre al 29 de noviembre del 2026.,2026-11-29,"25% de reintegro para pagos con tarjetas de crédito Mastercard Black, Black Premier y Metalcard Premier. • 20% de reintegro para pagos con tarjetas de crédito Mastercard Clásica y Oro.","Los sábados y domingos hasta 25% de reintegro. • Del 05 de septiembre al 29 de noviembre del 2026. • Ticket mínimo de compra: Gs. 250.000 (guaraníes doscientos cincuenta mil) para aplicar al reintegro, compras menores no aplican a la promoción. • El descuento será aplicado vía reintegro en el extracto al cierre o podrá visualizarlo a través de la app en los movimientos mensuales de su tarjeta. • Tope de compra mensual en el conjunto de locales adheridos: Gs. 1.000.000 (guaranies un millón) por cuenta de tarjeta de crédito (incluye titulares y adicionales). • No aplica para pagos realizados a través de plataformas de terceros como Pedidos ya, Monchis entre otros. • Beneficio no acumulable con otras promociones. • La promoción aplica para pagos realizados a través del delivery propio de los locales .",,,https://www.beneficiosbancognb.com.py/v2/beneficios/categorias/260,https://www.beneficiosbancognb.com.py/imagenes/4295_bases-y-condiciones-la-ruta-gastr%C3%B3nomica-002-.pdf,
639,La Ruta del Café,Días GNB,Hasta 25% de reintegro de miércoles a domingos.,2026-12-31,Del 01 de julio al 31 de diciembre del 2026.,2026-12-31,20% de reintegro para pagos con tarjetas de crédito Mastercard del Banco GNB Paraguay. +5% de reintegro adicional para pagos con QR con tarjetas de crédito Mastercard a través de la app Banco GNB Personas.,"Hasta 25% de reintegro de miércoles a domingos. • Del 01 de julio al 31 de diciembre del 2026. • Tope de compra mensual en el conjunto de locales adheridos: Gs. 1.000.000 (guaranies un millón) por cuenta de tarjeta de crédito (incluye titulares y adicionales). • No aplica para pagos realizados a través de plataformas de terceros (Pedidos Ya, Monchis, entre otros) y/o e-commerce. • El reembolso será vía reintegro en el extracto al cierre o podrá visualizarlo en su app en los movimientos mensuales de su tarjeta. • No acumulable con otras promociones.",,,https://www.beneficiosbancognb.com.py/v2/beneficios/categorias/639,https://www.beneficiosbancognb.com.py/imagenes/5255_bases-y-condiciones-la-ruta-del-cafe-septiembre-005-.pdf,
9,Día GNB Casa Rica,Días GNB,20% off el miércoles 14 de octubre del 2026.,2026-12-31,20% off el miércoles 14 de octubre del 2026.,2026-12-31,,"20% off el miércoles 14 de octubre del 2026. • 20% de descuento para pagos realizados con las tarjetas de crédito del Banco GNB Paraguay . • El descuento será aplicado al momento del pago en caja/mostrador. • Incluye compras en tienda online. • No acumulable con otras promociones. • No participan de la promoción las tarjetas débito y crédito de afinidades Empresariales, Corporativas, Gift Card, Gourmet Card y Prepagas. • No aplica a pagos posteriores a la fecha ni pagos contra entrega de productos.",,,https://www.beneficiosbancognb.com.py/v2/beneficios/categorias/9,https://www.beneficiosbancognb.com.py/imagenes/2289_bases-y-condiciones-casa-rica-d%C3%ADa-gnb-octubre.pdf,
42,Día GNB Areté y Festa,Días GNB,20% de reintegro el sábado 24 de octubre del 2026.,2026-10-24,20% de reintegro el sábado 24 de octubre del 2026.,2026-10-24,,"20% de reintegro el sábado 24 de octubre del 2026. • 20% de reintegro para las tarjetas de crédito del Banco GNB Paraguay. • Vía reintegro en el extracto al cierre o podrá visualizarlo en su app en los movimientos mensuales de su tarjeta. • Tope de compra de Gs. 2.000.000 (guaraníes dos millones) por cuenta de tarjeta de crédito (Incluye titulares y adicionales) equivalente a un reintegro máximo mensual en el extracto de Gs. 400.000 (guaraníes cuatrocientos mil). • Los reintegros serán reflejados de manera automática en el extracto del cliente, en un período de 24 a 48 hs. hábiles luego de la compra. • No acumulable con otras promociones • No aplica compras realizadas a través de plataformas de terceros. • No aplica a pagos posteriores a la fecha ni pagos contra entrega de productos. • Consulte las bases y condiciones para más información acerca del beneficio.",,,https://www.beneficiosbancognb.com.py/v2/beneficios/categorias/42,https://www.beneficiosbancognb.com.py/imagenes/2589_bases-y-condiciones-aret%C3%A9-d%C3%ADa-gnb-octubre-002-.pdf,
408,Bares & Restó,Días GNB,Hasta 25% de descuento de miércoles a domingos.,2026-12-31,Del 02 de enero del 31 de diciembre del 2026,2026-12-31,Hasta 25% de reintegro* 20% de reintegro para pagos con tarjetas de crédito MasterCard del Banco GNB Paraguay. +5% de descuento adicional para pagos con QR con tarjetas de crédito MasterCard a través de la app Banco GNB Personas.,"Hasta 25% de descuento de miércoles a domingos. • Del 02 de enero del 31 de diciembre del 2026 • El reembolso será vía reintegro en el extracto al cierre o podrá visualizarlo en su app en los movimientos mensuales de su tarjeta. • Tope de compra mensual en el conjunto de locales adheridos: Gs. 1.500.000 (guaranies un millón quinientos mil) por cuenta de tarjeta de crédito (incluye titulares y adicionales). • No aplica para pagos realizados a través de plataformas de terceros (Pedidos Ya, Monchis, entre otros) y/o e-commerce. • No acumulable con otras promociones.",,,https://www.beneficiosbancognb.com.py/v2/beneficios/categorias/408,https://www.beneficiosbancognb.com.py/imagenes/4485_bases-y-condiciones-restaurantes-bares-y-pizzer%C3%ADas-septiembre.pdf,
421,Colegios,Días GNB,10% de descuento y hasta 12 cuotas sin intereses del 1 al 10 de cada mes.,2026-11-10,Del 01 de febrero al 10 de noviembre del 2026.,2026-11-10,"10% de descuento para pagos con tarjetas de crédito y prepagas Mastercard afinidades Clásicas, Oro, Black, Black Premier y Metalcard Premier del Banco GNB Paraguay. • Hasta 12 cuotas sin intereses para pagos en POS con tarjetas de crédito del Banco GNB Paraguay.","10% de descuento y hasta 12 cuotas sin intereses del 1 al 10 de cada mes. • Del 01 de febrero al 10 de noviembre del 2026. • El beneficio de cuotas sin intereses aplica para pagos única y exclusivamente en POS adheridos a la procesadora Bancard • El descuento será aplicado vía reintegro en el extracto del cliente lo cual será reflejado al cierre o podrá visualizarlo en su app en los movimientos mensuales de su tarjeta. • Tope de compra durante el periodo de la promoción: Gs. 10.000.000 (guaraníes diez millones), el cual aplica en forma conjunta a todos los comercios seleccionados adheridos a la promoción de “Vuelta a clases - Colegios” en cualquiera de las sucursales de los comercios participantes. • Tope de reintegro durante el periodo de la promoción: Gs. 1.000.000. - (guaraníes un millón) y, se aplica por cuenta de tarjeta de crédito (titulares + adicionales). • No aplica para pagos realizados a través de plataformas de terceros y/o e-commerce. • No acumulable con otras promociones.",,,https://www.beneficiosbancognb.com.py/v2/beneficios/categorias/421,https://www.beneficiosbancognb.com.py/imagenes/4527_bases-y-condiciones-vuelta-a-clases-colegios-oct.pdf,
426,Universidades,Días GNB,15% de reintegro de 1 al 10 de cada mes + hasta 12 cuotas sin intereses.,2026-12-10,Del 01 de marzo al 10 de diciembre del 2026.,2026-12-10,"15% de reintegro para pagos con tarjetas de crédito y prepagas Mastercard afinidades Clásicas, Oro, Black, Black Premier y Metalcard Premier del Banco GNB Paraguay. • Hasta 12 cuotas sin intereses para pagos en POS con tarjetas de crédito del Banco GNB Paraguay.","15% de reintegro de 1 al 10 de cada mes + hasta 12 cuotas sin intereses. • Del 01 de marzo al 10 de diciembre del 2026. • El descuento será aplicado vía reintegro en el extracto del cliente lo cual será reflejado al cierre o podrá visualizarlo en su app en los movimientos mensuales de su tarjeta. • Tope de compra durante el periodo de la promoción: Gs. 10.000.000 (guaraníes diez millones), el cual aplica en forma conjunta a todos los comercios seleccionados adheridos a la promoción de “Potenciá tus estudios Universitarios” en cualquiera de las sucursales de los comercios participantes. • Tope de reintegro durante el periodo de la promoción: Gs. 1.500.000. - (guaraníes un millón quinientos mil) y, se aplica por cuenta de tarjeta de crédito (titulares + adicionales). • No aplica para pagos realizados a través de plataformas de terceros y/o e-commerce. • Los reintegros serán reflejados de manera automática en el extracto del cliente, en un período de 24 a 48hs hábiles luego de la compra. • No acumulable con otras promociones.",,,https://www.beneficiosbancognb.com.py/v2/beneficios/categorias/426,https://www.beneficiosbancognb.com.py/imagenes/4567_bases-y-condiciones-cuotas-universidades-agosto.pdf,
148,Copetrol,Días GNB,Hasta 30% off todos los lunes en estaciones adheridas.,2026-12-28,Del 06 de julio al 28 de diciembre del 2026.,2026-12-28,"Hasta 30% off con tarjetas de crédito Mastercard Metalcard, Black y Black Premier del Banco GNB Paraguay (25% off para pagos con tarjeta de crédito física + 5% adicional para pagos realizados con QR). • Hasta 20% off con tarjetas de crédito Mastercard Clásica, Oro del Banco GNB Paraguay (15% off para pagos con tarjeta de crédito física + 5% adicional para pagos realizados con QR).","Hasta 30% off todos los lunes en estaciones adheridas. • Del 06 de julio al 28 de diciembre del 2026. • Reembolso vía reintegro en extracto , el cual será reflejado al cierre o podrá visualizarlo en su App en los movimientos mensuales de su tarjeta. • Tope de compra mensual por cuenta de Tarjeta de crédito (Incluye titulares y adicionales) Gs. 1.000.000 (guaraníes un millón) • Aplica para pagos con la app “Copetrol Vamos” en Estaciones Seleccionadas. • El beneficio en Copemarket aplica para compras en tienda física y online . • No acumulable con otras promociones. • Se excluyen de la promoción pagos con tarjetas de débito y crédito Visa y afinidades Empresariales, Corporativas, Gift Card, Gourmet y Prepagas. • Para más información acerca de las estaciones adheridas y del beneficio visitar las bases y condiciones.",,,https://www.beneficiosbancognb.com.py/v2/beneficios/categorias/148,https://www.beneficiosbancognb.com.py/imagenes/3872_bases-y-condiciones-copetrol-julio.pdf,
232,Cibermiércoles Casa Rica,Días GNB,20% de descuento en compras online.,2026-12-31,Los miércoles 02 y 09 de septiembre del 2026.,2026-12-31,20% de descuento para pagos realizados con las tarjetas de crédito del Banco GNB Paraguay,"20% de descuento en compras online. • Los miércoles 02 y 09 de septiembre del 2026. • Pagos realizados exclusivamente en compras en la app o web de Casa Rica pagadas en el día de la promoción. • El descuento será aplicado al momento del pago en la web. • No aplica a pagos posteriores a la fecha ni pagos contra entrega de productos. • Promoción válida exclusivamente los días miércoles mencionados anteriormente . • No acumulable con otras promociones. • No participan de la promoción las tarjetas débito, crédito de afinidades Empresariales, Corporativas, Gift Card, Gourmet Card y Prepagas.",,,https://www.beneficiosbancognb.com.py/v2/beneficios/categorias/232,https://www.beneficiosbancognb.com.py/imagenes/3671_bases-y-condiciones-casa-rica-d%C3%ADas-gnb-ecommerce-septiembre.pdf,
275,Petrobras PREMMIA,Días GNB,20% de descuento para pagos desde la app Premmia los miércoles.,2026-12-30,Del 01 de julio al 30 de diciembre del 2026.,2026-12-30,"20% de descuento para pagos desde la app Premmia con tarjetas de crédito Mastercard Clásicas, Oro, Black, Black Premier y Metalcard Premier del Banco GNB Paraguay.","20% de descuento para pagos desde la app Premmia los miércoles. • Del 01 de julio al 30 de diciembre del 2026. • El descuento será vía reintegro en extracto el cual será reflejado al cierre o podrá visualizarlo en su app Banco GNB Personas en los movimientos mensuales de su tarjeta. • Tope de compra semanal: Gs. 500.000 (guaraníes quinientos mil), el tope de compra aplica por cuenta de tarjeta de crédito (titulares + adicionales) • Los reintegros serán reflejados de manera automática en el extracto del cliente, en un período de 24 a 48hs hábiles luego de la compra. • El producto Diesel Euro 5 (diesel común) está excluido del beneficio. • No aplica para pagos realizados a través de plataformas de terceros. • Beneficio no aplica a compras vía web. • No acumulable con otras promociones • Consultar Bases y Condiciones para informaciòn de las estaciones adheridas.",,,https://www.beneficiosbancognb.com.py/v2/beneficios/categorias/275,https://www.beneficiosbancognb.com.py/imagenes/4261_bases-y-condiciones-petrobras.pdf,
543,GNB Travel+,Días GNB,Hasta Gs. 2.000.000 de descuento máximo + Hasta 18 cuotas sin intereses todos los días.,2026-12-31,Del 01 de septiembre al 31 de diciembre del 2026.,2026-12-31,Hasta 18 cuotas sin intereses para pagos con tarjetas de crédito del Banco GNB Paraguay.,"Hasta Gs. 2.000.000 de descuento máximo + Hasta 18 cuotas sin intereses todos los días. • Del 01 de septiembre al 31 de diciembre del 2026. • Hasta Gs. 2.000.000 de descuento máximo para pagos con tarjetas de crédito Mastercard Clásicas, Oro, Black, Black Premier, Metalcard Premier y, Visa Platinum e Infinite Premier del Banco GNB Paraguay a través de Travel Pay en todas las agencias de viajes del país. • El beneficio aplica única y exclusivamente a paquetes de viajes . • El monto de descuento varia según ofertas . • No acumulable con otras promociones.",,,https://www.beneficiosbancognb.com.py/v2/beneficios/categorias/543,https://www.beneficiosbancognb.com.py/imagenes/4944_bases-y-condiciones-gnb-travel-septiembre.pdf,
634,Doha Home,Cuotas sin intereses,Hasta 12 cuotas sin intereses todos los días.,2026-12-31,Del 26 de agosto al 31 de diciembre del 2026.,2026-12-31,Hasta 12 cuotas sin intereses con las tarjetas de crédito del Banco GNB Paraguay.,"Hasta 12 cuotas sin intereses todos los días. • Del 26 de agosto al 31 de diciembre del 2026. • Para el fraccionamiento de las cuotas el cliente deberá solicitar/seleccionar la cantidad de cuotas que desea al momento del pago bajo el Plan 1 de Bancard. Las cuotas se verán reflejadas en el extracto del cliente. • No participan de la promoción las tarjetas de débito y crédito de afinidades Empresariales, Corporativas, Gift Card, Gourmet y Prepagas. • No acumulable con otras promociones.",,,https://www.beneficiosbancognb.com.py/v2/beneficios/categorias/634,https://www.beneficiosbancognb.com.py/imagenes/5244_gnb-byc-doha-home.pdf,
186,Doña Angela,Días GNB,20% de reintegro los jueves y viernes.,2026-10-30,Del 24 de septiembre al 30 de octubre del 2026.,2026-10-30,20% de reintegro para pagos con tarjetas de crédito Mastercard del Banco GNB Paraguay.,"20% de reintegro los jueves y viernes. • Del 24 de septiembre al 30 de octubre del 2026. • Tope de compra mensual: Gs. 800.000 (guaraníes ochocientos mil) por cuenta de tarjeta de crédito (incluye titulares y adicionales), el cual aplica en forma conjunta con todas las sucursales de lácteos, restaurantes y heladerías. • Los reintegros serán reflejados de manera automática en el extracto del cliente, en un período de 24 a 48hs hábiles luego de la compra. • No acumulable con otras promociones.",,,https://www.beneficiosbancognb.com.py/v2/beneficios/categorias/186,https://www.beneficiosbancognb.com.py/imagenes/3078_bases-y-condiciones-do%C3%B1a-angela-septiembre.pdf,
362,Champs Elysees,Días GNB,Hasta 25% de descuento los jueves y viernes + Hasta 6 cuotas sin intereses todos los días.,2026-11-27,Del 08 de enero al 27 de noviembre del 2026.,2026-11-27,Hasta 25% de descuento para pagos con tarjetas de crédito del Banco GNB Paraguay todos los jueves y viernes. 20% de descuento para pagos con tarjetas de crédito del Banco GNB Paraguay ( 5% en caja + 15% con tarjetas de crédito físicas ). +5% de descuento adicional para pagos con QR con tarjetas de crédito a través de la App Banco GNB Personas. • Hasta 6 cuotas sin intereses todos los días para pagos con tarjetas de crédito del Banco GNB Paraguay.,"Hasta 25% de descuento los jueves y viernes + Hasta 6 cuotas sin intereses todos los días. • Del 08 de enero al 27 de noviembre del 2026. • Tope de compra mensual: Gs. 2.000.000 (guaraníes dos millones) por cuenta de tarjeta de crédito (incluye titulares y adicionales), el cual aplica en forma conjunta a todos los locales de los comercios adheridos (Champs Elysees, O boticário, Isdin). • La promoción de descuento aplica todos los jueves y viernes dentro del periodo de la promoción. • Los reintegros serán reflejados de manera automática en el extracto del cliente, en un período de 24 a 48hs hábiles luego de la compra. • El descuento en caja no aplica en la compra de Gift Cards y servicios de cabina como tratamientos faciales. • No acumulable con otras promociones.",,,https://www.beneficiosbancognb.com.py/v2/beneficios/categorias/362,https://www.beneficiosbancognb.com.py/imagenes/4278_bases-y-condiciones-champs-elysees-o-botic%C3%A1rio-isdin.pdf,
474,Springfield,Días GNB,Hasta 25% de descuento los jueves y viernes + Hasta 6 cuotas sin intereses todos los días.,2026-11-27,Del 03 de septiembre al 27 de noviembre del 2026.,2026-11-27,20% de descuento para pagos con tarjetas de crédito del Banco GNB Paraguay (5% en caja + 15% con tarjetas de crédito físicas). +5% de descuento adicional para pagos con QR con tarjetas de crédito a través de la App Banco GNB Personas. • Hasta 6 cuotas sin intereses todos los días para pagos con tarjetas de crédito del Banco GNB Paraguay.,"Hasta 25% de descuento los jueves y viernes + Hasta 6 cuotas sin intereses todos los días. • Del 03 de septiembre al 27 de noviembre del 2026. • Tope de compra mensual: Gs. 2.500.000 (guaraníes dos millones quinientos mil) por cuenta de tarjeta de crédito (incluye titulares y adicionales), el cual aplica en forma conjunta a todos los locales de los comercios adheridos (Springfield, Women Secret, Forever 21, Jack & Jones). • El descuento en caja no aplica en la compra de Gift Cards . • No acumulable con otras promociones.",,,https://www.beneficiosbancognb.com.py/v2/beneficios/categorias/474,https://www.beneficiosbancognb.com.py/imagenes/4260_bases-y-condiciones-springfield-women-secret-forever-21-jack-jones-septiembre.pdf,
534,El Negro Suplementos,Días GNB,Hasta 45% de descuento + Hasta 6 cuotas sin intereses los días viernes.,2027-01-29,Del 02 de octubre del 2026 al 29 de enero del 2027.,2027-01-29,"45% de descuento para pagos con tarjetas de crédito Mastercard Clásicas, Oro, Black, Black Premier y Metalcard Premier del Banco GNB Paraguay en la Sucursal de Asunción . • 20% de descuento para pagos con tarjetas de crédito Mastercard Clásicas, Oro, Black, Black Premier y Metalcard Premier del Banco GNB Paraguay en la Sucursal de Ciudad del Este . • Hasta 6 cuotas sin intereses para pagos con tarjetas de crédito del Banco GNB Paraguay.",Hasta 45% de descuento + Hasta 6 cuotas sin intereses los días viernes. • Del 02 de octubre del 2026 al 29 de enero del 2027. • Tope de compra mensual: Gs. 1.000.000 (guaraníes un millón) por cuenta de tarjeta de crédito Incluye titulares y adicionales. • La promoción aplica los días viernes dentro del periodo de vigencia de la promoción. • No acumulable con otras promociones.,,,https://www.beneficiosbancognb.com.py/v2/beneficios/categorias/534,https://www.beneficiosbancognb.com.py/imagenes/4919_bases-y-condiciones-el-negro-suplementos-octubre.pdf,
614,Petrosur,Días GNB,20% de descuento los días viernes.,2026-12-25,Del 1 de mayo al 25 de diciembre del 2026.,2026-12-25,"20% de descuento para pagos desde la app Petrosur con tarjetas de crédito Mastercard Clásicas, Oro, Black, Black Premier y Metalcard Premier del Banco GNB Paraguay.","20% de descuento los días viernes. • Del 1 de mayo al 25 de diciembre del 2026. • Tope de compra mensual de Gs.1.000.000 (guaraníes un millón) por cuenta de tarjeta de crédito Incluye titulares y adicionales) equivalente a un reintegro máximo mensual en el extracto de Gs. 200.000 (guaraníes doscientos mil). • Los reintegros serán reflejados de manera automática en el extracto del cliente, en un período de 24 a 48hs hábiles luego de la compra. • El descuento será aplicado vía reintegro en extracto el cual será reflejado al cierre o podrá visualizarlo en su App en los movimientos mensuales de su tarjeta. • No aplica compras realizadas a través de plataformas de terceros. • No acumulable con otras promociones.",,,https://www.beneficiosbancognb.com.py/v2/beneficios/categorias/614,https://www.beneficiosbancognb.com.py/imagenes/5122_bases-y-condiciones-petrosur-002-.pdf,
620,Vernier,Días GNB,Hasta 25% de descuento los jueves y viernes + Hasta 6 cuotas sin intereses todos los días.,2026-11-27,Del 21 de mayo al 27 de noviembre del 2026.,2026-11-27,"25% de descuento para pagos con tarjetas de crédito Mastercard afinidades Black, Black Premier y Metalcard Premier del Banco GNB Paraguay. • 20% de descuento para pagos con tarjetas de crédito Mastercard afinidades Clásicas y Oro del Banco GNB Paraguay. • Hasta 6 cuotas sin intereses para pagos con tarjetas de crédito del Banco GNB Paraguay.","Hasta 25% de descuento los jueves y viernes + Hasta 6 cuotas sin intereses todos los días. • Del 21 de mayo al 27 de noviembre del 2026. • Tope de compra mensual: Gs. 1.500.000 (guaraníes un millón quinientos mil) por cuenta de tarjeta de crédito (incluye titulares y adicionales). • Los reintegros serán reflejados de manera automática en el extracto del cliente, en un período de 24 a 48hs hábiles luego de la compra. • El descuento en caja no aplica en la compra de Gift Cards . • No acumulable con otras promociones.",,,https://www.beneficiosbancognb.com.py/v2/beneficios/categorias/620,https://www.beneficiosbancognb.com.py/imagenes/5136_bases-y-condiciones-vernier-002-.pdf,
643,Casa Pro,Cuotas sin intereses,Hasta 12 cuotas sin intereses todos los días.,2026-12-31,Del 26 de agosto al 31 de diciembre del 2026.,2026-12-31,Hasta 12 cuotas sin intereses con las tarjetas de crédito del Banco GNB Paraguay.,"Hasta 12 cuotas sin intereses todos los días. • Del 26 de agosto al 31 de diciembre del 2026. • Para el fraccionamiento de las cuotas el cliente deberá solicitar/seleccionar la cantidad de cuotas que desea al momento del pago bajo el Plan 1 de Bancard. Las cuotas se verán reflejadas en el extracto del cliente. • No participan de la promoción las tarjetas de débito y crédito de afinidades Empresariales, Corporativas, Gift Card, Gourmet y Prepagas. • No acumulable con otras promociones.",,,https://www.beneficiosbancognb.com.py/v2/beneficios/categorias/643,https://www.beneficiosbancognb.com.py/imagenes/5267_gnb-byc-casapro.pdf,
300,El Club del Sommelier,Días GNB,30% de reintegro en membresías.,2026-12-31,Del 06 de julio al 31 de diciembre del 2026.,2026-12-31,"30% de reintegro en membresías para pagos con tarjetas de crédito Mastercard afinidades Black, Black Premier y Metalcard Premier, y Visa afinidades Platinum e Infinite Premier del Banco GNB Paraguay.","30% de reintegro en membresías. • Del 06 de julio al 31 de diciembre del 2026. • Tope de compra mensual: Gs. 900.000 (guaranies novecientos mil) por cuenta de tarjeta de crédito (incluye titulares y adicionales). • La promoción aplica todos los días dentro del periodo de vigencia de la promoción. • Los reintegros serán realizados de manera automática en la tarjeta del cliente, el cual será reflejado en el extracto y en los movimientos mensuales de su tarjeta en la aplicación del banco. • Beneficio no acumulable con otras promociones.",,,https://www.beneficiosbancognb.com.py/v2/beneficios/categorias/300,https://www.beneficiosbancognb.com.py/imagenes/4090_bases-y-condiciones-el-club-del-sommelier-julio.pdf,
322,Dermocosmética,Días GNB,Hasta 25% de reintegro + 3 cuotas sin intereses los días viernes y sábados.,2026-11-28,Del 02 de enero al 28 de noviembre del 2026.,2026-11-28,"25% de reintegro para pagos vía QR con tarjetas de crédito Mastercard afinidades Black, Black Premier y Metalcard Premier del Banco GNB Paraguay. • 20% de reintegro para pagos con tarjetas de crédito Mastercard afinidades Black, Black Premier y Metalcard Premier del Banco GNB Paraguay. • Hasta 3 cuotas sin intereses para pagos con tarjetas de crédito Mastercard afinidades Black, Black Premier y Metalcard Premier del Banco GNB Paraguay.","Hasta 25% de reintegro + 3 cuotas sin intereses los días viernes y sábados. • Del 02 de enero al 28 de noviembre del 2026. • Los reintegros serán realizados de manera automática en la tarjeta del cliente, el cual será reflejado en el extracto y en los movimientos mensuales de su tarjeta en la aplicación del banco. Para el fraccionamiento de las cuotas el cliente deberá solicitar/seleccionar la cantidad de cuotas que desea al momento del pago. Las cuotas se verán reflejadas en el extracto del cliente. • Tope de compra mensual en el conjunto de locales adheridos: Gs. 1.500.000 (guaranies un millón quinientos mil) por cuenta de tarjeta de crédito (incluye titulares y adicionales). • Consulte las bases y condiciones para información acerca de los locales adheridos.",,,https://www.beneficiosbancognb.com.py/v2/beneficios/categorias/322,https://www.beneficiosbancognb.com.py/imagenes/4152_bases-y-condiciones-bienestar-y-belleza-dermocosm%C3%A9tica-oct.pdf,
323,Peluquerías & Spa,Días GNB,Hasta 25% de reintegro + 3 cuotas sin intereses los días viernes y sábado.,2026-11-28,Del 02 de enero al 28 de noviembre del 2026.,2026-11-28,"25% de reintegro para pagos vía QR con tarjetas de crédito Mastercard afinidades Black, Black Premier y Metalcard Premier del Banco GNB Paraguay. • 20% de reintegro para pagos con tarjetas de crédito Mastercard afinidades Black, Black Premier y Metalcard Premier del Banco GNB Paraguay. • Hasta 3 cuotas sin intereses para pagos con tarjetas de crédito Mastercard afinidades Black, Black Premier y Metalcard Premier del Banco GNB Paraguay.","Hasta 25% de reintegro + 3 cuotas sin intereses los días viernes y sábado. • Del 02 de enero al 28 de noviembre del 2026. • Los reintegros serán realizados de manera automática en la tarjeta del cliente, el cual será reflejado en el extracto y en los movimientos mensuales de su tarjeta en la aplicación del banco. Para el fraccionamiento de las cuotas el cliente deberá solicitar/seleccionar la cantidad de cuotas que desea al momento del pago. Las cuotas se verán reflejadas en el extracto del cliente. • Tope de compra mensual en el conjunto de locales adheridos: Gs. 1.500.000 (guaranies un millón quinientos mil) por cuenta de tarjeta de crédito (incluye titulares y adicionales). • Consulte las bases y condiciones para información acerca de los locales adheridos.",,,https://www.beneficiosbancognb.com.py/v2/beneficios/categorias/323,https://www.beneficiosbancognb.com.py/imagenes/5002_bases-y-condiciones-bienestar-belleza-peluquer%C3%ADas-spa-oct.pdf,
324,Forever 21,Días GNB,Hasta 25% de descuento los jueves y viernes + Hasta 6 cuotas sin intereses todos los días.,2026-11-27,Del 03 de septiembre al 27 de noviembre del 2026.,2026-11-27,20% de descuento para pagos con tarjetas de crédito del Banco GNB Paraguay (5% en caja + 15% con tarjetas de crédito físicas). +5% de descuento adicional para pagos con QR con tarjetas de crédito a través de la App Banco GNB Personas. • Hasta 6 cuotas sin intereses todos los días para pagos con tarjetas de crédito del Banco GNB Paraguay.,"Hasta 25% de descuento los jueves y viernes + Hasta 6 cuotas sin intereses todos los días. • Del 03 de septiembre al 27 de noviembre del 2026. • Tope de compra mensual: Gs. 2.500.000 (guaraníes dos millones quinientos mil) por cuenta de tarjeta de crédito (incluye titulares y adicionales), el cual aplica en forma conjunta a todos los locales de los comercios adheridos (Springfield, Women Secret, Forever 21, Jack & Jones). • El descuento en caja no aplica en la compra de Gift Cards . • No acumulable con otras promociones.",,,https://www.beneficiosbancognb.com.py/v2/beneficios/categorias/324,https://www.beneficiosbancognb.com.py/imagenes/4260_bases-y-condiciones-springfield-women-secret-forever-21-jack-jones-septiembre.pdf,
380,Farmavip,Días GNB,20% de reintegro los días miércoles,2026-12-30,Del 12 de agosto al 30 de diciembre del 2026.,2026-12-30,20% de reintegro para pagos con tarjetas de crédito Mastercard del Banco GNB Paraguay todos los miércoles. • El 10% del descuento será aplicado en mostrador por el comercio al momento del pago y el porcentaje restante vía reintegro en el extracto del cliente lo cual será reflejado al cierre o podrá visualizarlo en su app en los movimientos mensuales de su tarjeta.,"20% de reintegro los días miércoles • Del 12 de agosto al 30 de diciembre del 2026. • Tope de compra mensual: Gs. 1.000.000 (guaraníes un millón) por cuenta de tarjeta de crédito (incluye titulares y adicionales), el cual aplica en forma conjunta a todos los locales del comercio. • No aplica para pedidos realizados vía delivery y/o e-commerce. • No acumulable con otras promociones.",,,https://www.beneficiosbancognb.com.py/v2/beneficios/categorias/380,https://www.beneficiosbancognb.com.py/imagenes/4375_bases-y-condiciones-farmavip-agosto.pdf,
492,Jade Bistro & Eminent Bistro,Días GNB,Hasta 20% de reintegro de miércoles a domingos.,2026-12-31,Del 01 de julio al 31 de diciembre del 2026.,2026-12-31,"20% de reintegro para pagos con tarjetas de crédito Mastercard afinidades Black Premier y Metalcard Premier Banco GNB Paraguay. • 15% de reintegro para pagos con tarjetas de crédito afinidades Mastercard Black, y Visa Platinum e Infinite Premier Banco GNB Paraguay.","Hasta 20% de reintegro de miércoles a domingos. • Del 01 de julio al 31 de diciembre del 2026. • Tope de compra mensual: Gs. 1.500.000 (guaranies un millón quinientos mil) por cuenta de tarjeta de crédito (incluye titulares y adicionales) en el conjunto de locales adheridos. • Beneficio aplica única y exclusivamente a personas autorizadas para el ingreso a los edificios Jade Park y Eminent. • Beneficio no acumulable con otras promociones. • Los reintegros serán realizados de manera automática en la tarjeta del cliente, el cual será reflejado en el extracto y en los movimientos mensuales de su tarjeta en la aplicación del banco.",,,https://www.beneficiosbancognb.com.py/v2/beneficios/categorias/492,https://www.beneficiosbancognb.com.py/imagenes/4770_bases-y-condiciones-jade-bistro-eminent-bistro-003-.pdf,
593,Blue Farma,Días GNB,20% de descuento los lunes + Hasta 6 cuotas sin intereses todos los días.,2026-12-28,Del 29 de junio al 28 de diciembre del 2026.,2026-12-28,"20% de descuento para pagos con tarjetas de crédito Mastercard Clásicas, Oro, Black, Black Premier y Metalcard Premier del Banco GNB Paraguay. • Hasta 6 cuotas sin intereses para pagos realizados con las tarjetas de crédito del Banco GNB Paraguay. • El 10% de descuento será aplicado por el comercio en caja/mostrador al momento del pago y el 10% restante será vía reintegro en el extracto al cierre o podrá visualizarlo en su app en los movimientos mensuales de su tarjeta. Para el fraccionamiento de las cuotas el cliente deberá solicitar/seleccionar la cantidad de cuotas que sea al momento del pago. Las cuotas se verán reflejadas en el extracto del cliente.",20% de descuento los lunes + Hasta 6 cuotas sin intereses todos los días. • Del 29 de junio al 28 de diciembre del 2026. • Tope de compra mensual: Gs. 800.000 (guaraníes ochocientos mil) por cuenta de tarjeta de crédito Incluye titulares y adicionales. • No aplica para pagos realizados a través de plataformas de terceros y/o e-commerce . • No acumulable con otras promociones.,,,https://www.beneficiosbancognb.com.py/v2/beneficios/categorias/593,https://www.beneficiosbancognb.com.py/imagenes/5067_bases-y-condiciones-blue-farma-002-.pdf,
632,Pame Garelik Bags,Días GNB,20% de descuento + Hasta 6 cuotas sin intereses los días sábados.,2026-11-28,Del 04 de julio al 28 de noviembre del 2026.,2026-11-28,"20% de descuento para pagos con tarjetas de crédito Mastercard Clásicas, Oro, Black, Black Premier y Metalcard Premier del Banco GNB Paraguay. • Hasta 6 cuotas sin intereses con las tarjetas de crédito del Banco GNB Paraguay.",20% de descuento + Hasta 6 cuotas sin intereses los días sábados. • Del 04 de julio al 28 de noviembre del 2026. • Tope de compra mensual: Gs. 1.500.000 (guaraníes un millón quinientos mil) por cuenta de tarjeta de crédito Incluye titulares y adicionales. • No aplica para pagos realizados a través de plataformas de terceros y/o e-commerce. • No acumulable con otras promociones.,,,https://www.beneficiosbancognb.com.py/v2/beneficios/categorias/632,https://www.beneficiosbancognb.com.py/imagenes/5240_bases-y-condiciones-pame-garelik-bags.pdf,
671,Liberato,Días GNB,20% de reintegro los días viernes.,2027-01-29,Del 02 de octubre al 29 de enero del 2027.,2027-01-29,20% de reintegro para pagos con tarjetas de crédito Mastercard del Banco GNB Paraguay.,"20% de reintegro los días viernes. • Del 02 de octubre al 29 de enero del 2027. • Tope de compra mensual: Gs. 1.000.000 (guaraníes un millón) por cuenta de tarjeta de crédito (incluye titulares y adicionales), el cual aplica en forma conjunta con todas las sucursales de lácteos, restaurantes y heladerías. • Los reintegros serán reflejados de manera automática en el extracto del cliente, en un período de 24 a 48hs hábiles luego de la compra. • No acumulable con otras promociones.",,,https://www.beneficiosbancognb.com.py/v2/beneficios/categorias/671,https://www.beneficiosbancognb.com.py/imagenes/5357_bases-y-condiciones-liberato-002-.pdf,
675,Óptica Valemar,Días GNB,20% de reintegro + Hasta 6 cuotas sin intereses los días viernes.,2026-11-27,Del 02 de octubre al 27 de noviembre del 2026.,2026-11-27,20% de reintegro para pagos con tarjetas de crédito Mastercard del Banco GNB Paraguay. • Hasta 6 cuotas sin intereses para pagos con tarjetas de crédito del Banco GNB Paraguay.,"20% de reintegro + Hasta 6 cuotas sin intereses los días viernes. • Del 02 de octubre al 27 de noviembre del 2026. • Tope de compra mensual: Gs. 1.000.000 (guaraníes un millón) por cuenta de tarjeta de crédito (incluye titulares y adicionales), el cual aplica en forma conjunta con todas las sucursales de lácteos, restaurantes y heladerías. • Los reintegros serán reflejados de manera automática en el extracto del cliente, en un período de 24 a 48hs hábiles luego de la compra. • No acumulable con otras promociones.",,,https://www.beneficiosbancognb.com.py/v2/beneficios/categorias/675,https://www.beneficiosbancognb.com.py/imagenes/5367_bases-y-condiciones-%C3%93ptica-valemar.pdf,
31,Mongomery,Días GNB,20% de descuento los días sábados.,2026-11-28,Del 04 de julio al 28 de noviembre del 2026.,2026-11-28,"20% de descuento para pagos con tarjetas de crédito Mastercard Clásicas, Oro, Black, Black Premier y Metalcard Premier del Banco GNB Paraguay. • El 10% de descuento será aplicado por el comercio en caja/mostrador al momento del pago y el 10% restante será vía reintegro en el extracto al cierre o podrá visualizarlo en su app en los movimientos mensuales de su tarjeta.",20% de descuento los días sábados. • Del 04 de julio al 28 de noviembre del 2026. • Tope de compra mensual: Gs. 1.000.000 (guaraníes un millón) por cuenta de tarjeta de crédito Incluye titulares y adicionales. • No aplica para pagos realizados a través de plataformas de terceros y/o e-commerce. • No acumulable con otras promociones.,,,https://www.beneficiosbancognb.com.py/v2/beneficios/categorias/31,https://www.beneficiosbancognb.com.py/imagenes/2138_bases-y-condiciones-calzados-mongomery-002-.pdf,
47,Areté y Festa,Días GNB,Todos los días 15% de reintegro en supermercado y restaurante.,2026-12-31,Del 01 de enero al 31 de diciembre del 2026.,2026-12-31,15% de reintegro para pagos con tarjetas de crédito del Banco GNB Paraguay.,"Todos los días 15% de reintegro en supermercado y restaurante. • Del 01 de enero al 31 de diciembre del 2026. • Vía reintegro en el extracto al cierre o podrá visualizarlo en su app en los movimientos mensuales de su tarjeta • Tope de compra mensual de Gs. 2.000.000 (guaraníes dos millones) en conjunto de Areté y Festa, por cuenta de tarjeta de crédito (Incluye titulares y adicionales) equivalente a un reintegro máximo mensual en el extracto Gs. 300.000 (guaraníes trescientos mil) para pagos con tarjetas de crédito Banco GNB aplicado al total de compras realizadas en Areté. • Los reintegros serán reflejados de manera automática en el extracto del cliente, en un período de 24 a 48 hs. hábiles luego de la compra • No aplica compras realizadas a través de plataformas de terceros. • No acumulable con otras promociones. • Consulte las Bases y Condiciones para información.",,,https://www.beneficiosbancognb.com.py/v2/beneficios/categorias/47,https://www.beneficiosbancognb.com.py/imagenes/2301_bases-y-condiciones-aret%C3%A9-y-festa-todos-los-d%C3%ADas-sept.pdf,
352,Farmatotal,Días GNB,Hasta 35% de descuento + 3 cuotas sin intereses los días jueves.,2026-12-31,Del 02 de julio al 31 de diciembre del 2026.,2026-12-31,"Hasta 25% de descuento en caja para pagos con tarjetas de crédito del Banco GNB Paraguay todos los jueves. • 5% de reintegro para pagos con tarjetas de crédito físicas Mastercard del Banco GNB Paraguay. • +5% de reintegro adicional para pagos con QR con tarjetas de crédito Mastercard a través de la App Banco GNB Personas. • Descuento del 25% aplica en caja +10% adicional de reintegro pagando con QR crédito lo cual será reflejado al cierre en el extracto o podrá visualizarlo en su app en los movimientos mensuales de su tarjeta. El reintegro será aplicado sobre el importe final facturado, una vez aplicados los descuentos otorgados por el comercio. • Hasta 3 cuotas sin intereses para pagos con tarjetas de crédito Mastercard del Banco GNB Paraguay.","Hasta 35% de descuento + 3 cuotas sin intereses los días jueves. • Del 02 de julio al 31 de diciembre del 2026. • Tope de compra mensual: Gs. 1.000.000 (guaraníes un millón) por cuenta de tarjeta de crédito (incluye titulares y adicionales), el cual aplica en forma conjunta a todos los locales del comercio. • No aplica para pedidos realizados vía delivery y/o e-commerce. • No acumulable con otras promociones. • Consulte las bases y condiciones para más información acerca del beneficio.",,,https://www.beneficiosbancognb.com.py/v2/beneficios/categorias/352,https://www.beneficiosbancognb.com.py/imagenes/4270_bases-y-condiciones-farmatotal-003-.pdf,
477,Malandras Grill,Días GNB,30% de reintegro de miércoles a domingos.,2026-11-01,Del 22 de abril al 1 de noviembre del 2026.,2026-11-01,"30% de reintegro para pagos con tarjetas de crédito Mastercard afinidades Black, Black Premier y Metalcard Premier y Visa afinidades Platinum e Infinite Premier del Banco GNB Paraguay.","30% de reintegro de miércoles a domingos. • Del 22 de abril al 1 de noviembre del 2026. • Tope de compra mensual: Gs. 2.000.000 (guaranies dos millones) por cuenta de tarjeta de crédito (incluye titulares y adicionales). • No aplica para pagos realizados a través de plataformas de terceros (Pedidos Ya, Monchis, entre otros) y/o e-commerce. • Los reintegros serán realizados de manera automática en la tarjeta del cliente, el cual será reflejado en el extracto y en los movimientos mensuales de su tarjeta en la aplicación del banco. • Beneficio no acumulable con otras promociones.",,,https://www.beneficiosbancognb.com.py/v2/beneficios/categorias/477,https://www.beneficiosbancognb.com.py/imagenes/4719_bases-y-condiciones-malandras-grill.pdf,
488,Penina Shoes - Galan For Men,Días GNB,20% de descuento los días sábados.,2026-11-28,Del 04 de julio al 28 de noviembre del 2026.,2026-11-28,"20% de descuento para pagos con tarjetas de crédito Mastercard Clásicas, Oro, Black, Black Premier y Metalcard Premier del Banco GNB Paraguay. • El 10% de descuento será aplicado por el comercio en caja/mostrador al momento del pago y el 10% restante será vía reintegro en el extracto al cierre o podrá visualizarlo en su app en los movimientos mensuales de su tarjeta.",20% de descuento los días sábados. • Del 04 de julio al 28 de noviembre del 2026. • Tope de compra mensual: Gs. 1.000.000 (guaraníes un milón) por cuenta de tarjeta de crédito (incluye titulares y adicionales). • No aplica para pagos realizados a través de plataformas de terceros y/o e-commerce. • No acumulable con otras promociones.,,,https://www.beneficiosbancognb.com.py/v2/beneficios/categorias/488,https://www.beneficiosbancognb.com.py/imagenes/4761_bases-y-condiciones-penina-shoes-galan-for-men-003-.pdf,
490,Anouk - Hans & Baby An,Días GNB,20% de descuento + Hasta 6 cuotas sin intereses los días jueves.,2026-11-26,Del 02 de julio al 26 de noviembre del 2026.,2026-11-26,"20% de descuento para pagos con tarjetas de crédito Mastercard Clásicas, Oro, Black, Black Premier y Metalcard Premier del Banco GNB Paraguay. • Hasta 6 cuotas sin intereses para pagos con tarjetas de crédito Banco GNB Paraguay. • El 10% de descuento será aplicado por el comercio en caja/mostrador al momento del pago y el 10% restante será vía reintegro en el extracto al cierre o podrá visualizarlo en su app en los movimientos mensuales de su tarjeta. Para el fraccionamiento de las cuotas el cliente deberá solicitar/seleccionar la cantidad de cuotas que desea al momento del pago. Las cuotas se verán reflejadas en el extracto del cliente.",20% de descuento + Hasta 6 cuotas sin intereses los días jueves. • Del 02 de julio al 26 de noviembre del 2026. • Tope de compra mensual: Gs. 1.000.000 (guaraníes un millón) por cuenta de tarjeta de crédito Incluye titulares y adicionales. • No aplica para pagos realizados a través de plataformas de terceros y/o e-commerce. • No acumulable con otras promociones.,,,https://www.beneficiosbancognb.com.py/v2/beneficios/categorias/490,https://www.beneficiosbancognb.com.py/imagenes/4766_bases-y-condiciones-anouk-hans-y-baby-an-002-.pdf,
491,Artemera,Días GNB,Hasta 25% de descuento los días viernes + Hasta 6 cuotas sin intereses todos los días.,2026-11-27,Del 11 de septiembre al 27 de noviembre del 2026.,2026-11-27,"25% de reintegro para pagos con tarjetas de crédito Mastercard Black, Black Premier y Metalcard Premier del Banco GNB Paraguay. • 20% de reintegro para pagos con tarjetas de crédito Mastercard Clásicas y Oro del Banco GNB Paraguay. • Hasta 6 cuotas sin intereses para pagos con tarjetas de crédito Banco GNB Paraguay.","Hasta 25% de descuento los días viernes + Hasta 6 cuotas sin intereses todos los días. • Del 11 de septiembre al 27 de noviembre del 2026. • Tope de compra mensual: Gs. 1.500.000 (guaraníes un millón quinientos mil) por cuenta de tarjeta de crédito Incluye titulares y adicionales. • Los reintegros serán reflejados de manera automática en el extracto del cliente, en un período de 24 a 48hs hábiles luego de la compra. • No acumulable con otras promociones.",,,https://www.beneficiosbancognb.com.py/v2/beneficios/categorias/491,https://www.beneficiosbancognb.com.py/imagenes/4768_bases-y-condiciones-artemera.pdf,
508,Todo Cubierta,Días GNB,"20% de descuento en servicios, 5% en productos + Hasta 12 cuotas sin intereses.",2026-12-31,Del 08 de enero al 31 de diciembre del 2026.,2026-12-31,"Hasta 20% de descuento para pagos con tarjetas de crédito del Banco GNB Paraguay. • Hasta 12 cuotas sin intereses para pagos con tarjetas de crédito Clásicas, Oro, Experience, Black, Black Premier, Metalcard Premier, Platinum e Infinite del Banco GNB Paraguay. • El descuento es realizado en caja. 20% de descuento para servicios y 5% para productos . Para el fraccionamiento de las cuotas el cliente deberá solicitar/seleccionar la cantidad de cuotas que desea al momento del pago. Las cuotas se verán reflejadas en el extracto del cliente.","20% de descuento en servicios, 5% en productos + Hasta 12 cuotas sin intereses. • Del 08 de enero al 31 de diciembre del 2026. • La promoción aplica todos los días durante el periodo de promoción. • No acumulable con otras promociones.",,,https://www.beneficiosbancognb.com.py/v2/beneficios/categorias/508,https://www.beneficiosbancognb.com.py/imagenes/4816_bases-y-condiciones-todo-cubierta.pdf,
515,Paats & Paats,Días GNB,20% de descuento + Hasta 6 cuotas sin intereses los días viernes.,2026-11-27,Del 03 de julio al 27 de noviembre del 2026.,2026-11-27,"20% de descuento para pagos con tarjetas de crédito Mastercard Clásicas, Oro, Black, Black Premier y Metalcard Premier del Banco GNB Paraguay. • Hasta 6 cuotas sin intereses para pagos con tarjetas de crédito del Banco GNB Paraguay. • El 10% de descuento será aplicado por el comercio en caja/mostrador al momento del pago y el 10% restante será vía reintegro en el extracto al cierre o podrá visualizarlo en su app en los movimientos mensuales de su tarjeta. Para el fraccionamiento de las cuotas el cliente deberá solicitar/seleccionar la cantidad de cuotas que desea al momento del pago. Las cuotas se verán reflejadas en el extracto del cliente.",20% de descuento + Hasta 6 cuotas sin intereses los días viernes. • Del 03 de julio al 27 de noviembre del 2026. • Tope de compra mensual: Gs. 1.000.000 (guaraníes un milón) por cuenta de tarjeta de crédito (incluye titulares y adicionales). • No aplica para pagos realizados a través de plataformas de terceros y/o e-commerce. • No acumulable con otras promociones.,,,https://www.beneficiosbancognb.com.py/v2/beneficios/categorias/515,https://www.beneficiosbancognb.com.py/imagenes/4845_bases-y-condiciones-paats-paats-002-.pdf,
518,Hiperfiesta,Días GNB,20% de descuento todos los días.,2026-12-31,Del 02 de enero al 31 de diciembre del 2026.,2026-12-31,"20% de descuento para pagos con tarjetas de crédito Mastercard Clásicas, Oro, Black, Black Premier y Metalcard Premier del Banco GNB Paraguay. • El 10% de descuento será aplicado por el comercio en caja/mostrador al momento del pago y el 10% restante será vía reintegro en el extracto al cierre o podrá visualizarlo en su app en los movimientos mensuales de su tarjeta.",20% de descuento todos los días. • Del 02 de enero al 31 de diciembre del 2026. • Tope de compra mensual: Gs. 500.000 (guaraníes quinientos mil) por cuenta de tarjeta de crédito (incluye titulares y adicionales). • No aplica para pagos realizados a través de plataformas de terceros y/o e-commerce. • No acumulable con otras promociones. • La promoción aplica todos los días dentro del periodo de vigencia de la promoción.,,,https://www.beneficiosbancognb.com.py/v2/beneficios/categorias/518,https://www.beneficiosbancognb.com.py/imagenes/4858_bases-y-condiciones-hiperfiesta-002-.pdf,
526,Supermercado AhorraMás,Días GNB,25% de reintegro los días jueves.,2026-12-31,Del 15 de enero al 31 de diciembre del 2026.,2026-12-31,"25% de reintegro para pagos con tarjetas de crédito Mastercard Clásicas, Oro, Black, Black Premier y Metalcard Premier del Banco GNB Paraguay.",25% de reintegro los días jueves. • Del 15 de enero al 31 de diciembre del 2026. • Tope de compra mensual: Gs. 1.000.000 (guaraníes un millón) por cuenta de tarjeta de crédito Incluye titulares y adicionales. • El descuento será aplicado vía reintegro en el extracto al cierre o podrá visualizarlo en su app en los movimientos mensuales de su tarjeta. • No aplica a compras realizadas mediante delivery o plataformas de terceros. • No acumulable con otras promociones.,,,https://www.beneficiosbancognb.com.py/v2/beneficios/categorias/526,https://www.beneficiosbancognb.com.py/imagenes/5203_bases-y-condiciones-supermercado-ahorramas.pdf,
528,Librería Emanuel,Días GNB,20% de descuento los días viernes + Hasta 6 cuotas sin intereses.,2026-10-30,Del 17 de abril al 30 de octubre del 2026.,2026-10-30,"20% de descuento para pagos con tarjetas de crédito Mastercard Clásicas, Oro, Black, Black Premier y Metalcard Premier del Banco GNB Paraguay. • Hasta 6 cuotas sin intereses para pagos con tarjetas de crédito del Banco GNB Paraguay • El 10% de descuento será aplicado por el comercio en caja/mostrador al momento del pago y el 10% restante será vía reintegro en el extracto al cierre o podrá visualizarlo en su app en los movimientos mensuales de su tarjeta. Para el fraccionamiento de las cuotas el cliente deberá solicitar/seleccionar la cantidad de cuotas que desea al momento del pago. Las cuotas se verán reflejadas en el extracto del cliente.",20% de descuento los días viernes + Hasta 6 cuotas sin intereses. • Del 17 de abril al 30 de octubre del 2026. • Tope de compra mensual: Gs. 500.000 (guaraníes quinientos mil) por cuenta de tarjeta de crédito Incluye titulares y adicionales. • No aplica para pagos realizados a través de plataformas de terceros y/o e-commerce. • No acumulable con otras promociones.,,,https://www.beneficiosbancognb.com.py/v2/beneficios/categorias/528,https://www.beneficiosbancognb.com.py/imagenes/4894_bases-y-condiciones-librer%C3%ADa-emanuel.pdf,
533,Meyer Lab,Días GNB,20% de reintegro + Hasta 12 cuotas sin intereses de lunes a sábados.,2026-12-31,Del 27 de marzo al 31 de diciembre del 2026.,2026-12-31,"20% de reintegro para pagos con tarjetas de crédito Mastercard Clásicas, Oro, Black, Black Premier y Metalcard Premier del Banco GNB Paraguay. • Hasta 12 cuotas sin intereses para pagos con tarjetas de crédito del Banco GNB Paraguay.",20% de reintegro + Hasta 12 cuotas sin intereses de lunes a sábados. • Del 27 de marzo al 31 de diciembre del 2026. • Tope de compra mensual: Gs. 500.000 (guaraníes quinientos mil) por cuenta de tarjeta de crédito Incluye titulares y adicionales. • El descuento será aplicado vía reintegro en el extracto al cierre o podrá visualizarlo en su app en los movimientos mensuales de su tarjeta. Para el fraccionamiento de las cuotas el cliente deberá solicitar/seleccionar la cantidad de cuotas que desea al momento del pago bajo el Plan 1 de Bancard. Las cuotas se verán reflejadas en el extracto del cliente. • No acumulable con otras promociones.,,,https://www.beneficiosbancognb.com.py/v2/beneficios/categorias/533,https://www.beneficiosbancognb.com.py/imagenes/4917_bases-y-condiciones-meyer-lab-004-.pdf,
535,FCE,Días GNB,15% de descuento + Hasta 12 cuotas sin intereses todos los días.,2026-12-31,Del 05 de enero al 31 de diciembre del 2026.,2026-12-31,15% de descuento para pagos con las tarjetas de crédito del Banco GNB Paraguay. • Hasta 12 cuotas sin intereses con las tarjetas de crédito del Banco GNB Paraguay.,"15% de descuento + Hasta 12 cuotas sin intereses todos los días. • Del 05 de enero al 31 de diciembre del 2026. • El descuento será aplicado al momento del pago en caja /mostrador por el comercio. Para el fraccionamiento de las cuotas el cliente deberá solicitar/seleccionar la cantidad de cuotas que desea al momento del pago bajo el Plan 1 de Bancard. Las cuotas se verán reflejadas en el extracto del cliente. • No participan de la promoción las tarjetas de débito y crédito de afinidades Empresariales, Corporativas, Gift Card, Gourmet y Prepagas. • No acumulable con otras promociones.",,,https://www.beneficiosbancognb.com.py/v2/beneficios/categorias/535,https://www.beneficiosbancognb.com.py/imagenes/4921_bases-y-condiciones-fce-004-.pdf,
555,Farmalife,Días GNB,20% de reintegro los días miércoles.,2026-12-30,Del 05 de agosto al 30 de diciembre del 2026.,2026-12-30,20% de reintegro para pagos con tarjetas de crédito Mastercard del Banco GNB Paraguay todos los miércoles.,"20% de reintegro los días miércoles. • Del 05 de agosto al 30 de diciembre del 2026. • Tope de compra mensual: Gs. 1.000.000 (guaraníes un millón) por cuenta de tarjeta de crédito (incluye titulares y adicionales), el cual aplica en forma conjunta a todos los locales del comercio. • No acumulable con otras promociones. • No aplica para pedidos realizados vía delivery y/o e-commerce. • No participan de la promoción las tarjetas de débito y crédito; Visa, de afinidades Empresariales, Corporativas, Gift Card, Gourmet y Prepagas.",,,https://www.beneficiosbancognb.com.py/v2/beneficios/categorias/555,https://www.beneficiosbancognb.com.py/imagenes/4977_bases-y-condiciones-farmalife-002-.pdf,
559,Popeyes,Días GNB,Hasta 25% de reintegro los días lunes y martes.,2026-12-29,Del 06 de julio al 29 de diciembre del 2026.,2026-12-29,"25% de reintegro para pagos con tarjetas de crédito afinidades Mastercard Black, Black Premier y Metalcard Premier; Visa Platinum e Infinite del Banco GNB Paraguay. • 20% de reintegro para pagos con tarjetas de crédito afinidades Mastercard Clásicas y Oro; Visa Clásicas, Oro y Experience del Banco GNB Paraguay. • 10% de reintegro para pagos con tarjetas prepagas del Banco GNB Paraguay.","Hasta 25% de reintegro los días lunes y martes. • Del 06 de julio al 29 de diciembre del 2026. • Tope de compra mensual: Gs. 600.000 (guaranies seiscientos mil) por cuenta de tarjeta de crédito (incluye titulares y adicionales). • Aplica única y exclusivamente para compras realizadas en locales, carry out, e-commerce y delivery directo de Popeyes . No aplica para compras realizadas a través de plataformas de terceros.",,,https://www.beneficiosbancognb.com.py/v2/beneficios/categorias/559,https://www.beneficiosbancognb.com.py/imagenes/5009_bases-y-condiciones-popeyes-julio.pdf,
566,Mi Portal Coca Cola,Días GNB,20% de descuento todos los lunes,2026-12-28,Del 8 de junio al 28 de diciembre del 2026.,2026-12-28,"20% de descuento para pagos con tarjetas de crédito Mastercard Clásicas, Oro, Black, Black Premier y Metalcard Premier del Banco GNB Paraguay.",20% de descuento todos los lunes • Del 8 de junio al 28 de diciembre del 2026. • Tope de compra mensual: Gs. 1.000.000 (guaraníes un millón) por cuenta de tarjeta de crédito Incluye titulares y adicionales. • No aplica para pagos realizados a través de plataformas de terceros. • No acumulable con otras promociones.,,,https://www.beneficiosbancognb.com.py/v2/beneficios/categorias/566,https://www.beneficiosbancognb.com.py/imagenes/5030_gnb-byc-mi-portal-coca-cola.pdf,
567,Padel Point,Días GNB,10% de descuento el primer viernes de cada mes + Hasta 12 cuotas sin intereses todos los días.,2026-12-31,Del 16 de febrero al 31 de diciembre del 2026.,2026-12-31,"10% de descuento para pagos con tarjetas de crédito Mastercard Clásicas, Oro, Black, Black Premier y Metalcard Premier del Banco GNB Paraguay. • Hasta 12 cuotas sin intereses para pagos con tarjetas de crédito del Banco GNB Paraguay.","10% de descuento el primer viernes de cada mes + Hasta 12 cuotas sin intereses todos los días. • Del 16 de febrero al 31 de diciembre del 2026. • No participan de la promoción las tarjetas de débito y crédito, de afinidades Empresariales, Corporativas, Gift Card, Gourmet y Prepagas. • No acumulable con otras promociones. • ✓ Tienda Padel Point Primer Presidente e/ Victoriano Alvarenga - Asunción, Paraguay",,,https://www.beneficiosbancognb.com.py/v2/beneficios/categorias/567,https://www.beneficiosbancognb.com.py/imagenes/5032_bases-y-condiciones-padel-point.pdf,
570,Jeep,Días GNB,Hasta 25% de descuento los viernes + 6 cuotas sin intereses todos los días,2026-11-27,Del 23 de enero al 27 de noviembre del 2026.,2026-11-27,"25% de descuento para pagos con tarjetas de crédito afinidades Black, Black Premier y Metalcard Premier del Banco GNB Paraguay los días viernes. • 20% de descuento para pagos con tarjetas de crédito afinidades Clàsicas, Oro, Experience, Platinum e Infinite del Banco GNB Paraguay los días viernes. • Hasta 6 cuotas sin intereses para pagos con tarjetas de crédito del Banco GNB Paraguay.","Hasta 25% de descuento los viernes + 6 cuotas sin intereses todos los días • Del 23 de enero al 27 de noviembre del 2026. • Tope de compra mensual: Gs. 1.500.000 (guaraníes un millón quinientos mil) para tarjetas de crédito Mastercard y Visa Clásicas, Oro Platinum e Infinite. y Gs. 3.000.000 (guaraníes tres millones) para tarjetas de crédito Mastercard Black, Black Premier y Metalcard Premier el cual aplica en forma conjunta a todos los locales de los comercios adheridos. • Los reintegros serán reflejados de manera automática en el extracto del cliente, en un período de 24 a 48hs hábiles luego de la compra. • El descuento en caja no aplica en la compra de Gift Cards. • No acumulable con otras promociones.",,,https://www.beneficiosbancognb.com.py/v2/beneficios/categorias/570,https://www.beneficiosbancognb.com.py/imagenes/5034_bases-y-condiciones-optima-agosto.pdf,
571,Women'Secret,Días GNB,Hasta 25% de descuento los jueves y viernes + Hasta 6 cuotas sin intereses todos los días.,2026-11-27,Del 03 de septiembre al 27 de noviembre del 2026.,2026-11-27,20% de descuento para pagos con tarjetas de crédito del Banco GNB Paraguay (5% en caja + 15% con tarjetas de crédito físicas). +5% de descuento adicional para pagos con QR con tarjetas de crédito a través de la App Banco GNB Personas. • Hasta 6 cuotas sin intereses todos los días para pagos con tarjetas de crédito del Banco GNB Paraguay.,"Hasta 25% de descuento los jueves y viernes + Hasta 6 cuotas sin intereses todos los días. • Del 03 de septiembre al 27 de noviembre del 2026. • Tope de compra mensual: Gs. 2.500.000 (guaraníes dos millones quinientos mil) por cuenta de tarjeta de crédito (incluye titulares y adicionales), el cual aplica en forma conjunta a todos los locales de los comercios adheridos (Springfield, Women Secret, Forever 21, Jack & Jones). • El descuento en caja no aplica en la compra de Gift Cards . • No acumulable con otras promociones.",,,https://www.beneficiosbancognb.com.py/v2/beneficios/categorias/571,https://www.beneficiosbancognb.com.py/imagenes/4260_bases-y-condiciones-springfield-women-secret-forever-21-jack-jones-septiembre.pdf,
572,Jack & Jones,Días GNB,Hasta 25% de descuento los jueves y viernes + Hasta 6 cuotas sin intereses todos los días.,2026-11-27,Del 03 de septiembre al 27 de noviembre del 2026.,2026-11-27,20% de descuento para pagos con tarjetas de crédito del Banco GNB Paraguay (5% en caja + 15% con tarjetas de crédito físicas). +5% de descuento adicional para pagos con QR con tarjetas de crédito a través de la App Banco GNB Personas. • Hasta 6 cuotas sin intereses todos los días para pagos con tarjetas de crédito del Banco GNB Paraguay.,"Hasta 25% de descuento los jueves y viernes + Hasta 6 cuotas sin intereses todos los días. • Del 03 de septiembre al 27 de noviembre del 2026. • Tope de compra mensual: Gs. 2.500.000 (guaraníes dos millones quinientos mil) por cuenta de tarjeta de crédito (incluye titulares y adicionales), el cual aplica en forma conjunta a todos los locales de los comercios adheridos (Springfield, Women Secret, Forever 21, Jack & Jones). • El descuento en caja no aplica en la compra de Gift Cards . • No acumulable con otras promociones.",,,https://www.beneficiosbancognb.com.py/v2/beneficios/categorias/572,https://www.beneficiosbancognb.com.py/imagenes/4260_bases-y-condiciones-springfield-women-secret-forever-21-jack-jones-septiembre.pdf,
587,Gino Ventori,Días GNB,Todos los jueves hasta 25% de descuento + 6 cuotas sin intereses.,2026-11-26,Del 15 de enero al 26 de noviembre del 2026.,2026-11-26,"25% de descuento para pagos con tarjetas de crédito afinidades Black, Black Premier y Metalcard Premier del Banco GNB Paraguay los días jueves . • 20% de descuento para pagos con tarjetas de crédito afinidades Clásicas, Oro, Experience, Platinum e Infinite del Banco GNB Paraguay los días jueves . • Hasta 6 cuotas sin intereses para pagos con tarjetas de crédito del Banco GNB Paraguay. • El 10% del descuento será aplicado en mostrador por el comercio al momento del pago y el porcentaje restante vía reintegro en el extracto del cliente lo cual será reflejado al cierre o podrá visualizarlo en su app en los movimientos mensuales de su tarjeta. Para el fraccionamiento de las cuotas el cliente deberá solicitar/seleccionar la cantidad de cuotas que sea al momento del pago. Las cuotas se verán reflejadas en el extracto del cliente.","Todos los jueves hasta 25% de descuento + 6 cuotas sin intereses. • Del 15 de enero al 26 de noviembre del 2026. • Tope de compra mensual: Gs. 2.000.000 (guaraníes dos millones) por cuenta de tarjeta de crédito (incluye titulares y adicionales), el cual aplica en forma conjunta a todos los locales del comercio. • Los reintegros serán reflejados de manera automática en el extracto del cliente, en un período de 24 a 48hs hábiles luego de la compra.",,,https://www.beneficiosbancognb.com.py/v2/beneficios/categorias/587,https://www.beneficiosbancognb.com.py/imagenes/1057_bases-y-condiciones-gino-ventori-melissa-democrata-002-.pdf,
588,Melissa,Días GNB,Todos los jueves hasta 25% de descuento + 6 cuotas sin intereses.,2026-11-26,Del 15 de enero al 26 de noviembre del 2026.,2026-11-26,"25% de descuento para pagos con tarjetas de crédito afinidades Black, Black Premier y Metalcard Premier del Banco GNB Paraguay los días jueves . • 20% de descuento para pagos con tarjetas de crédito afinidades Clásicas, Oro, Experience, Platinum e Infinite del Banco GNB Paraguay los días jueves . • Hasta 6 cuotas sin intereses para pagos con tarjetas de crédito del Banco GNB Paraguay. • El 10% del descuento será aplicado en mostrador por el comercio al momento del pago y el porcentaje restante vía reintegro en el extracto del cliente lo cual será reflejado al cierre o podrá visualizarlo en su app en los movimientos mensuales de su tarjeta. Para el fraccionamiento de las cuotas el cliente deberá solicitar/seleccionar la cantidad de cuotas que sea al momento del pago. Las cuotas se verán reflejadas en el extracto del cliente.","Todos los jueves hasta 25% de descuento + 6 cuotas sin intereses. • Del 15 de enero al 26 de noviembre del 2026. • Tope de compra mensual: Gs. 2.000.000 (guaraníes dos millones) por cuenta de tarjeta de crédito (incluye titulares y adicionales), el cual aplica en forma conjunta a todos los locales del comercio. • Los reintegros serán reflejados de manera automática en el extracto del cliente, en un período de 24 a 48hs hábiles luego de la compra.",,,https://www.beneficiosbancognb.com.py/v2/beneficios/categorias/588,https://www.beneficiosbancognb.com.py/imagenes/1057_bases-y-condiciones-gino-ventori-melissa-democrata-002-.pdf,
589,Democrata,Días GNB,Todos los jueves hasta 25% de descuento + 6 cuotas sin intereses.,2026-11-26,Del 15 de enero al 26 de noviembre del 2026.,2026-11-26,"25% de descuento para pagos con tarjetas de crédito afinidades Black, Black Premier y Metalcard Premier del Banco GNB Paraguay los días jueves . • 20% de descuento para pagos con tarjetas de crédito afinidades Clásicas, Oro, Experience, Platinum e Infinite del Banco GNB Paraguay los días jueves . • Hasta 6 cuotas sin intereses para pagos con tarjetas de crédito del Banco GNB Paraguay. • El 10% del descuento será aplicado en mostrador por el comercio al momento del pago y el porcentaje restante vía reintegro en el extracto del cliente lo cual será reflejado al cierre o podrá visualizarlo en su app en los movimientos mensuales de su tarjeta. Para el fraccionamiento de las cuotas el cliente deberá solicitar/seleccionar la cantidad de cuotas que sea al momento del pago. Las cuotas se verán reflejadas en el extracto del cliente.","Todos los jueves hasta 25% de descuento + 6 cuotas sin intereses. • Del 15 de enero al 26 de noviembre del 2026. • Tope de compra mensual: Gs. 2.000.000 (guaraníes dos millones) por cuenta de tarjeta de crédito (incluye titulares y adicionales), el cual aplica en forma conjunta a todos los locales del comercio. • Los reintegros serán reflejados de manera automática en el extracto del cliente, en un período de 24 a 48hs hábiles luego de la compra.",,,https://www.beneficiosbancognb.com.py/v2/beneficios/categorias/589,https://www.beneficiosbancognb.com.py/imagenes/1057_bases-y-condiciones-gino-ventori-melissa-democrata-002-.pdf,
591,O Boticário,Días GNB,Hasta 25% de descuento los jueves y viernes + Hasta 6 cuotas sin intereses todos los días.,2026-11-27,Del 08 de enero al 27 de noviembre del 2026.,2026-11-27,Hasta 25% de descuento para pagos con tarjetas de crédito del Banco GNB Paraguay todos los jueves y viernes. 20% de descuento para pagos con tarjetas de crédito del Banco GNB Paraguay ( 5% en caja + 15% con tarjetas de crédito físicas ). +5% de descuento adicional para pagos con QR con tarjetas de crédito a través de la App Banco GNB Personas. • Hasta 6 cuotas sin intereses todos los días para pagos con tarjetas de crédito del Banco GNB Paraguay.,"Hasta 25% de descuento los jueves y viernes + Hasta 6 cuotas sin intereses todos los días. • Del 08 de enero al 27 de noviembre del 2026. • Tope de compra mensual: Gs. 2.000.000 (guaraníes dos millones) por cuenta de tarjeta de crédito (incluye titulares y adicionales), el cual aplica en forma conjunta a todos los locales de los comercios adheridos (Champs Elysees, O boticário, Isdin). • La promoción de descuento aplica todos los jueves y viernes dentro del periodo de la promoción. • Los reintegros serán reflejados de manera automática en el extracto del cliente, en un período de 24 a 48hs hábiles luego de la compra. • El descuento en caja no aplica en la compra de Gift Cards y servicios de cabina como tratamientos faciales. • No acumulable con otras promociones.",,,https://www.beneficiosbancognb.com.py/v2/beneficios/categorias/591,https://www.beneficiosbancognb.com.py/imagenes/4278_bases-y-condiciones-champs-elysees-o-botic%C3%A1rio-isdin.pdf,
592,Isdin,Días GNB,Hasta 25% de descuento los jueves y viernes + Hasta 6 cuotas sin intereses todos los días.,2026-11-27,Del 08 de enero al 27 de noviembre del 2026.,2026-11-27,Hasta 25% de descuento para pagos con tarjetas de crédito del Banco GNB Paraguay todos los jueves y viernes. 20% de descuento para pagos con tarjetas de crédito del Banco GNB Paraguay ( 5% en caja + 15% con tarjetas de crédito físicas ). +5% de descuento adicional para pagos con QR con tarjetas de crédito a través de la App Banco GNB Personas. • Hasta 6 cuotas sin intereses todos los días para pagos con tarjetas de crédito del Banco GNB Paraguay.,"Hasta 25% de descuento los jueves y viernes + Hasta 6 cuotas sin intereses todos los días. • Del 08 de enero al 27 de noviembre del 2026. • Tope de compra mensual: Gs. 2.000.000 (guaraníes dos millones) por cuenta de tarjeta de crédito (incluye titulares y adicionales), el cual aplica en forma conjunta a todos los locales de los comercios adheridos (Champs Elysees, O boticário, Isdin). • La promoción de descuento aplica todos los jueves y viernes dentro del periodo de la promoción. • Los reintegros serán reflejados de manera automática en el extracto del cliente, en un período de 24 a 48hs hábiles luego de la compra. • El descuento en caja no aplica en la compra de Gift Cards y servicios de cabina como tratamientos faciales. • No acumulable con otras promociones.",,,https://www.beneficiosbancognb.com.py/v2/beneficios/categorias/592,https://www.beneficiosbancognb.com.py/imagenes/4278_bases-y-condiciones-champs-elysees-o-botic%C3%A1rio-isdin.pdf,
603,Cerogrado,Días GNB,Hasta 20% de descuento + Hasta 6 cuotas sin intereses los días jueves y viernes.,2026-12-31,Del 20 de agosto al 31 de diciembre del 2026.,2026-12-31,Hasta 20% de descuento para pagos con tarjetas de crédito del Banco GNB Paraguay. • Hasta 6 cuotas sin intereses para pagos con tarjetas de crédito del Banco GNB Paraguay.,Hasta 20% de descuento + Hasta 6 cuotas sin intereses los días jueves y viernes. • Del 20 de agosto al 31 de diciembre del 2026. • Tope de compra por periodo de la promoción: Gs. 1.500.000 (guaraníes un millón quinientos mil) por cuenta de tarjeta de crédito (Incluye titulares y adicionales). • El descuento será aplicado en caja al momento del pago por el comercio. Para el fraccionamiento de las cuotas el cliente deberá solicitar/seleccionar la cantidad de cuotas que desea al momento del pago. Las cuotas se verán reflejadas en el extracto del cliente. • La promoción aplica únicamente los días jueves y viernes durante el periodo de promoción. • No acumulable con otras promociones.,,,https://www.beneficiosbancognb.com.py/v2/beneficios/categorias/603,https://www.beneficiosbancognb.com.py/imagenes/5102_bases-y-condiciones-cerogrado-003-.pdf,
640,Calzados Rajomar,Días GNB,Hasta 20% de descuento + Hasta 6 cuotas sin intereses todos los sábados.,2026-11-28,Del 18 de julio al 28 de noviembre del 2026.,2026-11-28,"20% de descuento para pagos con tarjetas de crédito Mastercard Black, Black Premier y Metalcard Premier del Banco GNB Paraguay. • 15% de descuento para pagos con tarjetas de crédito Mastercard Clásicas y Oro del Banco GNB Paraguay. • Hasta 6 cuotas sin intereses para pagos con tarjetas de crédito del Banco GNB Paraguay.","Hasta 20% de descuento + Hasta 6 cuotas sin intereses todos los sábados. • Del 18 de julio al 28 de noviembre del 2026. • Tope de compra mensual: Gs. 1.000.000 (guaraníes un millón) por cuenta de tarjeta de crédito Incluye titulares y adicionales, (aplica en forma conjunta a los dos comercios adheridos). • No aplica para pagos realizados a través de plataformas de terceros y/o e-commerce. • No acumulable con otras promociones.",,,https://www.beneficiosbancognb.com.py/v2/beneficios/categorias/640,https://www.beneficiosbancognb.com.py/imagenes/5259_bases-y-condiciones-calzados-rajomar.pdf,
644,Tienda Shelly,Días GNB,20% de descuento + Hasta 6 cuotas sin intereses los sábados.,2026-11-28,Del 01 de agosto al 28 de noviembre del 2026.,2026-11-28,20% de descuento para pagos con las tarjetas de crédito Mastercard del Banco GNB Paraguay. • Hasta 6 cuotas sin intereses con las tarjetas de crédito del Banco GNB Paraguay.,"20% de descuento + Hasta 6 cuotas sin intereses los sábados. • Del 01 de agosto al 28 de noviembre del 2026. • Tope de compra mensual: Gs. 1.000.000 (guaranies un millón) por cuenta de tarjeta de crédito (incluye titulares y adicionales) • No participan de la promoción las tarjetas de débito y crédito de afinidades Empresariales, Corporativas, Gift Card, Gourmet y Prepagas. • No acumulable con otras promociones.",,,https://www.beneficiosbancognb.com.py/v2/beneficios/categorias/644,https://www.beneficiosbancognb.com.py/imagenes/5271_bases-y-condiciones-tienda-shelly.pdf,
657,Moët Hennessy,Días GNB,Hasta 25% de descuento los jueves y viernes + Hasta 6 cuotas sin intereses todos los días.,2026-12-31,Del 27 de agosto al 31 de diciembre del 2026.,2026-12-31,"25% de descuento para pagos con tarjetas de crédito Mastercard afinidades Black, Black Premier y Metalcard Premier del Banco GNB Paraguay. • 20% de descuento para pagos con tarjetas de crédito Mastercard afinidades Clásicas y Oro del Banco GNB Paraguay. • Hasta 6 cuotas sin intereses todos los días para pagos con tarjetas de crédito del Banco GNB Paraguay.","Hasta 25% de descuento los jueves y viernes + Hasta 6 cuotas sin intereses todos los días. • Del 27 de agosto al 31 de diciembre del 2026. • Tope de compra mensual: Gs. 1.500.000 (guaraníes un millón quinientos mil) por cuenta de tarjeta de crédito (incluye titulares y adicionales), el cual aplica en forma conjunta a todos los locales de los comercios adheridos. • Los reintegros serán reflejados de manera automática en el extracto del cliente, en un período de 24 a 48hs hábiles luego de la compra. • No participan de la promoción las tarjetas de débito y crédito de afinidades Empresariales, Corporativas, Gift Card, Gourmet y Prepagas. • No acumulable con otras promociones.",,,https://www.beneficiosbancognb.com.py/v2/beneficios/categorias/657,https://www.beneficiosbancognb.com.py/imagenes/5312_bases-y-condiciones-mo%C3%ABt-hennessy.pdf,
660,Farmacia Santa Victoria,Días GNB,35% de descuento los días martes.,2026-12-29,Del 08 de septiembre al 29 de diciembre del 2026.,2026-12-29,35% de descuento para pagos con tarjetas de crédito Mastercard del Banco GNB Paraguay.,"35% de descuento los días martes. • Del 08 de septiembre al 29 de diciembre del 2026. • Tope de compra mensual: Gs. 1.000.000 (guaraníes un millón) por cuenta de tarjeta de crédito (incluye titulares y adicionales), el cual aplica en forma conjunta a todos los locales del comercio. • No aplica para pedidos realizados vía delivery y/o e-commerce. • No acumulable con otras promociones.",,,https://www.beneficiosbancognb.com.py/v2/beneficios/categorias/660,https://www.beneficiosbancognb.com.py/imagenes/5327_bases-y-condiciones-farmacia-santa-victoria.pdf,
661,Depilife,Días GNB,50% de descuento + Hasta 12 cuotas sin intereses todos los días.,2026-12-31,Del 02 de septiembre al 31 de diciembre del 2026.,2026-12-31,50% de descuento pagando con las tarjetas de crédito del Banco GNB Paraguay en la compra de 6 sesiones o más. • Hasta 12 cuotas sin intereses con las tarjetas de crédito del Banco GNB Paraguay.,"50% de descuento + Hasta 12 cuotas sin intereses todos los días. • Del 02 de septiembre al 31 de diciembre del 2026. • El descuento es aplicado en la caja al momento del pago por el comercio. • Para el fraccionamiento de las cuotas el cliente deberá solicitar/seleccionar la cantidad de cuotas que desea al momento del pago bajo el Plan 1 de Bancard. Las cuotas se verán reflejadas en el extracto del cliente. • No participan de la promoción las tarjetas de débito y crédito de afinidades Empresariales, Corporativas, Gift Card, Gourmet y Prepagas. • No acumulable con otras promociones.",,,https://www.beneficiosbancognb.com.py/v2/beneficios/categorias/661,https://www.beneficiosbancognb.com.py/imagenes/5330_bases-y-condiciones-depilife.pdf,
663,Fixocargo,Días GNB,20% de descuento + Hasta 6 cuotas sin intereses.,2027-02-28,Del 07 de septiembre del 2026 al 28 de febrero del 2027.,2027-02-28,20% de descuento para pagos con las tarjetas de crédito Mastercard del Banco GNB Paraguay. • Hasta 6 cuotas sin intereses con las tarjetas de crédito del Banco GNB Paraguay.,"20% de descuento + Hasta 6 cuotas sin intereses. • Del 07 de septiembre del 2026 al 28 de febrero del 2027. • Tope de compra mensual: Gs. 700.000 (guaranies setecientos mil) por cuenta de tarjeta de crédito (incluye titulares y adicionales) • No participan de la promoción las tarjetas de débito y crédito de afinidades Empresariales, Corporativas, Gift Card, Gourmet y Prepagas • No acumulable con otras promociones.",,,https://www.beneficiosbancognb.com.py/v2/beneficios/categorias/663,https://www.beneficiosbancognb.com.py/imagenes/5332_bases-y-condiciones-fixocargo-002-.pdf,
664,Raphaella Booz,Días GNB,Hasta 25% de descuento los jueves y viernes + Hasta 6 cuotas sin intereses todos los días.,2026-11-27,Del 10 de septiembre al 27 de noviembre del 2026.,2026-11-27,"25% de descuento para pagos con tarjetas de crédito Mastercard afinidades Black, Black Premier y Metalcard Premier del Banco GNB Paraguay. • 20% de descuento para pagos con tarjetas de crédito Mastercard afinidades Clásicas y Oro del Banco GNB Paraguay. • Hasta 6 cuotas sin intereses todos los días para pagos con tarjetas de crédito del Banco GNB Paraguay.","Hasta 25% de descuento los jueves y viernes + Hasta 6 cuotas sin intereses todos los días. • Del 10 de septiembre al 27 de noviembre del 2026. • Tope de compra mensual: Gs. 1.500.000 (guaraníes un millón quinientos mil) por cuenta de tarjeta de crédito (incluye titulares y adicionales), el cual aplica en forma conjunta a todos los locales de los comercios adheridos. • Los reintegros serán reflejados de manera automática en el extracto del cliente, en un período de 24 a 48hs hábiles luego de la compra. • El descuento en caja no aplica en la compra de Gift Cards. • No acumulable con otras promociones.",,,https://www.beneficiosbancognb.com.py/v2/beneficios/categorias/664,https://www.beneficiosbancognb.com.py/imagenes/5336_bases-y-condiciones-raphaella-booz.pdf,
665,Farma Lorena - Farmacia Vida,Días GNB,20% de descuento los días viernes.,2026-12-25,Del 11 de septiembre al 25 de diciembre del 2026.,2026-12-25,20% de descuento para pagos con las tarjetas de crédito Mastercard del Banco GNB Paraguay.,"20% de descuento los días viernes. • Del 11 de septiembre al 25 de diciembre del 2026. • Tope de compra mensual: Gs. 1.000.000 (guaranies un millón) por cuenta de tarjeta de crédito (incluye titulares y adicionales) • No participan de la promoción las tarjetas de débito y crédito de afinidades Empresariales, Corporativas, Gift Card, Gourmet y Prepagas. • No acumulable con otras promociones.",,,https://www.beneficiosbancognb.com.py/v2/beneficios/categorias/665,https://www.beneficiosbancognb.com.py/imagenes/5341_bases-y-condiciones-farma-lorena-farmacia-vida-002-.pdf,
670,Athina Sleepwear,Días GNB,20% de descuento los viernes y sábados + Hasta 6 cuotas sin intereses todos los días.,2026-11-28,Del 18 de septiembre al 28 de noviembre del 2026.,2026-11-28,20% de descuento para pagos con tarjetas de crédito del Banco GNB Paraguay. • Hasta 6 cuotas sin intereses todos los días para pagos con tarjetas de crédito del Banco GNB Paraguay.,"20% de descuento los viernes y sábados + Hasta 6 cuotas sin intereses todos los días. • Del 18 de septiembre al 28 de noviembre del 2026. • Los reintegros serán reflejados de manera automática en el extracto del cliente, en un período de 24 a 48hs hábiles luego de la compra. • No participan de la promoción las tarjetas de débito y crédito de afinidades Empresariales, Corporativas, Gift Card, Gourmet y Prepagas. • No acumulable con otras promociones.",,,https://www.beneficiosbancognb.com.py/v2/beneficios/categorias/670,https://www.beneficiosbancognb.com.py/imagenes/5355_bases-y-condiciones-athina-sleepwear.pdf,
41,Alamo,Días GNB,20% de reintegro + Hasta 6 cuotas sin intereses de lunes a sábados.,2026-12-31,Del 19 de agosto al 31 de diciembre del 2026.,2026-12-31,"20% de reintegro para pagos con tarjetas de crédito Mastercard afinidades Clásica, Oro, Black, Black Premier y Metalcard Premier del Banco GNB Paraguay. • Hasta 6 cuotas sin intereses todos los días para pagos con tarjetas de crédito del Banco GNB Paraguay.","20% de reintegro + Hasta 6 cuotas sin intereses de lunes a sábados. • Del 19 de agosto al 31 de diciembre del 2026. • Tope de compra mensual: Gs. 600.000 (guaraníes seiscientos) por cuenta de tarjeta de crédito (incluye titulares y adicionales), el cual aplica en forma conjunta a todos los locales de los comercios adheridos. • Los reintegros serán reflejados de manera automática en el extracto del cliente, en un período de 24 a 48hs hábiles luego de la compra. • No acumulable con otras promociones.",,,https://www.beneficiosbancognb.com.py/v2/beneficios/categorias/41,https://www.beneficiosbancognb.com.py/imagenes/2307_bases-y-condiciones-alamo.pdf,
264,El Molinillo,Días GNB,Todos los días 20% de reintegro.,2026-12-31,Del 01 de enero al 31 de diciembre del 2026.,2026-12-31,20% de reintegro para pagos realizados con las tarjetas de crédito Mastercard del Banco GNB Paraguay.,"Todos los días 20% de reintegro. • Del 01 de enero al 31 de diciembre del 2026. • Vía reintegro en el extracto al cierre o podrá visualizarlo en su app en los movimientos mensuales de su tarjeta. • Tope de compra mensual de Gs 1.000.000 (guaraníes un millón) por cuenta de tarjeta de crédito (Incluye titulares y adicionales) equivalente a un reintegro máximo mensual en el extracto de Gs 200.000 (guaraníes doscientos mil) pagos con tarjetas de crédito Banco GNB Mastercard. • Los reintegros serán reflejados de manera automática en el extracto del cliente, en un período de 24 a 48hs hábiles luego de la compra. • No aplica para pagos realizado a través de plataformas de terceros. • No acumulable con otras promociones.",,,https://www.beneficiosbancognb.com.py/v2/beneficios/categorias/264,https://www.beneficiosbancognb.com.py/imagenes/3904_bases-y-condiciones-el-molinillo-julio.pdf,
299,Tienda Piccolino,Días GNB,Hasta 20% de descuento los días jueves y viernes + 6 cuotas sin intereses todos los días.,2026-12-31,Del 15 de enero al 31 de diciembre del 2026.,2026-12-31,"20% de descuento para pagos con tarjetas de crédito Mastercard afinidades Clàsicas, Oro, Black, Black Premier y Metalcard Premier del Banco GNB Paraguay . • El 10% del descuento será aplicado en mostrador por el comercio al momento del pago y el porcentaje restante vía reintegro en el extracto del cliente lo cual será reflejado al cierre o podrá visualizarlo en su app en los movimientos mensuales de su tarjeta. • Hasta 6 cuotas sin intereses para pagos con tarjetas de crédito del Banco GNB Paraguay .","Hasta 20% de descuento los días jueves y viernes + 6 cuotas sin intereses todos los días. • Del 15 de enero al 31 de diciembre del 2026. • Para el fraccionamiento de las cuotas el cliente deberá solicitar/seleccionar la cantidad de cuotas que desea al momento del pago bajo el Plan 1 de Bancard. Las cuotas se verán reflejadas en el extracto del cliente. • Tope de compra de Gs.1.500.000 (guaraníes un millón quinientos mil) por cuenta de tarjeta de crédito (Incluye titulares y adicionales) equivalente a un reintegro máximo mensual en el extracto de Gs. 150.000 (guaraníes ciento cincuenta mil) . • Los reintegros serán reflejados de manera automática en el extracto del cliente, en un período de 24 a 48hs hábiles luego de la compra. • La promoción de descuento aplica todos los JUEVES y VIERNES dentro del periodo de la promoción. • No acumulable con otras promociones.",,,https://www.beneficiosbancognb.com.py/v2/beneficios/categorias/299,https://www.beneficiosbancognb.com.py/imagenes/4088_bases-y-condiciones-tienda-piccolino-002-.pdf,
436,Patrol Jeans,Días GNB,Hasta 25% de descuento los jueves y viernes + hasta 6 cuotas sin intereses todos los días.,2026-11-27,Del 08 de enero al 27 de noviembre del 2026.,2026-11-27,"25% de descuento para pagos con las tarjetas de crédito Mastercard Black, Black Premier y Metalcard Premier del Banco GNB Paraguay. • 20% de descuento para pagos con tarjetas de crédito afinidades Clásicas, Oro, Experience, Platinum e Infinite del Banco GNB Paraguay. • Hasta 6 cuotas sin intereses para tarjetas de crédito del Banco GNB Paraguay. • El 10% del descuento será aplicado por el comercio en caja/mostrador al momento del pago y el porcentaje restante será procesado vía reintegro en el extracto del cliente. Para el fraccionamiento de las cuotas el cliente deberá solicitar/seleccionar la cantidad de cuotas que desea al momento del pago. Las cuotas se verán reflejadas en el extracto del cliente.",Hasta 25% de descuento los jueves y viernes + hasta 6 cuotas sin intereses todos los días. • Del 08 de enero al 27 de noviembre del 2026. • Tope de compra mensual: Gs. 1.000.000 (guaraníes un millón) por cuenta de tarjeta de crédito (incluye titulares y adicionales). • No aplica para pagos realizados a través de plataformas de terceros y/o e-commerce. • No acumulable con otras promociones.,,,https://www.beneficiosbancognb.com.py/v2/beneficios/categorias/436,https://www.beneficiosbancognb.com.py/imagenes/4598_bases-y-condiciones-patrol-jeans.pdf,
630,Cat Town – Agrofield Web,Días GNB,20& de reintegro + Hasta 6 cuotas sin intereses los días jueves.,2026-12-31,Del 02 de julio al 31 de diciembre del 2026.,2026-12-31,"20% de reintegro para pagos con tarjetas de crédito Mastercard Clásicas, Oro, Black, Black Premier y Metalcard Premier del Banco GNB Paraguay. • Hasta 6 cuotas sin intereses para pagos con tarjetas de crédito del Banco GNB Paraguay.","20% de reintegro + Hasta 6 cuotas sin intereses los días jueves. • Del 02 de julio al 31 de diciembre del 2026. • Tope de compra mensual: Gs. 500.000 (guaraníes quinientos mil) por cuenta de tarjeta de crédito, incluye titulares y adicionales. • El beneficio aplica única y exclusivamente a compras web vía pagos online. • No participan de la promoción las tarjetas de débito y crédito; Visa, de afinidades Empresariales, Corporativas, Gift Card, Gourmet y Prepagas. • No acumulable con otras promociones.",,,https://www.beneficiosbancognb.com.py/v2/beneficios/categorias/630,https://www.beneficiosbancognb.com.py/imagenes/5204_bases-y-condiciones-cat-town-agrofield-web-003-.pdf,
631,Agrofield – Fauna Town,Días GNB,20% de reintegro + Hasta 6 cuotas sin intereses los días jueves y viernes de la tercera semana del mes.,2026-12-18,Del 16 de julio al 18 de diciembre del 2026.,2026-12-18,"20% de reintegro para pagos con tarjetas de crédito Mastercard Clásicas, Oro, Black, Black Premier y Metalcard Premier del Banco GNB Paraguay. • Hasta 6 cuotas sin intereses para pagos con tarjetas de crédito del Banco GNB Paraguay.","20% de reintegro + Hasta 6 cuotas sin intereses los días jueves y viernes de la tercera semana del mes. • Del 16 de julio al 18 de diciembre del 2026. • Tope de compra mensual: Gs. 2.500.000 (guaraníes dos millones quinientos mil) por cuenta de tarjeta de crédito, incluye titulares y adicionales. • El beneficio aplica única y exclusivamente a compras en tiendas físicas de Agrofield y Fauna Town . • No participan de la promoción las tarjetas de débito y crédito; Visa, de afinidades Empresariales, Corporativas, Gift Card, Gourmet y Prepagas. • No acumulable con otras promociones.",,,https://www.beneficiosbancognb.com.py/v2/beneficios/categorias/631,https://www.beneficiosbancognb.com.py/imagenes/5207_bases-y-condiciones-agrofield-fauna-town-002-.pdf,
635,Di Valentini,Días GNB,20% de descuento + Hasta 6 cuotas sin intereses los días sábados.,2026-11-28,Del 11 de julio al 28 de noviembre del 2026.,2026-11-28,"20% de descuento para pagos con tarjetas de crédito Mastercard Clásicas, Oro, Black, Black Premier y Metalcard Premier del Banco GNB Paraguay. • Hasta 6 cuotas sin intereses para pagos con tarjetas de crédito del Banco GNB Paraguay.","20% de descuento + Hasta 6 cuotas sin intereses los días sábados. • Del 11 de julio al 28 de noviembre del 2026. • Tope de compra mensual: Gs. 1.500.000 (guaraníes un millón quinientos mil) por cuenta de tarjeta de crédito Incluye titulares y adicionales, (aplica en forma conjunta a los dos comercios adheridos). • No participan de la promoción las tarjetas de débito y crédito; Visa, de afinidades Empresariales, Corporativas, Gift Card, Gourmet y Prepagas. • No aplica para pagos realizados a través de plataformas de terceros y/o e-commerce. • No acumulable con otras promociones.",,,https://www.beneficiosbancognb.com.py/v2/beneficios/categorias/635,https://www.beneficiosbancognb.com.py/imagenes/5246_bases-y-condiciones-cecconello-di-valentini.pdf,
246,Juguetería Me Encanta,Días GNB,Hasta 25% off todos los jueves y viernes + 6 cuotas sin intereses todos los días.,2026-11-27,Del 24 de julio al 27 de noviembre del 2026.,2026-11-27,"25% de descuento para pagos con tarjetas de crédito afinidades Black, Black Premier y Metalcard Premier del Banco GNB Paraguay los días jueves y viernes . • 20% de descuento para pagos con tarjetas de crédito afinidades Clàsicas, Oro, Experience, Platinum e Infinite del Banco GNB Paraguay los días jueves y viernes . • Hasta 6 cuotas sin intereses para pagos con tarjetas de crédito del Banco GNB Paraguay.","Hasta 25% off todos los jueves y viernes + 6 cuotas sin intereses todos los días. • Del 24 de julio al 27 de noviembre del 2026. • Tope de compra mensual: Gs. 1.000.000 (guaraníes un millón) por cuenta de tarjeta de crédito (incluye titulares y adicionales). • Los reintegros serán reflejados de manera automática en el extracto del cliente, en un período de 24 a 48hs hábiles luego de la compra. • El descuento en caja no aplica en la compra de Gift Cards . • Beneficio no aplica a compras e-commerce .",,,https://www.beneficiosbancognb.com.py/v2/beneficios/categorias/246,https://www.beneficiosbancognb.com.py/imagenes/5069_bases-y-condiciones-jugueter%C3%ADa-me-encanta-002-.pdf,
16,Literato,Días GNB,Hasta 25% off los días jueves y viernes + 6 cuotas sin intereses todos los días.,2026-11-27,Del 15 de enero al 27 de noviembre del 2026.,2026-11-27,"25% de descuento para pagos con tarjetas de crédito MasterCard afinidades Black, Black Premier y Metalcard Premier del Banco GNB Paraguay. • 20% de descuento para pagos con tarjetas de crédito afinidades Clásicas, Oro, Experience, Platinum e Infinite del Banco GNB Paraguay. • Hasta 6 cuotas sin intereses para pagos con tarjetas de crédito del Banco GNB Paraguay.","Hasta 25% off los días jueves y viernes + 6 cuotas sin intereses todos los días. • Del 15 de enero al 27 de noviembre del 2026. • El descuento será aplicado vía reintegro en el extracto del cliente lo cual será reflejado al cierre o podrá visualizarlo en su app en los movimientos mensuales de su tarjeta. • Para el fraccionamiento de las cuotas el cliente deberá solicitar/seleccionar la cantidad de cuotas que desea al momento del pago bajo el Plan 1 de Bancard. Las cuotas se verán reflejadas en el extracto del cliente. • Tope de compra mensual: Gs. 500.000 (guaraníes quinientos mil). El tope de reintegro se aplica por cuenta de tarjeta de crédito (titulares + adicionales). • Los reintegros serán reflejados de manera automática en el extracto del cliente, en un período de 24 a 48hs hábiles luego de la compra. • No acumulable con otras promociones.",,,https://www.beneficiosbancognb.com.py/v2/beneficios/categorias/16,https://www.beneficiosbancognb.com.py/imagenes/2495_bases-y-condiciones-literato.pdf,
34,New Balance,Días GNB,Hasta 25% de descuento los viernes + 6 cuotas sin intereses todos los días,2026-11-27,Del 23 de enero al 27 de noviembre del 2026.,2026-11-27,"25% de descuento para pagos con tarjetas de crédito afinidades Black, Black Premier y Metalcard Premier del Banco GNB Paraguay los días viernes. • 20% de descuento para pagos con tarjetas de crédito afinidades Clàsicas, Oro, Experience, Platinum e Infinite del Banco GNB Paraguay los días viernes. • Hasta 6 cuotas sin intereses para pagos con tarjetas de crédito del Banco GNB Paraguay.","Hasta 25% de descuento los viernes + 6 cuotas sin intereses todos los días • Del 23 de enero al 27 de noviembre del 2026. • Tope de compra mensual: Gs. 1.500.000 (guaraníes un millón quinientos mil) para tarjetas de crédito Mastercard y Visa Clásicas, Oro Platinum e Infinite. y Gs. 3.000.000 (guaraníes tres millones) para tarjetas de crédito Mastercard Black, Black Premier y Metalcard Premier el cual aplica en forma conjunta a todos los locales de los comercios adheridos. • Los reintegros serán reflejados de manera automática en el extracto del cliente, en un período de 24 a 48hs hábiles luego de la compra. • El descuento en caja no aplica en la compra de Gift Cards. • No acumulable con otras promociones.",,,https://www.beneficiosbancognb.com.py/v2/beneficios/categorias/34,https://www.beneficiosbancognb.com.py/imagenes/5034_bases-y-condiciones-optima-agosto.pdf,
35,Charpentier,Días GNB,Todos los días 15% de descuento + Hasta 6 cuotas sin intereses.,2026-12-31,Del 01 de enero al 31 de diciembre del 2026.,2026-12-31,"15% de descuento para tarjetas de afinidad Clásicas, Oro, Black, Black Premier, Metalcard Premier, Experience, Platinum, Infinite. • Hasta 6 cuotas sin intereses para tarjetas de afinidad Clásicas, Oro, Black, Black Premier, Metalcard Premier, Experience, Platinum, Infinite.",Todos los días 15% de descuento + Hasta 6 cuotas sin intereses. • Del 01 de enero al 31 de diciembre del 2026. • El descuento será aplicado al momento del pago en caja/mostrador por el comercio. Para el fraccionamiento de las cuotas el cliente deberá solicitar/seleccionar la cantidad de cuotas que sea al momento del pago. Las cuotas se verán reflejadas en el extracto del cliente. • No acumulable con otras promociones.,,,https://www.beneficiosbancognb.com.py/v2/beneficios/categorias/35,https://www.beneficiosbancognb.com.py/imagenes/2503_bases-y-condiciones-charpentier.pdf,
48,Body Club,Días GNB,Todos los jueves y viernes hasta 25% de descuento + 6 cuotas sin intereses todos los días.,2026-11-27,Del 08 de enero al 27 de noviembre del 2026.,2026-11-27,"25% de descuento para pagos con tarjetas de crédito afinidades Black, Black Premier y Metalcard Premier del Banco GNB Paraguay los días jueves y viernes. • 20% de descuento para pagos con tarjetas de crédito afinidades Clàsicas, Oro, Experience, Platinum e Infinite del Banco GNB Paraguay los días jueves y viernes. • Hasta 6 cuotas sin intereses para pagos con tarjetas de crédito del Banco GNB Paraguay.","Todos los jueves y viernes hasta 25% de descuento + 6 cuotas sin intereses todos los días. • Del 08 de enero al 27 de noviembre del 2026. • Tope de compra mensual: Gs. 1.000.000 (guaraníes un millón) por cuenta de tarjeta de crédito (Incluye titulares y adicionales). • Los reintegros serán reflejados de manera automática en el extracto del cliente, en un período de 24 a 48hs hábiles luego de la compra. • Beneficio no aplica a compras vía web.",,,https://www.beneficiosbancognb.com.py/v2/beneficios/categorias/48,https://www.beneficiosbancognb.com.py/imagenes/2539_bases-y-condiciones-body-club.pdf,
51,Achon,Cuotas sin intereses,Hasta 12 cuotas sin intereses todos los días.,2026-12-31,Del 05 de enero al 31 de diciembre del 2026.,2026-12-31,Hasta 12 cuotas sin intereses para tarjetas de crédito del Banco GNB.,"Hasta 12 cuotas sin intereses todos los días. • Del 05 de enero al 31 de diciembre del 2026. • Para el fraccionamiento de las cuotas el cliente deberá solicitar/seleccionar la cantidad de cuotas que desea al momento del pago. Las cuotas se verán reflejadas en el extracto del cliente. • No participan de la promoción las tarjetas de débito y crédito de afinidades Empresariales, Corporativas, Gift Card, Gourmet y Prepagas • No acumulable con otras promociones • ✓ Achon Industrial Avda. Mcal López esq. Emeterio Miranda. 595-21 607 999",,,https://www.beneficiosbancognb.com.py/v2/beneficios/categorias/51,https://www.beneficiosbancognb.com.py/imagenes/1980_bases-y-condiciones-achon.pdf,
52,Tonina,Días GNB,20% de descuento todos los miércoles + 12 cuotas sin intereses todos los días.,2026-12-30,Del 01 de julio al 30 de diciembre del 2026.,2026-12-30,20% de descuento para pagos con tarjetas de crédito del Banco GNB Paraguay los días miércoles . • El 10% del descuento será aplicado en caja/mostrador al momento del pago hasta un tope de compra mensual de Gs. 1.000.000 y 10% vía reintegro en el extracto del cliente hasta un tope de reintegro mensual de Gs. 50.000 . • Hasta 12 cuotas sin intereses para pagos con tarjetas de crédito del Banco GNB Paraguay.,"20% de descuento todos los miércoles + 12 cuotas sin intereses todos los días. • Del 01 de julio al 30 de diciembre del 2026. • Para el fraccionamiento de las cuotas el cliente deberá solicitar/seleccionar la cantidad de cuotas que desea al momento del pago. Las cuotas se verán reflejadas en el extracto del cliente. • Los reintegros serán reflejados de manera automática en el extracto del cliente, en un período de 24 a 48hs hábiles luego de la compra. • Beneficio aplica únicamente a una tarjeta de crédito por compra . • Beneficio no aplica para pagos con QR ni pedidos por delivery. • No acumulable con otras promociones.",,,https://www.beneficiosbancognb.com.py/v2/beneficios/categorias/52,https://www.beneficiosbancognb.com.py/imagenes/2543_bases-y-condiciones-tonina-julio.pdf,
100,Denoir,Días GNB,Hasta 25% de descuento los jueves y viernes + Hasta 12 cuotas sin intereses todos los días.,2026-11-27,Del 22 de enero al 27 de noviembre del 2026.,2026-11-27,"25% de descuento para pagos con tarjetas de crédito afinidades Black, Black Premier y Metalcard Premier del Banco GNB Paraguay los días jueves y viernes. • 20% de descuento para pagos con tarjetas de crédito afinidades Clàsicas, Oro, Experience, Platinum e Infinite del Banco GNB Paraguay los días jueves y viernes. • Hasta 12 cuotas sin intereses para pagos con tarjetas de crédito del Banco GNB Paraguay. • El 10% del descuento será aplicado en mostrador por el comercio al momento del pago y el porcentaje restante vía reintegro en el extracto del cliente lo cual será reflejado al cierre o podrá visualizarlo en su app en los movimientos mensuales de su tarjeta. Para el fraccionamiento de las cuotas el cliente deberá solicitar/seleccionar la cantidad de cuotas que sea al momento del pago. Las cuotas se verán reflejadas en el extracto del cliente.",Hasta 25% de descuento los jueves y viernes + Hasta 12 cuotas sin intereses todos los días. • Del 22 de enero al 27 de noviembre del 2026. • Tope de compra mensual: Gs. 10.000.000 (guaranies diez millones) por cuenta de tarjeta de crédito (incluye titulares y adicionales). • No aplica a compras a través del e-commerce. • No acumulable con otras promociones.,,,https://www.beneficiosbancognb.com.py/v2/beneficios/categorias/100,https://www.beneficiosbancognb.com.py/imagenes/1056_bases-y-condiciones-denoir-002-.pdf,
110,Boxes Casual Shoes,Días GNB,25% de descuento los días sábados.,2026-12-26,Del 05 de septiembre al 26 de diciembre del 2026.,2026-12-26,"25% de descuento para pagos con tarjetas de crédito Mastercard Clásicas, Oro, Black, Black Premier y Metalcard Premier del Banco GNB Paraguay. • Para compras en tiendas físicas: El 15% de descuento será aplicado por el comercio en caja/mostrador al momento del pago y el 10% restante será vía reintegro en el extracto al cierre o podrá visualizarlo en su app en los movimientos mensuales de su tarjeta. • Para compras vía web: El 25% de descuento será aplicado vía reintegro en el extracto al cierre o podrá visualizarlo en los movimientos mensuales de su tarjeta.",25% de descuento los días sábados. • Del 05 de septiembre al 26 de diciembre del 2026. • Tope de compra mensual: Gs. 1.000.000 (guaraníes un millón) por cuenta de tarjeta de crédito Incluye titulares y adicionales. • No acumulable con otras promociones.,,,https://www.beneficiosbancognb.com.py/v2/beneficios/categorias/110,https://www.beneficiosbancognb.com.py/imagenes/874_bases-y-condiciones-boxes-casual-shoes-septiembre.pdf,
116,Cole Haan,Días GNB,25% off los viernes + 6 cuotas sin intereses todos los días.,2026-11-27,Del 23 de enero al 27 de noviembre del 2026.,2026-11-27,"25% de descuento para pagos con tarjetas de crédito afinidades Black, Black Premier y Metalcard Premier del Banco GNB Paraguay los días viernes. • 20% de descuento para pagos con tarjetas de crédito afinidades Clàsicas, Oro, Experience, Platinum e Infinite del Banco GNB Paraguay los días viernes. • Hasta 6 cuotas sin intereses para pagos con tarjetas de crédito del Banco GNB Paraguay. • El 10% del descuento será aplicado en mostrador por el comercio al momento del pago y el porcentaje restante vía reintegro en el extracto del cliente lo cual será reflejado al cierre o podrá visualizarlo en su app en los movimientos mensuales de su tarjeta. Para el fraccionamiento de las cuotas el cliente deberá solicitar/seleccionar la cantidad de cuotas que sea al momento del pago. Las cuotas se verán reflejadas en el extracto del cliente.","25% off los viernes + 6 cuotas sin intereses todos los días. • Del 23 de enero al 27 de noviembre del 2026. • Los reintegros serán reflejados de manera automática en el extracto del cliente, en un período de 24 a 48hs hábiles luego de la compra",,,https://www.beneficiosbancognb.com.py/v2/beneficios/categorias/116,https://www.beneficiosbancognb.com.py/imagenes/2835_bases-y-condiciones-guatapora-agosto-2026.pdf,
128,Tu Almacén FD,Días GNB,Hasta 25% de descuento + Hasta 3 cuotas sin intereses los días viernes.,2026-12-25,Del 24 de julio al 25 de diciembre del 2026.,2026-12-25,"Hasta 25% de descuento para pagos con tarjetas de crédito Mastercard Black, Black Premier y Metalcard Premier del Banco GNB Paraguay. • Hasta 20% de descuento para pagos con tarjetas de crédito Mastercard Clásicas y Oro del Banco GNB Paraguay. • Hasta 3 cuotas sin intereses para pagos con tarjetas de crédito del Banco GNB Paraguay.",Hasta 25% de descuento + Hasta 3 cuotas sin intereses los días viernes. • Del 24 de julio al 25 de diciembre del 2026. • Tope de compra mensual: Gs. 1.000.000 (guaraníes un millón) por cuenta de tarjeta de crédito (Incluye titulares y adicionales). • La promoción aplica todos los viernes durante el periodo de promoción. • No acumulable con otras promociones.,,,https://www.beneficiosbancognb.com.py/v2/beneficios/categorias/128,https://www.beneficiosbancognb.com.py/imagenes/4614_bases-y-condiciones-tu-almacen-fd-002-.pdf,
161,Burger King,Días GNB,Hasta 25% de descuento los días jueves.,2026-12-31,Del 08 de enero al 31 de diciembre del 2026.,2026-12-31,"25% de descuento para Tarjeta de Crédito afinidades MasterCard Black, MasterCard Black Premier; Visa Platinum y Visa Infinite. • 20% de descuento para Tarjetas de Crédito afinidades Mastercard Clásicas y Oro; Visa Clásicas, Oro y Experience. • 10% de descuento para Tarjetas Prepagas del Banco GNB Paraguay.","Hasta 25% de descuento los días jueves. • Del 08 de enero al 31 de diciembre del 2026. • El reembolso será vía reintegro en el extracto al cierre o podrá visualizarlo en su app en los movimientos mensuales de su tarjeta. • Aplica única y exclusivamente para compras realizadas en locales, carry out, e-commerce y delivery directo de Burger King. No aplica para compras realizadas a través de plataformas de terceros.",,,https://www.beneficiosbancognb.com.py/v2/beneficios/categorias/161,https://www.beneficiosbancognb.com.py/imagenes/4231_bases-y-condiciones-burger-king.pdf,
167,Outdoors,Días GNB,25% off todos los viernes + 6 cuotas sin intereses todos los días.,2026-11-27,Del 23 de enero al 27 de noviembre del 2026.,2026-11-27,"25% de descuento para pagos con tarjetas de crédito afinidades Black, Black Premier y Metalcard Premier del Banco GNB Paraguay los días viernes. • 20% de descuento para pagos con tarjetas de crédito afinidades Clàsicas, Oro, Experience, Platinum e Infinite del Banco GNB Paraguay los días viernes. • Hasta 6 cuotas sin intereses para pagos con tarjetas de crédito del Banco GNB Paraguay. • El 10% del descuento será aplicado en mostrador por el comercio al momento del pago y el porcentaje restante vía reintegro en el extracto del cliente lo cual será reflejado al cierre o podrá visualizarlo en su app en los movimientos mensuales de su tarjeta. Para el fraccionamiento de las cuotas el cliente deberá solicitar/seleccionar la cantidad de cuotas que sea al momento del pago. Las cuotas se verán reflejadas en el extracto del cliente.","25% off los viernes + 6 cuotas sin intereses todos los días. • Del 23 de enero al 27 de noviembre del 2026. • Los reintegros serán reflejados de manera automática en el extracto del cliente, en un período de 24 a 48hs hábiles luego de la compra",,,https://www.beneficiosbancognb.com.py/v2/beneficios/categorias/167,https://www.beneficiosbancognb.com.py/imagenes/2838_bases-y-condiciones-guatapora-agosto-2026.pdf,
169,Crocs,Días GNB,Hasta 25% off los viernes + 6 cuotas sin intereses todos los días.,2026-11-27,Del 23 de enero al 27 de noviembre del 2026.,2026-11-27,"25% de descuento para pagos con tarjetas de crédito afinidades Black, Black Premier y Metalcard Premier del Banco GNB Paraguay los días viernes. • 20% de descuento para pagos con tarjetas de crédito afinidades Clàsicas, Oro, Experience, Platinum e Infinite del Banco GNB Paraguay los días viernes. • Hasta 6 cuotas sin intereses para pagos con tarjetas de crédito del Banco GNB Paraguay. • El 10% del descuento será aplicado en mostrador por el comercio al momento del pago y el porcentaje restante vía reintegro en el extracto del cliente lo cual será reflejado al cierre o podrá visualizarlo en su app en los movimientos mensuales de su tarjeta. Para el fraccionamiento de las cuotas el cliente deberá solicitar/seleccionar la cantidad de cuotas que sea al momento del pago. Las cuotas se verán reflejadas en el extracto del cliente.","25% off los viernes + 6 cuotas sin intereses todos los días. • Del 23 de enero al 27 de noviembre del 2026. • Los reintegros serán reflejados de manera automática en el extracto del cliente, en un período de 24 a 48hs hábiles luego de la compra",,,https://www.beneficiosbancognb.com.py/v2/beneficios/categorias/169,https://www.beneficiosbancognb.com.py/imagenes/2847_bases-y-condiciones-guatapora-agosto-2026.pdf,
170,Timberland,Días GNB,25% off los viernes + 6 cuotas sin intereses todos los días.,2026-11-27,Del 23 de enero al 27 de noviembre del 2026.,2026-11-27,"25% de descuento para pagos con tarjetas de crédito afinidades Black, Black Premier y Metalcard Premier del Banco GNB Paraguay los días viernes. • 20% de descuento para pagos con tarjetas de crédito afinidades Clàsicas, Oro, Experience, Platinum e Infinite del Banco GNB Paraguay los días viernes. • Hasta 6 cuotas sin intereses para pagos con tarjetas de crédito del Banco GNB Paraguay. • El 10% del descuento será aplicado en mostrador por el comercio al momento del pago y el porcentaje restante vía reintegro en el extracto del cliente lo cual será reflejado al cierre o podrá visualizarlo en su app en los movimientos mensuales de su tarjeta. Para el fraccionamiento de las cuotas el cliente deberá solicitar/seleccionar la cantidad de cuotas que sea al momento del pago. Las cuotas se verán reflejadas en el extracto del cliente.","25% off los viernes + 6 cuotas sin intereses todos los días. • Del 23 de enero al 27 de noviembre del 2026. • Los reintegros serán reflejados de manera automática en el extracto del cliente, en un período de 24 a 48hs hábiles luego de la compra",,,https://www.beneficiosbancognb.com.py/v2/beneficios/categorias/170,https://www.beneficiosbancognb.com.py/imagenes/2851_bases-y-condiciones-guatapora-agosto-2026.pdf,
172,La Nutry Healthy Food,Días GNB,Hasta 25% de reintegro de lunes a viernes.,2026-12-31,Del 01 de julio al 31 de diciembre del 2026.,2026-12-31,"25% de reintegro para pagos con tarjetas de crédito Mastercard Black, Black Premier y Metalcard Premier del Banco GNB Paraguay. • 20% de reintegro para pagos con tarjetas de crédito Mastercard Clásicas y Oro del Banco GNB Paraguay.","Hasta 25% de reintegro de lunes a viernes. • Del 01 de julio al 31 de diciembre del 2026. • Tope de compra mensual: Gs.800.000 , el cual aplica en forma conjunta a todos los locales del comercio y delivery directo de La Nutry. • El reembolso será vía reintegro en extracto el cual será reflejado al cierre o podrá visualizarlo en su app Banco GNB Personas en los movimientos mensuales de su tarjeta. • No aplica para pagos realizados a través de plataformas de terceros (Pedidos Ya, Monchis, entre otros) y/o e-commerce. • No acumulable con otras promociones.",,,https://www.beneficiosbancognb.com.py/v2/beneficios/categorias/172,https://www.beneficiosbancognb.com.py/imagenes/2858_bases-y-condiciones-la-nutry-septiembre-002-.pdf,
179,Urban Haus,Días GNB,Hasta 25% off todos los jueves y viernes + 6 cuotas sin intereses todos los días.,2026-11-27,Del 08 de enero al 27 de noviembre del 2026.,2026-11-27,"25% de descuento para pagos con tarjetas de crédito afinidades Black, Black Premier y Metalcard Premier del Banco GNB Paraguay los días jueves y viernes. • 20% de descuento para pagos con tarjetas de crédito afinidades Clàsicas, Oro, Experience, Platinum e Infinite del Banco GNB Paraguay los días jueves y viernes. • Hasta 6 cuotas sin intereses para pagos con tarjetas de crédito del Banco GNB Paraguay. • El 15% del descuento será aplicado en mostrador por el comercio al momento del pago y el porcentaje restante vía reintegro en el extracto del cliente lo cual será reflejado al cierre o podrá visualizarlo en su app en los movimientos mensuales de su tarjeta. Para el fraccionamiento de las cuotas el cliente deberá solicitar/seleccionar la cantidad de cuotas que desea al momento del pago. Las cuotas se verán reflejadas en el extracto del cliente.","Hasta 25% off todos los jueves y viernes + 6 cuotas sin intereses todos los días. • Del 08 de enero al 27 de noviembre del 2026. • Tope de compra mensual: Gs. 2.000.000 (guaranies dos millones) por cuenta de tarjeta de crédito (incluye titulares y adicionales). • Los reintegros serán reflejados de manera automática en el extracto del cliente, en un período de 24 a 48hs hábiles luego de la compra. • El descuento en caja no aplica en la compra de Gift Cards. • No acumulable con otras promociones.",,,https://www.beneficiosbancognb.com.py/v2/beneficios/categorias/179,https://www.beneficiosbancognb.com.py/imagenes/2890_bases-y-condiciones-urban-haus-002-.pdf,
180,Nike - Rookie - Academy - Rise,Días GNB,Todos los jueves hasta 25% off + 6 cuotas sin intereses todos los días.,2026-11-26,Del 08 de enero al 26 de noviembre del 2026.,2026-11-26,"25% de descuento para pagos con tarjetas de crédito afinidades Black, Black Premier y Metalcard Premier del Banco GNB Paraguay los días jueves . • 20% de descuento para pagos con tarjetas de crédito afinidades Clàsicas, Oro, Experience, Platinum e Infinite del Banco GNB Paraguay los días jueves . • El 5% del descuento será aplicado en mostrador por el comercio al momento del pago y el porcentaje restante vía reintegro en el extracto del cliente lo cual será reflejado al cierre o podrá visualizarlo en su app en los movimientos mensuales de su tarjeta. • Hasta 6 cuotas sin intereses para pagos con tarjetas de crédito del Banco GNB Paraguay .","Todos los jueves hasta 25% off + 6 cuotas sin intereses todos los días. • Del 08 de enero al 26 de noviembre del 2026. • Para el fraccionamiento de las cuotas el cliente deberá solicitar/seleccionar la cantidad de cuotas que desea al momento del pago. Las cuotas se verán reflejadas en el extracto del cliente. • Tope de compra mensual: Gs. 1.500.000 (guaraníes un millón quinientos mil) para tarjetas de crédito Mastercard y Visa Clásicas, Oro Platinum e Infinite. y Gs. 3.000.000 (guaraníes tres millones) para tarjetas de crédito Mastercard Black, Black Premier y Metalcard Premier el cual aplica en forma conjunta a todos los locales de los comercios adheridos (Nike, Rookie, Academy, Rise). • El descuento en caja no aplica en la compra de Gift Cards. • Los reintegros serán reflejados de manera automática en el extracto del cliente, en un período de 24 a 48hs hábiles luego de la compra. • No acumulable con otras promociones.",,,https://www.beneficiosbancognb.com.py/v2/beneficios/categorias/180,https://www.beneficiosbancognb.com.py/imagenes/3054_bases-y-condiciones-nike-rookie-academy-rise-003-.pdf,
181,360 Sneaker Store,Días GNB,Todos los jueves hasta 25% de descuento + Hasta 6 cuotas sin intereses.,2026-11-26,Del 22 de enero al 26 de noviembre del 2026.,2026-11-26,"25% de descuento para pagos con tarjetas de crédito afinidades Black, Black Premier y Metalcard Premier del Banco GNB Paraguay los días jueves . • 20% de descuento para pagos con tarjetas de crédito afinidades Clàsicas, Oro, Experience, Platinum e Infinite del Banco GNB Paraguay los días jueves . • Hasta 6 cuotas sin intereses para pagos con tarjetas de crédito del Banco GNB Paraguay .","Todos los jueves hasta 25% de descuento + Hasta 6 cuotas sin intereses. • Del 22 de enero al 26 de noviembre del 2026. • Tope de compra mensual: Gs. 1.500.000 (guaraníes un millón quinientos mil) para tarjetas de crédito Mastercard y Visa Clásicas, Oro Platinum e Infinite . y Gs. 3.000.000 (guaraníes tres millones) para tarjetas de crédito Mastercard Black, Black Premier y Metalcard Premier el cual aplica en forma conjunta a todos los locales de los comercios adheridos. • Los reintegros serán reflejados de manera automática en el extracto del cliente, en un período de 24 a 48hs hábiles luego de la compra. • El descuento en caja no aplica en la compra de Gift Cards. • No acumulable con otras promociones.",,,https://www.beneficiosbancognb.com.py/v2/beneficios/categorias/181,https://www.beneficiosbancognb.com.py/imagenes/3058_bases-y-condiciones-adidas-meta-sports-meta-women-meta-kids-360-sneaker-store-vans-002-.pdf,
183,Meta Sports,Días GNB,Todos los jueves hasta 25% de descuento + Hasta 6 cuotas sin intereses.,2026-11-26,Del 22 de enero al 26 de noviembre del 2026.,2026-11-26,"25% de descuento para pagos con tarjetas de crédito afinidades Black, Black Premier y Metalcard Premier del Banco GNB Paraguay los días jueves . • 20% de descuento para pagos con tarjetas de crédito afinidades Clàsicas, Oro, Experience, Platinum e Infinite del Banco GNB Paraguay los días jueves . • Hasta 6 cuotas sin intereses para pagos con tarjetas de crédito del Banco GNB Paraguay .","Todos los jueves hasta 25% de descuento + Hasta 6 cuotas sin intereses. • Del 22 de enero al 26 de noviembre del 2026. • Tope de compra mensual: Gs. 1.500.000 (guaraníes un millón quinientos mil) para tarjetas de crédito Mastercard y Visa Clásicas, Oro Platinum e Infinite . y Gs. 3.000.000 (guaraníes tres millones) para tarjetas de crédito Mastercard Black, Black Premier y Metalcard Premier el cual aplica en forma conjunta a todos los locales de los comercios adheridos. • Los reintegros serán reflejados de manera automática en el extracto del cliente, en un período de 24 a 48hs hábiles luego de la compra. • El descuento en caja no aplica en la compra de Gift Cards. • No acumulable con otras promociones.",,,https://www.beneficiosbancognb.com.py/v2/beneficios/categorias/183,https://www.beneficiosbancognb.com.py/imagenes/3063_bases-y-condiciones-adidas-meta-sports-meta-women-meta-kids-360-sneaker-store-vans-002-.pdf,
193,Armele,Días GNB,25% de descuento los jueves y viernes + Hasta 12 cuotas sin intereses todos los días.,2026-11-27,Del 22 de enero al 27 de noviembre del 2026.,2026-11-27,"25% de descuento para pagos con tarjetas de crédito afinidades Black, Black Premier y Metalcard Premier del Banco GNB Paraguay los jueves y viernes. • 20% de descuento para pagos con tarjetas de crédito afinidades Clásicas, Oro, Experience, Platinum e Infinite del Banco GNB Paraguay los jueves y viernes. • Hasta 12 cuotas sin intereses para pagos con tarjetas de crédito del Banco GNB Paraguay. • El 10% del descuento será aplicado en mostrador por el comercio al momento del pago y el porcentaje restante vía reintegro en el extracto del cliente lo cual será reflejado al cierre o podrá visualizarlo en su aplicación en los movimientos mensuales de su tarjeta.","25% de descuento los jueves y viernes + Hasta 6 cuotas sin intereses todos los días. • Del 22 de enero al 27 de noviembre del 2026. • Tope de compra mensual: Gs. 20.000.000 (guaranies veinte millones) por cuenta de tarjeta de crédito (incluye titulares y adicionales). • Para el fraccionamiento de las cuotas el cliente deberá solicitar/seleccionar la cantidad de cuotas que desea al momento del pago bajo el Plan 1 de Bancard. Las cuotas se verán reflejadas en el extracto del cliente. • Los reintegros serán reflejados de manera automática en el extracto del cliente, en un período de 24 a 48hs hábiles luego de la compra.",,,https://www.beneficiosbancognb.com.py/v2/beneficios/categorias/193,https://www.beneficiosbancognb.com.py/imagenes/3119_bases-y-condiciones-joyer%C3%ADa-armele-002-.pdf,
219,Juank Servicios y Repuestos,Días GNB,Todos los días hasta 10% de descuento y 6 cuotas sin intereses.,2026-12-31,Del 07 de enero al 31 de diciembre del 2026.,2026-12-31,10% de descuento en mano de obra para pagos realizados con las tarjetas de crédito del Banco GNB Paraguay. • Hasta 6 cuotas sin intereses para pagos realizados con las tarjetas de crédito del Banco GNB Paraguay.,Todos los días hasta 10% de descuento y 6 cuotas sin intereses. • Del 07 de enero al 31 de diciembre del 2026. • No aplicable a pagos a través del e-commerce. • El descuento será aplicado al momento del pago en caja/mostrador por el comercio. Para el fraccionamiento de las cuotas el cliente deberá solicitar/seleccionar la cantidad de cuotas que sea al momento del pago. Las cuotas se verán reflejadas en el extracto del cliente. • Para el fraccionamiento de las cuotas el cliente deberá solicitar/seleccionar la cantidad de cuotas que sea al momento del pago. Las cuotas se verán reflejadas en el extracto del cliente • ✓ Juank Servicios y Repuestos - Casa Central: Ruta 6ta Km 2.5 Encarnación 0971 905277 • ✓ Juank Servicios y Repuestos – Hohenau: Calle Eusebio Ayala c/ Tte Fariña 0961 326890,,,https://www.beneficiosbancognb.com.py/v2/beneficios/categorias/219,https://www.beneficiosbancognb.com.py/imagenes/3430_bases-y-condiciones-juank.pdf,
234,Casa Paraná,Días GNB,25% de descuento todos los sábados.,2026-11-28,Del 10 de enero al 28 de noviembre del 2026.,2026-11-28,"25% de descuento los sábados para tarjetas de crédito Mastercard Clásicas, Oro, Black, Black Premier y Metalcard Premier con un tope de compra de Gs. 1.000.000.","25% de descuento los días sábados. • Del 10 de enero al 28 de noviembre del 2026. • El descuento será aplicado vía reintegro en el extracto al cierre o podrá visualizarlo a través de la app en los movimientos mensuales de su tarjeta. • Tope de compra mensual de Gs. 1.000.000 , siendo Gs. 250.000 el tope de reintegro. • Los reintegros serán reflejados de manera automática en el extracto del cliente, en un período de 24 a 48hs hábiles luego de la compra. • No acumulable con otras promociones. • Consulte las bases y condiciones para más información acerca del beneficio.",,,https://www.beneficiosbancognb.com.py/v2/beneficios/categorias/234,https://www.beneficiosbancognb.com.py/imagenes/3648_bases-y-condiciones-casa-paran%C3%A1.pdf,
239,Chiqui Chic,Días GNB,20% off sobre la seña + Hasta 12 cuotas sin intereses todos los días.,2026-12-31,Del 05 de enero al 31 de diciembre del 2026.,2026-12-31,"20% de descuento sobre la seña Gs. 1.000.000 para pagos con tarjetas de crédito Visa y/o Mastercard de afinidades Clásica, Oro, Experience, Black, Black Premier, Metalcard Premier, Platinum e Infinite. • Hasta 12 cuotas sin intereses para pagos con tarjetas de crédito Visa y/o Mastercard de afinidades Clásica, Oro, Experience, Black, Black Premier, Metalcard Premier, Platinum e Infinite. • El 20% de descuento será aplicado al momento del pago en caja/mostrador. El fraccionamiento de las cuotas deberá ser solicitado al momento de la compra por Plan 1 de Bancard. Las cuotas se verán reflejadas en el extracto del cliente.","20% off sobre la seña + Hasta 12 cuotas sin intereses todos los días. • Del 05 de enero al 31 de diciembre del 2026. • La promoción aplica todos los días durante el periodo de promoción. • No acumulable con otras promociones. • ✓ Chiqui Chic Austria esq. Capitan Emeterio Miranda Esquivel, Asuncion. +595 981 212 570",,,https://www.beneficiosbancognb.com.py/v2/beneficios/categorias/239,https://www.beneficiosbancognb.com.py/imagenes/3683_bases-y-condiciones-chiqui-chic-002-.pdf,
248,Essen,Días GNB,Hasta 25% de descuento + 12 cuotas sin intereses todos los días.,2026-12-31,Del 01 de julio al 31 de diciembre del 2026.,2026-12-31,25% de descuento en combos promocionales con las tarjetas de crédito del Banco GNB Paraguay. • Hasta 12 cuotas sin intereses con las tarjetas de crédito del Banco GNB Paraguay.,Hasta 25% de descuento + 12 cuotas sin intereses todos los días. • Del 01 de julio al 31 de diciembre del 2026. • El de descuento será aplicado al momento del pago en caja/mostrador por el comercio. Para el fraccionamiento de las cuotas el cliente deberá solicitar/seleccionar la cantidad de cuotas que desea al momento del pago. Las cuotas se verán reflejadas en el extracto del cliente. • No acumulable con otras promociones.,,,https://www.beneficiosbancognb.com.py/v2/beneficios/categorias/248,https://www.beneficiosbancognb.com.py/imagenes/4275_bases-y-condiciones-essen-002-.pdf,
274,Librería Nova,Días GNB,20% de descuento de lunes a sábados + Hasta 6 cuotas sin intereses todos los días.,2026-11-30,Del 16 de junio al 30 de noviembre del 2026.,2026-11-30,"20% de descuento para pagos con tarjetas de crédito Mastercard afinidades Clásicas, Oro, Black, Black Premier y Metalcard Premier del Banco GNB Paraguay de lunes a sábado. • Hasta 6 cuotas sin intereses para pagos con tarjetas de crédito del Banco GNB Paraguay.","20% de descuento de lunes a sábados + Hasta 6 cuotas sin intereses todos los días. • Del 16 de junio al 30 de noviembre del 2026. • Tope de compra mensual: Gs. 600.000 (guaraníes seiscientos mil) por cuenta de tarjeta de crédito (incluye titulares y adicionales). • Vía reintegro en el extracto del cliente lo cual será reflejado al cierre o podrá visualizarlo en su app en los movimientos mensuales de su tarjeta. Para el fraccionamiento de las cuotas el cliente deberá solicitar/seleccionar la cantidad de cuotas que desea al momento del pago. Las cuotas se verán reflejadas en el extracto del cliente. • No acumulable con otras promociones. • Los reintegros serán reflejados de manera automática en el extracto del cliente, en un período de 24 a 48hs hábiles luego de la compra.",,,https://www.beneficiosbancognb.com.py/v2/beneficios/categorias/274,https://www.beneficiosbancognb.com.py/imagenes/3823_gnb-byc-nova-2026.pdf,
279,Vans,Días GNB,Todos los jueves hasta 25% off + 6 cuotas sin intereses todos los días.,2026-11-26,Del 22 de enero al 26 de noviembre del 2026.,2026-11-26,"25% de descuento para pagos con tarjetas de crédito afinidades Black, Black Premier y Metalcard Premier del Banco GNB Paraguay los días jueves . • 20% de descuento para pagos con tarjetas de crédito afinidades Clàsicas, Oro, Experience, Platinum e Infinite del Banco GNB Paraguay los días jueves . • El 5% del descuento será aplicado en mostrador por el comercio al momento del pago y el porcentaje restante vía reintegro en el extracto del cliente lo cual será reflejado al cierre o podrá visualizarlo en su app en los movimientos mensuales de su tarjeta. • Hasta 6 cuotas sin intereses para pagos con tarjetas de crédito del Banco GNB Paraguay .","Todos los jueves hasta 25% off + 6 cuotas sin intereses todos los días. • Del 22 de enero al 26 de noviembre del 2026. • Para el fraccionamiento de las cuotas el cliente deberá solicitar/seleccionar la cantidad de cuotas que desea al momento del pago. Las cuotas se verán reflejadas en el extracto del cliente. • Tope de compra mensual: Gs. 1.500.000 (guaraníes un millón quinientos mil) para tarjetas de crédito Mastercard y Visa Clásicas, Oro Platinum e Infinite . y Gs. 3.000.000 (guaraníes tres millones) para tarjetas de crédito Mastercard Black, Black Premier y Metalcard Premier . • El descuento en caja no aplica en la compra de Gift Cards. • Los reintegros serán reflejados de manera automática en el extracto del cliente, en un período de 24 a 48hs hábiles luego de la compra • No acumulable con otras promociones. • Promoción válida en locales del Shopping Mariscal y Paseo La Galería.",,,https://www.beneficiosbancognb.com.py/v2/beneficios/categorias/279,https://www.beneficiosbancognb.com.py/imagenes/3880_bases-y-condiciones-adidas-meta-sports-meta-women-meta-kids-360-sneaker-store-vans-002-.pdf,
287,La Casita Gourmet de Yudith,Días GNB,De lunes a sábados hasta 20% off.,2026-12-31,Del 01 de julio al 31 de diciembre del 2026.,2026-12-31,"20% de descuento para pagos con tarjetas de crédito Mastercard Clásicas, Oro, Black, Black Premier y Metalcard Premier del Banco GNB Paraguay.","De lunes a sábados hasta 20% off. • Del 01 de julio al 31 de diciembre del 2026. • Tope de compra mensual: Gs.500.000, el cual aplica en forma conjunta a todos los locales del comercio y delivery directo de LA CASITA GOURMET DE YUDITH. Tope de descuento por mes equivalente a un máximo de Gs.100.000. • El reembolso será vía reintegro en el extracto al cierre o podrá visualizarlo en su app en los movimientos mensuales de su tarjeta. • No aplica para pagos realizados a través de plataformas de terceros (Pedidos Ya, Monchis, entre otros) y/o e-commerce • No acumulable con otras promociones.",,,https://www.beneficiosbancognb.com.py/v2/beneficios/categorias/287,https://www.beneficiosbancognb.com.py/imagenes/3912_bases-y-condiciones-la-casita-gourmet-de-yudith-julio.pdf,
297,Drugstore Asismed,Días GNB,Hasta 32% de descuento + 10% de reintegro todos los días.,2026-12-31,Del 01 de julio al 31 de diciembre del 2026.,2026-12-31,"10% de reintegro adicional para pagos con tarjetas de crédito MASTERCARD afinidades Clásicas, Oro, Black, Black Premier y Metalcard Premier del Banco GNB Paraguay . • El 17% de descuento (en medicamentos importados) y el 32% de descuento (en medicamentos nacionales) será aplicado en mostrador por el comercio al momento del pago y el porcentaje restante (10%) vía reintegro en el extracto del cliente lo cual será reflejado al cierre o podrá visualizarlo en su app en los movimientos mensuales de su tarjeta.","Hasta 32% de descuento + 10% de reintegro todos los días. • Del 01 de julio al 31 de diciembre del 2026. • Los reintegros serán reflejados de manera automática en el extracto del cliente, en un período de 24 a 48hs hábiles luego de la compra. • Tope de compra mensual Gs 1.000.000. por cuenta de tarjeta de crédito incluye (titulares + adicionales). Aplica en forma conjunta de todos los locales del comercio y delivery directo del DRUGSTORE ASISMED. • No aplica a compras vía web. • No acumulable con otras promociones. • Consulte las bases y condiciones para información acerca de locales adheridos.",,,https://www.beneficiosbancognb.com.py/v2/beneficios/categorias/297,https://www.beneficiosbancognb.com.py/imagenes/4081_bases-y-condiciones-drugstore-asismed.pdf,
327,Petrochaco,Días GNB,20% de descuento los días martes-,2026-12-29,Del 07 de julio al 29 de diciembre del 2026.,2026-12-29,"20% de descuento para pagos con tarjetas de crédito Mastercard Clásicas, Oro, Black, Black Premier y Metalcard Premier del Banco GNB Paraguay.","20% de descuento los días martes. • Del 07 de julio al 29 de diciembre del 2026. • El descuento será aplicado vía reintegro en extracto el cual será reflejado al cierre o podrá visualizarlo en su App en los movimientos mensuales de su tarjeta. • Tope de compra semanal de Gs.500.000 (guaraníes quinientos mil) por cuenta de tarjeta de crédito Incluye titulares y adicionales) equivalente a un reintegro máximo semanal en el extracto de Gs. 100.000 (guaraníes cien mil). • Los reintegros serán reflejados de manera automática en el extracto del cliente, en un período de 24 a 48hs hábiles luego de la compra. • Beneficio aplica única y exclusivamente los días MARTES dentro del periodo de promoción. • No aplica compras realizadas a través de plataformas de terceros. • No acumulable con otras promociones.",,,https://www.beneficiosbancognb.com.py/v2/beneficios/categorias/327,https://www.beneficiosbancognb.com.py/imagenes/4193_bases-y-condiciones-petrochaco-julio.pdf,
343,Deport Center,Días GNB,Hasta 25% de descuento los días jueves y viernes + 6 cuotas sin intereses todos los días.,2026-11-28,Del 16 de enero al 28 de noviembre del 2026.,2026-11-28,"Hasta 25% de descuento (20% para pagos con TC física +5% para pagos con QR) con tarjetas de crédito Mastercard afinidades Black, Black Premier y Metalcard Premier. • Hasta 20% de descuento (15% para pagos con TC física +5% para pagos con QR) para pagos con tarjetas de crédito afinidades Clásicas, Oro, Experience, Platinum e Infinite Premier. • Hasta 6 cuotas sin intereses para pagos con tarjetas de crédito del Banco GNB Paraguay. • El 10% del descuento será aplicado en mostrador por el comercio al momento del pago y el porcentaje restante vía reintegro en el extracto del cliente lo cual será reflejado al cierre o podrá visualizarlo en su app en los movimientos mensuales de su tarjeta. Para el fraccionamiento de las cuotas el cliente deberá solicitar/seleccionar la cantidad de cuotas que desea al momento del pago. Las cuotas se verán reflejadas en el extracto del cliente.","Hasta 25% de descuento los días jueves y viernes + 6 cuotas sin intereses todos los días. • Del 16 de enero al 28 de noviembre del 2026. • Tope de compra mensual: Gs.1.000.000 (guaraníes un millón), por cuenta de tarjeta de crédito (incluye titulares y adicionales), el cual aplica en forma conjunta a todos los locales del comercio. • Los reintegros serán reflejados de manera automática en el extracto del cliente, en un período de 24 a 48hs hábiles luego de la compra. • No acumulable con otras promociones.",,,https://www.beneficiosbancognb.com.py/v2/beneficios/categorias/343,https://www.beneficiosbancognb.com.py/imagenes/4250_bases-y-condiciones-deport-center.pdf,
354,Amo Mi Casa,Cuotas sin intereses,Hasta 12 cuotas sin intereses todos los días.,2026-12-31,Del 05 de enero al 31 de diciembre del 2026.,2026-12-31,"Hasta 12 cuotas sin intereses para pagos con tarjetas de crédito Clásicas, Oro, Experience, Black, Black Premier, Metalcard Premier, Platinum e Infinite del Banco GNB Paraguay.","Hasta 12 cuotas sin intereses todos los días. • Del 05 de enero al 31 de diciembre del 2026. • Para el fraccionamiento de las cuotas el cliente deberá solicitar/seleccionar la cantidad de cuotas que desea al momento del pago. Las cuotas se verán reflejadas en el extracto del cliente. • No participan de la promoción las tarjetas de débito y crédito de afinidades Empresariales, Corporativas, Gift Card, Gourmet y Prepagas. • La promoción aplica todos los días durante el periodo de promoción. • No acumulable con otras promociones. • ✓ Amo Mi Casa • Ramon L. Cardozo esq/ San Giovanni – San Lorenzo, Paraguay.",,,https://www.beneficiosbancognb.com.py/v2/beneficios/categorias/354,https://www.beneficiosbancognb.com.py/imagenes/4280_bases-y-condiciones-amo-mi-casa.pdf,
360,Hydro Clean,Días GNB,20% de descuento y hasta 12 cuotas sin intereses todos los días.,2026-12-31,Del 06 de febrero al 31 de diciembre del 2026.,2026-12-31,20% de descuento para pagos con las tarjetas de crédito del Banco GNB Paraguay. • Hasta 12 cuotas sin intereses para pagos con las tarjetas de crédito del Banco GNB Paraguay.,20% de descuento y hasta 12 cuotas sin intereses todos los días. • Del 06 de febrero al 31 de diciembre del 2026. • El descuento será aplicado al momento del pago en caja/mostrador por el comercio. Para el fraccionamiento de las cuotas el cliente deberá solicitar/seleccionar la cantidad de cuotas que desea al momento del pago. Las cuotas se verán reflejadas en el extracto del cliente. • No acumulable con otras promociones.,,,https://www.beneficiosbancognb.com.py/v2/beneficios/categorias/360,https://www.beneficiosbancognb.com.py/imagenes/4195_bases-y-condiciones-hydro-clean.pdf,
361,Decanter Vinos Boutique,Días GNB,Hasta 15% de descuento en productos seleccionados + Hasta 6 cuotas sin intereses.,2026-12-31,Del 19 de marzo al 31 de diciembre del 2026.,2026-12-31,"Hasta 15% de descuento en productos seleccionados para pagos con tarjetas de crédito del Banco GNB Paraguay. • Hasta 6 cuotas sin intereses para las tarjetas de crédito Clásicas, Oro, Experience, Black, Black Premier, Metalcard Premier, Infinite y Platinum.","Hasta 15% de descuento en productos seleccionados + Hasta 6 cuotas sin intereses. • Del 19 de marzo al 31 de diciembre del 2026. • El descuento será aplicado en caja al momento del pago y aplica a productos seleccionados por el comercio. • Para el fraccionamiento de las cuotas el cliente deberá solicitar/seleccionar la cantidad de cuotas que desea al momento del pago. Las cuotas se verán reflejadas en el extracto del cliente. • No participan las tarjetas de crédito y débito; Visa y afinidades Empresariales, Corporativas, Gift Card, Gourmet Card, Prepagas. • La promoción aplica todos los días durante el periodo de promoción. • No acumulable con otras promociones.",,,https://www.beneficiosbancognb.com.py/v2/beneficios/categorias/361,https://www.beneficiosbancognb.com.py/imagenes/4302_bases-y-condiciones-decanter-vinos-boutique.pdf,
377,Supermercado Jullito,Días GNB,20% de descuento todos los lunes.,2026-11-28,Del 06 de julio al 28 de diciembre del 2026.,2026-11-28,20% de descuento para las tarjetas de crédito Mastercard del Banco GNB Paraguay.,"20% de descuento todos los lunes. • Del 06 de julio al 28 de diciembre del 2026. • El descuento será aplicado vía reintegro en el extracto al cierre o podrá visualizarlo a través de la app en los movimientos mensuales de su tarjeta. • Tope de compra mensual: Gs. 1.000.000 (guaraníes un millón) por cuenta de tarjeta de crédito (incluye titulares y adicionales). • Promoción válida únicamente los lunes dentro del periodo de la promoción. • No aplica compras realizadas a través de plataformas de terceros. • No acumulable con otras promociones. • ✓ Supermercado Jullito Avenida Gaspar Rodríguez de Francia, esquina Cerro Corá – Obligado, Paraguay",,,https://www.beneficiosbancognb.com.py/v2/beneficios/categorias/377,https://www.beneficiosbancognb.com.py/imagenes/4366_bases-y-condiciones-supermercado-jullito-julio.pdf,
392,Supermercado Súper 2,Días GNB,Hasta 20% de reintegro todos los jueves.,2026-12-31,Del 16 de abril al 31 de diciembre del 2026.,2026-12-31,"20% de reintegro para pagos con tarjetas de crédito Mastercard Black, Black Premier y Metalcard Premier del Banco GNB Paraguay. • 15% de reintegro para pagos con tarjetas de crédito Mastercard Clásicas y Oro del Banco GNB Paraguay.",Hasta 20% de reintegro todos los jueves. • Del 16 de abril al 31 de diciembre del 2026. • El reembolso será vía reintegro en el extracto al cierre o podrá visualizarlo en su app en los movimientos mensuales de su tarjeta. • Tope de compra mensual: Gs. 1.000.000 (guaraníes un millón) por cuenta de tarjeta de crédito Incluye titulares y adicionales. • No aplica para pagos realizados a través de plataformas de terceros y/o e-commerce. • No acumulable con otras promociones. • Cerro Corá c/ Hernandarias - Villarrica,,,https://www.beneficiosbancognb.com.py/v2/beneficios/categorias/392,https://www.beneficiosbancognb.com.py/imagenes/4416_bases-y-condiciones-supermercado-s%C3%BAper-2-002-.pdf,
395,Arte Actual,Días GNB,10% de descuento + hasta 12 cuotas sin intereses todos los días.,2026-12-31,Del 05 de enero al 31 de diciembre del 2026.,2026-12-31,"10% de descuento para pagos con tarjetas de crédito afinidad Oro, Experience. Black, Black Premier, Metalcard Premier, Platinum, Infinite del Banco GNB Paraguay. • Hasta 12 cuotas sin intereses para tarjetas de afinidad Oro, Experience. Black, Black Premier, Metalcard Premier, Platinum, Infinite del Banco GNB Paraguay.","10% de descuento + hasta 12 cuotas sin intereses todos los días. • Del 05 de enero al 31 de diciembre del 2026. • El descuento será aplicado aplicado por el comercio al momento del pago en caja/mostrador. • Para el fraccionamiento de las cuotas el cliente deberá solicitar/seleccionar la cantidad de cuotas que desea bajo el Plan 1 de Bancard al momento del pago. Las cuotas se verán reflejadas en el extracto del cliente. • No participan de la promoción las tarjetas de débito y crédito de afinidades Clásicas, Empresariales, Corporativas, Gift Card, Gourmet y Prepagas. • No acumulable con otras promociones.",,,https://www.beneficiosbancognb.com.py/v2/beneficios/categorias/395,https://www.beneficiosbancognb.com.py/imagenes/4426_bases-y-condiciones-arte-actual.pdf,
404,Cindy Zayas - Fotografía Familiar,Cuotas sin intereses,Hasta 6 cuotas sin intereses todos los días.,2026-12-31,Del 05 de enero al 31 de diciembre del 2026.,2026-12-31,"Hasta 6 cuotas sin intereses para las tarjetas de crédito Clásicas, Oro, Experience, Black, Black Premier, Metalcard Premier, Infinite y Platinum.",Hasta 6 cuotas sin intereses todos los días. • Del 05 de enero al 31 de diciembre del 2026. • Para el fraccionamiento de las cuotas el cliente deberá solicitar/seleccionar la cantidad de cuotas que desea bajo el Plan 1 de Bancard al momento del pago. Las cuotas se verán reflejadas en el extracto del cliente. • La promoción aplica todos los días durante el periodo de promoción. • No acumulable con otras promociones.,,,https://www.beneficiosbancognb.com.py/v2/beneficios/categorias/404,https://www.beneficiosbancognb.com.py/imagenes/4469_bases-y-condiciones-cindy-zayas.pdf,
423,Adidas,Días GNB,Todos los jueves hasta 25% de descuento + Hasta 6 cuotas sin intereses.,2026-11-26,Del 22 de enero al 26 de noviembre del 2026.,2026-11-26,"25% de descuento para pagos con tarjetas de crédito afinidades Black, Black Premier y Metalcard Premier del Banco GNB Paraguay los días jueves . • 20% de descuento para pagos con tarjetas de crédito afinidades Clàsicas, Oro, Experience, Platinum e Infinite del Banco GNB Paraguay los días jueves . • Hasta 6 cuotas sin intereses para pagos con tarjetas de crédito del Banco GNB Paraguay .","Todos los jueves hasta 25% de descuento + Hasta 6 cuotas sin intereses. • Del 22 de enero al 26 de noviembre del 2026. • Tope de compra mensual: Gs. 1.500.000 (guaraníes un millón quinientos mil) para tarjetas de crédito Mastercard y Visa Clásicas, Oro Platinum e Infinite . y Gs. 3.000.000 (guaraníes tres millones) para tarjetas de crédito Mastercard Black, Black Premier y Metalcard Premier el cual aplica en forma conjunta a todos los locales de los comercios adheridos. • Los reintegros serán reflejados de manera automática en el extracto del cliente, en un período de 24 a 48hs hábiles luego de la compra. • El descuento en caja no aplica en la compra de Gift Cards. • No acumulable con otras promociones.",,,https://www.beneficiosbancognb.com.py/v2/beneficios/categorias/423,https://www.beneficiosbancognb.com.py/imagenes/4542_bases-y-condiciones-adidas-meta-sports-meta-women-meta-kids-360-sneaker-store-vans-002-.pdf,
430,Librería Kawaii – Colegio Cristo Rey,Días GNB,20% de descuento de lunes a viernes.,2026-12-31,Del 28 de julio al 31 de diciembre del 2026.,2026-12-31,20% de descuento para pagos con tarjetas de crédito y prepagas Mastercard del Banco GNB Paraguay.,"20% de descuento de lunes a viernes. • Del 28 de julio al 31 de diciembre del 2026. • Tope de compra mensual: Gs.250.000 (guaraníes doscientos cincuenta mil) por cuenta de tarjeta de crédito (incluye titulares y adicionales). • No participan de la promoción las tarjetas de débito y crédito Visa, de afinidades Empresariales, Corporativas, Gift Card, Gourmet. • No acumulable con otras promociones. • El reembolso será vía reintegro en el extracto al cierre o podrá visualizarlo en su app en los movimientos mensuales de su tarjeta.",,,https://www.beneficiosbancognb.com.py/v2/beneficios/categorias/430,https://www.beneficiosbancognb.com.py/imagenes/4578_bases-y-condiciones-librer%C3%ADa-kawaii-colegio-cristo-rey.pdf,
431,Asado Benitez,Días GNB,20% de reintegro todos los días.,2026-12-31,Del 01 de agosto al 31 de diciembre del 2026.,2026-12-31,"20% de reintegro para pagos con tarjetas de crédito Mastercard Clásicas, Oro, Black, Black Premier y Metalcard Premier del Banco GNB Paraguay.",20% de reintegro todos los días. • Del 01 de agosto al 31 de diciembre del 2026. • El reembolso será vía reintegro en el extracto al cierre o podrá visualizarlo en su app en los movimientos mensuales de su tarjeta. • Tope de compra mensual: Gs. 2.000.000 (guaraníes dos millones) por cuenta de tarjeta de crédito Incluye titulares y adicionales. • Beneficio aplica única y exclusivamente en pagos para el servicio de catering. • No aplica para pagos realizados a través de plataformas de terceros y/o e-commerce. • No acumulable con otras promociones. • ✓ Asado Benítez - +595 986 172 500,,,https://www.beneficiosbancognb.com.py/v2/beneficios/categorias/431,https://www.beneficiosbancognb.com.py/imagenes/4583_bases-y-condiciones-asado-benitez-002-.pdf,
432,Avenida Autocentro,Días GNB,30% de descuento + Hasta 12 cuotas sin intereses todos los días.,2026-12-31,Del 03 de julio al 31 de diciembre del 2026.,2026-12-31,"30% de descuento para pagos con tarjetas de crédito Mastercard Clásicas, Oro, Black, Black Premier y Metalcard Premier del Banco GNB Paraguay. • Hasta 12 cuotas sin intereses para tarjetas de crédito Mastercard Clásicas, Oro, Black, Black Premier y Metalcard Premier del Banco GNB Paraguay.","30% de descuento + Hasta 12 cuotas sin intereses todos los días. • Del 03 de julio al 31 de diciembre del 2026. • Tope de compra mensual: Gs. 3.000.000 (guaraníes tres millones) por cuenta de tarjeta de crédito Incluye titulares y adicionales. • No aplica para pagos realizados a través de plataformas de terceros y/o e-commerce. • Descuento aplica única y exclusivamente para compras de cubiertas y otros productos, no así para servicios (alineación, balanceo, etc). • No acumulable con otras promociones.",,,https://www.beneficiosbancognb.com.py/v2/beneficios/categorias/432,https://www.beneficiosbancognb.com.py/imagenes/4585_bases-y-condiciones-avenida-autocentro-004-.pdf,
433,CDC Calzados,Días GNB,20% de descuento los sábados.,2026-11-28,Del 04 de julio al 28 de noviembre del 2026.,2026-11-28,"20% de descuento para pagos con tarjetas de crédito Mastercard Clásicas, Oro, Black, Black Premier y Metalcard Premier del Banco GNB Paraguay. • El 10% de descuento será aplicado por el comercio en caja/mostrador al momento del pago y el 10% restante será vía reintegro en el extracto al cierre o podrá visualizarlo en su app en los movimientos mensuales de su tarjeta.",20% de descuento los sábados. • Del 04 de julio al 28 de noviembre del 2026. • Tope de compra mensual: Gs. 800.000 (guaraníes ochocientos mil) por cuenta de tarjeta de crédito Incluye titulares y adicionales. • No aplica para pagos realizados a través de plataformas de terceros y/o e-commerce. • No acumulable con otras promociones.,,,https://www.beneficiosbancognb.com.py/v2/beneficios/categorias/433,https://www.beneficiosbancognb.com.py/imagenes/4587_bases-y-condiciones-cdc-calzados-002-.pdf,
449,Cecconello,Días GNB,20% de descuento + Hasta 6 cuotas sin intereses los días sábados.,2026-11-28,Del 11 de julio al 28 de noviembre del 2026.,2026-11-28,"20% de descuento para pagos con tarjetas de crédito Mastercard Clásicas, Oro, Black, Black Premier y Metalcard Premier del Banco GNB Paraguay. • Hasta 6 cuotas sin intereses para pagos con tarjetas de crédito del Banco GNB Paraguay.","20% de descuento + Hasta 6 cuotas sin intereses los días sábados. • Del 11 de julio al 28 de noviembre del 2026. • Tope de compra mensual: Gs. 1.500.000 (guaraníes un millón quinientos mil) por cuenta de tarjeta de crédito Incluye titulares y adicionales, (aplica en forma conjunta a los dos comercios adheridos). • No participan de la promoción las tarjetas de débito y crédito; Visa, de afinidades Empresariales, Corporativas, Gift Card, Gourmet y Prepagas. • No aplica para pagos realizados a través de plataformas de terceros y/o e-commerce. • No acumulable con otras promociones.",,,https://www.beneficiosbancognb.com.py/v2/beneficios/categorias/449,https://www.beneficiosbancognb.com.py/imagenes/5246_bases-y-condiciones-cecconello-di-valentini.pdf,
451,Subway,Días GNB,Hasta 25% de reintegro de lunes a viernes.,2026-12-31,Del 01 de julio al 31 de diciembre del 2026.,2026-12-31,"25% de reintegro para tarjetas de crédito afinidades MasterCard Black, Black Premier y Metalcard Premier; Visa Platinum e Infinite del Banco GNB Paraguay. • 20% de reintegro para tarjetas de crédito afinidades Mastercard Clásicas y Oro; Visa Clásicas, Oro y Experience del Banco GNB Paraguay. • 10% de reintegro para pagos con tarjetas prepagas del Banco GNB Paraguay.","Hasta 25% de reintegro de lunes a viernes. • Del 01 de julio al 31 de diciembre del 2026. • Tope de compra mensual: Gs. 600.000 (guaranies seiscientos mil) por cuenta de tarjeta de crédito (incluye titulares y adicionales). • El reembolso será vía reintegro en el extracto al cierre o podrá visualizarlo en su app en los movimientos mensuales de su tarjeta. • Aplica única y exclusivamente para compras realizadas en locales, carry out, e-commerce y delivery directo de Subway. No aplica para compras realizadas a través de plataformas de terceros. • No acumulable con otras promociones.",,,https://www.beneficiosbancognb.com.py/v2/beneficios/categorias/451,https://www.beneficiosbancognb.com.py/imagenes/4642_bases-y-condiciones-subway-julio.pdf,
460,Alpa Muebles,Días GNB,Hasta 12 cuotas sin intereses todos los días.,2026-12-31,Del 06 de febrero al 31 de diciembre del 2026.,2026-12-31,"Hasta 12 cuotas sin intereses para tarjetas de afinidad Oro, Experience, Black, Black Premier y Metalcard Premier, Platinum, Infinite del Banco GNB Paraguay.","Hasta 12 cuotas sin intereses todos los días. • Del 06 de febrero al 31 de diciembre del 2026. • Para el fraccionamiento de las cuotas el cliente deberá solicitar/seleccionar la cantidad de cuotas que desea al momento del pago. • No participan de la promoción las tarjetas de débito y crédito; Clásicas, de afinidades Empresariales, Corporativas, Gift Card, Gourmet y Prepagas. • No acumulable con otras promociones.",,,https://www.beneficiosbancognb.com.py/v2/beneficios/categorias/460,https://www.beneficiosbancognb.com.py/imagenes/4677_bases-y-condiciones-alpa-muebles-002-.pdf,
573,Aero,Días GNB,Hasta 25% off todos los jueves y viernes + 6 cuotas sin intereses en tiendas del Grupo Kemsa.,2026-11-27,Del 22 de enero al 27 de noviembre del 2026.,2026-11-27,"25% de descuento para pagos con tarjetas de crédito afinidades Black, Black Premier y Metalcard Premier del Banco GNB Paraguay los días jueves y viernes. • 20% de descuento para pagos con tarjetas de crédito afinidades Clásicas, Oro, Experience, Platinum e Infinite del Banco GNB Paraguay los días jueves y viernes. • Hasta 6 cuotas sin intereses para pagos con tarjetas de crédito del Banco GNB Paraguay todos los días. • El 15% del descuento será aplicado en mostrador por el comercio al momento del pago y el porcentaje restante vía reintegro en el extracto del cliente lo cual será reflejado al cierre o podrá visualizarlo en su app en los movimientos mensuales de su tarjeta. Para el fraccionamiento de las cuotas el cliente deberá solicitar/seleccionar la cantidad de cuotas que desea al momento del pago. Las cuotas se verán reflejadas en el extracto del cliente.","Hasta 25% off todos los jueves y viernes + 6 cuotas sin intereses en tiendas del Grupo Kemsa. • Del 22 de enero al 27 de noviembre del 2026. • Tope de compra mensual: Gs. 1.500.000 (guaraníes un millón quinientos mil) para tarjetas de crédito Mastercard y Visa Clásicas, Oro Platinum e Infinite. y Gs. 3.000.000 (guaraníes tres millones) para tarjetas de crédito Mastercard Black, Black Premier y Metalcard Premier. • El descuento en caja no aplica en la compra de Gift Cards. • No acumulable con otras promociones.",,,https://www.beneficiosbancognb.com.py/v2/beneficios/categorias/573,https://www.beneficiosbancognb.com.py/imagenes/3638_bases-y-condiciones-kemsa.pdf,
574,American Look,Días GNB,Hasta 25% off todos los jueves y viernes + 6 cuotas sin intereses en tiendas del Grupo Kemsa.,2026-11-27,Del 22 de enero al 27 de noviembre del 2026.,2026-11-27,"25% de descuento para pagos con tarjetas de crédito afinidades Black, Black Premier y Metalcard Premier del Banco GNB Paraguay los días jueves y viernes. • 20% de descuento para pagos con tarjetas de crédito afinidades Clásicas, Oro, Experience, Platinum e Infinite del Banco GNB Paraguay los días jueves y viernes. • Hasta 6 cuotas sin intereses para pagos con tarjetas de crédito del Banco GNB Paraguay todos los días. • El 15% del descuento será aplicado en mostrador por el comercio al momento del pago y el porcentaje restante vía reintegro en el extracto del cliente lo cual será reflejado al cierre o podrá visualizarlo en su app en los movimientos mensuales de su tarjeta. Para el fraccionamiento de las cuotas el cliente deberá solicitar/seleccionar la cantidad de cuotas que desea al momento del pago. Las cuotas se verán reflejadas en el extracto del cliente.","Hasta 25% off todos los jueves y viernes + 6 cuotas sin intereses en tiendas del Grupo Kemsa. • Del 22 de enero al 27 de noviembre del 2026. • Tope de compra mensual: Gs. 1.500.000 (guaraníes un millón quinientos mil) para tarjetas de crédito Mastercard y Visa Clásicas, Oro Platinum e Infinite. y Gs. 3.000.000 (guaraníes tres millones) para tarjetas de crédito Mastercard Black, Black Premier y Metalcard Premier. • El descuento en caja no aplica en la compra de Gift Cards. • No acumulable con otras promociones.",,,https://www.beneficiosbancognb.com.py/v2/beneficios/categorias/574,https://www.beneficiosbancognb.com.py/imagenes/3638_bases-y-condiciones-kemsa.pdf,
575,Brooksfield,Días GNB,Hasta 25% off todos los jueves y viernes + 6 cuotas sin intereses en tiendas del Grupo Kemsa.,2026-11-27,Del 22 de enero al 27 de noviembre del 2026.,2026-11-27,"25% de descuento para pagos con tarjetas de crédito afinidades Black, Black Premier y Metalcard Premier del Banco GNB Paraguay los días jueves y viernes. • 20% de descuento para pagos con tarjetas de crédito afinidades Clásicas, Oro, Experience, Platinum e Infinite del Banco GNB Paraguay los días jueves y viernes. • Hasta 6 cuotas sin intereses para pagos con tarjetas de crédito del Banco GNB Paraguay todos los días. • El 15% del descuento será aplicado en mostrador por el comercio al momento del pago y el porcentaje restante vía reintegro en el extracto del cliente lo cual será reflejado al cierre o podrá visualizarlo en su app en los movimientos mensuales de su tarjeta. Para el fraccionamiento de las cuotas el cliente deberá solicitar/seleccionar la cantidad de cuotas que desea al momento del pago. Las cuotas se verán reflejadas en el extracto del cliente.","Hasta 25% off todos los jueves y viernes + 6 cuotas sin intereses en tiendas del Grupo Kemsa. • Del 22 de enero al 27 de noviembre del 2026. • Tope de compra mensual: Gs. 1.500.000 (guaraníes un millón quinientos mil) para tarjetas de crédito Mastercard y Visa Clásicas, Oro Platinum e Infinite. y Gs. 3.000.000 (guaraníes tres millones) para tarjetas de crédito Mastercard Black, Black Premier y Metalcard Premier. • El descuento en caja no aplica en la compra de Gift Cards. • No acumulable con otras promociones.",,,https://www.beneficiosbancognb.com.py/v2/beneficios/categorias/575,https://www.beneficiosbancognb.com.py/imagenes/3638_bases-y-condiciones-kemsa.pdf,
576,Kappa,Días GNB,Hasta 25% off todos los jueves y viernes + 6 cuotas sin intereses en tiendas del Grupo Kemsa.,2026-11-27,Del 22 de enero al 27 de noviembre del 2026.,2026-11-27,"25% de descuento para pagos con tarjetas de crédito afinidades Black, Black Premier y Metalcard Premier del Banco GNB Paraguay los días jueves y viernes. • 20% de descuento para pagos con tarjetas de crédito afinidades Clásicas, Oro, Experience, Platinum e Infinite del Banco GNB Paraguay los días jueves y viernes. • Hasta 6 cuotas sin intereses para pagos con tarjetas de crédito del Banco GNB Paraguay todos los días. • El 15% del descuento será aplicado en mostrador por el comercio al momento del pago y el porcentaje restante vía reintegro en el extracto del cliente lo cual será reflejado al cierre o podrá visualizarlo en su app en los movimientos mensuales de su tarjeta. Para el fraccionamiento de las cuotas el cliente deberá solicitar/seleccionar la cantidad de cuotas que desea al momento del pago. Las cuotas se verán reflejadas en el extracto del cliente.","Hasta 25% off todos los jueves y viernes + 6 cuotas sin intereses en tiendas del Grupo Kemsa. • Del 22 de enero al 27 de noviembre del 2026. • Tope de compra mensual: Gs. 1.500.000 (guaraníes un millón quinientos mil) para tarjetas de crédito Mastercard y Visa Clásicas, Oro Platinum e Infinite. y Gs. 3.000.000 (guaraníes tres millones) para tarjetas de crédito Mastercard Black, Black Premier y Metalcard Premier. • El descuento en caja no aplica en la compra de Gift Cards. • No acumulable con otras promociones.",,,https://www.beneficiosbancognb.com.py/v2/beneficios/categorias/576,https://www.beneficiosbancognb.com.py/imagenes/3638_bases-y-condiciones-kemsa.pdf,
577,Kenneth Cole,Días GNB,Hasta 25% off todos los jueves y viernes + 6 cuotas sin intereses en tiendas del Grupo Kemsa.,2026-11-27,Del 22 de enero al 27 de noviembre del 2026.,2026-11-27,"25% de descuento para pagos con tarjetas de crédito afinidades Black, Black Premier y Metalcard Premier del Banco GNB Paraguay los días jueves y viernes. • 20% de descuento para pagos con tarjetas de crédito afinidades Clásicas, Oro, Experience, Platinum e Infinite del Banco GNB Paraguay los días jueves y viernes. • Hasta 6 cuotas sin intereses para pagos con tarjetas de crédito del Banco GNB Paraguay todos los días. • El 15% del descuento será aplicado en mostrador por el comercio al momento del pago y el porcentaje restante vía reintegro en el extracto del cliente lo cual será reflejado al cierre o podrá visualizarlo en su app en los movimientos mensuales de su tarjeta. Para el fraccionamiento de las cuotas el cliente deberá solicitar/seleccionar la cantidad de cuotas que desea al momento del pago. Las cuotas se verán reflejadas en el extracto del cliente.","Hasta 25% off todos los jueves y viernes + 6 cuotas sin intereses en tiendas del Grupo Kemsa. • Del 22 de enero al 27 de noviembre del 2026. • Tope de compra mensual: Gs. 1.500.000 (guaraníes un millón quinientos mil) para tarjetas de crédito Mastercard y Visa Clásicas, Oro Platinum e Infinite. y Gs. 3.000.000 (guaraníes tres millones) para tarjetas de crédito Mastercard Black, Black Premier y Metalcard Premier. • El descuento en caja no aplica en la compra de Gift Cards. • No acumulable con otras promociones.",,,https://www.beneficiosbancognb.com.py/v2/beneficios/categorias/577,https://www.beneficiosbancognb.com.py/imagenes/3638_bases-y-condiciones-kemsa.pdf,
578,Lotto,Días GNB,Hasta 25% off todos los jueves y viernes + 6 cuotas sin intereses en tiendas del Grupo Kemsa.,2026-11-27,Del 22 de enero al 27 de noviembre del 2026.,2026-11-27,"25% de descuento para pagos con tarjetas de crédito afinidades Black, Black Premier y Metalcard Premier del Banco GNB Paraguay los días jueves y viernes. • 20% de descuento para pagos con tarjetas de crédito afinidades Clásicas, Oro, Experience, Platinum e Infinite del Banco GNB Paraguay los días jueves y viernes. • Hasta 6 cuotas sin intereses para pagos con tarjetas de crédito del Banco GNB Paraguay todos los días. • El 15% del descuento será aplicado en mostrador por el comercio al momento del pago y el porcentaje restante vía reintegro en el extracto del cliente lo cual será reflejado al cierre o podrá visualizarlo en su app en los movimientos mensuales de su tarjeta. Para el fraccionamiento de las cuotas el cliente deberá solicitar/seleccionar la cantidad de cuotas que desea al momento del pago. Las cuotas se verán reflejadas en el extracto del cliente.","Hasta 25% off todos los jueves y viernes + 6 cuotas sin intereses en tiendas del Grupo Kemsa. • Del 22 de enero al 27 de noviembre del 2026. • Tope de compra mensual: Gs. 1.500.000 (guaraníes un millón quinientos mil) para tarjetas de crédito Mastercard y Visa Clásicas, Oro Platinum e Infinite. y Gs. 3.000.000 (guaraníes tres millones) para tarjetas de crédito Mastercard Black, Black Premier y Metalcard Premier. • El descuento en caja no aplica en la compra de Gift Cards. • No acumulable con otras promociones.",,,https://www.beneficiosbancognb.com.py/v2/beneficios/categorias/578,https://www.beneficiosbancognb.com.py/imagenes/3638_bases-y-condiciones-kemsa.pdf,
579,Puma,Días GNB,Hasta 25% off todos los jueves y viernes + 6 cuotas sin intereses en tiendas del Grupo Kemsa.,2026-11-27,Del 22 de enero al 27 de noviembre del 2026.,2026-11-27,"25% de descuento para pagos con tarjetas de crédito afinidades Black, Black Premier y Metalcard Premier del Banco GNB Paraguay los días jueves y viernes. • 20% de descuento para pagos con tarjetas de crédito afinidades Clásicas, Oro, Experience, Platinum e Infinite del Banco GNB Paraguay los días jueves y viernes. • Hasta 6 cuotas sin intereses para pagos con tarjetas de crédito del Banco GNB Paraguay todos los días. • El 15% del descuento será aplicado en mostrador por el comercio al momento del pago y el porcentaje restante vía reintegro en el extracto del cliente lo cual será reflejado al cierre o podrá visualizarlo en su app en los movimientos mensuales de su tarjeta. Para el fraccionamiento de las cuotas el cliente deberá solicitar/seleccionar la cantidad de cuotas que desea al momento del pago. Las cuotas se verán reflejadas en el extracto del cliente.","Hasta 25% off todos los jueves y viernes + 6 cuotas sin intereses en tiendas del Grupo Kemsa. • Del 22 de enero al 27 de noviembre del 2026. • Tope de compra mensual: Gs. 1.500.000 (guaraníes un millón quinientos mil) para tarjetas de crédito Mastercard y Visa Clásicas, Oro Platinum e Infinite. y Gs. 3.000.000 (guaraníes tres millones) para tarjetas de crédito Mastercard Black, Black Premier y Metalcard Premier. • El descuento en caja no aplica en la compra de Gift Cards. • No acumulable con otras promociones.",,,https://www.beneficiosbancognb.com.py/v2/beneficios/categorias/579,https://www.beneficiosbancognb.com.py/imagenes/3638_bases-y-condiciones-kemsa.pdf,
581,Skechers,Días GNB,Hasta 25% off todos los jueves y viernes + 6 cuotas sin intereses en tiendas del Grupo Kemsa.,2026-11-27,Del 22 de enero al 27 de noviembre del 2026.,2026-11-27,"25% de descuento para pagos con tarjetas de crédito afinidades Black, Black Premier y Metalcard Premier del Banco GNB Paraguay los días jueves y viernes. • 20% de descuento para pagos con tarjetas de crédito afinidades Clásicas, Oro, Experience, Platinum e Infinite del Banco GNB Paraguay los días jueves y viernes. • Hasta 6 cuotas sin intereses para pagos con tarjetas de crédito del Banco GNB Paraguay todos los días. • El 15% del descuento será aplicado en mostrador por el comercio al momento del pago y el porcentaje restante vía reintegro en el extracto del cliente lo cual será reflejado al cierre o podrá visualizarlo en su app en los movimientos mensuales de su tarjeta. Para el fraccionamiento de las cuotas el cliente deberá solicitar/seleccionar la cantidad de cuotas que desea al momento del pago. Las cuotas se verán reflejadas en el extracto del cliente.","Hasta 25% off todos los jueves y viernes + 6 cuotas sin intereses en tiendas del Grupo Kemsa. • Del 22 de enero al 27 de noviembre del 2026. • Tope de compra mensual: Gs. 1.500.000 (guaraníes un millón quinientos mil) para tarjetas de crédito Mastercard y Visa Clásicas, Oro Platinum e Infinite. y Gs. 3.000.000 (guaraníes tres millones) para tarjetas de crédito Mastercard Black, Black Premier y Metalcard Premier. • El descuento en caja no aplica en la compra de Gift Cards. • No acumulable con otras promociones.",,,https://www.beneficiosbancognb.com.py/v2/beneficios/categorias/581,https://www.beneficiosbancognb.com.py/imagenes/3638_bases-y-condiciones-kemsa.pdf,
582,Sport House,Días GNB,Hasta 25% off todos los jueves y viernes + 6 cuotas sin intereses en tiendas del Grupo Kemsa.,2026-11-27,Del 22 de enero al 27 de noviembre del 2026.,2026-11-27,"25% de descuento para pagos con tarjetas de crédito afinidades Black, Black Premier y Metalcard Premier del Banco GNB Paraguay los días jueves y viernes. • 20% de descuento para pagos con tarjetas de crédito afinidades Clásicas, Oro, Experience, Platinum e Infinite del Banco GNB Paraguay los días jueves y viernes. • Hasta 6 cuotas sin intereses para pagos con tarjetas de crédito del Banco GNB Paraguay todos los días. • El 15% del descuento será aplicado en mostrador por el comercio al momento del pago y el porcentaje restante vía reintegro en el extracto del cliente lo cual será reflejado al cierre o podrá visualizarlo en su app en los movimientos mensuales de su tarjeta. Para el fraccionamiento de las cuotas el cliente deberá solicitar/seleccionar la cantidad de cuotas que desea al momento del pago. Las cuotas se verán reflejadas en el extracto del cliente.","Hasta 25% off todos los jueves y viernes + 6 cuotas sin intereses en tiendas del Grupo Kemsa. • Del 22 de enero al 27 de noviembre del 2026. • Tope de compra mensual: Gs. 1.500.000 (guaraníes un millón quinientos mil) para tarjetas de crédito Mastercard y Visa Clásicas, Oro Platinum e Infinite. y Gs. 3.000.000 (guaraníes tres millones) para tarjetas de crédito Mastercard Black, Black Premier y Metalcard Premier. • El descuento en caja no aplica en la compra de Gift Cards. • No acumulable con otras promociones.",,,https://www.beneficiosbancognb.com.py/v2/beneficios/categorias/582,https://www.beneficiosbancognb.com.py/imagenes/3638_bases-y-condiciones-kemsa.pdf,
583,Eneache,Días GNB,Hasta 25% de descuento + Hasta 6 cuotas sin intereses.,2026-11-26,Del 03 de septiembre al 26 de noviembre del 2026.,2026-11-26,"25% de descuento para pagos con tarjetas de crédito afinidades Black, Black Premier y Metalcard Premier del Banco GNB Paraguay. • 20% de descuento para pagos con tarjetas de crédito afinidades Clásicas, Oro, Experience, Platinum e Infinite del Banco GNB Paraguay. • Hasta 6 cuotas sin intereses todos los días para pagos con tarjetas de crédito del Banco GNB Paraguay.","Hasta 25% de descuento + Hasta 6 cuotas sin intereses. • Del 03 de septiembre al 26 de noviembre del 2026. • Tope de compra mensual: Gs. 2.000.000 (guaraníes dos millones) por cuenta de tarjeta de crédito (incluye titulares y adicionales), el cual aplica en forma conjunta a todos los locales de los comercios adheridos. • Los reintegros serán reflejados de manera automática en el extracto del cliente, en un período de 24 a 48hs hábiles luego de la compra. • El beneficio de descuento aplica únicamente el primer y último jueves de cada mes durante el periodo de promoción. • El beneficio de cuotas sin intereses aplica todos los días durante el periodo de promoción.",,,https://www.beneficiosbancognb.com.py/v2/beneficios/categorias/583,https://www.beneficiosbancognb.com.py/imagenes/4835_bases-y-condiciones-eneache-rondina-rdn-estilo-sur.pdf,
584,Rondina,Días GNB,Hasta 25% de descuento + Hasta 6 cuotas sin intereses.,2026-11-26,Del 03 de septiembre al 26 de noviembre del 2026.,2026-11-26,"25% de descuento para pagos con tarjetas de crédito afinidades Black, Black Premier y Metalcard Premier del Banco GNB Paraguay. • 20% de descuento para pagos con tarjetas de crédito afinidades Clásicas, Oro, Experience, Platinum e Infinite del Banco GNB Paraguay. • Hasta 6 cuotas sin intereses todos los días para pagos con tarjetas de crédito del Banco GNB Paraguay.","Hasta 25% de descuento + Hasta 6 cuotas sin intereses. • Del 03 de septiembre al 26 de noviembre del 2026. • Tope de compra mensual: Gs. 2.000.000 (guaraníes dos millones) por cuenta de tarjeta de crédito (incluye titulares y adicionales), el cual aplica en forma conjunta a todos los locales de los comercios adheridos. • Los reintegros serán reflejados de manera automática en el extracto del cliente, en un período de 24 a 48hs hábiles luego de la compra. • El beneficio de descuento aplica únicamente el primer y último jueves de cada mes durante el periodo de promoción. • El beneficio de cuotas sin intereses aplica todos los días durante el periodo de promoción.",,,https://www.beneficiosbancognb.com.py/v2/beneficios/categorias/584,https://www.beneficiosbancognb.com.py/imagenes/4835_bases-y-condiciones-eneache-rondina-rdn-estilo-sur.pdf,
585,RND,Días GNB,Hasta 25% de descuento + Hasta 6 cuotas sin intereses.,2026-11-26,Del 03 de septiembre al 26 de noviembre del 2026.,2026-11-26,"25% de descuento para pagos con tarjetas de crédito afinidades Black, Black Premier y Metalcard Premier del Banco GNB Paraguay. • 20% de descuento para pagos con tarjetas de crédito afinidades Clásicas, Oro, Experience, Platinum e Infinite del Banco GNB Paraguay. • Hasta 6 cuotas sin intereses todos los días para pagos con tarjetas de crédito del Banco GNB Paraguay.","Hasta 25% de descuento + Hasta 6 cuotas sin intereses. • Del 03 de septiembre al 26 de noviembre del 2026. • Tope de compra mensual: Gs. 2.000.000 (guaraníes dos millones) por cuenta de tarjeta de crédito (incluye titulares y adicionales), el cual aplica en forma conjunta a todos los locales de los comercios adheridos. • Los reintegros serán reflejados de manera automática en el extracto del cliente, en un período de 24 a 48hs hábiles luego de la compra. • El beneficio de descuento aplica únicamente el primer y último jueves de cada mes durante el periodo de promoción. • El beneficio de cuotas sin intereses aplica todos los días durante el periodo de promoción.",,,https://www.beneficiosbancognb.com.py/v2/beneficios/categorias/585,https://www.beneficiosbancognb.com.py/imagenes/4835_bases-y-condiciones-eneache-rondina-rdn-estilo-sur.pdf,
586,Estilo Sur,Días GNB,Hasta 25% de descuento + Hasta 6 cuotas sin intereses.,2026-11-26,Del 03 de septiembre al 26 de noviembre del 2026.,2026-11-26,"25% de descuento para pagos con tarjetas de crédito afinidades Black, Black Premier y Metalcard Premier del Banco GNB Paraguay. • 20% de descuento para pagos con tarjetas de crédito afinidades Clásicas, Oro, Experience, Platinum e Infinite del Banco GNB Paraguay. • Hasta 6 cuotas sin intereses todos los días para pagos con tarjetas de crédito del Banco GNB Paraguay.","Hasta 25% de descuento + Hasta 6 cuotas sin intereses. • Del 03 de septiembre al 26 de noviembre del 2026. • Tope de compra mensual: Gs. 2.000.000 (guaraníes dos millones) por cuenta de tarjeta de crédito (incluye titulares y adicionales), el cual aplica en forma conjunta a todos los locales de los comercios adheridos. • Los reintegros serán reflejados de manera automática en el extracto del cliente, en un período de 24 a 48hs hábiles luego de la compra. • El beneficio de descuento aplica únicamente el primer y último jueves de cada mes durante el periodo de promoción. • El beneficio de cuotas sin intereses aplica todos los días durante el periodo de promoción.",,,https://www.beneficiosbancognb.com.py/v2/beneficios/categorias/586,https://www.beneficiosbancognb.com.py/imagenes/4835_bases-y-condiciones-eneache-rondina-rdn-estilo-sur.pdf,
601,Farfalle,Días GNB,20% de descuento + Hasta 6 cuotas sin intereses todos los días.,2026-12-31,Del 23 de marzo al 31 de diciembre del 2026.,2026-12-31,20% de descuento para pagos con tarjetas de crédito del Banco GNB Paraguay. • Hasta 6 cuotas sin intereses para pagos con tarjetas de crédito del Banco GNB Paraguay.,"20% de descuento + Hasta 6 cuotas sin intereses todos los días. • Del 23 de marzo al 31 de diciembre del 2026. • El descuento será aplicado en caja al momento del pago por el comercio. • Para el fraccionamiento de las cuotas el cliente deberá solicitar/seleccionar la cantidad de cuotas que desea al momento del pago. Las cuotas se verán reflejadas en el extracto del cliente. • No participan de la promoción las tarjetas de débito, de afinidades Empresariales, Corporativas, Gift Card, Gourmet y Prepagas. • No acumulable con otras promociones.",,,https://www.beneficiosbancognb.com.py/v2/beneficios/categorias/601,https://www.beneficiosbancognb.com.py/imagenes/5098_bases-y-condiciones-farfalle.pdf,
604,San Isidro Show Room,Días GNB,15% de descuento + Hasta 12 cuotas sin intereses todos los días.,2026-12-31,Del 27 de marzo al 31 de diciembre del 2026.,2026-12-31,15% de descuento para pagos con tarjetas de crédito del Banco GNB Paraguay. • Hasta 12 cuotas sin intereses para pagos con tarjetas de crédito del Banco GNB Paraguay.,15% de descuento + Hasta 12 cuotas sin intereses todos los días. • Del 27 de marzo al 31 de diciembre del 2026. • El descuento será aplicado en caja al momento del pago por el comercio. • Para el fraccionamiento de las cuotas el cliente deberá solicitar/seleccionar la cantidad de cuotas que desea al momento del pago. Las cuotas se verán reflejadas en el extracto del cliente. • No acumulable con otras promociones.,,,https://www.beneficiosbancognb.com.py/v2/beneficios/categorias/604,https://www.beneficiosbancognb.com.py/imagenes/5104_bases-y-condiciones-san-isidro-show-room.pdf,
637,For Pets,Días GNB,20% de descuento todos los días.,2026-12-31,Del 14 de julio al 31 de diciembre del 2026.,2026-12-31,"20% de descuento para pagos con tarjetas de crédito Mastercard Black, Black Premier y Metalcard Premier del Banco GNB Paraguay.","20% de descuento todos los días. • Del 14 de julio al 31 de diciembre del 2026. • Tope de compra mensual: Gs. 300.000 (guaraníes trescientos mil) por cuenta de tarjeta de crédito Incluye titulares y adicionales, (aplica en forma conjunta a los dos comercios adheridos). • No aplica para pagos realizados a través de plataformas de terceros y/o e-commerce. • No participan de la promoción las tarjetas de débito y crédito; Visa, de afinidades Empresariales, Corporativas, Gift Card, Gourmet y Prepagas. • No acumulable con otras promociones.",,,https://www.beneficiosbancognb.com.py/v2/beneficios/categorias/637,https://www.beneficiosbancognb.com.py/imagenes/5251_bases-y-condiciones-for-pets.pdf,
638,Baza Rattán,Días GNB,20% de descuento + Hasta 12 cuotas sin intereses.,2026-12-31,Del 17 de julio al 31 de diciembre del 2026.,2026-12-31,"20% de descuento para pagos con tarjetas de crédito Mastercard Black, Black Premier y Metalcard Premier del Banco GNB Paraguay. • Hasta 12 cuotas sin intereses todos los días para pagos con tarjetas de crédito del Banco GNB Paraguay.","20% de descuento + Hasta 12 cuotas sin intereses. • Del 17 de julio al 31 de diciembre del 2026. • Tope de compra mensual: Gs. 3.000.000 (guaraníes tres millones) por cuenta de tarjeta de crédito (incluye titulares y adicionales), el cual aplica en forma conjunta a todos los locales del comercio. • Los reintegros serán reflejados de manera automática en el extracto del cliente, en un período de 24 a 48hs hábiles luego de la compra. • No acumulable con otras promociones.",,,https://www.beneficiosbancognb.com.py/v2/beneficios/categorias/638,https://www.beneficiosbancognb.com.py/imagenes/5253_bases-y-condiciones-baza-rattan.pdf,
673,Intercolegial Alpha College – Cantina,Días GNB,20% de reintegro en cantina del colegio.,2026-10-11,Del Jueves 01 al Sábado 03 de octubre del 2026,2026-10-11,20% de reintegro para pagos con tarjetas de crédito y prepagas Mastercard del Banco GNB Paraguay.,20% de reintegro en cantina del colegio. • Del Jueves 01 al Sábado 03 de octubre del 2026 • Del Jueves 08 al Domingo 11 de octubre del 2026. • Tope de compra por periodo de la promoción: Gs.250.000 (guaraníes doscientos cincuenta mil) por cuenta de tarjeta de crédito (Incluye titulares y adicionales) y/o prepaga para pagos con tarjetas de crédito y/o prepagas Banco GNB Mastercard aplicado al total de compras realizadas en la cantina del colegio en el Intercolegial Alpha College. • El beneficio no aplica en la compra de entradas . • Vía reintegro en el extracto al cierre o podrá visualizarlo en su app en los movimientos mensuales de su tarjeta.,,,https://www.beneficiosbancognb.com.py/v2/beneficios/categorias/673,https://www.beneficiosbancognb.com.py/imagenes/4143_bases-y-condiciones-intercolegial-alpha-college-cantina.pdf,
266,Safebag,Días GNB,Embalajes con reintegro.,2026-12-31,Del 28 de enero al 31 de diciembre del 2026.,2026-12-31,Hasta 1 embalaje * con 50% de reintegro por mes para tarjetas de crédito Mastercard Black. • Hasta 2 embalajes * con 50% de reintegro por mes para tarjetas de crédito Mastercard Black Premier. • Hasta 2 embalajes* sin costo por mes para tarjetas de crédito Mastercard Metalcard Premier.,"Embalajes con reintegro. • Del 28 de enero al 31 de diciembre del 2026. • El beneficio será aplicado vía reintegro en el extracto al cierre o podrá visualizarlo a través de la app en los movimientos mensuales de su tarjeta. • Tope de reintegro mensual: Para la afinidad Mastercard Black hasta Gs. 70.000 (guaraníes setenta mil) por mes. Para la afinidad Mastercard Black Premier hasta Gs. 140.000 (guaraníes ciento cuarenta mil) por mes. Para la afinidad Mastercard Metalcard Premier hasta Gs. 280.000 (guaraníes doscientos ochenta mil) por mes. • No acumulable con otras promociones. • ✓ Safebag • Autop. Silvio Pettirossi, Luque – Asunción, Paraguay",,,https://www.beneficiosbancognb.com.py/v2/beneficios/categorias/266,https://www.beneficiosbancognb.com.py/imagenes/3794_bases-y-condiciones-safebag.pdf,
14,Viajes,Cuotas sin intereses,Hasta 18 cuotas sin intereses en agencias y aerolíneas de todo el país.,2026-12-31,Del 05 de enero al 31 de diciembre del 2026.,2026-12-31,Hasta 18 cuotas sin intereses para tarjetas de crédito del Banco GNB Paraguay. En Agencias de Viajes y Aerolíneas adheridas al rubro en la procesadora Bancard.,Hasta 18 cuotas sin intereses en agencias y aerolíneas de todo el país. • Del 05 de enero al 31 de diciembre del 2026. • Para el fraccionamiento de las cuotas el cliente deberá solicitar/seleccionar la cantidad de cuotas que desea al momento del pago. Las cuotas se verán reflejadas en el extracto del cliente. • Pagos realizados con tarjetas de crédito Banco GNB Paraguay S.A.E.C.A . • La promoción aplica todos los días durante el periodo de promoción. • No acumulable con otras promociones. • No aplica para compras ecommerce.,,,https://www.beneficiosbancognb.com.py/v2/beneficios/categorias/14,https://www.beneficiosbancognb.com.py/imagenes/5266_bases-y-condiciones-y-listado-de-comercios-agencia-de-viajes.pdf,
15,Kube,Cuotas sin intereses,Hasta 12 cuotas sin intereses todos los días.,2026-12-31,Del 05 de enero al 31 de diciembre del 2026.,2026-12-31,"Hasta 12 cuotas sin intereses para tarjetas de afinidad Black, Black Premier, Metalcard Premier, Platinum, Infinite del Banco GNB Paraguay.","Hasta 12 cuotas sin intereses todos los días. • Del 05 de enero al 31 de diciembre del 2026. • Para el fraccionamiento de las cuotas el cliente deberá solicitar/seleccionar la cantidad de cuotas que desea al momento del pago. Las cuotas se verán reflejadas en el extracto del cliente. • No participan de la promoción las tarjetas de débito y crédito de afinidades Empresariales, Corporativas, Gift Card, Gourmet y Prepagas. • No acumulable con otras promociones.",,,https://www.beneficiosbancognb.com.py/v2/beneficios/categorias/15,https://www.beneficiosbancognb.com.py/imagenes/2479_bases-y-condiciones-kube.pdf,
20,Compras en el exterior,Cuotas sin intereses,Hasta 6 cuotas CON INTERESES para compras en el exterior,2026-12-31,Del 05 de enero al 31 de diciembre del 2026.,2026-12-31,,6 cuotas CON INTERESES para compras en el exterior. • Del 05 de enero al 31 de diciembre del 2026. • Hasta 6 cuotas CON INTERESES . El cliente puede solicitar el fraccionamiento entre 2 a 6 cuotas. • Monto mínimo de compra para solicitar la financiación Gs. 1.000.000 (guaraníes un millón) equivalente a una sola compra. • Observaciones : A las cuotas se le aplica la tasa de interés vigente según tarifario. (Consultar tasas de y tarifas vigentes en www.bancognb.com.py) El monto de la cuota ingresa en su totalidad en el Pago mínimo de cada periodo. • Luego de cada compra y antes del cierre del extracto el cliente debe solicitar el fraccionamiento llamando al Call Center Banco GNB Paraguay 021 4176000 • Pagos realizados con tarjetas de crédito Banco GNB Paraguay S.A.E.C.A . • Compras en el Extranjero. Compras en páginas web extranjeras. • Beneficio puede ser solicitado antes del cierre del extracto de tarjeta de crédito.,,,https://www.beneficiosbancognb.com.py/v2/beneficios/categorias/20,https://www.beneficiosbancognb.com.py/imagenes/3684_bases-y-condiciones-compras-en-el-exterior.pdf,
45,Última Hora,Cuotas sin intereses,Hasta 12 cuotas sin intereses todos los días.,2026-12-31,Del 05 de enero al 31 de diciembre del 2026.,2026-12-31,"Hasta 12 cuotas sin intereses para pagos con tarjetas de crédito Visa y/o Mastercard de afinidades Clásica, Oro, Experience, Black, Black Premier, Metalcard Premier, Platinum e Infinite del Banco GNB Paraguay.","Hasta 12 cuotas sin intereses todos los días. • Del 05 de enero al 31 de diciembre del 2026. • El fraccionamiento de las cuotas deberá ser solicitado al momento de la compra por Plan 1 de Bancard. Las cuotas se verán reflejadas en el extracto del cliente. • No participan de la promoción las tarjetas de débito y crédito de afinidades Empresariales, Corporativas, Gift Card, Gourmet y Prepagas. • No aplica para pagos realizados a través de plataformas de terceros. • No acumulable con otras promociones.",,,https://www.beneficiosbancognb.com.py/v2/beneficios/categorias/45,https://www.beneficiosbancognb.com.py/imagenes/4829_bases-y-condiciones-ultima-hora.pdf,
53,Automaq,Cuotas sin intereses,"Todos los días hasta 12 cuotas sin intereses en mantenimiento, cubiertas y respuestos.",2026-12-31,Del 05 de enero al 31 de diciembre del 2026.,2026-12-31,"Hasta 12 cuotas sin intereses para tarjetas de afinidad Clásicas, Oro, Experience, Black, Black Premier, Metalcard Premier Platinum e Infinite del Banco GNB Paraguay.","Todos los días hasta 12 cuotas sin intereses en mantenimiento, cubiertas y respuestos. • Del 05 de enero al 31 de diciembre del 2026. • Para el fraccionamiento de las cuotas el cliente deberá solicitar/seleccionar la cantidad de cuotas que desea al momento del pago. Las cuotas se verán reflejadas en el extracto del cliente. • No participan de la promoción las tarjetas de débito y crédito de afinidades Empresariales, Corporativas, Gift Card, Gourmet y Prepagas. • No acumulable con otras promociones. • Consulte las bases y condiciones para más información acerca del beneficio.",,,https://www.beneficiosbancognb.com.py/v2/beneficios/categorias/53,https://www.beneficiosbancognb.com.py/imagenes/2184_bases-y-condiciones-automaq.pdf,
57,Grupo Garden,Cuotas sin intereses,Hasta 12 cuotas sin intereses todos los días.,2026-12-31,Del 05 de enero al 31 de diciembre del 2026.,2026-12-31,"Hasta 12 cuotas sin intereses para tarjetas de afinidad Clásicas, Oro, Experience. Black, Black Premier, Metalcard Premier, Platinum, Infinite.","Hasta 12 cuotas sin intereses todos los días. • Del 05 de enero al 31 de diciembre del 2026. • Para el fraccionamiento de las cuotas el cliente deberá solicitar/seleccionar la cantidad de cuotas que desea al momento del pago. Las cuotas se verán reflejadas en el extracto del cliente • No acumulable con otras promociones. • No participan de la promoción las tarjetas de débito y crédito de afinidades Empresariales, Corporativas, Gift Card, Gourmet y Prepagas. • Garden • • Garden Automotores • Garden MPY • Garden S.A. • Cuevas Hermanos • Tema Automotores",,,https://www.beneficiosbancognb.com.py/v2/beneficios/categorias/57,https://www.beneficiosbancognb.com.py/imagenes/2109_bases-y-condiciones-garden.pdf,
62,MyShuzz,Cuotas sin intereses,6 cuotas sin intereses todos los días.,2026-12-31,Del 05 de enero al 31 de diciembre del 2026.,2026-12-31,"Hasta 6 cuotas sin intereses para pagos con Tarjetas de Crédito Clásicas, Oro, Experience, Black, Black Premier, Metalcard Premier, Platinum e Infinite.","6 cuotas sin intereses todos los días. • Del 05 de enero al 31 de diciembre del 2026. • Para el fraccionamiento de las cuotas el cliente deberá solicitar/seleccionar la cantidad de cuotas que desea al momento del pago. Las cuotas se verán reflejadas en el extracto del cliente. • No acumulable con otras promociones • No participan de la promoción las tarjetas de débito y crédito de afinidades Empresariales, Corporativas, Gift Card, Gourmet y Prepagas.",,,https://www.beneficiosbancognb.com.py/v2/beneficios/categorias/62,https://www.beneficiosbancognb.com.py/imagenes/3641_bases-y-condiciones-myshuzz-002-.pdf,
67,La Rueda,Cuotas sin intereses,Todos los días hasta 12 cuotas sin intereses,2026-12-31,Del 05 de enero al 31 de diciembre del 2026.,2026-12-31,Hasta 12 cuotas sin intereses para tarjetas de crédito del Banco GNB Paraguay.,"Todos los días hasta 12 cuotas sin intereses • Del 05 de enero al 31 de diciembre del 2026. • Para el fraccionamiento de las cuotas el cliente deberá solicitar/seleccionar la cantidad de cuotas que desea al momento del pago. Las cuotas se verán reflejadas en el extracto del cliente. • La promoción aplica todos los días durante el periodo de promoción. • No acumulable con otras promociones. • El beneficio de cuotas sin intereses aplica para pagos única y exclusivamente en POS adheridos a la procesadora Bancard. • Ruta Mariscal Estigarribia N° 1641 Km. 9 – Fdo. de la Mora, Paraguay.",,,https://www.beneficiosbancognb.com.py/v2/beneficios/categorias/67,https://www.beneficiosbancognb.com.py/imagenes/4675_bases-y-condiciones-la-rueda-srl.pdf,
73,Impuestos Inmobiliarios - Municipalidades,Cuotas sin intereses,Pagá tus impuestos inmobiliarios en hasta 12 cuotas sin intereses.,2026-12-31,Del 05 de enero al 31 de diciembre del 2026.,2026-12-31,"Hasta 12 cuotas sin intereses para pagos con tarjetas de crédito Clásicas, Oro, Experience, Black, Black Premier, Metalcard Premier, Platinum e Infinite.","Pagá tus impuestos inmobiliarios en hasta 12 cuotas sin intereses. • Del 05 de enero al 31 de diciembre del 2026. • Para el fraccionamiento de las cuotas el cliente deberá solicitar/seleccionar la cantidad de cuotas que desea al momento del pago. Las cuotas se verán reflejadas en el extracto del cliente. • Pagos realizados con tarjetas de crédito Banco GNB Paraguay S.A.E.C.A . • No participan de la promoción las tarjetas de débito y crédito de afinidades Empresariales, Corporativas, Gift Card, Gourmet y Prepagas. • No acumulable con otras promociones.",,,https://www.beneficiosbancognb.com.py/v2/beneficios/categorias/73,https://www.beneficiosbancognb.com.py/imagenes/961_bases-y-condiciones-impuestos-inmobiliarios-municipalidades.pdf,
79,Nissei,Cuotas sin intereses,Hasta 12 cuotas sin intereses todos los días.,2026-12-31,Del 05 de enero al 31 de diciembre del 2026.,2026-12-31,Hasta 12 cuotas sin intereses para tarjetas de crédito del Banco GNB Paraguay.,Hasta 12 cuotas sin intereses todos los días. • Del 05 de enero al 31 de diciembre del 2026. • Para el fraccionamiento de las cuotas el cliente deberá solicitar/seleccionar la cantidad de cuotas que desea al momento del pago. Las cuotas se verán reflejadas en el extracto del cliente. • No acumulable con otras promociones • ✓ Nissei Asunción: Avda. España 1261 esq Melvin Jones. • ✓ Nissei Ciudad del Este: Avda. Adrián Jara esq Regimiento Piribebuy.,,,https://www.beneficiosbancognb.com.py/v2/beneficios/categorias/79,https://www.beneficiosbancognb.com.py/imagenes/1105_bases-y-condiciones-nissei.pdf,
81,Tienda Personal,Cuotas sin intereses,Hasta 12 cuotas sin intereses todos los dìas.,2026-12-31,Del 05 de enero al 31 de diciembre del 2026.,2026-12-31,"Hasta 12 cuotas sin intereses para tarjetas de afinidad Clásicas, Oro, Experience Black, Black Premier, Metalcard Premier, Platinum e Infinite del Banco GNB Paraguay.","Hasta 12 cuotas sin intereses todos los dìas. • Del 05 de enero al 31 de diciembre del 2026. • Para el fraccionamiento de las cuotas el cliente deberá solicitar/seleccionar la cantidad de cuotas que desea al momento del pago bajo el Plan 1 de Bancard. Las cuotas se verán reflejadas en el extracto del cliente. • Beneficio aplica única y exclusivamente para compras a través del E-commerce. • No participan de la promoción las tarjetas de débito y crédito de afinidades Empresariales, Corporativas, Gift Card, Gourmet y Prepagas. • No acumulable con otras promociones",,,https://www.beneficiosbancognb.com.py/v2/beneficios/categorias/81,https://www.beneficiosbancognb.com.py/imagenes/2121_bases-y-condiciones-tienda-personal-002-.pdf,
133,Visuar,Cuotas sin intereses,Hasta 12 cuotas sin intereses todos los días.,2026-12-31,Del 05 de enero al 31 de diciembre del 2026.,2026-12-31,Hasta 12 cuotas sin intereses para pagos con tarjetas de crédito del Banco GNB Paraguay.,"Hasta 12 cuotas sin intereses todos los días. • Del 05 de enero al 31 de diciembre del 2026. • Para el fraccionamiento de las cuotas el cliente deberá solicitar/seleccionar la cantidad de cuotas que desea al momento del pago. Las cuotas se verán reflejadas en el extracto del cliente. • No participan de la promoción las tarjetas de débito y crédito de afinidades Empresariales, Corporativas, Gift Card, Gourmet y Prepagas. • No acumulable con otras promociones.",,,https://www.beneficiosbancognb.com.py/v2/beneficios/categorias/133,https://www.beneficiosbancognb.com.py/imagenes/2695_bases-y-condiciones-visuar-mayo.pdf,
141,Shopping China,Cuotas sin intereses,Hasta 12 cuotas sin intereses todos los días.,2026-12-31,Del 05 de enero al 31 de diciembre del 2026.,2026-12-31,Hasta 12 cuotas sin intereses para tarjetas de crédito del Banco GNB Paraguay.,"Hasta 12 cuotas sin intereses todos los días. • Del 05 de enero al 31 de diciembre del 2026. • Para el fraccionamiento de las cuotas el cliente deberá solicitar/seleccionar la cantidad de cuotas que sea al momento de pago. Las cuotas se verán reflejadas en el extracto del cliente. • No participan de la promoción las tarjetas de débito y crédito de afinidades Empresariales, Corporativas, Gift Card, Gourmet y Prepagas. • Beneficio también aplica compras vía web. • Sucursales: Pedro Juan Caballero, Ciudad del Este, Salto del Guairá y compras online en shoppingchina.com.py",,,https://www.beneficiosbancognb.com.py/v2/beneficios/categorias/141,https://www.beneficiosbancognb.com.py/imagenes/1652_bases-y-condiciones-shopping-china.pdf,
145,Electrónica y electrodomésticos,Cuotas sin intereses,Hasta 12 cuotas sin intereses todos los días.,2026-12-31,Del 05 de enero al 31 de diciembre del 2026.,2026-12-31,Hasta 12 cuotas sin intereses para tarjetas de crédito del Banco GNB Paraguay en tiendas del Rubro Electrónica y Electrodomésticos adheridas a la procesadora Bancard .,"Hasta 12 cuotas sin intereses todos los días. • Del 05 de enero al 31 de diciembre del 2026. • Para el fraccionamiento de las cuotas el cliente deberá solicitar/seleccionar la cantidad de cuotas que desea al momento del pago. Las cuotas se verán reflejadas en el extracto del cliente. • Beneficio no aplica a compras vía web. • No participan de la promoción las tarjetas de débito y crédito de afinidades Empresariales, Corporativas, Gift Card, Gourmet y Prepagas. • No acumulable con otras promociones.",,,https://www.beneficiosbancognb.com.py/v2/beneficios/categorias/145,https://www.beneficiosbancognb.com.py/imagenes/2237_bases-y-condiciones-electr%C3%B3nica-y-electrodom%C3%A9sticos.pdf,
157,Adelanto de efectivo,Cuotas sin intereses,Adelantá efectivo cuando lo necesites hasta en 12 cuotas sin intereses.,2026-12-31,Del 05 de enero al 31 de diciembre del 2026.,2026-12-31,"Hasta 12 cuotas sin intereses . El fraccionamiento lo debe solicitar el cliente al momento de la operación en App, Web, cajeros automáticos y Caja / Ventanilla de las Sucursales del Banco GNB Paraguay.","Adelantá efectivo hasta en 12 cuotas sin intereses. • Del 05 de enero al 31 de diciembre del 2026. • Retiro de dinero en efectivo desde Cajeros Automáticos (ATM) de la red Infonet, en Caja/ Ventanilla de las Sucursales y en la App/Web del Banco GNB Paraguay con Tarjetas de Crédito Banco GNB Paraguay. • Comisión de desembolso según tarifario vigente. • No acumulable con otras promociones. • El porcentaje de extracción se calcula sobre la línea de tarjeta de crédito según disponible de la cuenta. • Beneficio exclusivo para el territorio local . • Beneficio aplicable desde: • ➢ APP y WEB del Banco GNB - Con acreditación en cuenta al instante. - Monto mínimo para realizar adelantos Gs. 500.000. • ➢ Cajeros Automáticos (ATM) de la red Infonet. - Sujeto a límites de extracción del cajero automático. • ➢ Caja/Ventanilla de las Sucursales del Banco GNB Paraguay. • Consulte las bases y condiciones para más información.",,,https://www.beneficiosbancognb.com.py/v2/beneficios/categorias/157,https://www.beneficiosbancognb.com.py/imagenes/2293_bases-y-condiciones-adelanto-de-efectivo.pdf,
189,Alemania Cell,Cuotas sin intereses,Hasta 12 cuotas sin intereses todos los días.,2026-12-31,Del 05 de enero al 31 de diciembre del 2026.,2026-12-31,Hasta 12 cuotas sin intereses para pagos con tarjetas de crédito del Banco GNB Paraguay.,"Hasta 12 cuotas sin intereses todos los días. • Del 05 de enero al 31 de diciembre del 2026. • Para el fraccionamiento de las cuotas el cliente deberá solicitar/seleccionar la cantidad de cuotas que desea al momento del pago. Las cuotas se verán reflejadas en el extracto del cliente. • No participan de la promoción las tarjetas de débito y crédito de afinidades Empresariales, Corporativas, Gift Card, Gourmet y Prepagas.",,,https://www.beneficiosbancognb.com.py/v2/beneficios/categorias/189,https://www.beneficiosbancognb.com.py/imagenes/3099_bases-y-condiciones-alemania-cell.pdf,
212,Tape Ruvicha,Cuotas sin intereses,Hasta 12 cuotas sin intereses todos los días.,2026-12-31,Del 14 de julio al 31 de diciembre del 2026.,2026-12-31,Hasta 12 cuotas sin intereses para pagos con tarjetas de crédito del Banco GNB Paraguay.,"Hasta 12 cuotas sin intereses todos los días. • Del 14 de julio al 31 de diciembre del 2026. • Para el fraccionamiento de las cuotas el cliente deberá solicitar/seleccionar la cantidad de cuotas que desea al momento del pago. Las cuotas se verán reflejadas en el extracto del cliente. • No participan de la promoción las tarjetas de débito, de afinidades Empresariales, Corporativas, Gift Card, Gourmet y Prepagas. • No acumulable con otras promociones.",,,https://www.beneficiosbancognb.com.py/v2/beneficios/categorias/212,https://www.beneficiosbancognb.com.py/imagenes/3305_bases-y-condiciones-tape-ruvicha-julio.pdf,
254,Cellshop,Cuotas sin intereses,Hasta 12 cuotas sin intereses todos los días.,2026-12-31,Del 05 de enero al 31 de diciembre del 2026.,2026-12-31,Hasta 12 cuotas sin intereses para pagos con tarjetas de crédito del Banco GNB Paraguay.,"Hasta 12 cuotas sin intereses todos los días. • Del 05 de enero al 31 de diciembre del 2026. • Para el fraccionamiento de las cuotas el cliente deberá solicitar/seleccionar la cantidad de cuotas que desea al momento del pago. Las cuotas se verán reflejadas en el extracto del cliente. • No participan de la promoción las tarjetas de débito y crédito de afinidades Empresariales, Corporativas, Gift Card, Gourmet y Prepagas.",,,https://www.beneficiosbancognb.com.py/v2/beneficios/categorias/254,https://www.beneficiosbancognb.com.py/imagenes/3746_bases-y-condiciones-cellshop.pdf,
257,Syrocco,Cuotas sin intereses,Hasta 12 cuotas sin intereses todos los días.,2026-12-31,Del 07 de enero al 31 de diciembre del 2026.,2026-12-31,Hasta 12 cuotas sin intereses para pagos con tarjetas de crédito del Banco GNB Paraguay.,"Hasta 12 cuotas sin intereses todos los días. • Del 07 de enero al 31 de diciembre del 2026. • Para el fraccionamiento de las cuotas el cliente deberá solicitar/seleccionar la cantidad de cuotas que desea al momento del pago. Las cuotas se verán reflejadas en el extracto del cliente. • No participan de la promoción las tarjetas de débito y crédito de afinidades Empresariales, Corporativas, Gift Card, Gourmet y Prepagas. • La promoción aplica todos los días durante el periodo de promoción. • No acumulable con otras promociones.",,,https://www.beneficiosbancognb.com.py/v2/beneficios/categorias/257,https://www.beneficiosbancognb.com.py/imagenes/3760_bases-y-condiciones-syrocco.pdf,
268,Carestino,Cuotas sin intereses,Hasta 12 cuotas sin intereses todos los días.,2026-12-31,Del 05 de enero al 31 de diciembre del 2026.,2026-12-31,"Hasta 12 cuotas sin intereses para las tarjetas de crédito Clásicas, Oro, Experience, Black, Black Premier, Metalcard Premier, Infinite y Platinum.","Hasta 12 cuotas sin intereses todos los días. • Del 05 de enero al 31 de diciembre del 2026. • Para el fraccionamiento de las cuotas el cliente deberá solicitar/seleccionar la cantidad de cuotas que desea al momento del pago. Las cuotas se verán reflejadas en el extracto del cliente. • No participan de la promoción las tarjetas de débito y crédito de afinidades Empresariales, Corporativas, Gift Card, Gourmet y Prepagas. • No acumulable con otras promociones. • Carestino • La Recoleta, Charles De Gaulle – Asunción, Paraguay",,,https://www.beneficiosbancognb.com.py/v2/beneficios/categorias/268,https://www.beneficiosbancognb.com.py/imagenes/3799_bases-y-condiciones-carestino.pdf,
269,PSA Purificadores de Agua,Cuotas sin intereses,Hasta 12 cuotas sin intereses todos los días.,2026-12-31,Del 05 de enero al 31 de diciembre del 2026.,2026-12-31,"Hasta 12 cuotas sin intereses para las tarjetas de crédito Clásicas, Oro, Experience, Black, Black Premier, Metalcard Premier, Infinite y Platinum.","Hasta 12 cuotas sin intereses todos los días. • Del 05 de enero al 31 de diciembre del 2026. • Para el fraccionamiento de las cuotas el cliente deberá solicitar/seleccionar la cantidad de cuotas que desea bajo el Plan 1 de Bancard al momento del pago. Las cuotas se verán reflejadas en el extracto del cliente • No acumulable con otras promociones. • No participan de la promoción las tarjetas de débito y crédito de afinidades Empresariales, Corporativas, Gift Card, Gourmet y Prepagas. • ✓ PSA World Trade Center Asunción (Local 83) Avenida Aviadores del Chaco – Asunción, Paraguay",,,https://www.beneficiosbancognb.com.py/v2/beneficios/categorias/269,https://www.beneficiosbancognb.com.py/imagenes/3801_bases-y-condiciones-psa-002-.pdf,
272,Centros de Enseñanzas,Cuotas sin intereses,Hasta 12 cuotas sin intereses todos los días.,2026-12-31,Del 05 de enero al 31 de diciembre del 2026.,2026-12-31,"Hasta 12 cuotas sin intereses con las tarjetas de crédito del Banco GNB Paraguay Clásica, Oro, Experience, Black, Black Premier, Metalcard Premier, Platinum e Infinite.",Hasta 12 cuotas sin intereses todos los días. • Del 05 de enero al 31 de diciembre del 2026. • Para el fraccionamiento de las cuotas el cliente deberá solicitar/seleccionar la cantidad de cuotas que desea al momento del pago. Las cuotas se verán reflejadas en el extracto del cliente. • No aplica para pagos realizados a través de plataformas de terceros. • No acumulable con otras promociones.,,,https://www.beneficiosbancognb.com.py/v2/beneficios/categorias/272,https://www.beneficiosbancognb.com.py/imagenes/3820_bases-y-condiciones-centros-de-ense%C3%B1anzas.pdf,
278,ACE,Cuotas sin intereses,Hasta 12 cuotas sin intereses todos los días.,2026-12-31,Del 14 de julio al 31 de diciembre del 2026.,2026-12-31,Hasta 12 cuotas sin intereses para pagos con tarjetas de crédito del Banco GNB Paraguay.,"Hasta 12 cuotas sin intereses todos los días. • Del 14 de julio al 31 de diciembre del 2026. • Para el fraccionamiento de las cuotas el cliente deberá solicitar/seleccionar la cantidad de cuotas que desea al momento del pago. Las cuotas se verán reflejadas en el extracto del cliente. • No participan de la promoción las tarjetas de débito, de afinidades Empresariales, Corporativas, Gift Card, Gourmet y Prepagas. • No acumulable con otras promociones.",,,https://www.beneficiosbancognb.com.py/v2/beneficios/categorias/278,https://www.beneficiosbancognb.com.py/imagenes/3878_bases-y-condiciones-ace-julio.pdf,
290,Mercado Digital,Cuotas sin intereses,Hasta 12 cuotas sin intereses todos los días.,2026-12-31,Del 05 de enero al 31 de diciembre del 2026.,2026-12-31,Hasta 12 cuotas sin intereses para pagos con tarjetas de crédito del Banco GNB Paraguay.,Hasta 12 cuotas sin intereses todos los días. • Del 05 de enero al 31 de diciembre del 2026. • Para el fraccionamiento de las cuotas el cliente deberá solicitar/seleccionar la cantidad de cuotas que desea al momento del pago. Las cuotas se verán reflejadas en el extracto del cliente. • No acumulable con otras promociones.,,,https://www.beneficiosbancognb.com.py/v2/beneficios/categorias/290,https://www.beneficiosbancognb.com.py/imagenes/4025_bases-y-condiciones-mercado-digital.pdf,
302,Ferre Garden,Cuotas sin intereses,Hasta 12 cuotas sin intereses todos los días.,2026-12-31,Del 05 de enero al 31 de diciembre del 2026.,2026-12-31,"Hasta 12 cuotas sin intereses para tarjetas de afinidad Clásicas, Oro, Experience. Black, Black Premier, Metalcard Premier, Platinum, Infinite del Banco GNB Paraguay.","Hasta 12 cuotas sin intereses todos los días. • Del 05 de enero al 31 de diciembre del 2026. • Para el fraccionamiento de las cuotas el cliente deberá solicitar/seleccionar la cantidad de cuotas que desea al momento del pago. Las cuotas se verán reflejadas en el extracto del cliente. • No participan de la promoción las tarjetas de débito y crédito de afinidades Empresariales, Corporativas, Gift Card, Gourmet y Prepagas. • No acumulable con otras promociones. • ✓ Ferre Garden Tte. Carlos Rocholl c/ Aviadores del Chaco – Asunción, Paraguay",,,https://www.beneficiosbancognb.com.py/v2/beneficios/categorias/302,https://www.beneficiosbancognb.com.py/imagenes/4097_bases-y-condiciones-ferre-garden.pdf,
303,Nova Tire,Cuotas sin intereses,Hasta 12 cuotas sin intereses todos los días.,2026-12-31,Del 05 de enero al 31 de diciembre del 2026.,2026-12-31,"Hasta 12 cuotas sin intereses para pagos con tarjetas de crédito Black, Black Premier, Metalcard Premier, Platinum e Infinite del Banco GNB Paraguay.","Hasta 12 cuotas sin intereses todos los días. • Del 05 de enero al 31 de diciembre del 2026. • Para el fraccionamiento de las cuotas el cliente deberá solicitar/seleccionar la cantidad de cuotas que desea al momento del pago. Las cuotas se verán reflejadas en el extracto del cliente. • No participan de la promoción las tarjetas de débito y crédito de afinidades Empresariales, Corporativas, Gift Card, Gourmet y Prepagas. • No acumulable con otras promociones.",,,https://www.beneficiosbancognb.com.py/v2/beneficios/categorias/303,https://www.beneficiosbancognb.com.py/imagenes/4098_bases-y-condiciones-nova-tire.pdf,
309,Chacomer,Cuotas sin intereses,Hasta 12 cuotas sin intereses todos los días.,2026-12-31,Del 06 de julio al 31 de diciembre del 2026.,2026-12-31,Hasta 12 cuotas sin intereses para pagos con tarjetas de crédito del Banco GNB Paraguay.,"Hasta 12 cuotas sin intereses todos los días. • Del 06 de julio al 31 de diciembre del 2026. • Para el fraccionamiento de las cuotas el cliente deberá solicitar/seleccionar la cantidad de cuotas que desea bajo el Plan 1 de Bancard al momento del pago. Las cuotas se verán reflejadas en el extracto del cliente. • Beneficio aplica única y exclusivamente en mantenimiento, reparación y repuestos. • No participan de la promoción las tarjetas de débito y crédito de afinidades Empresariales, Corporativas, Gift Card, Gourmet y Prepagas. • No acumulable con otras promociones.",,,https://www.beneficiosbancognb.com.py/v2/beneficios/categorias/309,https://www.beneficiosbancognb.com.py/imagenes/4119_bases-y-condiciones-chacomer-002-.pdf,
311,Fercell,Cuotas sin intereses,Hasta 12 cuotas sin intereses todos los días.,2026-12-31,Del 05 de enero al 31 de diciembre del 2026.,2026-12-31,Hasta 12 cuotas sin intereses para pagos con tarjetas de crédito del Banco GNB Paraguay.,"Hasta 12 cuotas sin intereses todos los días. • Del 05 de enero al 31 de diciembre del 2026. • Para el fraccionamiento de las cuotas el cliente deberá solicitar/seleccionar la cantidad de cuotas que desea al momento del pago. Las cuotas se verán reflejadas en el extracto del cliente. • No participan de la promoción las tarjetas de débito y crédito de afinidades Empresariales, Corporativas, Gift Card, Gourmet y Prepagas. • No acumulable con otras promociones. • ✓ Fercell Mall Gral. Bernardo Ohiggins c/ Teniente Héctor Vera – Asunción, Paraguay",,,https://www.beneficiosbancognb.com.py/v2/beneficios/categorias/311,https://www.beneficiosbancognb.com.py/imagenes/4123_bases-y-condiciones-fercell.pdf,
312,Rakiura,Cuotas sin intereses,Hasta 18 cuotas sin intereses + Precios Especiales,2026-12-31,Del 13 de julio al 31 de diciembre del 2026.,2026-12-31,Hasta 18 cuotas sin intereses para pagos con tarjetas de crédito del Banco GNB Paraguay.,"Hasta 18 cuotas sin intereses + Precios Especiales • Del 13 de julio al 31 de diciembre del 2026. • Precio especial en Membresías Familiares Permanentes Transferible e Instransferibles . Banca Personas : Exoneración de 12 meses del Abono Mensual Rakiura. Banca Premier : Exoneración de 18 meses del Abono Mensual Rakiura. • Para el fraccionamiento de las cuotas el cliente deberá solicitar/seleccionar la cantidad de cuotas que desea al momento del pago. Las cuotas se verán reflejadas en el extracto del cliente. • No participan de la promoción las tarjetas de débito, de afinidades Empresariales, Corporativas, Gift Card, Gourmet y Prepagas. • No acumulable con otras promociones.",,,https://www.beneficiosbancognb.com.py/v2/beneficios/categorias/312,https://www.beneficiosbancognb.com.py/imagenes/4125_bases-y-condiciones-rakiura-julio.pdf,
313,Pandolfo,Cuotas sin intereses,Hasta 12 cuotas sin intereses todos los días.,2026-12-31,Del 05 de enero al 31 de diciembre del 2026.,2026-12-31,"Hasta 12 cuotas sin intereses para tarjetas de afinidad Clásicas, Oro, Experience. Black, Black Premier, Metalcard Premier, Platinum, Infinite del Banco GNB Paraguay.","Hasta 12 cuotas sin intereses todos los días. • Del 05 de enero al 31 de diciembre del 2026. • Para el fraccionamiento de las cuotas el cliente deberá solicitar/seleccionar la cantidad de cuotas que desea al momento del pago. Las cuotas se verán reflejadas en el extracto del cliente. • No participan de la promoción las tarjetas de débito y crédito de afinidades Empresariales, Corporativas, Gift Card, Gourmet y Prepagas. • No acumulable con otras promociones. • Consulte las bases y condiciones para más información acerca de locales adheridos.",,,https://www.beneficiosbancognb.com.py/v2/beneficios/categorias/313,https://www.beneficiosbancognb.com.py/imagenes/4128_bases-y-condiciones-pandolfo.pdf,
317,Moplex,Cuotas sin intereses,Hasta 12 cuotas sin intereses todos los días.,2026-12-31,Del 05 de enero al 31 de diciembre del 2026.,2026-12-31,"Hasta 12 cuotas sin intereses para pagos con Tarjetas de Crédito Clásicas, Oro, Experience, Black, Black Premier, Metalcard Premier, Platinum e Infinite.","Hasta 12 cuotas sin intereses todos los días. • Del 05 de enero al 31 de diciembre del 2026. • Para el fraccionamiento de las cuotas el cliente deberá solicitar/seleccionar la cantidad de cuotas que desea al momento del pago. Las cuotas se verán reflejadas en el extracto del cliente. • No participan de la promoción las tarjetas de débito y crédito de afinidades Empresariales, Corporativas, Gift Card, Gourmet y Prepagas. • No acumulable con otras promociones.",,,https://www.beneficiosbancognb.com.py/v2/beneficios/categorias/317,https://www.beneficiosbancognb.com.py/imagenes/4140_bases-y-condiciones-moplex.pdf,
321,Imag,Cuotas sin intereses,Hasta 12 cuotas sin intereses todos los días.,2026-12-31,Del 05 de enero al 31 de diciembre del 2026.,2026-12-31,Hasta 12 cuotas sin intereses para pagos con tarjetas de crédito del Banco GNB Paraguay.,"Hasta 12 cuotas sin intereses todos los días. • Del 05 de enero al 31 de diciembre del 2026. • Para el fraccionamiento de las cuotas el cliente deberá solicitar/seleccionar la cantidad de cuotas que desea al momento del pago. Las cuotas se verán reflejadas en el extracto del cliente. • No participan de la promoción las tarjetas de débito y crédito de afinidades Empresariales, Corporativas, Gift Card, Gourmet y Prepagas. • No acumulable con otras promociones. • ✓ Imag Avda. Boggiani 7133 c/ Facundo Machain – Asunción, Paraguay",,,https://www.beneficiosbancognb.com.py/v2/beneficios/categorias/321,https://www.beneficiosbancognb.com.py/imagenes/4148_bases-y-condiciones-imag.pdf,
326,Colchones Trebol,Cuotas sin intereses,Hasta 12 cuotas sin intereses todos los días.,2026-12-31,Del 05 de enero al 31 de diciembre del 2026.,2026-12-31,Hasta 12 cuotas sin intereses para tarjetas de crédito del Banco GNB Paraguay.,"Hasta 12 cuotas sin intereses todos los días. • Del 05 de enero al 31 de diciembre del 2026. • Para el fraccionamiento de las cuotas el cliente deberá solicitar/seleccionar la cantidad de cuotas que sea al momento del pago. Las cuotas se verán reflejadas en el extracto del cliente. • No participan de la promoción las tarjetas de débito y crédito de afinidades Empresariales, Corporativas, Gift Card, Gourmet y Prepagas. • No acumulable con otras promociones.",,,https://www.beneficiosbancognb.com.py/v2/beneficios/categorias/326,https://www.beneficiosbancognb.com.py/imagenes/4184_bases-y-condiciones-colchones-trebol.pdf,
333,Todo Compras,Cuotas sin intereses,Hasta 12 cuotas sin intereses todos los días.,2026-12-31,Del 05 de enero al 31 de diciembre del 2026.,2026-12-31,"Hasta 12 cuotas sin intereses para las tarjetas de crédito Clásicas, Oro, Experience, Black, Black Premier, Metalcard Premier, Platinum e Infinite.","Hasta 12 cuotas sin intereses todos los días. • Del 05 de enero al 31 de diciembre del 2026. • Para el fraccionamiento de las cuotas el cliente deberá solicitar/seleccionar la cantidad de cuotas que desea al momento del pago. Las cuotas se verán reflejadas en el extracto del cliente. • No participan de la promoción las tarjetas de débito y crédito de afinidades Empresariales, Corporativas, Gift Card, Gourmet y Prepagas. • No acumulable con otras promociones. • Todo Compras. • Casa Matriz: Ruta 9, Transchaco Km 19,5 - Remanso. • Mariscal Estigarribia: Ruta 9, Transchaco, Km 510. • Pozo Colorado: Ruta 9, Transchaco Km 270.",,,https://www.beneficiosbancognb.com.py/v2/beneficios/categorias/333,https://www.beneficiosbancognb.com.py/imagenes/4214_bases-y-condiciones-todo-compras.pdf,
340,Taller Ruschel,Cuotas sin intereses,Hasta 12 cuotas sin intereses todos los días.,2026-12-31,Del 05 de enero al 31 de diciembre del 2026.,2026-12-31,"Hasta 12 cuotas sin intereses para pagos con Tarjetas de Crédito Clásicas, Oro, Experience, Black, Black Premier, Metalcard Premier, Platinum e Infinite.","Hasta 12 cuotas sin intereses todos los días. • Del 05 de enero al 31 de diciembre del 2026. • Para el fraccionamiento de las cuotas el cliente deberá solicitar/seleccionar la cantidad de cuotas que desea al momento del pago. Las cuotas se verán reflejadas en el extracto del cliente. • La promoción aplica todos los días durante el periodo de promoción. • No acumulable con otras promocioneS. • ✓ Taller Ruschel Curupayty c/ Waldino Lovera – Encarnación, Paraguay.",,,https://www.beneficiosbancognb.com.py/v2/beneficios/categorias/340,https://www.beneficiosbancognb.com.py/imagenes/4245_bases-y-condiciones-taller-ruschel-agosto.pdf,
342,Óptica Itapúa,Cuotas sin intereses,Hasta 6 cuotas sin intereses todos los días.,2026-12-31,Del 05 de enero al 31 de diciembre del 2026.,2026-12-31,"Hasta 6 cuotas sin intereses para pagos con Tarjetas de Crédito Clásicas, Oro, Experience, Black, Black Premier, Metalcard Premier, Platinum e Infinite.","Hasta 6 cuotas sin intereses todos los días. • Del 05 de enero al 31 de diciembre del 2026. • Para el fraccionamiento de las cuotas el cliente deberá solicitar/seleccionar la cantidad de cuotas que desea al momento del pago. Las cuotas se verán reflejadas en el extracto del cliente. • No participan de la promoción las tarjetas de débito y crédito de afinidades Empresariales, Corporativas, Gift Card, Gourmet y Prepagas. • No acumulable con otras promociones. • ✓ Óptica Itapúa Mcal. Estigarribia c/ Curupayty – Encarnación, Paraguay.",,,https://www.beneficiosbancognb.com.py/v2/beneficios/categorias/342,https://www.beneficiosbancognb.com.py/imagenes/4247_bases-y-condiciones-%C3%93ptica-itap%C3%BAa.pdf,
351,Ferrex,Cuotas sin intereses,Hasta 12 cuotas sin intereses todos los días.,2026-12-31,Del 05 de enero al 31 de diciembre del 2026.,2026-12-31,"Hasta 12 cuotas sin intereses para pagos con tarjetas de crédito Clásicas, Oro, Experience, Black, Black Premier, Metalcard Premier, Platinum e Infinite del Banco GNB Paraguay.","Hasta 12 cuotas sin intereses todos los días. • Del 05 de enero al 31 de diciembre del 2026. • Para el fraccionamiento de las cuotas el cliente deberá solicitar/seleccionar la cantidad de cuotas que desea al momento del pago. Las cuotas se verán reflejadas en el extracto del cliente. • No participan de la promoción las tarjetas de débito y crédito de afinidades Empresariales, Corporativas, Gift Card, Gourmet y Prepagas. • La promoción aplica todos los días durante el periodo de promoción. • No acumulable con otras promociones.",,,https://www.beneficiosbancognb.com.py/v2/beneficios/categorias/351,https://www.beneficiosbancognb.com.py/imagenes/4268_bases-y-condiciones-ferrex.pdf,
359,Match,Cuotas sin intereses,Hasta 6 cuotas sin intereses todos los días.,2026-12-31,Del 05 de enero al 31 de diciembre del 2026.,2026-12-31,Hasta 6 cuotas sin intereses para pagos con tarjetas de crédito del Banco GNB Paraguay.,"Hasta 6 cuotas sin intereses todos los días. • Del 05 de enero al 31 de diciembre del 2026. • Para el fraccionamiento de las cuotas el cliente deberá solicitar/seleccionar la cantidad de cuotas que desea al momento del pago. Las cuotas se verán reflejadas en el extracto del cliente. • No participan de la promoción las tarjetas de débito y crédito de afinidades Empresariales, Corporativas, Gift Card, Gourmet y Prepagas. • No acumulable con otras promociones. • Consulte las Bases y Condiciones para más información.",,,https://www.beneficiosbancognb.com.py/v2/beneficios/categorias/359,https://www.beneficiosbancognb.com.py/imagenes/4293_bases-y-condiciones-match.pdf,
364,CompuMarket,Cuotas sin intereses,Hasta 12 cuotas sin intereses todos los días.,2026-12-31,Del 05 de enero al 31 de diciembre del 2026.,2026-12-31,"Hasta 12 cuotas sin intereses para pagos con tarjetas de crédito Clásicas, Oro, Experience, Black, Black Premier, Metalcard Premier, Platinum e Infinite Premier del Banco GNB Paraguay.",Hasta 12 cuotas sin intereses todos los días. • Del 05 de enero al 31 de diciembre del 2026. • Para el fraccionamiento de las cuotas el cliente deberá solicitar/seleccionar la cantidad de cuotas que desea al momento del pago. Las cuotas se verán reflejadas en el extracto del cliente. • No acumulable con otras promociones. • Beneficio aplica única y exclusivamente a compras vía ecommerce .,,,https://www.beneficiosbancognb.com.py/v2/beneficios/categorias/364,https://www.beneficiosbancognb.com.py/imagenes/4327_bases-y-condiciones-compumarket.pdf,
367,Office World,Cuotas sin intereses,Hasta 12 cuotas sin intereses todos los días.,2026-12-31,Del 05 de enero al 31 de diciembre del 2026.,2026-12-31,"Hasta 12 cuotas sin intereses para pagos con tarjetas de crédito Black, Black Premier, Metalcard Premier, Platinum e Infinite Premier del Banco GNB Paraguay.","Hasta 12 cuotas sin intereses todos los días. • Del 05 de enero al 31 de diciembre del 2026. • Para el fraccionamiento de las cuotas el cliente deberá solicitar/seleccionar la cantidad de cuotas que desea al momento del pago. Las cuotas se verán reflejadas en el extracto del cliente. • No acumulable con otras promociones. • ✓ Office World Avda. Central c/ Bella Vista – Loma Plata, Paraguay.",,,https://www.beneficiosbancognb.com.py/v2/beneficios/categorias/367,https://www.beneficiosbancognb.com.py/imagenes/4334_bases-y-condiciones-office-world.pdf,
368,Go Fit Gym,Cuotas sin intereses,Hasta 12 cuotas sin intereses todos los días.,2026-12-31,Del 21 de enero al 31 de diciembre del 2026.,2026-12-31,Hasta 12 cuotas sin intereses para pagos con tarjetas de crédito del Banco GNB Paraguay. • Pagando la anualidad con tu tarjeta de crédito del Banco GNB Paraguay accede al mes 13 sin costo .,Hasta 12 cuotas sin intereses todos los días. • Del 21 de enero al 31 de diciembre del 2026. • Para el fraccionamiento de las cuotas el cliente deberá solicitar/seleccionar la cantidad de cuotas que desea bajo el Plan 1 de Bancard al momento del pago. Las cuotas se verán reflejadas en el extracto del cliente. • No acumulable con otras promociones.,,,https://www.beneficiosbancognb.com.py/v2/beneficios/categorias/368,https://www.beneficiosbancognb.com.py/imagenes/4336_bases-y-condiciones-go-fit-gym-002-.pdf,
369,Asismed,Cuotas sin intereses,Hasta 12 cuotas sin intereses todos los días.,2026-12-31,Del 05 de enero al 31 de diciembre del 2026.,2026-12-31,"Hasta 12 cuotas sin intereses para pagos en los planes “Exclusivo Superior” y “VIP Plus Superior” con tarjetas de crédito Oro y Experience del Banco GNB Paraguay. • Hasta 12 cuotas sin intereses para pagos en el plan “Premium Asismed” con tarjetas de crédito Black, Black Premier, Metalcard Premier, Platinum e Infinite Premier del Banco GNB Paraguay.",Hasta 12 cuotas sin intereses todos los días. • Del 05 de enero al 31 de diciembre del 2026. • Para el fraccionamiento de las cuotas el cliente deberá solicitar/seleccionar la cantidad de cuotas que desea al momento del pago. Las cuotas se verán reflejadas en el extracto del cliente. • No acumulable con otras promociones.,,,https://www.beneficiosbancognb.com.py/v2/beneficios/categorias/369,https://www.beneficiosbancognb.com.py/imagenes/4339_bases-y-condiciones-asismed.pdf,
373,Fermaco,Cuotas sin intereses,Hasta 12 cuotas sin intereses todos los días.,2026-12-31,Del 05 de enero al 31 de diciembre del 2026.,2026-12-31,"Hasta 12 cuotas sin intereses para tarjetas de afinidad Clásicas, Oro, Experience. Black, Black Premier, Metalcard Premier, Platinum e Infinite Premier del Banco GNB Paraguay.","Hasta 12 cuotas sin intereses todos los días. • Del 05 de enero al 31 de diciembre del 2026. • Para el fraccionamiento de las cuotas el cliente deberá solicitar/seleccionar la cantidad de cuotas que desea al momento del pago bajo el Plan 1 de Bancard. Las cuotas se verán reflejadas en el extracto del cliente. • No participan de la promoción las tarjetas de débito y crédito de afinidades Empresariales, Corporativas, Gift Card, Gourmet y Prepagas. • No acumulable con otras promociones. • ✓ Fermaco Calle de Servicio de la Ruta 6ta. Tramo Sur - Santa Rita, Paraguay",,,https://www.beneficiosbancognb.com.py/v2/beneficios/categorias/373,https://www.beneficiosbancognb.com.py/imagenes/4351_bases-y-condiciones-fermaco.pdf,
379,De La Paz Art&Co,Días GNB,Hasta 12 cuotas sin intereses.,2026-12-31,Del 05 de enero al 31 de diciembre del 2026.,2026-12-31,Hasta 12 cuotas sin intereses para pagos con tarjetas de crédito del Banco GNB Paraguay.,"Hasta 12 cuotas sin intereses. • Del 05 de enero al 31 de diciembre del 2026. • Para el fraccionamiento de las cuotas el cliente deberá solicitar/seleccionar la cantidad de cuotas que desea al momento del pago. Las cuotas se verán reflejadas en el extracto del cliente. • La promoción aplica todos los días durante el periodo de promoción. • No acumulable con otras promociones. • Beneficio también aplica a compras vía web. • No participan de la promoción las tarjetas de débito y crédito de afinidades Empresariales, Corporativas, Gift Card, Gourmet y Prepagas.",,,https://www.beneficiosbancognb.com.py/v2/beneficios/categorias/379,https://www.beneficiosbancognb.com.py/imagenes/4370_bases-y-condiciones-de-la-paz-art-co.pdf,
387,Bristol,Cuotas sin intereses,Hasta 12 cuotas sin intereses todos los días.,2026-12-31,Del 05 de enero al 31 de diciembre del 2026.,2026-12-31,"Hasta 12 cuotas sin intereses para tarjetas de afinidad Clásicas, Oro, Experience. Black, Black Premier, Metalcard Premier, Platinum, Infinite del Banco GNB Paraguay.","Hasta 12 cuotas sin intereses todos los días. • Del 05 de enero al 31 de diciembre del 2026. • Para el fraccionamiento de las cuotas el cliente deberá solicitar/seleccionar la cantidad de cuotas que desea al momento del pago. Las cuotas se verán reflejadas en el extracto del cliente. • No participan de la promoción las tarjetas de débito y crédito de afinidades Empresariales, Corporativas, Gift Card, Gourmet y Prepagas. • La promoción aplica todos los días durante el periodo de promoción. • No acumulable con otras promociones.",,,https://www.beneficiosbancognb.com.py/v2/beneficios/categorias/387,https://www.beneficiosbancognb.com.py/imagenes/4580_bases-y-condiciones-bristol.pdf,
397,Keeper,Cuotas sin intereses,Hasta 12 cuotas sin intereses todos los días.,2026-12-31,Del 05 de enero al 31 de diciembre del 2026.,2026-12-31,"Hasta 12 cuotas sin intereses para pagos con tarjetas de crédito Clásicas, Oro, Experience, Black, Black Premier, Metalcard Premier, Platinum e Infinite del Banco GNB Paraguay.","Hasta 12 cuotas sin intereses todos los días. • Del 05 de enero al 31 de diciembre del 2026. • Para el fraccionamiento de las cuotas el cliente deberá solicitar/seleccionar la cantidad de cuotas que desea al momento del pago. Las cuotas se verán reflejadas en el extracto del cliente. • No participan de la promoción las tarjetas de débito y crédito de afinidades Empresariales, Corporativas, Gift Card, Gourmet y Prepagas. • No acumulable con otras promociones. • ✓ Keeper Edificio Itavera, Facundo Machain c/ Emilio Pastore – Asunción, Paraguay.",,,https://www.beneficiosbancognb.com.py/v2/beneficios/categorias/397,https://www.beneficiosbancognb.com.py/imagenes/4433_bases-y-condiciones-keeper.pdf,
398,All Office,Cuotas sin intereses,Hasta 12 cuotas sin intereses todos los días.,2026-12-31,Del 05 de enero al 31 de diciembre del 2026.,2026-12-31,"Hasta 12 cuotas sin intereses para tarjetas de afinidad Clásicas, Oro, Experience. Black, Black Premier, Metalcard Premier, Platinum e Infinite Premier del Banco GNB Paraguay.","Hasta 12 cuotas sin intereses todos los días. • Del 05 de enero al 31 de diciembre del 2026. • Para el fraccionamiento de las cuotas el cliente deberá solicitar/seleccionar la cantidad de cuotas que desea al momento del pago. Las cuotas se verán reflejadas en el extracto del cliente. • No participan de la promoción las tarjetas de débito y crédito de afinidades Empresariales, Corporativas, Gift Card, Gourmet y Prepagas. • No acumulable con otras promociones. • ✓ All Office Procer Juan Manuel Iturbe 727 casi Tte Nery Quevedo - Asunción, Paraguay",,,https://www.beneficiosbancognb.com.py/v2/beneficios/categorias/398,https://www.beneficiosbancognb.com.py/imagenes/4435_bases-y-condiciones-all-office.pdf,
399,Cafexpress,Cuotas sin intereses,Hasta 12 cuotas sin intereses todos los días.,2026-12-31,Del 19 de marzo al 31 de diciembre del 2026.,2026-12-31,"Hasta 12 cuotas sin intereses para tarjetas de afinidad Clásicas, Oro, Experience. Black, Black Premier, Metalcard Premier, Platinum, Infinite del Banco GNB Paraguay.","Hasta 12 cuotas sin intereses todos los días. • Del 19 de marzo al 31 de diciembre del 2026. • Para el fraccionamiento de las cuotas el cliente deberá solicitar/seleccionar la cantidad de cuotas que desea al momento del pago. Las cuotas se verán reflejadas en el extracto del cliente. • No participan de la promoción las tarjetas de débito y crédito de afinidades Empresariales, Corporativas, Gift Card, Gourmet y Prepagas. • No acumulable con otras promociones. • Consulte las bases y condiciones para más información acerca de los locales adheridos.",,,https://www.beneficiosbancognb.com.py/v2/beneficios/categorias/399,https://www.beneficiosbancognb.com.py/imagenes/4437_bases-y-condiciones-cafexpress.pdf,
405,Claro Paraguay,Cuotas sin intereses,Hasta 12 cuotas sin intereses todos los días.,2026-12-31,Del 05 de enero al 31 de diciembre del 2026.,2026-12-31,"Hasta 12 cuotas sin intereses para las tarjetas de crédito Clásicas, Oro, Experience, Black, Black Premier, Metalcard Premier, Infinite y Platinum.","Hasta 12 cuotas sin intereses todos los días. • Del 05 de enero al 31 de diciembre del 2026. • Para el fraccionamiento de las cuotas el cliente deberá solicitar/seleccionar la cantidad de cuotas que desea bajo el Plan 1 de Bancard al momento del pago. Las cuotas se verán reflejadas en el extracto del cliente. • No participan de la promoción las tarjetas de débito y crédito de afinidades Empresariales, Corporativas, Gift Card, Gourmet y Prepagas. • No acumulable con otras promociones. • ✓ Claro 021 249 9000 – Paraguay",,,https://www.beneficiosbancognb.com.py/v2/beneficios/categorias/405,https://www.beneficiosbancognb.com.py/imagenes/4471_bases-y-condiciones-claro.pdf,
406,Clínica Arco,Cuotas sin intereses,Hasta 12 cuotas sin intereses todos los días.,2026-12-31,Del 05 de enero al 31 de diciembre del 2026.,2026-12-31,"Hasta 12 cuotas sin intereses para las tarjetas de crédito Clásicas, Oro, Experience, Black, Black Premier, Metalcard Premier, Infinite y Platinum.","Hasta 12 cuotas sin intereses todos los días. • Del 05 de enero al 31 de diciembre del 2026. • Para el fraccionamiento de las cuotas el cliente deberá solicitar/seleccionar la cantidad de cuotas que desea bajo el Plan 1 de Bancard al momento del pago. Las cuotas se verán reflejadas en el extracto del cliente. • No participan de la promoción las tarjetas de débito y crédito de afinidades Empresariales, Corporativas, Gift Card, Gourmet y Prepagas. • La promoción aplica todos los días durante el periodo de promoción. • No acumulable con otras promociones.",,,https://www.beneficiosbancognb.com.py/v2/beneficios/categorias/406,https://www.beneficiosbancognb.com.py/imagenes/4472_bases-y-condiciones-cl%C3%ADnica-arco.pdf,
412,Metal Center,Cuotas sin intereses,Hasta 12 cuotas sin intereses todos los días.,2026-12-31,Del 23 de febrero al 31 de diciembre del 2026.,2026-12-31,"Hasta 12 cuotas sin intereses para pagos con tarjetas de crédito Clásicas, Oro, Experience, Black, Black Premier, Metalcard Premier, Platinum e Infinite del Banco GNB Paraguay.","Hasta 12 cuotas sin intereses todos los días. • Del 23 de febrero al 31 de diciembre del 2026. • No participan de la promoción las tarjetas de débito y crédito de afinidades Empresariales, Corporativas, Gift Card, Gourmet y Prepagas. • Para el fraccionamiento de las cuotas el cliente deberá solicitar/seleccionar la cantidad de cuotas que desea al momento del pago. Las • No acumulable con otras promociones. • ✓ Metal Center Avda. Central, Km. 5. – Loma Plata, Paraguay.",,,https://www.beneficiosbancognb.com.py/v2/beneficios/categorias/412,https://www.beneficiosbancognb.com.py/imagenes/4497_bases-y-condiciones-metal-center.pdf,
424,Solucion Lab,Cuotas sin intereses,Hasta 12 cuotas sin intereses todos los días.,2026-12-31,Del 05 de enero al 31 de diciembre del 2026.,2026-12-31,Hasta 12 cuotas sin intereses para tarjetas de crédito del Banco GNB Paraguay.,"Hasta 12 cuotas sin intereses todos los días. • Del 05 de enero al 31 de diciembre del 2026. • Para el fraccionamiento de las cuotas el cliente deberá solicitar/seleccionar la cantidad de cuotas que desea al momento del pago. Las cuotas se verán reflejadas en el extracto del cliente. • Pagos realizados con tarjetas de crédito Banco GNB Paraguay S.A.E.C.A. • Pagos realizados con tarjetas de crédito física y/o QR en POS adheridos a la procesadora Bancard. • No participan de la promoción l as tarjetas de débito y crédito de afinidades Empresariales, Corporativas, Gift Card, Gourmet y Prepagas. • No acumulable con otras promociones.",,,https://www.beneficiosbancognb.com.py/v2/beneficios/categorias/424,https://www.beneficiosbancognb.com.py/imagenes/4544_bases-y-condiciones-soluci%C3%B3n-lab.pdf,
428,Ediciones Técnicas Paraguayas,Cuotas sin intereses,Hasta 12 cuotas sin intereses todos los días.,2026-12-31,Del 05 de enero al 31 de diciembre del 2026.,2026-12-31,Hasta 12 cuotas sin intereses para pagos con tarjetas de crédito Mastercard del Banco GNB Paraguay.,"Hasta 12 cuotas sin intereses todos los días. • Del 05 de enero al 31 de diciembre del 2026. • Para el fraccionamiento de las cuotas el cliente deberá solicitar/seleccionar la cantidad de cuotas que desea al momento del pago. Las cuotas se verán reflejadas en el extracto del cliente. • No participan de la promoción las tarjetas de débito y crédito; Visa, de afinidades Empresariales, Corporativas, Gift Card, Gourmet y Prepagas. • No acumulable con otras promociones.",,,https://www.beneficiosbancognb.com.py/v2/beneficios/categorias/428,https://www.beneficiosbancognb.com.py/imagenes/4574_bases-y-condiciones-ediciones-t%C3%A9cnicas-paraguayas.pdf,
435,La Bella Cucina,Cuotas sin intereses,Hasta 12 cuotas sin intereses.,2026-12-31,Del 05 de enero al 31 de diciembre del 2026.,2026-12-31,Hasta 12 cuotas sin intereses para pagos con tarjetas de crédito del Banco GNB Paraguay.,"Hasta 12 cuotas sin intereses. • Del 05 de enero al 31 de diciembre del 2026. • Para el fraccionamiento de las cuotas el cliente deberá solicitar/seleccionar la cantidad de cuotas que desea al momento del pago a través del Plan 1 de Bancard. Las cuotas se verán reflejadas en el extracto del cliente. • Pagos realizados con tarjetas de crédito Banco GNB Paraguay S.A.E.C.A. • No participan de la promoción las tarjetas de débito y crédito de afinidades Empresariales, Corporativas, Gift Card, Gourmet y Prepagas. • ✓ La Bella Cucina - Ave. Santísimo Sacramento casi Liberato Caballero Nº 975 – Asunción, Paraguay",,,https://www.beneficiosbancognb.com.py/v2/beneficios/categorias/435,https://www.beneficiosbancognb.com.py/imagenes/4596_bases-y-condiciones-la-bella-cucina.pdf,
441,Jardín de la Paz,Cuotas sin intereses,Hasta 12 cuotas sin intereses todos los días.,2026-12-31,Del 05 de enero al 31 de diciembre del 2026.,2026-12-31,"Hasta 12 cuotas sin intereses para pagos con tarjetas de crédito Clásicas, Oro, Experience, Black, Black Premier, Metalcard Premier, Platinum e Infinite del Banco GNB Paraguay.","Hasta 12 cuotas sin intereses todos los días. • Del 05 de enero al 31 de diciembre del 2026. • Para el fraccionamiento de las cuotas el cliente deberá solicitar/seleccionar la cantidad de cuotas que desea al momento del pago. Las cuotas se verán reflejadas en el extracto del cliente. • No participan de la promoción las tarjetas de débito y crédito de afinidades Empresariales, Corporativas, Gift Card, Gourmet y Prepagas. • La promoción aplica todos los días durante el periodo de promoción. • No acumulable con otras promociones. • ✓ Jardin de la Paz - Avda. República Argentina 1512 esq. Dr. Miguel Torres – Asunción, Paraguay.",,,https://www.beneficiosbancognb.com.py/v2/beneficios/categorias/441,https://www.beneficiosbancognb.com.py/imagenes/4616_bases-y-condiciones-jard%C3%ADn-de-la-paz.pdf,
442,Oral Studio,Cuotas sin intereses,Hasta 12 cuotas sin intereses todos los días.,2026-12-31,Del 05 de enero al 31 de diciembre del 2026.,2026-12-31,Hasta 12 cuotas sin intereses para tarjetas de crédito del Banco GNB Paraguay.,"Hasta 12 cuotas sin intereses todos los días. • Del 05 de enero al 31 de diciembre del 2026. • Para el fraccionamiento de las cuotas el cliente deberá solicitar/seleccionar la cantidad de cuotas que desea al momento del pago. Las cuotas se verán reflejadas en el extracto del cliente. • No participan de la promoción las tarjetas de débito y crédito; de afinidades Empresariales, Corporativas, Gift Card, Gourmet y Prepagas. • La promoción aplica todos los días durante el periodo de promoción. • No acumulable con otras promociones. • ✓ Oral Studio Clínica Dental - San Roque González 552 entre Andrés Campos Cervera y Manuel Castillo - Asunción, Paraguay",,,https://www.beneficiosbancognb.com.py/v2/beneficios/categorias/442,https://www.beneficiosbancognb.com.py/imagenes/4620_bases-y-condiciones-oral-studio.pdf,
443,Aqualar,Cuotas sin intereses,Hasta 12 cuotas sin intereses todos los días.,2026-12-31,Del 05 de enero al 31 de diciembre del 2026.,2026-12-31,"Hasta 12 cuotas sin intereses para tarjetas de afinidad Oro, Experience. Black, Black Premier, Metalcard Premier, Platinum, Infinite del Banco GNB Paraguay.","Hasta 12 cuotas sin intereses todos los días. • Del 05 de enero al 31 de diciembre del 2026. • Para el fraccionamiento de las cuotas el cliente deberá solicitar/seleccionar la cantidad de cuotas que desea al momento del pago. Las cuotas se verán reflejadas en el extracto del cliente. • No participan de la promoción las tarjetas de débito y crédito; Clásicas, de afinidades Empresariales, Corporativas, Gift Card, Gourmet y Prepagas. • La promoción aplica todos los días durante el periodo de promoción. • No acumulable con otras promociones. • ✓ Aqualar - San Francisco 587 Esq Juan De Salazar - Asunción, Paraguay",,,https://www.beneficiosbancognb.com.py/v2/beneficios/categorias/443,https://www.beneficiosbancognb.com.py/imagenes/4621_bases-y-condiciones-aqualar.pdf,
444,COM-PAR,Cuotas sin intereses,Hasta 12 cuotas sin intereses todos los días.,2026-12-31,Del 05 de enero al 31 de diciembre del 2026.,2026-12-31,Hasta 12 cuotas sin intereses para tarjetas de crédito del Banco GNB Paraguay.,"Hasta 12 cuotas sin intereses todos los días. • Del 05 de enero al 31 de diciembre del 2026. • Para el fraccionamiento de las cuotas el cliente deberá solicitar/seleccionar la cantidad de cuotas que desea al momento del pago. Las cuotas se verán reflejadas en el extracto del cliente. • No participan de la promoción las tarjetas de débito y crédito; de afinidades Empresariales, Corporativas, Gift Card, Gourmet y Prepagas. • La promoción aplica todos los días durante el periodo de promoción. • No acumulable con otras promociones. • ✓ COM-PAR - Cirilo Rivarola N°6480 casi Mayor Pastore - Asunción, Paraguay",,,https://www.beneficiosbancognb.com.py/v2/beneficios/categorias/444,https://www.beneficiosbancognb.com.py/imagenes/4618_bases-y-condiciones-com-par.pdf,
458,Wellness Clinic,Días GNB,Hasta 12 cuotas sin intereses todos los días.,2026-12-31,Del 05 de enero al 31 de diciembre del 2026.,2026-12-31,"Hasta 12 cuotas sin intereses para las tarjetas de crédito Clásicas, Oro, Experience, Black, Black Premier, Metalcard Premier, Infinite y Platinum del Banco GNB Paraguay.","Hasta 12 cuotas sin intereses todos los días. • Del 05 de enero al 31 de diciembre del 2026. • Para el fraccionamiento de las cuotas el cliente deberá solicitar/seleccionar la cantidad de cuotas que desea bajo el Plan 1 de Bancard al momento del pago. Las cuotas se verán reflejadas en el extracto del cliente. • No participan de la promoción las tarjetas de débito y crédito de afinidades Empresariales, Corporativas, Gift Card, Gourmet y Prepagas. • La promoción aplica todos los días durante el periodo de promoción. • No acumulable con otras promociones.",,,https://www.beneficiosbancognb.com.py/v2/beneficios/categorias/458,https://www.beneficiosbancognb.com.py/imagenes/4665_bases-y-condiciones-wellness-clinic.pdf,
470,Sanisart,Cuotas sin intereses,Hasta 12 cuotas sin intereses todos los días.,2026-12-31,Del 1 de febrero al 31 de diciembre del 2026.,2026-12-31,"Hasta 12 cuotas sin intereses para pagos con tarjetas de crédito Clásicas, Oro, Experience, Black, Black Premier, Metalcard Premier, Platinum e Infinite del Banco GNB Paraguay.","Hasta 12 cuotas sin intereses todos los días. • Del 1 de febrero al 31 de diciembre del 2026. • Para el fraccionamiento de las cuotas el cliente deberá solicitar/seleccionar la cantidad de cuotas que desea al momento del pago. Las cuotas se verán reflejadas en el extracto del cliente. • No participan de la promoción las tarjetas de débito y crédito de afinidades Empresariales, Corporativas, Gift Card, Gourmet y Prepagas. • No acumulable con otras promociones.",,,https://www.beneficiosbancognb.com.py/v2/beneficios/categorias/470,https://www.beneficiosbancognb.com.py/imagenes/4704_bases-y-condiciones-sanisart.pdf,
476,Bellisima,Cuotas sin intereses,Hasta 12 cuotas sin intereses todos los días.,2026-12-31,Del 22 de enero al 31 de diciembre del 2026.,2026-12-31,"Hasta 12 cuotas sin intereses para pagos con tarjetas de crédito Clásicas, Oro, Experience, Black, Black Premier, Metalcard Premier, Platinum e Infinite del Banco GNB Paraguay.","Hasta 12 cuotas sin intereses todos los días. • Del 22 de enero al 31 de diciembre del 2026. • Para el fraccionamiento de las cuotas el cliente deberá solicitar/seleccionar la cantidad de cuotas que desea al momento del pago. Las cuotas se verán reflejadas en el extracto del cliente. • No participan de la promoción las tarjetas de débito y crédito de afinidades Empresariales, Corporativas, Gift Card, Gourmet y Prepagas. • No acumulable con otras promociones. • La promoción también aplica a compras vía web.",,,https://www.beneficiosbancognb.com.py/v2/beneficios/categorias/476,https://www.beneficiosbancognb.com.py/imagenes/4717_bases-y-condiciones-bellisima.pdf,
478,Inoga,Cuotas sin intereses,Hasta 12 cuotas sin intereses todos los días.,2026-12-31,Del 05 de enero al 31 de diciembre del 2026.,2026-12-31,"Hasta 12 cuotas sin intereses para pagos con tarjetas de crédito Visa y/o Mastercard de afinidades Clásica, Oro, Experience, Black, Black Premier, Metalcard Premier, Platinum e Infinite del Banco GNB Paraguay.","Hasta 12 cuotas sin intereses todos los días. • Del 05 de enero al 31 de diciembre del 2026. • El fraccionamiento de las cuotas deberá ser solicitado al momento de la compra por Plan 1 de Bancard. Las cuotas se verán reflejadas en el extracto del cliente. • No participan de la promoción las tarjetas de débito y crédito de afinidades Empresariales, Corporativas, Gift Card, Gourmet y Prepagas. • No acumulable con otras promociones.",,,https://www.beneficiosbancognb.com.py/v2/beneficios/categorias/478,https://www.beneficiosbancognb.com.py/imagenes/4721_bases-y-condiciones-inoga-octubre.pdf,
481,Luminotecnia,Cuotas sin intereses,Hasta 12 cuotas sin intereses todos los días.,2026-12-31,Del 05 de enero al 31 de diciembre del 2026.,2026-12-31,"Hasta 12 cuotas sin intereses para tarjetas de afinidad Clásicas, Oro, Experience. Black, Black Premier, Metalcard Premier, Platinum e Infinite Premier del Banco GNB Paraguay.","Hasta 12 cuotas sin intereses todos los días. • Del 05 de enero al 31 de diciembre del 2026. • Para el fraccionamiento de las cuotas el cliente deberá solicitar/seleccionar la cantidad de cuotas que desea al momento del pago bajo el Plan 1 de Bancard. Las cuotas se verán reflejadas en el extracto del cliente. • No participan de la promoción las tarjetas de débito y crédito de afinidades Empresariales, Corporativas, Gift Card, Gourmet y Prepagas. • No acumulable con otras promociones.",,,https://www.beneficiosbancognb.com.py/v2/beneficios/categorias/481,https://www.beneficiosbancognb.com.py/imagenes/4736_bases-y-condiciones-luminotecnia.pdf,
500,Gadget,Cuotas sin intereses,Hasta 12 cuotas sin intereses todos los días.,2026-11-30,Del 16 de marzo al 30 de noviembre del 2026.,2026-11-30,"Hasta 12 cuotas sin intereses para pagos con tarjetas de crédito Clásicas, Oro, Experience, Black, Black Premier, Metalcard Premier, Platinum e Infinite del Banco GNB Paraguay.","Hasta 12 cuotas sin intereses todos los días. • Del 16 de marzo al 30 de noviembre del 2026. • Para el fraccionamiento de las cuotas el cliente deberá solicitar/seleccionar la cantidad de cuotas que desea al momento del pago. Las cuotas se verán reflejadas en el extracto del cliente. • No participan de la promoción las tarjetas de débito y crédito de afinidades Empresariales, Corporativas, Gift Card, Gourmet y Prepagas. • No acumulable con otras promociones.",,,https://www.beneficiosbancognb.com.py/v2/beneficios/categorias/500,https://www.beneficiosbancognb.com.py/imagenes/4788_bases-y-condiciones-gadget.pdf,
502,De La Sobera,Cuotas sin intereses,Hasta 12 cuotas sin intereses todos los días.,2026-12-31,Del 05 de enero al 31 de diciembre del 2026.,2026-12-31,"Hasta 12 cuotas sin intereses para tarjetas de afinidad Clásicas, Oro, Experience. Black, Black Premier, Metalcard Premier, Platinum e Infinite Premier del Banco GNB Paraguay.","Hasta 12 cuotas sin intereses todos los días. • Del 05 de enero al 31 de diciembre del 2026. • Para el fraccionamiento de las cuotas el cliente deberá solicitar/seleccionar la cantidad de cuotas que desea al momento del pago bajo el Plan 1 de Bancard. Las cuotas se verán reflejadas en el extracto del cliente. • No participan de la promoción las tarjetas de débito y crédito de afinidades Empresariales, Corporativas, Gift Card, Gourmet y Prepagas. • La promoción aplica todos los días durante el periodo de promoción. • No acumulable con otras promociones.",,,https://www.beneficiosbancognb.com.py/v2/beneficios/categorias/502,https://www.beneficiosbancognb.com.py/imagenes/4804_bases-y-condiciones-de-la-sobera.pdf,
503,Prestigio Muebles,Cuotas sin intereses,Hasta 12 cuotas sin intereses todos los días.,2026-12-31,Del 05 de enero al 31 de diciembre del 2026.,2026-12-31,"Hasta 12 cuotas sin intereses para tarjetas de afinidad Clásicas, Oro, Experience. Black, Black Premier, Metalcard Premier, Platinum e Infinite Premier del Banco GNB Paraguay.","Hasta 12 cuotas sin intereses todos los días. • Del 05 de enero al 31 de diciembre del 2026. • Para el fraccionamiento de las cuotas el cliente deberá solicitar/seleccionar la cantidad de cuotas que desea al momento del pago bajo el Plan 1 de Bancard. Las cuotas se verán reflejadas en el extracto del cliente. • No participan de la promoción las tarjetas de débito y crédito de afinidades Empresariales, Corporativas, Gift Card, Gourmet y Prepagas. • La promoción aplica todos los días durante el periodo de promoción. • No acumulable con otras promociones.",,,https://www.beneficiosbancognb.com.py/v2/beneficios/categorias/503,https://www.beneficiosbancognb.com.py/imagenes/4807_bases-y-condiciones-prestigio-muebles.pdf,
504,Odontología 3,Cuotas sin intereses,Hasta 12 cuotas sin intereses todos los días.,2026-12-31,Del 05 de enero al 31 de diciembre del 2026.,2026-12-31,"Hasta 12 cuotas sin intereses para tarjetas de afinidad Clásicas, Oro, Experience. Black, Black Premier, Metalcard Premier, Platinum e Infinite Premier del Banco GNB Paraguay.","Hasta 12 cuotas sin intereses todos los días. • Del 05 de enero al 31 de diciembre del 2026. • Para el fraccionamiento de las cuotas el cliente deberá solicitar/seleccionar la cantidad de cuotas que desea al momento del pago bajo el Plan 1 de Bancard. Las cuotas se verán reflejadas en el extracto del cliente. • No participan de la promoción las tarjetas de débito y crédito de afinidades Empresariales, Corporativas, Gift Card, Gourmet y Prepagas. • La promoción aplica todos los días durante el periodo de promoción. • No acumulable con otras promociones.",,,https://www.beneficiosbancognb.com.py/v2/beneficios/categorias/504,https://www.beneficiosbancognb.com.py/imagenes/4809_bases-y-condiciones-odontolog%C3%ADa-3.pdf,
505,Fortezza,Cuotas sin intereses,Hasta 12 cuotas sin intereses todos los días.,2026-12-31,Del 05 de enero al 31 de diciembre del 2026.,2026-12-31,"Hasta 12 cuotas sin intereses para tarjetas de afinidad Clásicas, Oro, Experience. Black, Black Premier, Metalcard Premier, Platinum e Infinite Premier del Banco GNB Paraguay.","Hasta 12 cuotas sin intereses todos los días. • Del 05 de enero al 31 de diciembre del 2026. • Para el fraccionamiento de las cuotas el cliente deberá solicitar/seleccionar la cantidad de cuotas que desea al momento del pago bajo el Plan 1 de Bancard. Las cuotas se verán reflejadas en el extracto del cliente. • No participan de la promoción las tarjetas de débito y crédito de afinidades Empresariales, Corporativas, Gift Card, Gourmet y Prepagas. • La promoción aplica todos los días durante el periodo de promoción. • No acumulable con otras promociones.",,,https://www.beneficiosbancognb.com.py/v2/beneficios/categorias/505,https://www.beneficiosbancognb.com.py/imagenes/4811_bases-y-condiciones-fortezza.pdf,
506,Paraná Hogar,Cuotas sin intereses,Hasta 12 cuotas sin intereses todos los días.,2026-12-31,Del 15 de enero al 31 de diciembre del 2026.,2026-12-31,"Hasta 12 cuotas sin intereses para pagos con tarjetas de crédito Visa y/o Mastercard de afinidades Clásica, Oro, Experience, Black, Black Premier, Metalcard Premier, Platinum e Infinite del Banco GNB Paraguay.","Hasta 12 cuotas sin intereses todos los días. • Del 15 de enero al 31 de diciembre del 2026. • El fraccionamiento de las cuotas deberá ser solicitado al momento de la compra por Plan 1 de Bancard. Las cuotas se verán reflejadas en el extracto del cliente. • No participan de la promoción las tarjetas de débito y crédito de afinidades Empresariales, Corporativas, Gift Card, Gourmet y Prepagas. • No aplica para pagos realizados a través de plataformas de terceros. • No acumulable con otras promociones.",,,https://www.beneficiosbancognb.com.py/v2/beneficios/categorias/506,https://www.beneficiosbancognb.com.py/imagenes/4806_bases-y-condiciones-parana-hogar.pdf,
512,Emtop Store,Cuotas sin intereses,Hasta 12 cuotas sin intereses todos los días.,2026-12-31,Del 05 de enero al 31 de diciembre del 2026.,2026-12-31,Hasta 12 cuotas sin intereses para pagos con tarjetas de crédito del Banco GNB Paraguay.,"Hasta 12 cuotas sin intereses todos los días. • Del 05 de enero al 31 de diciembre del 2026. • Para el fraccionamiento de las cuotas el cliente deberá solicitar/seleccionar la cantidad de cuotas que desea al momento del pago. Las cuotas se verán reflejadas en el extracto del cliente. • No participan de la promoción las tarjetas de débito y crédito de afinidades Empresariales, Corporativas, Gift Card, Gourmet y Prepagas. • La promoción aplica todos los días durante el periodo de promoción. • No acumulable con otras promociones.",,,https://www.beneficiosbancognb.com.py/v2/beneficios/categorias/512,https://www.beneficiosbancognb.com.py/imagenes/4833_bases-y-condiciones-emtop-store.pdf,
516,Impacto,Cuotas sin intereses,Hasta 12 cuotas sin intereses todos los días.,2026-12-31,Del 05 de enero al 31 de diciembre del 2026.,2026-12-31,Hasta 12 cuotas sin intereses para pagos con tarjetas de crédito del Banco GNB Paraguay.,"Hasta 12 cuotas sin intereses todos los días. • Del 05 de enero al 31 de diciembre del 2026. • Para el fraccionamiento de las cuotas el cliente deberá solicitar/seleccionar la cantidad de cuotas que desea al momento del pago. Las cuotas se verán reflejadas en el extracto del cliente. • No participan de la promoción las tarjetas de débito y crédito de afinidades Empresariales, Corporativas, Gift Card, Gourmet y Prepagas. • No acumulable con otras promociones. • Beneficio aplica a todas las sucursales del comercio.",,,https://www.beneficiosbancognb.com.py/v2/beneficios/categorias/516,https://www.beneficiosbancognb.com.py/imagenes/4855_bases-y-condiciones-impacto.pdf,
523,OneRide,Cuotas sin intereses,Hasta 12 cuotas sin intereses todos los días.,2026-12-31,Del 05 de enero al 31 de diciembre del 2026.,2026-12-31,Hasta 12 cuotas sin intereses para pagos con tarjetas de crédito del Banco GNB Paraguay.,"Hasta 12 cuotas sin intereses todos los días. • Del 05 de enero al 31 de diciembre del 2026. • Para el fraccionamiento de las cuotas el cliente deberá solicitar/seleccionar la cantidad de cuotas que desea al momento del pago. Las cuotas se verán reflejadas en el extracto del client • No participan de la promoción las tarjetas de débito y crédito de afinidades Empresariales, Corporativas, Gift Card, Gourmet y Prepagas. • No acumulable con otras promociones.",,,https://www.beneficiosbancognb.com.py/v2/beneficios/categorias/523,https://www.beneficiosbancognb.com.py/imagenes/4870_bases-y-condiciones-oneride.pdf,
527,Margraf,Cuotas sin intereses,Hasta 12 cuotas sin intereses todos los días.,2026-12-31,Del 05 de enero al 31 de diciembre del 2026.,2026-12-31,"Hasta 12 cuotas sin intereses para tarjetas de afinidad Clásicas, Oro, Experience. Black, Black Premier, Metalcard Premier, Platinum e Infinite Premier del Banco GNB Paraguay.","Hasta 12 cuotas sin intereses todos los días. • Del 05 de enero al 31 de diciembre del 2026. • Para el fraccionamiento de las cuotas el cliente deberá solicitar/seleccionar la cantidad de cuotas que desea al momento del pago bajo el Plan 1 de Bancard. Las cuotas se verán reflejadas en el extracto del cliente. • No participan de la promoción las tarjetas de débito y crédito de afinidades Empresariales, Corporativas, Gift Card, Gourmet y Prepagas. • La promoción aplica todos los días durante el periodo de promoción. • No acumulable con otras promociones.",,,https://www.beneficiosbancognb.com.py/v2/beneficios/categorias/527,https://www.beneficiosbancognb.com.py/imagenes/4889_bases-y-condiciones-margraf-dental-health-center.pdf,
529,Shopping Herrajes,Cuotas sin intereses,Hasta 12 cuotas sin intereses todos los días.,2026-12-31,Del 14 de enero al 31 de diciembre del 2026.,2026-12-31,"Hasta 12 cuotas sin intereses para tarjetas de afinidad Clásicas, Oro, Experience. Black, Black Premier, Metalcard Premier, Platinum e Infinite Premier del Banco GNB Paraguay.","Hasta 12 cuotas sin intereses todos los días. • Del 14 de enero al 31 de diciembre del 2026. • Para el fraccionamiento de las cuotas el cliente deberá solicitar/seleccionar la cantidad de cuotas que desea al momento del pago bajo el Plan 1 de Bancard. Las cuotas se verán reflejadas en el extracto del cliente. • No participan de la promoción las tarjetas de débito y crédito de afinidades Empresariales, Corporativas, Gift Card, Gourmet y Prepagas. • La promoción aplica todos los días durante el periodo de promoción. • No acumulable con otras promociones.",,,https://www.beneficiosbancognb.com.py/v2/beneficios/categorias/529,https://www.beneficiosbancognb.com.py/imagenes/4896_bases-y-condiciones-shopping-herrajes-002-.pdf,
530,Music Hall,Cuotas sin intereses,Hasta 12 cuotas sin intereses todos los días.,2026-12-31,Del 05 de enero al 31 de diciembre del 2026.,2026-12-31,Hasta 12 cuotas sin intereses para pagos con tarjetas de crédito del Banco GNB Paraguay.,"Hasta 12 cuotas sin intereses todos los días. • Del 05 de enero al 31 de diciembre del 2026. • Para el fraccionamiento de las cuotas el cliente deberá solicitar/seleccionar la cantidad de cuotas que desea al momento del pago. Las cuotas se verán reflejadas en el extracto del cliente. • No participan de la promoción las tarjetas de débito, de afinidades Empresariales, Corporativas, Gift Card, Gourmet y Prepagas. • No acumulable con otras promociones.",,,https://www.beneficiosbancognb.com.py/v2/beneficios/categorias/530,https://www.beneficiosbancognb.com.py/imagenes/4907_bases-y-condiciones-music-hall.pdf,
532,Master Shop,Cuotas sin intereses,Hasta 12 cuotas sin intereses todos los días.,2026-12-31,Del 05 de enero al 31 de diciembre del 2026.,2026-12-31,"Hasta 12 cuotas sin intereses para tarjetas de afinidad Clásicas, Oro, Experience. Black, Black Premier, Metalcard Premier, Platinum e Infinite Premier del Banco GNB Paraguay.","Hasta 12 cuotas sin intereses todos los días. • Del 05 de enero al 31 de diciembre del 2026. • Para el fraccionamiento de las cuotas el cliente deberá solicitar/seleccionar la cantidad de cuotas que desea al momento del pago bajo el Plan 1 de Bancard. Las cuotas se verán reflejadas en el extracto del cliente. • No participan de la promoción las tarjetas de débito y crédito de afinidades Empresariales, Corporativas, Gift Card, Gourmet y Prepagas. • No acumulable con otras promociones.",,,https://www.beneficiosbancognb.com.py/v2/beneficios/categorias/532,https://www.beneficiosbancognb.com.py/imagenes/4911_bases-y-condiciones-master-shop-002-.pdf,
536,24.7 Materiales Eléctricos,Cuotas sin intereses,Hasta 12 cuotas sin intereses todos los días.,2026-12-31,Del 05 de enero al 31 de diciembre del 2026.,2026-12-31,"Hasta 12 cuotas sin intereses para tarjetas de afinidad Clásicas, Oro, Experience. Black, Black Premier, Metalcard Premier, Platinum e Infinite Premier del Banco GNB Paraguay.","Hasta 12 cuotas sin intereses todos los días. • Del 05 de enero al 31 de diciembre del 2026. • Para el fraccionamiento de las cuotas el cliente deberá solicitar/seleccionar la cantidad de cuotas que desea al momento del pago bajo el Plan 1 de Bancard. Las cuotas se verán reflejadas en el extracto del cliente. • No participan de la promoción las tarjetas de débito y crédito de afinidades Empresariales, Corporativas, Gift Card, Gourmet y Prepagas. • No acumulable con otras promociones.",,,https://www.beneficiosbancognb.com.py/v2/beneficios/categorias/536,https://www.beneficiosbancognb.com.py/imagenes/4923_bases-y-condiciones-24.7-materiales-el%C3%A9ctricos.pdf,
554,Puerto Liebig,Cuotas sin intereses,Hasta 12 cuotas sin intereses todos los días.,2026-12-31,Del 14 de enero al 31 de diciembre del 2026.,2026-12-31,"Hasta 12 cuotas sin intereses para tarjetas de afinidad Clásicas, Oro, Experience. Black, Black Premier, Metalcard Premier, Platinum e Infinite Premier del Banco GNB Paraguay.","Hasta 12 cuotas sin intereses todos los días. • Del 14 de enero al 31 de diciembre del 2026. • Para el fraccionamiento de las cuotas el cliente deberá solicitar/seleccionar la cantidad de cuotas que desea al momento del pago bajo el Plan 1 de Bancard. Las cuotas se verán reflejadas en el extracto del cliente. • No participan de la promoción las tarjetas de débito y crédito de afinidades Empresariales, Corporativas, Gift Card, Gourmet y Prepagas. • No acumulable con otras promociones.",,,https://www.beneficiosbancognb.com.py/v2/beneficios/categorias/554,https://www.beneficiosbancognb.com.py/imagenes/4975_bases-y-condiciones-puerto-liebig.pdf,
561,Friopar,Cuotas sin intereses,Hasta 12 cuotas sin intereses todos los días.,2026-12-31,Del 19 de enero al 31 de diciembre del 2026.,2026-12-31,"Hasta 12 cuotas sin intereses para tarjetas de afinidad Clásicas, Oro, Experience. Black, Black Premier, Metalcard Premier, Platinum e Infinite Premier del Banco GNB Paraguay.","Hasta 12 cuotas sin intereses todos los días. • Del 19 de enero al 31 de diciembre del 2026. • Para el fraccionamiento de las cuotas el cliente deberá solicitar/seleccionar la cantidad de cuotas que desea al momento del pago bajo el Plan 1 de Bancard. Las cuotas se verán reflejadas en el extracto del cliente. • No participan de la promoción las tarjetas de débito y crédito de afinidades Empresariales, Corporativas, Gift Card, Gourmet y Prepagas. • No acumulable con otras promociones.",,,https://www.beneficiosbancognb.com.py/v2/beneficios/categorias/561,https://www.beneficiosbancognb.com.py/imagenes/5013_bases-y-condiciones-friopar.pdf,
564,Casa Imperial,Cuotas sin intereses,Hasta 12 cuotas sin intereses todos los días.,2026-12-31,Del 28 de enero al 31 de diciembre del 2026.,2026-12-31,"Hasta 12 cuotas sin intereses para tarjetas de afinidad Clásicas, Oro, Experience. Black, Black Premier, Metalcard Premier, Platinum e Infinite Premier del Banco GNB Paraguay.","Hasta 12 cuotas sin intereses todos los días. • Del 28 de enero al 31 de diciembre del 2026. • Para el fraccionamiento de las cuotas el cliente deberá solicitar/seleccionar la cantidad de cuotas que desea al momento del pago bajo el Plan 1 de Bancard. Las cuotas se verán reflejadas en el extracto del cliente. • No participan de la promoción las tarjetas de débito y crédito de afinidades Empresariales, Corporativas, Gift Card, Gourmet y Prepagas. • No acumulable con otras promociones.",,,https://www.beneficiosbancognb.com.py/v2/beneficios/categorias/564,https://www.beneficiosbancognb.com.py/imagenes/5025_bases-y-condiciones-casa-imperial.pdf,
590,Cycles Shop,Cuotas sin intereses,Hasta 6 cuotas sin intereses todos los días.,2026-12-31,Del 01 de marzo al 31 de diciembre del 2026.,2026-12-31,"Hasta 6 cuotas sin intereses para tarjetas de afinidad Oro, Experience. Black, Black Premier, Metalcard Premier, Platinum, Infinite del Banco GNB Paraguay.","Hasta 6 cuotas sin intereses todos los días. • Del 01 de marzo al 31 de diciembre del 2026. • Para el fraccionamiento de las cuotas el cliente deberá solicitar/seleccionar la cantidad de cuotas que desea al momento del pago. Las cuotas se verán reflejadas en el extracto del cliente. • No participan de la promoción las tarjetas de débito y crédito; Clásicas, de afinidades Empresariales, Corporativas, Gift Card, Gourmet y Prepagas. • No acumulable con otras promociones.",,,https://www.beneficiosbancognb.com.py/v2/beneficios/categorias/590,https://www.beneficiosbancognb.com.py/imagenes/5062_bases-y-condiciones-cycles-shop.pdf,
594,Tigo,Cuotas sin intereses,Hasta 12 cuotas sin intereses todos los días.,2026-12-31,Del 05 de enero al 31 de diciembre del 2026.,2026-12-31,Hasta 12 cuotas sin intereses para pagos con tarjetas de crédito del Banco GNB Paraguay.,"Hasta 12 cuotas sin intereses todos los días. • Del 05 de enero al 31 de diciembre del 2026. • Para el fraccionamiento de las cuotas el cliente deberá solicitar/seleccionar la cantidad de cuotas que desea al momento del pago. Las cuotas se verán reflejadas en el extracto del cliente. • No participan de la promoción las tarjetas de débito, de afinidades Empresariales, Corporativas, Gift Card, Gourmet y Prepagas. • No acumulable con otras promociones.",,,https://www.beneficiosbancognb.com.py/v2/beneficios/categorias/594,https://www.beneficiosbancognb.com.py/imagenes/5071_bases-y-condiciones-tigo.pdf,
595,Siegen,Cuotas sin intereses,Hasta 12 cuotas sin intereses todos los días.,2026-12-31,Del 09 de marzo al 31 de diciembre del 2026.,2026-12-31,Hasta 12 cuotas sin intereses para pagos realizados con las tarjetas de crédito del Banco GNB Paraguay.,"Hasta 12 cuotas sin intereses todos los días. • Del 09 de marzo al 31 de diciembre del 2026. • Para el fraccionamiento de las cuotas el cliente deberá solicitar/seleccionar la cantidad de cuotas que sea al momento del pago. Las cuotas se verán reflejadas en el extracto del cliente. • No participan de la promoción las tarjetas de débito y crédito; afinidades Empresariales, Corporativas, Gift Card, Gourmet y Prepagas. • No acumulable con otras promociones. • No aplicable a pagos a través del e-commerce.",,,https://www.beneficiosbancognb.com.py/v2/beneficios/categorias/595,https://www.beneficiosbancognb.com.py/imagenes/5073_bases-y-condiciones-siegen.pdf,
596,Casa Liz,Cuotas sin intereses,Hasta 12 cuotas sin intereses todos los días.,2026-12-31,Del 19 de febrero al 31 de diciembre del 2026.,2026-12-31,Hasta 12 cuotas sin intereses para pagos con tarjetas de crédito del Banco GNB Paraguay.,"Hasta 12 cuotas sin intereses todos los días. • Del 19 de febrero al 31 de diciembre del 2026. • Para el fraccionamiento de las cuotas el cliente deberá solicitar/seleccionar la cantidad de cuotas que desea al momento del pago. Las cuotas se verán reflejadas en el extracto del cliente. • No participan de la promoción las tarjetas de débito, de afinidades Empresariales, Corporativas, Gift Card, Gourmet y Prepagas. • No acumulable con otras promociones.",,,https://www.beneficiosbancognb.com.py/v2/beneficios/categorias/596,https://www.beneficiosbancognb.com.py/imagenes/5075_bases-y-condiciones-casa-liz-santani.pdf,
607,El Pescador,Cuotas sin intereses,Hasta 6 cuotas sin intereses todos los días.,2026-12-31,Del 18 de marzo al 31 de diciembre del 2026.,2026-12-31,Hasta 6 cuotas sin intereses para pagos con tarjetas de crédito del Banco GNB Paraguay.,"Hasta 6 cuotas sin intereses todos los días. • Del 18 de marzo al 31 de diciembre del 2026. • Para el fraccionamiento de las cuotas el cliente deberá solicitar/seleccionar la cantidad de cuotas que desea al momento del pago. Las cuotas se verán reflejadas en el extracto del cliente. • No participan de la promoción las tarjetas de débito, de afinidades Empresariales, Corporativas, Gift Card, Gourmet y Prepagas. • No acumulable con otras promociones.",,,https://www.beneficiosbancognb.com.py/v2/beneficios/categorias/607,https://www.beneficiosbancognb.com.py/imagenes/5109_bases-y-condiciones-el-pescador.pdf,
608,CBC Muebles,Cuotas sin intereses,Hasta 12 cuotas sin intereses todos los días.,2026-12-31,Del 10 de abril al 31 de diciembre del 2026.,2026-12-31,Hasta 12 cuotas sin intereses para pagos con tarjetas de crédito del Banco GNB Paraguay.,"Hasta 12 cuotas sin intereses todos los días. • Del 10 de abril al 31 de diciembre del 2026. • Para el fraccionamiento de las cuotas el cliente deberá solicitar/seleccionar la cantidad de cuotas que desea al momento del pago. Las cuotas se verán reflejadas en el extracto del cliente. • No participan de la promoción las tarjetas de débito, de afinidades Empresariales, Corporativas, Gift Card, Gourmet y Prepagas. • No acumulable con otras promociones.",,,https://www.beneficiosbancognb.com.py/v2/beneficios/categorias/608,https://www.beneficiosbancognb.com.py/imagenes/5111_bases-y-condiciones-cbc-muebles.pdf,
613,Monte Serra Furniture,Cuotas sin intereses,Hasta 12 cuotas sin intereses todos los días.,2026-12-31,Del 27 de abril al 31 de diciembre del 2026.,2026-12-31,Hasta 12 cuotas sin intereses para pagos con tarjetas de crédito del Banco GNB Paraguay.,"Hasta 12 cuotas sin intereses todos los días. • Del 27 de abril al 31 de diciembre del 2026. • Para el fraccionamiento de las cuotas el cliente deberá solicitar/seleccionar la cantidad de cuotas que desea al momento del pago. Las cuotas se verán reflejadas en el extracto del cliente. • No participan de la promoción las tarjetas de débito, de afinidades Empresariales, Corporativas, Gift Card, Gourmet y Prepagas. • No acumulable con otras promociones.",,,https://www.beneficiosbancognb.com.py/v2/beneficios/categorias/613,https://www.beneficiosbancognb.com.py/imagenes/5119_bases-y-condiciones-monte-serra-furniture.pdf,
628,Maxicolor,Cuotas sin intereses,Hasta 12 cuotas sin intereses todos los días.,2026-12-31,Del 11 de junio al 31 de diciembre del 2026.,2026-12-31,"Hasta 12 cuotas sin intereses para tarjetas de afinidad Oro, Experience. Black, Black Premier, Metalcard Premier, Platinum, Infinite del Banco GNB Paraguay.","Hasta 12 cuotas sin intereses todos los días. • Del 11 de junio al 31 de diciembre del 2026. • No participan de la promoción las tarjetas de débito y crédito; Clásicas, de afinidades Empresariales, Corporativas, Gift Card, Gourmet y Prepagas. • Para el fraccionamiento de las cuotas el cliente deberá solicitar/seleccionar la cantidad de cuotas que desea al momento del pago. Las cuotas se verán reflejadas en el extracto del cliente. • No acumulable con otras promociones.",,,https://www.beneficiosbancognb.com.py/v2/beneficios/categorias/628,https://www.beneficiosbancognb.com.py/imagenes/5196_bases-y-condiciones-maxicolor.pdf,
629,Distribuidora Jasy,Cuotas sin intereses,Hasta 12 cuotas sin intereses todos los días.,2026-12-31,Del 11 de junio al 31 de diciembre del 2026.,2026-12-31,"Hasta 12 cuotas sin intereses para tarjetas de afinidad Oro, Experience. Black, Black Premier, Metalcard Premier, Platinum, Infinite del Banco GNB Paraguay.","Hasta 12 cuotas sin intereses todos los días. • Del 11 de junio al 31 de diciembre del 2026. • No participan de la promoción las tarjetas de débito y crédito; Clásicas, de afinidades Empresariales, Corporativas, Gift Card, Gourmet y Prepagas. • Para el fraccionamiento de las cuotas el cliente deberá solicitar/seleccionar la cantidad de cuotas que desea al momento del pago. Las cuotas se verán reflejadas en el extracto del cliente. • No acumulable con otras promociones.",,,https://www.beneficiosbancognb.com.py/v2/beneficios/categorias/629,https://www.beneficiosbancognb.com.py/imagenes/5198_bases-y-condiciones-distribuidora-jasy-002-.pdf,
636,Neupar,Cuotas sin intereses,Hasta 12 cuotas sin intereses todos los días.,2026-12-31,Del 25 de junio al 31 de diciembre del 2026.,2026-12-31,Hasta 12 cuotas sin intereses para tarjetas de crédito del Banco GNB Paraguay.,"Hasta 12 cuotas sin intereses todos los días. • Del 25 de junio al 31 de diciembre del 2026. • Para el fraccionamiento de las cuotas el cliente deberá solicitar/seleccionar la cantidad de cuotas que desea al momento del pago. Las cuotas se verán reflejadas en el extracto del cliente. • No participan de la promoción las tarjetas de débito, crédito de afinidades Empresariales, Corporativas, Gift Card, Gourmet y Prepagas. • No aplica para pagos realizados a través de plataformas de terceros y/o e-commerce. • No acumulable con otras promociones.",,,https://www.beneficiosbancognb.com.py/v2/beneficios/categorias/636,https://www.beneficiosbancognb.com.py/imagenes/5248_bases-y-condiciones-neupar-julio.pdf,
641,Microfal,Cuotas sin intereses,Hasta 12 cuotas sin intereses todos los días.,2026-12-31,Del 21 de julio al 31 de diciembre del 2026.,2026-12-31,Hasta 12 cuotas sin intereses con las tarjetas de crédito del Banco GNB Paraguay.,"Hasta 12 cuotas sin intereses todos los días. • Del 21 de julio al 31 de diciembre del 2026. • No participan de la promoción las tarjetas de débito y crédito de afinidades Empresariales, Corporativas, Gift Card, Gourmet y Prepagas. • El beneficio aplica única y exclusivamente a : Instalaciones de sistemas de CCTV, Alarmas, y Sistemas contra incendios. • No acumulable con otras promociones. • Para el fraccionamiento de las cuotas el cliente deberá solicitar/seleccionar la cantidad de cuotas que desea al momento del pago bajo el Plan 1 de Bancard. Las cuotas se verán reflejadas en el extracto del cliente.",,,https://www.beneficiosbancognb.com.py/v2/beneficios/categorias/641,https://www.beneficiosbancognb.com.py/imagenes/5262_bases-y-condiciones-microfal.pdf,
642,Maquicenter,Cuotas sin intereses,Hasta 12 cuotas sin intereses todos los días.,2026-12-31,Del 21 de julio al 31 de diciembre del 2026.,2026-12-31,Hasta 12 cuotas sin intereses con las tarjetas de crédito del Banco GNB Paraguay.,"Hasta 12 cuotas sin intereses todos los días. • Del 21 de julio al 31 de diciembre del 2026. • Para el fraccionamiento de las cuotas el cliente deberá solicitar/seleccionar la cantidad de cuotas que desea al momento del pago bajo el Plan 1 de Bancard. Las cuotas se verán reflejadas en el extracto del cliente. • No participan de la promoción las tarjetas de débito y crédito de afinidades Empresariales, Corporativas, Gift Card, Gourmet y Prepagas. • No acumulable con otras promociones.",,,https://www.beneficiosbancognb.com.py/v2/beneficios/categorias/642,https://www.beneficiosbancognb.com.py/imagenes/5264_bases-y-condiciones-maquicenter.pdf,
646,Protek,Cuotas sin intereses,Hasta 12 cuotas sin intereses todos los días.,2026-12-31,Del 30 de julio al 31 de diciembre del 2026.,2026-12-31,Hasta 12 cuotas sin intereses para pagos con tarjetas de crédito del Banco GNB.,"Hasta 12 cuotas sin intereses todos los días. • Del 30 de julio al 31 de diciembre del 2026. • Para el fraccionamiento de las cuotas el cliente deberá solicitar/seleccionar la cantidad de cuotas que desea al momento del pago. Las cuotas se verán reflejadas en el extracto del cliente. • No participan de la promoción las tarjetas de débito y crédito de afinidades Empresariales, Corporativas, Gift Card, Gourmet y Prepagas. • No acumulable con otras promociones.",,,https://www.beneficiosbancognb.com.py/v2/beneficios/categorias/646,https://www.beneficiosbancognb.com.py/imagenes/5276_bases-y-condiciones-protek.pdf,
647,Clínica Santa María,Cuotas sin intereses,Hasta 12 cuotas sin intereses todos los días.,2026-12-31,Del 06 de agosto al 31 de diciembre del 2026.,2026-12-31,Hasta 12 cuotas sin intereses para tarjetas de crédito del Banco GNB Paraguay.,"Hasta 12 cuotas sin intereses todos los días. • Del 06 de agosto al 31 de diciembre del 2026. • Para el fraccionamiento de las cuotas el cliente deberá solicitar/seleccionar la cantidad de cuotas que desea al momento del pago. Las cuotas se verán reflejadas en el extracto del cliente. • No participan de la promoción las tarjetas de débito, crédito de afinidades Empresariales, Corporativas, Gift Card, Gourmet y Prepagas. • No aplica para pagos realizados a través de plataformas de terceros y/o e-commerce. • No acumulable con otras promociones.",,,https://www.beneficiosbancognb.com.py/v2/beneficios/categorias/647,https://www.beneficiosbancognb.com.py/imagenes/5282_bases-y-condiciones-cl%C3%ADnica-santa-mar%C3%ADa.pdf,
648,Powersol,Cuotas sin intereses,Hasta 12 cuotas sin intereses todos los días.,2026-12-31,Del 06 de agosto al 31 de diciembre del 2026.,2026-12-31,Hasta 12 cuotas sin intereses para tarjetas de crédito del Banco GNB Paraguay.,"Hasta 12 cuotas sin intereses todos los días. • Del 06 de agosto al 31 de diciembre del 2026. • Para el fraccionamiento de las cuotas el cliente deberá solicitar/seleccionar la cantidad de cuotas que desea al momento del pago. Las cuotas se verán reflejadas en el extracto del cliente. • No participan de la promoción las tarjetas de débito, crédito de afinidades Empresariales, Corporativas, Gift Card, Gourmet y Prepagas. • No aplica para pagos realizados a través de plataformas de terceros y/o e-commerce. • No acumulable con otras promociones.",,,https://www.beneficiosbancognb.com.py/v2/beneficios/categorias/648,https://www.beneficiosbancognb.com.py/imagenes/5284_bases-y-condiciones-powersol.pdf,
649,BM Comercial,Cuotas sin intereses,Hasta 12 cuotas sin intereses todos los días.,2026-12-31,Del 03 de agosto al 31 de diciembre del 2026.,2026-12-31,Hasta 12 cuotas sin intereses para tarjetas de crédito del Banco GNB Paraguay.,"Hasta 12 cuotas sin intereses todos los días. • Del 03 de agosto al 31 de diciembre del 2026. • No participan de la promoción las tarjetas de débito, crédito de afinidades Empresariales, Corporativas, Gift Card, Gourmet y Prepagas. • No aplica para pagos realizados a través de plataformas de terceros y/o e-commerce. • No acumulable con otras promociones.",,,https://www.beneficiosbancognb.com.py/v2/beneficios/categorias/649,https://www.beneficiosbancognb.com.py/imagenes/5299_bases-y-condiciones-bm-comercial.pdf,
650,Baume,Cuotas sin intereses,Hasta 6 cuotas sin intereses todos los días.,2026-12-31,Del 10 de agosto al 31 de diciembre del 2026.,2026-12-31,Hasta 6 cuotas sin intereses para tarjetas de crédito del Banco GNB Paraguay.,"Hasta 6 cuotas sin intereses todos los días. • Del 10 de agosto al 31 de diciembre del 2026. • Para el fraccionamiento de las cuotas el cliente deberá solicitar/seleccionar la cantidad de cuotas que desea al momento del pago. Las cuotas se verán reflejadas en el extracto del cliente. • No participan de la promoción las tarjetas de débito, crédito de afinidades Empresariales, Corporativas, Gift Card, Gourmet y Prepagas. • No aplica para pagos realizados a través de plataformas de terceros y/o e-commerce. • No acumulable con otras promociones.",,,https://www.beneficiosbancognb.com.py/v2/beneficios/categorias/650,https://www.beneficiosbancognb.com.py/imagenes/5301_bases-y-condiciones-baume-perfumer%C3%ADa.pdf,
658,Samurai Gym,Cuotas sin intereses,Hasta 12 cuotas sin intereses todos los días.,2026-12-31,Del 24 de agosto al 31 de diciembre del 2026.,2026-12-31,Hasta 12 cuotas sin intereses con las tarjetas de crédito del Banco GNB Paraguay.,"Hasta 12 cuotas sin intereses todos los días. • Del 24 de agosto al 31 de diciembre del 2026. • No participan de la promoción las tarjetas de débito y crédito de afinidades Empresariales, Corporativas, Gift Card, Gourmet y Prepagas. • El beneficio aplica única y exclusivamente para pagos anuales. • No acumulable con otras promociones.",,,https://www.beneficiosbancognb.com.py/v2/beneficios/categorias/658,https://www.beneficiosbancognb.com.py/imagenes/5317_bases-y-condiciones-samurai-gym.pdf,
659,Unicartoon,Cuotas sin intereses,Hasta 12 cuotas sin intereses todos los días.,2026-12-31,Del 02 de septiembre al 31 de diciembre del 2026.,2026-12-31,Hasta 12 cuotas sin intereses con las tarjetas de crédito del Banco GNB Paraguay.,"Hasta 12 cuotas sin intereses todos los días. • Del 02 de septiembre al 31 de diciembre del 2026. • No participan de la promoción las tarjetas de débito y crédito de afinidades Empresariales, Corporativas, Gift Card, Gourmet y Prepagas. • Para el fraccionamiento de las cuotas el cliente deberá solicitar/seleccionar la cantidad de cuotas que desea al momento del pago bajo el Plan 1 de Bancard. Las cuotas se verán reflejadas en el extracto del cliente. • No acumulable con otras promociones.",,,https://www.beneficiosbancognb.com.py/v2/beneficios/categorias/659,https://www.beneficiosbancognb.com.py/imagenes/5325_bases-y-condiciones-unicartoon.pdf,
666,Oben,Cuotas sin intereses,Hasta 12 cuotas sin intereses todos los días.,2026-12-31,Del 14 de septiembre al 31 de diciembre del 2026.,2026-12-31,Hasta 12 cuotas sin intereses con las tarjetas de crédito del Banco GNB Paraguay.,"Hasta 12 cuotas sin intereses todos los días. • Del 14 de septiembre al 31 de diciembre del 2026. • Para el fraccionamiento de las cuotas el cliente deberá solicitar/seleccionar la cantidad de cuotas que desea al momento del pago bajo el Plan 1 de Bancard. Las cuotas se verán reflejadas en el extracto del cliente. • No participan de la promoción las tarjetas de débito y crédito de afinidades Empresariales, Corporativas, Gift Card, Gourmet y Prepagas. • No acumulable con otras promociones.",,,https://www.beneficiosbancognb.com.py/v2/beneficios/categorias/666,https://www.beneficiosbancognb.com.py/imagenes/5343_bases-y-condiciones-oben.pdf,
667,H&M,Cuotas sin intereses,Hasta 6 cuotas sin intereses todos los días.,2027-08-31,Del 13 de agosto del 2026 al 31 de agosto del 2027.,2027-08-31,Hasta 6 cuotas sin intereses para tarjetas de crédito del Banco GNB Paraguay.,"Hasta 6 cuotas sin intereses todos los días. • Del 13 de agosto del 2026 al 31 de agosto del 2027. • No participan de la promoción las tarjetas de débito, crédito de afinidades Empresariales, Corporativas, Gift Card, Gourmet y Prepagas. • No aplica para pagos realizados a través de plataformas de terceros y/o e-commerce. • No acumulable con otras promociones.",,,https://www.beneficiosbancognb.com.py/v2/beneficios/categorias/667,https://www.beneficiosbancognb.com.py/imagenes/5345_bases-y-condiciones-h-m.pdf,
672,Volta Centro Clínico y Laboratorio,Cuotas sin intereses,Hasta 12 cuotas sin intereses todos los días.,2026-12-31,Del 25 de septiembre al 31 de diciembre del 2026.,2026-12-31,Hasta 12 cuotas sin intereses con las tarjetas de crédito del Banco GNB Paraguay.,"Hasta 12 cuotas sin intereses todos los días. • Del 25 de septiembre al 31 de diciembre del 2026. • Para el fraccionamiento de las cuotas el cliente deberá solicitar/seleccionar la cantidad de cuotas que desea al momento del pago bajo el Plan 1 de Bancard. Las cuotas se verán reflejadas en el extracto del cliente. • No participan de la promoción las tarjetas de débito y crédito de afinidades Empresariales, Corporativas, Gift Card, Gourmet y Prepagas. • No acumulable con otras promociones.",,,https://www.beneficiosbancognb.com.py/v2/beneficios/categorias/672,https://www.beneficiosbancognb.com.py/imagenes/5359_bases-y-condiciones-volta-centro-cl%C3%ADnico-y-laboratorio.pdf,
168,CAT,Días GNB,25% off los viernes + 6 cuotas sin intereses todos los días.,2026-11-27,Del 23 de enero al 27 de noviembre del 2026.,2026-11-27,"25% de descuento para pagos con tarjetas de crédito afinidades Black, Black Premier y Metalcard Premier del Banco GNB Paraguay los días viernes. • 20% de descuento para pagos con tarjetas de crédito afinidades Clàsicas, Oro, Experience, Platinum e Infinite del Banco GNB Paraguay los días viernes. • Hasta 6 cuotas sin intereses para pagos con tarjetas de crédito del Banco GNB Paraguay. • El 10% del descuento será aplicado en mostrador por el comercio al momento del pago y el porcentaje restante vía reintegro en el extracto del cliente lo cual será reflejado al cierre o podrá visualizarlo en su app en los movimientos mensuales de su tarjeta. Para el fraccionamiento de las cuotas el cliente deberá solicitar/seleccionar la cantidad de cuotas que sea al momento del pago. Las cuotas se verán reflejadas en el extracto del cliente.","25% off los viernes + 6 cuotas sin intereses todos los días. • Del 23 de enero al 27 de noviembre del 2026. • Los reintegros serán reflejados de manera automática en el extracto del cliente, en un período de 24 a 48hs hábiles luego de la compra",,,https://www.beneficiosbancognb.com.py/v2/beneficios/categorias/168,https://www.beneficiosbancognb.com.py/imagenes/2843_bases-y-condiciones-guatapora-agosto-2026.pdf,
434,Climarco,Cuotas sin intereses,Hasta 12 cuotas sin intereses todos los días.,2026-12-31,Del 05 de enero al 31 de diciembre del 2026.,2026-12-31,Hasta 12 cuotas sin intereses para pagos con tarjetas de crédito del Banco GNB Paraguay.,"Hasta 12 cuotas sin intereses todos los días. • Del 05 de enero al 31 de diciembre del 2026. • Para el fraccionamiento de las cuotas el cliente deberá solicitar/seleccionar la cantidad de cuotas que desea al momento del pago. Las cuotas se verán reflejadas en el extracto del cliente. • Pagos realizados con tarjetas de crédito Banco GNB Paraguay S.A.E.C.A. • No participan de la promoción las tarjetas de débito y crédito de afinidades Empresariales, Corporativas, Gift Card, Gourmet y Prepagas.",,,https://www.beneficiosbancognb.com.py/v2/beneficios/categorias/434,https://www.beneficiosbancognb.com.py/imagenes/4594_bases-y-condiciones-climarco.pdf,
