ID GNB,Comercio,Categoría GNB,Resumen publicado,Vigencia inicial API,Vigencia final API,Texto visible de la ficha,URL de la promoción,Ya representada en la app,Revisión
260,La Ruta Gastronómica,Días GNB,Hasta 25% de reintegro los días sábados y domingos.,2024-11-30,2026-11-29,"Los sábados y domingos hasta 25% de reintegro. | Del 05 de septiembre al 29 de noviembre del 2026. | 25% de reintegro para pagos con tarjetas de crédito Mastercard Black, Black Premier y Metalcard Premier. | 20% de reintegro para pagos con tarjetas de crédito Mastercard Clásica y Oro. | Ticket mínimo de compra: Gs. 250.000 (guaraníes doscientos cincuenta mil) para aplicar al reintegro, compras menores no aplican a la promoción. | El descuento será aplicado vía reintegro en el extracto al cierre o podrá visualizarlo a través de la app en los movimientos mensuales de su tarjeta. | Tope de compra mensual en el conjunto de locales adheridos: Gs. 1.000.000 (guaranies un millón) por cuenta de tarjeta de crédito (incluye titulares y adicionales). | No aplica para pagos realizados a través de plataformas de terceros como Pedidos ya, Monchis entre otros. | Beneficio no acumulable con otras promociones. | La promoción aplica para pagos realizados a través del delivery propio de los locales.",https://www.beneficiosbancognb.com.py/v2/beneficios/categorias/260,sí,source_start_date_stale; merchant_group_not_geocodable
408,Bares & Restó,Días GNB,Hasta 25% de descuento de miércoles a domingos.,2025-01-09,2026-12-31,"Hasta 25% de descuento de miércoles a domingos. | Del 02 de enero del 31 de diciembre del 2026 | Hasta 25% de reintegro* 20% de reintegro para pagos con tarjetas de crédito MasterCard del Banco GNB Paraguay. +5% de descuento adicional para pagos con QR con tarjetas de crédito MasterCard a través de la app Banco GNB Personas. | El reembolso será vía reintegro en el extracto al cierre o podrá visualizarlo en su app en los movimientos mensuales de su tarjeta. | Tope de compra mensual en el conjunto de locales adheridos: Gs. 1.500.000 (guaranies un millón quinientos mil) por cuenta de tarjeta de crédito (incluye titulares y adicionales). | No aplica para pagos realizados a través de plataformas de terceros (Pedidos Ya, Monchis, entre otros) y/o e-commerce. | No acumulable con otras promociones.",https://www.beneficiosbancognb.com.py/v2/beneficios/categorias/408,sí,source_start_date_stale; merchant_group_not_geocodable
148,Copetrol,Días GNB,Hasta 30% off los lunes.,2024-03-01,2026-12-28,"Hasta 30% off todos los lunes en estaciones adheridas. | Del 06 de julio al 28 de diciembre del 2026. | Hasta 30% off con tarjetas de crédito Mastercard Metalcard, Black y Black Premier del Banco GNB Paraguay (25% off para pagos con tarjeta de crédito física + 5% adicional para pagos realizados con QR). | Hasta 20% off con tarjetas de crédito Mastercard Clásica, Oro del Banco GNB Paraguay (15% off para pagos con tarjeta de crédito física + 5% adicional para pagos realizados con QR). | Reembolso vía reintegro en extracto, el cual será reflejado al cierre o podrá visualizarlo en su App en los movimientos mensuales de su tarjeta. | Tope de compra mensual por cuenta de Tarjeta de crédito (Incluye titulares y adicionales) Gs. 1.000.000 (guaraníes un millón) | Aplica para pagos con la app “Copetrol Vamos” en Estaciones Seleccionadas. | El beneficio en Copemarket aplica para compras en tienda física y online. | No acumulable con otras promociones. | Se excluyen de la promoción pagos con tarjetas de débito y crédito Visa y afinidades Empresariales, Corporativas, Gift Card, Gourmet y Prepagas. | Para más información acerca de las estaciones adheridas y del beneficio visitar las bases y condiciones.",https://www.beneficiosbancognb.com.py/v2/beneficios/categorias/148,sí,source_start_date_stale
543,GNB Travel+,Días GNB,Hasta Gs. 2.000.000 de descuento máximo + Hasta 18 cuotas sin intereses todos los días.,2025-11-17,2026-12-31,"Hasta Gs. 2.000.000 de descuento máximo + Hasta 18 cuotas sin intereses todos los días. | Del 01 de septiembre al 31 de diciembre del 2026. | Hasta Gs. 2.000.000 de descuento máximo para pagos con tarjetas de crédito Mastercard Clásicas, Oro, Black, Black Premier, Metalcard Premier y, Visa Platinum e Infinite Premier del Banco GNB Paraguay a través de Travel Pay en todas las agencias de viajes del país. | Hasta 18 cuotas sin intereses para pagos con tarjetas de crédito del Banco GNB Paraguay. | El beneficio aplica única y exclusivamente a paquetes de viajes. | El monto de descuento varia según ofertas. | No acumulable con otras promociones.",https://www.beneficiosbancognb.com.py/v2/beneficios/categorias/543,sí,source_start_date_stale
426,Universidades,Días GNB,15% de reintegro de 1 al 10 de cada mes + hasta 12 cuotas sin intereses.,2025-02-28,2026-12-10,"15% de reintegro de 1 al 10 de cada mes + hasta 12 cuotas sin intereses. | Del 01 de marzo al 10 de diciembre del 2026. | 15% de reintegro para pagos con tarjetas de crédito y prepagas Mastercard afinidades Clásicas, Oro, Black, Black Premier y Metalcard Premier del Banco GNB Paraguay. | Hasta 12 cuotas sin intereses para pagos en POS con tarjetas de crédito del Banco GNB Paraguay. | El descuento será aplicado vía reintegro en el extracto del cliente lo cual será reflejado al cierre o podrá visualizarlo en su app en los movimientos mensuales de su tarjeta. | Tope de compra durante el periodo de la promoción: Gs. 10.000.000 (guaraníes diez millones), el cual aplica en forma conjunta a todos los comercios seleccionados adheridos a la promoción de “Potenciá tus estudios Universitarios” en cualquiera de las sucursales de los comercios participantes. | Tope de reintegro durante el periodo de la promoción: Gs. 1.500.000.- (guaraníes un millón quinientos mil) y, se aplica por cuenta de tarjeta de crédito (titulares + adicionales). | No aplica para pagos realizados a través de plataformas de terceros y/o e-commerce. | Los reintegros serán reflejados de manera automática en el extracto del cliente, en un período de 24 a 48hs hábiles luego de la compra. | No acumulable con otras promociones.",https://www.beneficiosbancognb.com.py/v2/beneficios/categorias/426,sí,source_start_date_stale
639,La Ruta del Café,Días GNB,Hasta 25% de reintegro de miércoles a domingos.,2026-07-01,2026-12-31,"Hasta 25% de reintegro de miércoles a domingos. | Del 01 de julio al 31 de diciembre del 2026. | 20% de reintegro para pagos con tarjetas de crédito Mastercard del Banco GNB Paraguay. +5% de reintegro adicional para pagos con QR con tarjetas de crédito Mastercard a través de la app Banco GNB Personas. | Tope de compra mensual en el conjunto de locales adheridos: Gs. 1.000.000 (guaranies un millón) por cuenta de tarjeta de crédito (incluye titulares y adicionales). | No aplica para pagos realizados a través de plataformas de terceros (Pedidos Ya, Monchis, entre otros) y/o e-commerce. | El reembolso será vía reintegro en el extracto al cierre o podrá visualizarlo en su app en los movimientos mensuales de su tarjeta. | No acumulable con otras promociones.",https://www.beneficiosbancognb.com.py/v2/beneficios/categorias/639,sí,
175,Cinemark,Días GNB,"50% de descuento los días jueves, viernes, sábados y domingos.",2025-01-03,2027-02-28,"50% de descuento los días jueves, viernes, sábados y domingos. | Del 02 de abril del 2026 al 28 de febrero del 2027. | 50% de descuento para funciones los días jueves, viernes, sábados y domingos para pagos realizados con las tarjetas de crédito y Prepagas del Banco GNB Paraguay S.A.E.C.A. | Tope de descuento: Hasta 4 entradas por cada transacción. Este límite es por transacción de tarjeta. | La tarjeta debe de estar guardada/catastrada en la app o web de Cinemark para aplicar al descuento. | El descuento será aplicado al momento del pago. | Beneficio no aplica a consumición en la confitería de Cinemark. | No aplica a películas con restricción, contenido alternativo, Avant Premiere, festivales. | No acumulable con otras promociones.",https://www.beneficiosbancognb.com.py/v2/beneficios/categorias/175,sí,source_start_date_stale
275,Petrobras PREMMIA,Días GNB,20% de descuento para pagos desde la app Premmia los miércoles.,2024-01-01,2026-12-30,"20% de descuento para pagos desde la app Premmia los miércoles. | Del 01 de julio al 30 de diciembre del 2026. | 20% de descuento para pagos desde la app Premmia con tarjetas de crédito Mastercard Clásicas, Oro, Black, Black Premier y Metalcard Premier del Banco GNB Paraguay. | El descuento será vía reintegro en extracto el cual será reflejado al cierre o podrá visualizarlo en su app Banco GNB Personas en los movimientos mensuales de su tarjeta. | Tope de compra semanal: Gs. 500.000 (guaraníes quinientos mil), el tope de compra aplica por cuenta de tarjeta de crédito (titulares + adicionales) | Los reintegros serán reflejados de manera automática en el extracto del cliente, en un período de 24 a 48hs hábiles luego de la compra. | El producto Diesel Euro 5 (diesel común) está excluido del beneficio. | No aplica para pagos realizados a través de plataformas de terceros. | Beneficio no aplica a compras vía web. | No acumulable con otras promociones | Consultar Bases y Condiciones para informaciòn de las estaciones adheridas.",https://www.beneficiosbancognb.com.py/v2/beneficios/categorias/275,sí,source_start_date_stale
421,Colegios,Días GNB,10% de descuento y hasta 12 cuotas sin intereses del 1 al 10 de cada mes.,2025-01-31,2026-11-10,"10% de descuento y hasta 12 cuotas sin intereses del 1 al 10 de cada mes. | Del 01 de febrero al 10 de noviembre del 2026. | 10% de descuento para pagos con tarjetas de crédito y prepagas Mastercard afinidades Clásicas, Oro, Black, Black Premier y Metalcard Premier del Banco GNB Paraguay. | Hasta 12 cuotas sin intereses para pagos en POS con tarjetas de crédito del Banco GNB Paraguay. | El beneficio de cuotas sin intereses aplica para pagos única y exclusivamente en POS adheridos a la procesadora Bancard | El descuento será aplicado vía reintegro en el extracto del cliente lo cual será reflejado al cierre o podrá visualizarlo en su app en los movimientos mensuales de su tarjeta. | Tope de compra durante el periodo de la promoción: Gs. 10.000.000 (guaraníes diez millones), el cual aplica en forma conjunta a todos los comercios seleccionados adheridos a la promoción de “Vuelta a clases - Colegios” en cualquiera de las sucursales de los comercios participantes. | Tope de reintegro durante el periodo de la promoción: Gs. 1.000.000.- (guaraníes un millón) y, se aplica por cuenta de tarjeta de crédito (titulares + adicionales). | No aplica para pagos realizados a través de plataformas de terceros y/o e-commerce. | No acumulable con otras promociones.",https://www.beneficiosbancognb.com.py/v2/beneficios/categorias/421,sí,source_start_date_stale
323,Peluquerías & Spa,Días GNB,Hasta 25% de reintegro + 3 cuotas sin intereses los días viernes y sábado.,2026-05-17,2026-11-28,"Hasta 25% de reintegro + 3 cuotas sin intereses los días viernes y sábado. | Del 02 de enero al 28 de noviembre del 2026. | 25% de reintegro para pagos vía QR con tarjetas de crédito Mastercard afinidades Black, Black Premier y Metalcard Premier del Banco GNB Paraguay. | 20% de reintegro para pagos con tarjetas de crédito Mastercard afinidades Black, Black Premier y Metalcard Premier del Banco GNB Paraguay. | Hasta 3 cuotas sin intereses para pagos con tarjetas de crédito Mastercard afinidades Black, Black Premier y Metalcard Premier del Banco GNB Paraguay. | Los reintegros serán realizados de manera automática en la tarjeta del cliente, el cual será reflejado en el extracto y en los movimientos mensuales de su tarjeta en la aplicación del banco. Para el fraccionamiento de las cuotas el cliente deberá solicitar/seleccionar la cantidad de cuotas que desea al momento del pago. Las cuotas se verán reflejadas en el extracto del cliente. | Tope de compra mensual en el conjunto de locales adheridos: Gs. 1.500.000 (guaranies un millón quinientos mil) por cuenta de tarjeta de crédito (incluye titulares y adicionales). | Consulte las bases y condiciones para información acerca de los locales adheridos.",https://www.beneficiosbancognb.com.py/v2/beneficios/categorias/323,sí,
47,Areté y Festa,Días GNB,Todos los días 15% off en supermercado y restaurante.,2025-01-01,2026-12-31,"Todos los días 15% off en supermercado y restaurante. | Del 01 de enero al 31 de diciembre del 2026. | 15% de reintegro para pagos con tarjetas de crédito del Banco GNB Paraguay. | Vía reintegro en el extracto al cierre o podrá visualizarlo en su app en los movimientos mensuales de su tarjeta | Tope de compra mensual de Gs. 2.000.000 (guaraníes dos millones) en conjunto de Areté y Festa, por cuenta de tarjeta de crédito (Incluye titulares y adicionales) equivalente a un reintegro máximo mensual en el extracto Gs. 300.000 (guaraníes trescientos mil) para pagos con tarjetas de crédito Banco GNB aplicado al total de compras realizadas en Areté. | Los reintegros serán reflejados de manera automática en el extracto del cliente, en un período de 24 a 48 hs. hábiles luego de la compra | No aplica compras realizadas a través de plataformas de terceros. | No acumulable con otras promociones. | Consulte las Bases y Condiciones para información.",https://www.beneficiosbancognb.com.py/v2/beneficios/categorias/47,sí,source_start_date_stale
145,Electrónica y electrodomésticos,Cuotas sin intereses,Hasta 12 cuotas sin intereses todos los días.,2023-01-01,2026-12-31,"Hasta 12 cuotas sin intereses todos los días. | Del 05 de enero al 31 de diciembre del 2026. | Hasta 12 cuotas sin intereses para tarjetas de crédito del Banco GNB Paraguay en tiendas del Rubro Electrónica y Electrodomésticos adheridas a la procesadora Bancard. | Para el fraccionamiento de las cuotas el cliente deberá solicitar/seleccionar la cantidad de cuotas que desea al momento del pago. Las cuotas se verán reflejadas en el extracto del cliente. | Beneficio no aplica a compras vía web. | No participan de la promoción las tarjetas de débito y crédito de afinidades Empresariales, Corporativas, Gift Card, Gourmet y Prepagas. | No acumulable con otras promociones.",https://www.beneficiosbancognb.com.py/v2/beneficios/categorias/145,sí,source_start_date_stale; merchant_group_not_geocodable
180,Nike - Rookie - Academy - Rise,Días GNB,Hasta 25% off los jueves + 6 cuotas sin intereses,2026-05-17,2026-11-26,"Todos los jueves hasta 25% off + 6 cuotas sin intereses todos los días. | Del 08 de enero al 26 de noviembre del 2026. | 25% de descuento para pagos con tarjetas de crédito afinidades Black, Black Premier y Metalcard Premier del Banco GNB Paraguay los días jueves. | 20% de descuento para pagos con tarjetas de crédito afinidades Clàsicas, Oro, Experience, Platinum e Infinite del Banco GNB Paraguay los días jueves. | El 5% del descuento será aplicado en mostrador por el comercio al momento del pago y el porcentaje restante vía reintegro en el extracto del cliente lo cual será reflejado al cierre o podrá visualizarlo en su app en los movimientos mensuales de su tarjeta. | Hasta 6 cuotas sin intereses para pagos con tarjetas de crédito del Banco GNB Paraguay. | Para el fraccionamiento de las cuotas el cliente deberá solicitar/seleccionar la cantidad de cuotas que desea al momento del pago. Las cuotas se verán reflejadas en el extracto del cliente. | Tope de compra mensual: Gs. 1.500.000 (guaraníes un millón quinientos mil) para tarjetas de crédito Mastercard y Visa Clásicas, Oro Platinum e Infinite. y Gs. 3.000.000 (guaraníes tres millones) para tarjetas de crédito Mastercard Black, Black Premier y Metalcard Premier el cual aplica en forma conjunta a todos los locales de los comercios adheridos (Nike, Rookie, Academy, Rise). | El descuento en caja no aplica en la compra de Gift Cards. | Los reintegros serán reflejados de manera automática en el extracto del cliente, en un período de 24 a 48hs hábiles luego de la compra. | No acumulable con otras promociones.",https://www.beneficiosbancognb.com.py/v2/beneficios/categorias/180,sí,
183,Meta Sports,Días GNB,Todos los jueves hasta 25% de descuento + Hasta 6 cuotas sin intereses.,2026-05-17,2026-11-26,"Todos los jueves hasta 25% de descuento + Hasta 6 cuotas sin intereses. | Del 22 de enero al 26 de noviembre del 2026. | 25% de descuento para pagos con tarjetas de crédito afinidades Black, Black Premier y Metalcard Premier del Banco GNB Paraguay los días jueves. | 20% de descuento para pagos con tarjetas de crédito afinidades Clàsicas, Oro, Experience, Platinum e Infinite del Banco GNB Paraguay los días jueves. | Hasta 6 cuotas sin intereses para pagos con tarjetas de crédito del Banco GNB Paraguay. | Tope de compra mensual: Gs. 1.500.000 (guaraníes un millón quinientos mil) para tarjetas de crédito Mastercard y Visa Clásicas, Oro Platinum e Infinite. y Gs. 3.000.000 (guaraníes tres millones) para tarjetas de crédito Mastercard Black, Black Premier y Metalcard Premier el cual aplica en forma conjunta a todos los locales de los comercios adheridos. | Los reintegros serán reflejados de manera automática en el extracto del cliente, en un período de 24 a 48hs hábiles luego de la compra. | El descuento en caja no aplica en la compra de Gift Cards. | No acumulable con otras promociones.",https://www.beneficiosbancognb.com.py/v2/beneficios/categorias/183,sí,
392,Supermercado Súper 2,Días GNB,Hasta 20% de reintegro todos los jueves.,2024-12-05,2026-12-31,"Hasta 20% de reintegro todos los jueves. | Del 16 de abril al 31 de diciembre del 2026. | 20% de reintegro para pagos con tarjetas de crédito Mastercard Black, Black Premier y Metalcard Premier del Banco GNB Paraguay. | 15% de reintegro para pagos con tarjetas de crédito Mastercard Clásicas y Oro del Banco GNB Paraguay. | El reembolso será vía reintegro en el extracto al cierre o podrá visualizarlo en su app en los movimientos mensuales de su tarjeta. | Tope de compra mensual: Gs. 1.000.000 (guaraníes un millón) por cuenta de tarjeta de crédito Incluye titulares y adicionales. | No aplica para pagos realizados a través de plataformas de terceros y/o e-commerce. | No acumulable con otras promociones. | Cerro Corá c/ Hernandarias - Villarrica",https://www.beneficiosbancognb.com.py/v2/beneficios/categorias/392,sí,source_start_date_stale
9,Día GNB Casa Rica,Días GNB,20% off el miércoles 14 de octubre del 2026.,2024-06-01,2026-12-31,"20% off el miércoles 14 de octubre del 2026. | 20% de descuento para pagos realizados con las tarjetas de crédito del Banco GNB Paraguay. | El descuento será aplicado al momento del pago en caja/mostrador. | Incluye compras en tienda online. | No acumulable con otras promociones. | No participan de la promoción las tarjetas débito y crédito de afinidades Empresariales, Corporativas, Gift Card, Gourmet Card y Prepagas. | No aplica a pagos posteriores a la fecha ni pagos contra entrega de productos.",https://www.beneficiosbancognb.com.py/v2/beneficios/categorias/9,sí,
598,Farmacenter,Días GNB,Hasta 35% de descuento los días lunes + Hasta 3 cuotas sin intereses todos los días.,2026-03-13,2026-09-28,"Hasta 35% de descuento los días lunes + Hasta 3 cuotas sin intereses todos los días. | Del 16 de marzo al 28 de septiembre del 2026 | 35% de descuento en la categoría de Perfumería y otros productos para pagos con tarjetas de crédito Mastercard Black, Black Premier y Metalcard Premier. (20% Farmacenter directo en la caja + 15% Banco GNB en el reintegro). | 30% de descuento en la categoría de Perfumería y otros productos para pagos con tarjetas de crédito Mastercard Clásica y Oro (20% Farmacenter directo en la caja + 10% Banco GNB en el reintegro). | 30% de descuento en la categoría de Medicamentos para pagos con tarjetas de crédito Mastercard Black, Black Premier y Metalcard Premier. (15% Farmacenter directo en la caja + 15% Banco GNB en el reintegro). | 25% de descuento en la categoría de Medicamentos para pagos con tarjetas de crédito Mastercard Clásica y Oro. (15% Farmacenter directo en la caja + 10% Banco GNB en el reintegro). | Hasta 3 cuotas sin intereses para pagos con tarjetas de crédito del Banco GNB Paraguay. | Tope de compra mensual: Gs. 1.000.000 (guaraníes un millón) por cuenta de tarjeta de crédito (incluye titulares y adicionales), el cual aplica en forma conjunta a todos los locales del comercio. | No acumulable con otras promociones.",https://www.beneficiosbancognb.com.py/v2/beneficios/categorias/598,sí,
352,Farmatotal,Días GNB,Hasta 35% de descuento + 3 cuotas sin intereses los días jueves.,2024-10-02,2026-12-31,"Hasta 35% de descuento + 3 cuotas sin intereses los días jueves. | Del 02 de julio al 31 de diciembre del 2026. | Hasta 25% de descuento en caja para pagos con tarjetas de crédito del Banco GNB Paraguay todos los jueves. • 5% de reintegro para pagos con tarjetas de crédito físicas Mastercard del Banco GNB Paraguay. • +5% de reintegro adicional para pagos con QR con tarjetas de crédito Mastercard a través de la App Banco GNB Personas. | Descuento del 25% aplica en caja +10% adicional de reintegro pagando con QR crédito lo cual será reflejado al cierre en el extracto o podrá visualizarlo en su app en los movimientos mensuales de su tarjeta. El reintegro será aplicado sobre el importe final facturado, una vez aplicados los descuentos otorgados por el comercio. | Hasta 3 cuotas sin intereses para pagos con tarjetas de crédito Mastercard del Banco GNB Paraguay. | Tope de compra mensual: Gs. 1.000.000 (guaraníes un millón) por cuenta de tarjeta de crédito (incluye titulares y adicionales), el cual aplica en forma conjunta a todos los locales del comercio. | No aplica para pedidos realizados vía delivery y/o e-commerce. | No acumulable con otras promociones. | Consulte las bases y condiciones para más información acerca del beneficio.",https://www.beneficiosbancognb.com.py/v2/beneficios/categorias/352,sí,source_start_date_stale
14,Viajes,Cuotas sin intereses,Hasta 18 cuotas sin intereses en agencias y aerolíneas de todo el país.,2024-01-01,2026-12-31,Hasta 18 cuotas sin intereses en agencias y aerolíneas de todo el país. | Del 05 de enero al 31 de diciembre del 2026. | Hasta 18 cuotas sin intereses para tarjetas de crédito del Banco GNB Paraguay. En Agencias de Viajes y Aerolíneas adheridas al rubro en la procesadora Bancard. | Para el fraccionamiento de las cuotas el cliente deberá solicitar/seleccionar la cantidad de cuotas que desea al momento del pago. Las cuotas se verán reflejadas en el extracto del cliente. | Pagos realizados con tarjetas de crédito Banco GNB Paraguay S.A.E.C.A. | La promoción aplica todos los días durante el periodo de promoción. | No acumulable con otras promociones. | No aplica para compras ecommerce.,https://www.beneficiosbancognb.com.py/v2/beneficios/categorias/14,sí,source_start_date_stale; merchant_group_not_geocodable
327,Petrochaco,Días GNB,20% de descuento los días martes-,2024-08-29,2026-12-29,"20% de descuento los días martes. | Del 07 de julio al 29 de diciembre del 2026. | 20% de descuento para pagos con tarjetas de crédito Mastercard Clásicas, Oro, Black, Black Premier y Metalcard Premier del Banco GNB Paraguay. | El descuento será aplicado vía reintegro en extracto el cual será reflejado al cierre o podrá visualizarlo en su App en los movimientos mensuales de su tarjeta. | Tope de compra semanal de Gs.500.000 (guaraníes quinientos mil) por cuenta de tarjeta de crédito Incluye titulares y adicionales) equivalente a un reintegro máximo semanal en el extracto de Gs. 100.000 (guaraníes cien mil). | Los reintegros serán reflejados de manera automática en el extracto del cliente, en un período de 24 a 48hs hábiles luego de la compra. | Beneficio aplica única y exclusivamente los días MARTES dentro del periodo de promoción. | No aplica compras realizadas a través de plataformas de terceros. | No acumulable con otras promociones.",https://www.beneficiosbancognb.com.py/v2/beneficios/categorias/327,sí,source_start_date_stale
614,Petrosur,Días GNB,20% de descuento los días viernes.,2026-04-30,2026-12-25,"20% de descuento los días viernes. | Del 1 de mayo al 25 de diciembre del 2026. | 20% de descuento para pagos desde la app Petrosur con tarjetas de crédito Mastercard Clásicas, Oro, Black, Black Premier y Metalcard Premier del Banco GNB Paraguay. | Tope de compra mensual de Gs.1.000.000 (guaraníes un millón) por cuenta de tarjeta de crédito Incluye titulares y adicionales) equivalente a un reintegro máximo mensual en el extracto de Gs. 200.000 (guaraníes doscientos mil). | Los reintegros serán reflejados de manera automática en el extracto del cliente, en un período de 24 a 48hs hábiles luego de la compra. | El descuento será aplicado vía reintegro en extracto el cual será reflejado al cierre o podrá visualizarlo en su App en los movimientos mensuales de su tarjeta. | No aplica compras realizadas a través de plataformas de terceros. | No acumulable con otras promociones.",https://www.beneficiosbancognb.com.py/v2/beneficios/categorias/614,sí,
73,Impuestos Inmobiliarios - Municipalidades,Cuotas sin intereses,Pagá tus impuestos inmobiliarios en hasta 12 cuotas sin intereses.,2024-01-01,2026-12-31,"Pagá tus impuestos inmobiliarios en hasta 12 cuotas sin intereses. | Del 05 de enero al 31 de diciembre del 2026. | Hasta 12 cuotas sin intereses para pagos con tarjetas de crédito Clásicas, Oro, Experience, Black, Black Premier, Metalcard Premier, Platinum e Infinite. | Para el fraccionamiento de las cuotas el cliente deberá solicitar/seleccionar la cantidad de cuotas que desea al momento del pago. Las cuotas se verán reflejadas en el extracto del cliente. | Pagos realizados con tarjetas de crédito Banco GNB Paraguay S.A.E.C.A. | No participan de la promoción las tarjetas de débito y crédito de afinidades Empresariales, Corporativas, Gift Card, Gourmet y Prepagas. | No acumulable con otras promociones.",https://www.beneficiosbancognb.com.py/v2/beneficios/categorias/73,sí,source_start_date_stale
423,Adidas,Días GNB,Todos los jueves hasta 25% de descuento + Hasta 6 cuotas sin intereses.,2026-05-17,2026-11-26,"Todos los jueves hasta 25% de descuento + Hasta 6 cuotas sin intereses. | Del 22 de enero al 26 de noviembre del 2026. | 25% de descuento para pagos con tarjetas de crédito afinidades Black, Black Premier y Metalcard Premier del Banco GNB Paraguay los días jueves. | 20% de descuento para pagos con tarjetas de crédito afinidades Clàsicas, Oro, Experience, Platinum e Infinite del Banco GNB Paraguay los días jueves. | Hasta 6 cuotas sin intereses para pagos con tarjetas de crédito del Banco GNB Paraguay. | Tope de compra mensual: Gs. 1.500.000 (guaraníes un millón quinientos mil) para tarjetas de crédito Mastercard y Visa Clásicas, Oro Platinum e Infinite. y Gs. 3.000.000 (guaraníes tres millones) para tarjetas de crédito Mastercard Black, Black Premier y Metalcard Premier el cual aplica en forma conjunta a todos los locales de los comercios adheridos. | Los reintegros serán reflejados de manera automática en el extracto del cliente, en un período de 24 a 48hs hábiles luego de la compra. | El descuento en caja no aplica en la compra de Gift Cards. | No acumulable con otras promociones.",https://www.beneficiosbancognb.com.py/v2/beneficios/categorias/423,sí,
362,Champs Elysees,Días GNB,Hasta 25% de descuento los jueves y viernes + Hasta 6 cuotas sin intereses todos los días.,2026-05-17,2026-11-27,"Hasta 25% de descuento los jueves y viernes + Hasta 6 cuotas sin intereses todos los días. | Del 08 de enero al 27 de noviembre del 2026. | Hasta 25% de descuento para pagos con tarjetas de crédito del Banco GNB Paraguay todos los jueves y viernes. 20% de descuento para pagos con tarjetas de crédito del Banco GNB Paraguay (5% en caja + 15% con tarjetas de crédito físicas). +5% de descuento adicional para pagos con QR con tarjetas de crédito a través de la App Banco GNB Personas. | Hasta 6 cuotas sin intereses todos los días para pagos con tarjetas de crédito del Banco GNB Paraguay. | Tope de compra mensual: Gs. 2.000.000 (guaraníes dos millones) por cuenta de tarjeta de crédito (incluye titulares y adicionales), el cual aplica en forma conjunta a todos los locales de los comercios adheridos (Champs Elysees, O boticário, Isdin). | La promoción de descuento aplica todos los jueves y viernes dentro del periodo de la promoción. | Los reintegros serán reflejados de manera automática en el extracto del cliente, en un período de 24 a 48hs hábiles luego de la compra. | El descuento en caja no aplica en la compra de Gift Cards y servicios de cabina como tratamientos faciales. | No acumulable con otras promociones.",https://www.beneficiosbancognb.com.py/v2/beneficios/categorias/362,sí,
377,Supermercado Jullito,Días GNB,20% de descuento todos los lunes.,2024-11-04,2026-11-28,"20% de descuento todos los lunes. | Del 06 de julio al 28 de diciembre del 2026. | 20% de descuento para las tarjetas de crédito Mastercard del Banco GNB Paraguay. | El descuento será aplicado vía reintegro en el extracto al cierre o podrá visualizarlo a través de la app en los movimientos mensuales de su tarjeta. | Tope de compra mensual: Gs. 1.000.000 (guaraníes un millón) por cuenta de tarjeta de crédito (incluye titulares y adicionales). | Promoción válida únicamente los lunes dentro del periodo de la promoción. | No aplica compras realizadas a través de plataformas de terceros. | No acumulable con otras promociones. | ✓ Supermercado Jullito Avenida Gaspar Rodríguez de Francia, esquina Cerro Corá – Obligado, Paraguay",https://www.beneficiosbancognb.com.py/v2/beneficios/categorias/377,sí,source_start_date_stale
534,El Negro Suplementos,Días GNB,Hasta 45% de descuento + Hasta 6 cuotas sin intereses los días viernes.,2026-07-03,2026-09-25,"Hasta 45% de descuento + Hasta 6 cuotas sin intereses los días viernes. | Del 03 de julio al 25 de septiembre del 2026. | 45% de descuento para pagos con tarjetas de crédito Mastercard Clásicas, Oro, Black, Black Premier y Metalcard Premier del Banco GNB Paraguay en la Sucursal de Asunción. | 20% de descuento para pagos con tarjetas de crédito Mastercard Clásicas, Oro, Black, Black Premier y Metalcard Premier del Banco GNB Paraguay en la Sucursal de Ciudad del Este. | Hasta 6 cuotas sin intereses para pagos con tarjetas de crédito del Banco GNB Paraguay. | Tope de compra mensual: Gs. 1.000.000 (guaraníes un millón) por cuenta de tarjeta de crédito Incluye titulares y adicionales. | La promoción aplica los días viernes dentro del periodo de vigencia de la promoción. | No acumulable con otras promociones.",https://www.beneficiosbancognb.com.py/v2/beneficios/categorias/534,sí,
157,Adelanto de efectivo,Cuotas sin intereses,Adelantá efectivo cuando lo necesites hasta en 12 cuotas sin intereses.,2024-01-01,2026-12-31,"Adelantá efectivo hasta en 12 cuotas sin intereses. | Del 05 de enero al 31 de diciembre del 2026. | Hasta 12 cuotas sin intereses. El fraccionamiento lo debe solicitar el cliente al momento de la operación en App, Web, cajeros automáticos y Caja / Ventanilla de las Sucursales del Banco GNB Paraguay. | Retiro de dinero en efectivo desde Cajeros Automáticos (ATM) de la red Infonet, en Caja/ Ventanilla de las Sucursales y en la App/Web del Banco GNB Paraguay con Tarjetas de Crédito Banco GNB Paraguay. | Comisión de desembolso según tarifario vigente. | No acumulable con otras promociones. | El porcentaje de extracción se calcula sobre la línea de tarjeta de crédito según disponible de la cuenta. | Beneficio exclusivo para el territorio local. | Beneficio aplicable desde: | ➢ APP y WEB del Banco GNB - Con acreditación en cuenta al instante. - Monto mínimo para realizar adelantos Gs. 500.000. | ➢ Cajeros Automáticos (ATM) de la red Infonet. - Sujeto a límites de extracción del cajero automático. | ➢ Caja/Ventanilla de las Sucursales del Banco GNB Paraguay. | Consulte las bases y condiciones para más información.",https://www.beneficiosbancognb.com.py/v2/beneficios/categorias/157,no,cash_advance_fee; source_start_date_stale
161,Burger King,Días GNB,Todos los jueves hasta 25% off,2024-01-01,2026-12-31,"Hasta 25% de descuento los días jueves. | Del 08 de enero al 31 de diciembre del 2026. | 25% de descuento para Tarjeta de Crédito afinidades MasterCard Black, MasterCard Black Premier; Visa Platinum y Visa Infinite. | 20% de descuento para Tarjetas de Crédito afinidades Mastercard Clásicas y Oro; Visa Clásicas, Oro y Experience. | 10% de descuento para Tarjetas Prepagas del Banco GNB Paraguay. | El reembolso será vía reintegro en el extracto al cierre o podrá visualizarlo en su app en los movimientos mensuales de su tarjeta. | Aplica única y exclusivamente para compras realizadas en locales, carry out, e-commerce y delivery directo de Burger King. No aplica para compras realizadas a través de plataformas de terceros.",https://www.beneficiosbancognb.com.py/v2/beneficios/categorias/161,sí,source_start_date_stale
526,Supermercado AhorraMás,Días GNB,25% de reintegro los días jueves.,2025-09-25,2026-12-31,"25% de reintegro los días jueves. | Del 15 de enero al 31 de diciembre del 2026. | 25% de reintegro para pagos con tarjetas de crédito Mastercard Clásicas, Oro, Black, Black Premier y Metalcard Premier del Banco GNB Paraguay. | Tope de compra mensual: Gs. 1.000.000 (guaraníes un millón) por cuenta de tarjeta de crédito Incluye titulares y adicionales. | El descuento será aplicado vía reintegro en el extracto al cierre o podrá visualizarlo en su app en los movimientos mensuales de su tarjeta. | No aplica a compras realizadas mediante delivery o plataformas de terceros. | No acumulable con otras promociones.",https://www.beneficiosbancognb.com.py/v2/beneficios/categorias/526,sí,source_start_date_stale
79,Nissei,Cuotas sin intereses,Hasta 12 cuotas sin intereses todos los días.,2026-08-16,2026-12-31,Hasta 12 cuotas sin intereses todos los días. | Del 05 de enero al 31 de diciembre del 2026. | Hasta 12 cuotas sin intereses para tarjetas de crédito del Banco GNB Paraguay. | Para el fraccionamiento de las cuotas el cliente deberá solicitar/seleccionar la cantidad de cuotas que desea al momento del pago. Las cuotas se verán reflejadas en el extracto del cliente. | No acumulable con otras promociones | ✓ Nissei Asunción: Avda. España 1261 esq Melvin Jones. | ✓ Nissei Ciudad del Este: Avda. Adrián Jara esq Regimiento Piribebuy.,https://www.beneficiosbancognb.com.py/v2/beneficios/categorias/79,sí,
322,Dermocosmética,Días GNB,Hasta 25% de reintegro + 3 cuotas sin intereses los días viernes y sábados.,2026-05-17,2026-11-28,"Hasta 25% de reintegro + 3 cuotas sin intereses los días viernes y sábados. | Del 02 de enero al 28 de noviembre del 2026. | 25% de reintegro para pagos vía QR con tarjetas de crédito Mastercard afinidades Black, Black Premier y Metalcard Premier del Banco GNB Paraguay. | 20% de reintegro para pagos con tarjetas de crédito Mastercard afinidades Black, Black Premier y Metalcard Premier del Banco GNB Paraguay. | Hasta 3 cuotas sin intereses para pagos con tarjetas de crédito Mastercard afinidades Black, Black Premier y Metalcard Premier del Banco GNB Paraguay. | Los reintegros serán realizados de manera automática en la tarjeta del cliente, el cual será reflejado en el extracto y en los movimientos mensuales de su tarjeta en la aplicación del banco. Para el fraccionamiento de las cuotas el cliente deberá solicitar/seleccionar la cantidad de cuotas que desea al momento del pago. Las cuotas se verán reflejadas en el extracto del cliente. | Tope de compra mensual en el conjunto de locales adheridos: Gs. 1.500.000 (guaranies un millón quinientos mil) por cuenta de tarjeta de crédito (incluye titulares y adicionales). | Consulte las bases y condiciones para información acerca de los locales adheridos.",https://www.beneficiosbancognb.com.py/v2/beneficios/categorias/322,sí,
579,Puma,Días GNB,25% off los jueves y viernes + 6 cuotas sin intereses,2026-05-17,2026-11-27,"Hasta 25% off todos los jueves y viernes + 6 cuotas sin intereses en tiendas del Grupo Kemsa. | Del 22 de enero al 27 de noviembre del 2026. | 25% de descuento para pagos con tarjetas de crédito afinidades Black, Black Premier y Metalcard Premier del Banco GNB Paraguay los días jueves y viernes. | 20% de descuento para pagos con tarjetas de crédito afinidades Clásicas, Oro, Experience, Platinum e Infinite del Banco GNB Paraguay los días jueves y viernes. | Hasta 6 cuotas sin intereses para pagos con tarjetas de crédito del Banco GNB Paraguay todos los días. | El 15% del descuento será aplicado en mostrador por el comercio al momento del pago y el porcentaje restante vía reintegro en el extracto del cliente lo cual será reflejado al cierre o podrá visualizarlo en su app en los movimientos mensuales de su tarjeta. Para el fraccionamiento de las cuotas el cliente deberá solicitar/seleccionar la cantidad de cuotas que desea al momento del pago. Las cuotas se verán reflejadas en el extracto del cliente. | Tope de compra mensual: Gs. 1.500.000 (guaraníes un millón quinientos mil) para tarjetas de crédito Mastercard y Visa Clásicas, Oro Platinum e Infinite. y Gs. 3.000.000 (guaraníes tres millones) para tarjetas de crédito Mastercard Black, Black Premier y Metalcard Premier. | El descuento en caja no aplica en la compra de Gift Cards. | No acumulable con otras promociones.",https://www.beneficiosbancognb.com.py/v2/beneficios/categorias/579,sí,
432,Avenida Autocentro,Días GNB,30% de descuento + Hasta 12 cuotas sin intereses todos los días.,2025-03-18,2026-12-31,"30% de descuento + Hasta 12 cuotas sin intereses todos los días. | Del 03 de julio al 31 de diciembre del 2026. | 30% de descuento para pagos con tarjetas de crédito Mastercard Clásicas, Oro, Black, Black Premier y Metalcard Premier del Banco GNB Paraguay. | Hasta 12 cuotas sin intereses para tarjetas de crédito Mastercard Clásicas, Oro, Black, Black Premier y Metalcard Premier del Banco GNB Paraguay. | Tope de compra mensual: Gs. 3.000.000 (guaraníes tres millones) por cuenta de tarjeta de crédito Incluye titulares y adicionales. | No aplica para pagos realizados a través de plataformas de terceros y/o e-commerce. | Descuento aplica única y exclusivamente para compras de cubiertas y otros productos, no así para servicios (alineación, balanceo, etc). | No acumulable con otras promociones.",https://www.beneficiosbancognb.com.py/v2/beneficios/categorias/432,sí,source_start_date_stale
297,Drugstore Asismed,Días GNB,Hasta 32% off + 10% de reintegro adicional,2024-06-01,2026-12-31,"Hasta 32% de descuento + 10% de reintegro todos los días. | Del 01 de julio al 31 de diciembre del 2026. | 10% de reintegro adicional para pagos con tarjetas de crédito MASTERCARD afinidades Clásicas, Oro, Black, Black Premier y Metalcard Premier del Banco GNB Paraguay. | El 17% de descuento (en medicamentos importados) y el 32% de descuento (en medicamentos nacionales) será aplicado en mostrador por el comercio al momento del pago y el porcentaje restante (10%) vía reintegro en el extracto del cliente lo cual será reflejado al cierre o podrá visualizarlo en su app en los movimientos mensuales de su tarjeta. | Los reintegros serán reflejados de manera automática en el extracto del cliente, en un período de 24 a 48hs hábiles luego de la compra. | Tope de compra mensual Gs 1.000.000. por cuenta de tarjeta de crédito incluye (titulares + adicionales). Aplica en forma conjunta de todos los locales del comercio y delivery directo del DRUGSTORE ASISMED. | No aplica a compras vía web. | No acumulable con otras promociones. | Consulte las bases y condiciones para información acerca de locales adheridos.",https://www.beneficiosbancognb.com.py/v2/beneficios/categorias/297,no,source_start_date_stale
234,Casa Paraná,Días GNB,25% de descuento todos los sábados.,2026-05-17,2026-11-28,"25% de descuento los días sábados. | Del 10 de enero al 28 de noviembre del 2026. | 25% de descuento los sábados para tarjetas de crédito Mastercard Clásicas, Oro, Black, Black Premier y Metalcard Premier con un tope de compra de Gs. 1.000.000. | El descuento será aplicado vía reintegro en el extracto al cierre o podrá visualizarlo a través de la app en los movimientos mensuales de su tarjeta. | Tope de compra mensual de Gs. 1.000.000, siendo Gs. 250.000 el tope de reintegro. | Los reintegros serán reflejados de manera automática en el extracto del cliente, en un período de 24 a 48hs hábiles luego de la compra. | No acumulable con otras promociones. | Consulte las bases y condiciones para más información acerca del beneficio.",https://www.beneficiosbancognb.com.py/v2/beneficios/categorias/234,sí,
566,Mi Portal Coca Cola,Días GNB,20% de descuento los lunes,2026-06-08,2026-12-28,"20% de descuento todos los lunes | Del 8 de junio al 28 de diciembre del 2026. | 20% de descuento para pagos con tarjetas de crédito Mastercard Clásicas, Oro, Black, Black Premier y Metalcard Premier del Banco GNB Paraguay. | Tope de compra mensual: Gs. 1.000.000 (guaraníes un millón) por cuenta de tarjeta de crédito Incluye titulares y adicionales. | No aplica para pagos realizados a través de plataformas de terceros. | No acumulable con otras promociones.",https://www.beneficiosbancognb.com.py/v2/beneficios/categorias/566,sí,
34,New Balance,Días GNB,Hasta 25% de descuento los viernes + 6 cuotas sin intereses todos los días,2026-05-17,2026-11-27,"Hasta 25% de descuento los viernes + 6 cuotas sin intereses todos los días | Del 23 de enero al 27 de noviembre del 2026. | 25% de descuento para pagos con tarjetas de crédito afinidades Black, Black Premier y Metalcard Premier del Banco GNB Paraguay los días viernes. | 20% de descuento para pagos con tarjetas de crédito afinidades Clàsicas, Oro, Experience, Platinum e Infinite del Banco GNB Paraguay los días viernes. | Hasta 6 cuotas sin intereses para pagos con tarjetas de crédito del Banco GNB Paraguay. | Tope de compra mensual: Gs. 1.500.000 (guaraníes un millón quinientos mil) para tarjetas de crédito Mastercard y Visa Clásicas, Oro Platinum e Infinite. y Gs. 3.000.000 (guaraníes tres millones) para tarjetas de crédito Mastercard Black, Black Premier y Metalcard Premier el cual aplica en forma conjunta a todos los locales de los comercios adheridos. | Los reintegros serán reflejados de manera automática en el extracto del cliente, en un período de 24 a 48hs hábiles luego de la compra. | El descuento en caja no aplica en la compra de Gift Cards. | No acumulable con otras promociones.",https://www.beneficiosbancognb.com.py/v2/beneficios/categorias/34,sí,
266,Safebag,Días GNB,Embalajes con reintegro.,2024-06-01,2026-12-31,"Embalajes con reintegro. | Del 28 de enero al 31 de diciembre del 2026. | Hasta 1 embalaje* con 50% de reintegro por mes para tarjetas de crédito Mastercard Black. | Hasta 2 embalajes* con 50% de reintegro por mes para tarjetas de crédito Mastercard Black Premier. | Hasta 2 embalajes* sin costo por mes para tarjetas de crédito Mastercard Metalcard Premier. | El beneficio será aplicado vía reintegro en el extracto al cierre o podrá visualizarlo a través de la app en los movimientos mensuales de su tarjeta. | Tope de reintegro mensual: Para la afinidad Mastercard Black hasta Gs. 70.000 (guaraníes setenta mil) por mes. Para la afinidad Mastercard Black Premier hasta Gs. 140.000 (guaraníes ciento cuarenta mil) por mes. Para la afinidad Mastercard Metalcard Premier hasta Gs. 280.000 (guaraníes doscientos ochenta mil) por mes. | No acumulable con otras promociones. | ✓ Safebag | Autop. Silvio Pettirossi, Luque – Asunción, Paraguay",https://www.beneficiosbancognb.com.py/v2/beneficios/categorias/266,sí,source_start_date_stale
181,360 Sneaker Store,Días GNB,Todos los jueves hasta 25% de descuento + Hasta 6 cuotas sin intereses.,2026-05-17,2026-11-26,"Todos los jueves hasta 25% de descuento + Hasta 6 cuotas sin intereses. | Del 22 de enero al 26 de noviembre del 2026. | 25% de descuento para pagos con tarjetas de crédito afinidades Black, Black Premier y Metalcard Premier del Banco GNB Paraguay los días jueves. | 20% de descuento para pagos con tarjetas de crédito afinidades Clàsicas, Oro, Experience, Platinum e Infinite del Banco GNB Paraguay los días jueves. | Hasta 6 cuotas sin intereses para pagos con tarjetas de crédito del Banco GNB Paraguay. | Tope de compra mensual: Gs. 1.500.000 (guaraníes un millón quinientos mil) para tarjetas de crédito Mastercard y Visa Clásicas, Oro Platinum e Infinite. y Gs. 3.000.000 (guaraníes tres millones) para tarjetas de crédito Mastercard Black, Black Premier y Metalcard Premier el cual aplica en forma conjunta a todos los locales de los comercios adheridos. | Los reintegros serán reflejados de manera automática en el extracto del cliente, en un período de 24 a 48hs hábiles luego de la compra. | El descuento en caja no aplica en la compra de Gift Cards. | No acumulable con otras promociones.",https://www.beneficiosbancognb.com.py/v2/beneficios/categorias/181,sí,
20,Compras en el exterior,Cuotas sin intereses,Hasta 6 cuotas CON INTERESES para compras en el exterior,2024-01-01,2026-12-31,6 cuotas CON INTERESES para compras en el exterior. | Del 05 de enero al 31 de diciembre del 2026. | Hasta 6 cuotas CON INTERESES. El cliente puede solicitar el fraccionamiento entre 2 a 6 cuotas. | Monto mínimo de compra para solicitar la financiación Gs. 1.000.000 (guaraníes un millón) equivalente a una sola compra. | Observaciones: A las cuotas se le aplica la tasa de interés vigente según tarifario. (Consultar tasas de y tarifas vigentes en www.bancognb.com.py) El monto de la cuota ingresa en su totalidad en el Pago mínimo de cada periodo. | Luego de cada compra y antes del cierre del extracto el cliente debe solicitar el fraccionamiento llamando al Call Center Banco GNB Paraguay 021 4176000 | Pagos realizados con tarjetas de crédito Banco GNB Paraguay S.A.E.C.A. | Compras en el Extranjero. Compras en páginas web extranjeras. | Beneficio puede ser solicitado antes del cierre del extracto de tarjeta de crédito.,https://www.beneficiosbancognb.com.py/v2/beneficios/categorias/20,no,interest_bearing; benefit_not_quantified; source_start_date_stale
387,Bristol,Cuotas sin intereses,Hasta 12 cuotas sin intereses todos los días.,2025-03-11,2026-12-31,"Hasta 12 cuotas sin intereses todos los días. | Del 05 de enero al 31 de diciembre del 2026. | Hasta 12 cuotas sin intereses para tarjetas de afinidad Clásicas, Oro, Experience. Black, Black Premier, Metalcard Premier, Platinum, Infinite del Banco GNB Paraguay. | Para el fraccionamiento de las cuotas el cliente deberá solicitar/seleccionar la cantidad de cuotas que desea al momento del pago. Las cuotas se verán reflejadas en el extracto del cliente. | No participan de la promoción las tarjetas de débito y crédito de afinidades Empresariales, Corporativas, Gift Card, Gourmet y Prepagas. | La promoción aplica todos los días durante el periodo de promoción. | No acumulable con otras promociones.",https://www.beneficiosbancognb.com.py/v2/beneficios/categorias/387,sí,source_start_date_stale
264,El Molinillo,Días GNB,Todos los días 20% de reintegro.,2024-01-01,2026-12-31,"Todos los días 20% de reintegro. | Del 01 de enero al 31 de diciembre del 2026. | 20% de reintegro para pagos realizados con las tarjetas de crédito Mastercard del Banco GNB Paraguay. | Vía reintegro en el extracto al cierre o podrá visualizarlo en su app en los movimientos mensuales de su tarjeta. | Tope de compra mensual de Gs 1.000.000 (guaraníes un millón) por cuenta de tarjeta de crédito (Incluye titulares y adicionales) equivalente a un reintegro máximo mensual en el extracto de Gs 200.000 (guaraníes doscientos mil) pagos con tarjetas de crédito Banco GNB Mastercard. | Los reintegros serán reflejados de manera automática en el extracto del cliente, en un período de 24 a 48hs hábiles luego de la compra. | No aplica para pagos realizado a través de plataformas de terceros. | No acumulable con otras promociones.",https://www.beneficiosbancognb.com.py/v2/beneficios/categorias/264,sí,source_start_date_stale
272,Centros de Enseñanzas,Cuotas sin intereses,Hasta 12 cuotas sin intereses todos los días.,2024-01-01,2026-12-31,"Hasta 12 cuotas sin intereses todos los días. | Del 05 de enero al 31 de diciembre del 2026. | Hasta 12 cuotas sin intereses con las tarjetas de crédito del Banco GNB Paraguay Clásica, Oro, Experience, Black, Black Premier, Metalcard Premier, Platinum e Infinite. | Para el fraccionamiento de las cuotas el cliente deberá solicitar/seleccionar la cantidad de cuotas que desea al momento del pago. Las cuotas se verán reflejadas en el extracto del cliente. | No aplica para pagos realizados a través de plataformas de terceros. | No acumulable con otras promociones.",https://www.beneficiosbancognb.com.py/v2/beneficios/categorias/272,sí,source_start_date_stale; merchant_group_not_geocodable
582,Sport House,Días GNB,25% off los jueves y viernes + 6 cuotas sin intereses,2026-05-17,2026-11-27,"Hasta 25% off todos los jueves y viernes + 6 cuotas sin intereses en tiendas del Grupo Kemsa. | Del 22 de enero al 27 de noviembre del 2026. | 25% de descuento para pagos con tarjetas de crédito afinidades Black, Black Premier y Metalcard Premier del Banco GNB Paraguay los días jueves y viernes. | 20% de descuento para pagos con tarjetas de crédito afinidades Clásicas, Oro, Experience, Platinum e Infinite del Banco GNB Paraguay los días jueves y viernes. | Hasta 6 cuotas sin intereses para pagos con tarjetas de crédito del Banco GNB Paraguay todos los días. | El 15% del descuento será aplicado en mostrador por el comercio al momento del pago y el porcentaje restante vía reintegro en el extracto del cliente lo cual será reflejado al cierre o podrá visualizarlo en su app en los movimientos mensuales de su tarjeta. Para el fraccionamiento de las cuotas el cliente deberá solicitar/seleccionar la cantidad de cuotas que desea al momento del pago. Las cuotas se verán reflejadas en el extracto del cliente. | Tope de compra mensual: Gs. 1.500.000 (guaraníes un millón quinientos mil) para tarjetas de crédito Mastercard y Visa Clásicas, Oro Platinum e Infinite. y Gs. 3.000.000 (guaraníes tres millones) para tarjetas de crédito Mastercard Black, Black Premier y Metalcard Premier. | El descuento en caja no aplica en la compra de Gift Cards. | No acumulable con otras promociones.",https://www.beneficiosbancognb.com.py/v2/beneficios/categorias/582,sí,
52,Tonina,Días GNB,20% off todos los miércoles + 12 cuotas sin intereses todos los días.,2024-01-01,2026-12-30,"20% de descuento todos los miércoles + 12 cuotas sin intereses todos los días. | Del 01 de julio al 30 de diciembre del 2026. | 20% de descuento para pagos con tarjetas de crédito del Banco GNB Paraguay los días miércoles. | El 10% del descuento será aplicado en caja/mostrador al momento del pago hasta un tope de compra mensual de Gs. 1.000.000 y 10% vía reintegro en el extracto del cliente hasta un tope de reintegro mensual de Gs. 50.000. | Hasta 12 cuotas sin intereses para pagos con tarjetas de crédito del Banco GNB Paraguay. | Para el fraccionamiento de las cuotas el cliente deberá solicitar/seleccionar la cantidad de cuotas que desea al momento del pago. Las cuotas se verán reflejadas en el extracto del cliente. | Los reintegros serán reflejados de manera automática en el extracto del cliente, en un período de 24 a 48hs hábiles luego de la compra. | Beneficio aplica únicamente a una tarjeta de crédito por compra. | Beneficio no aplica para pagos con QR ni pedidos por delivery. | No acumulable con otras promociones.",https://www.beneficiosbancognb.com.py/v2/beneficios/categorias/52,sí,source_start_date_stale
436,Patrol Jeans,Días GNB,Hasta 25% de descuento + hasta 6 cuotas sin intereses.,2026-05-17,2026-11-27,"Hasta 25% de descuento los jueves y viernes + hasta 6 cuotas sin intereses todos los días. | Del 08 de enero al 27 de noviembre del 2026. | 25% de descuento para pagos con las tarjetas de crédito Mastercard Black, Black Premier y Metalcard Premier del Banco GNB Paraguay. | 20% de descuento para pagos con tarjetas de crédito afinidades Clásicas, Oro, Experience, Platinum e Infinite del Banco GNB Paraguay. | Hasta 6 cuotas sin intereses para tarjetas de crédito del Banco GNB Paraguay. | El 10% del descuento será aplicado por el comercio en caja/mostrador al momento del pago y el porcentaje restante será procesado vía reintegro en el extracto del cliente. Para el fraccionamiento de las cuotas el cliente deberá solicitar/seleccionar la cantidad de cuotas que desea al momento del pago. Las cuotas se verán reflejadas en el extracto del cliente. | Tope de compra mensual: Gs. 1.000.000 (guaraníes un millón) por cuenta de tarjeta de crédito (incluye titulares y adicionales). | No aplica para pagos realizados a través de plataformas de terceros y/o e-commerce. | No acumulable con otras promociones.",https://www.beneficiosbancognb.com.py/v2/beneficios/categorias/436,sí,
451,Subway,Días GNB,Hasta 25% de reintegro de lunes a viernes.,2025-04-25,2026-12-31,"Hasta 25% de reintegro de lunes a viernes. | Del 01 de julio al 31 de diciembre del 2026. | 25% de reintegro para tarjetas de crédito afinidades MasterCard Black, Black Premier y Metalcard Premier; Visa Platinum e Infinite del Banco GNB Paraguay. | 20% de reintegro para tarjetas de crédito afinidades Mastercard Clásicas y Oro; Visa Clásicas, Oro y Experience del Banco GNB Paraguay. | 10% de reintegro para pagos con tarjetas prepagas del Banco GNB Paraguay. | Tope de compra mensual: Gs. 600.000 (guaranies seiscientos mil) por cuenta de tarjeta de crédito (incluye titulares y adicionales). | El reembolso será vía reintegro en el extracto al cierre o podrá visualizarlo en su app en los movimientos mensuales de su tarjeta. | Aplica única y exclusivamente para compras realizadas en locales, carry out, e-commerce y delivery directo de Subway. No aplica para compras realizadas a través de plataformas de terceros. | No acumulable con otras promociones.",https://www.beneficiosbancognb.com.py/v2/beneficios/categorias/451,sí,source_start_date_stale
533,Meyer Lab,Días GNB,20% de reintegro + Hasta 12 cuotas sin intereses de lunes a sábados.,2025-10-28,2026-12-31,"20% de reintegro + Hasta 12 cuotas sin intereses de lunes a sábados. | Del 27 de marzo al 31 de diciembre del 2026. | 20% de reintegro para pagos con tarjetas de crédito Mastercard Clásicas, Oro, Black, Black Premier y Metalcard Premier del Banco GNB Paraguay. | Hasta 12 cuotas sin intereses para pagos con tarjetas de crédito del Banco GNB Paraguay. | Tope de compra mensual: Gs. 500.000 (guaraníes quinientos mil) por cuenta de tarjeta de crédito Incluye titulares y adicionales. | El descuento será aplicado vía reintegro en el extracto al cierre o podrá visualizarlo en su app en los movimientos mensuales de su tarjeta. Para el fraccionamiento de las cuotas el cliente deberá solicitar/seleccionar la cantidad de cuotas que desea al momento del pago bajo el Plan 1 de Bancard. Las cuotas se verán reflejadas en el extracto del cliente. | No acumulable con otras promociones.",https://www.beneficiosbancognb.com.py/v2/beneficios/categorias/533,sí,source_start_date_stale
584,Rondina,Días GNB,Hasta 25% de descuento + Hasta 6 cuotas sin intereses.,2026-08-14,2026-11-26,"Hasta 25% de descuento + Hasta 6 cuotas sin intereses. | Del 03 de septiembre al 26 de noviembre del 2026. | 25% de descuento para pagos con tarjetas de crédito afinidades Black, Black Premier y Metalcard Premier del Banco GNB Paraguay. | 20% de descuento para pagos con tarjetas de crédito afinidades Clásicas, Oro, Experience, Platinum e Infinite del Banco GNB Paraguay. | Hasta 6 cuotas sin intereses todos los días para pagos con tarjetas de crédito del Banco GNB Paraguay. | Tope de compra mensual: Gs. 2.000.000 (guaraníes dos millones) por cuenta de tarjeta de crédito (incluye titulares y adicionales), el cual aplica en forma conjunta a todos los locales de los comercios adheridos. | Los reintegros serán reflejados de manera automática en el extracto del cliente, en un período de 24 a 48hs hábiles luego de la compra. | El beneficio de descuento aplica únicamente el primer y último jueves de cada mes durante el periodo de promoción. | El beneficio de cuotas sin intereses aplica todos los días durante el periodo de promoción.",https://www.beneficiosbancognb.com.py/v2/beneficios/categorias/584,sí,
474,Springfield,Días GNB,Hasta 25% de descuento los jueves y viernes + Hasta 6 cuotas sin intereses todos los días.,2026-05-17,2026-11-27,"Hasta 25% de descuento los jueves y viernes + Hasta 6 cuotas sin intereses todos los días. | Del 03 de septiembre al 27 de noviembre del 2026. | 20% de descuento para pagos con tarjetas de crédito del Banco GNB Paraguay (5% en caja + 15% con tarjetas de crédito físicas). +5% de descuento adicional para pagos con QR con tarjetas de crédito a través de la App Banco GNB Personas. | Hasta 6 cuotas sin intereses todos los días para pagos con tarjetas de crédito del Banco GNB Paraguay. | Tope de compra mensual: Gs. 2.500.000 (guaraníes dos millones quinientos mil) por cuenta de tarjeta de crédito (incluye titulares y adicionales), el cual aplica en forma conjunta a todos los locales de los comercios adheridos (Springfield, Women Secret, Forever 21, Jack & Jones). | El descuento en caja no aplica en la compra de Gift Cards. | No acumulable con otras promociones.",https://www.beneficiosbancognb.com.py/v2/beneficios/categorias/474,sí,
477,Malandras Grill,Días GNB,30% de reintegro de miércoles a domingos.,2025-06-18,2026-11-01,"30% de reintegro de miércoles a domingos. | Del 22 de abril al 1 de noviembre del 2026. | 30% de reintegro para pagos con tarjetas de crédito Mastercard afinidades Black, Black Premier y Metalcard Premier y Visa afinidades Platinum e Infinite Premier del Banco GNB Paraguay. | Tope de compra mensual: Gs. 2.000.000 (guaranies dos millones) por cuenta de tarjeta de crédito (incluye titulares y adicionales). | No aplica para pagos realizados a través de plataformas de terceros (Pedidos Ya, Monchis, entre otros) y/o e-commerce. | Los reintegros serán realizados de manera automática en la tarjeta del cliente, el cual será reflejado en el extracto y en los movimientos mensuales de su tarjeta en la aplicación del banco. | Beneficio no acumulable con otras promociones.",https://www.beneficiosbancognb.com.py/v2/beneficios/categorias/477,sí,source_start_date_stale
431,Asado Benitez,Días GNB,20% de reintegro todos los días.,2025-03-17,2026-12-31,"20% de reintegro todos los días. | Del 01 de agosto al 31 de diciembre del 2026. | 20% de reintegro para pagos con tarjetas de crédito Mastercard Clásicas, Oro, Black, Black Premier y Metalcard Premier del Banco GNB Paraguay. | El reembolso será vía reintegro en el extracto al cierre o podrá visualizarlo en su app en los movimientos mensuales de su tarjeta. | Tope de compra mensual: Gs. 2.000.000 (guaraníes dos millones) por cuenta de tarjeta de crédito Incluye titulares y adicionales. | Beneficio aplica única y exclusivamente en pagos para el servicio de catering. | No aplica para pagos realizados a través de plataformas de terceros y/o e-commerce. | No acumulable con otras promociones. | ✓ Asado Benítez - +595 986 172 500",https://www.beneficiosbancognb.com.py/v2/beneficios/categorias/431,sí,source_start_date_stale
663,Fixocargo,Días GNB,20% de descuento + Hasta 12 cuotas sin intereses.,2026-09-07,2027-02-28,"20% de descuento + Hasta 12 cuotas sin intereses. | Del 07 de septiembre del 2026 al 28 de febrero del 2027. | 20% de descuento para pagos con las tarjetas de crédito Mastercard del Banco GNB Paraguay. | Hasta 6 cuotas sin intereses con las tarjetas de crédito del Banco GNB Paraguay. | Tope de compra mensual: Gs. 700.000 (guaranies setecientos mil) por cuenta de tarjeta de crédito (incluye titulares y adicionales) | No participan de la promoción las tarjetas de débito y crédito de afinidades Empresariales, Corporativas, Gift Card, Gourmet y Prepagas | No acumulable con otras promociones.",https://www.beneficiosbancognb.com.py/v2/beneficios/categorias/663,sí,
141,Shopping China,Cuotas sin intereses,Hasta 12 cuotas sin intereses todos los días.,2024-01-01,2026-12-31,"Hasta 12 cuotas sin intereses todos los días. | Del 05 de enero al 31 de diciembre del 2026. | Hasta 12 cuotas sin intereses para tarjetas de crédito del Banco GNB Paraguay. | Para el fraccionamiento de las cuotas el cliente deberá solicitar/seleccionar la cantidad de cuotas que sea al momento de pago. Las cuotas se verán reflejadas en el extracto del cliente. | No participan de la promoción las tarjetas de débito y crédito de afinidades Empresariales, Corporativas, Gift Card, Gourmet y Prepagas. | Beneficio también aplica compras vía web. | Sucursales: Pedro Juan Caballero, Ciudad del Este, Salto del Guairá y compras online en shoppingchina.com.py",https://www.beneficiosbancognb.com.py/v2/beneficios/categorias/141,sí,source_start_date_stale
57,Grupo Garden,Cuotas sin intereses,Hasta 12 cuotas sin intereses todos los días.,2024-01-01,2026-12-31,"Hasta 12 cuotas sin intereses todos los días. | Del 05 de enero al 31 de diciembre del 2026. | Hasta 12 cuotas sin intereses para tarjetas de afinidad Clásicas, Oro, Experience. Black, Black Premier, Metalcard Premier, Platinum, Infinite. | Para el fraccionamiento de las cuotas el cliente deberá solicitar/seleccionar la cantidad de cuotas que desea al momento del pago. Las cuotas se verán reflejadas en el extracto del cliente | No acumulable con otras promociones. | No participan de la promoción las tarjetas de débito y crédito de afinidades Empresariales, Corporativas, Gift Card, Gourmet y Prepagas. | Garden | • Garden Automotores • Garden MPY • Garden S.A. • Cuevas Hermanos • Tema Automotores",https://www.beneficiosbancognb.com.py/v2/beneficios/categorias/57,sí,source_start_date_stale
168,CAT,Días GNB,25% off los viernes + 6 cuotas sin intereses,2026-05-17,2026-11-27,"25% off los viernes + 6 cuotas sin intereses todos los días. | Del 23 de enero al 27 de noviembre del 2026. | 25% de descuento para pagos con tarjetas de crédito afinidades Black, Black Premier y Metalcard Premier del Banco GNB Paraguay los días viernes. | 20% de descuento para pagos con tarjetas de crédito afinidades Clàsicas, Oro, Experience, Platinum e Infinite del Banco GNB Paraguay los días viernes. | Hasta 6 cuotas sin intereses para pagos con tarjetas de crédito del Banco GNB Paraguay. | Los reintegros serán reflejados de manera automática en el extracto del cliente, en un período de 24 a 48hs hábiles luego de la compra | El 10% del descuento será aplicado en mostrador por el comercio al momento del pago y el porcentaje restante vía reintegro en el extracto del cliente lo cual será reflejado al cierre o podrá visualizarlo en su app en los movimientos mensuales de su tarjeta. Para el fraccionamiento de las cuotas el cliente deberá solicitar/seleccionar la cantidad de cuotas que sea al momento del pago. Las cuotas se verán reflejadas en el extracto del cliente.",https://www.beneficiosbancognb.com.py/v2/beneficios/categorias/168,sí,
287,La Casita Gourmet de Yudith,Días GNB,Hasta 20% off de lunes a sábado.,2024-02-19,2026-12-31,"De lunes a sábados hasta 20% off. | Del 01 de julio al 31 de diciembre del 2026. | 20% de descuento para pagos con tarjetas de crédito Mastercard Clásicas, Oro, Black, Black Premier y Metalcard Premier del Banco GNB Paraguay. | Tope de compra mensual: Gs.500.000, el cual aplica en forma conjunta a todos los locales del comercio y delivery directo de LA CASITA GOURMET DE YUDITH. Tope de descuento por mes equivalente a un máximo de Gs.100.000. | El reembolso será vía reintegro en el extracto al cierre o podrá visualizarlo en su app en los movimientos mensuales de su tarjeta. | No aplica para pagos realizados a través de plataformas de terceros (Pedidos Ya, Monchis, entre otros) y/o e-commerce | No acumulable con otras promociones.",https://www.beneficiosbancognb.com.py/v2/beneficios/categorias/287,sí,source_start_date_stale
169,Crocs,Días GNB,Hasta 25% off los viernes + 6 cuotas sin intereses todos los días.,2026-05-17,2026-11-27,"25% off los viernes + 6 cuotas sin intereses todos los días. | Del 23 de enero al 27 de noviembre del 2026. | 25% de descuento para pagos con tarjetas de crédito afinidades Black, Black Premier y Metalcard Premier del Banco GNB Paraguay los días viernes. | 20% de descuento para pagos con tarjetas de crédito afinidades Clàsicas, Oro, Experience, Platinum e Infinite del Banco GNB Paraguay los días viernes. | Hasta 6 cuotas sin intereses para pagos con tarjetas de crédito del Banco GNB Paraguay. | Los reintegros serán reflejados de manera automática en el extracto del cliente, en un período de 24 a 48hs hábiles luego de la compra | El 10% del descuento será aplicado en mostrador por el comercio al momento del pago y el porcentaje restante vía reintegro en el extracto del cliente lo cual será reflejado al cierre o podrá visualizarlo en su app en los movimientos mensuales de su tarjeta. Para el fraccionamiento de las cuotas el cliente deberá solicitar/seleccionar la cantidad de cuotas que sea al momento del pago. Las cuotas se verán reflejadas en el extracto del cliente.",https://www.beneficiosbancognb.com.py/v2/beneficios/categorias/169,sí,
309,Chacomer,Cuotas sin intereses,Hasta 12 cuotas sin intereses todos los días.,2024-07-11,2026-12-31,"Hasta 12 cuotas sin intereses todos los días. | Del 06 de julio al 31 de diciembre del 2026. | Hasta 12 cuotas sin intereses para pagos con tarjetas de crédito del Banco GNB Paraguay. | Para el fraccionamiento de las cuotas el cliente deberá solicitar/seleccionar la cantidad de cuotas que desea bajo el Plan 1 de Bancard al momento del pago. Las cuotas se verán reflejadas en el extracto del cliente. | Beneficio aplica única y exclusivamente en mantenimiento, reparación y repuestos. | No participan de la promoción las tarjetas de débito y crédito de afinidades Empresariales, Corporativas, Gift Card, Gourmet y Prepagas. | No acumulable con otras promociones.",https://www.beneficiosbancognb.com.py/v2/beneficios/categorias/309,sí,source_start_date_stale
51,Achon,Cuotas sin intereses,Hasta 12 cuotas sin intereses todos los días.,2024-01-01,2026-12-31,"Hasta 12 cuotas sin intereses todos los días. | Del 05 de enero al 31 de diciembre del 2026. | Hasta 12 cuotas sin intereses para tarjetas de crédito del Banco GNB. | Para el fraccionamiento de las cuotas el cliente deberá solicitar/seleccionar la cantidad de cuotas que desea al momento del pago. Las cuotas se verán reflejadas en el extracto del cliente. | No participan de la promoción las tarjetas de débito y crédito de afinidades Empresariales, Corporativas, Gift Card, Gourmet y Prepagas | No acumulable con otras promociones | ✓ Achon Industrial Avda. Mcal López esq. Emeterio Miranda. 595-21 607 999",https://www.beneficiosbancognb.com.py/v2/beneficios/categorias/51,sí,source_start_date_stale
581,Skechers,Días GNB,25% off los jueves y viernes + 6 cuotas sin intereses,2026-05-17,2026-11-27,"Hasta 25% off todos los jueves y viernes + 6 cuotas sin intereses en tiendas del Grupo Kemsa. | Del 22 de enero al 27 de noviembre del 2026. | 25% de descuento para pagos con tarjetas de crédito afinidades Black, Black Premier y Metalcard Premier del Banco GNB Paraguay los días jueves y viernes. | 20% de descuento para pagos con tarjetas de crédito afinidades Clásicas, Oro, Experience, Platinum e Infinite del Banco GNB Paraguay los días jueves y viernes. | Hasta 6 cuotas sin intereses para pagos con tarjetas de crédito del Banco GNB Paraguay todos los días. | El 15% del descuento será aplicado en mostrador por el comercio al momento del pago y el porcentaje restante vía reintegro en el extracto del cliente lo cual será reflejado al cierre o podrá visualizarlo en su app en los movimientos mensuales de su tarjeta. Para el fraccionamiento de las cuotas el cliente deberá solicitar/seleccionar la cantidad de cuotas que desea al momento del pago. Las cuotas se verán reflejadas en el extracto del cliente. | Tope de compra mensual: Gs. 1.500.000 (guaraníes un millón quinientos mil) para tarjetas de crédito Mastercard y Visa Clásicas, Oro Platinum e Infinite. y Gs. 3.000.000 (guaraníes tres millones) para tarjetas de crédito Mastercard Black, Black Premier y Metalcard Premier. | El descuento en caja no aplica en la compra de Gift Cards. | No acumulable con otras promociones.",https://www.beneficiosbancognb.com.py/v2/beneficios/categorias/581,sí,
312,Rakiura,Cuotas sin intereses,Hasta 18 cuotas sin intereses + Precios Especiales,2026-07-10,2026-12-31,"Hasta 18 cuotas sin intereses + Precios Especiales | Del 13 de julio al 31 de diciembre del 2026. | Hasta 18 cuotas sin intereses para pagos con tarjetas de crédito del Banco GNB Paraguay. | Precio especial en Membresías Familiares Permanentes Transferible e Instransferibles. Banca Personas: Exoneración de 12 meses del Abono Mensual Rakiura. Banca Premier: Exoneración de 18 meses del Abono Mensual Rakiura. | Para el fraccionamiento de las cuotas el cliente deberá solicitar/seleccionar la cantidad de cuotas que desea al momento del pago. Las cuotas se verán reflejadas en el extracto del cliente. | No participan de la promoción las tarjetas de débito, de afinidades Empresariales, Corporativas, Gift Card, Gourmet y Prepagas. | No acumulable con otras promociones.",https://www.beneficiosbancognb.com.py/v2/beneficios/categorias/312,sí,
354,Amo Mi Casa,Cuotas sin intereses,Hasta 12 cuotas sin intereses todos los días.,2024-09-23,2026-12-31,"Hasta 12 cuotas sin intereses todos los días. | Del 05 de enero al 31 de diciembre del 2026. | Hasta 12 cuotas sin intereses para pagos con tarjetas de crédito Clásicas, Oro, Experience, Black, Black Premier, Metalcard Premier, Platinum e Infinite del Banco GNB Paraguay. | Para el fraccionamiento de las cuotas el cliente deberá solicitar/seleccionar la cantidad de cuotas que desea al momento del pago. Las cuotas se verán reflejadas en el extracto del cliente. | No participan de la promoción las tarjetas de débito y crédito de afinidades Empresariales, Corporativas, Gift Card, Gourmet y Prepagas. | La promoción aplica todos los días durante el periodo de promoción. | No acumulable con otras promociones. | ✓ Amo Mi Casa | Ramon L. Cardozo esq/ San Giovanni – San Lorenzo, Paraguay.",https://www.beneficiosbancognb.com.py/v2/beneficios/categorias/354,sí,source_start_date_stale
53,Automaq,Cuotas sin intereses,Hasta 12 cuotas sin intereses todos los días,2024-01-01,2026-12-31,"Todos los días hasta 12 cuotas sin intereses en mantenimiento, cubiertas y respuestos. | Del 05 de enero al 31 de diciembre del 2026. | Hasta 12 cuotas sin intereses para tarjetas de afinidad Clásicas, Oro, Experience, Black, Black Premier, Metalcard Premier Platinum e Infinite del Banco GNB Paraguay. | Para el fraccionamiento de las cuotas el cliente deberá solicitar/seleccionar la cantidad de cuotas que desea al momento del pago. Las cuotas se verán reflejadas en el extracto del cliente. | No participan de la promoción las tarjetas de débito y crédito de afinidades Empresariales, Corporativas, Gift Card, Gourmet y Prepagas. | No acumulable con otras promociones. | Consulte las bases y condiciones para más información acerca del beneficio.",https://www.beneficiosbancognb.com.py/v2/beneficios/categorias/53,sí,source_start_date_stale
110,Boxes Casual Shoes,Días GNB,25% de descuento los días sábados.,2026-05-17,2026-12-26,"25% de descuento los días sábados. | Del 05 de septiembre al 26 de diciembre del 2026. | 25% de descuento para pagos con tarjetas de crédito Mastercard Clásicas, Oro, Black, Black Premier y Metalcard Premier del Banco GNB Paraguay. | Tope de compra mensual: Gs. 1.000.000 (guaraníes un millón) por cuenta de tarjeta de crédito Incluye titulares y adicionales. | Para compras en tiendas físicas: El 15% de descuento será aplicado por el comercio en caja/mostrador al momento del pago y el 10% restante será vía reintegro en el extracto al cierre o podrá visualizarlo en su app en los movimientos mensuales de su tarjeta. | Para compras vía web: El 25% de descuento será aplicado vía reintegro en el extracto al cierre o podrá visualizarlo en los movimientos mensuales de su tarjeta. | No acumulable con otras promociones.",https://www.beneficiosbancognb.com.py/v2/beneficios/categorias/110,sí,
170,Timberland,Días GNB,25% off los viernes + 6 cuotas sin intereses todos los días.,2026-05-17,2026-11-27,"25% off los viernes + 6 cuotas sin intereses todos los días. | Del 23 de enero al 27 de noviembre del 2026. | 25% de descuento para pagos con tarjetas de crédito afinidades Black, Black Premier y Metalcard Premier del Banco GNB Paraguay los días viernes. | 20% de descuento para pagos con tarjetas de crédito afinidades Clàsicas, Oro, Experience, Platinum e Infinite del Banco GNB Paraguay los días viernes. | Hasta 6 cuotas sin intereses para pagos con tarjetas de crédito del Banco GNB Paraguay. | Los reintegros serán reflejados de manera automática en el extracto del cliente, en un período de 24 a 48hs hábiles luego de la compra | El 10% del descuento será aplicado en mostrador por el comercio al momento del pago y el porcentaje restante vía reintegro en el extracto del cliente lo cual será reflejado al cierre o podrá visualizarlo en su app en los movimientos mensuales de su tarjeta. Para el fraccionamiento de las cuotas el cliente deberá solicitar/seleccionar la cantidad de cuotas que sea al momento del pago. Las cuotas se verán reflejadas en el extracto del cliente.",https://www.beneficiosbancognb.com.py/v2/beneficios/categorias/170,sí,
279,Vans,Días GNB,25% off los jueves + 6 cuotas sin intereses,2026-05-17,2026-11-26,"Todos los jueves hasta 25% off + 6 cuotas sin intereses todos los días. | Del 22 de enero al 26 de noviembre del 2026. | 25% de descuento para pagos con tarjetas de crédito afinidades Black, Black Premier y Metalcard Premier del Banco GNB Paraguay los días jueves. | 20% de descuento para pagos con tarjetas de crédito afinidades Clàsicas, Oro, Experience, Platinum e Infinite del Banco GNB Paraguay los días jueves. | El 5% del descuento será aplicado en mostrador por el comercio al momento del pago y el porcentaje restante vía reintegro en el extracto del cliente lo cual será reflejado al cierre o podrá visualizarlo en su app en los movimientos mensuales de su tarjeta. | Hasta 6 cuotas sin intereses para pagos con tarjetas de crédito del Banco GNB Paraguay. | Para el fraccionamiento de las cuotas el cliente deberá solicitar/seleccionar la cantidad de cuotas que desea al momento del pago. Las cuotas se verán reflejadas en el extracto del cliente. | Tope de compra mensual: Gs. 1.500.000 (guaraníes un millón quinientos mil) para tarjetas de crédito Mastercard y Visa Clásicas, Oro Platinum e Infinite. y Gs. 3.000.000 (guaraníes tres millones) para tarjetas de crédito Mastercard Black, Black Premier y Metalcard Premier. | El descuento en caja no aplica en la compra de Gift Cards. | Los reintegros serán reflejados de manera automática en el extracto del cliente, en un período de 24 a 48hs hábiles luego de la compra | No acumulable con otras promociones. | Promoción válida en locales del Shopping Mariscal y Paseo La Galería.",https://www.beneficiosbancognb.com.py/v2/beneficios/categorias/279,sí,
167,Outdoors,Días GNB,25% off todos los viernes + 6 cuotas sin intereses todos los días.,2026-05-17,2026-11-27,"25% off los viernes + 6 cuotas sin intereses todos los días. | Del 23 de enero al 27 de noviembre del 2026. | 25% de descuento para pagos con tarjetas de crédito afinidades Black, Black Premier y Metalcard Premier del Banco GNB Paraguay los días viernes. | 20% de descuento para pagos con tarjetas de crédito afinidades Clàsicas, Oro, Experience, Platinum e Infinite del Banco GNB Paraguay los días viernes. | Hasta 6 cuotas sin intereses para pagos con tarjetas de crédito del Banco GNB Paraguay. | Los reintegros serán reflejados de manera automática en el extracto del cliente, en un período de 24 a 48hs hábiles luego de la compra | El 10% del descuento será aplicado en mostrador por el comercio al momento del pago y el porcentaje restante vía reintegro en el extracto del cliente lo cual será reflejado al cierre o podrá visualizarlo en su app en los movimientos mensuales de su tarjeta. Para el fraccionamiento de las cuotas el cliente deberá solicitar/seleccionar la cantidad de cuotas que sea al momento del pago. Las cuotas se verán reflejadas en el extracto del cliente.",https://www.beneficiosbancognb.com.py/v2/beneficios/categorias/167,sí,
583,Eneache,Días GNB,Hasta 25% de descuento + Hasta 6 cuotas sin intereses.,2026-08-14,2026-11-26,"Hasta 25% de descuento + Hasta 6 cuotas sin intereses. | Del 03 de septiembre al 26 de noviembre del 2026. | 25% de descuento para pagos con tarjetas de crédito afinidades Black, Black Premier y Metalcard Premier del Banco GNB Paraguay. | 20% de descuento para pagos con tarjetas de crédito afinidades Clásicas, Oro, Experience, Platinum e Infinite del Banco GNB Paraguay. | Hasta 6 cuotas sin intereses todos los días para pagos con tarjetas de crédito del Banco GNB Paraguay. | Tope de compra mensual: Gs. 2.000.000 (guaraníes dos millones) por cuenta de tarjeta de crédito (incluye titulares y adicionales), el cual aplica en forma conjunta a todos los locales de los comercios adheridos. | Los reintegros serán reflejados de manera automática en el extracto del cliente, en un período de 24 a 48hs hábiles luego de la compra. | El beneficio de descuento aplica únicamente el primer y último jueves de cada mes durante el periodo de promoción. | El beneficio de cuotas sin intereses aplica todos los días durante el periodo de promoción.",https://www.beneficiosbancognb.com.py/v2/beneficios/categorias/583,sí,
31,Mongomery,Días GNB,20% de descuento los días sábados.,2026-05-17,2026-11-28,"20% de descuento los días sábados. | Del 04 de julio al 28 de noviembre del 2026. | 20% de descuento para pagos con tarjetas de crédito Mastercard Clásicas, Oro, Black, Black Premier y Metalcard Premier del Banco GNB Paraguay. | Tope de compra mensual: Gs. 1.000.000 (guaraníes un millón) por cuenta de tarjeta de crédito Incluye titulares y adicionales. | El 10% de descuento será aplicado por el comercio en caja/mostrador al momento del pago y el 10% restante será vía reintegro en el extracto al cierre o podrá visualizarlo en su app en los movimientos mensuales de su tarjeta. | No aplica para pagos realizados a través de plataformas de terceros y/o e-commerce. | No acumulable con otras promociones.",https://www.beneficiosbancognb.com.py/v2/beneficios/categorias/31,sí,
254,Cellshop,Cuotas sin intereses,Hasta 12 cuotas sin intereses todos los días.,2024-11-28,2026-12-31,"Hasta 12 cuotas sin intereses todos los días. | Del 05 de enero al 31 de diciembre del 2026. | Hasta 12 cuotas sin intereses para pagos con tarjetas de crédito del Banco GNB Paraguay. | Para el fraccionamiento de las cuotas el cliente deberá solicitar/seleccionar la cantidad de cuotas que desea al momento del pago. Las cuotas se verán reflejadas en el extracto del cliente. | No participan de la promoción las tarjetas de débito y crédito de afinidades Empresariales, Corporativas, Gift Card, Gourmet y Prepagas.",https://www.beneficiosbancognb.com.py/v2/beneficios/categorias/254,sí,source_start_date_stale
172,La Nutry Healthy Food,Días GNB,Hasta 25% de reintegro de lunes a viernes.,2026-05-18,2026-12-31,"Hasta 25% de reintegro de lunes a viernes. | Del 01 de julio al 31 de diciembre del 2026. | 25% de reintegro para pagos con tarjetas de crédito Mastercard Black, Black Premier y Metalcard Premier del Banco GNB Paraguay. | 20% de reintegro para pagos con tarjetas de crédito Mastercard Clásicas y Oro del Banco GNB Paraguay. | Tope de compra mensual: Gs.800.000, el cual aplica en forma conjunta a todos los locales del comercio y delivery directo de La Nutry. | El reembolso será vía reintegro en extracto el cual será reflejado al cierre o podrá visualizarlo en su app Banco GNB Personas en los movimientos mensuales de su tarjeta. | No aplica para pagos realizados a través de plataformas de terceros (Pedidos Ya, Monchis, entre otros) y/o e-commerce. | No acumulable con otras promociones.",https://www.beneficiosbancognb.com.py/v2/beneficios/categorias/172,sí,
189,Alemania Cell,Cuotas sin intereses,Hasta 12 cuotas sin intereses todos los días.,2024-01-01,2026-12-31,"Hasta 12 cuotas sin intereses todos los días. | Del 05 de enero al 31 de diciembre del 2026. | Hasta 12 cuotas sin intereses para pagos con tarjetas de crédito del Banco GNB Paraguay. | Para el fraccionamiento de las cuotas el cliente deberá solicitar/seleccionar la cantidad de cuotas que desea al momento del pago. Las cuotas se verán reflejadas en el extracto del cliente. | No participan de la promoción las tarjetas de débito y crédito de afinidades Empresariales, Corporativas, Gift Card, Gourmet y Prepagas.",https://www.beneficiosbancognb.com.py/v2/beneficios/categorias/189,sí,source_start_date_stale
16,Literato,Días GNB,Hasta 25% off + 6 cuotas sin intereses.,2026-05-17,2026-11-27,"Hasta 25% off los días jueves y viernes + 6 cuotas sin intereses todos los días. | Del 15 de enero al 27 de noviembre del 2026. | 25% de descuento para pagos con tarjetas de crédito MasterCard afinidades Black, Black Premier y Metalcard Premier del Banco GNB Paraguay. | 20% de descuento para pagos con tarjetas de crédito afinidades Clásicas, Oro, Experience, Platinum e Infinite del Banco GNB Paraguay. | El descuento será aplicado vía reintegro en el extracto del cliente lo cual será reflejado al cierre o podrá visualizarlo en su app en los movimientos mensuales de su tarjeta. | Hasta 6 cuotas sin intereses para pagos con tarjetas de crédito del Banco GNB Paraguay. | Para el fraccionamiento de las cuotas el cliente deberá solicitar/seleccionar la cantidad de cuotas que desea al momento del pago bajo el Plan 1 de Bancard. Las cuotas se verán reflejadas en el extracto del cliente. | Tope de compra mensual: Gs. 500.000 (guaraníes quinientos mil). El tope de reintegro se aplica por cuenta de tarjeta de crédito (titulares + adicionales). | Los reintegros serán reflejados de manera automática en el extracto del cliente, en un período de 24 a 48hs hábiles luego de la compra. | No acumulable con otras promociones.",https://www.beneficiosbancognb.com.py/v2/beneficios/categorias/16,sí,
67,La Rueda,Cuotas sin intereses,Hasta 12 cuotas sin intereses.,2025-05-19,2026-12-31,"Todos los días hasta 12 cuotas sin intereses | Del 05 de enero al 31 de diciembre del 2026. | Hasta 12 cuotas sin intereses para tarjetas de crédito del Banco GNB Paraguay. | Para el fraccionamiento de las cuotas el cliente deberá solicitar/seleccionar la cantidad de cuotas que desea al momento del pago. Las cuotas se verán reflejadas en el extracto del cliente. | La promoción aplica todos los días durante el periodo de promoción. | No acumulable con otras promociones. | El beneficio de cuotas sin intereses aplica para pagos única y exclusivamente en POS adheridos a la procesadora Bancard. | Ruta Mariscal Estigarribia N° 1641 Km. 9 – Fdo. de la Mora, Paraguay.",https://www.beneficiosbancognb.com.py/v2/beneficios/categorias/67,sí,source_start_date_stale
620,Vernier,Días GNB,Hasta 25% de descuento los jueves y viernes + Hasta 6 cuotas sin intereses todos los días.,2026-05-21,2026-11-27,"Hasta 25% de descuento los jueves y viernes + Hasta 6 cuotas sin intereses todos los días. | Del 21 de mayo al 27 de noviembre del 2026. | 25% de descuento para pagos con tarjetas de crédito Mastercard afinidades Black, Black Premier y Metalcard Premier del Banco GNB Paraguay. | 20% de descuento para pagos con tarjetas de crédito Mastercard afinidades Clásicas y Oro del Banco GNB Paraguay. | Hasta 6 cuotas sin intereses para pagos con tarjetas de crédito del Banco GNB Paraguay. | Tope de compra mensual: Gs. 1.500.000 (guaraníes un millón quinientos mil) por cuenta de tarjeta de crédito (incluye titulares y adicionales). | Los reintegros serán reflejados de manera automática en el extracto del cliente, en un período de 24 a 48hs hábiles luego de la compra. | El descuento en caja no aplica en la compra de Gift Cards. | No acumulable con otras promociones.",https://www.beneficiosbancognb.com.py/v2/beneficios/categorias/620,sí,
193,Armele,Días GNB,25% de descuento los jueves y viernes + Hasta 12 cuotas sin intereses todos los días.,2026-05-17,2026-11-27,"25% de descuento los jueves y viernes + Hasta 6 cuotas sin intereses todos los días. | Del 22 de enero al 27 de noviembre del 2026. | 25% de descuento para pagos con tarjetas de crédito afinidades Black, Black Premier y Metalcard Premier del Banco GNB Paraguay los jueves y viernes. | 20% de descuento para pagos con tarjetas de crédito afinidades Clásicas, Oro, Experience, Platinum e Infinite del Banco GNB Paraguay los jueves y viernes. | Hasta 12 cuotas sin intereses para pagos con tarjetas de crédito del Banco GNB Paraguay. | Tope de compra mensual: Gs. 20.000.000 (guaranies veinte millones) por cuenta de tarjeta de crédito (incluye titulares y adicionales). | El 10% del descuento será aplicado en mostrador por el comercio al momento del pago y el porcentaje restante vía reintegro en el extracto del cliente lo cual será reflejado al cierre o podrá visualizarlo en su aplicación en los movimientos mensuales de su tarjeta. | Para el fraccionamiento de las cuotas el cliente deberá solicitar/seleccionar la cantidad de cuotas que desea al momento del pago bajo el Plan 1 de Bancard. Las cuotas se verán reflejadas en el extracto del cliente. | Los reintegros serán reflejados de manera automática en el extracto del cliente, en un período de 24 a 48hs hábiles luego de la compra.",https://www.beneficiosbancognb.com.py/v2/beneficios/categorias/193,sí,
559,Popeyes,Días GNB,Hasta 25% de reintegro los días lunes y martes.,2026-01-12,2026-12-29,"Hasta 25% de reintegro los días lunes y martes. | Del 06 de julio al 29 de diciembre del 2026. | 25% de reintegro para pagos con tarjetas de crédito afinidades Mastercard Black, Black Premier y Metalcard Premier; Visa Platinum e Infinite del Banco GNB Paraguay. | 20% de reintegro para pagos con tarjetas de crédito afinidades Mastercard Clásicas y Oro; Visa Clásicas, Oro y Experience del Banco GNB Paraguay. | 10% de reintegro para pagos con tarjetas prepagas del Banco GNB Paraguay. | Tope de compra mensual: Gs. 600.000 (guaranies seiscientos mil) por cuenta de tarjeta de crédito (incluye titulares y adicionales). | Aplica única y exclusivamente para compras realizadas en locales, carry out, e-commerce y delivery directo de Popeyes . No aplica para compras realizadas a través de plataformas de terceros.",https://www.beneficiosbancognb.com.py/v2/beneficios/categorias/559,sí,
535,FCE,Días GNB,15% de descuento + Hasta 12 cuotas sin intereses todos los días.,2025-10-27,2026-12-31,"15% de descuento + Hasta 12 cuotas sin intereses todos los días. | Del 05 de enero al 31 de diciembre del 2026. | 15% de descuento para pagos con las tarjetas de crédito del Banco GNB Paraguay. | Hasta 12 cuotas sin intereses con las tarjetas de crédito del Banco GNB Paraguay. | El descuento será aplicado al momento del pago en caja/mostrador por el comercio. Para el fraccionamiento de las cuotas el cliente deberá solicitar/seleccionar la cantidad de cuotas que desea al momento del pago bajo el Plan 1 de Bancard. Las cuotas se verán reflejadas en el extracto del cliente. | No participan de la promoción las tarjetas de débito y crédito de afinidades Empresariales, Corporativas, Gift Card, Gourmet y Prepagas. | No acumulable con otras promociones.",https://www.beneficiosbancognb.com.py/v2/beneficios/categorias/535,sí,source_start_date_stale
248,Essen,Días GNB,Hasta 25% de descuento + 12 cuotas sin intereses todos los días.,2024-10-02,2026-12-31,Hasta 25% de descuento + 12 cuotas sin intereses todos los días. | Del 01 de julio al 31 de diciembre del 2026. | 25% de descuento en combos promocionales con las tarjetas de crédito del Banco GNB Paraguay. | Hasta 12 cuotas sin intereses con las tarjetas de crédito del Banco GNB Paraguay. | El de descuento será aplicado al momento del pago en caja/mostrador por el comercio. Para el fraccionamiento de las cuotas el cliente deberá solicitar/seleccionar la cantidad de cuotas que desea al momento del pago. Las cuotas se verán reflejadas en el extracto del cliente. | No acumulable con otras promociones.,https://www.beneficiosbancognb.com.py/v2/beneficios/categorias/248,sí,source_start_date_stale
555,Farmalife,Días GNB,20% de reintegro los días miércoles.,2025-12-03,2026-12-30,"20% de reintegro los días miércoles. | Del 05 de agosto al 30 de diciembre del 2026. | 20% de reintegro para pagos con tarjetas de crédito Mastercard del Banco GNB Paraguay todos los miércoles. | Tope de compra mensual: Gs. 1.000.000 (guaraníes un millón) por cuenta de tarjeta de crédito (incluye titulares y adicionales), el cual aplica en forma conjunta a todos los locales del comercio. | No acumulable con otras promociones. | No aplica para pedidos realizados vía delivery y/o e-commerce. | No participan de la promoción las tarjetas de débito y crédito; Visa, de afinidades Empresariales, Corporativas, Gift Card, Gourmet y Prepagas.",https://www.beneficiosbancognb.com.py/v2/beneficios/categorias/555,sí,source_start_date_stale
246,Juguetería Me Encanta,Días GNB,Hasta 25% off todos los jueves y viernes + 6 cuotas sin intereses todos los días.,2026-05-17,2026-11-27,"Hasta 25% off todos los jueves y viernes + 6 cuotas sin intereses todos los días. | Del 24 de julio al 27 de noviembre del 2026. | 25% de descuento para pagos con tarjetas de crédito afinidades Black, Black Premier y Metalcard Premier del Banco GNB Paraguay los días jueves y viernes. | 20% de descuento para pagos con tarjetas de crédito afinidades Clàsicas, Oro, Experience, Platinum e Infinite del Banco GNB Paraguay los días jueves y viernes. | Hasta 6 cuotas sin intereses para pagos con tarjetas de crédito del Banco GNB Paraguay. | Tope de compra mensual: Gs. 1.000.000 (guaraníes un millón) por cuenta de tarjeta de crédito (incluye titulares y adicionales). | Los reintegros serán reflejados de manera automática en el extracto del cliente, en un período de 24 a 48hs hábiles luego de la compra. | El descuento en caja no aplica en la compra de Gift Cards. | Beneficio no aplica a compras e-commerce.",https://www.beneficiosbancognb.com.py/v2/beneficios/categorias/246,sí,
433,CDC Calzados,Días GNB,20% de descuento los sábados.,2026-05-17,2026-11-28,"20% de descuento los sábados. | Del 04 de julio al 28 de noviembre del 2026. | 20% de descuento para pagos con tarjetas de crédito Mastercard Clásicas, Oro, Black, Black Premier y Metalcard Premier del Banco GNB Paraguay. | El 10% de descuento será aplicado por el comercio en caja/mostrador al momento del pago y el 10% restante será vía reintegro en el extracto al cierre o podrá visualizarlo en su app en los movimientos mensuales de su tarjeta. | Tope de compra mensual: Gs. 800.000 (guaraníes ochocientos mil) por cuenta de tarjeta de crédito Incluye titulares y adicionales. | No aplica para pagos realizados a través de plataformas de terceros y/o e-commerce. | No acumulable con otras promociones.",https://www.beneficiosbancognb.com.py/v2/beneficios/categorias/433,sí,
343,Deport Center,Días GNB,Hasta 25% de descuento + 6 cuotas sin intereses.,2026-05-17,2026-11-28,"Hasta 25% de descuento los días jueves y viernes + 6 cuotas sin intereses todos los días. | Del 16 de enero al 28 de noviembre del 2026. | Hasta 25% de descuento (20% para pagos con TC física +5% para pagos con QR) con tarjetas de crédito Mastercard afinidades Black, Black Premier y Metalcard Premier. | Hasta 20% de descuento (15% para pagos con TC física +5% para pagos con QR) para pagos con tarjetas de crédito afinidades Clásicas, Oro, Experience, Platinum e Infinite Premier. | Hasta 6 cuotas sin intereses para pagos con tarjetas de crédito del Banco GNB Paraguay. | El 10% del descuento será aplicado en mostrador por el comercio al momento del pago y el porcentaje restante vía reintegro en el extracto del cliente lo cual será reflejado al cierre o podrá visualizarlo en su app en los movimientos mensuales de su tarjeta. Para el fraccionamiento de las cuotas el cliente deberá solicitar/seleccionar la cantidad de cuotas que desea al momento del pago. Las cuotas se verán reflejadas en el extracto del cliente. | Tope de compra mensual: Gs.1.000.000 (guaraníes un millón), por cuenta de tarjeta de crédito (incluye titulares y adicionales), el cual aplica en forma conjunta a todos los locales del comercio. | Los reintegros serán reflejados de manera automática en el extracto del cliente, en un período de 24 a 48hs hábiles luego de la compra. | No acumulable con otras promociones.",https://www.beneficiosbancognb.com.py/v2/beneficios/categorias/343,sí,
62,MyShuzz,Cuotas sin intereses,6 cuotas sin intereses,2026-05-17,2026-12-31,"6 cuotas sin intereses todos los días. | Del 05 de enero al 31 de diciembre del 2026. | Hasta 6 cuotas sin intereses para pagos con Tarjetas de Crédito Clásicas, Oro, Experience, Black, Black Premier, Metalcard Premier, Platinum e Infinite. | Para el fraccionamiento de las cuotas el cliente deberá solicitar/seleccionar la cantidad de cuotas que desea al momento del pago. Las cuotas se verán reflejadas en el extracto del cliente. | No acumulable con otras promociones | No participan de la promoción las tarjetas de débito y crédito de afinidades Empresariales, Corporativas, Gift Card, Gourmet y Prepagas.",https://www.beneficiosbancognb.com.py/v2/beneficios/categorias/62,sí,
518,Hiperfiesta,Días GNB,20% de descuento todos los días.,2025-09-05,2026-12-31,"20% de descuento todos los días. | Del 02 de enero al 31 de diciembre del 2026. | 20% de descuento para pagos con tarjetas de crédito Mastercard Clásicas, Oro, Black, Black Premier y Metalcard Premier del Banco GNB Paraguay. | Tope de compra mensual: Gs. 500.000 (guaraníes quinientos mil) por cuenta de tarjeta de crédito (incluye titulares y adicionales). | El 10% de descuento será aplicado por el comercio en caja/mostrador al momento del pago y el 10% restante será vía reintegro en el extracto al cierre o podrá visualizarlo en su app en los movimientos mensuales de su tarjeta. | No aplica para pagos realizados a través de plataformas de terceros y/o e-commerce. | No acumulable con otras promociones. | La promoción aplica todos los días dentro del periodo de vigencia de la promoción.",https://www.beneficiosbancognb.com.py/v2/beneficios/categorias/518,sí,source_start_date_stale
631,Agrofield – Fauna Town,Días GNB,20% de reintegro + Hasta 6 cuotas sin intereses los días jueves y viernes de la tercera semana del mes.,2026-07-02,2026-12-18,"20% de reintegro + Hasta 6 cuotas sin intereses los días jueves y viernes de la tercera semana del mes. | Del 16 de julio al 18 de diciembre del 2026. | 20% de reintegro para pagos con tarjetas de crédito Mastercard Clásicas, Oro, Black, Black Premier y Metalcard Premier del Banco GNB Paraguay. | Hasta 6 cuotas sin intereses para pagos con tarjetas de crédito del Banco GNB Paraguay. | Tope de compra mensual: Gs. 2.500.000 (guaraníes dos millones quinientos mil) por cuenta de tarjeta de crédito, incluye titulares y adicionales. | El beneficio aplica única y exclusivamente a compras en tiendas físicas de Agrofield y Fauna Town. | No participan de la promoción las tarjetas de débito y crédito; Visa, de afinidades Empresariales, Corporativas, Gift Card, Gourmet y Prepagas. | No acumulable con otras promociones.",https://www.beneficiosbancognb.com.py/v2/beneficios/categorias/631,sí,
299,Tienda Piccolino,Días GNB,20% off + 6 cuotas sin intereses.,2026-05-17,2026-12-31,"Hasta 20% de descuento los días jueves y viernes + 6 cuotas sin intereses todos los días. | Del 15 de enero al 31 de diciembre del 2026. | 20% de descuento para pagos con tarjetas de crédito Mastercard afinidades Clàsicas, Oro, Black, Black Premier y Metalcard Premier del Banco GNB Paraguay. | El 10% del descuento será aplicado en mostrador por el comercio al momento del pago y el porcentaje restante vía reintegro en el extracto del cliente lo cual será reflejado al cierre o podrá visualizarlo en su app en los movimientos mensuales de su tarjeta. | Hasta 6 cuotas sin intereses para pagos con tarjetas de crédito del Banco GNB Paraguay. | Para el fraccionamiento de las cuotas el cliente deberá solicitar/seleccionar la cantidad de cuotas que desea al momento del pago bajo el Plan 1 de Bancard. Las cuotas se verán reflejadas en el extracto del cliente. | Tope de compra de Gs.1.500.000 (guaraníes un millón quinientos mil) por cuenta de tarjeta de crédito (Incluye titulares y adicionales) equivalente a un reintegro máximo mensual en el extracto de Gs. 150.000 (guaraníes ciento cincuenta mil). | Los reintegros serán reflejados de manera automática en el extracto del cliente, en un período de 24 a 48hs hábiles luego de la compra. | La promoción de descuento aplica todos los JUEVES y VIERNES dentro del periodo de la promoción. | No acumulable con otras promociones.",https://www.beneficiosbancognb.com.py/v2/beneficios/categorias/299,sí,
116,Cole Haan,Días GNB,25% off los viernes + 6 cuotas sin intereses,2026-05-17,2026-11-27,"25% off los viernes + 6 cuotas sin intereses todos los días. | Del 23 de enero al 27 de noviembre del 2026. | 25% de descuento para pagos con tarjetas de crédito afinidades Black, Black Premier y Metalcard Premier del Banco GNB Paraguay los días viernes. | 20% de descuento para pagos con tarjetas de crédito afinidades Clàsicas, Oro, Experience, Platinum e Infinite del Banco GNB Paraguay los días viernes. | Hasta 6 cuotas sin intereses para pagos con tarjetas de crédito del Banco GNB Paraguay. | Los reintegros serán reflejados de manera automática en el extracto del cliente, en un período de 24 a 48hs hábiles luego de la compra | El 10% del descuento será aplicado en mostrador por el comercio al momento del pago y el porcentaje restante vía reintegro en el extracto del cliente lo cual será reflejado al cierre o podrá visualizarlo en su app en los movimientos mensuales de su tarjeta. Para el fraccionamiento de las cuotas el cliente deberá solicitar/seleccionar la cantidad de cuotas que sea al momento del pago. Las cuotas se verán reflejadas en el extracto del cliente.",https://www.beneficiosbancognb.com.py/v2/beneficios/categorias/116,sí,
630,Cat Town – Agrofield Web,Días GNB,20& de reintegro + Hasta 6 cuotas sin intereses los días jueves.,2026-07-02,2026-12-31,"20% de reintegro + Hasta 6 cuotas sin intereses los días jueves. | Del 02 de julio al 31 de diciembre del 2026. | 20% de reintegro para pagos con tarjetas de crédito Mastercard Clásicas, Oro, Black, Black Premier y Metalcard Premier del Banco GNB Paraguay. | Hasta 6 cuotas sin intereses para pagos con tarjetas de crédito del Banco GNB Paraguay. | Tope de compra mensual: Gs. 500.000 (guaraníes quinientos mil) por cuenta de tarjeta de crédito, incluye titulares y adicionales. | El beneficio aplica única y exclusivamente a compras web vía pagos online. | No participan de la promoción las tarjetas de débito y crédito; Visa, de afinidades Empresariales, Corporativas, Gift Card, Gourmet y Prepagas. | No acumulable con otras promociones.",https://www.beneficiosbancognb.com.py/v2/beneficios/categorias/630,sí,
274,Librería Nova,Días GNB,20% de descuento + Hasta 6 cuotas sin intereses.,2026-06-16,2026-11-30,"20% de descuento de lunes a sábados + Hasta 6 cuotas sin intereses todos los días. | Del 16 de junio al 30 de noviembre del 2026. | 20% de descuento para pagos con tarjetas de crédito Mastercard afinidades Clásicas, Oro, Black, Black Premier y Metalcard Premier del Banco GNB Paraguay de lunes a sábado. | Hasta 6 cuotas sin intereses para pagos con tarjetas de crédito del Banco GNB Paraguay. | Tope de compra mensual: Gs. 600.000 (guaraníes seiscientos mil) por cuenta de tarjeta de crédito (incluye titulares y adicionales). | Vía reintegro en el extracto del cliente lo cual será reflejado al cierre o podrá visualizarlo en su app en los movimientos mensuales de su tarjeta. Para el fraccionamiento de las cuotas el cliente deberá solicitar/seleccionar la cantidad de cuotas que desea al momento del pago. Las cuotas se verán reflejadas en el extracto del cliente. | No acumulable con otras promociones. | Los reintegros serán reflejados de manera automática en el extracto del cliente, en un período de 24 a 48hs hábiles luego de la compra.",https://www.beneficiosbancognb.com.py/v2/beneficios/categorias/274,sí,
508,Todo Cubierta,Días GNB,"20% de descuento en servicios, 5% en productos + Hasta 12 cuotas sin intereses.",2025-08-07,2026-12-31,"20% de descuento en servicios, 5% en productos + Hasta 12 cuotas sin intereses. | Del 08 de enero al 31 de diciembre del 2026. | Hasta 20% de descuento para pagos con tarjetas de crédito del Banco GNB Paraguay. | Hasta 12 cuotas sin intereses para pagos con tarjetas de crédito Clásicas, Oro, Experience, Black, Black Premier, Metalcard Premier, Platinum e Infinite del Banco GNB Paraguay. | La promoción aplica todos los días durante el periodo de promoción. | El descuento es realizado en caja. 20% de descuento para servicios y 5% para productos. Para el fraccionamiento de las cuotas el cliente deberá solicitar/seleccionar la cantidad de cuotas que desea al momento del pago. Las cuotas se verán reflejadas en el extracto del cliente. | No acumulable con otras promociones.",https://www.beneficiosbancognb.com.py/v2/beneficios/categorias/508,sí,source_start_date_stale
643,Casa Pro,Cuotas sin intereses,Hasta 12 cuotas sin intereses todos los días,2026-08-26,2026-12-31,"Hasta 12 cuotas sin intereses todos los días. | Del 26 de agosto al 31 de diciembre del 2026. | Hasta 12 cuotas sin intereses con las tarjetas de crédito del Banco GNB Paraguay. | Para el fraccionamiento de las cuotas el cliente deberá solicitar/seleccionar la cantidad de cuotas que desea al momento del pago bajo el Plan 1 de Bancard. Las cuotas se verán reflejadas en el extracto del cliente. | No participan de la promoción las tarjetas de débito y crédito de afinidades Empresariales, Corporativas, Gift Card, Gourmet y Prepagas. | No acumulable con otras promociones.",https://www.beneficiosbancognb.com.py/v2/beneficios/categorias/643,sí,
488,Penina Shoes - Galan For Men,Días GNB,20% de descuento los días sábados.,2026-05-17,2026-11-28,"20% de descuento los días sábados. | Del 04 de julio al 28 de noviembre del 2026. | 20% de descuento para pagos con tarjetas de crédito Mastercard Clásicas, Oro, Black, Black Premier y Metalcard Premier del Banco GNB Paraguay. | Tope de compra mensual: Gs. 1.000.000 (guaraníes un milón) por cuenta de tarjeta de crédito (incluye titulares y adicionales). | No aplica para pagos realizados a través de plataformas de terceros y/o e-commerce. | El 10% de descuento será aplicado por el comercio en caja/mostrador al momento del pago y el 10% restante será vía reintegro en el extracto al cierre o podrá visualizarlo en su app en los movimientos mensuales de su tarjeta. | No acumulable con otras promociones.",https://www.beneficiosbancognb.com.py/v2/beneficios/categorias/488,sí,
324,Forever 21,Días GNB,Hasta 25% de descuento los jueves y viernes + Hasta 6 cuotas sin intereses todos los días.,2026-05-17,2026-11-27,"Hasta 25% de descuento los jueves y viernes + Hasta 6 cuotas sin intereses todos los días. | Del 03 de septiembre al 27 de noviembre del 2026. | 20% de descuento para pagos con tarjetas de crédito del Banco GNB Paraguay (5% en caja + 15% con tarjetas de crédito físicas). +5% de descuento adicional para pagos con QR con tarjetas de crédito a través de la App Banco GNB Personas. | Hasta 6 cuotas sin intereses todos los días para pagos con tarjetas de crédito del Banco GNB Paraguay. | Tope de compra mensual: Gs. 2.500.000 (guaraníes dos millones quinientos mil) por cuenta de tarjeta de crédito (incluye titulares y adicionales), el cual aplica en forma conjunta a todos los locales de los comercios adheridos (Springfield, Women Secret, Forever 21, Jack & Jones). | El descuento en caja no aplica en la compra de Gift Cards. | No acumulable con otras promociones.",https://www.beneficiosbancognb.com.py/v2/beneficios/categorias/324,sí,
15,Kube,Cuotas sin intereses,Cuotas sin intereses todos los días.,2024-01-01,2026-12-31,"Hasta 12 cuotas sin intereses todos los días. | Del 05 de enero al 31 de diciembre del 2026. | Hasta 12 cuotas sin intereses para tarjetas de afinidad Black, Black Premier, Metalcard Premier, Platinum, Infinite del Banco GNB Paraguay. | Para el fraccionamiento de las cuotas el cliente deberá solicitar/seleccionar la cantidad de cuotas que desea al momento del pago. Las cuotas se verán reflejadas en el extracto del cliente. | No participan de la promoción las tarjetas de débito y crédito de afinidades Empresariales, Corporativas, Gift Card, Gourmet y Prepagas. | No acumulable con otras promociones.",https://www.beneficiosbancognb.com.py/v2/beneficios/categorias/15,sí,source_start_date_stale
637,For Pets,Días GNB,20% de descuento todos los días.,2026-07-14,2026-12-31,"20% de descuento todos los días. | Del 14 de julio al 31 de diciembre del 2026. | 20% de descuento para pagos con tarjetas de crédito Mastercard Black, Black Premier y Metalcard Premier del Banco GNB Paraguay. | Tope de compra mensual: Gs. 300.000 (guaraníes trescientos mil) por cuenta de tarjeta de crédito Incluye titulares y adicionales, (aplica en forma conjunta a los dos comercios adheridos). | No aplica para pagos realizados a través de plataformas de terceros y/o e-commerce. | No participan de la promoción las tarjetas de débito y crédito; Visa, de afinidades Empresariales, Corporativas, Gift Card, Gourmet y Prepagas. | No acumulable con otras promociones.",https://www.beneficiosbancognb.com.py/v2/beneficios/categorias/637,sí,
179,Urban Haus,Días GNB,25% off los jueves y viernes + 6 cuotas sin intereses,2026-05-17,2026-11-27,"Hasta 25% off todos los jueves y viernes + 6 cuotas sin intereses todos los días. | Del 08 de enero al 27 de noviembre del 2026. | 25% de descuento para pagos con tarjetas de crédito afinidades Black, Black Premier y Metalcard Premier del Banco GNB Paraguay los días jueves y viernes. | 20% de descuento para pagos con tarjetas de crédito afinidades Clàsicas, Oro, Experience, Platinum e Infinite del Banco GNB Paraguay los días jueves y viernes. | Hasta 6 cuotas sin intereses para pagos con tarjetas de crédito del Banco GNB Paraguay. | Tope de compra mensual: Gs. 2.000.000 (guaranies dos millones) por cuenta de tarjeta de crédito (incluye titulares y adicionales). | El 15% del descuento será aplicado en mostrador por el comercio al momento del pago y el porcentaje restante vía reintegro en el extracto del cliente lo cual será reflejado al cierre o podrá visualizarlo en su app en los movimientos mensuales de su tarjeta. Para el fraccionamiento de las cuotas el cliente deberá solicitar/seleccionar la cantidad de cuotas que desea al momento del pago. Las cuotas se verán reflejadas en el extracto del cliente. | Los reintegros serán reflejados de manera automática en el extracto del cliente, en un período de 24 a 48hs hábiles luego de la compra. | El descuento en caja no aplica en la compra de Gift Cards. | No acumulable con otras promociones.",https://www.beneficiosbancognb.com.py/v2/beneficios/categorias/179,sí,
48,Body Club,Días GNB,25% off los jueves y viernes + 6 cuotas sin intereses,2026-05-17,2026-11-27,"Todos los jueves y viernes hasta 25% de descuento + 6 cuotas sin intereses todos los días. | Del 08 de enero al 27 de noviembre del 2026. | 25% de descuento para pagos con tarjetas de crédito afinidades Black, Black Premier y Metalcard Premier del Banco GNB Paraguay los días jueves y viernes. | 20% de descuento para pagos con tarjetas de crédito afinidades Clàsicas, Oro, Experience, Platinum e Infinite del Banco GNB Paraguay los días jueves y viernes. | Hasta 6 cuotas sin intereses para pagos con tarjetas de crédito del Banco GNB Paraguay. | Tope de compra mensual: Gs. 1.000.000 (guaraníes un millón) por cuenta de tarjeta de crédito (Incluye titulares y adicionales). | Los reintegros serán reflejados de manera automática en el extracto del cliente, en un período de 24 a 48hs hábiles luego de la compra. | Beneficio no aplica a compras vía web.",https://www.beneficiosbancognb.com.py/v2/beneficios/categorias/48,sí,
585,RND,Días GNB,Hasta 25% de descuento + Hasta 6 cuotas sin intereses.,2026-08-14,2026-11-26,"Hasta 25% de descuento + Hasta 6 cuotas sin intereses. | Del 03 de septiembre al 26 de noviembre del 2026. | 25% de descuento para pagos con tarjetas de crédito afinidades Black, Black Premier y Metalcard Premier del Banco GNB Paraguay. | 20% de descuento para pagos con tarjetas de crédito afinidades Clásicas, Oro, Experience, Platinum e Infinite del Banco GNB Paraguay. | Hasta 6 cuotas sin intereses todos los días para pagos con tarjetas de crédito del Banco GNB Paraguay. | Tope de compra mensual: Gs. 2.000.000 (guaraníes dos millones) por cuenta de tarjeta de crédito (incluye titulares y adicionales), el cual aplica en forma conjunta a todos los locales de los comercios adheridos. | Los reintegros serán reflejados de manera automática en el extracto del cliente, en un período de 24 a 48hs hábiles luego de la compra. | El beneficio de descuento aplica únicamente el primer y último jueves de cada mes durante el periodo de promoción. | El beneficio de cuotas sin intereses aplica todos los días durante el periodo de promoción.",https://www.beneficiosbancognb.com.py/v2/beneficios/categorias/585,sí,
300,El Club del Sommelier,Días GNB,30% de reintegro en membresías.,2024-10-13,2026-12-31,"30% de reintegro en membresías. | Del 06 de julio al 31 de diciembre del 2026. | 30% de reintegro en membresías para pagos con tarjetas de crédito Mastercard afinidades Black, Black Premier y Metalcard Premier, y Visa afinidades Platinum e Infinite Premier del Banco GNB Paraguay. | Tope de compra mensual: Gs. 900.000 (guaranies novecientos mil) por cuenta de tarjeta de crédito (incluye titulares y adicionales). | La promoción aplica todos los días dentro del periodo de vigencia de la promoción. | Los reintegros serán realizados de manera automática en la tarjeta del cliente, el cual será reflejado en el extracto y en los movimientos mensuales de su tarjeta en la aplicación del banco. | Beneficio no acumulable con otras promociones.",https://www.beneficiosbancognb.com.py/v2/beneficios/categorias/300,sí,source_start_date_stale
502,De La Sobera,Cuotas sin intereses,Hasta 12 cuotas sin intereses todos los días.,2025-08-06,2026-12-31,"Hasta 12 cuotas sin intereses todos los días. | Del 05 de enero al 31 de diciembre del 2026. | Hasta 12 cuotas sin intereses para tarjetas de afinidad Clásicas, Oro, Experience. Black, Black Premier, Metalcard Premier, Platinum e Infinite Premier del Banco GNB Paraguay. | Para el fraccionamiento de las cuotas el cliente deberá solicitar/seleccionar la cantidad de cuotas que desea al momento del pago bajo el Plan 1 de Bancard. Las cuotas se verán reflejadas en el extracto del cliente. | No participan de la promoción las tarjetas de débito y crédito de afinidades Empresariales, Corporativas, Gift Card, Gourmet y Prepagas. | La promoción aplica todos los días durante el periodo de promoción. | No acumulable con otras promociones.",https://www.beneficiosbancognb.com.py/v2/beneficios/categorias/502,sí,source_start_date_stale
100,Denoir,Días GNB,Hasta 25% de descuento los jueves y viernes + Hasta 12 cuotas sin intereses todos los días.,2026-05-17,2026-11-27,"Hasta 25% de descuento los jueves y viernes + Hasta 12 cuotas sin intereses todos los días. | Del 22 de enero al 27 de noviembre del 2026. | 25% de descuento para pagos con tarjetas de crédito afinidades Black, Black Premier y Metalcard Premier del Banco GNB Paraguay los días jueves y viernes. | 20% de descuento para pagos con tarjetas de crédito afinidades Clàsicas, Oro, Experience, Platinum e Infinite del Banco GNB Paraguay los días jueves y viernes. | Hasta 12 cuotas sin intereses para pagos con tarjetas de crédito del Banco GNB Paraguay. | Tope de compra mensual: Gs. 10.000.000 (guaranies diez millones) por cuenta de tarjeta de crédito (incluye titulares y adicionales). | El 10% del descuento será aplicado en mostrador por el comercio al momento del pago y el porcentaje restante vía reintegro en el extracto del cliente lo cual será reflejado al cierre o podrá visualizarlo en su app en los movimientos mensuales de su tarjeta. Para el fraccionamiento de las cuotas el cliente deberá solicitar/seleccionar la cantidad de cuotas que sea al momento del pago. Las cuotas se verán reflejadas en el extracto del cliente. | No aplica a compras a través del e-commerce. | No acumulable con otras promociones.",https://www.beneficiosbancognb.com.py/v2/beneficios/categorias/100,sí,
491,Artemera,Días GNB,Hasta 25% de descuento los días viernes + Hasta 6 cuotas sin intereses todos los días.,2025-07-18,2026-11-27,"Hasta 25% de descuento los días viernes + Hasta 6 cuotas sin intereses todos los días. | Del 11 de septiembre al 27 de noviembre del 2026. | 25% de reintegro para pagos con tarjetas de crédito Mastercard Black, Black Premier y Metalcard Premier del Banco GNB Paraguay. | 20% de reintegro para pagos con tarjetas de crédito Mastercard Clásicas y Oro del Banco GNB Paraguay. | Hasta 6 cuotas sin intereses para pagos con tarjetas de crédito Banco GNB Paraguay. | Tope de compra mensual: Gs. 1.500.000 (guaraníes un millón quinientos mil) por cuenta de tarjeta de crédito Incluye titulares y adicionales. | Los reintegros serán reflejados de manera automática en el extracto del cliente, en un período de 24 a 48hs hábiles luego de la compra. | No acumulable con otras promociones.",https://www.beneficiosbancognb.com.py/v2/beneficios/categorias/491,sí,source_start_date_stale
369,Asismed,Cuotas sin intereses,Hasta 12 cuotas sin intereses todos los días.,2024-10-31,2026-12-31,"Hasta 12 cuotas sin intereses todos los días. | Del 05 de enero al 31 de diciembre del 2026. | Hasta 12 cuotas sin intereses para pagos en los planes “Exclusivo Superior” y “VIP Plus Superior” con tarjetas de crédito Oro y Experience del Banco GNB Paraguay. | Hasta 12 cuotas sin intereses para pagos en el plan “Premium Asismed” con tarjetas de crédito Black, Black Premier, Metalcard Premier, Platinum e Infinite Premier del Banco GNB Paraguay. | Para el fraccionamiento de las cuotas el cliente deberá solicitar/seleccionar la cantidad de cuotas que desea al momento del pago. Las cuotas se verán reflejadas en el extracto del cliente. | No acumulable con otras promociones.",https://www.beneficiosbancognb.com.py/v2/beneficios/categorias/369,sí,source_start_date_stale
128,Tu Almacén FD,Días GNB,Hasta 25% de descuento + Hasta 3 cuotas sin intereses los días viernes.,2026-05-17,2026-12-25,"Hasta 25% de descuento + Hasta 3 cuotas sin intereses los días viernes. | Del 24 de julio al 25 de diciembre del 2026. | Hasta 25% de descuento para pagos con tarjetas de crédito Mastercard Black, Black Premier y Metalcard Premier del Banco GNB Paraguay. | Hasta 20% de descuento para pagos con tarjetas de crédito Mastercard Clásicas y Oro del Banco GNB Paraguay. | Hasta 3 cuotas sin intereses para pagos con tarjetas de crédito del Banco GNB Paraguay. | Tope de compra mensual: Gs. 1.000.000 (guaraníes un millón) por cuenta de tarjeta de crédito (Incluye titulares y adicionales). | La promoción aplica todos los viernes durante el periodo de promoción. | No acumulable con otras promociones.",https://www.beneficiosbancognb.com.py/v2/beneficios/categorias/128,sí,
609,Super Sac Supermercado,Días GNB,15% de reintegro los días jueves.,2026-04-15,2026-09-24,"15% de reintegro los días jueves. | Del 16 de abril al 24 de septiembre del 2026. | 15% de reintegro para pagos con tarjetas de crédito Mastercard Clásicas, Oro, Black, Black Premier y Metalcard Premier del Banco GNB Paraguay. | Tope de compra mensual: Gs. 1.500.000 (guaraníes un millón quinientos mil) por cuenta de tarjeta de crédito Incluye titulares y adicionales, el cual aplica en forma conjunta a los locales de los comercios adheridos. | El descuento será aplicado vía reintegro en el extracto al cierre o podrá visualizarlo en su app en los movimientos mensuales de su tarjeta. | No participan de la promoción las tarjetas de débito y crédito; Visa, de afinidades Empresariales, Corporativas, Gift Card, Gourmet y Prepagas. | No acumulable con otras promociones.",https://www.beneficiosbancognb.com.py/v2/beneficios/categorias/609,sí,
610,Líder Supermercado,Días GNB,15% de reintegro los días jueves.,2026-04-15,2026-09-24,"15% de reintegro los días jueves. | Del 16 de abril al 24 de septiembre del 2026. | 15% de reintegro para pagos con tarjetas de crédito Mastercard Clásicas, Oro, Black, Black Premier y Metalcard Premier del Banco GNB Paraguay. | Tope de compra mensual: Gs. 1.500.000 (guaraníes un millón quinientos mil) por cuenta de tarjeta de crédito Incluye titulares y adicionales, el cual aplica en forma conjunta a los locales de los comercios adheridos. | El descuento será aplicado vía reintegro en el extracto al cierre o podrá visualizarlo en su app en los movimientos mensuales de su tarjeta. | No participan de la promoción las tarjetas de débito y crédito; Visa, de afinidades Empresariales, Corporativas, Gift Card, Gourmet y Prepagas. | No acumulable con otras promociones.",https://www.beneficiosbancognb.com.py/v2/beneficios/categorias/610,sí,
364,CompuMarket,Cuotas sin intereses,Hasta 12 cuotas sin intereses todos los días.,2024-10-14,2026-12-31,"Hasta 12 cuotas sin intereses todos los días. | Del 05 de enero al 31 de diciembre del 2026. | Hasta 12 cuotas sin intereses para pagos con tarjetas de crédito Clásicas, Oro, Experience, Black, Black Premier, Metalcard Premier, Platinum e Infinite Premier del Banco GNB Paraguay. | Para el fraccionamiento de las cuotas el cliente deberá solicitar/seleccionar la cantidad de cuotas que desea al momento del pago. Las cuotas se verán reflejadas en el extracto del cliente. | No acumulable con otras promociones. | Beneficio aplica única y exclusivamente a compras vía ecommerce.",https://www.beneficiosbancognb.com.py/v2/beneficios/categorias/364,sí,source_start_date_stale
219,Juank Servicios y Repuestos,Días GNB,10% Off y hasta 6 cuotas sin intereses,2024-01-01,2026-12-31,Todos los días hasta 10% de descuento y 6 cuotas sin intereses. | Del 07 de enero al 31 de diciembre del 2026. | 10% de descuento en mano de obra para pagos realizados con las tarjetas de crédito del Banco GNB Paraguay. | Hasta 6 cuotas sin intereses para pagos realizados con las tarjetas de crédito del Banco GNB Paraguay. | No aplicable a pagos a través del e-commerce. | El descuento será aplicado al momento del pago en caja/mostrador por el comercio. Para el fraccionamiento de las cuotas el cliente deberá solicitar/seleccionar la cantidad de cuotas que sea al momento del pago. Las cuotas se verán reflejadas en el extracto del cliente. | Para el fraccionamiento de las cuotas el cliente deberá solicitar/seleccionar la cantidad de cuotas que sea al momento del pago. Las cuotas se verán reflejadas en el extracto del cliente | ✓ Juank Servicios y Repuestos - Casa Central: Ruta 6ta Km 2.5 Encarnación 0971 905277 | ✓ Juank Servicios y Repuestos – Hohenau: Calle Eusebio Ayala c/ Tte Fariña 0961 326890,https://www.beneficiosbancognb.com.py/v2/beneficios/categorias/219,sí,source_start_date_stale
368,Go Fit Gym,Cuotas sin intereses,Hasta 12 cuotas sin intereses todos los días.,2024-10-15,2026-12-31,Hasta 12 cuotas sin intereses todos los días. | Del 21 de enero al 31 de diciembre del 2026. | Hasta 12 cuotas sin intereses para pagos con tarjetas de crédito del Banco GNB Paraguay. | Pagando la anualidad con tu tarjeta de crédito del Banco GNB Paraguay accede al mes 13 sin costo. | Para el fraccionamiento de las cuotas el cliente deberá solicitar/seleccionar la cantidad de cuotas que desea bajo el Plan 1 de Bancard al momento del pago. Las cuotas se verán reflejadas en el extracto del cliente. | No acumulable con otras promociones.,https://www.beneficiosbancognb.com.py/v2/beneficios/categorias/368,sí,source_start_date_stale
342,Óptica Itapúa,Cuotas sin intereses,6 Cuotas sin intereses todos los días.,2024-09-18,2026-12-31,"Hasta 6 cuotas sin intereses todos los días. | Del 05 de enero al 31 de diciembre del 2026. | Hasta 6 cuotas sin intereses para pagos con Tarjetas de Crédito Clásicas, Oro, Experience, Black, Black Premier, Metalcard Premier, Platinum e Infinite. | Para el fraccionamiento de las cuotas el cliente deberá solicitar/seleccionar la cantidad de cuotas que desea al momento del pago. Las cuotas se verán reflejadas en el extracto del cliente. | No participan de la promoción las tarjetas de débito y crédito de afinidades Empresariales, Corporativas, Gift Card, Gourmet y Prepagas. | No acumulable con otras promociones. | ✓ Óptica Itapúa Mcal. Estigarribia c/ Curupayty – Encarnación, Paraguay.",https://www.beneficiosbancognb.com.py/v2/beneficios/categorias/342,sí,source_start_date_stale
351,Ferrex,Cuotas sin intereses,Hasta 12 cuotas sin intereses todos los días.,2024-09-26,2026-12-31,"Hasta 12 cuotas sin intereses todos los días. | Del 05 de enero al 31 de diciembre del 2026. | Hasta 12 cuotas sin intereses para pagos con tarjetas de crédito Clásicas, Oro, Experience, Black, Black Premier, Metalcard Premier, Platinum e Infinite del Banco GNB Paraguay. | Para el fraccionamiento de las cuotas el cliente deberá solicitar/seleccionar la cantidad de cuotas que desea al momento del pago. Las cuotas se verán reflejadas en el extracto del cliente. | No participan de la promoción las tarjetas de débito y crédito de afinidades Empresariales, Corporativas, Gift Card, Gourmet y Prepagas. | La promoción aplica todos los días durante el periodo de promoción. | No acumulable con otras promociones.",https://www.beneficiosbancognb.com.py/v2/beneficios/categorias/351,sí,source_start_date_stale
572,Jack & Jones,Días GNB,Hasta 25% de descuento los jueves y viernes + Hasta 6 cuotas sin intereses todos los días.,2026-05-17,2026-11-27,"Hasta 25% de descuento los jueves y viernes + Hasta 6 cuotas sin intereses todos los días. | Del 03 de septiembre al 27 de noviembre del 2026. | 20% de descuento para pagos con tarjetas de crédito del Banco GNB Paraguay (5% en caja + 15% con tarjetas de crédito físicas). +5% de descuento adicional para pagos con QR con tarjetas de crédito a través de la App Banco GNB Personas. | Hasta 6 cuotas sin intereses todos los días para pagos con tarjetas de crédito del Banco GNB Paraguay. | Tope de compra mensual: Gs. 2.500.000 (guaraníes dos millones quinientos mil) por cuenta de tarjeta de crédito (incluye titulares y adicionales), el cual aplica en forma conjunta a todos los locales de los comercios adheridos (Springfield, Women Secret, Forever 21, Jack & Jones). | El descuento en caja no aplica en la compra de Gift Cards. | No acumulable con otras promociones.",https://www.beneficiosbancognb.com.py/v2/beneficios/categorias/572,sí,
492,Jade Bistro & Eminent Bistro,Días GNB,Hasta 20% de reintegro de miércoles a domingos.,2025-07-18,2026-12-31,"Hasta 20% de reintegro de miércoles a domingos. | Del 01 de julio al 31 de diciembre del 2026. | 20% de reintegro para pagos con tarjetas de crédito Mastercard afinidades Black Premier y Metalcard Premier Banco GNB Paraguay. | 15% de reintegro para pagos con tarjetas de crédito afinidades Mastercard Black, y Visa Platinum e Infinite Premier Banco GNB Paraguay. | Tope de compra mensual: Gs. 1.500.000 (guaranies un millón quinientos mil) por cuenta de tarjeta de crédito (incluye titulares y adicionales) en el conjunto de locales adheridos. | Beneficio aplica única y exclusivamente a personas autorizadas para el ingreso a los edificios Jade Park y Eminent. | Beneficio no acumulable con otras promociones. | Los reintegros serán realizados de manera automática en la tarjeta del cliente, el cual será reflejado en el extracto y en los movimientos mensuales de su tarjeta en la aplicación del banco.",https://www.beneficiosbancognb.com.py/v2/beneficios/categorias/492,sí,source_start_date_stale
573,Aero,Días GNB,25% off los jueves y viernes + 6 cuotas sin intereses,2026-05-18,2026-11-27,"Hasta 25% off todos los jueves y viernes + 6 cuotas sin intereses en tiendas del Grupo Kemsa. | Del 22 de enero al 27 de noviembre del 2026. | 25% de descuento para pagos con tarjetas de crédito afinidades Black, Black Premier y Metalcard Premier del Banco GNB Paraguay los días jueves y viernes. | 20% de descuento para pagos con tarjetas de crédito afinidades Clásicas, Oro, Experience, Platinum e Infinite del Banco GNB Paraguay los días jueves y viernes. | Hasta 6 cuotas sin intereses para pagos con tarjetas de crédito del Banco GNB Paraguay todos los días. | El 15% del descuento será aplicado en mostrador por el comercio al momento del pago y el porcentaje restante vía reintegro en el extracto del cliente lo cual será reflejado al cierre o podrá visualizarlo en su app en los movimientos mensuales de su tarjeta. Para el fraccionamiento de las cuotas el cliente deberá solicitar/seleccionar la cantidad de cuotas que desea al momento del pago. Las cuotas se verán reflejadas en el extracto del cliente. | Tope de compra mensual: Gs. 1.500.000 (guaraníes un millón quinientos mil) para tarjetas de crédito Mastercard y Visa Clásicas, Oro Platinum e Infinite. y Gs. 3.000.000 (guaraníes tres millones) para tarjetas de crédito Mastercard Black, Black Premier y Metalcard Premier. | El descuento en caja no aplica en la compra de Gift Cards. | No acumulable con otras promociones.",https://www.beneficiosbancognb.com.py/v2/beneficios/categorias/573,sí,
478,Inoga,Días GNB,25% de descuento + Hasta 12 cuotas sin intereses todos los días.,2025-06-20,2026-09-30,"25% de descuento + Hasta 12 cuotas sin intereses todos los días. | Del 05 de enero al 30 de septiembre del 2026. | 25% de descuento en caja para pagos con tarjetas de crédito Visa y/o Mastercard de afinidades Clásica, Oro, Experience, Black, Black Premier, Metalcard Premier, Platinum e Infinite del Banco GNB Paraguay. | Hasta 12 cuotas sin intereses para pagos con tarjetas de crédito Visa y/o Mastercard de afinidades Clásica, Oro, Experience, Black, Black Premier, Metalcard Premier, Platinum e Infinite del Banco GNB Paraguay. | El 25% de descuento será aplicado al momento del pago en caja/mostrador. El fraccionamiento de las cuotas deberá ser solicitado al momento de la compra por Plan 1 de Bancard. Las cuotas se verán reflejadas en el extracto del cliente. | No participan de la promoción las tarjetas de débito y crédito de afinidades Empresariales, Corporativas, Gift Card, Gourmet y Prepagas. | No acumulable con otras promociones.",https://www.beneficiosbancognb.com.py/v2/beneficios/categorias/478,sí,source_start_date_stale
662,Forever 21 – Born To Bloom,Días GNB,Hasta 60% de descuento.,2026-09-07,2026-09-30,"Hasta 60% de descuento. | Del 07 al 30 de septiembre del 2026. | 50% de descuento en caja en toda la tienda para clientes cuyo primer o segundo nombre y/o primer o segundo apellido corresponda a alguno de los nombres florales incluidos en el listado de la promoción, presentando su C.I. físico en caja y abonando con cualquier medio de pago. +10% de descuento para clientes que cumplan con la mecánica Born To Bloom y abonen con tarjetas de crédito del Banco GNB Paraguay. | Tope de compra mensual: Gs. 500.000 (guaraníes quinientos mil) por cuenta de tarjeta de crédito (incluye titulares y adicionales), el cual aplica en forma conjunta a todos los locales de los comercios adheridos. | Los reintegros serán reflejados de manera automática en el extracto del cliente, en un período de 24 a 48hs hábiles luego de la compra. | El descuento en caja no aplica en la compra de Gift Cards. | No acumulable con otras promociones.",https://www.beneficiosbancognb.com.py/v2/beneficios/categorias/662,sí,
589,Democrata,Días GNB,25% off los jueves + 6 cuotas sin intereses,2026-05-17,2026-11-26,"Todos los jueves hasta 25% de descuento + 6 cuotas sin intereses. | Del 15 de enero al 26 de noviembre del 2026. | 25% de descuento para pagos con tarjetas de crédito afinidades Black, Black Premier y Metalcard Premier del Banco GNB Paraguay los días jueves. | 20% de descuento para pagos con tarjetas de crédito afinidades Clásicas, Oro, Experience, Platinum e Infinite del Banco GNB Paraguay los días jueves. | Hasta 6 cuotas sin intereses para pagos con tarjetas de crédito del Banco GNB Paraguay. | Tope de compra mensual: Gs. 2.000.000 (guaraníes dos millones) por cuenta de tarjeta de crédito (incluye titulares y adicionales), el cual aplica en forma conjunta a todos los locales del comercio. | Los reintegros serán reflejados de manera automática en el extracto del cliente, en un período de 24 a 48hs hábiles luego de la compra. | El 10% del descuento será aplicado en mostrador por el comercio al momento del pago y el porcentaje restante vía reintegro en el extracto del cliente lo cual será reflejado al cierre o podrá visualizarlo en su app en los movimientos mensuales de su tarjeta. Para el fraccionamiento de las cuotas el cliente deberá solicitar/seleccionar la cantidad de cuotas que sea al momento del pago. Las cuotas se verán reflejadas en el extracto del cliente.",https://www.beneficiosbancognb.com.py/v2/beneficios/categorias/589,sí,
564,Casa Imperial,Cuotas sin intereses,Hasta 12 cuotas sin intereses todos los días.,2026-01-28,2026-12-31,"Hasta 12 cuotas sin intereses todos los días. | Del 28 de enero al 31 de diciembre del 2026. | Hasta 12 cuotas sin intereses para tarjetas de afinidad Clásicas, Oro, Experience. Black, Black Premier, Metalcard Premier, Platinum e Infinite Premier del Banco GNB Paraguay. | Para el fraccionamiento de las cuotas el cliente deberá solicitar/seleccionar la cantidad de cuotas que desea al momento del pago bajo el Plan 1 de Bancard. Las cuotas se verán reflejadas en el extracto del cliente. | No participan de la promoción las tarjetas de débito y crédito de afinidades Empresariales, Corporativas, Gift Card, Gourmet y Prepagas. | No acumulable con otras promociones.",https://www.beneficiosbancognb.com.py/v2/beneficios/categorias/564,sí,
239,Chiqui Chic,Días GNB,20% off sobre la seña y hasta 12 cuotas sin intereses.,2023-09-28,2026-12-31,"20% off sobre la seña + Hasta 12 cuotas sin intereses todos los días. | Del 05 de enero al 31 de diciembre del 2026. | 20% de descuento sobre la seña Gs. 1.000.000 para pagos con tarjetas de crédito Visa y/o Mastercard de afinidades Clásica, Oro, Experience, Black, Black Premier, Metalcard Premier, Platinum e Infinite. | Hasta 12 cuotas sin intereses para pagos con tarjetas de crédito Visa y/o Mastercard de afinidades Clásica, Oro, Experience, Black, Black Premier, Metalcard Premier, Platinum e Infinite. | El 20% de descuento será aplicado al momento del pago en caja/mostrador. El fraccionamiento de las cuotas deberá ser solicitado al momento de la compra por Plan 1 de Bancard. Las cuotas se verán reflejadas en el extracto del cliente. | La promoción aplica todos los días durante el periodo de promoción. | No acumulable con otras promociones. | ✓ Chiqui Chic Austria esq. Capitan Emeterio Miranda Esquivel, Asuncion. +595 981 212 570",https://www.beneficiosbancognb.com.py/v2/beneficios/categorias/239,sí,source_start_date_stale
515,Paats & Paats,Días GNB,20% de descuento + Hasta 6 cuotas sin intereses los días viernes.,2026-05-17,2026-11-27,"20% de descuento + Hasta 6 cuotas sin intereses los días viernes. | Del 03 de julio al 27 de noviembre del 2026. | 20% de descuento para pagos con tarjetas de crédito Mastercard Clásicas, Oro, Black, Black Premier y Metalcard Premier del Banco GNB Paraguay. | Hasta 6 cuotas sin intereses para pagos con tarjetas de crédito del Banco GNB Paraguay. | Tope de compra mensual: Gs. 1.000.000 (guaraníes un milón) por cuenta de tarjeta de crédito (incluye titulares y adicionales). | El 10% de descuento será aplicado por el comercio en caja/mostrador al momento del pago y el 10% restante será vía reintegro en el extracto al cierre o podrá visualizarlo en su app en los movimientos mensuales de su tarjeta. Para el fraccionamiento de las cuotas el cliente deberá solicitar/seleccionar la cantidad de cuotas que desea al momento del pago. Las cuotas se verán reflejadas en el extracto del cliente. | No aplica para pagos realizados a través de plataformas de terceros y/o e-commerce. | No acumulable con otras promociones.",https://www.beneficiosbancognb.com.py/v2/beneficios/categorias/515,sí,
430,Librería Kawaii – Colegio Cristo Rey,Días GNB,20% de descuento de lunes a viernes.,2025-01-20,2026-12-31,"20% de descuento de lunes a viernes. | Del 28 de julio al 31 de diciembre del 2026. | 20% de descuento para pagos con tarjetas de crédito y prepagas Mastercard del Banco GNB Paraguay. | Tope de compra mensual: Gs.250.000 (guaraníes doscientos cincuenta mil) por cuenta de tarjeta de crédito (incluye titulares y adicionales). | No participan de la promoción las tarjetas de débito y crédito Visa, de afinidades Empresariales, Corporativas, Gift Card, Gourmet. | No acumulable con otras promociones. | El reembolso será vía reintegro en el extracto al cierre o podrá visualizarlo en su app en los movimientos mensuales de su tarjeta.",https://www.beneficiosbancognb.com.py/v2/beneficios/categorias/430,sí,source_start_date_stale
591,O Boticário,Días GNB,Hasta 25% de descuento los jueves y viernes + Hasta 6 cuotas sin intereses todos los días.,2026-05-17,2026-11-27,"Hasta 25% de descuento los jueves y viernes + Hasta 6 cuotas sin intereses todos los días. | Del 08 de enero al 27 de noviembre del 2026. | Hasta 25% de descuento para pagos con tarjetas de crédito del Banco GNB Paraguay todos los jueves y viernes. 20% de descuento para pagos con tarjetas de crédito del Banco GNB Paraguay (5% en caja + 15% con tarjetas de crédito físicas). +5% de descuento adicional para pagos con QR con tarjetas de crédito a través de la App Banco GNB Personas. | Hasta 6 cuotas sin intereses todos los días para pagos con tarjetas de crédito del Banco GNB Paraguay. | Tope de compra mensual: Gs. 2.000.000 (guaraníes dos millones) por cuenta de tarjeta de crédito (incluye titulares y adicionales), el cual aplica en forma conjunta a todos los locales de los comercios adheridos (Champs Elysees, O boticário, Isdin). | La promoción de descuento aplica todos los jueves y viernes dentro del periodo de la promoción. | Los reintegros serán reflejados de manera automática en el extracto del cliente, en un período de 24 a 48hs hábiles luego de la compra. | El descuento en caja no aplica en la compra de Gift Cards y servicios de cabina como tratamientos faciales. | No acumulable con otras promociones.",https://www.beneficiosbancognb.com.py/v2/beneficios/categorias/591,sí,
81,Tienda Personal,Cuotas sin intereses,Hasta 12 cuotas sin intereses,2024-05-06,2026-12-31,"Hasta 12 cuotas sin intereses todos los dìas. | Del 05 de enero al 31 de diciembre del 2026. | Hasta 12 cuotas sin intereses para tarjetas de afinidad Clásicas, Oro, Experience Black, Black Premier, Metalcard Premier, Platinum e Infinite del Banco GNB Paraguay. | Para el fraccionamiento de las cuotas el cliente deberá solicitar/seleccionar la cantidad de cuotas que desea al momento del pago bajo el Plan 1 de Bancard. Las cuotas se verán reflejadas en el extracto del cliente. | Beneficio aplica única y exclusivamente para compras a través del E-commerce. | No participan de la promoción las tarjetas de débito y crédito de afinidades Empresariales, Corporativas, Gift Card, Gourmet y Prepagas. | No acumulable con otras promociones",https://www.beneficiosbancognb.com.py/v2/beneficios/categorias/81,sí,source_start_date_stale
313,Pandolfo,Cuotas sin intereses,12 Cuotas sin intereses todos los días.,2024-07-31,2026-12-31,"Hasta 12 cuotas sin intereses todos los días. | Del 05 de enero al 31 de diciembre del 2026. | Hasta 12 cuotas sin intereses para tarjetas de afinidad Clásicas, Oro, Experience. Black, Black Premier, Metalcard Premier, Platinum, Infinite del Banco GNB Paraguay. | Para el fraccionamiento de las cuotas el cliente deberá solicitar/seleccionar la cantidad de cuotas que desea al momento del pago. Las cuotas se verán reflejadas en el extracto del cliente. | No participan de la promoción las tarjetas de débito y crédito de afinidades Empresariales, Corporativas, Gift Card, Gourmet y Prepagas. | No acumulable con otras promociones. | Consulte las bases y condiciones para más información acerca de locales adheridos.",https://www.beneficiosbancognb.com.py/v2/beneficios/categorias/313,sí,source_start_date_stale
587,Gino Ventori,Días GNB,25% off los jueves + 6 cuotas sin intereses,2026-05-17,2026-11-26,"Todos los jueves hasta 25% de descuento + 6 cuotas sin intereses. | Del 15 de enero al 26 de noviembre del 2026. | 25% de descuento para pagos con tarjetas de crédito afinidades Black, Black Premier y Metalcard Premier del Banco GNB Paraguay los días jueves. | 20% de descuento para pagos con tarjetas de crédito afinidades Clásicas, Oro, Experience, Platinum e Infinite del Banco GNB Paraguay los días jueves. | Hasta 6 cuotas sin intereses para pagos con tarjetas de crédito del Banco GNB Paraguay. | Tope de compra mensual: Gs. 2.000.000 (guaraníes dos millones) por cuenta de tarjeta de crédito (incluye titulares y adicionales), el cual aplica en forma conjunta a todos los locales del comercio. | Los reintegros serán reflejados de manera automática en el extracto del cliente, en un período de 24 a 48hs hábiles luego de la compra. | El 10% del descuento será aplicado en mostrador por el comercio al momento del pago y el porcentaje restante vía reintegro en el extracto del cliente lo cual será reflejado al cierre o podrá visualizarlo en su app en los movimientos mensuales de su tarjeta. Para el fraccionamiento de las cuotas el cliente deberá solicitar/seleccionar la cantidad de cuotas que sea al momento del pago. Las cuotas se verán reflejadas en el extracto del cliente.",https://www.beneficiosbancognb.com.py/v2/beneficios/categorias/587,sí,
481,Luminotecnia,Cuotas sin intereses,Hasta 12 cuotas sin intereses todos los días.,2025-09-17,2026-12-31,"Hasta 12 cuotas sin intereses todos los días. | Del 05 de enero al 31 de diciembre del 2026. | Hasta 12 cuotas sin intereses para tarjetas de afinidad Clásicas, Oro, Experience. Black, Black Premier, Metalcard Premier, Platinum e Infinite Premier del Banco GNB Paraguay. | Para el fraccionamiento de las cuotas el cliente deberá solicitar/seleccionar la cantidad de cuotas que desea al momento del pago bajo el Plan 1 de Bancard. Las cuotas se verán reflejadas en el extracto del cliente. | No participan de la promoción las tarjetas de débito y crédito de afinidades Empresariales, Corporativas, Gift Card, Gourmet y Prepagas. | No acumulable con otras promociones.",https://www.beneficiosbancognb.com.py/v2/beneficios/categorias/481,sí,source_start_date_stale
406,Clínica Arco,Cuotas sin intereses,Hasta 12 cuotas sin intereses todos los días.,2024-12-11,2026-12-31,"Hasta 12 cuotas sin intereses todos los días. | Del 05 de enero al 31 de diciembre del 2026. | Hasta 12 cuotas sin intereses para las tarjetas de crédito Clásicas, Oro, Experience, Black, Black Premier, Metalcard Premier, Infinite y Platinum. | Para el fraccionamiento de las cuotas el cliente deberá solicitar/seleccionar la cantidad de cuotas que desea bajo el Plan 1 de Bancard al momento del pago. Las cuotas se verán reflejadas en el extracto del cliente. | No participan de la promoción las tarjetas de débito y crédito de afinidades Empresariales, Corporativas, Gift Card, Gourmet y Prepagas. | La promoción aplica todos los días durante el periodo de promoción. | No acumulable con otras promociones.",https://www.beneficiosbancognb.com.py/v2/beneficios/categorias/406,sí,source_start_date_stale
35,Charpentier,Días GNB,Todos los días 15% de descuento + Hasta 6 cuotas sin intereses.,2026-05-18,2026-12-31,"Todos los días 15% de descuento + Hasta 6 cuotas sin intereses. | Del 01 de enero al 31 de diciembre del 2026. | 15% de descuento para tarjetas de afinidad Clásicas, Oro, Black, Black Premier, Metalcard Premier, Experience, Platinum, Infinite. | Hasta 6 cuotas sin intereses para tarjetas de afinidad Clásicas, Oro, Black, Black Premier, Metalcard Premier, Experience, Platinum, Infinite. | El descuento será aplicado al momento del pago en caja/mostrador por el comercio. Para el fraccionamiento de las cuotas el cliente deberá solicitar/seleccionar la cantidad de cuotas que sea al momento del pago. Las cuotas se verán reflejadas en el extracto del cliente. | No acumulable con otras promociones.",https://www.beneficiosbancognb.com.py/v2/beneficios/categorias/35,sí,
490,Anouk - Hans & Baby An,Días GNB,20% de descuento + Hasta 6 cuotas sin intereses los días jueves.,2026-05-17,2026-11-26,"20% de descuento + Hasta 6 cuotas sin intereses los días jueves. | Del 02 de julio al 26 de noviembre del 2026. | 20% de descuento para pagos con tarjetas de crédito Mastercard Clásicas, Oro, Black, Black Premier y Metalcard Premier del Banco GNB Paraguay. | Hasta 6 cuotas sin intereses para pagos con tarjetas de crédito Banco GNB Paraguay. | Tope de compra mensual: Gs. 1.000.000 (guaraníes un millón) por cuenta de tarjeta de crédito Incluye titulares y adicionales. | El 10% de descuento será aplicado por el comercio en caja/mostrador al momento del pago y el 10% restante será vía reintegro en el extracto al cierre o podrá visualizarlo en su app en los movimientos mensuales de su tarjeta. Para el fraccionamiento de las cuotas el cliente deberá solicitar/seleccionar la cantidad de cuotas que desea al momento del pago. Las cuotas se verán reflejadas en el extracto del cliente. | No aplica para pagos realizados a través de plataformas de terceros y/o e-commerce. | No acumulable con otras promociones.",https://www.beneficiosbancognb.com.py/v2/beneficios/categorias/490,sí,
269,PSA Purificadores de Agua,Cuotas sin intereses,Hasta 12 cuotas sin intereses,2024-01-01,2026-12-31,"Hasta 12 cuotas sin intereses todos los días. | Del 05 de enero al 31 de diciembre del 2026. | Hasta 12 cuotas sin intereses para las tarjetas de crédito Clásicas, Oro, Experience, Black, Black Premier, Metalcard Premier, Infinite y Platinum. | Para el fraccionamiento de las cuotas el cliente deberá solicitar/seleccionar la cantidad de cuotas que desea bajo el Plan 1 de Bancard al momento del pago. Las cuotas se verán reflejadas en el extracto del cliente | No acumulable con otras promociones. | No participan de la promoción las tarjetas de débito y crédito de afinidades Empresariales, Corporativas, Gift Card, Gourmet y Prepagas. | ✓ PSA World Trade Center Asunción (Local 83) Avenida Aviadores del Chaco – Asunción, Paraguay",https://www.beneficiosbancognb.com.py/v2/beneficios/categorias/269,sí,source_start_date_stale
133,Visuar,Cuotas sin intereses,Hasta 12 cuotas sin intereses todos los días.,2025-02-23,2026-12-31,"Hasta 12 cuotas sin intereses todos los días. | Del 05 de enero al 31 de diciembre del 2026. | Hasta 12 cuotas sin intereses para pagos con tarjetas de crédito del Banco GNB Paraguay. | Para el fraccionamiento de las cuotas el cliente deberá solicitar/seleccionar la cantidad de cuotas que desea al momento del pago. Las cuotas se verán reflejadas en el extracto del cliente. | No participan de la promoción las tarjetas de débito y crédito de afinidades Empresariales, Corporativas, Gift Card, Gourmet y Prepagas. | No acumulable con otras promociones.",https://www.beneficiosbancognb.com.py/v2/beneficios/categorias/133,sí,source_start_date_stale
571,Women'Secret,Días GNB,Hasta 25% de descuento los jueves y viernes + Hasta 6 cuotas sin intereses todos los días.,2026-05-17,2026-11-27,"Hasta 25% de descuento los jueves y viernes + Hasta 6 cuotas sin intereses todos los días. | Del 03 de septiembre al 27 de noviembre del 2026. | 20% de descuento para pagos con tarjetas de crédito del Banco GNB Paraguay (5% en caja + 15% con tarjetas de crédito físicas). +5% de descuento adicional para pagos con QR con tarjetas de crédito a través de la App Banco GNB Personas. | Hasta 6 cuotas sin intereses todos los días para pagos con tarjetas de crédito del Banco GNB Paraguay. | Tope de compra mensual: Gs. 2.500.000 (guaraníes dos millones quinientos mil) por cuenta de tarjeta de crédito (incluye titulares y adicionales), el cual aplica en forma conjunta a todos los locales de los comercios adheridos (Springfield, Women Secret, Forever 21, Jack & Jones). | El descuento en caja no aplica en la compra de Gift Cards. | No acumulable con otras promociones.",https://www.beneficiosbancognb.com.py/v2/beneficios/categorias/571,sí,
268,Carestino,Cuotas sin intereses,Hasta 12 cuotas sin intereses todos los días.,2024-03-31,2026-12-31,"Hasta 12 cuotas sin intereses todos los días. | Del 05 de enero al 31 de diciembre del 2026. | Hasta 12 cuotas sin intereses para las tarjetas de crédito Clásicas, Oro, Experience, Black, Black Premier, Metalcard Premier, Infinite y Platinum. | Para el fraccionamiento de las cuotas el cliente deberá solicitar/seleccionar la cantidad de cuotas que desea al momento del pago. Las cuotas se verán reflejadas en el extracto del cliente. | No participan de la promoción las tarjetas de débito y crédito de afinidades Empresariales, Corporativas, Gift Card, Gourmet y Prepagas. | No acumulable con otras promociones. | Carestino | La Recoleta, Charles De Gaulle – Asunción, Paraguay",https://www.beneficiosbancognb.com.py/v2/beneficios/categorias/268,sí,source_start_date_stale
634,Doha Home,Cuotas sin intereses,Hasta 12 cuotas sin intereses todos los días.,2026-08-26,2026-12-31,"Hasta 12 cuotas sin intereses todos los días. | Del 26 de agosto al 31 de diciembre del 2026. | Hasta 12 cuotas sin intereses con las tarjetas de crédito del Banco GNB Paraguay. | Para el fraccionamiento de las cuotas el cliente deberá solicitar/seleccionar la cantidad de cuotas que desea al momento del pago bajo el Plan 1 de Bancard. Las cuotas se verán reflejadas en el extracto del cliente. | No participan de la promoción las tarjetas de débito y crédito de afinidades Empresariales, Corporativas, Gift Card, Gourmet y Prepagas. | No acumulable con otras promociones.",https://www.beneficiosbancognb.com.py/v2/beneficios/categorias/634,sí,
592,Isdin,Días GNB,Hasta 25% de descuento los jueves y viernes + Hasta 6 cuotas sin intereses todos los días.,2026-05-17,2026-11-27,"Hasta 25% de descuento los jueves y viernes + Hasta 6 cuotas sin intereses todos los días. | Del 08 de enero al 27 de noviembre del 2026. | Hasta 25% de descuento para pagos con tarjetas de crédito del Banco GNB Paraguay todos los jueves y viernes. 20% de descuento para pagos con tarjetas de crédito del Banco GNB Paraguay (5% en caja + 15% con tarjetas de crédito físicas). +5% de descuento adicional para pagos con QR con tarjetas de crédito a través de la App Banco GNB Personas. | Hasta 6 cuotas sin intereses todos los días para pagos con tarjetas de crédito del Banco GNB Paraguay. | Tope de compra mensual: Gs. 2.000.000 (guaraníes dos millones) por cuenta de tarjeta de crédito (incluye titulares y adicionales), el cual aplica en forma conjunta a todos los locales de los comercios adheridos (Champs Elysees, O boticário, Isdin). | La promoción de descuento aplica todos los jueves y viernes dentro del periodo de la promoción. | Los reintegros serán reflejados de manera automática en el extracto del cliente, en un período de 24 a 48hs hábiles luego de la compra. | El descuento en caja no aplica en la compra de Gift Cards y servicios de cabina como tratamientos faciales. | No acumulable con otras promociones.",https://www.beneficiosbancognb.com.py/v2/beneficios/categorias/592,sí,
399,Cafexpress,Cuotas sin intereses,Hasta 12 cuotas sin intereses todos los días.,2025-09-13,2026-12-31,"Hasta 12 cuotas sin intereses todos los días. | Del 19 de marzo al 31 de diciembre del 2026. | Hasta 12 cuotas sin intereses para tarjetas de afinidad Clásicas, Oro, Experience. Black, Black Premier, Metalcard Premier, Platinum, Infinite del Banco GNB Paraguay. | Para el fraccionamiento de las cuotas el cliente deberá solicitar/seleccionar la cantidad de cuotas que desea al momento del pago. Las cuotas se verán reflejadas en el extracto del cliente. | No participan de la promoción las tarjetas de débito y crédito de afinidades Empresariales, Corporativas, Gift Card, Gourmet y Prepagas. | No acumulable con otras promociones. | Consulte las bases y condiciones para más información acerca de los locales adheridos.",https://www.beneficiosbancognb.com.py/v2/beneficios/categorias/399,sí,source_start_date_stale
593,Blue Farma,Días GNB,20% de descuento los lunes + Hasta 6 cuotas sin intereses todos los días.,2026-03-05,2026-12-28,"20% de descuento los lunes + Hasta 6 cuotas sin intereses todos los días. | Del 29 de junio al 28 de diciembre del 2026. | 20% de descuento para pagos con tarjetas de crédito Mastercard Clásicas, Oro, Black, Black Premier y Metalcard Premier del Banco GNB Paraguay. | Hasta 6 cuotas sin intereses para pagos realizados con las tarjetas de crédito del Banco GNB Paraguay. | Tope de compra mensual: Gs. 800.000 (guaraníes ochocientos mil) por cuenta de tarjeta de crédito Incluye titulares y adicionales. | No aplica para pagos realizados a través de plataformas de terceros y/o e-commerce. | El 10% de descuento será aplicado por el comercio en caja/mostrador al momento del pago y el 10% restante será vía reintegro en el extracto al cierre o podrá visualizarlo en su app en los movimientos mensuales de su tarjeta. Para el fraccionamiento de las cuotas el cliente deberá solicitar/seleccionar la cantidad de cuotas que sea al momento del pago. Las cuotas se verán reflejadas en el extracto del cliente. | No acumulable con otras promociones.",https://www.beneficiosbancognb.com.py/v2/beneficios/categorias/593,sí,
326,Colchones Trebol,Cuotas sin intereses,Hasta 12 cuotas sin intereses.,2024-08-26,2026-12-31,"Hasta 12 cuotas sin intereses todos los días. | Del 05 de enero al 31 de diciembre del 2026. | Hasta 12 cuotas sin intereses para tarjetas de crédito del Banco GNB Paraguay. | Para el fraccionamiento de las cuotas el cliente deberá solicitar/seleccionar la cantidad de cuotas que sea al momento del pago. Las cuotas se verán reflejadas en el extracto del cliente. | No participan de la promoción las tarjetas de débito y crédito de afinidades Empresariales, Corporativas, Gift Card, Gourmet y Prepagas. | No acumulable con otras promociones.",https://www.beneficiosbancognb.com.py/v2/beneficios/categorias/326,sí,source_start_date_stale
506,Paraná Hogar,Cuotas sin intereses,Hasta 12 cuotas sin intereses todos los días.,2025-08-05,2026-12-31,"Hasta 12 cuotas sin intereses todos los días. | Del 15 de enero al 31 de diciembre del 2026. | Hasta 12 cuotas sin intereses para pagos con tarjetas de crédito Visa y/o Mastercard de afinidades Clásica, Oro, Experience, Black, Black Premier, Metalcard Premier, Platinum e Infinite del Banco GNB Paraguay. | El fraccionamiento de las cuotas deberá ser solicitado al momento de la compra por Plan 1 de Bancard. Las cuotas se verán reflejadas en el extracto del cliente. | No participan de la promoción las tarjetas de débito y crédito de afinidades Empresariales, Corporativas, Gift Card, Gourmet y Prepagas. | No aplica para pagos realizados a través de plataformas de terceros. | No acumulable con otras promociones.",https://www.beneficiosbancognb.com.py/v2/beneficios/categorias/506,sí,source_start_date_stale
574,American Look,Días GNB,25% off los jueves y viernes + 6 cuotas sin intereses,2026-05-17,2026-11-27,"Hasta 25% off todos los jueves y viernes + 6 cuotas sin intereses en tiendas del Grupo Kemsa. | Del 22 de enero al 27 de noviembre del 2026. | 25% de descuento para pagos con tarjetas de crédito afinidades Black, Black Premier y Metalcard Premier del Banco GNB Paraguay los días jueves y viernes. | 20% de descuento para pagos con tarjetas de crédito afinidades Clásicas, Oro, Experience, Platinum e Infinite del Banco GNB Paraguay los días jueves y viernes. | Hasta 6 cuotas sin intereses para pagos con tarjetas de crédito del Banco GNB Paraguay todos los días. | El 15% del descuento será aplicado en mostrador por el comercio al momento del pago y el porcentaje restante vía reintegro en el extracto del cliente lo cual será reflejado al cierre o podrá visualizarlo en su app en los movimientos mensuales de su tarjeta. Para el fraccionamiento de las cuotas el cliente deberá solicitar/seleccionar la cantidad de cuotas que desea al momento del pago. Las cuotas se verán reflejadas en el extracto del cliente. | Tope de compra mensual: Gs. 1.500.000 (guaraníes un millón quinientos mil) para tarjetas de crédito Mastercard y Visa Clásicas, Oro Platinum e Infinite. y Gs. 3.000.000 (guaraníes tres millones) para tarjetas de crédito Mastercard Black, Black Premier y Metalcard Premier. | El descuento en caja no aplica en la compra de Gift Cards. | No acumulable con otras promociones.",https://www.beneficiosbancognb.com.py/v2/beneficios/categorias/574,sí,
504,Odontología 3,Cuotas sin intereses,Hasta 12 cuotas sin intereses todos los días.,2025-08-06,2026-12-31,"Hasta 12 cuotas sin intereses todos los días. | Del 05 de enero al 31 de diciembre del 2026. | Hasta 12 cuotas sin intereses para tarjetas de afinidad Clásicas, Oro, Experience. Black, Black Premier, Metalcard Premier, Platinum e Infinite Premier del Banco GNB Paraguay. | Para el fraccionamiento de las cuotas el cliente deberá solicitar/seleccionar la cantidad de cuotas que desea al momento del pago bajo el Plan 1 de Bancard. Las cuotas se verán reflejadas en el extracto del cliente. | No participan de la promoción las tarjetas de débito y crédito de afinidades Empresariales, Corporativas, Gift Card, Gourmet y Prepagas. | La promoción aplica todos los días durante el periodo de promoción. | No acumulable con otras promociones.",https://www.beneficiosbancognb.com.py/v2/beneficios/categorias/504,sí,source_start_date_stale
380,Farmavip,Días GNB,20% de reintegro los días miércoles,2024-11-22,2026-12-30,"20% de reintegro los días miércoles | Del 12 de agosto al 30 de diciembre del 2026. | 20% de reintegro para pagos con tarjetas de crédito Mastercard del Banco GNB Paraguay todos los miércoles. | Tope de compra mensual: Gs. 1.000.000 (guaraníes un millón) por cuenta de tarjeta de crédito (incluye titulares y adicionales), el cual aplica en forma conjunta a todos los locales del comercio. | El 10% del descuento será aplicado en mostrador por el comercio al momento del pago y el porcentaje restante vía reintegro en el extracto del cliente lo cual será reflejado al cierre o podrá visualizarlo en su app en los movimientos mensuales de su tarjeta. | No aplica para pedidos realizados vía delivery y/o e-commerce. | No acumulable con otras promociones.",https://www.beneficiosbancognb.com.py/v2/beneficios/categorias/380,sí,source_start_date_stale
360,Hydro Clean,Días GNB,20% de descuento y hasta 12 cuotas sin intereses todos los días.,2024-10-07,2026-12-31,20% de descuento y hasta 12 cuotas sin intereses todos los días. | Del 06 de febrero al 31 de diciembre del 2026. | 20% de descuento para pagos con las tarjetas de crédito del Banco GNB Paraguay. | Hasta 12 cuotas sin intereses para pagos con las tarjetas de crédito del Banco GNB Paraguay. | El descuento será aplicado al momento del pago en caja/mostrador por el comercio. Para el fraccionamiento de las cuotas el cliente deberá solicitar/seleccionar la cantidad de cuotas que desea al momento del pago. Las cuotas se verán reflejadas en el extracto del cliente. | No acumulable con otras promociones.,https://www.beneficiosbancognb.com.py/v2/beneficios/categorias/360,sí,source_start_date_stale
530,Music Hall,Cuotas sin intereses,Hasta 12 cuotas sin intereses todos los días.,2025-10-15,2026-12-31,"Hasta 12 cuotas sin intereses todos los días. | Del 05 de enero al 31 de diciembre del 2026. | Hasta 12 cuotas sin intereses para pagos con tarjetas de crédito del Banco GNB Paraguay. | Para el fraccionamiento de las cuotas el cliente deberá solicitar/seleccionar la cantidad de cuotas que desea al momento del pago. Las cuotas se verán reflejadas en el extracto del cliente. | No participan de la promoción las tarjetas de débito, de afinidades Empresariales, Corporativas, Gift Card, Gourmet y Prepagas. | No acumulable con otras promociones.",https://www.beneficiosbancognb.com.py/v2/beneficios/categorias/530,sí,source_start_date_stale
528,Librería Emanuel,Días GNB,20% de descuento los días viernes + Hasta 6 cuotas sin intereses.,2026-04-10,2026-10-30,"20% de descuento los días viernes + Hasta 6 cuotas sin intereses. | Del 17 de abril al 30 de octubre del 2026. | 20% de descuento para pagos con tarjetas de crédito Mastercard Clásicas, Oro, Black, Black Premier y Metalcard Premier del Banco GNB Paraguay. | Hasta 6 cuotas sin intereses para pagos con tarjetas de crédito del Banco GNB Paraguay | El 10% de descuento será aplicado por el comercio en caja/mostrador al momento del pago y el 10% restante será vía reintegro en el extracto al cierre o podrá visualizarlo en su app en los movimientos mensuales de su tarjeta. Para el fraccionamiento de las cuotas el cliente deberá solicitar/seleccionar la cantidad de cuotas que desea al momento del pago. Las cuotas se verán reflejadas en el extracto del cliente. | Tope de compra mensual: Gs. 500.000 (guaraníes quinientos mil) por cuenta de tarjeta de crédito Incluye titulares y adicionales. | No aplica para pagos realizados a través de plataformas de terceros y/o e-commerce. | No acumulable con otras promociones.",https://www.beneficiosbancognb.com.py/v2/beneficios/categorias/528,sí,
657,Moët Hennessy,Días GNB,Hasta 25% de descuento los jueves y viernes + Hasta 6 cuotas sin intereses todos los días.,2026-08-25,2026-12-31,"Hasta 25% de descuento los jueves y viernes + Hasta 6 cuotas sin intereses todos los días. | Del 27 de agosto al 31 de diciembre del 2026. | 25% de descuento para pagos con tarjetas de crédito Mastercard afinidades Black, Black Premier y Metalcard Premier del Banco GNB Paraguay. | 20% de descuento para pagos con tarjetas de crédito Mastercard afinidades Clásicas y Oro del Banco GNB Paraguay. | Hasta 6 cuotas sin intereses todos los días para pagos con tarjetas de crédito del Banco GNB Paraguay. | Tope de compra mensual: Gs. 1.500.000 (guaraníes un millón quinientos mil) por cuenta de tarjeta de crédito (incluye titulares y adicionales), el cual aplica en forma conjunta a todos los locales de los comercios adheridos. | Los reintegros serán reflejados de manera automática en el extracto del cliente, en un período de 24 a 48hs hábiles luego de la compra. | No participan de la promoción las tarjetas de débito y crédito de afinidades Empresariales, Corporativas, Gift Card, Gourmet y Prepagas. | No acumulable con otras promociones.",https://www.beneficiosbancognb.com.py/v2/beneficios/categorias/657,sí,
442,Oral Studio,Cuotas sin intereses,Hasta 12 cuotas sin intereses todos los días.,2025-04-01,2026-12-31,"Hasta 12 cuotas sin intereses todos los días. | Del 05 de enero al 31 de diciembre del 2026. | Hasta 12 cuotas sin intereses para tarjetas de crédito del Banco GNB Paraguay. | Para el fraccionamiento de las cuotas el cliente deberá solicitar/seleccionar la cantidad de cuotas que desea al momento del pago. Las cuotas se verán reflejadas en el extracto del cliente. | No participan de la promoción las tarjetas de débito y crédito; de afinidades Empresariales, Corporativas, Gift Card, Gourmet y Prepagas. | La promoción aplica todos los días durante el periodo de promoción. | No acumulable con otras promociones. | ✓ Oral Studio Clínica Dental - San Roque González 552 entre Andrés Campos Cervera y Manuel Castillo - Asunción, Paraguay",https://www.beneficiosbancognb.com.py/v2/beneficios/categorias/442,sí,source_start_date_stale
441,Jardín de la Paz,Cuotas sin intereses,Hasta 12 cuotas sin intereses todos los días.,2025-04-08,2026-12-31,"Hasta 12 cuotas sin intereses todos los días. | Del 05 de enero al 31 de diciembre del 2026. | Hasta 12 cuotas sin intereses para pagos con tarjetas de crédito Clásicas, Oro, Experience, Black, Black Premier, Metalcard Premier, Platinum e Infinite del Banco GNB Paraguay. | Para el fraccionamiento de las cuotas el cliente deberá solicitar/seleccionar la cantidad de cuotas que desea al momento del pago. Las cuotas se verán reflejadas en el extracto del cliente. | No participan de la promoción las tarjetas de débito y crédito de afinidades Empresariales, Corporativas, Gift Card, Gourmet y Prepagas. | La promoción aplica todos los días durante el periodo de promoción. | No acumulable con otras promociones. | ✓ Jardin de la Paz - Avda. República Argentina 1512 esq. Dr. Miguel Torres – Asunción, Paraguay.",https://www.beneficiosbancognb.com.py/v2/beneficios/categorias/441,sí,source_start_date_stale
379,De La Paz Art&Co,Días GNB,Hasta 12 cuotas sin intereses.,2026-05-18,2026-12-31,"Hasta 12 cuotas sin intereses. | Del 05 de enero al 31 de diciembre del 2026. | Hasta 12 cuotas sin intereses para pagos con tarjetas de crédito del Banco GNB Paraguay. | Para el fraccionamiento de las cuotas el cliente deberá solicitar/seleccionar la cantidad de cuotas que desea al momento del pago. Las cuotas se verán reflejadas en el extracto del cliente. | La promoción aplica todos los días durante el periodo de promoción. | No acumulable con otras promociones. | Beneficio también aplica a compras vía web. | No participan de la promoción las tarjetas de débito y crédito de afinidades Empresariales, Corporativas, Gift Card, Gourmet y Prepagas.",https://www.beneficiosbancognb.com.py/v2/beneficios/categorias/379,sí,
257,Syrocco,Cuotas sin intereses,Hasta 12 cuotas sin intereses todos los días.,2023-11-13,2026-12-31,"Hasta 12 cuotas sin intereses todos los días. | Del 07 de enero al 31 de diciembre del 2026. | Hasta 12 cuotas sin intereses para pagos con tarjetas de crédito del Banco GNB Paraguay. | Para el fraccionamiento de las cuotas el cliente deberá solicitar/seleccionar la cantidad de cuotas que desea al momento del pago. Las cuotas se verán reflejadas en el extracto del cliente. | No participan de la promoción las tarjetas de débito y crédito de afinidades Empresariales, Corporativas, Gift Card, Gourmet y Prepagas. | La promoción aplica todos los días durante el periodo de promoción. | No acumulable con otras promociones.",https://www.beneficiosbancognb.com.py/v2/beneficios/categorias/257,sí,source_start_date_stale
303,Nova Tire,Cuotas sin intereses,Hasta 12 cuotas sin intereses,2024-07-01,2026-12-31,"Hasta 12 cuotas sin intereses todos los días. | Del 05 de enero al 31 de diciembre del 2026. | Hasta 12 cuotas sin intereses para pagos con tarjetas de crédito Black, Black Premier, Metalcard Premier, Platinum e Infinite del Banco GNB Paraguay. | Para el fraccionamiento de las cuotas el cliente deberá solicitar/seleccionar la cantidad de cuotas que desea al momento del pago. Las cuotas se verán reflejadas en el extracto del cliente. | No participan de la promoción las tarjetas de débito y crédito de afinidades Empresariales, Corporativas, Gift Card, Gourmet y Prepagas. | No acumulable con otras promociones.",https://www.beneficiosbancognb.com.py/v2/beneficios/categorias/303,sí,source_start_date_stale
45,Última Hora,Cuotas sin intereses,Hasta 12 cuotas sin intereses todos los días.,2025-08-06,2026-12-31,"Hasta 12 cuotas sin intereses todos los días. | Del 05 de enero al 31 de diciembre del 2026. | Hasta 12 cuotas sin intereses para pagos con tarjetas de crédito Visa y/o Mastercard de afinidades Clásica, Oro, Experience, Black, Black Premier, Metalcard Premier, Platinum e Infinite del Banco GNB Paraguay. | El fraccionamiento de las cuotas deberá ser solicitado al momento de la compra por Plan 1 de Bancard. Las cuotas se verán reflejadas en el extracto del cliente. | No participan de la promoción las tarjetas de débito y crédito de afinidades Empresariales, Corporativas, Gift Card, Gourmet y Prepagas. | No aplica para pagos realizados a través de plataformas de terceros. | No acumulable con otras promociones.",https://www.beneficiosbancognb.com.py/v2/beneficios/categorias/45,sí,source_start_date_stale
603,Cerogrado,Días GNB,Hasta 20% de descuento + Hasta 6 cuotas sin intereses los días jueves y viernes.,2026-03-26,2026-12-31,Hasta 20% de descuento + Hasta 6 cuotas sin intereses los días jueves y viernes. | Del 20 de agosto al 31 de diciembre del 2026. | Hasta 20% de descuento para pagos con tarjetas de crédito del Banco GNB Paraguay. | Hasta 6 cuotas sin intereses para pagos con tarjetas de crédito del Banco GNB Paraguay. | Tope de compra por periodo de la promoción: Gs. 1.500.000 (guaraníes un millón quinientos mil) por cuenta de tarjeta de crédito (Incluye titulares y adicionales). | El descuento será aplicado en caja al momento del pago por el comercio. Para el fraccionamiento de las cuotas el cliente deberá solicitar/seleccionar la cantidad de cuotas que desea al momento del pago. Las cuotas se verán reflejadas en el extracto del cliente. | La promoción aplica únicamente los días jueves y viernes durante el periodo de promoción. | No acumulable con otras promociones.,https://www.beneficiosbancognb.com.py/v2/beneficios/categorias/603,sí,
586,Estilo Sur,Días GNB,Hasta 25% de descuento + Hasta 6 cuotas sin intereses.,2026-08-14,2026-11-26,"Hasta 25% de descuento + Hasta 6 cuotas sin intereses. | Del 03 de septiembre al 26 de noviembre del 2026. | 25% de descuento para pagos con tarjetas de crédito afinidades Black, Black Premier y Metalcard Premier del Banco GNB Paraguay. | 20% de descuento para pagos con tarjetas de crédito afinidades Clásicas, Oro, Experience, Platinum e Infinite del Banco GNB Paraguay. | Hasta 6 cuotas sin intereses todos los días para pagos con tarjetas de crédito del Banco GNB Paraguay. | Tope de compra mensual: Gs. 2.000.000 (guaraníes dos millones) por cuenta de tarjeta de crédito (incluye titulares y adicionales), el cual aplica en forma conjunta a todos los locales de los comercios adheridos. | Los reintegros serán reflejados de manera automática en el extracto del cliente, en un período de 24 a 48hs hábiles luego de la compra. | El beneficio de descuento aplica únicamente el primer y último jueves de cada mes durante el periodo de promoción. | El beneficio de cuotas sin intereses aplica todos los días durante el periodo de promoción.",https://www.beneficiosbancognb.com.py/v2/beneficios/categorias/586,sí,
575,Brooksfield,Días GNB,25% off los jueves y viernes + 6 cuotas sin intereses,2026-05-17,2026-11-27,"Hasta 25% off todos los jueves y viernes + 6 cuotas sin intereses en tiendas del Grupo Kemsa. | Del 22 de enero al 27 de noviembre del 2026. | 25% de descuento para pagos con tarjetas de crédito afinidades Black, Black Premier y Metalcard Premier del Banco GNB Paraguay los días jueves y viernes. | 20% de descuento para pagos con tarjetas de crédito afinidades Clásicas, Oro, Experience, Platinum e Infinite del Banco GNB Paraguay los días jueves y viernes. | Hasta 6 cuotas sin intereses para pagos con tarjetas de crédito del Banco GNB Paraguay todos los días. | El 15% del descuento será aplicado en mostrador por el comercio al momento del pago y el porcentaje restante vía reintegro en el extracto del cliente lo cual será reflejado al cierre o podrá visualizarlo en su app en los movimientos mensuales de su tarjeta. Para el fraccionamiento de las cuotas el cliente deberá solicitar/seleccionar la cantidad de cuotas que desea al momento del pago. Las cuotas se verán reflejadas en el extracto del cliente. | Tope de compra mensual: Gs. 1.500.000 (guaraníes un millón quinientos mil) para tarjetas de crédito Mastercard y Visa Clásicas, Oro Platinum e Infinite. y Gs. 3.000.000 (guaraníes tres millones) para tarjetas de crédito Mastercard Black, Black Premier y Metalcard Premier. | El descuento en caja no aplica en la compra de Gift Cards. | No acumulable con otras promociones.",https://www.beneficiosbancognb.com.py/v2/beneficios/categorias/575,sí,
567,Padel Point,Días GNB,10% de descuento el primer viernes de cada mes + Hasta 12 cuotas sin intereses todos los días.,2026-02-16,2026-12-31,"10% de descuento el primer viernes de cada mes + Hasta 12 cuotas sin intereses todos los días. | Del 16 de febrero al 31 de diciembre del 2026. | 10% de descuento para pagos con tarjetas de crédito Mastercard Clásicas, Oro, Black, Black Premier y Metalcard Premier del Banco GNB Paraguay. | Hasta 12 cuotas sin intereses para pagos con tarjetas de crédito del Banco GNB Paraguay. | No participan de la promoción las tarjetas de débito y crédito, de afinidades Empresariales, Corporativas, Gift Card, Gourmet y Prepagas. | No acumulable con otras promociones. | ✓ Tienda Padel Point Primer Presidente e/ Victoriano Alvarenga - Asunción, Paraguay",https://www.beneficiosbancognb.com.py/v2/beneficios/categorias/567,sí,
476,Bellisima,Cuotas sin intereses,Hasta 12 cuotas sin intereses todos los días.,2026-01-22,2026-12-31,"Hasta 12 cuotas sin intereses todos los días. | Del 22 de enero al 31 de diciembre del 2026. | Hasta 12 cuotas sin intereses para pagos con tarjetas de crédito Clásicas, Oro, Experience, Black, Black Premier, Metalcard Premier, Platinum e Infinite del Banco GNB Paraguay. | Para el fraccionamiento de las cuotas el cliente deberá solicitar/seleccionar la cantidad de cuotas que desea al momento del pago. Las cuotas se verán reflejadas en el extracto del cliente. | No participan de la promoción las tarjetas de débito y crédito de afinidades Empresariales, Corporativas, Gift Card, Gourmet y Prepagas. | No acumulable con otras promociones. | La promoción también aplica a compras vía web.",https://www.beneficiosbancognb.com.py/v2/beneficios/categorias/476,sí,
434,Climarco,Cuotas sin intereses,Hasta 12 cuotas sin intereses todos los días.,2025-03-25,2026-12-31,"Hasta 12 cuotas sin intereses todos los días. | Del 05 de enero al 31 de diciembre del 2026. | Hasta 12 cuotas sin intereses para pagos con tarjetas de crédito del Banco GNB Paraguay. | Para el fraccionamiento de las cuotas el cliente deberá solicitar/seleccionar la cantidad de cuotas que desea al momento del pago. Las cuotas se verán reflejadas en el extracto del cliente. | Pagos realizados con tarjetas de crédito Banco GNB Paraguay S.A.E.C.A. | No participan de la promoción las tarjetas de débito y crédito de afinidades Empresariales, Corporativas, Gift Card, Gourmet y Prepagas.",https://www.beneficiosbancognb.com.py/v2/beneficios/categorias/434,sí,source_start_date_stale
660,Farmacia Santa Victoria,Días GNB,35% de descuento los días martes.,2026-09-03,2026-12-29,"35% de descuento los días martes. | Del 08 de septiembre al 29 de diciembre del 2026. | 35% de descuento para pagos con tarjetas de crédito Mastercard del Banco GNB Paraguay. | Tope de compra mensual: Gs. 1.000.000 (guaraníes un millón) por cuenta de tarjeta de crédito (incluye titulares y adicionales), el cual aplica en forma conjunta a todos los locales del comercio. | No aplica para pedidos realizados vía delivery y/o e-commerce. | No acumulable con otras promociones.",https://www.beneficiosbancognb.com.py/v2/beneficios/categorias/660,sí,
604,San Isidro Show Room,Días GNB,15% de descuento + Hasta 12 cuotas sin intereses todos los días.,2026-03-26,2026-12-31,15% de descuento + Hasta 12 cuotas sin intereses todos los días. | Del 27 de marzo al 31 de diciembre del 2026. | 15% de descuento para pagos con tarjetas de crédito del Banco GNB Paraguay. | Hasta 12 cuotas sin intereses para pagos con tarjetas de crédito del Banco GNB Paraguay. | El descuento será aplicado en caja al momento del pago por el comercio. | Para el fraccionamiento de las cuotas el cliente deberá solicitar/seleccionar la cantidad de cuotas que desea al momento del pago. Las cuotas se verán reflejadas en el extracto del cliente. | No acumulable con otras promociones.,https://www.beneficiosbancognb.com.py/v2/beneficios/categorias/604,sí,
570,Jeep,Días GNB,Hasta 25% de descuento los viernes + 6 cuotas sin intereses todos los días,2026-05-17,2026-11-27,"Hasta 25% de descuento los viernes + 6 cuotas sin intereses todos los días | Del 23 de enero al 27 de noviembre del 2026. | 25% de descuento para pagos con tarjetas de crédito afinidades Black, Black Premier y Metalcard Premier del Banco GNB Paraguay los días viernes. | 20% de descuento para pagos con tarjetas de crédito afinidades Clàsicas, Oro, Experience, Platinum e Infinite del Banco GNB Paraguay los días viernes. | Hasta 6 cuotas sin intereses para pagos con tarjetas de crédito del Banco GNB Paraguay. | Tope de compra mensual: Gs. 1.500.000 (guaraníes un millón quinientos mil) para tarjetas de crédito Mastercard y Visa Clásicas, Oro Platinum e Infinite. y Gs. 3.000.000 (guaraníes tres millones) para tarjetas de crédito Mastercard Black, Black Premier y Metalcard Premier el cual aplica en forma conjunta a todos los locales de los comercios adheridos. | Los reintegros serán reflejados de manera automática en el extracto del cliente, en un período de 24 a 48hs hábiles luego de la compra. | El descuento en caja no aplica en la compra de Gift Cards. | No acumulable con otras promociones.",https://www.beneficiosbancognb.com.py/v2/beneficios/categorias/570,sí,
532,Master Shop,Cuotas sin intereses,Hasta 12 cuotas sin intereses todos los días.,2025-10-17,2026-12-31,"Hasta 12 cuotas sin intereses todos los días. | Del 05 de enero al 31 de diciembre del 2026. | Hasta 12 cuotas sin intereses para tarjetas de afinidad Clásicas, Oro, Experience. Black, Black Premier, Metalcard Premier, Platinum e Infinite Premier del Banco GNB Paraguay. | Para el fraccionamiento de las cuotas el cliente deberá solicitar/seleccionar la cantidad de cuotas que desea al momento del pago bajo el Plan 1 de Bancard. Las cuotas se verán reflejadas en el extracto del cliente. | No participan de la promoción las tarjetas de débito y crédito de afinidades Empresariales, Corporativas, Gift Card, Gourmet y Prepagas. | No acumulable con otras promociones.",https://www.beneficiosbancognb.com.py/v2/beneficios/categorias/532,sí,source_start_date_stale
460,Alpa Muebles,Días GNB,Hasta 12 cuotas sin intereses todos los días.,2025-05-26,2026-12-31,"Hasta 12 cuotas sin intereses todos los días. | Del 06 de febrero al 31 de diciembre del 2026. | Hasta 12 cuotas sin intereses para tarjetas de afinidad Oro, Experience, Black, Black Premier y Metalcard Premier, Platinum, Infinite del Banco GNB Paraguay. | Para el fraccionamiento de las cuotas el cliente deberá solicitar/seleccionar la cantidad de cuotas que desea al momento del pago. | No participan de la promoción las tarjetas de débito y crédito; Clásicas, de afinidades Empresariales, Corporativas, Gift Card, Gourmet y Prepagas. | No acumulable con otras promociones.",https://www.beneficiosbancognb.com.py/v2/beneficios/categorias/460,sí,source_start_date_stale
405,Claro Paraguay,Cuotas sin intereses,Hasta 12 cuotas sin intereses todos los días.,2024-12-09,2026-12-31,"Hasta 12 cuotas sin intereses todos los días. | Del 05 de enero al 31 de diciembre del 2026. | Hasta 12 cuotas sin intereses para las tarjetas de crédito Clásicas, Oro, Experience, Black, Black Premier, Metalcard Premier, Infinite y Platinum. | Para el fraccionamiento de las cuotas el cliente deberá solicitar/seleccionar la cantidad de cuotas que desea bajo el Plan 1 de Bancard al momento del pago. Las cuotas se verán reflejadas en el extracto del cliente. | No participan de la promoción las tarjetas de débito y crédito de afinidades Empresariales, Corporativas, Gift Card, Gourmet y Prepagas. | No acumulable con otras promociones. | ✓ Claro 021 249 9000 – Paraguay",https://www.beneficiosbancognb.com.py/v2/beneficios/categorias/405,sí,source_start_date_stale
340,Taller Ruschel,Cuotas sin intereses,Hasta 12 cuotas sin intereses todos los días.,2024-09-18,2026-12-31,"Hasta 12 cuotas sin intereses todos los días. | Del 05 de enero al 31 de diciembre del 2026. | Hasta 12 cuotas sin intereses para pagos con Tarjetas de Crédito Clásicas, Oro, Experience, Black, Black Premier, Metalcard Premier, Platinum e Infinite. | Para el fraccionamiento de las cuotas el cliente deberá solicitar/seleccionar la cantidad de cuotas que desea al momento del pago. Las cuotas se verán reflejadas en el extracto del cliente. | La promoción aplica todos los días durante el periodo de promoción. | No acumulable con otras promocioneS. | ✓ Taller Ruschel Curupayty c/ Waldino Lovera – Encarnación, Paraguay.",https://www.beneficiosbancognb.com.py/v2/beneficios/categorias/340,sí,source_start_date_stale
317,Moplex,Cuotas sin intereses,12 Cuotas sin intereses todos los días.,2024-08-02,2026-12-31,"Hasta 12 cuotas sin intereses todos los días. | Del 05 de enero al 31 de diciembre del 2026. | Hasta 12 cuotas sin intereses para pagos con Tarjetas de Crédito Clásicas, Oro, Experience, Black, Black Premier, Metalcard Premier, Platinum e Infinite. | Para el fraccionamiento de las cuotas el cliente deberá solicitar/seleccionar la cantidad de cuotas que desea al momento del pago. Las cuotas se verán reflejadas en el extracto del cliente. | No participan de la promoción las tarjetas de débito y crédito de afinidades Empresariales, Corporativas, Gift Card, Gourmet y Prepagas. | No acumulable con otras promociones.",https://www.beneficiosbancognb.com.py/v2/beneficios/categorias/317,sí,source_start_date_stale
638,Baza Rattán,Días GNB,20% de descuento + Hasta 12 cuotas sin intereses.,2026-07-14,2026-12-31,"20% de descuento + Hasta 12 cuotas sin intereses. | Del 17 de julio al 31 de diciembre del 2026. | 20% de descuento para pagos con tarjetas de crédito Mastercard Black, Black Premier y Metalcard Premier del Banco GNB Paraguay. | Hasta 12 cuotas sin intereses todos los días para pagos con tarjetas de crédito del Banco GNB Paraguay. | Tope de compra mensual: Gs. 3.000.000 (guaraníes tres millones) por cuenta de tarjeta de crédito (incluye titulares y adicionales), el cual aplica en forma conjunta a todos los locales del comercio. | Los reintegros serán reflejados de manera automática en el extracto del cliente, en un período de 24 a 48hs hábiles luego de la compra. | No acumulable con otras promociones.",https://www.beneficiosbancognb.com.py/v2/beneficios/categorias/638,sí,
588,Melissa,Días GNB,25% off los jueves + 6 cuotas sin intereses,2026-05-17,2026-11-26,"Todos los jueves hasta 25% de descuento + 6 cuotas sin intereses. | Del 15 de enero al 26 de noviembre del 2026. | 25% de descuento para pagos con tarjetas de crédito afinidades Black, Black Premier y Metalcard Premier del Banco GNB Paraguay los días jueves. | 20% de descuento para pagos con tarjetas de crédito afinidades Clásicas, Oro, Experience, Platinum e Infinite del Banco GNB Paraguay los días jueves. | Hasta 6 cuotas sin intereses para pagos con tarjetas de crédito del Banco GNB Paraguay. | Tope de compra mensual: Gs. 2.000.000 (guaraníes dos millones) por cuenta de tarjeta de crédito (incluye titulares y adicionales), el cual aplica en forma conjunta a todos los locales del comercio. | Los reintegros serán reflejados de manera automática en el extracto del cliente, en un período de 24 a 48hs hábiles luego de la compra. | El 10% del descuento será aplicado en mostrador por el comercio al momento del pago y el porcentaje restante vía reintegro en el extracto del cliente lo cual será reflejado al cierre o podrá visualizarlo en su app en los movimientos mensuales de su tarjeta. Para el fraccionamiento de las cuotas el cliente deberá solicitar/seleccionar la cantidad de cuotas que sea al momento del pago. Las cuotas se verán reflejadas en el extracto del cliente.",https://www.beneficiosbancognb.com.py/v2/beneficios/categorias/588,sí,
576,Kappa,Días GNB,25% off los jueves y viernes + 6 cuotas sin intereses,2026-05-17,2026-11-27,"Hasta 25% off todos los jueves y viernes + 6 cuotas sin intereses en tiendas del Grupo Kemsa. | Del 22 de enero al 27 de noviembre del 2026. | 25% de descuento para pagos con tarjetas de crédito afinidades Black, Black Premier y Metalcard Premier del Banco GNB Paraguay los días jueves y viernes. | 20% de descuento para pagos con tarjetas de crédito afinidades Clásicas, Oro, Experience, Platinum e Infinite del Banco GNB Paraguay los días jueves y viernes. | Hasta 6 cuotas sin intereses para pagos con tarjetas de crédito del Banco GNB Paraguay todos los días. | El 15% del descuento será aplicado en mostrador por el comercio al momento del pago y el porcentaje restante vía reintegro en el extracto del cliente lo cual será reflejado al cierre o podrá visualizarlo en su app en los movimientos mensuales de su tarjeta. Para el fraccionamiento de las cuotas el cliente deberá solicitar/seleccionar la cantidad de cuotas que desea al momento del pago. Las cuotas se verán reflejadas en el extracto del cliente. | Tope de compra mensual: Gs. 1.500.000 (guaraníes un millón quinientos mil) para tarjetas de crédito Mastercard y Visa Clásicas, Oro Platinum e Infinite. y Gs. 3.000.000 (guaraníes tres millones) para tarjetas de crédito Mastercard Black, Black Premier y Metalcard Premier. | El descuento en caja no aplica en la compra de Gift Cards. | No acumulable con otras promociones.",https://www.beneficiosbancognb.com.py/v2/beneficios/categorias/576,sí,
311,Fercell,Cuotas sin intereses,Hasta 12 cuotas sin intereses todos los días.,2024-07-24,2026-12-31,"Hasta 12 cuotas sin intereses todos los días. | Del 05 de enero al 31 de diciembre del 2026. | Hasta 12 cuotas sin intereses para pagos con tarjetas de crédito del Banco GNB Paraguay. | Para el fraccionamiento de las cuotas el cliente deberá solicitar/seleccionar la cantidad de cuotas que desea al momento del pago. Las cuotas se verán reflejadas en el extracto del cliente. | No participan de la promoción las tarjetas de débito y crédito de afinidades Empresariales, Corporativas, Gift Card, Gourmet y Prepagas. | No acumulable con otras promociones. | ✓ Fercell Mall Gral. Bernardo Ohiggins c/ Teniente Héctor Vera – Asunción, Paraguay",https://www.beneficiosbancognb.com.py/v2/beneficios/categorias/311,sí,source_start_date_stale
661,Depilife,Días GNB,50% de descuento + Hasta 12 cuotas sin intereses todos los días.,2026-09-03,2026-12-31,"50% de descuento + Hasta 12 cuotas sin intereses todos los días. | Del 02 de septiembre al 31 de diciembre del 2026. | 50% de descuento pagando con las tarjetas de crédito del Banco GNB Paraguay en la compra de 6 sesiones o más. | Hasta 12 cuotas sin intereses con las tarjetas de crédito del Banco GNB Paraguay. | El descuento es aplicado en la caja al momento del pago por el comercio. | Para el fraccionamiento de las cuotas el cliente deberá solicitar/seleccionar la cantidad de cuotas que desea al momento del pago bajo el Plan 1 de Bancard. Las cuotas se verán reflejadas en el extracto del cliente. | No participan de la promoción las tarjetas de débito y crédito de afinidades Empresariales, Corporativas, Gift Card, Gourmet y Prepagas. | No acumulable con otras promociones.",https://www.beneficiosbancognb.com.py/v2/beneficios/categorias/661,sí,
578,Lotto,Días GNB,25% off los jueves y viernes + 6 cuotas sin intereses,2026-05-17,2026-11-27,"Hasta 25% off todos los jueves y viernes + 6 cuotas sin intereses en tiendas del Grupo Kemsa. | Del 22 de enero al 27 de noviembre del 2026. | 25% de descuento para pagos con tarjetas de crédito afinidades Black, Black Premier y Metalcard Premier del Banco GNB Paraguay los días jueves y viernes. | 20% de descuento para pagos con tarjetas de crédito afinidades Clásicas, Oro, Experience, Platinum e Infinite del Banco GNB Paraguay los días jueves y viernes. | Hasta 6 cuotas sin intereses para pagos con tarjetas de crédito del Banco GNB Paraguay todos los días. | El 15% del descuento será aplicado en mostrador por el comercio al momento del pago y el porcentaje restante vía reintegro en el extracto del cliente lo cual será reflejado al cierre o podrá visualizarlo en su app en los movimientos mensuales de su tarjeta. Para el fraccionamiento de las cuotas el cliente deberá solicitar/seleccionar la cantidad de cuotas que desea al momento del pago. Las cuotas se verán reflejadas en el extracto del cliente. | Tope de compra mensual: Gs. 1.500.000 (guaraníes un millón quinientos mil) para tarjetas de crédito Mastercard y Visa Clásicas, Oro Platinum e Infinite. y Gs. 3.000.000 (guaraníes tres millones) para tarjetas de crédito Mastercard Black, Black Premier y Metalcard Premier. | El descuento en caja no aplica en la compra de Gift Cards. | No acumulable con otras promociones.",https://www.beneficiosbancognb.com.py/v2/beneficios/categorias/578,sí,
577,Kenneth Cole,Días GNB,25% off los jueves y viernes + 6 cuotas sin intereses,2026-05-18,2026-11-27,"Hasta 25% off todos los jueves y viernes + 6 cuotas sin intereses en tiendas del Grupo Kemsa. | Del 22 de enero al 27 de noviembre del 2026. | 25% de descuento para pagos con tarjetas de crédito afinidades Black, Black Premier y Metalcard Premier del Banco GNB Paraguay los días jueves y viernes. | 20% de descuento para pagos con tarjetas de crédito afinidades Clásicas, Oro, Experience, Platinum e Infinite del Banco GNB Paraguay los días jueves y viernes. | Hasta 6 cuotas sin intereses para pagos con tarjetas de crédito del Banco GNB Paraguay todos los días. | El 15% del descuento será aplicado en mostrador por el comercio al momento del pago y el porcentaje restante vía reintegro en el extracto del cliente lo cual será reflejado al cierre o podrá visualizarlo en su app en los movimientos mensuales de su tarjeta. Para el fraccionamiento de las cuotas el cliente deberá solicitar/seleccionar la cantidad de cuotas que desea al momento del pago. Las cuotas se verán reflejadas en el extracto del cliente. | Tope de compra mensual: Gs. 1.500.000 (guaraníes un millón quinientos mil) para tarjetas de crédito Mastercard y Visa Clásicas, Oro Platinum e Infinite. y Gs. 3.000.000 (guaraníes tres millones) para tarjetas de crédito Mastercard Black, Black Premier y Metalcard Premier. | El descuento en caja no aplica en la compra de Gift Cards. | No acumulable con otras promociones.",https://www.beneficiosbancognb.com.py/v2/beneficios/categorias/577,sí,
554,Puerto Liebig,Cuotas sin intereses,Hasta 12 cuotas sin intereses todos los días.,2025-12-03,2026-12-31,"Hasta 12 cuotas sin intereses todos los días. | Del 14 de enero al 31 de diciembre del 2026. | Hasta 12 cuotas sin intereses para tarjetas de afinidad Clásicas, Oro, Experience. Black, Black Premier, Metalcard Premier, Platinum e Infinite Premier del Banco GNB Paraguay. | Para el fraccionamiento de las cuotas el cliente deberá solicitar/seleccionar la cantidad de cuotas que desea al momento del pago bajo el Plan 1 de Bancard. Las cuotas se verán reflejadas en el extracto del cliente. | No participan de la promoción las tarjetas de débito y crédito de afinidades Empresariales, Corporativas, Gift Card, Gourmet y Prepagas. | No acumulable con otras promociones.",https://www.beneficiosbancognb.com.py/v2/beneficios/categorias/554,sí,source_start_date_stale
536,24.7 Materiales Eléctricos,Cuotas sin intereses,Hasta 12 cuotas sin intereses todos los días.,2025-10-29,2026-12-31,"Hasta 12 cuotas sin intereses todos los días. | Del 05 de enero al 31 de diciembre del 2026. | Hasta 12 cuotas sin intereses para tarjetas de afinidad Clásicas, Oro, Experience. Black, Black Premier, Metalcard Premier, Platinum e Infinite Premier del Banco GNB Paraguay. | Para el fraccionamiento de las cuotas el cliente deberá solicitar/seleccionar la cantidad de cuotas que desea al momento del pago bajo el Plan 1 de Bancard. Las cuotas se verán reflejadas en el extracto del cliente. | No participan de la promoción las tarjetas de débito y crédito de afinidades Empresariales, Corporativas, Gift Card, Gourmet y Prepagas. | No acumulable con otras promociones.",https://www.beneficiosbancognb.com.py/v2/beneficios/categorias/536,sí,source_start_date_stale
404,Cindy Zayas - Fotografía Familiar,Cuotas sin intereses,Hasta 6 cuotas sin intereses todos los días.,2024-12-11,2026-12-31,"Hasta 6 cuotas sin intereses todos los días. | Del 05 de enero al 31 de diciembre del 2026. | Hasta 6 cuotas sin intereses para las tarjetas de crédito Clásicas, Oro, Experience, Black, Black Premier, Metalcard Premier, Infinite y Platinum. | Para el fraccionamiento de las cuotas el cliente deberá solicitar/seleccionar la cantidad de cuotas que desea bajo el Plan 1 de Bancard al momento del pago. Las cuotas se verán reflejadas en el extracto del cliente. | La promoción aplica todos los días durante el periodo de promoción. | No acumulable con otras promociones.",https://www.beneficiosbancognb.com.py/v2/beneficios/categorias/404,sí,source_start_date_stale
373,Fermaco,Cuotas sin intereses,Hasta 12 cuotas sin intereses todos los días.,2024-10-28,2026-12-31,"Hasta 12 cuotas sin intereses todos los días. | Del 05 de enero al 31 de diciembre del 2026. | Hasta 12 cuotas sin intereses para tarjetas de afinidad Clásicas, Oro, Experience. Black, Black Premier, Metalcard Premier, Platinum e Infinite Premier del Banco GNB Paraguay. | Para el fraccionamiento de las cuotas el cliente deberá solicitar/seleccionar la cantidad de cuotas que desea al momento del pago bajo el Plan 1 de Bancard. Las cuotas se verán reflejadas en el extracto del cliente. | No participan de la promoción las tarjetas de débito y crédito de afinidades Empresariales, Corporativas, Gift Card, Gourmet y Prepagas. | No acumulable con otras promociones. | ✓ Fermaco Calle de Servicio de la Ruta 6ta. Tramo Sur - Santa Rita, Paraguay",https://www.beneficiosbancognb.com.py/v2/beneficios/categorias/373,sí,source_start_date_stale
361,Decanter Vinos Boutique,Días GNB,Hasta 15% de descuento en productos seleccionados + Hasta 6 cuotas sin intereses.,2024-10-15,2026-12-31,"Hasta 15% de descuento en productos seleccionados + Hasta 6 cuotas sin intereses. | Del 19 de marzo al 31 de diciembre del 2026. | Hasta 15% de descuento en productos seleccionados para pagos con tarjetas de crédito del Banco GNB Paraguay. | Hasta 6 cuotas sin intereses para las tarjetas de crédito Clásicas, Oro, Experience, Black, Black Premier, Metalcard Premier, Infinite y Platinum. | El descuento será aplicado en caja al momento del pago y aplica a productos seleccionados por el comercio. | Para el fraccionamiento de las cuotas el cliente deberá solicitar/seleccionar la cantidad de cuotas que desea al momento del pago. Las cuotas se verán reflejadas en el extracto del cliente. | No participan las tarjetas de crédito y débito; Visa y afinidades Empresariales, Corporativas, Gift Card, Gourmet Card, Prepagas. | La promoción aplica todos los días durante el periodo de promoción. | No acumulable con otras promociones.",https://www.beneficiosbancognb.com.py/v2/beneficios/categorias/361,sí,source_start_date_stale
333,Todo Compras,Cuotas sin intereses,Hasta 12 cuotas sin intereses todos los días,2024-09-09,2026-12-31,"Hasta 12 cuotas sin intereses todos los días. | Del 05 de enero al 31 de diciembre del 2026. | Hasta 12 cuotas sin intereses para las tarjetas de crédito Clásicas, Oro, Experience, Black, Black Premier, Metalcard Premier, Platinum e Infinite. | Para el fraccionamiento de las cuotas el cliente deberá solicitar/seleccionar la cantidad de cuotas que desea al momento del pago. Las cuotas se verán reflejadas en el extracto del cliente. | No participan de la promoción las tarjetas de débito y crédito de afinidades Empresariales, Corporativas, Gift Card, Gourmet y Prepagas. | No acumulable con otras promociones. | Todo Compras. | Casa Matriz: Ruta 9, Transchaco Km 19,5 - Remanso. | Mariscal Estigarribia: Ruta 9, Transchaco, Km 510. | Pozo Colorado: Ruta 9, Transchaco Km 270.",https://www.beneficiosbancognb.com.py/v2/beneficios/categorias/333,sí,source_start_date_stale
640,Calzados Rajomar,Días GNB,Hasta 20% de descuento + Hasta 6 cuotas sin intereses todos los sábados.,2026-07-17,2026-11-28,"Hasta 20% de descuento + Hasta 6 cuotas sin intereses todos los sábados. | Del 18 de julio al 28 de noviembre del 2026. | 20% de descuento para pagos con tarjetas de crédito Mastercard Black, Black Premier y Metalcard Premier del Banco GNB Paraguay. | 15% de descuento para pagos con tarjetas de crédito Mastercard Clásicas y Oro del Banco GNB Paraguay. | Hasta 6 cuotas sin intereses para pagos con tarjetas de crédito del Banco GNB Paraguay. | Tope de compra mensual: Gs. 1.000.000 (guaraníes un millón) por cuenta de tarjeta de crédito Incluye titulares y adicionales, (aplica en forma conjunta a los dos comercios adheridos). | No aplica para pagos realizados a través de plataformas de terceros y/o e-commerce. | No acumulable con otras promociones.",https://www.beneficiosbancognb.com.py/v2/beneficios/categorias/640,sí,
607,El Pescador,Cuotas sin intereses,Hasta 6 cuotas sin intereses todos los días.,2026-03-18,2026-12-31,"Hasta 6 cuotas sin intereses todos los días. | Del 18 de marzo al 31 de diciembre del 2026. | Hasta 6 cuotas sin intereses para pagos con tarjetas de crédito del Banco GNB Paraguay. | Para el fraccionamiento de las cuotas el cliente deberá solicitar/seleccionar la cantidad de cuotas que desea al momento del pago. Las cuotas se verán reflejadas en el extracto del cliente. | No participan de la promoción las tarjetas de débito, de afinidades Empresariales, Corporativas, Gift Card, Gourmet y Prepagas. | No acumulable con otras promociones.",https://www.beneficiosbancognb.com.py/v2/beneficios/categorias/607,sí,
601,Farfalle,Días GNB,20% de descuento + Hasta 6 cuotas sin intereses todos los días.,2026-03-23,2026-12-31,"20% de descuento + Hasta 6 cuotas sin intereses todos los días. | Del 23 de marzo al 31 de diciembre del 2026. | 20% de descuento para pagos con tarjetas de crédito del Banco GNB Paraguay. | Hasta 6 cuotas sin intereses para pagos con tarjetas de crédito del Banco GNB Paraguay. | El descuento será aplicado en caja al momento del pago por el comercio. | Para el fraccionamiento de las cuotas el cliente deberá solicitar/seleccionar la cantidad de cuotas que desea al momento del pago. Las cuotas se verán reflejadas en el extracto del cliente. | No participan de la promoción las tarjetas de débito, de afinidades Empresariales, Corporativas, Gift Card, Gourmet y Prepagas. | No acumulable con otras promociones.",https://www.beneficiosbancognb.com.py/v2/beneficios/categorias/601,sí,
443,Aqualar,Cuotas sin intereses,Hasta 12 cuotas sin intereses todos los días.,2025-04-01,2026-12-31,"Hasta 12 cuotas sin intereses todos los días. | Del 05 de enero al 31 de diciembre del 2026. | Hasta 12 cuotas sin intereses para tarjetas de afinidad Oro, Experience. Black, Black Premier, Metalcard Premier, Platinum, Infinite del Banco GNB Paraguay. | Para el fraccionamiento de las cuotas el cliente deberá solicitar/seleccionar la cantidad de cuotas que desea al momento del pago. Las cuotas se verán reflejadas en el extracto del cliente. | No participan de la promoción las tarjetas de débito y crédito; Clásicas, de afinidades Empresariales, Corporativas, Gift Card, Gourmet y Prepagas. | La promoción aplica todos los días durante el periodo de promoción. | No acumulable con otras promociones. | ✓ Aqualar - San Francisco 587 Esq Juan De Salazar - Asunción, Paraguay",https://www.beneficiosbancognb.com.py/v2/beneficios/categorias/443,sí,source_start_date_stale
302,Ferre Garden,Cuotas sin intereses,Hasta 12 cuotas sin intereses todos los días.,2024-07-01,2026-12-31,"Hasta 12 cuotas sin intereses todos los días. | Del 05 de enero al 31 de diciembre del 2026. | Hasta 12 cuotas sin intereses para tarjetas de afinidad Clásicas, Oro, Experience. Black, Black Premier, Metalcard Premier, Platinum, Infinite del Banco GNB Paraguay. | Para el fraccionamiento de las cuotas el cliente deberá solicitar/seleccionar la cantidad de cuotas que desea al momento del pago. Las cuotas se verán reflejadas en el extracto del cliente. | No participan de la promoción las tarjetas de débito y crédito de afinidades Empresariales, Corporativas, Gift Card, Gourmet y Prepagas. | No acumulable con otras promociones. | ✓ Ferre Garden Tte. Carlos Rocholl c/ Aviadores del Chaco – Asunción, Paraguay",https://www.beneficiosbancognb.com.py/v2/beneficios/categorias/302,sí,source_start_date_stale
613,Monte Serra Furniture,Cuotas sin intereses,Hasta 12 cuotas sin intereses todos los días.,2026-04-27,2026-12-31,"Hasta 12 cuotas sin intereses todos los días. | Del 27 de abril al 31 de diciembre del 2026. | Hasta 12 cuotas sin intereses para pagos con tarjetas de crédito del Banco GNB Paraguay. | Para el fraccionamiento de las cuotas el cliente deberá solicitar/seleccionar la cantidad de cuotas que desea al momento del pago. Las cuotas se verán reflejadas en el extracto del cliente. | No participan de la promoción las tarjetas de débito, de afinidades Empresariales, Corporativas, Gift Card, Gourmet y Prepagas. | No acumulable con otras promociones.",https://www.beneficiosbancognb.com.py/v2/beneficios/categorias/613,sí,
590,Cycles Shop,Cuotas sin intereses,Hasta 6 cuotas sin intereses todos los días.,2026-03-01,2026-12-31,"Hasta 6 cuotas sin intereses todos los días. | Del 01 de marzo al 31 de diciembre del 2026. | Hasta 6 cuotas sin intereses para tarjetas de afinidad Oro, Experience. Black, Black Premier, Metalcard Premier, Platinum, Infinite del Banco GNB Paraguay. | Para el fraccionamiento de las cuotas el cliente deberá solicitar/seleccionar la cantidad de cuotas que desea al momento del pago. Las cuotas se verán reflejadas en el extracto del cliente. | No participan de la promoción las tarjetas de débito y crédito; Clásicas, de afinidades Empresariales, Corporativas, Gift Card, Gourmet y Prepagas. | No acumulable con otras promociones.",https://www.beneficiosbancognb.com.py/v2/beneficios/categorias/590,sí,
500,Gadget,Cuotas sin intereses,Hasta 12 cuotas sin intereses todos los días.,2025-08-04,2026-11-30,"Hasta 12 cuotas sin intereses todos los días. | Del 16 de marzo al 30 de noviembre del 2026. | Hasta 12 cuotas sin intereses para pagos con tarjetas de crédito Clásicas, Oro, Experience, Black, Black Premier, Metalcard Premier, Platinum e Infinite del Banco GNB Paraguay. | Para el fraccionamiento de las cuotas el cliente deberá solicitar/seleccionar la cantidad de cuotas que desea al momento del pago. Las cuotas se verán reflejadas en el extracto del cliente. | No participan de la promoción las tarjetas de débito y crédito de afinidades Empresariales, Corporativas, Gift Card, Gourmet y Prepagas. | No acumulable con otras promociones.",https://www.beneficiosbancognb.com.py/v2/beneficios/categorias/500,sí,source_start_date_stale
290,Mercado Digital,Cuotas sin intereses,Hasta 12 cuotas sin intereses todos los días.,2024-04-08,2026-12-31,Hasta 12 cuotas sin intereses todos los días. | Del 05 de enero al 31 de diciembre del 2026. | Hasta 12 cuotas sin intereses para pagos con tarjetas de crédito del Banco GNB Paraguay. | Para el fraccionamiento de las cuotas el cliente deberá solicitar/seleccionar la cantidad de cuotas que desea al momento del pago. Las cuotas se verán reflejadas en el extracto del cliente. | No acumulable con otras promociones.,https://www.beneficiosbancognb.com.py/v2/beneficios/categorias/290,sí,source_start_date_stale
595,Siegen,Cuotas sin intereses,Hasta 12 cuotas sin intereses todos los días.,2026-03-09,2026-12-31,"Hasta 12 cuotas sin intereses todos los días. | Del 09 de marzo al 31 de diciembre del 2026. | Hasta 12 cuotas sin intereses para pagos realizados con las tarjetas de crédito del Banco GNB Paraguay. | Para el fraccionamiento de las cuotas el cliente deberá solicitar/seleccionar la cantidad de cuotas que sea al momento del pago. Las cuotas se verán reflejadas en el extracto del cliente. | No participan de la promoción las tarjetas de débito y crédito; afinidades Empresariales, Corporativas, Gift Card, Gourmet y Prepagas. | No acumulable con otras promociones. | No aplicable a pagos a través del e-commerce.",https://www.beneficiosbancognb.com.py/v2/beneficios/categorias/595,sí,
529,Shopping Herrajes,Cuotas sin intereses,Hasta 12 cuotas sin intereses todos los días.,2025-10-08,2026-12-31,"Hasta 12 cuotas sin intereses todos los días. | Del 14 de enero al 31 de diciembre del 2026. | Hasta 12 cuotas sin intereses para tarjetas de afinidad Clásicas, Oro, Experience. Black, Black Premier, Metalcard Premier, Platinum e Infinite Premier del Banco GNB Paraguay. | Para el fraccionamiento de las cuotas el cliente deberá solicitar/seleccionar la cantidad de cuotas que desea al momento del pago bajo el Plan 1 de Bancard. Las cuotas se verán reflejadas en el extracto del cliente. | No participan de la promoción las tarjetas de débito y crédito de afinidades Empresariales, Corporativas, Gift Card, Gourmet y Prepagas. | La promoción aplica todos los días durante el periodo de promoción. | No acumulable con otras promociones.",https://www.beneficiosbancognb.com.py/v2/beneficios/categorias/529,sí,source_start_date_stale
523,OneRide,Cuotas sin intereses,Hasta 12 cuotas sin intereses todos los días.,2025-09-01,2026-12-31,"Hasta 12 cuotas sin intereses todos los días. | Del 05 de enero al 31 de diciembre del 2026. | Hasta 12 cuotas sin intereses para pagos con tarjetas de crédito del Banco GNB Paraguay. | Para el fraccionamiento de las cuotas el cliente deberá solicitar/seleccionar la cantidad de cuotas que desea al momento del pago. Las cuotas se verán reflejadas en el extracto del client | No participan de la promoción las tarjetas de débito y crédito de afinidades Empresariales, Corporativas, Gift Card, Gourmet y Prepagas. | No acumulable con otras promociones.",https://www.beneficiosbancognb.com.py/v2/beneficios/categorias/523,sí,source_start_date_stale
359,Match,Cuotas sin intereses,Hasta 6 cuotas sin intereses todos los días.,2024-10-08,2026-12-31,"Hasta 6 cuotas sin intereses todos los días. | Del 05 de enero al 31 de diciembre del 2026. | Hasta 6 cuotas sin intereses para pagos con tarjetas de crédito del Banco GNB Paraguay. | Para el fraccionamiento de las cuotas el cliente deberá solicitar/seleccionar la cantidad de cuotas que desea al momento del pago. Las cuotas se verán reflejadas en el extracto del cliente. | No participan de la promoción las tarjetas de débito y crédito de afinidades Empresariales, Corporativas, Gift Card, Gourmet y Prepagas. | No acumulable con otras promociones. | Consulte las Bases y Condiciones para más información.",https://www.beneficiosbancognb.com.py/v2/beneficios/categorias/359,sí,source_start_date_stale
41,Alamo,Días GNB,20% de reintegro + Hasta 6 cuotas sin intereses de lunes a sábados.,2024-01-11,2026-12-31,"20% de reintegro + Hasta 6 cuotas sin intereses de lunes a sábados. | Del 19 de agosto al 31 de diciembre del 2026. | 20% de reintegro para pagos con tarjetas de crédito Mastercard afinidades Clásica, Oro, Black, Black Premier y Metalcard Premier del Banco GNB Paraguay. | Hasta 6 cuotas sin intereses todos los días para pagos con tarjetas de crédito del Banco GNB Paraguay. | Tope de compra mensual: Gs. 600.000 (guaraníes seiscientos) por cuenta de tarjeta de crédito (incluye titulares y adicionales), el cual aplica en forma conjunta a todos los locales de los comercios adheridos. | Los reintegros serán reflejados de manera automática en el extracto del cliente, en un período de 24 a 48hs hábiles luego de la compra. | No acumulable con otras promociones.",https://www.beneficiosbancognb.com.py/v2/beneficios/categorias/41,sí,source_start_date_stale
665,Farma Lorena - Farmacia Vida,Días GNB,20% de descuento los días viernes.,2026-09-10,2026-12-25,"20% de descuento los días viernes. | Del 11 de septiembre al 25 de diciembre del 2026. | 20% de descuento para pagos con las tarjetas de crédito Mastercard del Banco GNB Paraguay. | Tope de compra mensual: Gs. 1.000.000 (guaranies un millón) por cuenta de tarjeta de crédito (incluye titulares y adicionales) | No participan de la promoción las tarjetas de débito y crédito de afinidades Empresariales, Corporativas, Gift Card, Gourmet y Prepagas. | No acumulable con otras promociones.",https://www.beneficiosbancognb.com.py/v2/beneficios/categorias/665,sí,
636,Neupar,Cuotas sin intereses,Hasta 12 cuotas sin intereses todos los días.,2026-06-25,2026-12-31,"Hasta 12 cuotas sin intereses todos los días. | Del 25 de junio al 31 de diciembre del 2026. | Hasta 12 cuotas sin intereses para tarjetas de crédito del Banco GNB Paraguay. | Para el fraccionamiento de las cuotas el cliente deberá solicitar/seleccionar la cantidad de cuotas que desea al momento del pago. Las cuotas se verán reflejadas en el extracto del cliente. | No participan de la promoción las tarjetas de débito, crédito de afinidades Empresariales, Corporativas, Gift Card, Gourmet y Prepagas. | No aplica para pagos realizados a través de plataformas de terceros y/o e-commerce. | No acumulable con otras promociones.",https://www.beneficiosbancognb.com.py/v2/beneficios/categorias/636,sí,
449,Cecconello,Días GNB,20% de descuento + Hasta 6 cuotas sin intereses los días sábados.,2026-07-10,2026-11-28,"20% de descuento + Hasta 6 cuotas sin intereses los días sábados. | Del 11 de julio al 28 de noviembre del 2026. | 20% de descuento para pagos con tarjetas de crédito Mastercard Clásicas, Oro, Black, Black Premier y Metalcard Premier del Banco GNB Paraguay. | Hasta 6 cuotas sin intereses para pagos con tarjetas de crédito del Banco GNB Paraguay. | Tope de compra mensual: Gs. 1.500.000 (guaraníes un millón quinientos mil) por cuenta de tarjeta de crédito Incluye titulares y adicionales, (aplica en forma conjunta a los dos comercios adheridos). | No participan de la promoción las tarjetas de débito y crédito; Visa, de afinidades Empresariales, Corporativas, Gift Card, Gourmet y Prepagas. | No aplica para pagos realizados a través de plataformas de terceros y/o e-commerce. | No acumulable con otras promociones.",https://www.beneficiosbancognb.com.py/v2/beneficios/categorias/449,sí,
649,BM Comercial,Cuotas sin intereses,Hasta 12 cuotas sin intereses todos los días.,2026-08-07,2026-12-31,"Hasta 12 cuotas sin intereses todos los días. | Del 03 de agosto al 31 de diciembre del 2026. | Hasta 12 cuotas sin intereses para tarjetas de crédito del Banco GNB Paraguay. | No participan de la promoción las tarjetas de débito, crédito de afinidades Empresariales, Corporativas, Gift Card, Gourmet y Prepagas. | No aplica para pagos realizados a través de plataformas de terceros y/o e-commerce. | No acumulable con otras promociones.",https://www.beneficiosbancognb.com.py/v2/beneficios/categorias/649,sí,
648,Powersol,Cuotas sin intereses,Hasta 12 cuotas sin intereses todos los días.,2026-08-05,2026-12-31,"Hasta 12 cuotas sin intereses todos los días. | Del 06 de agosto al 31 de diciembre del 2026. | Hasta 12 cuotas sin intereses para tarjetas de crédito del Banco GNB Paraguay. | Para el fraccionamiento de las cuotas el cliente deberá solicitar/seleccionar la cantidad de cuotas que desea al momento del pago. Las cuotas se verán reflejadas en el extracto del cliente. | No participan de la promoción las tarjetas de débito, crédito de afinidades Empresariales, Corporativas, Gift Card, Gourmet y Prepagas. | No aplica para pagos realizados a través de plataformas de terceros y/o e-commerce. | No acumulable con otras promociones.",https://www.beneficiosbancognb.com.py/v2/beneficios/categorias/648,sí,
644,Tienda Shelly,Días GNB,20% de descuento + Hasta 6 cuotas sin intereses los sábados.,2026-07-30,2026-11-28,"20% de descuento + Hasta 6 cuotas sin intereses los sábados. | Del 01 de agosto al 28 de noviembre del 2026. | 20% de descuento para pagos con las tarjetas de crédito Mastercard del Banco GNB Paraguay. | Hasta 6 cuotas sin intereses con las tarjetas de crédito del Banco GNB Paraguay. | Tope de compra mensual: Gs. 1.000.000 (guaranies un millón) por cuenta de tarjeta de crédito (incluye titulares y adicionales) | No participan de la promoción las tarjetas de débito y crédito de afinidades Empresariales, Corporativas, Gift Card, Gourmet y Prepagas. | No acumulable con otras promociones.",https://www.beneficiosbancognb.com.py/v2/beneficios/categorias/644,sí,
608,CBC Muebles,Cuotas sin intereses,Hasta 12 cuotas sin intereses todos los días.,2026-04-10,2026-12-31,"Hasta 12 cuotas sin intereses todos los días. | Del 10 de abril al 31 de diciembre del 2026. | Hasta 12 cuotas sin intereses para pagos con tarjetas de crédito del Banco GNB Paraguay. | Para el fraccionamiento de las cuotas el cliente deberá solicitar/seleccionar la cantidad de cuotas que desea al momento del pago. Las cuotas se verán reflejadas en el extracto del cliente. | No participan de la promoción las tarjetas de débito, de afinidades Empresariales, Corporativas, Gift Card, Gourmet y Prepagas. | No acumulable con otras promociones.",https://www.beneficiosbancognb.com.py/v2/beneficios/categorias/608,sí,
527,Margraf,Cuotas sin intereses,Hasta 12 cuotas sin intereses todos los días.,2025-10-02,2026-12-31,"Hasta 12 cuotas sin intereses todos los días. | Del 05 de enero al 31 de diciembre del 2026. | Hasta 12 cuotas sin intereses para tarjetas de afinidad Clásicas, Oro, Experience. Black, Black Premier, Metalcard Premier, Platinum e Infinite Premier del Banco GNB Paraguay. | Para el fraccionamiento de las cuotas el cliente deberá solicitar/seleccionar la cantidad de cuotas que desea al momento del pago bajo el Plan 1 de Bancard. Las cuotas se verán reflejadas en el extracto del cliente. | No participan de la promoción las tarjetas de débito y crédito de afinidades Empresariales, Corporativas, Gift Card, Gourmet y Prepagas. | La promoción aplica todos los días durante el periodo de promoción. | No acumulable con otras promociones.",https://www.beneficiosbancognb.com.py/v2/beneficios/categorias/527,sí,source_start_date_stale
505,Fortezza,Cuotas sin intereses,Hasta 12 cuotas sin intereses todos los días.,2025-08-01,2026-12-31,"Hasta 12 cuotas sin intereses todos los días. | Del 05 de enero al 31 de diciembre del 2026. | Hasta 12 cuotas sin intereses para tarjetas de afinidad Clásicas, Oro, Experience. Black, Black Premier, Metalcard Premier, Platinum e Infinite Premier del Banco GNB Paraguay. | Para el fraccionamiento de las cuotas el cliente deberá solicitar/seleccionar la cantidad de cuotas que desea al momento del pago bajo el Plan 1 de Bancard. Las cuotas se verán reflejadas en el extracto del cliente. | No participan de la promoción las tarjetas de débito y crédito de afinidades Empresariales, Corporativas, Gift Card, Gourmet y Prepagas. | La promoción aplica todos los días durante el periodo de promoción. | No acumulable con otras promociones.",https://www.beneficiosbancognb.com.py/v2/beneficios/categorias/505,sí,source_start_date_stale
435,La Bella Cucina,Cuotas sin intereses,Hasta 12 cuotas sin intereses.,2025-03-20,2026-12-31,"Hasta 12 cuotas sin intereses. | Del 05 de enero al 31 de diciembre del 2026. | Hasta 12 cuotas sin intereses para pagos con tarjetas de crédito del Banco GNB Paraguay. | Para el fraccionamiento de las cuotas el cliente deberá solicitar/seleccionar la cantidad de cuotas que desea al momento del pago a través del Plan 1 de Bancard. Las cuotas se verán reflejadas en el extracto del cliente. | Pagos realizados con tarjetas de crédito Banco GNB Paraguay S.A.E.C.A. | No participan de la promoción las tarjetas de débito y crédito de afinidades Empresariales, Corporativas, Gift Card, Gourmet y Prepagas. | ✓ La Bella Cucina - Ave. Santísimo Sacramento casi Liberato Caballero Nº 975 – Asunción, Paraguay",https://www.beneficiosbancognb.com.py/v2/beneficios/categorias/435,sí,source_start_date_stale
412,Metal Center,Cuotas sin intereses,Hasta 12 cuotas sin intereses todos los días.,2025-01-01,2026-12-31,"Hasta 12 cuotas sin intereses todos los días. | Del 23 de febrero al 31 de diciembre del 2026. | Hasta 12 cuotas sin intereses para pagos con tarjetas de crédito Clásicas, Oro, Experience, Black, Black Premier, Metalcard Premier, Platinum e Infinite del Banco GNB Paraguay. | No participan de la promoción las tarjetas de débito y crédito de afinidades Empresariales, Corporativas, Gift Card, Gourmet y Prepagas. | Para el fraccionamiento de las cuotas el cliente deberá solicitar/seleccionar la cantidad de cuotas que desea al momento del pago. Las | No acumulable con otras promociones. | ✓ Metal Center Avda. Central, Km. 5. – Loma Plata, Paraguay.",https://www.beneficiosbancognb.com.py/v2/beneficios/categorias/412,sí,source_start_date_stale
398,All Office,Cuotas sin intereses,Hasta 12 cuotas sin intereses todos los días.,2024-12-11,2026-12-31,"Hasta 12 cuotas sin intereses todos los días. | Del 05 de enero al 31 de diciembre del 2026. | Hasta 12 cuotas sin intereses para tarjetas de afinidad Clásicas, Oro, Experience. Black, Black Premier, Metalcard Premier, Platinum e Infinite Premier del Banco GNB Paraguay. | Para el fraccionamiento de las cuotas el cliente deberá solicitar/seleccionar la cantidad de cuotas que desea al momento del pago. Las cuotas se verán reflejadas en el extracto del cliente. | No participan de la promoción las tarjetas de débito y crédito de afinidades Empresariales, Corporativas, Gift Card, Gourmet y Prepagas. | No acumulable con otras promociones. | ✓ All Office Procer Juan Manuel Iturbe 727 casi Tte Nery Quevedo - Asunción, Paraguay",https://www.beneficiosbancognb.com.py/v2/beneficios/categorias/398,sí,source_start_date_stale
395,Arte Actual,Días GNB,10% de descuento + hasta 12 cuotas sin intereses todos los días.,2024-12-01,2026-12-31,"10% de descuento + hasta 12 cuotas sin intereses todos los días. | Del 05 de enero al 31 de diciembre del 2026. | 10% de descuento para pagos con tarjetas de crédito afinidad Oro, Experience. Black, Black Premier, Metalcard Premier, Platinum, Infinite del Banco GNB Paraguay. | Hasta 12 cuotas sin intereses para tarjetas de afinidad Oro, Experience. Black, Black Premier, Metalcard Premier, Platinum, Infinite del Banco GNB Paraguay. | El descuento será aplicado aplicado por el comercio al momento del pago en caja/mostrador. | Para el fraccionamiento de las cuotas el cliente deberá solicitar/seleccionar la cantidad de cuotas que desea bajo el Plan 1 de Bancard al momento del pago. Las cuotas se verán reflejadas en el extracto del cliente. | No participan de la promoción las tarjetas de débito y crédito de afinidades Clásicas, Empresariales, Corporativas, Gift Card, Gourmet y Prepagas. | No acumulable con otras promociones.",https://www.beneficiosbancognb.com.py/v2/beneficios/categorias/395,sí,source_start_date_stale
635,Di Valentini,Días GNB,20% de descuento + Hasta 6 cuotas sin intereses los días sábados.,2026-07-10,2026-11-28,"20% de descuento + Hasta 6 cuotas sin intereses los días sábados. | Del 11 de julio al 28 de noviembre del 2026. | 20% de descuento para pagos con tarjetas de crédito Mastercard Clásicas, Oro, Black, Black Premier y Metalcard Premier del Banco GNB Paraguay. | Hasta 6 cuotas sin intereses para pagos con tarjetas de crédito del Banco GNB Paraguay. | Tope de compra mensual: Gs. 1.500.000 (guaraníes un millón quinientos mil) por cuenta de tarjeta de crédito Incluye titulares y adicionales, (aplica en forma conjunta a los dos comercios adheridos). | No participan de la promoción las tarjetas de débito y crédito; Visa, de afinidades Empresariales, Corporativas, Gift Card, Gourmet y Prepagas. | No aplica para pagos realizados a través de plataformas de terceros y/o e-commerce. | No acumulable con otras promociones.",https://www.beneficiosbancognb.com.py/v2/beneficios/categorias/635,sí,
594,Tigo,Cuotas sin intereses,Hasta 12 cuotas sin intereses todos los días.,2026-01-05,2026-12-31,"Hasta 12 cuotas sin intereses todos los días. | Del 05 de enero al 31 de diciembre del 2026. | Hasta 12 cuotas sin intereses para pagos con tarjetas de crédito del Banco GNB Paraguay. | Para el fraccionamiento de las cuotas el cliente deberá solicitar/seleccionar la cantidad de cuotas que desea al momento del pago. Las cuotas se verán reflejadas en el extracto del cliente. | No participan de la promoción las tarjetas de débito, de afinidades Empresariales, Corporativas, Gift Card, Gourmet y Prepagas. | No acumulable con otras promociones.",https://www.beneficiosbancognb.com.py/v2/beneficios/categorias/594,sí,
561,Friopar,Cuotas sin intereses,Hasta 12 cuotas sin intereses todos los días.,2026-01-19,2026-12-31,"Hasta 12 cuotas sin intereses todos los días. | Del 19 de enero al 31 de diciembre del 2026. | Hasta 12 cuotas sin intereses para tarjetas de afinidad Clásicas, Oro, Experience. Black, Black Premier, Metalcard Premier, Platinum e Infinite Premier del Banco GNB Paraguay. | Para el fraccionamiento de las cuotas el cliente deberá solicitar/seleccionar la cantidad de cuotas que desea al momento del pago bajo el Plan 1 de Bancard. Las cuotas se verán reflejadas en el extracto del cliente. | No participan de la promoción las tarjetas de débito y crédito de afinidades Empresariales, Corporativas, Gift Card, Gourmet y Prepagas. | No acumulable con otras promociones.",https://www.beneficiosbancognb.com.py/v2/beneficios/categorias/561,sí,
424,Solucion Lab,Cuotas sin intereses,Hasta 12 cuotas sin intereses todos los días.,2025-02-14,2026-12-31,"Hasta 12 cuotas sin intereses todos los días. | Del 05 de enero al 31 de diciembre del 2026. | Hasta 12 cuotas sin intereses para tarjetas de crédito del Banco GNB Paraguay. | Para el fraccionamiento de las cuotas el cliente deberá solicitar/seleccionar la cantidad de cuotas que desea al momento del pago. Las cuotas se verán reflejadas en el extracto del cliente. | Pagos realizados con tarjetas de crédito Banco GNB Paraguay S.A.E.C.A. | Pagos realizados con tarjetas de crédito física y/o QR en POS adheridos a la procesadora Bancard. | No participan de la promoción las tarjetas de débito y crédito de afinidades Empresariales, Corporativas, Gift Card, Gourmet y Prepagas. | No acumulable con otras promociones.",https://www.beneficiosbancognb.com.py/v2/beneficios/categorias/424,sí,source_start_date_stale
321,Imag,Cuotas sin intereses,Hasta 12 cuotas sin intereses todos los días.,2024-08-05,2026-12-31,"Hasta 12 cuotas sin intereses todos los días. | Del 05 de enero al 31 de diciembre del 2026. | Hasta 12 cuotas sin intereses para pagos con tarjetas de crédito del Banco GNB Paraguay. | Para el fraccionamiento de las cuotas el cliente deberá solicitar/seleccionar la cantidad de cuotas que desea al momento del pago. Las cuotas se verán reflejadas en el extracto del cliente. | No participan de la promoción las tarjetas de débito y crédito de afinidades Empresariales, Corporativas, Gift Card, Gourmet y Prepagas. | No acumulable con otras promociones. | ✓ Imag Avda. Boggiani 7133 c/ Facundo Machain – Asunción, Paraguay",https://www.beneficiosbancognb.com.py/v2/beneficios/categorias/321,sí,source_start_date_stale
278,ACE,Cuotas sin intereses,Hasta 12 cuotas sin intereses todos los días.,2026-07-14,2026-12-31,"Hasta 12 cuotas sin intereses todos los días. | Del 14 de julio al 31 de diciembre del 2026. | Hasta 12 cuotas sin intereses para pagos con tarjetas de crédito del Banco GNB Paraguay. | Para el fraccionamiento de las cuotas el cliente deberá solicitar/seleccionar la cantidad de cuotas que desea al momento del pago. Las cuotas se verán reflejadas en el extracto del cliente. | No participan de la promoción las tarjetas de débito, de afinidades Empresariales, Corporativas, Gift Card, Gourmet y Prepagas. | No acumulable con otras promociones.",https://www.beneficiosbancognb.com.py/v2/beneficios/categorias/278,sí,
212,Tape Ruvicha,Cuotas sin intereses,Hasta 12 cuotas sin intereses todos los días.,2026-07-14,2026-12-31,"Hasta 12 cuotas sin intereses todos los días. | Del 14 de julio al 31 de diciembre del 2026. | Hasta 12 cuotas sin intereses para pagos con tarjetas de crédito del Banco GNB Paraguay. | Para el fraccionamiento de las cuotas el cliente deberá solicitar/seleccionar la cantidad de cuotas que desea al momento del pago. Las cuotas se verán reflejadas en el extracto del cliente. | No participan de la promoción las tarjetas de débito, de afinidades Empresariales, Corporativas, Gift Card, Gourmet y Prepagas. | No acumulable con otras promociones.",https://www.beneficiosbancognb.com.py/v2/beneficios/categorias/212,sí,
667,H&M,Cuotas sin intereses,Hasta 6 cuotas sin intereses todos los días.,2026-09-13,2027-08-31,"Hasta 6 cuotas sin intereses todos los días. | Del 13 de agosto del 2026 al 31 de agosto del 2027. | Hasta 6 cuotas sin intereses para tarjetas de crédito del Banco GNB Paraguay. | No participan de la promoción las tarjetas de débito, crédito de afinidades Empresariales, Corporativas, Gift Card, Gourmet y Prepagas. | No aplica para pagos realizados a través de plataformas de terceros y/o e-commerce. | No acumulable con otras promociones.",https://www.beneficiosbancognb.com.py/v2/beneficios/categorias/667,sí,
659,Unicartoon,Cuotas sin intereses,Hasta 12 cuotas sin intereses todos los días.,2026-09-03,2026-12-31,"Hasta 12 cuotas sin intereses todos los días. | Del 02 de septiembre al 31 de diciembre del 2026. | Hasta 12 cuotas sin intereses con las tarjetas de crédito del Banco GNB Paraguay. | No participan de la promoción las tarjetas de débito y crédito de afinidades Empresariales, Corporativas, Gift Card, Gourmet y Prepagas. | Para el fraccionamiento de las cuotas el cliente deberá solicitar/seleccionar la cantidad de cuotas que desea al momento del pago bajo el Plan 1 de Bancard. Las cuotas se verán reflejadas en el extracto del cliente. | No acumulable con otras promociones.",https://www.beneficiosbancognb.com.py/v2/beneficios/categorias/659,sí,
632,Pame Garelik Bags,Días GNB,20% de descuento + Hasta 6 cuotas sin intereses los días sábados.,2026-07-04,2026-11-28,"20% de descuento + Hasta 6 cuotas sin intereses los días sábados. | Del 04 de julio al 28 de noviembre del 2026. | 20% de descuento para pagos con tarjetas de crédito Mastercard Clásicas, Oro, Black, Black Premier y Metalcard Premier del Banco GNB Paraguay. | Hasta 6 cuotas sin intereses con las tarjetas de crédito del Banco GNB Paraguay. | Tope de compra mensual: Gs. 1.500.000 (guaraníes un millón quinientos mil) por cuenta de tarjeta de crédito Incluye titulares y adicionales. | No aplica para pagos realizados a través de plataformas de terceros y/o e-commerce. | No acumulable con otras promociones.",https://www.beneficiosbancognb.com.py/v2/beneficios/categorias/632,sí,
596,Casa Liz,Cuotas sin intereses,Hasta 12 cuotas sin intereses todos los días.,2026-03-11,2026-12-31,"Hasta 12 cuotas sin intereses todos los días. | Del 19 de febrero al 31 de diciembre del 2026. | Hasta 12 cuotas sin intereses para pagos con tarjetas de crédito del Banco GNB Paraguay. | Para el fraccionamiento de las cuotas el cliente deberá solicitar/seleccionar la cantidad de cuotas que desea al momento del pago. Las cuotas se verán reflejadas en el extracto del cliente. | No participan de la promoción las tarjetas de débito, de afinidades Empresariales, Corporativas, Gift Card, Gourmet y Prepagas. | No acumulable con otras promociones.",https://www.beneficiosbancognb.com.py/v2/beneficios/categorias/596,sí,
516,Impacto,Cuotas sin intereses,Hasta 12 cuotas sin intereses todos los días.,2025-09-01,2026-12-31,"Hasta 12 cuotas sin intereses todos los días. | Del 05 de enero al 31 de diciembre del 2026. | Hasta 12 cuotas sin intereses para pagos con tarjetas de crédito del Banco GNB Paraguay. | Para el fraccionamiento de las cuotas el cliente deberá solicitar/seleccionar la cantidad de cuotas que desea al momento del pago. Las cuotas se verán reflejadas en el extracto del cliente. | No participan de la promoción las tarjetas de débito y crédito de afinidades Empresariales, Corporativas, Gift Card, Gourmet y Prepagas. | No acumulable con otras promociones. | Beneficio aplica a todas las sucursales del comercio.",https://www.beneficiosbancognb.com.py/v2/beneficios/categorias/516,sí,source_start_date_stale
512,Emtop Store,Cuotas sin intereses,Hasta 12 cuotas sin intereses todos los días.,2025-08-20,2026-12-31,"Hasta 12 cuotas sin intereses todos los días. | Del 05 de enero al 31 de diciembre del 2026. | Hasta 12 cuotas sin intereses para pagos con tarjetas de crédito del Banco GNB Paraguay. | Para el fraccionamiento de las cuotas el cliente deberá solicitar/seleccionar la cantidad de cuotas que desea al momento del pago. Las cuotas se verán reflejadas en el extracto del cliente. | No participan de la promoción las tarjetas de débito y crédito de afinidades Empresariales, Corporativas, Gift Card, Gourmet y Prepagas. | La promoción aplica todos los días durante el periodo de promoción. | No acumulable con otras promociones.",https://www.beneficiosbancognb.com.py/v2/beneficios/categorias/512,sí,source_start_date_stale
458,Wellness Clinic,Días GNB,Hasta 12 cuotas sin intereses todos los días.,2025-05-09,2026-12-31,"Hasta 12 cuotas sin intereses todos los días. | Del 05 de enero al 31 de diciembre del 2026. | Hasta 12 cuotas sin intereses para las tarjetas de crédito Clásicas, Oro, Experience, Black, Black Premier, Metalcard Premier, Infinite y Platinum del Banco GNB Paraguay. | Para el fraccionamiento de las cuotas el cliente deberá solicitar/seleccionar la cantidad de cuotas que desea bajo el Plan 1 de Bancard al momento del pago. Las cuotas se verán reflejadas en el extracto del cliente. | No participan de la promoción las tarjetas de débito y crédito de afinidades Empresariales, Corporativas, Gift Card, Gourmet y Prepagas. | La promoción aplica todos los días durante el periodo de promoción. | No acumulable con otras promociones.",https://www.beneficiosbancognb.com.py/v2/beneficios/categorias/458,sí,source_start_date_stale
428,Ediciones Técnicas Paraguayas,Cuotas sin intereses,Hasta 12 cuotas sin intereses todos los días.,2025-03-04,2026-12-31,"Hasta 12 cuotas sin intereses todos los días. | Del 05 de enero al 31 de diciembre del 2026. | Hasta 12 cuotas sin intereses para pagos con tarjetas de crédito Mastercard del Banco GNB Paraguay. | Para el fraccionamiento de las cuotas el cliente deberá solicitar/seleccionar la cantidad de cuotas que desea al momento del pago. Las cuotas se verán reflejadas en el extracto del cliente. | No participan de la promoción las tarjetas de débito y crédito; Visa, de afinidades Empresariales, Corporativas, Gift Card, Gourmet y Prepagas. | No acumulable con otras promociones.",https://www.beneficiosbancognb.com.py/v2/beneficios/categorias/428,sí,source_start_date_stale
666,Oben,Cuotas sin intereses,Hasta 12 cuotas sin intereses todos los días.,2026-09-14,2026-12-31,"Hasta 12 cuotas sin intereses todos los días. | Del 14 de septiembre al 31 de diciembre del 2026. | Hasta 12 cuotas sin intereses con las tarjetas de crédito del Banco GNB Paraguay. | Para el fraccionamiento de las cuotas el cliente deberá solicitar/seleccionar la cantidad de cuotas que desea al momento del pago bajo el Plan 1 de Bancard. Las cuotas se verán reflejadas en el extracto del cliente. | No participan de la promoción las tarjetas de débito y crédito de afinidades Empresariales, Corporativas, Gift Card, Gourmet y Prepagas. | No acumulable con otras promociones.",https://www.beneficiosbancognb.com.py/v2/beneficios/categorias/666,sí,
629,Distribuidora Jasy,Cuotas sin intereses,Hasta 12 cuotas sin intereses todos los días.,2026-06-11,2026-12-31,"Hasta 12 cuotas sin intereses todos los días. | Del 11 de junio al 31 de diciembre del 2026. | Hasta 12 cuotas sin intereses para tarjetas de afinidad Oro, Experience. Black, Black Premier, Metalcard Premier, Platinum, Infinite del Banco GNB Paraguay. | No participan de la promoción las tarjetas de débito y crédito; Clásicas, de afinidades Empresariales, Corporativas, Gift Card, Gourmet y Prepagas. | Para el fraccionamiento de las cuotas el cliente deberá solicitar/seleccionar la cantidad de cuotas que desea al momento del pago. Las cuotas se verán reflejadas en el extracto del cliente. | No acumulable con otras promociones.",https://www.beneficiosbancognb.com.py/v2/beneficios/categorias/629,sí,
503,Prestigio Muebles,Cuotas sin intereses,Hasta 12 cuotas sin intereses todos los días.,2025-08-06,2026-12-31,"Hasta 12 cuotas sin intereses todos los días. | Del 05 de enero al 31 de diciembre del 2026. | Hasta 12 cuotas sin intereses para tarjetas de afinidad Clásicas, Oro, Experience. Black, Black Premier, Metalcard Premier, Platinum e Infinite Premier del Banco GNB Paraguay. | Para el fraccionamiento de las cuotas el cliente deberá solicitar/seleccionar la cantidad de cuotas que desea al momento del pago bajo el Plan 1 de Bancard. Las cuotas se verán reflejadas en el extracto del cliente. | No participan de la promoción las tarjetas de débito y crédito de afinidades Empresariales, Corporativas, Gift Card, Gourmet y Prepagas. | La promoción aplica todos los días durante el periodo de promoción. | No acumulable con otras promociones.",https://www.beneficiosbancognb.com.py/v2/beneficios/categorias/503,sí,source_start_date_stale
367,Office World,Cuotas sin intereses,Hasta 12 cuotas sin intereses todos los días.,2024-10-09,2026-12-31,"Hasta 12 cuotas sin intereses todos los días. | Del 05 de enero al 31 de diciembre del 2026. | Hasta 12 cuotas sin intereses para pagos con tarjetas de crédito Black, Black Premier, Metalcard Premier, Platinum e Infinite Premier del Banco GNB Paraguay. | Para el fraccionamiento de las cuotas el cliente deberá solicitar/seleccionar la cantidad de cuotas que desea al momento del pago. Las cuotas se verán reflejadas en el extracto del cliente. | No acumulable con otras promociones. | ✓ Office World Avda. Central c/ Bella Vista – Loma Plata, Paraguay.",https://www.beneficiosbancognb.com.py/v2/beneficios/categorias/367,sí,source_start_date_stale
647,Clínica Santa María,Cuotas sin intereses,Hasta 12 cuotas sin intereses todos los días.,2026-08-05,2026-12-31,"Hasta 12 cuotas sin intereses todos los días. | Del 06 de agosto al 31 de diciembre del 2026. | Hasta 12 cuotas sin intereses para tarjetas de crédito del Banco GNB Paraguay. | Para el fraccionamiento de las cuotas el cliente deberá solicitar/seleccionar la cantidad de cuotas que desea al momento del pago. Las cuotas se verán reflejadas en el extracto del cliente. | No participan de la promoción las tarjetas de débito, crédito de afinidades Empresariales, Corporativas, Gift Card, Gourmet y Prepagas. | No aplica para pagos realizados a través de plataformas de terceros y/o e-commerce. | No acumulable con otras promociones.",https://www.beneficiosbancognb.com.py/v2/beneficios/categorias/647,sí,
628,Maxicolor,Cuotas sin intereses,Hasta 12 cuotas sin intereses todos los días.,2026-06-11,2026-12-31,"Hasta 12 cuotas sin intereses todos los días. | Del 11 de junio al 31 de diciembre del 2026. | Hasta 12 cuotas sin intereses para tarjetas de afinidad Oro, Experience. Black, Black Premier, Metalcard Premier, Platinum, Infinite del Banco GNB Paraguay. | No participan de la promoción las tarjetas de débito y crédito; Clásicas, de afinidades Empresariales, Corporativas, Gift Card, Gourmet y Prepagas. | Para el fraccionamiento de las cuotas el cliente deberá solicitar/seleccionar la cantidad de cuotas que desea al momento del pago. Las cuotas se verán reflejadas en el extracto del cliente. | No acumulable con otras promociones.",https://www.beneficiosbancognb.com.py/v2/beneficios/categorias/628,sí,
470,Sanisart,Cuotas sin intereses,Hasta 12 cuotas sin intereses todos los días.,2025-06-10,2026-12-31,"Hasta 12 cuotas sin intereses todos los días. | Del 1 de febrero al 31 de diciembre del 2026. | Hasta 12 cuotas sin intereses para pagos con tarjetas de crédito Clásicas, Oro, Experience, Black, Black Premier, Metalcard Premier, Platinum e Infinite del Banco GNB Paraguay. | Para el fraccionamiento de las cuotas el cliente deberá solicitar/seleccionar la cantidad de cuotas que desea al momento del pago. Las cuotas se verán reflejadas en el extracto del cliente. | No participan de la promoción las tarjetas de débito y crédito de afinidades Empresariales, Corporativas, Gift Card, Gourmet y Prepagas. | No acumulable con otras promociones.",https://www.beneficiosbancognb.com.py/v2/beneficios/categorias/470,sí,source_start_date_stale
658,Samurai Gym,Cuotas sin intereses,Hasta 12 cuotas sin intereses todos los días.,2026-09-01,2026-12-31,"Hasta 12 cuotas sin intereses todos los días. | Del 24 de agosto al 31 de diciembre del 2026. | Hasta 12 cuotas sin intereses con las tarjetas de crédito del Banco GNB Paraguay. | No participan de la promoción las tarjetas de débito y crédito de afinidades Empresariales, Corporativas, Gift Card, Gourmet y Prepagas. | El beneficio aplica única y exclusivamente para pagos anuales. | No acumulable con otras promociones.",https://www.beneficiosbancognb.com.py/v2/beneficios/categorias/658,sí,
646,Protek,Cuotas sin intereses,Hasta 12 cuotas sin intereses todos los días.,2026-08-03,2026-12-31,"Hasta 12 cuotas sin intereses todos los días. | Del 30 de julio al 31 de diciembre del 2026. | Hasta 12 cuotas sin intereses para pagos con tarjetas de crédito del Banco GNB. | Para el fraccionamiento de las cuotas el cliente deberá solicitar/seleccionar la cantidad de cuotas que desea al momento del pago. Las cuotas se verán reflejadas en el extracto del cliente. | No participan de la promoción las tarjetas de débito y crédito de afinidades Empresariales, Corporativas, Gift Card, Gourmet y Prepagas. | No acumulable con otras promociones.",https://www.beneficiosbancognb.com.py/v2/beneficios/categorias/646,sí,
642,Maquicenter,Cuotas sin intereses,Hasta 12 cuotas sin intereses todos los días.,2026-07-21,2026-12-31,"Hasta 12 cuotas sin intereses todos los días. | Del 21 de julio al 31 de diciembre del 2026. | Hasta 12 cuotas sin intereses con las tarjetas de crédito del Banco GNB Paraguay. | Para el fraccionamiento de las cuotas el cliente deberá solicitar/seleccionar la cantidad de cuotas que desea al momento del pago bajo el Plan 1 de Bancard. Las cuotas se verán reflejadas en el extracto del cliente. | No participan de la promoción las tarjetas de débito y crédito de afinidades Empresariales, Corporativas, Gift Card, Gourmet y Prepagas. | No acumulable con otras promociones.",https://www.beneficiosbancognb.com.py/v2/beneficios/categorias/642,sí,
641,Microfal,Cuotas sin intereses,Hasta 12 cuotas sin intereses todos los días.,2026-07-21,2026-12-31,"Hasta 12 cuotas sin intereses todos los días. | Del 21 de julio al 31 de diciembre del 2026. | Hasta 12 cuotas sin intereses con las tarjetas de crédito del Banco GNB Paraguay. | No participan de la promoción las tarjetas de débito y crédito de afinidades Empresariales, Corporativas, Gift Card, Gourmet y Prepagas. | El beneficio aplica única y exclusivamente a: Instalaciones de sistemas de CCTV, Alarmas, y Sistemas contra incendios. | No acumulable con otras promociones. | Para el fraccionamiento de las cuotas el cliente deberá solicitar/seleccionar la cantidad de cuotas que desea al momento del pago bajo el Plan 1 de Bancard. Las cuotas se verán reflejadas en el extracto del cliente.",https://www.beneficiosbancognb.com.py/v2/beneficios/categorias/641,sí,
444,COM-PAR,Cuotas sin intereses,Hasta 12 cuotas sin intereses todos los días.,2025-04-10,2026-12-31,"Hasta 12 cuotas sin intereses todos los días. | Del 05 de enero al 31 de diciembre del 2026. | Hasta 12 cuotas sin intereses para tarjetas de crédito del Banco GNB Paraguay. | Para el fraccionamiento de las cuotas el cliente deberá solicitar/seleccionar la cantidad de cuotas que desea al momento del pago. Las cuotas se verán reflejadas en el extracto del cliente. | No participan de la promoción las tarjetas de débito y crédito; de afinidades Empresariales, Corporativas, Gift Card, Gourmet y Prepagas. | La promoción aplica todos los días durante el periodo de promoción. | No acumulable con otras promociones. | ✓ COM-PAR - Cirilo Rivarola N°6480 casi Mayor Pastore - Asunción, Paraguay",https://www.beneficiosbancognb.com.py/v2/beneficios/categorias/444,sí,source_start_date_stale
397,Keeper,Cuotas sin intereses,Hasta 12 cuotas sin intereses todos los días.,2024-12-11,2026-12-31,"Hasta 12 cuotas sin intereses todos los días. | Del 05 de enero al 31 de diciembre del 2026. | Hasta 12 cuotas sin intereses para pagos con tarjetas de crédito Clásicas, Oro, Experience, Black, Black Premier, Metalcard Premier, Platinum e Infinite del Banco GNB Paraguay. | Para el fraccionamiento de las cuotas el cliente deberá solicitar/seleccionar la cantidad de cuotas que desea al momento del pago. Las cuotas se verán reflejadas en el extracto del cliente. | No participan de la promoción las tarjetas de débito y crédito de afinidades Empresariales, Corporativas, Gift Card, Gourmet y Prepagas. | No acumulable con otras promociones. | ✓ Keeper Edificio Itavera, Facundo Machain c/ Emilio Pastore – Asunción, Paraguay.",https://www.beneficiosbancognb.com.py/v2/beneficios/categorias/397,sí,source_start_date_stale
664,Raphaella Booz,Días GNB,Hasta 25% de descuento los jueves y viernes + Hasta 6 cuotas sin intereses todos los días.,2026-09-08,2026-11-27,"Hasta 25% de descuento los jueves y viernes + Hasta 6 cuotas sin intereses todos los días. | Del 10 de septiembre al 27 de noviembre del 2026. | 25% de descuento para pagos con tarjetas de crédito Mastercard afinidades Black, Black Premier y Metalcard Premier del Banco GNB Paraguay. | 20% de descuento para pagos con tarjetas de crédito Mastercard afinidades Clásicas y Oro del Banco GNB Paraguay. | Hasta 6 cuotas sin intereses todos los días para pagos con tarjetas de crédito del Banco GNB Paraguay. | Tope de compra mensual: Gs. 1.500.000 (guaraníes un millón quinientos mil) por cuenta de tarjeta de crédito (incluye titulares y adicionales), el cual aplica en forma conjunta a todos los locales de los comercios adheridos. | Los reintegros serán reflejados de manera automática en el extracto del cliente, en un período de 24 a 48hs hábiles luego de la compra. | El descuento en caja no aplica en la compra de Gift Cards. | No acumulable con otras promociones.",https://www.beneficiosbancognb.com.py/v2/beneficios/categorias/664,sí,
650,Baume,Cuotas sin intereses,Hasta 6 cuotas sin intereses todos los días.,2026-08-07,2026-12-31,"Hasta 6 cuotas sin intereses todos los días. | Del 10 de agosto al 31 de diciembre del 2026. | Hasta 6 cuotas sin intereses para tarjetas de crédito del Banco GNB Paraguay. | Para el fraccionamiento de las cuotas el cliente deberá solicitar/seleccionar la cantidad de cuotas que desea al momento del pago. Las cuotas se verán reflejadas en el extracto del cliente. | No participan de la promoción las tarjetas de débito, crédito de afinidades Empresariales, Corporativas, Gift Card, Gourmet y Prepagas. | No aplica para pagos realizados a través de plataformas de terceros y/o e-commerce. | No acumulable con otras promociones.",https://www.beneficiosbancognb.com.py/v2/beneficios/categorias/650,sí,
