ID GNB,Comercio,Categoría web,Resumen web,Vigencia web final,Vigencia PDF,Vigencia PDF final,Beneficio PDF,Condiciones PDF,PDF páginas,PDF SHA256,URL promoción,URL bases,Alertas
260,La Ruta Gastronómica,Días GNB,Hasta 25% de reintegro los días sábados y domingos.,2026-11-29,Del 05 de septiembre al 29 de noviembre del 2026.,2026-11-29,"• 25% de reintegro para pagos con tarjetas de crédito Mastercard Black, Black Premier y Metalcard Premier. • 20% de reintegro para pagos con tarjetas de crédito Mastercard Clásica y Oro.","• Exclusivo para pagos realizados con tarjetas de crédito Mastercard del Banco GNB Paraguay S.A.E.C.A. • Pagos realizados con tarjetas de crédito física, Apple Pay, Google Pay y/o QR en POS adheridos a la procesadora . • No participan de la promoción las tarjetas de débito; tarjetas de crédito marca VISA; afinidades Empresariales, Corporativas, Gift Card, Gourmet Card y Prepagas. • Beneficio no acumulable con otras promociones. • Beneficio aplica única y exclusivamente los días Sábados y Domingos durante el periodo de la promoción. • La promoción aplica para pagos realizados a través del delivery propio de los locales. • No aplica para pagos realizados a través de plataformas de terceros como Pedidos ya, Monchis entre otros. • Ticket mínimo de compra: Gs. 250.000 (guaraníes doscientos cincuenta mil) para aplicar al reintegro, compras menores no aplican a la promoción. • Tope de compra mensual en el conjunto de locales adheridos: Gs. 1.000.000 (guaranies un millón) por cuenta de tarjeta de crédito (incluye titulares y adicionales). • Beneficio aplica a las sucursales de los comercios adheridos detallados más abajo. • Los reclamos serán considerados válidos únicamente en base al último documento actualizado, el cual debe corresponder al que se encuentre vigente en la fecha de la compra reclamada.",4,ab22914b6af58975c1f605ec53d4c2f1beae28a3a1694ca7cfe08026ea3a50d8,https://www.beneficiosbancognb.com.py/v2/beneficios/categorias/260,https://www.beneficiosbancognb.com.py/imagenes/4295_bases-y-condiciones-la-ruta-gastr%C3%B3nomica-002-.pdf,
408,Bares & Restó,Días GNB,Hasta 25% de descuento de miércoles a domingos.,2026-12-31,Del 02 de enero del 31 de diciembre del 2026,,• Hasta 25% de reintegro* 20% de reintegro para pagos con tarjetas de crédito Mastercard del Banco GNB Paraguay. +5% de reintegro adicional para pagos con QR con tarjetas de crédito Mastercard a través de la app Banco GNB Personas.,"• Pagos realizados con tarjetas de crédito Mastercard del Banco GNB Paraguay S.A.E.C.A. • Pagos realizados con tarjetas de crédito física, Apple Pay, Google Pay y/o QR en POS adheridos a la procesadora . • No participan de la promoción las tarjetas de débito y crédito Visa, de afinidades Empresariales, Corporativas, Gift Card, Gourmet y Prepagas. • No aplica para pagos realizados a través de plataformas de terceros (Pedidos Ya, Monchis, entre otros) y/o e-commerce. • No acumulable con otras promociones. • La promoción aplica de miércoles a domingos dentro del periodo de vigencia de la promoción. • Tope de compra mensual en el conjunto de locales adheridos: Gs. 1.500.000 (guaranies un millón quinientos mil) por cuenta de tarjeta de crédito (incluye titulares y adicionales). • Beneficio aplica a todas las sucursales de los comercios adheridos detallados más abajo. • Los reclamos serán considerados válidos únicamente en base al último documento actualizado, el cual debe corresponder al que se encuentre vigente en la fecha de la compra reclamada.",2,d7ec9b1c71f61d7541fb85c774eb96ee08f2fe413c549f72a2f109d100df596c,https://www.beneficiosbancognb.com.py/v2/beneficios/categorias/408,https://www.beneficiosbancognb.com.py/imagenes/4485_bases-y-condiciones-restaurantes-bares-y-pizzer%C3%ADas-septiembre.pdf,
148,Copetrol,Días GNB,Hasta 30% off los lunes.,2026-12-28,Del 06 de julio al 28 de diciembre del 2026.,2026-12-28,"Todos los LUNES (DÍAS GNB-COPETROL) Hasta 20% de descuento. Hasta 30% de descuento. Con Tarjetas de Crédito Con Tarjetas de Crédito -MASTERCARD- -MASTERCARD- CLÁSICAS Y ORO. BLACK, BLACK PREMIER Y METALCARD PREMIER. 15% off para pagos con + 5% adicional para 25% off para pagos + 5% adicional para tarjeta de crédito física. pagos con QR con con tarjeta de crédito pagos con QR con tarjeta de crédito a física. tarjeta de crédito a través de la App GNB o través de la App GNB Copetrol Vamos*. o Copetrol Vamos*. Tope de compra mensual por cuenta de Tarjeta de crédito (Incluye titulares y adicionales) Gs. 1.000.000 (guaraníes un millón) Equivalente a un Equivalente a un Equivalente a un Equivalente a un reintegro máximo de Gs. reintegro máximo de reintegro máximo de reintegro máximo de 150.000 Gs. 200.000 Gs. 250.000. Gs. 300.000 (Tarjeta de crédito (QR) (Tarjeta de crédito (QR) física) física)","• Pagos realizados con tarjetas de crédito Mastercard Banco GNB Paraguay S.A.E.C.A. • Pagos realizados con tarjetas de crédito física, Apple Pay, Google Pay y/o QR en POS adheridos a la procesadora . • No participan de la promoción las tarjetas de débito y crédito Visa y afinidades Empresariales, Corporativas, Gift Card, Gourmet y Prepagas. • Promoción válida los días Lunes dentro del periodo de la promoción. • No acumulable con otras promociones. • No aplica compras realizadas a través de plataformas de terceros. • Aplica para pagos con la app “Copetrol Vamos” en Estaciones Seleccionadas a partir del 17/06/2024*. • El beneficio en Copemarket aplica para compras en tienda física y online. • Los reclamos serán considerados válidos únicamente en base al último documento actualizado, el cual debe corresponder al que se encuentre vigente en la fecha de la compra reclamada.",2,162c08ef8d3616c5ddfeaafd26b095bc22f07e7b8e1ef2b8b2329227b1f78e47,https://www.beneficiosbancognb.com.py/v2/beneficios/categorias/148,https://www.beneficiosbancognb.com.py/imagenes/3872_bases-y-condiciones-copetrol-julio.pdf,
543,GNB Travel+,Días GNB,Hasta Gs. 2.000.000 de descuento máximo + Hasta 18 cuotas sin intereses todos los días.,2026-12-31,Del 01 de septiembre al 31 de diciembre del 2026.,2026-12-31,"• Hasta Gs. 2.000.000 de descuento máximo para pagos con tarjetas de crédito Mastercard Clásicas, Oro, Black, Black Premier, Metalcard Premier y, Visa Platinum e Infinite Premier del Banco GNB Paraguay a través de Travel Pay en todas las agencias de viajes del país: Ofertas Compra mínima Monto de descuento Circuitos Europa (Premium) *1000 USD (en base doble) Gs. 2.000.000 Circuitos Europa (Básico) *700 USD (en base doble) Gs. 1.800.000 Salidas Garantizadas - Gs. 1.200.000 Paquetes *695 USD (en base doble) Gs. 700.000 Bodas Grupales - Gs. 700.000 Conciertos y Eventos - Gs. 600.000 *El monto de compra mínima aplica por persona, calculado en base a dos pasajeros. • Hasta 18 cuotas sin intereses para pagos con tarjetas de crédito del Banco GNB Paraguay","• Pagos realizados con tarjetas de crédito del Banco GNB Paraguay S.A.E.C.A. • Pagos realizados con tarjetas de crédito y/o QR a través de la pasarela de pagos Travel Pay, la cual es proveída por la empresa DTP Travel Group. • No participan de la promoción las tarjetas de débito y crédito; Visa Clásicas y Oro, de afinidades Empresariales, Corporativas, Gift Card, Gourmet y Prepagas. • La promoción aplica todos los días durante el periodo de promoción. • Beneficio aplica en todas las agencias de viajes del país que cuenten con la pasarela de pagos Travel Pay. • El beneficio aplica única y exclusivamente a paquetes de viajes. • El monto de descuento varia según ofertas. • No acumulable con otras promociones. • Los reclamos serán considerados válidos únicamente en base al último documento actualizado, el cual debe corresponder al que se encuentre vigente en la fecha de la compra reclamada.",1,a56159923af3171e65cf3b385390346bcc74098caeb2c9c4cf8a1c7bba56c57b,https://www.beneficiosbancognb.com.py/v2/beneficios/categorias/543,https://www.beneficiosbancognb.com.py/imagenes/4944_bases-y-condiciones-gnb-travel-septiembre.pdf,
426,Universidades,Días GNB,15% de reintegro de 1 al 10 de cada mes + hasta 12 cuotas sin intereses.,2026-12-10,Del 01 de marzo al 10 de diciembre del 2026.,2026-12-10,"• 15% de reintegro para pagos con tarjetas de crédito y prepagas Mastercard afinidades Clásicas, Oro, Black, Black Premier y Metalcard Premier del Banco GNB Paraguay. • Hasta 12 cuotas sin intereses para pagos en POS con tarjetas de crédito del Banco GNB Paraguay.","• Pagos realizados con tarjetas de crédito y prepagas Mastercard Banco GNB Paraguay S.A.E.C.A. • Pagos realizados con Tarjetas de Crédito física, Apple Pay, Google Pay, QR en POS adheridos a la procesadora, , Bancard pago móvil, APP y Web del banco GNB. • No participan de la promoción las tarjetas de la marca VISA y tarjetas de débito y crédito de afinidades Empresariales, Corporativas, Gift Card, Gourmet. • La promoción aplica del 1 al 10 de cada mes durante el periodo de promoción. • No acumulable con otras promociones. • No aplica para pagos realizados a través de plataformas de terceros y/o e-commerce. • El beneficio de cuotas sin intereses aplica para pagos única y exclusivamente en POS adheridos a la procesadora Bancard. • Tope de compra durante el periodo de la promoción: Gs. 10.000.000 (guaraníes diez millones), el cual aplica en forma conjunta a todos los comercios seleccionados adheridos a la promoción en cualquiera de las sucursales de los comercios participantes. • Tope de reintegro durante el periodo de la promoción: Gs. 1.500.000.- (guaraníes un millón quinientos mil) y, se aplica por cuenta de tarjeta de crédito (titulares + adicionales). • Los reintegros serán reflejados de manera automática en el extracto del cliente, en un período de 24 a 48hs hábiles luego de la compra. • Los reclamos serán considerados válidos únicamente en base al último documento actualizado, el cual debe corresponder al que se encuentre vigente en la fecha de la compra reclamada.",2,a0e998d8ceaba341b7bfc60ca92fd1037c924796822a40be7471ab3c4c14e9b7,https://www.beneficiosbancognb.com.py/v2/beneficios/categorias/426,https://www.beneficiosbancognb.com.py/imagenes/4567_bases-y-condiciones-cuotas-universidades-agosto.pdf,
639,La Ruta del Café,Días GNB,Hasta 25% de reintegro de miércoles a domingos.,2026-12-31,Del 01 de julio al 31 de diciembre del 2026.,2026-12-31,• Hasta 25% de reintegro* 20% de reintegro para pagos con tarjetas de crédito Mastercard del Banco GNB Paraguay. +5% de reintegro adicional para pagos con QR con tarjetas de crédito Mastercard a través de la app Banco GNB Personas.,"• Pagos realizados con tarjetas de crédito Mastercard del Banco GNB Paraguay S.A.E.C.A. • Pagos realizados con tarjetas de crédito física, Apple Pay, Google Pay y/o QR en POS adheridos a la procesadora . • No participan de la promoción las tarjetas de débito y crédito Visa, de afinidades Empresariales, Corporativas, Gift Card, Gourmet y Prepagas. • No aplica para pagos realizados a través de plataformas de terceros (Pedidos Ya, Monchis, entre otros) y/o e-commerce. • No acumulable con otras promociones. • La promoción aplica de miércoles a domingos dentro del periodo de vigencia de la promoción. • Tope de compra mensual en el conjunto de locales adheridos: Gs. 1.000.000 (guaranies un millón) por cuenta de tarjeta de crédito (incluye titulares y adicionales). • Beneficio aplica a todas las sucursales de los comercios adheridos detallados más abajo. • Los reclamos serán considerados válidos únicamente en base al último documento actualizado, el cual debe corresponder al que se encuentre vigente en la fecha de la compra reclamada.",2,9790ada2bc7139f2879997e188c9b5c8dc1f7dadb1e37521ae9ecb5a86c508eb,https://www.beneficiosbancognb.com.py/v2/beneficios/categorias/639,https://www.beneficiosbancognb.com.py/imagenes/5255_bases-y-condiciones-la-ruta-del-cafe-septiembre-005-.pdf,
175,Cinemark,Días GNB,"50% de descuento los días jueves, viernes, sábados y domingos.",2027-02-28,Del 02 de abril del 2026 al 28 de febrero del 2027.,2027-02-28,"• 50% de descuento para funciones los días jueves, viernes, sábados y domingos para pagos realizados con las tarjetas de crédito y Prepagas del Banco GNB Paraguay S.A.E.C.A. Beneficio aplicable únicamente a compras de entradas en CINEMARK.","• Pagos realizados con tarjetas de crédito y prepagas del Banco GNB Paraguay S.A.E.C.A. • La tarjeta debe de estar guardada/catastrada en la app o web de Cinemark para aplicar al descuento. • Pagos realizados a través de la App y Web de Cinemark. • No participan de la promoción las tarjetas de débito y crédito de afinidades Empresariales, Corporativas, Gift Card y Gourmet. • Promoción válida únicamente para las funciones de los días jueves, viernes, sábados y domingos dentro del periodo de la promoción. • No acumulable con otras promociones. • No aplica a películas con restricción, contenido alternativo, Avant Premiere, festivales. • Películas con restricción se refiere a que las películas en estreno que no están habilitadas para descuentos hasta por un máximo de 2 semanas: • Beneficio no aplica a consumición en la confitería de Cinemark. • El descuento aplica sobre la tarifa adulto de fin de semana según formato elegido, aplica a todos los formatos disponibles. Tarifario full Price: Nuestros Cines - Cinemark. • Tope de descuento: Hasta 4 entradas por cada transacción. Este límite es por transacción de tarjeta. • Los reclamos serán considerados válidos únicamente en base al último documento actualizado, el cual debe corresponder al que se encuentre vigente en la fecha de la compra reclamada.",2,eafb52493e1e97f2c92fee9047ca533ecdc64ee05e57445c4ef1530d632402c2,https://www.beneficiosbancognb.com.py/v2/beneficios/categorias/175,https://www.beneficiosbancognb.com.py/imagenes/4743_bases-y-condiciones-cinemark-007-.pdf,
275,Petrobras PREMMIA,Días GNB,20% de descuento para pagos desde la app Premmia los miércoles.,2026-12-30,Del 01 de julio al 30 de diciembre del 2026.,2026-12-30,"• 20% de descuento para pagos desde la app Premmia con tarjetas de crédito Mastercard Clásicas, Oro, Black, Black Premier y Metalcard Premier del Banco GNB Paraguay.","• Pagos realizados con tarjetas de crédito Mastercard Banco GNB Paraguay S.A.E.C.A. • Pagos realizados única y exclusivamente desde la app Premmia adheridos a la procesadora • No participan de la promoción las tarjetas de débito, y crédito Visa; de afinidades Empresariales, Corporativas, Gift Card, Gourmet y Prepagas. • No acumulable con otras promociones. • Beneficio no aplica a compras vía web. • No aplica para pagos realizados a través de plataformas de terceros. • Beneficio aplica única y exclusivamente los días MIERCOLES dentro del periodo de promoción • Tope de compra semanal: Gs. 500.000 (guaraníes quinientos mil) • El tope de compra aplica por cuenta de tarjeta de crédito (titulares + adicionales). • El producto Diesel Euro 5 (diesel común) está excluido del beneficio. • Los reintegros serán reflejados de manera automática en el extracto del cliente, en un período de 24 a 48hs hábiles luego de la compra. • Los reclamos serán considerados válidos únicamente en base al último documento actualizado, el cual debe corresponder al que se encuentre vigente en la fecha de la compra reclamada.",6,5fda40cb2c841d4fb19a58eca2354ba76d02e8a7a0f63bcc464c1d9e6ba20d61,https://www.beneficiosbancognb.com.py/v2/beneficios/categorias/275,https://www.beneficiosbancognb.com.py/imagenes/4261_bases-y-condiciones-petrobras.pdf,
421,Colegios,Días GNB,10% de descuento y hasta 12 cuotas sin intereses del 1 al 10 de cada mes.,2026-11-10,Del 01 de febrero al 10 de noviembre del 2026.,2026-11-10,"• 10% de descuento para pagos con tarjetas de crédito y prepagas Mastercard afinidades Clásicas, Oro, Black, Black Premier y Metalcard Premier del Banco GNB Paraguay. • Hasta 12 cuotas sin intereses para pagos en POS con tarjetas de crédito del Banco GNB Paraguay.","• Pagos realizados con tarjetas de crédito y prepagas Mastercard Banco GNB Paraguay S.A.E.C.A. • Pagos realizados con Tarjetas de Crédito física, Apple Pay, Google Pay, QR en POS adheridos a la procesadora, , Bancard pago móvil, APP y Web del banco GNB. • No participan de la promoción las tarjetas de la marca VISA y tarjetas de débito y crédito de afinidades Empresariales, Corporativas, Gift Card, Gourmet. • La promoción aplica del 1 al 10 de cada mes durante el periodo de promoción. • No acumulable con otras promociones. • No aplica para pagos realizados a través de plataformas de terceros y/o e-commerce. • El beneficio de cuotas sin intereses aplica para pagos única y exclusivamente en POS adheridos a la procesadora Bancard. • El beneficio para pagos realizados a través de pago de servicios aplica a partir del 6 de febrero. • Tope de compra durante el periodo de la promoción: Gs. 10.000.000 (guaraníes diez millones), el cual aplica en forma conjunta a todos los comercios seleccionados adheridos a la promoción de “Vuelta a clases - Colegios” en cualquiera de las sucursales de los comercios participantes. • Tope de reintegro durante el periodo de la promoción: Gs. 1.000.000.- (guaraníes un millón) y, se aplica por cuenta de tarjeta de crédito (titulares + adicionales). • Los reintegros serán reflejados de manera automática en el extracto del cliente, en un período de 24 a 48hs hábiles luego de la compra. • Los reclamos serán considerados válidos únicamente en base al último documento actualizado, el cual debe corresponder al que se encuentre vigente en la fecha de la compra reclamada.",2,c8df5558fe737962822f768c1b5bb4c5150b989e95ece30dec67ac86e29a0877,https://www.beneficiosbancognb.com.py/v2/beneficios/categorias/421,https://www.beneficiosbancognb.com.py/imagenes/4527_bases-y-condiciones-cuotas-colegios.pdf,
323,Peluquerías & Spa,Días GNB,Hasta 25% de reintegro + 3 cuotas sin intereses los días viernes y sábado.,2026-11-28,Del 02 de enero al 28 de noviembre del 2026.,2026-11-28,"• 25% de reintegro para pagos vía QR con tarjetas de crédito Mastercard afinidades Black, Black Premier y Metalcard Premier del Banco GNB Paraguay. • 20% de reintegro para pagos con tarjetas de crédito Mastercard afinidades Black, Black Premier y Metalcard Premier del Banco GNB Paraguay. • Hasta 3 cuotas sin intereses para pagos con tarjetas de crédito Mastercard afinidades Black, Black Premier y Metalcard Premier del Banco GNB Paraguay.","• Exclusivo para pagos realizados con tarjetas de crédito Mastercard del Banco GNB Paraguay S.A.E.C.A. • Pagos realizados con tarjetas de crédito física, Apple Pay, Google Pay y/o QR en POS adheridos a la procesadora . • No participan de la promoción las tarjetas de débito; tarjetas de crédito marca VISA; afinidades Empresariales, Corporativas, Gift Card y Gourmet Card. • Beneficio aplica única y exclusivamente los días Viernes y Sábado durante el periodo de la promoción. • Beneficio no acumulable con otras promociones. • Tope de compra mensual en el conjunto de locales adheridos: Gs. 1.500.000 (guaranies un millón quinientos mil) por cuenta de tarjeta de crédito (incluye titulares y adicionales). • Los reclamos serán considerados válidos únicamente en base al último documento actualizado, el cual debe corresponder al que se encuentre vigente en la fecha de la compra reclamada.",1,41716eac3ac3b08c14dfcc4f952b29ad2f9172ec13a925bcb87993090cffc980,https://www.beneficiosbancognb.com.py/v2/beneficios/categorias/323,https://www.beneficiosbancognb.com.py/imagenes/5002_bases-y-condiciones-bienestar-belleza-peluquer%C3%ADas-spa-oct.pdf,
47,Areté y Festa,Días GNB,Todos los días 15% off en supermercado y restaurante.,2026-12-31,Del 01 de enero al 31 de diciembre del 2026.,2026-12-31,• 15% de reintegro para pagos con tarjetas de crédito del Banco GNB Paraguay.,"• Pagos realizados con tarjetas de crédito Banco GNB Paraguay S.A.E.C.A. • Pagos realizados con tarjetas de crédito física, Apple Pay, Google Pay y/o QR en POS adheridos a la procesadora . • No participan de la promoción las tarjetas de débito y crédito de afinidades Empresariales, Corporativas, Gift Card, Gourmet y Prepagas. • No acumulable con otras promociones. • La promoción aplica todos los días dentro del periodo de vigencia de la promoción. • No aplica compras realizadas a través de plataformas de terceros. • Los reintegros serán reflejados de manera automática en el extracto del cliente, en un período de 24 a 48hs hábiles luego de la compra. • Tope de compra mensual: de Gs.2.000.000 (guaraníes dos millones) en conjunto de Areté y Festa, por cuenta de tarjeta de crédito (Incluye titulares y adicionales) equivalente a un reintegro máximo mensual en el extracto Gs. 300.000 (guaraníes trescientos mil) para pagos con tarjetas de crédito Banco GNB aplicado al total de compras realizadas en Areté y Festa. • Los reclamos serán considerados válidos únicamente en base al último documento actualizado, el cual debe corresponder al que se encuentre vigente en la fecha de la compra reclamada.",1,e47abeecefd8e5eb01259d30a5d0b683a072f016524c5f78af077e170bd3caac,https://www.beneficiosbancognb.com.py/v2/beneficios/categorias/47,https://www.beneficiosbancognb.com.py/imagenes/2301_bases-y-condiciones-aret%C3%A9-y-festa-todos-los-d%C3%ADas-julio.pdf,
145,Electrónica y electrodomésticos,Cuotas sin intereses,Hasta 12 cuotas sin intereses todos los días.,2026-12-31,Del 05 de enero al 31 de diciembre del 2026.,2026-12-31,• Hasta 12 cuotas sin intereses para pagos con tarjetas de crédito del Banco GNB Paraguay.,"• Pagos realizados con tarjetas de crédito Banco GNB Paraguay S.A.E.C.A. • Pagos realizados con tarjetas de crédito física, Apple Pay, Google Pay y/o QR en POS adheridos a la procesadora . • No participan de la promoción las tarjetas de débito, de afinidades Empresariales, Corporativas, Gift Card, Gourmet y Prepagas. • La promoción aplica todos los días durante el periodo de promoción. • No acumulable con otras promociones. • Los reclamos serán considerados válidos únicamente en base al último documento actualizado, el cual debe corresponder al que se encuentre vigente en la fecha de la compra reclamada.",1,a7aadcde16b080ec32d6de9a9340cdd2172715b4bd222fe35cb76be0a0c9159e,https://www.beneficiosbancognb.com.py/v2/beneficios/categorias/145,https://www.beneficiosbancognb.com.py/imagenes/2237_bases-y-condiciones-electr%C3%B3nica-y-electrodom%C3%A9sticos.pdf,
180,Nike - Rookie - Academy - Rise,Días GNB,Hasta 25% off los jueves + 6 cuotas sin intereses,2026-11-26,Del 08 de enero al 26 de noviembre del 2026.,2026-11-26,"• 25% de descuento para pagos con tarjetas de crédito afinidades Black, Black Premier y Metalcard Premier del Banco GNB Paraguay los días jueves. • 20% de descuento para pagos con tarjetas de crédito afinidades Clàsicas, Oro, Experience, Platinum e Infinite del Banco GNB Paraguay los días jueves. • Hasta 6 cuotas sin intereses para pagos con tarjetas de crédito del Banco GNB Paraguay.","• Pagos realizados con tarjetas de crédito Banco GNB Paraguay S.A.E.C.A. • Pagos realizados con tarjetas de crédito física, Apple Pay, Google Pay y/o QR en POS adheridos a la procesadora . • No participan de la promoción las tarjetas de débito y crédito de afinidades Empresariales, Corporativas, Gift Card, Gourmet y Prepagas. • La promoción de cuotas sin intereses aplica todos los días durante el periodo de promoción. • La promoción de descuento aplica todos los jueves dentro del periodo de la promoción. • No acumulable con otras promociones. • Los reintegros serán reflejados de manera automática en el extracto del cliente, en un período de 24 a 48hs hábiles luego de la compra. • El descuento en caja no aplica en la compra de Gift Cards. • Tope de compra mensual: Gs. 1.500.000 (guaraníes un millón quinientos mil) para tarjetas de crédito Mastercard y Visa Clásicas, Oro Platinum e Infinite. y Gs. 3.000.000 (guaraníes tres millones) para tarjetas de crédito Mastercard Black, Black Premier y Metalcard Premier el cual aplica en forma conjunta a todos los locales de los comercios adheridos (Nike, Rookie, Academy, Rise). • Los reclamos serán considerados válidos únicamente en base al último documento actualizado, el cual debe corresponder al que se encuentre vigente en la fecha de la compra reclamada.",2,d93348930f0b6cccfed770943e9b8b3055c880f95e81a9464e2c138ce0ba4924,https://www.beneficiosbancognb.com.py/v2/beneficios/categorias/180,https://www.beneficiosbancognb.com.py/imagenes/3054_bases-y-condiciones-nike-rookie-academy-rise-003-.pdf,
183,Meta Sports,Días GNB,Todos los jueves hasta 25% de descuento + Hasta 6 cuotas sin intereses.,2026-11-26,Del 22 de enero al 26 de noviembre del 2026.,2026-11-26,"• 25% de descuento para pagos con tarjetas de crédito afinidades Black, Black Premier y Metalcard Premier del Banco GNB Paraguay los días jueves. • 20% de descuento para pagos con tarjetas de crédito afinidades Clàsicas, Oro, Experience, Platinum e Infinite del Banco GNB Paraguay los días jueves. • Hasta 6 cuotas sin intereses para pagos con tarjetas de crédito del Banco GNB Paraguay.","• Pagos realizados con tarjetas de crédito Banco GNB Paraguay S.A.E.C.A. • Pagos realizados con tarjetas de crédito física, Apple Pay, Google Pay y/o QR en POS adheridos a la procesadora . • No participan de la promoción las tarjetas de débito y crédito de afinidades Empresariales, Corporativas, Gift Card, Gourmet y Prepagas. • La promoción de cuotas sin intereses aplica todos los días durante el periodo de promoción. • La promoción de descuento aplica todos los jueves dentro del periodo de la promoción. • No acumulable con otras promociones. • Los reintegros serán reflejados de manera automática en el extracto del cliente, en un período de 24 a 48hs hábiles luego de la compra. • El descuento en caja no aplica en la compra de Gift Cards. • Tope de compra mensual: Gs. 1.500.000 (guaraníes un millón quinientos mil) para tarjetas de crédito Mastercard y Visa Clásicas, Oro Platinum e Infinite. y Gs. 3.000.000 (guaraníes tres millones) para tarjetas de crédito Mastercard Black, Black Premier y Metalcard Premier el cual aplica en forma conjunta a todos los locales de los comercios adheridos. • Los reclamos serán considerados válidos únicamente en base al último documento actualizado, el cual debe corresponder al que se encuentre vigente en la fecha de la compra reclamada.",2,87b984dbf042283a5828952dcee2145837fe4cfe08a9015b06fde14c037ed3ae,https://www.beneficiosbancognb.com.py/v2/beneficios/categorias/183,https://www.beneficiosbancognb.com.py/imagenes/3063_bases-y-condiciones-adidas-meta-sports-meta-women-meta-kids-360-sneaker-store-vans-002-.pdf,
392,Supermercado Súper 2,Días GNB,Hasta 20% de reintegro todos los jueves.,2026-12-31,Del 16 de abril al 31 de diciembre del 2026.,2026-12-31,"• 20% de reintegro para pagos con tarjetas de crédito Mastercard Black, Black Premier y Metalcard Premier del Banco GNB Paraguay. • 15% de reintegro para pagos con tarjetas de crédito Mastercard Clásicas y Oro del Banco GNB Paraguay.","• Pagos realizados con tarjetas de crédito Mastercard Banco GNB Paraguay S.A.E.C.A. • Pagos realizados con tarjetas de crédito física, Apple Pay, Google Pay y/o QR en POS adheridos a la procesadora . • No participan de la promoción las tarjetas de débito y crédito Visa, de afinidades Empresariales, Corporativas, Gift Card, Gourmet y Prepagas. • No aplica para pagos realizados a través de plataformas de terceros y/o e-commerce. • No acumulable con otras promociones. • La promoción aplica los días jueves dentro del periodo de vigencia de la promoción. • Tope de compra mensual: Gs. 1.000.000 (guaraníes un millón) por cuenta de tarjeta de crédito Incluye titulares y adicionales. • Los reclamos serán considerados válidos únicamente en base al último documento actualizado, el cual debe corresponder al que se encuentre vigente en la fecha de la compra reclamada.",1,69ff9e8528a97ce101db92eed662fb3080133f5d85fb6cf2e190042d4b21630e,https://www.beneficiosbancognb.com.py/v2/beneficios/categorias/392,https://www.beneficiosbancognb.com.py/imagenes/4416_bases-y-condiciones-supermercado-s%C3%BAper-2-002-.pdf,
9,Día GNB Casa Rica,Días GNB,20% off el miércoles 14 de octubre del 2026.,2026-12-31,Miércoles 14 de octubre del 2026.,,• 20% de descuento para pagos realizados con las tarjetas de crédito del Banco GNB Paraguay.,"• Pagos realizados con tarjetas de crédito del Banco GNB Paraguay S.A.E.C.A. • Pagos realizados con tarjetas de crédito físicas, Apple Pay, Google Pay y/o QR en POS adheridos a la procesadora • No participan de la promoción las tarjetas débito y crédito de afinidades Empresariales, Corporativas, Gift Card, Gourmet Card y Prepagas. • Incluye compras en tienda online. • No acumulable con otras promociones. • No aplica a pagos posteriores a la fecha ni pagos contra entrega de productos. • Promoción válida exclusivamente el Miércoles 14 de octubre del 2026. • Los reclamos serán considerados válidos únicamente en base al último documento actualizado, el cual debe corresponder al que se encuentre vigente en la fecha de la compra reclamada.",1,04ea54abacd667ea6de5b159befd98b3479158863585be62c8e4103d689395ae,https://www.beneficiosbancognb.com.py/v2/beneficios/categorias/9,https://www.beneficiosbancognb.com.py/imagenes/2289_bases-y-condiciones-casa-rica-d%C3%ADa-gnb-octubre.pdf,
598,Farmacenter,Días GNB,Hasta 35% de descuento los días lunes + Hasta 3 cuotas sin intereses todos los días.,2026-09-28,Del 16 de marzo al 28 de septiembre del 2026,2026-09-28,"• 35% de descuento en la categoría de Perfumería y otros productos para pagos con tarjetas de crédito Mastercard Black, Black Premier y Metalcard Premier. (20% Farmacenter directo en la caja + 15% Banco GNB en el reintegro). • 30% de descuento en la categoría de Perfumería y otros productos para pagos con tarjetas de crédito Mastercard Clásica y Oro (20% Farmacenter directo en la caja + 10% Banco GNB en el reintegro). • 30% de descuento en la categoría de Medicamentos (medicamentos) para pagos con tarjetas de crédito Mastercard Black, Black Premier y Metalcard Premier. (15% Farmacenter directo en la caja + 15% Banco GNB en el reintegro). • 25% de descuento en la categoría de Medicamentos (medicamentos) para pagos con tarjetas de crédito Mastercard Clásica y Oro. (15% Farmacenter directo en la caja + 10% Banco GNB en el reintegro). • Hasta 3 cuotas sin intereses para pagos con tarjetas de crédito del Banco GNB Paraguay.","• Pagos realizados con tarjetas de crédito Mastercard Banco GNB Paraguay S.A.E.C.A. • Pagos realizados con tarjetas de crédito física, Apple Pay, Google Pay y/o QR en POS adheridos a la procesadora . • No participan de la promoción las tarjetas de débito y crédito; Visa, de afinidades Empresariales, Corporativas, Gift Card, Gourmet y Prepagas. • La promoción de descuento aplica única y exclusivamente los días lunes durante el periodo de promoción. • La promoción de cuotas sin intereses aplica todos los días durante el periodo de promoción. • No acumulable con otras promociones. • Tope de compra mensual: Gs. 1.000.000 (guaraníes un millón) por cuenta de tarjeta de crédito (incluye titulares y adicionales), el cual aplica en forma conjunta a todos los locales del comercio. • Los reclamos serán considerados válidos únicamente en base al último documento actualizado, el cual debe corresponder al que se encuentre vigente en la fecha de la compra reclamada.",1,78e55f4225f6b63fb5dcaba5904a20770dbf0a92371194c9354bc48d807f2bcc,https://www.beneficiosbancognb.com.py/v2/beneficios/categorias/598,https://www.beneficiosbancognb.com.py/imagenes/5086_bases-y-condiciones-farmacenter.2.pdf,
352,Farmatotal,Días GNB,Hasta 35% de descuento + 3 cuotas sin intereses los días jueves.,2026-12-31,Del 02 de julio al 31 de diciembre del 2026.,2026-12-31,• Hasta 25% de descuento en caja para pagos con tarjetas de crédito del Banco GNB Paraguay todos los jueves. • +10% de reintegro adicional para pagos con QR con tarjetas de crédito Mastercard a través de la App Banco GNB Personas. • Hasta 3 cuotas sin intereses para pagos con tarjetas de crédito Mastercard del Banco GNB Paraguay.,"• Pagos realizados con tarjetas de crédito Mastercard Banco GNB Paraguay S.A.E.C.A. • Pagos realizados con tarjetas de crédito física, Apple Pay, Google Pay y/o QR en POS adheridos a la procesadora . • No participan de la promoción las tarjetas de débito y crédito; Visa, de afinidades Empresariales, Corporativas, Gift Card, Gourmet y Prepagas. • La promoción aplica única y exclusivamente los días JUEVES durante el periodo de promoción. • No acumulable con otras promociones. • No aplica para pedidos realizados vía delivery y/o e-commerce. • Tope de compra mensual: Gs. 1.000.000 (guaraníes un millón) por cuenta de tarjeta de crédito (incluye titulares y adicionales), el cual aplica en forma conjunta a todos los locales del comercio. • Los reclamos serán considerados válidos únicamente en base al último documento actualizado, el cual debe corresponder al que se encuentre vigente en la fecha de la compra reclamada.",3,1ee81223d353a5f962c3cb801a8cea3404a7debecb02fc47ac89383928919e15,https://www.beneficiosbancognb.com.py/v2/beneficios/categorias/352,https://www.beneficiosbancognb.com.py/imagenes/4270_bases-y-condiciones-farmatotal-003-.pdf,
14,Viajes,Cuotas sin intereses,Hasta 18 cuotas sin intereses en agencias y aerolíneas de todo el país.,2026-12-31,Del 05 de enero al 31 de diciembre del 2026.,2026-12-31,• Hasta 18 cuotas sin intereses para pagos con tarjetas de crédito del Banco GNB Paraguay. En Agencias de Viajes y Aerolíneas adheridas al rubro en la procesadora Bancard.,"• Pagos realizados con tarjetas de crédito Banco GNB Paraguay S.A.E.C.A. • Pagos realizados con tarjetas de crédito física, Apple Pay, Google Pay y/o QR en POS adheridos a la procesadora . • No participan de la promoción las tarjetas de débito, de afinidades Empresariales, Corporativas, Gift Card, Gourmet y Prepagas. • La promoción aplica todos los días durante el periodo de promoción. • No acumulable con otras promociones. • Los reclamos serán considerados válidos únicamente en base al último documento actualizado, el cual debe corresponder al que se encuentre vigente en la fecha de la compra reclamada.",8,a1fe36b92ce83a3a18bc27d53ea75ba8a9a4902653faa2ea7c26bc73b4bdf270,https://www.beneficiosbancognb.com.py/v2/beneficios/categorias/14,https://www.beneficiosbancognb.com.py/imagenes/5266_bases-y-condiciones-y-listado-de-comercios-agencia-de-viajes.pdf,
327,Petrochaco,Días GNB,20% de descuento los días martes-,2026-12-29,Del 07 de julio al 29 de diciembre del 2026.,2026-12-29,"• 20% de descuento para pagos con tarjetas de crédito Mastercard Clásicas, Oro, Black, Black Premier y Metalcard Premier del Banco GNB Paraguay.","• Pagos realizados con tarjetas de crédito Mastercard del Banco GNB Paraguay S.A.E.C.A. • Pagos realizados con tarjetas físicas, Apple Pay, Google Pay y/o QR en POS adheridos a la procesadora . • No participan de la promoción las tarjetas de débito y crédito Visa; y afinidades Empresariales, Corporativas, Gift Card, Gourmet y Prepagas. • Beneficio aplica única y exclusivamente los días martes dentro del periodo de promoción • No acumulable con otras promociones. • No aplica compras realizadas a través de plataformas de terceros. • Promoción válida única y exclusivamente en las Estaciones de Servicio Petrochaco detalladas. • Los reintegros serán reflejados de manera automática en el extracto del cliente, en un período de 24 a 48hs hábiles luego de la compra. • Tope de compra semanal de Gs.500.000 (guaraníes quinientos mil) por cuenta de tarjeta de crédito Incluye titulares y adicionales) equivalente a un reintegro máximo semanal en el extracto de Gs. 100.000 (guaraníes cien mil). • Los reclamos serán considerados válidos únicamente en base al último documento actualizado, el cual debe corresponder al que se encuentre vigente en la fecha de la compra reclamada.",5,261552bf86bc363a37d910c68c98ebed1a138a3ad1747aef519500e6e436a673,https://www.beneficiosbancognb.com.py/v2/beneficios/categorias/327,https://www.beneficiosbancognb.com.py/imagenes/4193_bases-y-condiciones-petrochaco-julio.pdf,
614,Petrosur,Días GNB,20% de descuento los días viernes.,2026-12-25,Del 1 de mayo al 25 de diciembre del 2026.,2026-12-25,"• 20% de descuento para pagos con tarjetas de crédito Mastercard Clásicas, Oro, Black, Black Premier y Metalcard Premier del Banco GNB Paraguay.","• Pagos realizados con tarjetas de crédito Mastercard del Banco GNB Paraguay S.A.E.C.A. • Pagos realizados única y exclusivamente desde la app Petrosur adheridos a la procesadora • No participan de la promoción las tarjetas de débito y crédito Visa; y afinidades Empresariales, Corporativas, Gift Card, Gourmet y Prepagas. • Beneficio aplica única y exclusivamente los días viernes dentro del periodo de promoción • No acumulable con otras promociones. • No aplica compras realizadas a través de plataformas de terceros. • Promoción válida única y exclusivamente en las Estaciones de Servicio Petrosur detalladas. • Los reintegros serán reflejados de manera automática en el extracto del cliente, en un período de 24 a 48hs hábiles luego de la compra. • Tope de compra mensual de Gs.1.000.000 (guaraníes un millón) por cuenta de tarjeta de crédito Incluye titulares y adicionales) equivalente a un reintegro máximo mensual en el extracto de Gs. 200.000 (guaraníes doscientos mil). • Los reclamos serán considerados válidos únicamente en base al último documento actualizado, el cual debe corresponder al que se encuentre vigente en la fecha de la compra reclamada.",6,c569927f0c03c2ec301f51acd6f4959ff84cfd38fc9639b758d7586e371a20af,https://www.beneficiosbancognb.com.py/v2/beneficios/categorias/614,https://www.beneficiosbancognb.com.py/imagenes/5122_bases-y-condiciones-petrosur-002-.pdf,
73,Impuestos Inmobiliarios - Municipalidades,Cuotas sin intereses,Pagá tus impuestos inmobiliarios en hasta 12 cuotas sin intereses.,2026-12-31,Del 05 de enero al 31 de diciembre del 2026.,2026-12-31,• Hasta 12 cuotas sin intereses para pagos con tarjetas de crédito del Banco GNB Paraguay.,"• Pagos realizados con tarjetas de crédito Banco GNB Paraguay S.A.E.C.A. • Pagos realizados con tarjetas de crédito física, Apple Pay, Google Pay y/o QR en POS adheridos a la procesadora . • No participan de la promoción las tarjetas de débito, de afinidades Empresariales, Corporativas, Gift Card, Gourmet y Prepagas. • La promoción aplica todos los días durante el periodo de promoción. • No acumulable con otras promociones. • Los reclamos serán considerados válidos únicamente en base al último documento actualizado, el cual debe corresponder al que se encuentre vigente en la fecha de la compra reclamada.",2,afe018c26696b91694a6424b36e24df7ef1295b4cbc8a532d596e830ccf4b5de,https://www.beneficiosbancognb.com.py/v2/beneficios/categorias/73,https://www.beneficiosbancognb.com.py/imagenes/961_bases-y-condiciones-impuestos-inmobiliarios-municipalidades.pdf,
423,Adidas,Días GNB,Todos los jueves hasta 25% de descuento + Hasta 6 cuotas sin intereses.,2026-11-26,Del 22 de enero al 26 de noviembre del 2026.,2026-11-26,"• 25% de descuento para pagos con tarjetas de crédito afinidades Black, Black Premier y Metalcard Premier del Banco GNB Paraguay los días jueves. • 20% de descuento para pagos con tarjetas de crédito afinidades Clàsicas, Oro, Experience, Platinum e Infinite del Banco GNB Paraguay los días jueves. • Hasta 6 cuotas sin intereses para pagos con tarjetas de crédito del Banco GNB Paraguay.","• Pagos realizados con tarjetas de crédito Banco GNB Paraguay S.A.E.C.A. • Pagos realizados con tarjetas de crédito física, Apple Pay, Google Pay y/o QR en POS adheridos a la procesadora . • No participan de la promoción las tarjetas de débito y crédito de afinidades Empresariales, Corporativas, Gift Card, Gourmet y Prepagas. • La promoción de cuotas sin intereses aplica todos los días durante el periodo de promoción. • La promoción de descuento aplica todos los jueves dentro del periodo de la promoción. • No acumulable con otras promociones. • Los reintegros serán reflejados de manera automática en el extracto del cliente, en un período de 24 a 48hs hábiles luego de la compra. • El descuento en caja no aplica en la compra de Gift Cards. • Tope de compra mensual: Gs. 1.500.000 (guaraníes un millón quinientos mil) para tarjetas de crédito Mastercard y Visa Clásicas, Oro Platinum e Infinite. y Gs. 3.000.000 (guaraníes tres millones) para tarjetas de crédito Mastercard Black, Black Premier y Metalcard Premier el cual aplica en forma conjunta a todos los locales de los comercios adheridos. • Los reclamos serán considerados válidos únicamente en base al último documento actualizado, el cual debe corresponder al que se encuentre vigente en la fecha de la compra reclamada.",2,87b984dbf042283a5828952dcee2145837fe4cfe08a9015b06fde14c037ed3ae,https://www.beneficiosbancognb.com.py/v2/beneficios/categorias/423,https://www.beneficiosbancognb.com.py/imagenes/4542_bases-y-condiciones-adidas-meta-sports-meta-women-meta-kids-360-sneaker-store-vans-002-.pdf,
362,Champs Elysees,Días GNB,Hasta 25% de descuento los jueves y viernes + Hasta 6 cuotas sin intereses todos los días.,2026-11-27,Del 08 de enero al 27 de noviembre del 2026.,2026-11-27,• Hasta 25% de descuento para pagos con tarjetas de crédito del Banco GNB Paraguay todos los jueves y viernes. 20% de descuento para pagos con tarjetas de crédito del Banco GNB Paraguay (5% en caja + 15% con tarjetas de crédito físicas). +5% de descuento adicional para pagos con QR con tarjetas de crédito a través de la App Banco GNB Personas. • Hasta 6 cuotas sin intereses todos los días para pagos con tarjetas de crédito del Banco GNB Paraguay.,"• Pagos realizados con tarjetas de crédito Banco GNB Paraguay S.A.E.C.A. • Pagos realizados con tarjetas de crédito física, Apple Pay, Google Pay y/o QR en POS adheridos a la procesadora . • No participan de la promoción las tarjetas de débito y crédito de afinidades Empresariales, Corporativas, Gift Card, Gourmet y Prepagas. • La promoción de descuento aplica todos los jueves y viernes dentro del periodo de la promoción. • La promoción de cuotas sin intereses aplica todos los días durante el periodo de promoción. • No acumulable con otras promociones. • El descuento en caja no aplica en la compra de Gift Cards y servicios de cabina como tratamientos faciales. • Tope de compra mensual: Gs. 2.000.000 (guaraníes dos millones) por cuenta de tarjeta de crédito (incluye titulares y adicionales), el cual aplica en forma conjunta a todos los locales de los comercios adheridos (Champs Elysees, O boticário, Isdin). • Los reintegros serán reflejados de manera automática en el extracto del cliente, en un período de 24 a 48hs hábiles luego de la compra. • Los reclamos serán considerados válidos únicamente en base al último documento actualizado, el cual debe corresponder al que se encuentre vigente en la fecha de la compra reclamada.",2,b2fdb5242a2660a3de34915b5ea1f7bfe0f95f92cef923c4cea99fc8e25370d9,https://www.beneficiosbancognb.com.py/v2/beneficios/categorias/362,https://www.beneficiosbancognb.com.py/imagenes/4278_bases-y-condiciones-champs-elysees-o-botic%C3%A1rio-isdin.pdf,
377,Supermercado Jullito,Días GNB,20% de descuento todos los lunes.,2026-11-28,Del 06 de julio al 28 de diciembre del 2026.,2026-12-28,• 20% de descuento para las tarjetas de crédito Mastercard del Banco GNB Paraguay.,"• Pagos realizados con tarjetas de crédito Mastercard Banco GNB Paraguay S.A.E.C.A. • Pagos realizados con tarjetas de crédito física, Apple Pay, Google Pay y/o QR en POS adheridos a la procesadora . • No participan de la promoción las tarjetas de débito y crédito Visa, de afinidades Empresariales, Corporativas, Gift Card, Gourmet y Prepagas. • No acumulable con otras promociones. • Tope de compra mensual: Gs. 1.000.000 (guaraníes un millón) por cuenta de tarjeta de crédito (incluye titulares y adicionales). • Promoción válida únicamente los lunes dentro del periodo de la promoción. • No aplica compras realizadas a través de plataformas de terceros. • Los reclamos serán considerados válidos únicamente en base al último documento actualizado, el cual debe corresponder al que se encuentre vigente en la fecha de la compra reclamada.",1,1d68ad5baa38b833cc089c169abf3b1a00c87d28d69e0a644c87a1e388bd52b1,https://www.beneficiosbancognb.com.py/v2/beneficios/categorias/377,https://www.beneficiosbancognb.com.py/imagenes/4366_bases-y-condiciones-supermercado-jullito-julio.pdf,pdf_card_end_date_mismatch
534,El Negro Suplementos,Días GNB,Hasta 45% de descuento + Hasta 6 cuotas sin intereses los días viernes.,2026-09-25,Del 03 de julio al 25 de septiembre del 2026.,2026-09-25,"• 45% de descuento para pagos con tarjetas de crédito Mastercard Clásicas, Oro, Black, Black Premier y Metalcard Premier del Banco GNB Paraguay en la Sucursal de Asunción. • 20% de descuento para pagos con tarjetas de crédito Mastercard Clásicas, Oro, Black, Black Premier y Metalcard Premier del Banco GNB Paraguay en la Sucursal de Ciudad del Este. • Hasta 6 cuotas sin intereses para pagos con tarjetas de crédito del Banco GNB Paraguay.","• Pagos realizados con tarjetas de crédito Mastercard Banco GNB Paraguay S.A.E.C.A. • Pagos realizados con tarjetas de crédito física, Apple Pay, Google Pay y/o QR en POS adheridos a la procesadora . • No participan de la promoción las tarjetas de débito, crédito; Visa, de afinidades Empresariales, Corporativas, Gift Card, Gourmet y Prepagas. • No acumulable con otras promociones. • La promoción aplica los días viernes dentro del periodo de vigencia de la promoción. • Tope de compra mensual: Gs. 1.000.000 (guaraníes un millón) por cuenta de tarjeta de crédito Incluye titulares y adicionales. • Los reclamos serán considerados válidos únicamente en base al último documento actualizado, el cual debe corresponder al que se encuentre vigente en la fecha de la compra reclamada.",1,bf927faf6b0c05a903783ad65b8a80249668f80bff676c30e7921eb8da53a396,https://www.beneficiosbancognb.com.py/v2/beneficios/categorias/534,https://www.beneficiosbancognb.com.py/imagenes/4919_bases-y-condiciones-el-negro-suplementos-julio.pdf,
157,Adelanto de efectivo,Cuotas sin intereses,Adelantá efectivo cuando lo necesites hasta en 12 cuotas sin intereses.,2026-12-31,Del 05 de enero al 31 de diciembre del 2026.,2026-12-31,,,2,c2ef0f23d613e63e319d500d057fed8c1394b7de390bcaf4bde79acc0da43c3a,https://www.beneficiosbancognb.com.py/v2/beneficios/categorias/157,https://www.beneficiosbancognb.com.py/imagenes/2293_bases-y-condiciones-adelanto-de-efectivo.pdf,nonstandard_sections
161,Burger King,Días GNB,Todos los jueves hasta 25% off,2026-12-31,Del 08 de enero al 31 de diciembre del 2026.,2026-12-31,"• 25% de reintegro para pagos con tarjetas de crédito afinidades Mastercard Black, Black Premier y Metalcard Premier; Visa Platinum e Infinite del Banco GNB Paraguay. • 20% de reintegro para pagos con tarjetas de crédito afinidades Mastercard Clásicas y Oro; Visa Clásicas, Oro y Experience del Banco GNB Paraguay. • 10% de reintegro para pagos con tarjetas prepagas del Banco GNB Paraguay.","• Pagos realizados con tarjetas de crédito y prepagas Banco GNB Paraguay S.A.E.C.A. • Pagos realizados con tarjetas de crédito física, Apple Pay, Google Pay y/o QR en POS adheridos a la procesadora . • El beneficio aplica los días jueves durante el periodo de la promoción. • No participan las tarjetas de débito y afinidades Empresariales, Corporativas, Gift Card y Gourmet. • Aplica única y exclusivamente para compras realizadas en locales, carry out, e-commerce y delivery directo de Burger King. No aplica para compras realizadas a través de plataformas de terceros. • Los reclamos serán considerados válidos únicamente en base al último documento actualizado, el cual debe corresponder al que se encuentre vigente en la fecha de la compra reclamada.",3,6a3a0056ea484f05e66b7be9397b5d82ced15e4c19049c037ac7f97fedd5c0b2,https://www.beneficiosbancognb.com.py/v2/beneficios/categorias/161,https://www.beneficiosbancognb.com.py/imagenes/4231_bases-y-condiciones-burger-king.pdf,
526,Supermercado AhorraMás,Días GNB,25% de reintegro los días jueves.,2026-12-31,Del 14 de enero al 31 de diciembre del 2026.,2026-12-31,"• 25% de reintegro para pagos con tarjetas de crédito Mastercard Clásicas, Oro, Black, Black Premier y Metalcard Premier del Banco GNB Paraguay.","• Pagos realizados con tarjetas de crédito Mastercard Banco GNB Paraguay S.A.E.C.A. • Pagos realizados con tarjetas de crédito física, Apple Pay, Google Pay y/o QR en POS adheridos a la procesadora . • No participan de la promoción las tarjetas de débito, crédito; Visa, de afinidades Empresariales, Corporativas, Gift Card, Gourmet y Prepagas. • No aplica a compras realizadas mediante delivery o plataformas de terceros. • No acumulable con otras promociones. • La promoción aplica todos los jueves dentro del periodo de vigencia de la promoción. • Tope de compra mensual: Gs. 1.000.000 (guaraníes un millón) por cuenta de tarjeta de crédito Incluye titulares y adicionales. • Los reclamos serán considerados válidos únicamente en base al último documento actualizado, el cual debe corresponder al que se encuentre vigente en la fecha de la compra reclamada.",1,ae23e16db7fb3656857eb1e4bea24135c7e81f356955128d6a4dbaba0f499b14,https://www.beneficiosbancognb.com.py/v2/beneficios/categorias/526,https://www.beneficiosbancognb.com.py/imagenes/5203_bases-y-condiciones-supermercado-ahorramas.pdf,
79,Nissei,Cuotas sin intereses,Hasta 12 cuotas sin intereses todos los días.,2026-12-31,Del 05 de enero al 31 de diciembre del 2026.,2026-12-31,• Hasta 12 cuotas sin intereses para pagos con tarjetas de crédito del Banco GNB Paraguay.,"• Pagos realizados con tarjetas de crédito Banco GNB Paraguay S.A.E.C.A. • Pagos realizados con tarjetas de crédito física, Apple Pay, Google Pay y/o QR en POS adheridos a la procesadora . • No participan de la promoción las tarjetas de débito, de afinidades Empresariales, Corporativas, Gift Card, Gourmet y Prepagas. • La promoción aplica todos los días durante el periodo de promoción. • No acumulable con otras promociones. • Los reclamos serán considerados válidos únicamente en base al último documento actualizado, el cual debe corresponder al que se encuentre vigente en la fecha de la compra reclamada.",1,c29460f2cde7973f2c049881c4d8f65f82c2ae2059d380914d3d28e10459897a,https://www.beneficiosbancognb.com.py/v2/beneficios/categorias/79,https://www.beneficiosbancognb.com.py/imagenes/1105_bases-y-condiciones-nissei.pdf,
322,Dermocosmética,Días GNB,Hasta 25% de reintegro + 3 cuotas sin intereses los días viernes y sábados.,2026-11-28,Del 09 de enero al 28 de noviembre del 2026.,2026-11-28,"• 25% de reintegro para pagos vía QR con tarjetas de crédito Mastercard afinidades Black, Black Premier y Metalcard Premier del Banco GNB Paraguay. • 20% de reintegro para pagos con tarjetas de crédito Mastercard afinidades Black, Black Premier y Metalcard Premier del Banco GNB Paraguay. • Hasta 3 cuotas sin intereses para pagos con tarjetas de crédito Mastercard afinidades Black, Black Premier y Metalcard Premier del Banco GNB Paraguay.","• Exclusivo para pagos realizados con tarjetas de crédito Mastercard del Banco GNB Paraguay S.A.E.C.A. • Pagos realizados con tarjetas de crédito física, Apple Pay, Google Pay y/o QR en POS adheridos a la procesadora . • No participan de la promoción las tarjetas de débito; tarjetas de crédito marca VISA; afinidades Empresariales, Corporativas, Gift Card y Gourmet Card. • Beneficio aplica única y exclusivamente los días Viernes y Sábado durante el periodo de la promoción. • Beneficio no acumulable con otras promociones. • Tope de compra mensual en el conjunto de locales adheridos: Gs. 1.500.000 (guaranies un millón quinientos mil) por cuenta de tarjeta de crédito (incluye titulares y adicionales). • Los reclamos serán considerados válidos únicamente en base al último documento actualizado, el cual debe corresponder al que se encuentre vigente en la fecha de la compra reclamada.",1,76e73c56e3e3c1a5b3f456acee98c5b94495958e01788db7709bc10d895dc738,https://www.beneficiosbancognb.com.py/v2/beneficios/categorias/322,https://www.beneficiosbancognb.com.py/imagenes/4152_bases-y-condiciones-bienestar-y-belleza-dermocosm%C3%A9tica-oct.pdf,
579,Puma,Días GNB,25% off los jueves y viernes + 6 cuotas sin intereses,2026-11-27,Del 22 de enero al 27 de noviembre del 2026.,2026-11-27,"• 25% de descuento para pagos con tarjetas de crédito afinidades Black, Black Premier y Metalcard Premier del Banco GNB Paraguay los días jueves y viernes. • 20% de descuento para pagos con tarjetas de crédito afinidades Clàsicas, Oro, Experience, Platinum e Infinite del Banco GNB Paraguay los días jueves y viernes. • Hasta 6 cuotas sin intereses para pagos con tarjetas de crédito del Banco GNB Paraguay.","• Pagos realizados con tarjetas de crédito Banco GNB Paraguay S.A.E.C.A. • Pagos realizados con tarjetas de crédito física, Apple Pay, Google Pay y/o QR en POS adheridos a la procesadora . • No participan de la promoción las tarjetas de débito y crédito de afinidades Empresariales, Corporativas, Gift Card, Gourmet y Prepagas. • La promoción de cuotas sin intereses aplica todos los días durante el periodo de promoción. • La promoción de descuento aplica todos los Jueves y Viernes dentro del periodo de la promoción. • No acumulable con otras promociones. • Los reintegros serán reflejados de manera automática en el extracto del cliente, en un período de 24 a 48hs hábiles luego de la compra. • El descuento en caja no aplica en la compra de Gift Cards. • Se excluyen de la promoción productos de la APF, Cerro Porteño, Olimpia y Libertad. • Tope de compra mensual: Gs. 1.500.000 (guaraníes un millón quinientos mil) para tarjetas de crédito Mastercard y Visa Clásicas, Oro Platinum e Infinite. y Gs. 3.000.000 (guaraníes tres millones) para tarjetas de crédito Mastercard Black, Black Premier y Metalcard Premier. • Los reclamos serán considerados válidos únicamente en base al último documento actualizado, el cual debe corresponder al que se encuentre vigente en la fecha de la compra reclamada.",3,246e0cb9de907eb5055ba296e58fbad623ba6cdd471b9de4161b3fba894f2a65,https://www.beneficiosbancognb.com.py/v2/beneficios/categorias/579,https://www.beneficiosbancognb.com.py/imagenes/3638_bases-y-condiciones-kemsa.pdf,
432,Avenida Autocentro,Días GNB,30% de descuento + Hasta 12 cuotas sin intereses todos los días.,2026-12-31,Del 03 de julio al 31 de diciembre del 2026.,2026-12-31,"• 30% de descuento para pagos con tarjetas de crédito Mastercard Clásicas, Oro, Black, Black Premier y Metalcard Premier del Banco GNB Paraguay. • Hasta 12 cuotas sin intereses para tarjetas de crédito Mastercard Clásicas, Oro, Black, Black Premier y Metalcard Premier del Banco GNB Paraguay.","• Pagos realizados con tarjetas de crédito Mastercard Banco GNB Paraguay S.A.E.C.A. • Pagos realizados con tarjetas de crédito física, Apple Pay, Google Pay y/o QR en POS adheridos a la procesadora . • No participan de la promoción las tarjetas de débito y crédito; Visa, de afinidades Empresariales, Corporativas, Gift Card, Gourmet y Prepagas. • No aplica para pagos realizados a través de plataformas de terceros y/o e-commerce. • No acumulable con otras promociones. • Descuento aplica única y exclusivamente para compras de cubiertas y otros productos, no así para servicios (alineación, balanceo, etc). • La promoción aplica todos los días dentro del periodo de vigencia de la promoción. • Tope de compra mensual: Gs. 3.000.000 (guaraníes tres millones) por cuenta de tarjeta de crédito Incluye titulares y adicionales. • Los reclamos serán considerados válidos únicamente en base al último documento actualizado, el cual debe corresponder al que se encuentre vigente en la fecha de la compra reclamada.",1,e1f8aea15f10ccd88bd485ef5a6f28db94b2851dddfaba746f751f90ba235e41,https://www.beneficiosbancognb.com.py/v2/beneficios/categorias/432,https://www.beneficiosbancognb.com.py/imagenes/4585_bases-y-condiciones-avenida-autocentro-004-.pdf,
297,Drugstore Asismed,Días GNB,Hasta 32% off + 10% de reintegro adicional,2026-12-31,Del 01 de enero al 30 de junio del 2026.,2026-06-30,"• 10% de reintegro adicional para pagos con tarjetas de crédito Mastercard afinidades Clásicas, Oro, Black, Black Premier y Metalcard Premier del Banco GNB Paraguay. • Hasta 12 cuotas sin intereses para pagos con tarjetas de crédito del Banco GNB Paraguay.","• Pagos realizados con tarjetas de crédito Mastercard Banco GNB Paraguay S.A.E.C.A. • Pagos realizados con tarjetas de crédito física, Apple Pay, Google Pay y/o QR en POS adheridos a la procesadora . • No participan de la promoción las tarjetas de débito y crédito de afinidades Visa, Empresariales, Corporativas, Gift Card, Gourmet y Prepagas. • Aplica todos los días dentro del periodo de la promoción. • No acumulable con otras promociones. • Tope de compra mensual: Gs. 1.000.000 (guaraníes un millón) por cuenta de tarjeta de crédito incluye (titulares + adicionales). Aplica en forma conjunta de todos los locales del comercio y delivery directo del Drugstore Asismed. • Los reintegros serán reflejados de manera automática en el extracto del cliente, en un período de 24 a 48hs hábiles luego de la compra. • No aplica a compras vía web. • Los reclamos serán considerados válidos únicamente en base al último documento actualizado, el cual debe corresponder al que se encuentre vigente en la fecha de la compra reclamada.",1,008f1bfe0b70bf177e9fad05f69a3a91886c46999da37dda1b040239eb8df179,https://www.beneficiosbancognb.com.py/v2/beneficios/categorias/297,https://www.beneficiosbancognb.com.py/imagenes/4081_bases-y-condiciones-drugstore-asismed.pdf,pdf_card_end_date_mismatch
234,Casa Paraná,Días GNB,25% de descuento todos los sábados.,2026-11-28,Del 10 de enero al 28 de noviembre del 2026.,2026-11-28,"• 25% de descuento los sábados para tarjetas de crédito Mastercard Clásicas, Oro, Black, Black Premier y Metalcard Premier con un tope de compra de Gs. 1.000.000.","• Pagos realizados con tarjetas de crédito Banco GNB Paraguay S.A.E.C.A. • Pagos realizados con tarjetas de crédito física, Apple Pay, Google Pay y/o QR en POS adheridos a la procesadora . • No participan de la promoción las tarjetas de débito y crédito Visa y de afinidades Empresariales, Corporativas, Gift Card, Gourmet y Prepagas. • La promoción de descuento aplica todos los sábados dentro del periodo de la promoción. • No acumulable con otras promociones. • Los reintegros serán reflejados de manera automática en el extracto del cliente, en un período de 24 a 48hs hábiles luego de la compra. • Tope de compra mensual de Gs. 1.000.000, siendo Gs. 250.000 el tope de reintegro. • Los reclamos serán considerados válidos únicamente en base al último documento actualizado, el cual debe corresponder al que se encuentre vigente en la fecha de la compra reclamada.",2,a470bbcbda9cb944481c61ab608e28951552e5f3f4898294d61e99d8af6f2778,https://www.beneficiosbancognb.com.py/v2/beneficios/categorias/234,https://www.beneficiosbancognb.com.py/imagenes/3648_bases-y-condiciones-casa-paran%C3%A1.pdf,
566,Mi Portal Coca Cola,Días GNB,20% de descuento los lunes,2026-12-28,Del 8 de junio al 28 de diciembre del 2026.,2026-12-28,"• 20% de des cuento para pagos con tarjetas de crédito Mastercard Clásicas, Oro, Black, Black Premier y Metalcard Premier del Banco GNB Paraguay.","• Pagos realizados con tarjetas de crédito Mastercard Banco GNB Paraguay S.A.E.C.A. • Pagos realizados con tarjetas de crédito física, Apple Pay, Google Pay y/o QR en POS adheridos a la procesadora y aplica también a pagos desde la web. • No participan de la promoción las tarjetas de débito y crédi to; Visa, de af inidades Empresariales, Corporativas, Gift Card, Gourmet y Prepagas. • La promoción apli ca todos los lunes dentro del periodo de la promoción • No aplica para pagos realizados a través de plataformas de terceros. • No acumu lable con otras promociones. • Los reintegros serán reflejados de manera au tomát ica en el extracto del cl ient e, en un período de 24 a 48hs hábiles luego de la compra. • Tope de compra mensual: Gs. 1.000.000 (guaraníes un millón) por cu enta de tarjeta de crédi to Incluye titulares y adicional es. • Los reclamos serán considerados válidos únicament e en base al últ imo documento actual izado, el cu al debe corresponder al que se en cuen tre vigente en la fecha de la compra reclamada.",1,2129b2288cf9ebed385047fd790e4b292785360e970cc34ada526b9a3dbaa442,https://www.beneficiosbancognb.com.py/v2/beneficios/categorias/566,https://www.beneficiosbancognb.com.py/imagenes/5030_gnb-byc-mi-portal-coca-cola.pdf,
34,New Balance,Días GNB,Hasta 25% de descuento los viernes + 6 cuotas sin intereses todos los días,2026-11-27,Del 23 de enero al 27 de noviembre del 2026.,2026-11-27,"• 25% de descuento para pagos con tarjetas de crédito afinidades Black, Black Premier y Metalcard Premier del Banco GNB Paraguay los días viernes. • 20% de descuento para pagos con tarjetas de crédito afinidades Clàsicas, Oro, Experience, Platinum e Infinite del Banco GNB Paraguay los días viernes. • Hasta 6 cuotas sin intereses para pagos con tarjetas de crédito del Banco GNB Paraguay.","• Pagos realizados con tarjetas de crédito Banco GNB Paraguay S.A.E.C.A. • Pagos realizados con tarjetas de crédito física, Apple Pay, Google Pay y/o QR en POS adheridos a la procesadora . • No participan de la promoción las tarjetas de débito y crédito de afinidades Empresariales, Corporativas, Gift Card, Gourmet y Prepagas. • La promoción de cuotas sin intereses aplica todos los días durante el periodo de promoción. • La promoción de descuento aplica todos los viernes dentro del periodo de la promoción. • No acumulable con otras promociones. • Los reintegros serán reflejados de manera automática en el extracto del cliente, en un período de 24 a 48hs hábiles luego de la compra. • El descuento en caja no aplica en la compra de Gift Cards. • Descuento no aplica a compras e-commerce. • Tope de compra mensual: Gs. 1.500.000 (guaraníes un millón quinientos mil) para tarjetas de crédito Mastercard y Visa Clásicas, Oro Platinum e Infinite. y Gs. 3.000.000 (guaraníes tres millones) para tarjetas de crédito Mastercard Black, Black Premier y Metalcard Premier el cual aplica en forma conjunta a todos los locales de los comercios adheridos. • Los reclamos serán considerados válidos únicamente en base al último documento actualizado, el cual debe corresponder al que se encuentre vigente en la fecha de la compra reclamada.",2,7e58b8f64f3f2d5e26ef105bc1c919dd197d629fdd73b4c5454a6660c45e795c,https://www.beneficiosbancognb.com.py/v2/beneficios/categorias/34,https://www.beneficiosbancognb.com.py/imagenes/5034_bases-y-condiciones-optima-agosto.pdf,
266,Safebag,Días GNB,Embalajes con reintegro.,2026-12-31,Del 28 de enero al 31 de diciembre del 2026.,2026-12-31,"• Hasta 1 embalaje* con 50% de reintegro por mes para tarjetas de crédito Mastercard Black. • Hasta 2 embalajes* con 50% de reintegro por mes para tarjetas de crédito Mastercard Black Premier. • Hasta 2 embalajes* sin costo por mes para tarjetas de crédito Mastercard Metalcard Premier. *Para acceder al beneficio deberá abonar el servicio necesariamente con su tarjeta de crédito, el mismo aplica por cuenta de tarjeta (incluye titulares y adicionales).","• Pagos realizados con tarjetas de crédito Mastercard Banco GNB Paraguay S.A.E.C.A. • Pagos realizados con tarjetas de crédito física, Apple Pay, Google Pay y/o QR en POS adheridos a la procesadora . • No participan de la promoción las tarjetas de débito y crédito Visa de afinidades Empresariales, Corporativas, Gift Card, Gourmet y Prepagas. • Beneficio válido todos los días dentro del periodo de la promoción. • No acumulable con otras promociones. • Los reclamos serán considerados válidos únicamente en base al último documento actualizado, el cual debe corresponder al que se encuentre vigente en la fecha de la compra reclamada.",1,caa307e3e0a20020db73513d13946a801c2c044367e01352430c65bfbddc31e4,https://www.beneficiosbancognb.com.py/v2/beneficios/categorias/266,https://www.beneficiosbancognb.com.py/imagenes/3794_bases-y-condiciones-safebag.pdf,
181,360 Sneaker Store,Días GNB,Todos los jueves hasta 25% de descuento + Hasta 6 cuotas sin intereses.,2026-11-26,Del 22 de enero al 26 de noviembre del 2026.,2026-11-26,"• 25% de descuento para pagos con tarjetas de crédito afinidades Black, Black Premier y Metalcard Premier del Banco GNB Paraguay los días jueves. • 20% de descuento para pagos con tarjetas de crédito afinidades Clàsicas, Oro, Experience, Platinum e Infinite del Banco GNB Paraguay los días jueves. • Hasta 6 cuotas sin intereses para pagos con tarjetas de crédito del Banco GNB Paraguay.","• Pagos realizados con tarjetas de crédito Banco GNB Paraguay S.A.E.C.A. • Pagos realizados con tarjetas de crédito física, Apple Pay, Google Pay y/o QR en POS adheridos a la procesadora . • No participan de la promoción las tarjetas de débito y crédito de afinidades Empresariales, Corporativas, Gift Card, Gourmet y Prepagas. • La promoción de cuotas sin intereses aplica todos los días durante el periodo de promoción. • La promoción de descuento aplica todos los jueves dentro del periodo de la promoción. • No acumulable con otras promociones. • Los reintegros serán reflejados de manera automática en el extracto del cliente, en un período de 24 a 48hs hábiles luego de la compra. • El descuento en caja no aplica en la compra de Gift Cards. • Tope de compra mensual: Gs. 1.500.000 (guaraníes un millón quinientos mil) para tarjetas de crédito Mastercard y Visa Clásicas, Oro Platinum e Infinite. y Gs. 3.000.000 (guaraníes tres millones) para tarjetas de crédito Mastercard Black, Black Premier y Metalcard Premier el cual aplica en forma conjunta a todos los locales de los comercios adheridos. • Los reclamos serán considerados válidos únicamente en base al último documento actualizado, el cual debe corresponder al que se encuentre vigente en la fecha de la compra reclamada.",2,87b984dbf042283a5828952dcee2145837fe4cfe08a9015b06fde14c037ed3ae,https://www.beneficiosbancognb.com.py/v2/beneficios/categorias/181,https://www.beneficiosbancognb.com.py/imagenes/3058_bases-y-condiciones-adidas-meta-sports-meta-women-meta-kids-360-sneaker-store-vans-002-.pdf,
20,Compras en el exterior,Cuotas sin intereses,Hasta 6 cuotas CON INTERESES para compras en el exterior,2026-12-31,Del 05 de enero al 31 de diciembre del 2026.,2026-12-31,• Hasta 6 cuotas CON INTERESES. El cliente puede solicitar el fraccionamiento entre 2 a 6 cuotas. • Monto mínimo de compra para solicitar la financiación Gs. 1.000.000 (guaraníes un millón) equivalente a una sola compra. Observaciones: A las cuotas se le aplica la tasa de interés vigente según tarifario. (Consultar tasas de y tarifas vigentes en www.bancognb.com.py) El monto de la cuota ingresa en su totalidad en el Pago mínimo de cada periodo.,"• Pagos realizados con tarjetas de crédito Banco GNB Paraguay S.A.E.C.A. • Compras en el Extranjero. Compras en páginas web extranjeras. • No participan de la promoción las tarjetas de débito y crédito afinidades Empresariales, Corporativas, Gift Card, Gourmet y Prepagas. • Beneficio puede ser solicitado antes del cierre del extracto de tarjeta de crédito. • Los reclamos serán considerados válidos únicamente en base al último documento actualizado, el cual debe corresponder al que se encuentre vigente en la fecha de la compra reclamada.",1,0c5b0d45b1a1ba4c717d89409bee558dc56364b59495be91d79d0c48cd979936,https://www.beneficiosbancognb.com.py/v2/beneficios/categorias/20,https://www.beneficiosbancognb.com.py/imagenes/3684_bases-y-condiciones-compras-en-el-exterior.pdf,interest_bearing
387,Bristol,Cuotas sin intereses,Hasta 12 cuotas sin intereses todos los días.,2026-12-31,Del 05 de enero al 31 de diciembre del 2026.,2026-12-31,• Hasta 12 cuotas sin intereses para pagos con tarjetas de crédito del Banco GNB Paraguay.,"• Pagos realizados con tarjetas de crédito Banco GNB Paraguay S.A.E.C.A. • Pagos realizados con tarjetas de crédito física, Apple Pay, Google Pay y/o QR en POS adheridos a la procesadora . • No participan de la promoción las tarjetas de débito, de afinidades Empresariales, Corporativas, Gift Card, Gourmet y Prepagas. • La promoción aplica todos los días durante el periodo de promoción. • No acumulable con otras promociones. • Los reclamos serán considerados válidos únicamente en base al último documento actualizado, el cual debe corresponder al que se encuentre vigente en la fecha de la compra reclamada.",1,206f28c4cd9b4d3c35a2bb47b527761488b23353585d9c780e265627463b3f4d,https://www.beneficiosbancognb.com.py/v2/beneficios/categorias/387,https://www.beneficiosbancognb.com.py/imagenes/4580_bases-y-condiciones-bristol.pdf,
264,El Molinillo,Días GNB,Todos los días 20% de reintegro.,2026-12-31,Del 01 de enero al 31 de diciembre del 2026.,2026-12-31,• 20% de reintegro para pagos realizados con las tarjetas de crédito Mastercard del Banco GNB Paraguay.,"• Pagos realizados con tarjetas de crédito Mastercard del Banco GNB Paraguay S.A.E.C.A. • Pagos realizados con tarjetas de crédito físicas, Apple Pay, Google Pay y/o QR en POS adheridos a la procesadora • Pagos realizados en todas las sucursales de El Molinillo. • No participan de la promoción las tarjetas débito y crédito Visa, de afinidades Empresariales, Corporativas, Gift Card, Gourmet Card y Prepagas. • No acumulable con otras promociones. • Beneficio valido todos los días dentro del periodo de la promoción. • No aplica para pagos realizado a través de plataformas de terceros. • Tope de compra mensual: Gs 1.000.000 (guaraníes un millón) por cuenta de tarjeta de crédito (Incluye titulares y adicionales) equivalente a un reintegro máximo mensual en el extracto de Gs 200.000 (guaraníes doscientos mil) pagos con tarjetas de crédito Banco GNB Mastercard. • Los reintegros serán reflejados de manera automática en el extracto del cliente, en un período de 24 a 48hs hábiles luego de la compra. • Los reclamos serán considerados válidos únicamente en base al último documento actualizado, el cual debe corresponder al que se encuentre vigente en la fecha de la compra reclamada.",1,b721cd2140744c0442060047edbc815b11badf1f3a9da69a3e450a4d5642ee1d,https://www.beneficiosbancognb.com.py/v2/beneficios/categorias/264,https://www.beneficiosbancognb.com.py/imagenes/3904_bases-y-condiciones-el-molinillo-julio.pdf,
272,Centros de Enseñanzas,Cuotas sin intereses,Hasta 12 cuotas sin intereses todos los días.,2026-12-31,Del 05 de enero al 31 de diciembre del 2026.,2026-12-31,• Hasta 12 cuotas sin intereses para pagos con tarjetas de crédito del Banco GNB Paraguay.,"• Pagos realizados con tarjetas de crédito Banco GNB Paraguay S.A.E.C.A. • Pagos realizados con tarjetas de crédito física, Apple Pay, Google Pay y/o QR en POS adheridos a la procesadora . • No participan de la promoción las tarjetas de débito, de afinidades Empresariales, Corporativas, Gift Card, Gourmet y Prepagas. • La promoción aplica todos los días durante el periodo de promoción. • No acumulable con otras promociones. • Los reclamos serán considerados válidos únicamente en base al último documento actualizado, el cual debe corresponder al que se encuentre vigente en la fecha de la compra reclamada.",10,14192550296d1670566b2e94f53c2ec145a9eabed0afe6afbeac92d268ecb0b3,https://www.beneficiosbancognb.com.py/v2/beneficios/categorias/272,https://www.beneficiosbancognb.com.py/imagenes/3820_bases-y-condiciones-centros-de-ense%C3%B1anzas.pdf,
582,Sport House,Días GNB,25% off los jueves y viernes + 6 cuotas sin intereses,2026-11-27,Del 22 de enero al 27 de noviembre del 2026.,2026-11-27,"• 25% de descuento para pagos con tarjetas de crédito afinidades Black, Black Premier y Metalcard Premier del Banco GNB Paraguay los días jueves y viernes. • 20% de descuento para pagos con tarjetas de crédito afinidades Clàsicas, Oro, Experience, Platinum e Infinite del Banco GNB Paraguay los días jueves y viernes. • Hasta 6 cuotas sin intereses para pagos con tarjetas de crédito del Banco GNB Paraguay.","• Pagos realizados con tarjetas de crédito Banco GNB Paraguay S.A.E.C.A. • Pagos realizados con tarjetas de crédito física, Apple Pay, Google Pay y/o QR en POS adheridos a la procesadora . • No participan de la promoción las tarjetas de débito y crédito de afinidades Empresariales, Corporativas, Gift Card, Gourmet y Prepagas. • La promoción de cuotas sin intereses aplica todos los días durante el periodo de promoción. • La promoción de descuento aplica todos los Jueves y Viernes dentro del periodo de la promoción. • No acumulable con otras promociones. • Los reintegros serán reflejados de manera automática en el extracto del cliente, en un período de 24 a 48hs hábiles luego de la compra. • El descuento en caja no aplica en la compra de Gift Cards. • Se excluyen de la promoción productos de la APF, Cerro Porteño, Olimpia y Libertad. • Tope de compra mensual: Gs. 1.500.000 (guaraníes un millón quinientos mil) para tarjetas de crédito Mastercard y Visa Clásicas, Oro Platinum e Infinite. y Gs. 3.000.000 (guaraníes tres millones) para tarjetas de crédito Mastercard Black, Black Premier y Metalcard Premier. • Los reclamos serán considerados válidos únicamente en base al último documento actualizado, el cual debe corresponder al que se encuentre vigente en la fecha de la compra reclamada.",3,246e0cb9de907eb5055ba296e58fbad623ba6cdd471b9de4161b3fba894f2a65,https://www.beneficiosbancognb.com.py/v2/beneficios/categorias/582,https://www.beneficiosbancognb.com.py/imagenes/3638_bases-y-condiciones-kemsa.pdf,
52,Tonina,Días GNB,20% off todos los miércoles + 12 cuotas sin intereses todos los días.,2026-12-30,,,,,1,d560f262643a02f8754890596380e09aeb624c36595332ce98264e425d5727b5,https://www.beneficiosbancognb.com.py/v2/beneficios/categorias/52,https://www.beneficiosbancognb.com.py/imagenes/2543_bases-y-condiciones-tonina-julio.pdf,nonstandard_sections
436,Patrol Jeans,Días GNB,Hasta 25% de descuento + hasta 6 cuotas sin intereses.,2026-11-27,Del 08 de enero al 27 de noviembre del 2026.,2026-11-27,"• 25% de descuento para pagos con las tarjetas de crédito Mastercard Black, Black Premier y Metalcard Premier del Banco GNB Paraguay. • 20% de descuento para pagos con tarjetas de crédito afinidades Clásicas, Oro, Experience, Platinum e Infinite del Banco GNB Paraguay. • Hasta 6 cuotas sin intereses para pagos con tarjetas de crédito del Banco GNB Paraguay.","• Pagos realizados con tarjetas de crédito Banco GNB Paraguay S.A.E.C.A. • Pagos realizados con tarjetas de crédito física, Apple Pay, Google Pay y/o QR en POS adheridos a la procesadora . • No participan de la promoción las tarjetas de débito y crédito, de afinidades Empresariales, Corporativas, Gift Card, Gourmet y Prepagas. • No aplica para pagos realizados a través de plataformas de terceros y/o e-commerce. • No acumulable con otras promociones. • La promoción de cuotas sin intereses aplica todos los días durante el periodo de promoción. • La promoción de descuento aplica todos los Jueves y Viernes dentro del periodo de la promoción. • Tope de compra mensual: Gs. 1.000.000 (guaraníes un millón) por cuenta de tarjeta de crédito (incluye titulares y adicionales). • Los reclamos serán considerados válidos únicamente en base al último documento actualizado, el cual debe corresponder al que se encuentre vigente en la fecha de la compra reclamada.",2,0ebb03a26368fb0a9039d13f004c3c88f035ab77ef920092b46249e9761920ec,https://www.beneficiosbancognb.com.py/v2/beneficios/categorias/436,https://www.beneficiosbancognb.com.py/imagenes/4598_bases-y-condiciones-patrol-jeans.pdf,
451,Subway,Días GNB,Hasta 25% de reintegro de lunes a viernes.,2026-12-31,Del 01 de julio al 31 de diciembre del 2026.,2026-12-31,"• 25% de reintegro para tarjetas de crédito afinidades MasterCard Black, Black Premier y Metalcard Premier; Visa Platinum e Infinite del Banco GNB Paraguay. • 20% de reintegro para tarjetas de crédito afinidades Mastercard Clásicas y Oro; Visa Clásicas, Oro y Experience del Banco GNB Paraguay. • 10% de reintegro para pagos con tarjetas prepagas del Banco GNB Paraguay.","• Pagos realizados con tarjetas de crédito y prepagas Banco GNB Paraguay S.A.E.C.A. • Pagos realizados con tarjetas de crédito física, Apple Pay, Google Pay y/o QR en POS adheridos a la procesadora . • El beneficio aplica de Lunes a Viernes durante el periodo de la promoción. • No participan las tarjetas de débito y afinidades Empresariales, Corporativas, Gift Card y Gourmet. • Aplica única y exclusivamente para compras realizadas en locales, carry out, e-commerce y delivery directo de Subway. No aplica para compras realizadas a través de plataformas de terceros. • Tope de compra mensual: Gs. 600.000 (guaranies seiscientos mil) por cuenta de tarjeta de crédito (incluye titulares y adicionales). • Los reclamos serán considerados válidos únicamente en base al último documento actualizado, el cual debe corresponder al que se encuentre vigente en la fecha de la compra reclamada.",1,f4de9b30873aaf520d3e064cf2171fa766e59c75ef4e9ce343788a5a3f3cc16f,https://www.beneficiosbancognb.com.py/v2/beneficios/categorias/451,https://www.beneficiosbancognb.com.py/imagenes/4642_bases-y-condiciones-subway-julio.pdf,
533,Meyer Lab,Días GNB,20% de reintegro + Hasta 12 cuotas sin intereses de lunes a sábados.,2026-12-31,Del 27 de marzo al 31 de diciembre del 2026.,2026-12-31,• 20% de reintegro para pagos con tarjetas de crédito Mastercard del Banco GNB Paraguay. • Hasta 12 cuotas sin intereses para pagos con tarjetas de crédito del Banco GNB Paraguay.,"• Pagos realizados con tarjetas de crédito Mastercard Banco GNB Paraguay S.A.E.C.A. • Pagos realizados con tarjetas de crédito física, Apple Pay, Google Pay y/o QR en POS adheridos a la procesadora . • No participan de la promoción las tarjetas de débito, de afinidades Empresariales, Corporativas, Gift Card, Gourmet y Prepagas. • La promoción aplica los días de lunes a sábados durante el periodo de promoción. • No acumulable con otras promociones. • Tope de compra mensual: Gs. 500.000 (guaraníes quinientos mil) por cuenta de tarjeta de crédito (Incluye titulares y adicionales). • Los reclamos serán considerados válidos únicamente en base al último documento actualizado, el cual debe corresponder al que se encuentre vigente en la fecha de la compra reclamada.",1,cd41a25643ac0db2cce82bce076032bb42b6c01a628d884ae28d0e0d2868e3fd,https://www.beneficiosbancognb.com.py/v2/beneficios/categorias/533,https://www.beneficiosbancognb.com.py/imagenes/4917_bases-y-condiciones-meyer-lab-004-.pdf,
584,Rondina,Días GNB,Hasta 25% de descuento + Hasta 6 cuotas sin intereses.,2026-11-26,Del 03 de septiembre al 26 de noviembre del 2026.,2026-11-26,"• 25% de descuento para pagos con tarjetas de crédito afinidades Black, Black Premier y Metalcard Premier del Banco GNB Paraguay. • 20% de descuento para pagos con tarjetas de crédito afinidades Clásicas, Oro, Experience, Platinum e Infinite del Banco GNB Paraguay. • Hasta 6 cuotas sin intereses todos los días para pagos con tarjetas de crédito del Banco GNB Paraguay.","• Pagos realizados con tarjetas de crédito Banco GNB Paraguay S.A.E.C.A. • Pagos realizados con tarjetas de crédito física, Apple Pay, Google Pay y/o QR en POS adheridos a la procesadora . • El beneficio de descuento aplica únicamente el primer y último jueves de cada mes durante el periodo de promoción. • El beneficio de cuotas sin intereses aplica todos los días durante el periodo de promoción. • No participan de la promoción las tarjetas de débito y crédito de afinidades Empresariales, Corporativas, Gift Card, Gourmet y Prepagas. • No acumulable con otras promociones. • Los reintegros serán reflejados de manera automática en el extracto del cliente, en un período de 24 a 48hs hábiles luego de la compra. • El descuento en caja no aplica en la compra de Gift Cards. • Tope de compra mensual: Gs. 2.000.000 (guaraníes dos millones) por cuenta de tarjeta de crédito (incluye titulares y adicionales), el cual aplica en forma conjunta a todos los locales de los comercios adheridos. • Los reclamos serán considerados válidos únicamente en base al último documento actualizado, el cual debe corresponder al que se encuentre vigente en la fecha de la compra reclamada.",3,9f3b6b515448ddf4e8fd74c922a89a2cd4abce3b953fb164cbcde4107b31adff,https://www.beneficiosbancognb.com.py/v2/beneficios/categorias/584,https://www.beneficiosbancognb.com.py/imagenes/4835_bases-y-condiciones-eneache-rondina-rdn-estilo-sur.pdf,
474,Springfield,Días GNB,Hasta 25% de descuento los jueves y viernes + Hasta 6 cuotas sin intereses todos los días.,2026-11-27,Del 03 de septiembre al 27 de noviembre del 2026.,2026-11-27,• Hasta 25% de descuento para pagos con tarjetas de crédito del Banco GNB Paraguay todos los jueves y viernes. 20% de descuento para pagos con tarjetas de crédito del Banco GNB Paraguay (5% en caja + 15% con tarjetas de crédito físicas). +5% de descuento adicional para pagos con QR con tarjetas de crédito a través de la App Banco GNB Personas. • Hasta 6 cuotas sin intereses todos los días para pagos con tarjetas de crédito del Banco GNB Paraguay.,"• Pagos realizados con tarjetas de crédito Banco GNB Paraguay S.A.E.C.A. • Pagos realizados con tarjetas de crédito física, Apple Pay, Google Pay y/o QR en POS adheridos a la procesadora . • No participan de la promoción las tarjetas de débito y crédito de afinidades Empresariales, Corporativas, Gift Card, Gourmet y Prepagas. • La promoción de descuento aplica todos los jueves y viernes dentro del periodo de la promoción. • La promoción de cuotas sin intereses aplica todos los días durante el periodo de promoción. • No acumulable con otras promociones. • Tope de compra mensual: Gs. 2.500.000 (guaraníes dos millones quinientos mil) por cuenta de tarjeta de crédito (incluye titulares y adicionales), el cual aplica en forma conjunta a todos los locales de los comercios adheridos (Springfield, Women Secret, Forever 21, Jack & Jones). • El descuento en caja no aplica en la compra de Gift Cards. • Los reintegros serán reflejados de manera automática en el extracto del cliente, en un período de 24 a 48hs hábiles luego de la compra. • Los reclamos serán considerados válidos únicamente en base al último documento actualizado, el cual debe corresponder al que se encuentre vigente en la fecha de la compra reclamada.",2,c54704675bb77482f7534b7b8d03e2a0dc3bc8b8f68dd591128a1eddcc4f5c80,https://www.beneficiosbancognb.com.py/v2/beneficios/categorias/474,https://www.beneficiosbancognb.com.py/imagenes/4260_bases-y-condiciones-springfield-women-secret-forever-21-jack-jones-septiembre.pdf,
477,Malandras Grill,Días GNB,30% de reintegro de miércoles a domingos.,2026-11-01,Del 22 de abril al 1 de noviembre del 2026.,2026-11-01,"• 30% de reintegro para pagos con tarjetas de crédito Mastercard afinidades Black, Black Premier y Metalcard Premier y Visa afinidades Platinum e Infinite Premier del Banco GNB Paraguay.","• Exclusivo para pagos realizados con tarjetas de crédito del Banco GNB Paraguay S.A.E.C.A. • Pagos realizados con tarjetas de crédito física, Apple Pay, Google Pay y/o QR en POS adheridos a la procesadora . • No participan de la promoción las tarjetas de débito; tarjetas de crédito Clásicas y Oro; afinidades Empresariales, Corporativas, Gift Card, Gourmet Card y Prepagas . • La promoción aplica de miércoles a domingos dentro del periodo de vigencia de la promoción. • Beneficio no acumulable con otras promociones. • No aplica para pagos realizados a través de plataformas de terceros (Pedidos Ya, Monchis, entre otros) y/o e- commerce. • Tope de compra mensual: Gs. 2.000.000 (guaranies dos millones) por cuenta de tarjeta de crédito (incluye titulares y adicionales). • Los reclamos serán considerados válidos únicamente en base al último documento actualizado, el cual debe corresponder al que se encuentre vigente en la fecha de la compra reclamada.",1,aef3e50ec0b8c2abe71ba79504cafdf782173ed407bd12cb592a91e114795605,https://www.beneficiosbancognb.com.py/v2/beneficios/categorias/477,https://www.beneficiosbancognb.com.py/imagenes/4719_bases-y-condiciones-malandras-grill.pdf,
431,Asado Benitez,Días GNB,20% de reintegro todos los días.,2026-12-31,Del 01 de agosto al 31 de diciembre del 2026.,2026-12-31,"• 20% de reintegro para pagos con tarjetas de crédito Mastercard Clásicas, Oro, Black, Black Premier y Metalcard Premier del Banco GNB Paraguay.","• Pagos realizados con tarjetas de crédito Mastercard Banco GNB Paraguay S.A.E.C.A. • Pagos realizados con tarjetas de crédito física, Apple Pay, Google Pay y/o QR en POS adheridos a la procesadora . • No participan de la promoción las tarjetas de débito y crédito; Visa, de afinidades Empresariales, Corporativas, Gift Card, Gourmet y Prepagas. • No aplica para pagos realizados a través de plataformas de terceros y/o e-commerce. • No acumulable con otras promociones. • Beneficio aplica única y exclusivamente en pagos para el servicio de catering. • La promoción aplica todos los días dentro del periodo de vigencia de la promoción. • Tope de compra mensual: Gs. 2.000.000 (guaraníes dos millones) por cuenta de tarjeta de crédito Incluye titulares y adicionales. • Los reclamos serán considerados válidos únicamente en base al último documento actualizado, el cual debe corresponder al que se encuentre vigente en la fecha de la compra reclamada.",1,530becd52c433b740e6ceae9157395241a59e9dab0b350bd125c01a76576429f,https://www.beneficiosbancognb.com.py/v2/beneficios/categorias/431,https://www.beneficiosbancognb.com.py/imagenes/4583_bases-y-condiciones-asado-benitez-002-.pdf,
663,Fixocargo,Días GNB,20% de descuento + Hasta 12 cuotas sin intereses.,2027-02-28,Del 07 de septiembre del 2026 al 28 de febrero del 2027.,2027-02-28,• 20% de descuento para pagos con las tarjetas de crédito Mastercard del Banco GNB Paraguay. • Hasta 6 cuotas sin intereses con las tarjetas de crédito del Banco GNB Paraguay.,"• Pagos realizados con tarjetas de crédito Mastercard Banco GNB Paraguay S.A.E.C.A. • Pagos realizados con tarjetas de crédito física, Apple Pay, Google Pay y/o QR en POS adheridos a la procesadora . • No participan de la promoción las tarjetas de débito y crédito de afinidades Empresariales, Corporativas, Gift Card, Gourmet y Prepagas. • La promoción aplica todos los días durante el periodo de promoción. • No acumulable con otras promociones. • Tope de compra mensual: Gs. 700.000 (guaranies setecientos mil) por cuenta de tarjeta de crédito (incluye titulares y adicionales) • Los reclamos serán considerados válidos únicamente en base al último documento actualizado, el cual debe corresponder al que se encuentre vigente en la fecha de la compra reclamada.",2,d98d59948d3fb86068261a25323b414e2ffa7a95d591231e770b876d0cf93d28,https://www.beneficiosbancognb.com.py/v2/beneficios/categorias/663,https://www.beneficiosbancognb.com.py/imagenes/5332_bases-y-condiciones-fixocargo-002-.pdf,
141,Shopping China,Cuotas sin intereses,Hasta 12 cuotas sin intereses todos los días.,2026-12-31,Del 05 de enero al 31 de diciembre del 2026.,2026-12-31,• Hasta 12 cuotas sin intereses para pagos con tarjetas de crédito del Banco GNB Paraguay.,"• Pagos realizados con tarjetas de crédito Banco GNB Paraguay S.A.E.C.A. • Pagos realizados con tarjetas de crédito física, Apple Pay, Google Pay y/o QR en POS adheridos a la procesadora . • No participan de la promoción las tarjetas de débito, de afinidades Empresariales, Corporativas, Gift Card, Gourmet y Prepagas. • La promoción aplica todos los días durante el periodo de promoción. • No acumulable con otras promociones. • Los reclamos serán considerados válidos únicamente en base al último documento actualizado, el cual debe corresponder al que se encuentre vigente en la fecha de la compra reclamada.",1,19232fbbd50e715e31e8150dfbf86f1727ca701af01926b59c5761d200382374,https://www.beneficiosbancognb.com.py/v2/beneficios/categorias/141,https://www.beneficiosbancognb.com.py/imagenes/1652_bases-y-condiciones-shopping-china.pdf,
57,Grupo Garden,Cuotas sin intereses,Hasta 12 cuotas sin intereses todos los días.,2026-12-31,Del 05 de enero al 31 de diciembre del 2026.,2026-12-31,• Hasta 12 cuotas sin intereses para pagos con tarjetas de crédito del Banco GNB Paraguay.,"• Pagos realizados con tarjetas de crédito Banco GNB Paraguay S.A.E.C.A. • Pagos realizados con tarjetas de crédito física, Apple Pay, Google Pay y/o QR en POS adheridos a la procesadora . • No participan de la promoción las tarjetas de débito, de afinidades Empresariales, Corporativas, Gift Card, Gourmet y Prepagas. • La promoción aplica todos los días durante el periodo de promoción. • No acumulable con otras promociones. • Los reclamos serán considerados válidos únicamente en base al último documento actualizado, el cual debe corresponder al que se encuentre vigente en la fecha de la compra reclamada.",1,e13ba3f80564208613b5e207487d1fdb22fd005a215c1bc71d97796fff445eed,https://www.beneficiosbancognb.com.py/v2/beneficios/categorias/57,https://www.beneficiosbancognb.com.py/imagenes/2109_bases-y-condiciones-garden.pdf,
168,CAT,Días GNB,25% off los viernes + 6 cuotas sin intereses,2026-11-27,Del 23 de enero al 27 de noviembre del 2026.,2026-11-27,"• 25% de descuento para pagos con tarjetas de crédito afinidades Black, Black Premier y Metalcard Premier del Banco GNB Paraguay los días viernes. • 20% de descuento para pagos con tarjetas de crédito afinidades Clàsicas, Oro, Experience, Platinum e Infinite del Banco GNB Paraguay los días viernes. • Hasta 6 cuotas sin intereses para pagos con tarjetas de crédito del Banco GNB Paraguay.","• Pagos realizados con tarjetas de crédito Banco GNB Paraguay S.A.E.C.A. • Pagos realizados con tarjetas de crédito física, Apple Pay, Google Pay y/o QR en POS adheridos a la procesadora . • No participan de la promoción las tarjetas de débito y crédito de afinidades Empresariales, Corporativas, Gift Card, Gourmet y Prepagas. • La promoción de cuotas sin intereses aplica todos los días durante el periodo de promoción. • La promoción de descuento aplica todos los viernes dentro del periodo de la promoción. • No acumulable con otras promociones. • Los reintegros serán reflejados de manera automática en el extracto del cliente, en un período de 24 a 48hs hábiles luego de la compra. • El descuento en caja no aplica en la compra de Gift Cards. • Beneficio no aplica a compras e-commerce. • Tope de compra mensual: Gs. 1.500.000 (guaraníes un millón quinientos mil) para tarjetas de crédito Mastercard y Visa Clásicas, Oro Platinum e Infinite. y Gs. 3.000.000 (guaraníes tres millones) para tarjetas de crédito Mastercard Black, Black Premier y Metalcard Premier el cual aplica en forma conjunta a todos los locales de los comercios adheridos. • Los reclamos serán considerados válidos únicamente en base al último documento actualizado, el cual debe corresponder al que se encuentre vigente en la fecha de la compra reclamada.",2,11b191cdb4eee120e25a7d5b60ba1f04d82c5387023f48a679d29f0599c4bbd8,https://www.beneficiosbancognb.com.py/v2/beneficios/categorias/168,https://www.beneficiosbancognb.com.py/imagenes/2843_bases-y-condiciones-guatapora-agosto-2026.pdf,
287,La Casita Gourmet de Yudith,Días GNB,Hasta 20% off de lunes a sábado.,2026-12-31,Del 01 de julio al 31 de diciembre del 2026.,2026-12-31,"• 20% de descuento para pagos con tarjetas de crédito Mastercard Clásicas, Oro, Black, Black Premier y Metalcard Premier del Banco GNB Paraguay.","• Pagos realizados con tarjetas de crédito Mastercard Banco GNB Paraguay S.A.E.C.A. • Pagos realizados con tarjetas de crédito física, Apple Pay, Google Pay y/o QR en POS adheridos a la procesadora . • No participan de la promoción las tarjetas de débito y crédito Visa, de afinidades Empresariales, Corporativas, Gift Card, Gourmet y Prepagas. • No aplica para pagos realizados a través de plataformas de terceros (Pedidos Ya, Monchis, entre otros) y/o e-commerce. • No acumulable con otras promociones. • La promoción aplica de lunes a sábados dentro del periodo de vigencia de la promoción. • Tope de compra mensual: Gs.500.000, el cual aplica en forma conjunta a todos los locales del comercio y delivery directo de LA CASITA GOURMET DE YUDITH. • Tope de descuento por mes equivalente a un máximo de Gs.100.000. • Los reclamos serán considerados válidos únicamente en base al último documento actualizado, el cual debe corresponder al que se encuentre vigente en la fecha de la compra reclamada.",1,920e1ee2c43fb16fdb4c02f1c6f4818175f7b1a3ed9fd4a167c30086f7b4b97f,https://www.beneficiosbancognb.com.py/v2/beneficios/categorias/287,https://www.beneficiosbancognb.com.py/imagenes/3912_bases-y-condiciones-la-casita-gourmet-de-yudith-julio.pdf,
169,Crocs,Días GNB,Hasta 25% off los viernes + 6 cuotas sin intereses todos los días.,2026-11-27,Del 23 de enero al 27 de noviembre del 2026.,2026-11-27,"• 25% de descuento para pagos con tarjetas de crédito afinidades Black, Black Premier y Metalcard Premier del Banco GNB Paraguay los días viernes. • 20% de descuento para pagos con tarjetas de crédito afinidades Clàsicas, Oro, Experience, Platinum e Infinite del Banco GNB Paraguay los días viernes. • Hasta 6 cuotas sin intereses para pagos con tarjetas de crédito del Banco GNB Paraguay.","• Pagos realizados con tarjetas de crédito Banco GNB Paraguay S.A.E.C.A. • Pagos realizados con tarjetas de crédito física, Apple Pay, Google Pay y/o QR en POS adheridos a la procesadora . • No participan de la promoción las tarjetas de débito y crédito de afinidades Empresariales, Corporativas, Gift Card, Gourmet y Prepagas. • La promoción de cuotas sin intereses aplica todos los días durante el periodo de promoción. • La promoción de descuento aplica todos los viernes dentro del periodo de la promoción. • No acumulable con otras promociones. • Los reintegros serán reflejados de manera automática en el extracto del cliente, en un período de 24 a 48hs hábiles luego de la compra. • El descuento en caja no aplica en la compra de Gift Cards. • Beneficio no aplica a compras e-commerce. • Tope de compra mensual: Gs. 1.500.000 (guaraníes un millón quinientos mil) para tarjetas de crédito Mastercard y Visa Clásicas, Oro Platinum e Infinite. y Gs. 3.000.000 (guaraníes tres millones) para tarjetas de crédito Mastercard Black, Black Premier y Metalcard Premier el cual aplica en forma conjunta a todos los locales de los comercios adheridos. • Los reclamos serán considerados válidos únicamente en base al último documento actualizado, el cual debe corresponder al que se encuentre vigente en la fecha de la compra reclamada.",2,11b191cdb4eee120e25a7d5b60ba1f04d82c5387023f48a679d29f0599c4bbd8,https://www.beneficiosbancognb.com.py/v2/beneficios/categorias/169,https://www.beneficiosbancognb.com.py/imagenes/2847_bases-y-condiciones-guatapora-agosto-2026.pdf,
309,Chacomer,Cuotas sin intereses,Hasta 12 cuotas sin intereses todos los días.,2026-12-31,Del 06 de julio al 31 de diciembre del 2026.,2026-12-31,• Hasta 12 cuotas sin intereses para pagos con tarjetas de crédito del Banco GNB Paraguay.,"• Pagos realizados con tarjetas de crédito Banco GNB Paraguay S.A.E.C.A. • Pagos realizados con tarjetas de crédito física, Apple Pay, Google Pay y/o QR en POS adheridos a la procesadora . • No participan de la promoción las tarjetas de débito y crédito de afinidades Empresariales, Corporativas, Gift Card, Gourmet y Prepagas. • Beneficio aplica todos los días durante el periodo de promoción. • Beneficio aplica única y exclusivamente en las sucursales detalladas en el punto número 5. • Los reclamos serán considerados válidos únicamente en base al último documento actualizado, el cual debe corresponder al que se encuentre vigente en la fecha de la compra reclamada.",4,f93b5e1439e739800cd61bb99bfcc9d0d10a08d9f7f3ece59e938c2e9b5f67d6,https://www.beneficiosbancognb.com.py/v2/beneficios/categorias/309,https://www.beneficiosbancognb.com.py/imagenes/4119_bases-y-condiciones-chacomer-002-.pdf,
51,Achon,Cuotas sin intereses,Hasta 12 cuotas sin intereses todos los días.,2026-12-31,Del 05 de enero al 31 de diciembre del 2026.,2026-12-31,• Hasta 12 cuotas sin intereses para pagos con tarjetas de crédito del Banco GNB Paraguay.,"• Pagos realizados con tarjetas de crédito Banco GNB Paraguay S.A.E.C.A. • Pagos realizados con tarjetas de crédito física, Apple Pay, Google Pay y/o QR en POS adheridos a la procesadora . • No participan de la promoción las tarjetas de débito, de afinidades Empresariales, Corporativas, Gift Card, Gourmet y Prepagas. • La promoción aplica todos los días durante el periodo de promoción. • No acumulable con otras promociones. • Los reclamos serán considerados válidos únicamente en base al último documento actualizado, el cual debe corresponder al que se encuentre vigente en la fecha de la compra reclamada.",1,8a041bb7d7cfd3cdd6e0513f7e1ac62e088a0044d3a2d19532dd69db4c7a7c10,https://www.beneficiosbancognb.com.py/v2/beneficios/categorias/51,https://www.beneficiosbancognb.com.py/imagenes/1980_bases-y-condiciones-achon.pdf,
581,Skechers,Días GNB,25% off los jueves y viernes + 6 cuotas sin intereses,2026-11-27,Del 22 de enero al 27 de noviembre del 2026.,2026-11-27,"• 25% de descuento para pagos con tarjetas de crédito afinidades Black, Black Premier y Metalcard Premier del Banco GNB Paraguay los días jueves y viernes. • 20% de descuento para pagos con tarjetas de crédito afinidades Clàsicas, Oro, Experience, Platinum e Infinite del Banco GNB Paraguay los días jueves y viernes. • Hasta 6 cuotas sin intereses para pagos con tarjetas de crédito del Banco GNB Paraguay.","• Pagos realizados con tarjetas de crédito Banco GNB Paraguay S.A.E.C.A. • Pagos realizados con tarjetas de crédito física, Apple Pay, Google Pay y/o QR en POS adheridos a la procesadora . • No participan de la promoción las tarjetas de débito y crédito de afinidades Empresariales, Corporativas, Gift Card, Gourmet y Prepagas. • La promoción de cuotas sin intereses aplica todos los días durante el periodo de promoción. • La promoción de descuento aplica todos los Jueves y Viernes dentro del periodo de la promoción. • No acumulable con otras promociones. • Los reintegros serán reflejados de manera automática en el extracto del cliente, en un período de 24 a 48hs hábiles luego de la compra. • El descuento en caja no aplica en la compra de Gift Cards. • Se excluyen de la promoción productos de la APF, Cerro Porteño, Olimpia y Libertad. • Tope de compra mensual: Gs. 1.500.000 (guaraníes un millón quinientos mil) para tarjetas de crédito Mastercard y Visa Clásicas, Oro Platinum e Infinite. y Gs. 3.000.000 (guaraníes tres millones) para tarjetas de crédito Mastercard Black, Black Premier y Metalcard Premier. • Los reclamos serán considerados válidos únicamente en base al último documento actualizado, el cual debe corresponder al que se encuentre vigente en la fecha de la compra reclamada.",3,246e0cb9de907eb5055ba296e58fbad623ba6cdd471b9de4161b3fba894f2a65,https://www.beneficiosbancognb.com.py/v2/beneficios/categorias/581,https://www.beneficiosbancognb.com.py/imagenes/3638_bases-y-condiciones-kemsa.pdf,
312,Rakiura,Cuotas sin intereses,Hasta 18 cuotas sin intereses + Precios Especiales,2026-12-31,Del 13 de julio al 31 de diciembre del 2026.,2026-12-31,"• Hasta 18 cuotas sin intereses para pagos con tarjetas de crédito del Banco GNB Paraguay. • Precio especial en Membresías Familiares Permanentes Transferible e Instransferibles • Banca personas: • Exoneración de 12 meses del Abono Mensual Rakiura. • Exoneración de gastos administrativos. • Exoneración de la emisión de los primeros carnets. • Banca Premier: • Exoneración de 18 meses del Abono Mensual Rakiura. • Exoneración de gastos administrativos. • Exoneración de la emisión de los primeros carnets. • Cumpleaños infantil para hasta 20 niños: Incluye propuesta gastronómica infantil y pases de acceso al Parque Acuático Rakiura para los niños invitados. El beneficio podrá utilizarse dentro de los primeros 12 meses posteriores a la compra de la membresía. • Para los clientes Premier que adquieran la Membresía Familiar Permanente Transferible, Rakiura realizará el sorteo de una locación sin costo en los Salones de Experiencia Bethesda o Soidaoma. Este beneficio podrá ser usufructuado exclusivamente para eventos vinculados a integrantes del grupo familiar declarado en la membresía adquirida.","• Pagos realizados con tarjetas de crédito Banco GNB Paraguay S.A.E.C.A. • Pagos realizados con tarjetas de crédito física, Apple Pay, Google Pay y/o QR en POS adheridos a la procesadora . • No participan de la promoción las tarjetas de débito, de afinidades Empresariales, Corporativas, Gift Card, Gourmet y Prepagas. • La promoción aplica todos los días durante el periodo de promoción. • No acumulable con otras promociones. • Los reclamos serán considerados válidos únicamente en base al último documento actualizado, el cual debe corresponder al que se encuentre vigente en la fecha de la compra reclamada.",1,468c621e1fa4ebac9d35fcf9c176324621b946a6c2813a77b3ebdbb9083c3f14,https://www.beneficiosbancognb.com.py/v2/beneficios/categorias/312,https://www.beneficiosbancognb.com.py/imagenes/4125_bases-y-condiciones-rakiura-julio.pdf,
354,Amo Mi Casa,Cuotas sin intereses,Hasta 12 cuotas sin intereses todos los días.,2026-12-31,Del 05 de enero al 31 de diciembre del 2026.,2026-12-31,• Hasta 12 cuotas sin intereses para pagos con tarjetas de crédito del Banco GNB Paraguay.,"• Pagos realizados con tarjetas de crédito Banco GNB Paraguay S.A.E.C.A. • Pagos realizados con tarjetas de crédito física, Apple Pay, Google Pay y/o QR en POS adheridos a la procesadora . • No participan de la promoción las tarjetas de débito, de afinidades Empresariales, Corporativas, Gift Card, Gourmet y Prepagas. • La promoción aplica todos los días durante el periodo de promoción. • No acumulable con otras promociones. • Los reclamos serán considerados válidos únicamente en base al último documento actualizado, el cual debe corresponder al que se encuentre vigente en la fecha de la compra reclamada.",1,b7902cb2786172da93d9b85f91b79b2fc9ee9f29736a4b1e5021637608bd48e7,https://www.beneficiosbancognb.com.py/v2/beneficios/categorias/354,https://www.beneficiosbancognb.com.py/imagenes/4280_bases-y-condiciones-amo-mi-casa.pdf,
53,Automaq,Cuotas sin intereses,Hasta 12 cuotas sin intereses todos los días,2026-12-31,Del 05 de enero al 31 de diciembre del 2026.,2026-12-31,"• Hasta 12 cuotas sin intereses para pagos con tarjetas de crédito del Banco GNB Paraguay. INDUSTRIA MARCA APLICA EN Agrícola John Deere Repuestos, indumentaria y calzados, juguetes, servicios de taller Michelin Neumáticos BF Goodrich Venta de cubiertas y/o servicios (alineación y balanceo, rotación, etc.) Royal Black Komatsu Construcción Berco Repuestos y/o servicios de taller Fleetguard Citroën Repuestos, indumentaria y accesorios, servicios de Automóviles Peugeot taller","• Pagos realizados con tarjetas de crédito Banco GNB Paraguay S.A.E.C.A. • Pagos realizados con tarjetas de crédito física, Apple Pay, Google Pay y/o QR en POS adheridos a la procesadora . • No participan de la promoción las tarjetas de débito, de afinidades Empresariales, Corporativas, Gift Card, Gourmet y Prepagas. • La promoción aplica todos los días durante el periodo de promoción. • No acumulable con otras promociones. • Los reclamos serán considerados válidos únicamente en base al último documento actualizado, el cual debe corresponder al que se encuentre vigente en la fecha de la compra reclamada.",1,a3d16c017b1102e1d883fd4c024515907f4fd1b925db52e29a8e29877d43460c,https://www.beneficiosbancognb.com.py/v2/beneficios/categorias/53,https://www.beneficiosbancognb.com.py/imagenes/2184_bases-y-condiciones-automaq.pdf,
110,Boxes Casual Shoes,Días GNB,25% de descuento los días sábados.,2026-12-26,Del 05 de septiembre al 26 de diciembre del 2026.,2026-12-26,"• 25% de descuento para pagos con tarjetas de crédito Mastercard Clásicas, Oro, Black, Black Premier y Metalcard Premier del Banco GNB Paraguay.","• Pagos realizados con tarjetas de crédito Mastercard Banco GNB Paraguay S.A.E.C.A. • Pagos realizados con tarjetas de crédito física, Apple Pay, Google Pay y/o QR en POS adheridos a la procesadora . • No participan de la promoción las tarjetas de débito y crédito; Visa, de afinidades Empresariales, Corporativas, Gift Card, Gourmet y Prepagas. • Beneficio aplica a compras vía web. • No acumulable con otras promociones. • La promoción aplica todos los sábados dentro del periodo de vigencia de la promoción. • Tope de compra mensual: Gs. 1.000.000 (guaraníes un millón) por cuenta de tarjeta de crédito Incluye titulares y adicionales. • Los reclamos serán considerados válidos únicamente en base al último documento actualizado, el cual debe corresponder al que se encuentre vigente en la fecha de la compra reclamada.",1,d115db8e003c64af9b2ff0d8b3d658d2f814cd088bbc0cdc86c1c2c60e907707,https://www.beneficiosbancognb.com.py/v2/beneficios/categorias/110,https://www.beneficiosbancognb.com.py/imagenes/874_bases-y-condiciones-boxes-casual-shoes-septiembre.pdf,
170,Timberland,Días GNB,25% off los viernes + 6 cuotas sin intereses todos los días.,2026-11-27,Del 23 de enero al 27 de noviembre del 2026.,2026-11-27,"• 25% de descuento para pagos con tarjetas de crédito afinidades Black, Black Premier y Metalcard Premier del Banco GNB Paraguay los días viernes. • 20% de descuento para pagos con tarjetas de crédito afinidades Clàsicas, Oro, Experience, Platinum e Infinite del Banco GNB Paraguay los días viernes. • Hasta 6 cuotas sin intereses para pagos con tarjetas de crédito del Banco GNB Paraguay.","• Pagos realizados con tarjetas de crédito Banco GNB Paraguay S.A.E.C.A. • Pagos realizados con tarjetas de crédito física, Apple Pay, Google Pay y/o QR en POS adheridos a la procesadora . • No participan de la promoción las tarjetas de débito y crédito de afinidades Empresariales, Corporativas, Gift Card, Gourmet y Prepagas. • La promoción de cuotas sin intereses aplica todos los días durante el periodo de promoción. • La promoción de descuento aplica todos los viernes dentro del periodo de la promoción. • No acumulable con otras promociones. • Los reintegros serán reflejados de manera automática en el extracto del cliente, en un período de 24 a 48hs hábiles luego de la compra. • El descuento en caja no aplica en la compra de Gift Cards. • Beneficio no aplica a compras e-commerce. • Tope de compra mensual: Gs. 1.500.000 (guaraníes un millón quinientos mil) para tarjetas de crédito Mastercard y Visa Clásicas, Oro Platinum e Infinite. y Gs. 3.000.000 (guaraníes tres millones) para tarjetas de crédito Mastercard Black, Black Premier y Metalcard Premier el cual aplica en forma conjunta a todos los locales de los comercios adheridos. • Los reclamos serán considerados válidos únicamente en base al último documento actualizado, el cual debe corresponder al que se encuentre vigente en la fecha de la compra reclamada.",2,11b191cdb4eee120e25a7d5b60ba1f04d82c5387023f48a679d29f0599c4bbd8,https://www.beneficiosbancognb.com.py/v2/beneficios/categorias/170,https://www.beneficiosbancognb.com.py/imagenes/2851_bases-y-condiciones-guatapora-agosto-2026.pdf,
279,Vans,Días GNB,25% off los jueves + 6 cuotas sin intereses,2026-11-26,Del 22 de enero al 26 de noviembre del 2026.,2026-11-26,"• 25% de descuento para pagos con tarjetas de crédito afinidades Black, Black Premier y Metalcard Premier del Banco GNB Paraguay los días jueves. • 20% de descuento para pagos con tarjetas de crédito afinidades Clàsicas, Oro, Experience, Platinum e Infinite del Banco GNB Paraguay los días jueves. • Hasta 6 cuotas sin intereses para pagos con tarjetas de crédito del Banco GNB Paraguay.","• Pagos realizados con tarjetas de crédito Banco GNB Paraguay S.A.E.C.A. • Pagos realizados con tarjetas de crédito física, Apple Pay, Google Pay y/o QR en POS adheridos a la procesadora . • No participan de la promoción las tarjetas de débito y crédito de afinidades Empresariales, Corporativas, Gift Card, Gourmet y Prepagas. • La promoción de cuotas sin intereses aplica todos los días durante el periodo de promoción. • La promoción de descuento aplica todos los jueves dentro del periodo de la promoción. • No acumulable con otras promociones. • Los reintegros serán reflejados de manera automática en el extracto del cliente, en un período de 24 a 48hs hábiles luego de la compra. • El descuento en caja no aplica en la compra de Gift Cards. • Tope de compra mensual: Gs. 1.500.000 (guaraníes un millón quinientos mil) para tarjetas de crédito Mastercard y Visa Clásicas, Oro Platinum e Infinite. y Gs. 3.000.000 (guaraníes tres millones) para tarjetas de crédito Mastercard Black, Black Premier y Metalcard Premier el cual aplica en forma conjunta a todos los locales de los comercios adheridos. • Los reclamos serán considerados válidos únicamente en base al último documento actualizado, el cual debe corresponder al que se encuentre vigente en la fecha de la compra reclamada.",2,87b984dbf042283a5828952dcee2145837fe4cfe08a9015b06fde14c037ed3ae,https://www.beneficiosbancognb.com.py/v2/beneficios/categorias/279,https://www.beneficiosbancognb.com.py/imagenes/3880_bases-y-condiciones-adidas-meta-sports-meta-women-meta-kids-360-sneaker-store-vans-002-.pdf,
167,Outdoors,Días GNB,25% off todos los viernes + 6 cuotas sin intereses todos los días.,2026-11-27,Del 23 de enero al 27 de noviembre del 2026.,2026-11-27,"• 25% de descuento para pagos con tarjetas de crédito afinidades Black, Black Premier y Metalcard Premier del Banco GNB Paraguay los días viernes. • 20% de descuento para pagos con tarjetas de crédito afinidades Clàsicas, Oro, Experience, Platinum e Infinite del Banco GNB Paraguay los días viernes. • Hasta 6 cuotas sin intereses para pagos con tarjetas de crédito del Banco GNB Paraguay.","• Pagos realizados con tarjetas de crédito Banco GNB Paraguay S.A.E.C.A. • Pagos realizados con tarjetas de crédito física, Apple Pay, Google Pay y/o QR en POS adheridos a la procesadora . • No participan de la promoción las tarjetas de débito y crédito de afinidades Empresariales, Corporativas, Gift Card, Gourmet y Prepagas. • La promoción de cuotas sin intereses aplica todos los días durante el periodo de promoción. • La promoción de descuento aplica todos los viernes dentro del periodo de la promoción. • No acumulable con otras promociones. • Los reintegros serán reflejados de manera automática en el extracto del cliente, en un período de 24 a 48hs hábiles luego de la compra. • El descuento en caja no aplica en la compra de Gift Cards. • Beneficio no aplica a compras e-commerce. • Tope de compra mensual: Gs. 1.500.000 (guaraníes un millón quinientos mil) para tarjetas de crédito Mastercard y Visa Clásicas, Oro Platinum e Infinite. y Gs. 3.000.000 (guaraníes tres millones) para tarjetas de crédito Mastercard Black, Black Premier y Metalcard Premier el cual aplica en forma conjunta a todos los locales de los comercios adheridos. • Los reclamos serán considerados válidos únicamente en base al último documento actualizado, el cual debe corresponder al que se encuentre vigente en la fecha de la compra reclamada.",2,11b191cdb4eee120e25a7d5b60ba1f04d82c5387023f48a679d29f0599c4bbd8,https://www.beneficiosbancognb.com.py/v2/beneficios/categorias/167,https://www.beneficiosbancognb.com.py/imagenes/2838_bases-y-condiciones-guatapora-agosto-2026.pdf,
583,Eneache,Días GNB,Hasta 25% de descuento + Hasta 6 cuotas sin intereses.,2026-11-26,Del 03 de septiembre al 26 de noviembre del 2026.,2026-11-26,"• 25% de descuento para pagos con tarjetas de crédito afinidades Black, Black Premier y Metalcard Premier del Banco GNB Paraguay. • 20% de descuento para pagos con tarjetas de crédito afinidades Clásicas, Oro, Experience, Platinum e Infinite del Banco GNB Paraguay. • Hasta 6 cuotas sin intereses todos los días para pagos con tarjetas de crédito del Banco GNB Paraguay.","• Pagos realizados con tarjetas de crédito Banco GNB Paraguay S.A.E.C.A. • Pagos realizados con tarjetas de crédito física, Apple Pay, Google Pay y/o QR en POS adheridos a la procesadora . • El beneficio de descuento aplica únicamente el primer y último jueves de cada mes durante el periodo de promoción. • El beneficio de cuotas sin intereses aplica todos los días durante el periodo de promoción. • No participan de la promoción las tarjetas de débito y crédito de afinidades Empresariales, Corporativas, Gift Card, Gourmet y Prepagas. • No acumulable con otras promociones. • Los reintegros serán reflejados de manera automática en el extracto del cliente, en un período de 24 a 48hs hábiles luego de la compra. • El descuento en caja no aplica en la compra de Gift Cards. • Tope de compra mensual: Gs. 2.000.000 (guaraníes dos millones) por cuenta de tarjeta de crédito (incluye titulares y adicionales), el cual aplica en forma conjunta a todos los locales de los comercios adheridos. • Los reclamos serán considerados válidos únicamente en base al último documento actualizado, el cual debe corresponder al que se encuentre vigente en la fecha de la compra reclamada.",3,9f3b6b515448ddf4e8fd74c922a89a2cd4abce3b953fb164cbcde4107b31adff,https://www.beneficiosbancognb.com.py/v2/beneficios/categorias/583,https://www.beneficiosbancognb.com.py/imagenes/4835_bases-y-condiciones-eneache-rondina-rdn-estilo-sur.pdf,
31,Mongomery,Días GNB,20% de descuento los días sábados.,2026-11-28,Del 04 de julio al 28 de noviembre del 2026.,2026-11-28,"• 20% de descuento para pagos con tarjetas de crédito Mastercard Clásicas, Oro, Black, Black Premier y Metalcard Premier del Banco GNB Paraguay.","• Pagos realizados con tarjetas de crédito Mastercard Banco GNB Paraguay S.A.E.C.A. • Pagos realizados con tarjetas de crédito física, Apple Pay, Google Pay y/o QR en POS adheridos a la procesadora . • No participan de la promoción las tarjetas de débito y crédito; Visa, de afinidades Empresariales, Corporativas, Gift Card, Gourmet y Prepagas. • No aplica para pagos realizados a través de plataformas de terceros y/o e-commerce. • No acumulable con otras promociones. • La promoción aplica todos los sábados dentro del periodo de vigencia de la promoción. • Tope de compra mensual: Gs. 1.000.000 (guaraníes un millón) por cuenta de tarjeta de crédito Incluye titulares y adicionales. • Los reclamos serán considerados válidos únicamente en base al último documento actualizado, el cual debe corresponder al que se encuentre vigente en la fecha de la compra reclamada.",1,782073f1a1c0a61c41bb43f5886caf4eb267120025ecb2dee484eab257eea28e,https://www.beneficiosbancognb.com.py/v2/beneficios/categorias/31,https://www.beneficiosbancognb.com.py/imagenes/2138_bases-y-condiciones-calzados-mongomery-002-.pdf,
254,Cellshop,Cuotas sin intereses,Hasta 12 cuotas sin intereses todos los días.,2026-12-31,Del 05 de enero al 31 de diciembre del 2026.,2026-12-31,• Hasta 12 cuotas sin intereses para pagos con tarjetas de crédito del Banco GNB Paraguay.,"• Pagos realizados con tarjetas de crédito Banco GNB Paraguay S.A.E.C.A. • Pagos realizados con tarjetas de crédito física, Apple Pay, Google Pay y/o QR en POS adheridos a la procesadora . • No participan de la promoción las tarjetas de débito, de afinidades Empresariales, Corporativas, Gift Card, Gourmet y Prepagas. • La promoción aplica todos los días durante el periodo de promoción. • No acumulable con otras promociones. • Los reclamos serán considerados válidos únicamente en base al último documento actualizado, el cual debe corresponder al que se encuentre vigente en la fecha de la compra reclamada.",1,5524b277124a7714d93cd0ad8d0952a67f3115e7bb5ed973ca51a2171fd15015,https://www.beneficiosbancognb.com.py/v2/beneficios/categorias/254,https://www.beneficiosbancognb.com.py/imagenes/3746_bases-y-condiciones-cellshop.pdf,
172,La Nutry Healthy Food,Días GNB,Hasta 25% de reintegro de lunes a viernes.,2026-12-31,Del 01 de julio al 31 de diciembre del 2026.,2026-12-31,"• 20% de reintegro para pagos con tarjetas de crédito Mastercard Clásicas y Oro del Banco GNB Paraguay. • 25% de reintegro para pagos con tarjetas de crédito Mastercard Black, Black Premier y Metalcard Premier del Banco GNB Paraguay.","• Pagos realizados con tarjetas de crédito Mastercard Banco GNB Paraguay S.A.E.C.A. • Pagos realizados con tarjetas de crédito física y/o QR en POS adheridos a la procesadora . • No participan de la promoción las tarjetas de débito y crédito Visa, de afinidades Empresariales, Corporativas, Gift Card, Gourmet y Prepagas. • No aplica para pagos realizados a través de plataformas de terceros (Pedidos Ya, Monchis, entre otros) y/o e-commerce. • No acumulable con otras promociones. • La promoción aplica de lunes a viernes dentro del periodo de vigencia de la promoción. • Tope de compra mensual: Gs.800.000, el cual aplica en forma conjunta a todos los locales del comercio y delivery directo de La Nutry. • Los reclamos serán considerados válidos únicamente en base al último documento actualizado, el cual debe corresponder al que se encuentre vigente en la fecha de la compra reclamada.",1,5c9e693c908d1222c2e75ef01e5100150a2b5a697316773dbaec49e4a10b245a,https://www.beneficiosbancognb.com.py/v2/beneficios/categorias/172,https://www.beneficiosbancognb.com.py/imagenes/2858_bases-y-condiciones-la-nutry-septiembre-002-.pdf,
189,Alemania Cell,Cuotas sin intereses,Hasta 12 cuotas sin intereses todos los días.,2026-12-31,Del 05 de enero al 31 de diciembre del 2026.,2026-12-31,• Hasta 12 cuotas sin intereses para pagos con tarjetas de crédito del Banco GNB Paraguay.,"• Pagos realizados con tarjetas de crédito Banco GNB Paraguay S.A.E.C.A. • Pagos realizados con tarjetas de crédito física, Apple Pay, Google Pay y/o QR en POS adheridos a la procesadora . • No participan de la promoción las tarjetas de débito, de afinidades Empresariales, Corporativas, Gift Card, Gourmet y Prepagas. • La promoción aplica todos los días durante el periodo de promoción. • No acumulable con otras promociones. • Los reclamos serán considerados válidos únicamente en base al último documento actualizado, el cual debe corresponder al que se encuentre vigente en la fecha de la compra reclamada.",1,9b6e8bf98cc431ac7c6a5e9cb0b931c23276ad859ec12768f80334cee8ccead0,https://www.beneficiosbancognb.com.py/v2/beneficios/categorias/189,https://www.beneficiosbancognb.com.py/imagenes/3099_bases-y-condiciones-alemania-cell.pdf,
16,Literato,Días GNB,Hasta 25% off + 6 cuotas sin intereses.,2026-11-27,Del 15 de enero al 27 de noviembre del 2026.,2026-11-27,"• 25% de descuento para pagos con tarjetas de crédito afinidades Black, Black Premier y Metalcard Premier del Banco GNB Paraguay. • 20% de descuento para pagos con tarjetas de crédito afinidades Clásicas y Oro del Banco GNB Paraguay. • Hasta 6 cuotas sin intereses para pagos con tarjetas de crédito del Banco GNB Paraguay.","• Pagos realizados con tarjetas de crédito Banco GNB Paraguay S.A.E.C.A. • Pagos realizados con tarjetas de crédito física y/o QR en POS adheridos a la procesadora . • No participan de la promoción las tarjetas de débito y crédito de afinidades Empresariales, Corporativas, Gift Card, Gourmet y Prepagas. • La promoción de cuotas sin intereses aplica todos los días durante el periodo de promoción. • La promoción de descuento aplica todos los jueves y viernes dentro del periodo de la promoción. • No acumulable con otras promociones. • Los reintegros serán reflejados de manera automática en el extracto del cliente, en un período de 24 a 48hs hábiles luego de la compra. • Tope de compra mensual: Gs. 500.000 (guaraníes quinientos mil). El tope de reintegro se aplica por cuenta de tarjeta de crédito (titulares + adicionales). • Los reclamos serán considerados válidos únicamente en base al último documento actualizado, el cual debe corresponder al que se encuentre vigente en la fecha de la compra reclamada.",2,a4d0226068f724fe7ea086c8a2fc095b273eae742f4ce60e1f85b42364ad17cb,https://www.beneficiosbancognb.com.py/v2/beneficios/categorias/16,https://www.beneficiosbancognb.com.py/imagenes/2495_bases-y-condiciones-literato.pdf,
67,La Rueda,Cuotas sin intereses,Hasta 12 cuotas sin intereses.,2026-12-31,Del 05 de enero al 31 de diciembre del 2026.,2026-12-31,• Hasta 12 cuotas sin intereses para pagos con tarjetas de crédito del Banco GNB Paraguay.,"• Pagos realizados con tarjetas de crédito Banco GNB Paraguay S.A.E.C.A. • Pagos realizados con tarjetas de crédito física, Apple Pay, Google Pay y/o QR en POS adheridos a la procesadora . • No participan de la promoción las tarjetas de débito, de afinidades Empresariales, Corporativas, Gift Card, Gourmet y Prepagas. • La promoción aplica todos los días durante el periodo de promoción. • No acumulable con otras promociones. • Los reclamos serán considerados válidos únicamente en base al último documento actualizado, el cual debe corresponder al que se encuentre vigente en la fecha de la compra reclamada.",1,b73968eb6627df5807a7ebc36a7f2e77c270c37bd8e6e08f79f87bc09f1179ae,https://www.beneficiosbancognb.com.py/v2/beneficios/categorias/67,https://www.beneficiosbancognb.com.py/imagenes/4675_bases-y-condiciones-la-rueda-srl.pdf,
620,Vernier,Días GNB,Hasta 25% de descuento los jueves y viernes + Hasta 6 cuotas sin intereses todos los días.,2026-11-27,Del 21 de mayo al 27 de noviembre del 2026.,2026-11-27,"• 25% de descuento para pagos con tarjetas de crédito Mastercard afinidades Black, Black Premier y Metalcard Premier del Banco GNB Paraguay. • 20% de descuento para pagos con tarjetas de crédito Mastercard afinidades Clásicas y Oro del Banco GNB Paraguay. • Hasta 6 cuotas sin intereses para pagos con tarjetas de crédito del Banco GNB Paraguay.","• Pagos realizados con tarjetas de crédito Mastercard Banco GNB Paraguay S.A.E.C.A. • Pagos realizados con tarjetas de crédito física, Apple Pay, Google Pay y/o QR en POS adheridos a la procesadora . • No participan de la promoción las tarjetas de débito, crédito Visa; de afinidades Empresariales, Corporativas, Gift Card, Gourmet y Prepagas. • La promoción de cuotas sin intereses aplica todos los días durante el periodo de promoción. • La promoción de descuento aplica todos los Jueves y Viernes dentro del periodo de la promoción. • No acumulable con otras promociones. • Los reintegros serán reflejados de manera automática en el extracto del cliente, en un período de 24 a 48hs hábiles luego de la compra. • El descuento en caja no aplica en la compra de Gift Cards. • Tope de compra mensual: Gs. 1.500.000 (guaraníes un millón quinientos mil) por cuenta de tarjeta de crédito (incluye titulares y adicionales). • Los reclamos serán considerados válidos únicamente en base al último documento actualizado, el cual debe corresponder al que se encuentre vigente en la fecha de la compra reclamada.",1,579cde90143ca89477730773acc8e330b6762a332c5f3720479131d86d32b258,https://www.beneficiosbancognb.com.py/v2/beneficios/categorias/620,https://www.beneficiosbancognb.com.py/imagenes/5136_bases-y-condiciones-vernier-002-.pdf,
193,Armele,Días GNB,25% de descuento los jueves y viernes + Hasta 12 cuotas sin intereses todos los días.,2026-11-27,Del 22 de enero al 27 de noviembre del 2026.,2026-11-27,"• 25% de descuento para pagos con tarjetas de crédito afinidades Black, Black Premier y Metalcard Premier del Banco GNB Paraguay los días jueves y viernes. • 20% de descuento para pagos con tarjetas de crédito afinidades Clàsicas, Oro, Experience, Platinum e Infinite del Banco GNB Paraguay los días jueves y viernes. • Hasta 12 cuotas sin intereses para pagos con tarjetas de crédito del Banco GNB Paraguay.","• Pagos realizados con tarjetas de crédito Banco GNB Paraguay S.A.E.C.A. • Pagos realizados con tarjetas de crédito física, Apple Pay, Google Pay y/o QR en POS adheridos a la procesadora . • No participan de la promoción las tarjetas de débito y crédito de afinidades Empresariales, Corporativas, Gift Card, Gourmet y Prepagas. • La promoción de cuotas sin intereses aplica todos los días durante el periodo de promoción. • La promoción de descuento aplica todos los Jueves y Viernes dentro del periodo de la promoción. • No aplica a compras a través del e-commerce. • No acumulable con otras promociones. • Tope de compra mensual: Gs. 20.000.000 (guaranies veinte millones) por cuenta de tarjeta de crédito (incluye titulares y adicionales). • Los reintegros serán reflejados de manera automática en el extracto del cliente, en un período de 24 a 48hs hábiles luego de la compra. • Los reclamos serán considerados válidos únicamente en base al último documento actualizado, el cual debe corresponder al que se encuentre vigente en la fecha de la compra reclamada.",2,88d143f50db30a65d7b190afb27987f8c7c2b823ce9f6e5231a311a92a6c57ab,https://www.beneficiosbancognb.com.py/v2/beneficios/categorias/193,https://www.beneficiosbancognb.com.py/imagenes/3119_bases-y-condiciones-joyer%C3%ADa-armele-002-.pdf,
559,Popeyes,Días GNB,Hasta 25% de reintegro los días lunes y martes.,2026-12-29,Del 06 de julio al 29 de diciembre del 2026.,2026-12-29,"• 25% de reintegro para tarjetas de crédito afinidades MasterCard Black, Black Premier y Metalcard Premier; Visa Platinum e Infinite del Banco GNB Paraguay. • 20% de reintegro para tarjetas de crédito afinidades Mastercard Clásicas y Oro; Visa Clásicas, Oro y Experience del Banco GNB Paraguay. • 10% de reintegro para pagos con tarjetas prepagas del Banco GNB Paraguay.","• Pagos realizados con tarjetas de crédito y prepagas Banco GNB Paraguay S.A.E.C.A. • Pagos realizados con tarjetas de crédito física, Apple Pay, Google Pay y/o QR en POS adheridos a la procesadora . • El beneficio aplica de Lunes y Martes durante el periodo de la promoción. • No participan las tarjetas de débito y afinidades Empresariales, Corporativas, Gift Card y Gourmet. • Aplica única y exclusivamente para compras realizadas en locales, carry out, e-commerce y delivery directo de Subway. No aplica para compras realizadas a través de plataformas de terceros. • Tope de compra mensual: Gs. 600.000 (guaranies seiscientos mil) por cuenta de tarjeta de crédito (incluye titulares y adicionales). • Los reclamos serán considerados válidos únicamente en base al último documento actualizado, el cual debe corresponder al que se encuentre vigente en la fecha de la compra reclamada.",1,42523f2cb2fe176c28a06d76b3b19d1a9c73c1f18212409096207a89d5293c63,https://www.beneficiosbancognb.com.py/v2/beneficios/categorias/559,https://www.beneficiosbancognb.com.py/imagenes/5009_bases-y-condiciones-popeyes-julio.pdf,
535,FCE,Días GNB,15% de descuento + Hasta 12 cuotas sin intereses todos los días.,2026-12-31,Del 05 de enero al 31 de diciembre del 2026.,2026-12-31,• 15% de descuento para pagos con las tarjetas de crédito del Banco GNB Paraguay. • Hasta 12 cuotas sin intereses con las tarjetas de crédito del Banco GNB Paraguay.,"• Pagos realizados con tarjetas de crédito Banco GNB Paraguay S.A.E.C.A. • Pagos realizados con tarjetas de crédito física, Apple Pay, Google Pay y/o QR en POS adheridos a la procesadora . • No participan de la promoción las tarjetas de débito y crédito de afinidades Empresariales, Corporativas, Gift Card, Gourmet y Prepagas. • La promoción aplica todos los días durante el periodo de promoción. • No acumulable con otras promociones. • Los reclamos serán considerados válidos únicamente en base al último documento actualizado, el cual debe corresponder al que se encuentre vigente en la fecha de la compra reclamada.",1,e7e6679226c0548fa8b5c05104094dfdd42b1b3e8caa1ef9b7361807dd42019b,https://www.beneficiosbancognb.com.py/v2/beneficios/categorias/535,https://www.beneficiosbancognb.com.py/imagenes/4921_bases-y-condiciones-fce-004-.pdf,
248,Essen,Días GNB,Hasta 25% de descuento + 12 cuotas sin intereses todos los días.,2026-12-31,Del 01 de julio al 31 de diciembre del 2026.,2026-12-31,• 25% de descuento en combos promocionales con las tarjetas de crédito del Banco GNB Paraguay. • Hasta 12 cuotas sin intereses para pagos con tarjetas de crédito del Banco GNB Paraguay.,"• Pagos realizados con tarjetas de crédito Banco GNB Paraguay S.A.E.C.A. • Pagos realizados con tarjetas de crédito física, Apple Pay, Google Pay y/o QR en POS adheridos a la procesadora . • No participan de la promoción las tarjetas de débito, de afinidades Empresariales, Corporativas, Gift Card, Gourmet y Prepagas. • La promoción aplica todos los días durante el periodo de promoción. • No acumulable con otras promociones. • Los reclamos serán considerados válidos únicamente en base al último documento actualizado, el cual debe corresponder al que se encuentre vigente en la fecha de la compra reclamada.",1,5275799a47c0f279d9ff176510c1077009850ddc5c6520e87ecb81e89cf2a9ff,https://www.beneficiosbancognb.com.py/v2/beneficios/categorias/248,https://www.beneficiosbancognb.com.py/imagenes/4275_bases-y-condiciones-essen-002-.pdf,
555,Farmalife,Días GNB,20% de reintegro los días miércoles.,2026-12-30,Del 05 de agosto al 30 de diciembre del 2026.,2026-12-30,• 20% de reintegro para pagos con tarjetas de crédito Mastercard del Banco GNB Paraguay todos los miércoles.,"• Pagos realizados con tarjetas de crédito Mastercard Banco GNB Paraguay S.A.E.C.A. • Pagos realizados con tarjetas de crédito física, Apple Pay, Google Pay y/o QR en POS adheridos a la procesadora . • No participan de la promoción las tarjetas de débito y crédito; Visa, de afinidades Empresariales, Corporativas, Gift Card, Gourmet y Prepagas. • La promoción aplica única y exclusivamente los días miércoles durante el periodo de promoción. • No acumulable con otras promociones. • No aplica para pedidos realizados vía delivery y/o e-commerce. • Tope de compra mensual: Gs. 1.000.000 (guaraníes un millón) por cuenta de tarjeta de crédito (incluye titulares y adicionales), el cual aplica en forma conjunta a todos los locales del comercio. • Los reclamos serán considerados válidos únicamente en base al último documento actualizado, el cual debe corresponder al que se encuentre vigente en la fecha de la compra reclamada.",1,43f82ea1fc9267d6bdc8eeb4c442cad0357fe9d3ae68f863786f31d301884656,https://www.beneficiosbancognb.com.py/v2/beneficios/categorias/555,https://www.beneficiosbancognb.com.py/imagenes/4977_bases-y-condiciones-farmalife-002-.pdf,
246,Juguetería Me Encanta,Días GNB,Hasta 25% off todos los jueves y viernes + 6 cuotas sin intereses todos los días.,2026-11-27,Del 24 de julio al 27 de noviembre del 2026.,2026-11-27,"• 25% de descuento para pagos con tarjetas de crédito afinidades Black, Black Premier y Metalcard Premier del Banco GNB Paraguay. • 20% de descuento para pagos con tarjetas de crédito afinidades Clásicas, Oro, Experience, Platinum e Infinite del Banco GNB Paraguay. • Hasta 6 cuotas sin intereses para pagos con tarjetas de crédito del Banco GNB Paraguay.","• Pagos realizados con tarjetas de crédito Banco GNB Paraguay S.A.E.C.A. • Pagos realizados con tarjetas de crédito física, Apple Pay, Google Pay y/o QR en POS adheridos a la procesadora . • No participan de la promoción las tarjetas de débito y crédito de afinidades Empresariales, Corporativas, Gift Card, Gourmet y Prepagas. • La promoción de cuotas sin intereses aplica todos los días durante el periodo de promoción. • La promoción de descuento aplica todos los jueves y viernes dentro del periodo de la promoción. • No acumulable con otras promociones. • Los reintegros serán reflejados de manera automática en el extracto del cliente, en un período de 24 a 48hs hábiles luego de la compra. • El descuento en caja no aplica en la compra de Gift Cards. • Beneficio no aplica a compras e-commerce. • Tope de compra mensual: Gs. 1.000.000 (guaraníes un millón) por cuenta de tarjeta de crédito (incluye titulares y adicionales). • Los reclamos serán considerados válidos únicamente en base al último documento actualizado, el cual debe corresponder al que se encuentre vigente en la fecha de la compra reclamada.",2,7de16116332afa16529ea74608a9d955691baefd9944c919f9b7a0477eb5f946,https://www.beneficiosbancognb.com.py/v2/beneficios/categorias/246,https://www.beneficiosbancognb.com.py/imagenes/5069_bases-y-condiciones-jugueter%C3%ADa-me-encanta-002-.pdf,
433,CDC Calzados,Días GNB,20% de descuento los sábados.,2026-11-28,Del 04 de julio al 28 de noviembre del 2026.,2026-11-28,"• 20% de descuento para pagos con tarjetas de crédito Mastercard Clásicas, Oro, Black, Black Premier y Metalcard Premier del Banco GNB Paraguay.","• Pagos realizados con tarjetas de crédito Mastercard Banco GNB Paraguay S.A.E.C.A. • Pagos realizados con tarjetas de crédito física, Apple Pay, Google Pay y/o QR en POS adheridos a la procesadora . • No participan de la promoción las tarjetas de débito y crédito; Visa, de afinidades Empresariales, Corporativas, Gift Card, Gourmet y Prepagas. • No aplica para pagos realizados a través de plataformas de terceros y/o e-commerce. • No acumulable con otras promociones. • La promoción aplica todos los sábados dentro del periodo de vigencia de la promoción. • Tope de compra mensual: Gs. 800.000 (guaraníes ochocientos mil) por cuenta de tarjeta de crédito Incluye titulares y adicionales. • Los reclamos serán considerados válidos únicamente en base al último documento actualizado, el cual debe corresponder al que se encuentre vigente en la fecha de la compra reclamada.",1,59f7087b238634570cf4d73261771cfbea9d53bda2cf372616f44760f351e8d9,https://www.beneficiosbancognb.com.py/v2/beneficios/categorias/433,https://www.beneficiosbancognb.com.py/imagenes/4587_bases-y-condiciones-cdc-calzados-002-.pdf,
343,Deport Center,Días GNB,Hasta 25% de descuento + 6 cuotas sin intereses.,2026-11-28,Del 16 de enero al 28 de noviembre del 2026.,2026-11-28,"• Hasta 25% de descuento (20% para pagos con TC física +5% para pagos con QR) con tarjetas de crédito Mastercard afinidades Black, Black Premier y Metalcard Premier. • Hasta 20% de descuento (15% para pagos con TC física +5% para pagos con QR) para pagos con tarjetas de crédito afinidades Clásicas, Oro, Experience, Platinum e Infinite Premier. • Hasta 6 cuotas sin intereses para pagos con tarjetas de crédito del Banco GNB Paraguay.","• Pagos realizados con tarjetas de crédito Banco GNB Paraguay S.A.E.C.A. • Pagos realizados con tarjetas de crédito física, Apple Pay, Google Pay y/o QR en POS adheridos a la procesadora . • No participan de la promoción las tarjetas de débito y crédito de afinidades Empresariales, Corporativas, Gift Card, Gourmet y Prepagas. • La promoción de cuotas sin intereses aplica todos los días durante el periodo de promoción. • La promoción de descuento aplica todos los jueves y viernes dentro del periodo de la promoción. • No acumulable con otras promociones. • Tope de compra mensual: Gs.1.000.000 (guaraníes un millón), por cuenta de tarjeta de crédito (incluye titulares y adicionales), el cual aplica en forma conjunta a todos los locales del comercio. • Los reintegros serán reflejados de manera automática en el extracto del cliente, en un período de 24 a 48hs hábiles luego de la compra. • Los reclamos serán considerados válidos únicamente en base al último documento actualizado, el cual debe corresponder al que se encuentre vigente en la fecha de la compra reclamada.",1,c71f53c051b06a8c87b3d5fc43b61cd09165c2474e3472fc01a7721a90bf2aad,https://www.beneficiosbancognb.com.py/v2/beneficios/categorias/343,https://www.beneficiosbancognb.com.py/imagenes/4250_bases-y-condiciones-deport-center.pdf,
62,MyShuzz,Cuotas sin intereses,6 cuotas sin intereses,2026-12-31,Del 23 de enero al 31 de diciembre del 2026.,2026-12-31,"• Hasta 6 cuotas sin intereses para tarjetas de afinidad Clásicas, Oro, Experience. Black, Black Premier, Metalcard Premier, Platinum e Infinite Premier del Banco GNB Paraguay.","• Pagos realizados con tarjetas de crédito Banco GNB Paraguay S.A.E.C.A. • Pagos realizados con tarjetas de crédito física, Apple Pay, Google Pay y/o QR en POS adheridos a la procesadora . • No participan de la promoción las tarjetas de débito y crédito de afinidades Empresariales, Corporativas, Gift Card, Gourmet y Prepagas. • La promoción aplica todos los días durante el periodo de promoción. • No acumulable con otras promociones. • Los reclamos serán considerados válidos únicamente en base al último documento actualizado, el cual debe corresponder al que se encuentre vigente en la fecha de la compra reclamada.",1,8a07e44939f36faa7ced6d089476d4c5b5f2de0d4add81dbbdd430fc47c517f2,https://www.beneficiosbancognb.com.py/v2/beneficios/categorias/62,https://www.beneficiosbancognb.com.py/imagenes/3641_bases-y-condiciones-myshuzz-002-.pdf,
518,Hiperfiesta,Días GNB,20% de descuento todos los días.,2026-12-31,Del 02 de enero al 31 de diciembre del 2026.,2026-12-31,"• 20% de descuento para pagos con tarjetas de crédito Mastercard Clásicas, Oro, Black, Black Premier y Metalcard Premier del Banco GNB Paraguay.","• Pagos realizados con tarjetas de crédito Mastercard Banco GNB Paraguay S.A.E.C.A. • Pagos realizados con tarjetas de crédito física, Apple Pay, Google Pay y/o QR en POS adheridos a la procesadora . • No participan de la promoción las tarjetas de débito y crédito; Visa, de afinidades Empresariales, Corporativas, Gift Card, Gourmet y Prepagas. • No aplica para pagos realizados a través de plataformas de terceros y/o e-commerce. • No acumulable con otras promociones. • La promoción aplica todos los días dentro del periodo de vigencia de la promoción. • Tope de compra mensual: Gs. 500.000 (guaraníes quinientos mil) por cuenta de tarjeta de crédito (incluye titulares y adicionales). • Los reclamos serán considerados válidos únicamente en base al último documento actualizado, el cual debe corresponder al que se encuentre vigente en la fecha de la compra reclamada.",1,4c6dbc0afc3acad3c94c9b368b67c92e494be41a7e353fd1c5d6055170fdcad2,https://www.beneficiosbancognb.com.py/v2/beneficios/categorias/518,https://www.beneficiosbancognb.com.py/imagenes/4858_bases-y-condiciones-hiperfiesta-002-.pdf,
631,Agrofield – Fauna Town,Días GNB,20% de reintegro + Hasta 6 cuotas sin intereses los días jueves y viernes de la tercera semana del mes.,2026-12-18,Del 16 de julio al 18 de diciembre del 2026.,2026-12-18,"• 20% de reintegro para pagos con tarjetas de crédito Mastercard Clásicas, Oro, Black, Black Premier y Metalcard Premier del Banco GNB Paraguay. • Hasta 6 cuotas sin intereses para pagos con tarjetas de crédito del Banco GNB Paraguay.","• Pagos realizados con tarjetas de crédito Mastercard Banco GNB Paraguay S.A.E.C.A. • Pagos realizados con tarjetas de crédito física, Apple Pay, Google Pay y/o QR en POS adheridos a la procesadora . • No participan de la promoción las tarjetas de débito y crédito; Visa, de afinidades Empresariales, Corporativas, Gift Card, Gourmet y Prepagas. • El beneficio aplica única y exclusivamente a compras en tiendas físicas de Agrofield y Fauna Town. • No acumulable con otras promociones. • La promoción aplica única y exclusivamente los jueves y viernes de la tercera semana de cada mes dentro del periodo de la promoción. • Tope de compra mensual: Gs. 2.500.000 (guaraníes dos millones quinientos mil) por cuenta de tarjeta de crédito, incluye titulares y adicionales. • Los reclamos serán considerados válidos únicamente en base al último documento actualizado, el cual debe corresponder al que se encuentre vigente en la fecha de la compra reclamada.",2,27eb6322c85400f0b080c98e5de3a0801eb8e422a688d07b458f761dec447bdb,https://www.beneficiosbancognb.com.py/v2/beneficios/categorias/631,https://www.beneficiosbancognb.com.py/imagenes/5207_bases-y-condiciones-agrofield-fauna-town-002-.pdf,
299,Tienda Piccolino,Días GNB,20% off + 6 cuotas sin intereses.,2026-12-31,Del 15 de enero al 31 de diciembre del 2026.,2026-12-31,"• 20% de descuento para pagos con tarjetas de crédito Mastercard afinidades Clàsicas, Oro, Black, Black Premier y Metalcard Premier del Banco GNB Paraguay. • Hasta 6 cuotas sin intereses para pagos con tarjetas de crédito del Banco GNB Paraguay.","• Pagos realizados con tarjetas de crédito Banco GNB Paraguay S.A.E.C.A. • Pagos realizados con tarjetas de crédito física, Apple Pay, Google Pay y/o QR en POS adheridos a la procesadora . • No participan de la promoción las tarjetas de débito y crédito de afinidades Empresariales, Corporativas, Gift Card, Gourmet y Prepagas. • La promoción de cuotas sin intereses aplica todos los días durante el periodo de promoción. • La promoción de descuento aplica todos los JUEVES y VIERNES dentro del periodo de la promoción. • No acumulable con otras promociones. • Los reintegros serán reflejados de manera automática en el extracto del cliente, en un período de 24 a 48hs hábiles luego de la compra. • Tope de compra: Gs.1.500.000 (guaraníes un millón quinientos mil) por cuenta de tarjeta de crédito (Incluye titulares y adicionales) equivalente a un reintegro máximo mensual en el extracto de Gs. 150.000 (guaraníes ciento cincuenta mil). • Los reclamos serán considerados válidos únicamente en base al último documento actualizado, el cual debe corresponder al que se encuentre vigente en la fecha de la compra reclamada.",1,b14e8fd99546d685c031e09fe2da7a466511a24d4ff1ef8e938a418805d17010,https://www.beneficiosbancognb.com.py/v2/beneficios/categorias/299,https://www.beneficiosbancognb.com.py/imagenes/4088_bases-y-condiciones-tienda-piccolino-002-.pdf,
116,Cole Haan,Días GNB,25% off los viernes + 6 cuotas sin intereses,2026-11-27,Del 23 de enero al 27 de noviembre del 2026.,2026-11-27,"• 25% de descuento para pagos con tarjetas de crédito afinidades Black, Black Premier y Metalcard Premier del Banco GNB Paraguay los días viernes. • 20% de descuento para pagos con tarjetas de crédito afinidades Clàsicas, Oro, Experience, Platinum e Infinite del Banco GNB Paraguay los días viernes. • Hasta 6 cuotas sin intereses para pagos con tarjetas de crédito del Banco GNB Paraguay.","• Pagos realizados con tarjetas de crédito Banco GNB Paraguay S.A.E.C.A. • Pagos realizados con tarjetas de crédito física, Apple Pay, Google Pay y/o QR en POS adheridos a la procesadora . • No participan de la promoción las tarjetas de débito y crédito de afinidades Empresariales, Corporativas, Gift Card, Gourmet y Prepagas. • La promoción de cuotas sin intereses aplica todos los días durante el periodo de promoción. • La promoción de descuento aplica todos los viernes dentro del periodo de la promoción. • No acumulable con otras promociones. • Los reintegros serán reflejados de manera automática en el extracto del cliente, en un período de 24 a 48hs hábiles luego de la compra. • El descuento en caja no aplica en la compra de Gift Cards. • Beneficio no aplica a compras e-commerce. • Tope de compra mensual: Gs. 1.500.000 (guaraníes un millón quinientos mil) para tarjetas de crédito Mastercard y Visa Clásicas, Oro Platinum e Infinite. y Gs. 3.000.000 (guaraníes tres millones) para tarjetas de crédito Mastercard Black, Black Premier y Metalcard Premier el cual aplica en forma conjunta a todos los locales de los comercios adheridos. • Los reclamos serán considerados válidos únicamente en base al último documento actualizado, el cual debe corresponder al que se encuentre vigente en la fecha de la compra reclamada.",2,11b191cdb4eee120e25a7d5b60ba1f04d82c5387023f48a679d29f0599c4bbd8,https://www.beneficiosbancognb.com.py/v2/beneficios/categorias/116,https://www.beneficiosbancognb.com.py/imagenes/2835_bases-y-condiciones-guatapora-agosto-2026.pdf,
630,Cat Town – Agrofield Web,Días GNB,20& de reintegro + Hasta 6 cuotas sin intereses los días jueves.,2026-12-31,Del 02 de julio al 31 de diciembre del 2026.,2026-12-31,"• 20% de reintegro para pagos con tarjetas de crédito Mastercard Clásicas, Oro, Black, Black Premier y Metalcard Premier del Banco GNB Paraguay. • Hasta 6 cuotas sin intereses para pagos con tarjetas de crédito del Banco GNB Paraguay.","• Pagos realizados con tarjetas de crédito Mastercard Banco GNB Paraguay S.A.E.C.A. • Pagos realizados con tarjetas de crédito física, Apple Pay, Google Pay y/o QR en POS adheridos a la procesadora . • No participan de la promoción las tarjetas de débito y crédito; Visa, de afinidades Empresariales, Corporativas, Gift Card, Gourmet y Prepagas. • El beneficio aplica única y exclusivamente a compras web vía pagos online. • No acumulable con otras promociones. • La promoción aplica todos los jueves dentro del periodo de vigencia de la promoción. • Tope de compra mensual: Gs. 500.000 (guaraníes quinientos mil) por cuenta de tarjeta de crédito, incluye titulares y adicionales. • Los reclamos serán considerados válidos únicamente en base al último documento actualizado, el cual debe corresponder al que se encuentre vigente en la fecha de la compra reclamada.",1,a83ec5b70ef208ad945c050af9af9ca84844070b86e8fd05077e5b9efd7d06b0,https://www.beneficiosbancognb.com.py/v2/beneficios/categorias/630,https://www.beneficiosbancognb.com.py/imagenes/5204_bases-y-condiciones-cat-town-agrofield-web-003-.pdf,
274,Librería Nova,Días GNB,20% de descuento + Hasta 6 cuotas sin intereses.,2026-11-30,Del 16 de junio al 30 de noviembre del 2026.,2026-11-30,• 20% de reintegro para pagos con tarjetas de crédito Mastercard del Banco GNB Paraguay. • Hasta 6 cuotas sin intereses para pagos con tarjetas de crédito del Banco GNB Paraguay.,"• Pagos realizados con tarjetas de crédito Mastercard Banco GNB Paraguay S.A.E.C.A. • Pagos realizados con tarjetas de crédito física, Apple Pay, Google Pay y/o QR en POS adheridos a la procesadora . • No participan de la promoción las tarjetas de débito, crédi to de af inidades Empresariales, Corporativas, Gift Card, Gourmet y Prepagas. • No aplica para pagos realizados a través de plataformas de terceros y/o e-commerce. • No acumu lable con otras promociones. • La promoción apli ca de lunes a sábados dentro del periodo de vigencia de la promoción. • Tope de compra mensual: Gs. 600.000 (guaraníes seiscientos mil) por cu enta de tarjeta de crédi to Incluye titulares y adicional es. • Los reclamos serán considerados válidos únicament e en base al últ imo documento actual izado, el cu al debe corresponder al que se en cuen tre vigente en la fecha de la compra reclamada.",1,24acafd98feb1da8f5af94b5d7f018a6b96e3ffaf87c7c87acffb02bd039c8cd,https://www.beneficiosbancognb.com.py/v2/beneficios/categorias/274,https://www.beneficiosbancognb.com.py/imagenes/3823_gnb-byc-nova-2026.pdf,
508,Todo Cubierta,Días GNB,"20% de descuento en servicios, 5% en productos + Hasta 12 cuotas sin intereses.",2026-12-31,Del 08 de enero al 31 de diciembre del 2026.,2026-12-31,"• Hasta 20% de descuento para pagos con tarjetas de crédito del Banco GNB Paraguay. • Hasta 12 cuotas sin intereses para tarjetas de crédito Mastercard Clásicas, Oro, Black, Black Premier y Metalcard Premier del Banco GNB Paraguay.","• Pagos realizados con tarjetas de crédito Banco GNB Paraguay S.A.E.C.A. • Pagos realizados con tarjetas de crédito física, Apple Pay, Google Pay y/o QR en POS adheridos a la procesadora . • No participan de la promoción las tarjetas de débito y crédito; Visa, de afinidades Empresariales, Corporativas, Gift Card, Gourmet y Prepagas. • No aplica para pagos realizados a través de plataformas de terceros y/o e-commerce. • No acumulable con otras promociones. • La promoción aplica todos los días dentro del periodo de vigencia de la promoción. • Los reclamos serán considerados válidos únicamente en base al último documento actualizado, el cual debe corresponder al que se encuentre vigente en la fecha de la compra reclamada.",1,299ae8f19dc44d9075adfde6580f1c753de3941758eea687bb740991c7aee8ef,https://www.beneficiosbancognb.com.py/v2/beneficios/categorias/508,https://www.beneficiosbancognb.com.py/imagenes/4816_bases-y-condiciones-todo-cubierta.pdf,
643,Casa Pro,Cuotas sin intereses,Hasta 12 cuotas sin intereses todos los días,2026-12-31,Del 26 de agosto al 31 de diciembre del 2026.,2026-12-31,• Hasta 12 cuotas sin intereses con las tarjetas de crédi to del Banco GNB Paraguay.,"• Pagos realizados con tarjetas de crédito Banco GNB Paraguay S.A.E.C.A. • Pagos realizados con tarjetas de crédi to física, Apple Pay, Google Pay y/o QR en POS adheri dos a la procesadora . • No participan de la promoción las tarjetas de débito y crédi to de af inidades Empresariales, Corporativas, Gift Card, Gourmet y Prepagas. • La promoción apli ca todos los días durante el periodo de promoción. • No acumu lable con otras promociones. • Los reclamos serán considerados válidos únicament e en base al últ imo documento actual izado, el cu al debe corresponder al que se en cuen tre vigente en la fecha de la compra reclamada.",1,e547086c48639d62de1e1307ac7c6ef1d759bac321c7dcd2d93c9425588dc89d,https://www.beneficiosbancognb.com.py/v2/beneficios/categorias/643,https://www.beneficiosbancognb.com.py/imagenes/5267_gnb-byc-casapro.pdf,
488,Penina Shoes - Galan For Men,Días GNB,20% de descuento los días sábados.,2026-11-28,Del 04 de julio al 28 de noviembre del 2026.,2026-11-28,"• 20% de descuento para pagos con tarjetas de crédito Mastercard Clásicas, Oro, Black, Black Premier y Metalcard Premier del Banco GNB Paraguay.","• Pagos realizados con tarjetas de crédito Mastercard Banco GNB Paraguay S.A.E.C.A. • Pagos realizados con tarjetas de crédito física, Apple Pay, Google Pay y/o QR en POS adheridos a la procesadora . • No participan de la promoción las tarjetas de débito y crédito; Visa, de afinidades Empresariales, Corporativas, Gift Card, Gourmet y Prepagas. • No aplica para pagos realizados a través de plataformas de terceros y/o e-commerce. • No acumulable con otras promociones. • La promoción aplica todos los sábados dentro del periodo de vigencia de la promoción. • Tope de compra mensual: Gs. 1.000.000 (guaraníes un milón) por cuenta de tarjeta de crédito (incluye titulares y adicionales). • Los reclamos serán considerados válidos únicamente en base al último documento actualizado, el cual debe corresponder al que se encuentre vigente en la fecha de la compra reclamada.",1,06becda00feda1f30a72d5197836d475cf2695a18035a7ef625059b528233f0f,https://www.beneficiosbancognb.com.py/v2/beneficios/categorias/488,https://www.beneficiosbancognb.com.py/imagenes/4761_bases-y-condiciones-penina-shoes-galan-for-men-003-.pdf,
324,Forever 21,Días GNB,Hasta 25% de descuento los jueves y viernes + Hasta 6 cuotas sin intereses todos los días.,2026-11-27,Del 03 de septiembre al 27 de noviembre del 2026.,2026-11-27,• Hasta 25% de descuento para pagos con tarjetas de crédito del Banco GNB Paraguay todos los jueves y viernes. 20% de descuento para pagos con tarjetas de crédito del Banco GNB Paraguay (5% en caja + 15% con tarjetas de crédito físicas). +5% de descuento adicional para pagos con QR con tarjetas de crédito a través de la App Banco GNB Personas. • Hasta 6 cuotas sin intereses todos los días para pagos con tarjetas de crédito del Banco GNB Paraguay.,"• Pagos realizados con tarjetas de crédito Banco GNB Paraguay S.A.E.C.A. • Pagos realizados con tarjetas de crédito física, Apple Pay, Google Pay y/o QR en POS adheridos a la procesadora . • No participan de la promoción las tarjetas de débito y crédito de afinidades Empresariales, Corporativas, Gift Card, Gourmet y Prepagas. • La promoción de descuento aplica todos los jueves y viernes dentro del periodo de la promoción. • La promoción de cuotas sin intereses aplica todos los días durante el periodo de promoción. • No acumulable con otras promociones. • Tope de compra mensual: Gs. 2.500.000 (guaraníes dos millones quinientos mil) por cuenta de tarjeta de crédito (incluye titulares y adicionales), el cual aplica en forma conjunta a todos los locales de los comercios adheridos (Springfield, Women Secret, Forever 21, Jack & Jones). • El descuento en caja no aplica en la compra de Gift Cards. • Los reintegros serán reflejados de manera automática en el extracto del cliente, en un período de 24 a 48hs hábiles luego de la compra. • Los reclamos serán considerados válidos únicamente en base al último documento actualizado, el cual debe corresponder al que se encuentre vigente en la fecha de la compra reclamada.",2,c54704675bb77482f7534b7b8d03e2a0dc3bc8b8f68dd591128a1eddcc4f5c80,https://www.beneficiosbancognb.com.py/v2/beneficios/categorias/324,https://www.beneficiosbancognb.com.py/imagenes/4260_bases-y-condiciones-springfield-women-secret-forever-21-jack-jones-septiembre.pdf,
15,Kube,Cuotas sin intereses,Cuotas sin intereses todos los días.,2026-12-31,Del 05 de enero al 31 de diciembre del 2026.,2026-12-31,• Hasta 12 cuotas sin intereses para pagos con tarjetas de crédito del Banco GNB Paraguay.,"• Pagos realizados con tarjetas de crédito Banco GNB Paraguay S.A.E.C.A. • Pagos realizados con tarjetas de crédito física, Apple Pay, Google Pay y/o QR en POS adheridos a la procesadora . • No participan de la promoción las tarjetas de débito, de afinidades Empresariales, Corporativas, Gift Card, Gourmet y Prepagas. • La promoción aplica todos los días durante el periodo de promoción. • No acumulable con otras promociones. • Los reclamos serán considerados válidos únicamente en base al último documento actualizado, el cual debe corresponder al que se encuentre vigente en la fecha de la compra reclamada.",1,ed3f3efc450a6d2815fec8ca00c686925b67a0fbc91ef9fca981076bc247a657,https://www.beneficiosbancognb.com.py/v2/beneficios/categorias/15,https://www.beneficiosbancognb.com.py/imagenes/2479_bases-y-condiciones-kube.pdf,
637,For Pets,Días GNB,20% de descuento todos los días.,2026-12-31,Del 14 de julio al 31 de diciembre del 2026.,2026-12-31,"• 20% de descuento para pagos con tarjetas de crédito Mastercard Black, Black Premier y Metalcard Premier del Banco GNB Paraguay.","• Pagos realizados con tarjetas de crédito Mastercard Banco GNB Paraguay S.A.E.C.A. • Pagos realizados con tarjetas de crédito física, Apple Pay, Google Pay y/o QR en POS adheridos a la procesadora . • No participan de la promoción las tarjetas de débito y crédito; Visa, de afinidades Empresariales, Corporativas, Gift Card, Gourmet y Prepagas. • No aplica para pagos realizados a través de plataformas de terceros y/o e-commerce. • No acumulable con otras promociones. • La promoción aplica todos los dìas dentro del periodo de vigencia de la promoción. • Tope de compra mensual: Gs. 300.000 (guaraníes trescientos mil) por cuenta de tarjeta de crédito Incluye titulares y adicionales, (aplica en forma conjunta a los dos comercios adheridos). • Los reclamos serán considerados válidos únicamente en base al último documento actualizado, el cual debe corresponder al que se encuentre vigente en la fecha de la compra reclamada.",1,28f69d298763e5f8c8cea9dfe859c5b778c9b93c8cfbab9d684c37ebddd8a260,https://www.beneficiosbancognb.com.py/v2/beneficios/categorias/637,https://www.beneficiosbancognb.com.py/imagenes/5251_bases-y-condiciones-for-pets.pdf,
179,Urban Haus,Días GNB,25% off los jueves y viernes + 6 cuotas sin intereses,2026-11-27,Del 08 de enero al 27 de noviembre del 2026.,2026-11-27,"• 25% de descuento para pagos con tarjetas de crédito afinidades Black, Black Premier y Metalcard Premier del Banco GNB Paraguay los días jueves y viernes. • 20% de descuento para pagos con tarjetas de crédito afinidades Clàsicas, Oro, Experience, Platinum e Infinite del Banco GNB Paraguay los días jueves y viernes. • Hasta 6 cuotas sin intereses para pagos con tarjetas de crédito del Banco GNB Paraguay.","• Pagos realizados con tarjetas de crédito Banco GNB Paraguay S.A.E.C.A. • Pagos realizados con tarjetas de crédito física, Apple Pay, Google Pay y/o QR en POS adheridos a la procesadora . • No participan de la promoción las tarjetas de débito y crédito de afinidades Empresariales, Corporativas, Gift Card, Gourmet y Prepagas. • Beneficio no aplica a compras vía web. • La promoción de cuotas sin intereses aplica todos los días durante el periodo de promoción. • La promoción de descuento aplica todos los jueves y viernes dentro del periodo de la promoción. • No acumulable con otras promociones. • El descuento en caja no aplica en la compra de Gift Cards. • Los reintegros serán reflejados de manera automática en el extracto del cliente, en un período de 24 a 48hs hábiles luego de la compra. • Tope de compra mensual: Gs. 2.000.000 (guaranies dos millones) por cuenta de tarjeta de crédito (incluye titulares y adicionales). • Los reclamos serán considerados válidos únicamente en base al último documento actualizado, el cual debe corresponder al que se encuentre vigente en la fecha de la compra reclamada.",1,2933857302e3ae232e5687db604f8f4ddfe23ab8da525f155b4ffa5e4670ae6d,https://www.beneficiosbancognb.com.py/v2/beneficios/categorias/179,https://www.beneficiosbancognb.com.py/imagenes/2890_bases-y-condiciones-urban-haus-002-.pdf,
48,Body Club,Días GNB,25% off los jueves y viernes + 6 cuotas sin intereses,2026-11-27,Del 08 de enero al 27 de noviembre del 2026.,2026-11-27,"• 25% de descuento para pagos con tarjetas de crédito afinidades Black, Black Premier y Metalcard Premier del Banco GNB Paraguay los días jueves y viernes. • 20% de descuento para pagos con tarjetas de crédito afinidades Clàsicas, Oro, Experience, Platinum e Infinite del Banco GNB Paraguay los días jueves y viernes. • Hasta 6 cuotas sin intereses para pagos con tarjetas de crédito del Banco GNB Paraguay.","• Pagos realizados con tarjetas de crédito Banco GNB Paraguay S.A.E.C.A. • Pagos realizados con tarjetas de crédito física, Apple Pay, Google Pay y/o QR en POS adheridos a la procesadora . • No participan de la promoción las tarjetas de débito y crédito de afinidades Empresariales, Corporativas, Gift Card, Gourmet y Prepagas. • Beneficio no aplica a compras vía web. • La promoción de cuotas sin intereses aplica todos los días durante el periodo de promoción. • La promoción de descuento aplica todos los jueves y viernes dentro del periodo de la promoción. • No acumulable con otras promociones. • Los reintegros serán reflejados de manera automática en el extracto del cliente, en un período de 24 a 48hs hábiles luego de la compra. • Tope de compra mensual: Gs. 1.000.000 (guaraníes un millón) por cuenta de tarjeta de crédito (Incluye titulares y adicionales). • Los reclamos serán considerados válidos únicamente en base al último documento actualizado, el cual debe corresponder al que se encuentre vigente en la fecha de la compra reclamada.",1,14b70c4eb47689a5043541154b8ecf9e99ec61215aaf3b46ab3da1fec38dcf02,https://www.beneficiosbancognb.com.py/v2/beneficios/categorias/48,https://www.beneficiosbancognb.com.py/imagenes/2539_bases-y-condiciones-body-club.pdf,
585,RND,Días GNB,Hasta 25% de descuento + Hasta 6 cuotas sin intereses.,2026-11-26,Del 03 de septiembre al 26 de noviembre del 2026.,2026-11-26,"• 25% de descuento para pagos con tarjetas de crédito afinidades Black, Black Premier y Metalcard Premier del Banco GNB Paraguay. • 20% de descuento para pagos con tarjetas de crédito afinidades Clásicas, Oro, Experience, Platinum e Infinite del Banco GNB Paraguay. • Hasta 6 cuotas sin intereses todos los días para pagos con tarjetas de crédito del Banco GNB Paraguay.","• Pagos realizados con tarjetas de crédito Banco GNB Paraguay S.A.E.C.A. • Pagos realizados con tarjetas de crédito física, Apple Pay, Google Pay y/o QR en POS adheridos a la procesadora . • El beneficio de descuento aplica únicamente el primer y último jueves de cada mes durante el periodo de promoción. • El beneficio de cuotas sin intereses aplica todos los días durante el periodo de promoción. • No participan de la promoción las tarjetas de débito y crédito de afinidades Empresariales, Corporativas, Gift Card, Gourmet y Prepagas. • No acumulable con otras promociones. • Los reintegros serán reflejados de manera automática en el extracto del cliente, en un período de 24 a 48hs hábiles luego de la compra. • El descuento en caja no aplica en la compra de Gift Cards. • Tope de compra mensual: Gs. 2.000.000 (guaraníes dos millones) por cuenta de tarjeta de crédito (incluye titulares y adicionales), el cual aplica en forma conjunta a todos los locales de los comercios adheridos. • Los reclamos serán considerados válidos únicamente en base al último documento actualizado, el cual debe corresponder al que se encuentre vigente en la fecha de la compra reclamada.",3,9f3b6b515448ddf4e8fd74c922a89a2cd4abce3b953fb164cbcde4107b31adff,https://www.beneficiosbancognb.com.py/v2/beneficios/categorias/585,https://www.beneficiosbancognb.com.py/imagenes/4835_bases-y-condiciones-eneache-rondina-rdn-estilo-sur.pdf,
300,El Club del Sommelier,Días GNB,30% de reintegro en membresías.,2026-12-31,Del 06 de julio al 31 de diciembre del 2026.,2026-12-31,"• 30% de reintegro en membresías para pagos con tarjetas de crédito Mastercard afinidades Black, Black Premier y Metalcard Premier, y Visa afinidades Platinum e Infinite Premier del Banco GNB Paraguay.","• Exclusivo para pagos realizados con tarjetas de crédito del Banco GNB Paraguay S.A.E.C.A. • Pagos realizados con tarjetas de crédito física, Apple Pay, Google Pay y/o QR en POS adheridos a la procesadora . • No participan de la promoción las tarjetas de débito; tarjetas de crédito Clásicas y Oro; afinidades Empresariales, Corporativas, Gift Card, Gourmet Card y Prepagas. • La promoción aplica todos los días dentro del periodo de vigencia de la promoción. • Beneficio no acumulable con otras promociones. • Tope de compra mensual: Gs. 900.000 (guaranies novecientos mil) por cuenta de tarjeta de crédito (incluye titulares y adicionales). • Los reclamos serán considerados válidos únicamente en base al último documento actualizado, el cual debe corresponder al que se encuentre vigente en la fecha de la compra reclamada.",1,ff7dd02345440589f98d4a41c594a68cc7d696ee8c2730e7db9406de33ef977e,https://www.beneficiosbancognb.com.py/v2/beneficios/categorias/300,https://www.beneficiosbancognb.com.py/imagenes/4090_bases-y-condiciones-el-club-del-sommelier-julio.pdf,
502,De La Sobera,Cuotas sin intereses,Hasta 12 cuotas sin intereses todos los días.,2026-12-31,Del 05 de enero al 31 de diciembre del 2026.,2026-12-31,• Hasta 12 cuotas sin intereses para pagos con tarjetas de crédito del Banco GNB Paraguay.,"• Pagos realizados con tarjetas de crédito Banco GNB Paraguay S.A.E.C.A. • Pagos realizados con tarjetas de crédito física, Apple Pay, Google Pay y/o QR en POS adheridos a la procesadora . • No participan de la promoción las tarjetas de débito, de afinidades Empresariales, Corporativas, Gift Card, Gourmet y Prepagas. • La promoción aplica todos los días durante el periodo de promoción. • No acumulable con otras promociones. • Los reclamos serán considerados válidos únicamente en base al último documento actualizado, el cual debe corresponder al que se encuentre vigente en la fecha de la compra reclamada.",1,982475c9e78f6e86185c6a0a676fe4098df7e98fe91fb20db955784e5f4eac35,https://www.beneficiosbancognb.com.py/v2/beneficios/categorias/502,https://www.beneficiosbancognb.com.py/imagenes/4804_bases-y-condiciones-de-la-sobera.pdf,
100,Denoir,Días GNB,Hasta 25% de descuento los jueves y viernes + Hasta 12 cuotas sin intereses todos los días.,2026-11-27,Del 22 de enero al 27 de noviembre del 2026.,2026-11-27,"• 25% de descuento para pagos con tarjetas de crédito afinidades Black, Black Premier y Metalcard Premier del Banco GNB Paraguay los días jueves y viernes. • 20% de descuento para pagos con tarjetas de crédito afinidades Clàsicas, Oro, Experience, Platinum e Infinite del Banco GNB Paraguay los días jueves y viernes. • Hasta 12 cuotas sin intereses para pagos con tarjetas de crédito del Banco GNB Paraguay.","• Pagos realizados con tarjetas de crédito Banco GNB Paraguay S.A.E.C.A. • Pagos realizados con tarjetas de crédito física, Apple Pay, Google Pay y/o QR en POS adheridos a la procesadora . • No participan de la promoción las tarjetas de débito y crédito de afinidades Empresariales, Corporativas, Gift Card, Gourmet y Prepagas. • La promoción de cuotas sin intereses aplica todos los días durante el periodo de promoción. • La promoción de descuento aplica todos los Jueves y Viernes dentro del periodo de la promoción. • No aplica a compras a través del e-commerce. • No acumulable con otras promociones. • Tope de compra mensual: Gs. 10.000.000 (guaranies diez millones) por cuenta de tarjeta de crédito (incluye titulares y adicionales). • Los reintegros serán reflejados de manera automática en el extracto del cliente, en un período de 24 a 48hs hábiles luego de la compra. • Los reclamos serán considerados válidos únicamente en base al último documento actualizado, el cual debe corresponder al que se encuentre vigente en la fecha de la compra reclamada.",2,9819f93cd8d2bf514e9980c447066df0ad7dc0b3f590d249d85657c6ef51b8e3,https://www.beneficiosbancognb.com.py/v2/beneficios/categorias/100,https://www.beneficiosbancognb.com.py/imagenes/1056_bases-y-condiciones-denoir-002-.pdf,
491,Artemera,Días GNB,Hasta 25% de descuento los días viernes + Hasta 6 cuotas sin intereses todos los días.,2026-11-27,Del 11 de septiembre al 27 de noviembre del 2026.,2026-11-27,"• 25% de descuento para pagos con tarjetas de crédito Mastercard afinidades Black, Black Premier y Metalcard Premier del Banco GNB Paraguay. • 20% de descuento para pagos con tarjetas de crédito Mastercard afinidades Clásicas y Oro del Banco GNB Paraguay. • Hasta 6 cuotas sin intereses todos los días para pagos con tarjetas de crédito del Banco GNB Paraguay.","• Pagos realizados con tarjetas de crédito Banco GNB Paraguay S.A.E.C.A. • Pagos realizados con tarjetas de crédito física, Apple Pay, Google Pay y/o QR en POS adheridos a la procesadora . • El beneficio de descuento aplica únicamente los viernes durante el periodo de promoción. • El beneficio de cuotas sin intereses aplica todos los días durante el periodo de promoción. • No participan de la promoción las tarjetas de débito y crédito de afinidades Empresariales, Corporativas, Gift Card, Gourmet y Prepagas. • No acumulable con otras promociones. • Los reintegros serán reflejados de manera automática en el extracto del cliente, en un período de 24 a 48hs hábiles luego de la compra. • El descuento en caja no aplica en la compra de Gift Cards. • Tope de compra mensual: Gs. 1.500.000 (guaraníes un millón quinientos mil) por cuenta de tarjeta de crédito (incluye titulares y adicionales), el cual aplica en forma conjunta a todos los locales de los comercios adheridos. • Los reclamos serán considerados válidos únicamente en base al último documento actualizado, el cual debe corresponder al que se encuentre vigente en la fecha de la compra reclamada.",2,1cc67b0e78980de67731fec0796bfa3c22448f1c877577b23cb98d33c70a1f30,https://www.beneficiosbancognb.com.py/v2/beneficios/categorias/491,https://www.beneficiosbancognb.com.py/imagenes/4768_bases-y-condiciones-artemera.pdf,
369,Asismed,Cuotas sin intereses,Hasta 12 cuotas sin intereses todos los días.,2026-12-31,Del 05 de enero al 31 de diciembre del 2026.,2026-12-31,"• Hasta 12 cuotas sin intereses para pagos en los planes “Exclusivo Superior” y “VIP Plus Superior” con tarjetas de crédito Oro y Experience del Banco GNB Paraguay. • Hasta 12 cuotas sin intereses para pagos en el plan “Premium Asismed” con tarjetas de crédito Black, Black Premier, Metalcard Premier, Platinum e Infinite Premier del Banco GNB Paraguay.","• Pagos realizados con tarjetas de crédito Banco GNB Paraguay S.A.E.C.A. • Pagos realizados con tarjetas de crédito física, Apple Pay, Google Pay y/o QR en POS adheridos a la procesadora . • No participan de la promoción las tarjetas de débito, y crédito Clásicas, de afinidades Empresariales, Corporativas, Gift Card, Gourmet y Prepagas. • La promoción aplica todos los días durante el periodo de promoción. • No acumulable con otras promociones. • Los reclamos serán considerados válidos únicamente en base al último documento actualizado, el cual debe corresponder al que se encuentre vigente en la fecha de la compra reclamada.",1,a7650203dc4cc44256888f3486e2f7a65c0e3a37843dff777e0cda2457e659ae,https://www.beneficiosbancognb.com.py/v2/beneficios/categorias/369,https://www.beneficiosbancognb.com.py/imagenes/4339_bases-y-condiciones-asismed.pdf,
128,Tu Almacén FD,Días GNB,Hasta 25% de descuento + Hasta 3 cuotas sin intereses los días viernes.,2026-12-25,Del 24 de julio al 25 de diciembre del 2026.,2026-12-25,"• Hasta 25% de descuento para pagos con tarjetas de crédito Mastercard Black, Black Premier y Metalcard Premier del Banco GNB Paraguay. • Hasta 20% de descuento para pagos con tarjetas de crédito Mastercard Clásicas y Oro del Banco GNB Paraguay. • Hasta 3 cuotas sin intereses para pagos con tarjetas de crédito del Banco GNB Paraguay.","• Pagos realizados con tarjetas de crédito Mastercard Banco GNB Paraguay S.A.E.C.A. • Pagos realizados con tarjetas de crédito física, Apple Pay, Google Pay y/o QR en POS adheridos a la procesadora . • No participan de la promoción las tarjetas de débito, de afinidades Empresariales, Corporativas, Gift Card, Gourmet y Prepagas. • La promoción aplica todos los viernes durante el periodo de promoción. • No acumulable con otras promociones. • Tope de compra mensual: Gs. 1.000.000 (guaraníes un millón) por cuenta de tarjeta de crédito (Incluye titulares y adicionales). • Los reclamos serán considerados válidos únicamente en base al último documento actualizado, el cual debe corresponder al que se encuentre vigente en la fecha de la compra reclamada.",1,af64e292bdcab07b74e41aad7f18e194031e6bcc2dca25117a9601605bb89406,https://www.beneficiosbancognb.com.py/v2/beneficios/categorias/128,https://www.beneficiosbancognb.com.py/imagenes/4614_bases-y-condiciones-tu-almacen-fd-002-.pdf,
609,Super Sac Supermercado,Días GNB,15% de reintegro los días jueves.,2026-09-24,Del 16 de abril al 24 de septiembre del 2026.,2026-09-24,"• 15% de reintegro para pagos con tarjetas de crédito Mastercard Clásicas, Oro, Black, Black Premier y Metalcard Premier del Banco GNB Paraguay.","• Pagos realizados con tarjetas de crédito Mastercard Banco GNB Paraguay S.A.E.C.A. • Pagos realizados con tarjetas de crédito física, Apple Pay, Google Pay y/o QR en POS adheridos a la procesadora . • No participan de la promoción las tarjetas de débito y crédito; Visa, de afinidades Empresariales, Corporativas, Gift Card, Gourmet y Prepagas. • No acumulable con otras promociones. • La promoción aplica todos los jueves dentro del periodo de vigencia de la promoción. • Tope de compra mensual: Gs. 1.500.000 (guaraníes un millón quinientos mil) por cuenta de tarjeta de crédito Incluye titulares y adicionales, el cual aplica en forma conjunta a los locales de los comercios adheridos. • Los reclamos serán considerados válidos únicamente en base al último documento actualizado, el cual debe corresponder al que se encuentre vigente en la fecha de la compra reclamada.",1,396be7bdb34f8ee48d950e592f74ddaccaf207b21aa415a9b1456dfb9c4beae3,https://www.beneficiosbancognb.com.py/v2/beneficios/categorias/609,https://www.beneficiosbancognb.com.py/imagenes/5113_bases-y-condiciones-super-sac-supermercado-l%C3%ADder-supermercado.pdf,
610,Líder Supermercado,Días GNB,15% de reintegro los días jueves.,2026-09-24,Del 16 de abril al 24 de septiembre del 2026.,2026-09-24,"• 15% de reintegro para pagos con tarjetas de crédito Mastercard Clásicas, Oro, Black, Black Premier y Metalcard Premier del Banco GNB Paraguay.","• Pagos realizados con tarjetas de crédito Mastercard Banco GNB Paraguay S.A.E.C.A. • Pagos realizados con tarjetas de crédito física, Apple Pay, Google Pay y/o QR en POS adheridos a la procesadora . • No participan de la promoción las tarjetas de débito y crédito; Visa, de afinidades Empresariales, Corporativas, Gift Card, Gourmet y Prepagas. • No acumulable con otras promociones. • La promoción aplica todos los jueves dentro del periodo de vigencia de la promoción. • Tope de compra mensual: Gs. 1.500.000 (guaraníes un millón quinientos mil) por cuenta de tarjeta de crédito Incluye titulares y adicionales, el cual aplica en forma conjunta a los locales de los comercios adheridos. • Los reclamos serán considerados válidos únicamente en base al último documento actualizado, el cual debe corresponder al que se encuentre vigente en la fecha de la compra reclamada.",1,396be7bdb34f8ee48d950e592f74ddaccaf207b21aa415a9b1456dfb9c4beae3,https://www.beneficiosbancognb.com.py/v2/beneficios/categorias/610,https://www.beneficiosbancognb.com.py/imagenes/5113_bases-y-condiciones-super-sac-supermercado-l%C3%ADder-supermercado.pdf,
364,CompuMarket,Cuotas sin intereses,Hasta 12 cuotas sin intereses todos los días.,2026-12-31,Del 05 de enero al 31 de diciembre del 2026.,2026-12-31,• Hasta 12 cuotas sin intereses para pagos con tarjetas de crédito del Banco GNB Paraguay.,"• Pagos realizados con tarjetas de crédito Banco GNB Paraguay S.A.E.C.A. • Pagos realizados con tarjetas de crédito física, Apple Pay, Google Pay y/o QR en POS adheridos a la procesadora . • No participan de la promoción las tarjetas de débito, de afinidades Empresariales, Corporativas, Gift Card, Gourmet y Prepagas. • La promoción aplica todos los días durante el periodo de promoción. • No acumulable con otras promociones. • Los reclamos serán considerados válidos únicamente en base al último documento actualizado, el cual debe corresponder al que se encuentre vigente en la fecha de la compra reclamada.",1,3b7d4d383cc11441915f607c3b919cf11e1e74883a36d03c6f55cf7e3c2975a4,https://www.beneficiosbancognb.com.py/v2/beneficios/categorias/364,https://www.beneficiosbancognb.com.py/imagenes/4327_bases-y-condiciones-compumarket.pdf,
219,Juank Servicios y Repuestos,Días GNB,10% Off y hasta 6 cuotas sin intereses,2026-12-31,Del 07 de enero al 31 de diciembre del 2026.,2026-12-31,• 10% de descuento en mano de obra para pagos realizados con las tarjetas de crédito del Banco GNB Paraguay. • Hasta 6 cuotas sin intereses para pagos realizados con las tarjetas de crédito del Banco GNB Paraguay.,"• Pagos realizados con tarjetas de crédito del Banco GNB Paraguay S.A.E.C.A. • Pagos realizados con tarjetas de crédito física, Apple Pay, Google Pay y/o QR en POS adheridos a la procesadora . • No participan de la promoción las tarjetas de débito y crédito; afinidades Empresariales, Corporativas, Gift Card, Gourmet y Prepagas. • Promoción válida todos los días dentro del periodo de la promoción. • No acumulable con otras promociones. • No aplicable a pagos a través del e-commerce. • Los reclamos serán considerados válidos únicamente en base al último documento actualizado, el cual debe corresponder al que se encuentre vigente en la fecha de la compra reclamada.",1,8e539d8723e8d2bc9d2ed649c34ba7a1a5c088c4c47584bc229502615ca7c282,https://www.beneficiosbancognb.com.py/v2/beneficios/categorias/219,https://www.beneficiosbancognb.com.py/imagenes/3430_bases-y-condiciones-juank.pdf,
368,Go Fit Gym,Cuotas sin intereses,Hasta 12 cuotas sin intereses todos los días.,2026-12-31,Del 21 de enero al 31 de diciembre del 2026.,2026-12-31,• Hasta 12 cuotas sin intereses para pagos con tarjetas de crédito del Banco GNB Paraguay. • Pagando la anualidad con tu tarjeta de crédito del Banco GNB Paraguay accede al mes 13 sin costo.,"• Pagos realizados con tarjetas de crédito Banco GNB Paraguay S.A.E.C.A. • Pagos realizados con tarjetas de crédito física, Apple Pay, Google Pay y/o QR en POS adheridos a la procesadora . • No participan de la promoción las tarjetas de débito y crédito de afinidades Empresariales, Corporativas, Gift Card, Gourmet y Prepagas. • La promoción aplica todos los días durante el periodo de promoción. • No acumulable con otras promociones. • Los reclamos serán considerados válidos únicamente en base al último documento actualizado, el cual debe corresponder al que se encuentre vigente en la fecha de la compra reclamada.",1,35ba33160f47972381a56b3fb6e35a61dbbbbb55f8a2e42278e218dc36795a36,https://www.beneficiosbancognb.com.py/v2/beneficios/categorias/368,https://www.beneficiosbancognb.com.py/imagenes/4336_bases-y-condiciones-go-fit-gym-002-.pdf,
342,Óptica Itapúa,Cuotas sin intereses,6 Cuotas sin intereses todos los días.,2026-12-31,Del 05 de enero al 31 de diciembre del 2026.,2026-12-31,• Hasta 6 cuotas sin intereses para pagos con tarjetas de crédito del Banco GNB Paraguay.,"• Pagos realizados con tarjetas de crédito Banco GNB Paraguay S.A.E.C.A. • Pagos realizados con tarjetas de crédito física, Apple Pay, Google Pay y/o QR en POS adheridos a la procesadora . • No participan de la promoción las tarjetas de débito, de afinidades Empresariales, Corporativas, Gift Card, Gourmet y Prepagas. • La promoción aplica todos los días durante el periodo de promoción. • No acumulable con otras promociones. • Los reclamos serán considerados válidos únicamente en base al último documento actualizado, el cual debe corresponder al que se encuentre vigente en la fecha de la compra reclamada.",1,e45a1a025e52fe57c95f47ddfb53e9e43e19a09a149b99ac7e5e9f5020105417,https://www.beneficiosbancognb.com.py/v2/beneficios/categorias/342,https://www.beneficiosbancognb.com.py/imagenes/4247_bases-y-condiciones-%C3%93ptica-itap%C3%BAa.pdf,
351,Ferrex,Cuotas sin intereses,Hasta 12 cuotas sin intereses todos los días.,2026-12-31,Del 05 de enero al 31 de diciembre del 2026.,2026-12-31,• Hasta 12 cuotas sin intereses para pagos con tarjetas de crédito del Banco GNB Paraguay.,"• Pagos realizados con tarjetas de crédito Banco GNB Paraguay S.A.E.C.A. • Pagos realizados con tarjetas de crédito física, Apple Pay, Google Pay y/o QR en POS adheridos a la procesadora . • No participan de la promoción las tarjetas de débito, de afinidades Empresariales, Corporativas, Gift Card, Gourmet y Prepagas. • La promoción aplica todos los días durante el periodo de promoción. • No acumulable con otras promociones. • Los reclamos serán considerados válidos únicamente en base al último documento actualizado, el cual debe corresponder al que se encuentre vigente en la fecha de la compra reclamada.",1,b052744fc392af72efd69f22831264c7ab970f71b855292265730912cbe3394c,https://www.beneficiosbancognb.com.py/v2/beneficios/categorias/351,https://www.beneficiosbancognb.com.py/imagenes/4268_bases-y-condiciones-ferrex.pdf,
572,Jack & Jones,Días GNB,Hasta 25% de descuento los jueves y viernes + Hasta 6 cuotas sin intereses todos los días.,2026-11-27,Del 03 de septiembre al 27 de noviembre del 2026.,2026-11-27,• Hasta 25% de descuento para pagos con tarjetas de crédito del Banco GNB Paraguay todos los jueves y viernes. 20% de descuento para pagos con tarjetas de crédito del Banco GNB Paraguay (5% en caja + 15% con tarjetas de crédito físicas). +5% de descuento adicional para pagos con QR con tarjetas de crédito a través de la App Banco GNB Personas. • Hasta 6 cuotas sin intereses todos los días para pagos con tarjetas de crédito del Banco GNB Paraguay.,"• Pagos realizados con tarjetas de crédito Banco GNB Paraguay S.A.E.C.A. • Pagos realizados con tarjetas de crédito física, Apple Pay, Google Pay y/o QR en POS adheridos a la procesadora . • No participan de la promoción las tarjetas de débito y crédito de afinidades Empresariales, Corporativas, Gift Card, Gourmet y Prepagas. • La promoción de descuento aplica todos los jueves y viernes dentro del periodo de la promoción. • La promoción de cuotas sin intereses aplica todos los días durante el periodo de promoción. • No acumulable con otras promociones. • Tope de compra mensual: Gs. 2.500.000 (guaraníes dos millones quinientos mil) por cuenta de tarjeta de crédito (incluye titulares y adicionales), el cual aplica en forma conjunta a todos los locales de los comercios adheridos (Springfield, Women Secret, Forever 21, Jack & Jones). • El descuento en caja no aplica en la compra de Gift Cards. • Los reintegros serán reflejados de manera automática en el extracto del cliente, en un período de 24 a 48hs hábiles luego de la compra. • Los reclamos serán considerados válidos únicamente en base al último documento actualizado, el cual debe corresponder al que se encuentre vigente en la fecha de la compra reclamada.",2,c54704675bb77482f7534b7b8d03e2a0dc3bc8b8f68dd591128a1eddcc4f5c80,https://www.beneficiosbancognb.com.py/v2/beneficios/categorias/572,https://www.beneficiosbancognb.com.py/imagenes/4260_bases-y-condiciones-springfield-women-secret-forever-21-jack-jones-septiembre.pdf,
492,Jade Bistro & Eminent Bistro,Días GNB,Hasta 20% de reintegro de miércoles a domingos.,2026-12-31,Del 01 de julio al 31 de diciembre del 2026.,2026-12-31,"• 20% de reintegro para pagos con tarjetas de crédito afinidades Mastercard Black Premier y Metalcard Premier del Banco GNB Paraguay. • 15% de reintegro para pagos con tarjetas de crédito afinidades Mastercard Black, y Visa Platinum e Infinite Premier Banco GNB Paraguay.","• Exclusivo para pagos realizados con tarjetas de crédito del Banco GNB Paraguay S.A.E.C.A. • Pagos realizados con tarjetas de crédito física, Apple Pay, Google Pay y/o QR en POS adheridos a la procesadora . • No participan de la promoción las tarjetas de débito; tarjetas de crédito Clásicas, Oro y Experience; afinidades Empresariales, Corporativas, Gift Card, Gourmet Card y Prepagas. • La promoción aplica de miércoles a domingos dentro del periodo de vigencia de la promoción. • Beneficio aplica única y exclusivamente a personas autorizadas para el ingreso a los edificios Jade Park y Eminent. • Beneficio no acumulable con otras promociones. • Tope de compra mensual: Gs. 1.500.000 (guaranies un millón quinientos mil) por cuenta de tarjeta de crédito (incluye titulares y adicionales) en el conjunto de locales adheridos. • Los reclamos serán considerados válidos únicamente en base al último documento actualizado, el cual debe corresponder al que se encuentre vigente en la fecha de la compra reclamada.",1,d05623cf0e93ab0e23d6f04a52ff071f881baa503c83b117f37342a86156d8d1,https://www.beneficiosbancognb.com.py/v2/beneficios/categorias/492,https://www.beneficiosbancognb.com.py/imagenes/4770_bases-y-condiciones-jade-bistro-eminent-bistro-003-.pdf,
573,Aero,Días GNB,25% off los jueves y viernes + 6 cuotas sin intereses,2026-11-27,Del 22 de enero al 27 de noviembre del 2026.,2026-11-27,"• 25% de descuento para pagos con tarjetas de crédito afinidades Black, Black Premier y Metalcard Premier del Banco GNB Paraguay los días jueves y viernes. • 20% de descuento para pagos con tarjetas de crédito afinidades Clàsicas, Oro, Experience, Platinum e Infinite del Banco GNB Paraguay los días jueves y viernes. • Hasta 6 cuotas sin intereses para pagos con tarjetas de crédito del Banco GNB Paraguay.","• Pagos realizados con tarjetas de crédito Banco GNB Paraguay S.A.E.C.A. • Pagos realizados con tarjetas de crédito física, Apple Pay, Google Pay y/o QR en POS adheridos a la procesadora . • No participan de la promoción las tarjetas de débito y crédito de afinidades Empresariales, Corporativas, Gift Card, Gourmet y Prepagas. • La promoción de cuotas sin intereses aplica todos los días durante el periodo de promoción. • La promoción de descuento aplica todos los Jueves y Viernes dentro del periodo de la promoción. • No acumulable con otras promociones. • Los reintegros serán reflejados de manera automática en el extracto del cliente, en un período de 24 a 48hs hábiles luego de la compra. • El descuento en caja no aplica en la compra de Gift Cards. • Se excluyen de la promoción productos de la APF, Cerro Porteño, Olimpia y Libertad. • Tope de compra mensual: Gs. 1.500.000 (guaraníes un millón quinientos mil) para tarjetas de crédito Mastercard y Visa Clásicas, Oro Platinum e Infinite. y Gs. 3.000.000 (guaraníes tres millones) para tarjetas de crédito Mastercard Black, Black Premier y Metalcard Premier. • Los reclamos serán considerados válidos únicamente en base al último documento actualizado, el cual debe corresponder al que se encuentre vigente en la fecha de la compra reclamada.",3,246e0cb9de907eb5055ba296e58fbad623ba6cdd471b9de4161b3fba894f2a65,https://www.beneficiosbancognb.com.py/v2/beneficios/categorias/573,https://www.beneficiosbancognb.com.py/imagenes/3638_bases-y-condiciones-kemsa.pdf,
478,Inoga,Días GNB,25% de descuento + Hasta 12 cuotas sin intereses todos los días.,2026-09-30,Del 05 de enero al 30 de septiembre del 2026.,2026-09-30,"• 25% de descuento en caja para pagos con tarjetas de crédito Visa y/o Mastercard de afinidades Clásica, Oro, Experience, Black, Black Premier, Metalcard Premier, Platinum e Infinite del Banco GNB Paraguay. • Hasta 12 cuotas sin intereses para pagos con tarjetas de crédito Visa y/o Mastercard de afinidades Clásica, Oro, Experience, Black, Black Premier, Metalcard Premier, Platinum e Infinite del Banco GNB Paraguay.","• Pagos realizados con tarjetas de crédito Banco GNB Paraguay S.A.E.C.A. • Pagos realizados con tarjetas de crédito física, Apple Pay, Google Pay y/o QR en POS adheridos a la procesadora . • No participan de la promoción las tarjetas de débito y crédito de afinidades Empresariales, Corporativas, Gift Card, Gourmet y Prepagas. • La promoción aplica todos los días durante el periodo de promoción. • No acumulable con otras promociones. • Los reclamos serán considerados válidos únicamente en base al último documento actualizado, el cual debe corresponder al que se encuentre vigente en la fecha de la compra reclamada.",1,301f580c8a0c17a0c491d810dc3997917e351c1a75f398bf31d13647dac6525d,https://www.beneficiosbancognb.com.py/v2/beneficios/categorias/478,https://www.beneficiosbancognb.com.py/imagenes/4721_bases-y-condiciones-inoga-003-.pdf,
662,Forever 21 – Born To Bloom,Días GNB,Hasta 60% de descuento.,2026-09-30,Del 07 al 30 de septiembre del 2026.,2026-09-30,"• 50% de descuento en caja en toda la tienda para clientes cuyo primer o segundo nombre y/o primer o segundo apellido corresponda a alguno de los nombres florales incluidos en el listado de la promoción, presentando su C.I. físico en caja y abonando con cualquier medio de pago. +10% de descuento para clientes que cumplan con la mecánica Born To Bloom y abonen con tarjetas de crédito del Banco GNB Paraguay.","• Pagos realizados con tarjetas de crédito Banco GNB Paraguay S.A.E.C.A. • Pagos realizados con tarjetas de crédito física, Apple Pay, Google Pay y/o QR en POS adheridos a la procesadora . • No participan de la promoción las tarjetas de débito y crédito de afinidades Empresariales, Corporativas, Gift Card, Gourmet y Prepagas. • No acumulable con otras promociones. • El descuento en caja no aplica en la compra de Gift Cards. • La promoción consiste en lo siguiente: aquellas personas físicas cuyo primer o segundo nombre y/o primer o segundo apellido, según como figura en su Cédula de Identidad, coincida con alguno de los nombres o apellidos florales detallados en el listado de las presentes Bases y Condiciones, podrán acceder a un 50% (cincuenta por ciento) de descuento en el total de su compra, abonando con cualquier medio de pago. • Para acceder al beneficio mencionado, el cliente persona física deberá presentar su C.I. formato físico, en el momento de realizar la compra, a efectos de verificar su identidad y la coincidencia del nombre y/o apellido con el listado habilitado. • Se admitirán variaciones del nombre o apellido floral cuando correspondan claramente a una variante del mismo nombre, incluyendo variaciones de género, número, formas derivadas o variantes reconocibles en otros idiomas. Por ejemplo: Flor/Flores, Lirio/Liria, Margarita/Margaret, Rosa/Rose o Violeta/Violet. No se admitirán modificaciones que no correspondan claramente a una variante o derivación del nombre floral. • En caso de duda respecto de la correspondencia entre el nombre o apellido presentado y alguno de los nombres incluidos en el listado, la validación quedará sujeta a las presentes Bases y Condiciones y a la verificación realizada por el personal de Forever 21. • El beneficio del 10% adicional aplicarán exclusivamente cuando el titular de la tarjeta utilizada para realizar el pago sea la misma persona cuyo nombre y/o apellido habilita el acceso a la promoción Born To Bloom. • Tope de compra mensual: Gs. 500.000 (guaraníes quinientos mil) por cuenta de tarjeta de crédito (incluye titulares y adicionales), el cual aplica en forma conjunta a todos los locales de los comercios adheridos. • Los reintegros serán reflejados de manera automática en el extracto del cliente, en un período de 24 a 48hs hábiles luego de la compra. • Los reclamos serán considerados válidos únicamente en base al último documento actualizado, el cual debe corresponder al que se encuentre vigente en la fecha de la compra reclamada.",3,86bf94c51b8989e9c2811849f2047525a1df8e466eef906bfc00c727b9c31100,https://www.beneficiosbancognb.com.py/v2/beneficios/categorias/662,https://www.beneficiosbancognb.com.py/imagenes/4169_bases-y-condiciones-forever-21-born-to-bloom.pdf,
589,Democrata,Días GNB,25% off los jueves + 6 cuotas sin intereses,2026-11-26,Del 15 de enero al 26 de noviembre del 2026.,2026-11-26,"• 25% de descuento para pagos con tarjetas de crédito afinidades Black, Black Premier y Metalcard Premier del Banco GNB Paraguay los días jueves. • 20% de descuento para pagos con tarjetas de crédito afinidades Clàsicas, Oro, Experience, Platinum e Infinite del Banco GNB Paraguay los días jueves. • Hasta 6 cuotas sin intereses para pagos con tarjetas de crédito del Banco GNB Paraguay. .","• Pagos realizados con tarjetas de crédito Banco GNB Paraguay S.A.E.C.A. • Pagos realizados con tarjetas de crédito física, Apple Pay, Google Pay y/o QR en POS adheridos a la procesadora . • No participan de la promoción las tarjetas de débito y crédito de afinidades Empresariales, Corporativas, Gift Card, Gourmet y Prepagas. • La promoción de cuotas sin intereses aplica todos los días durante el periodo de promoción. • La promoción de descuento aplica todos los jueves dentro del periodo de la promoción. • No acumulable con otras promociones. • Aplica en las tiendas del Paseo la Galería y delSol Shopping, excluyendo el outlet. • Los reintegros serán reflejados de manera automática en el extracto del cliente, en un período de 24 a 48hs hábiles luego de la compra. • Tope de compra mensual: Gs. 2.000.000 (guaraníes dos millones) por cuenta de tarjeta de crédito (incluye titulares y adicionales), el cual aplica en forma conjunta a todos los locales del comercio. • Los reclamos serán considerados válidos únicamente en base al último documento actualizado, el cual debe corresponder al que se encuentre vigente en la fecha de la compra reclamada.",1,0503bf180b1ad47ee47896760e024cf745dc0626ba908045d3bcc93d0192368c,https://www.beneficiosbancognb.com.py/v2/beneficios/categorias/589,https://www.beneficiosbancognb.com.py/imagenes/1057_bases-y-condiciones-gino-ventori-melissa-democrata-002-.pdf,
564,Casa Imperial,Cuotas sin intereses,Hasta 12 cuotas sin intereses todos los días.,2026-12-31,Del 28 de enero al 31 de diciembre del 2026.,2026-12-31,"• Hasta 12 cuotas sin intereses para tarjetas de afinidad Clásicas, Oro, Experience. Black, Black Premier, Metalcard Premier, Platinum e Infinite Premier del Banco GNB Paraguay.","• Pagos realizados con tarjetas de crédito Banco GNB Paraguay S.A.E.C.A. • Pagos realizados con tarjetas de crédito física, Apple Pay, Google Pay y/o QR en POS adheridos a la procesadora . • No participan de la promoción las tarjetas de débito y crédito de afinidades Empresariales, Corporativas, Gift Card, Gourmet y Prepagas. • La promoción aplica todos los días durante el periodo de promoción. • No acumulable con otras promociones. • Los reclamos serán considerados válidos únicamente en base al último documento actualizado, el cual debe corresponder al que se encuentre vigente en la fecha de la compra reclamada.",1,0cc3bfac6593618b0df4015b76790256cddd7c1d03366a8737e8dd8ff137fcd7,https://www.beneficiosbancognb.com.py/v2/beneficios/categorias/564,https://www.beneficiosbancognb.com.py/imagenes/5025_bases-y-condiciones-casa-imperial.pdf,
239,Chiqui Chic,Días GNB,20% off sobre la seña y hasta 12 cuotas sin intereses.,2026-12-31,Del 05 de enero al 31 de diciembre del 2026.,2026-12-31,"• 20% de descuento sobre la seña Gs. 1.000.000 para pagos con tarjetas de crédito Visa y/o Mastercard de afinidades Clásica, Oro, Experience, Black, Black Premier, Metalcard Premier, Platinum e Infinite. • Hasta 12 cuotas sin intereses para pagos con tarjetas de crédito Visa y/o Mastercard de afinidades Clásica, Oro, Experience, Black, Black Premier, Metalcard Premier, Platinum e Infinite.","• Pagos realizados con tarjetas de crédito Banco GNB Paraguay S.A.E.C.A. • Pagos realizados con tarjetas de crédito física, Apple Pay, Google Pay y/o QR en POS adheridos a la procesadora . • No participan de la promoción las tarjetas de débito y crédito de afinidades Empresariales, Corporativas, Gift Card, Gourmet y Prepagas. • La promoción aplica todos los días durante el periodo de promoción. • No acumulable con otras promociones. • Los reclamos serán considerados válidos únicamente en base al último documento actualizado, el cual debe corresponder al que se encuentre vigente en la fecha de la compra reclamada.",1,bc73570ab34448bbe0a23b377d1987aa396c1124e05d6d84d9536f5365b87c7f,https://www.beneficiosbancognb.com.py/v2/beneficios/categorias/239,https://www.beneficiosbancognb.com.py/imagenes/3683_bases-y-condiciones-chiqui-chic-002-.pdf,
515,Paats & Paats,Días GNB,20% de descuento + Hasta 6 cuotas sin intereses los días viernes.,2026-11-27,Del 03 de julio al 27 de noviembre del 2026.,2026-11-27,"• 20% de descuento para pagos con tarjetas de crédito Mastercard Clásicas, Oro, Black, Black Premier y Metalcard Premier del Banco GNB Paraguay. • Hasta 6 cuotas sin intereses para pagos con tarjetas de crédito del Banco GNB Paraguay.","• Pagos realizados con tarjetas de crédito Mastercard Banco GNB Paraguay S.A.E.C.A. • Pagos realizados con tarjetas de crédito física, Apple Pay, Google Pay y/o QR en POS adheridos a la procesadora . • No participan de la promoción las tarjetas de débito y crédito; Visa, de afinidades Empresariales, Corporativas, Gift Card, Gourmet y Prepagas. • No aplica para pagos realizados a través de plataformas de terceros y/o e-commerce. • No acumulable con otras promociones. • La promoción aplica todos los viernes dentro del periodo de vigencia de la promoción. • Tope de compra mensual: Gs. 1.000.000 (guaraníes un milón) por cuenta de tarjeta de crédito (incluye titulares y adicionales). • Los reclamos serán considerados válidos únicamente en base al último documento actualizado, el cual debe corresponder al que se encuentre vigente en la fecha de la compra reclamada.",1,2dc575df6b244744174776425c89114ef25b1cc01a85344152269e660c98e9bd,https://www.beneficiosbancognb.com.py/v2/beneficios/categorias/515,https://www.beneficiosbancognb.com.py/imagenes/4845_bases-y-condiciones-paats-paats-002-.pdf,
430,Librería Kawaii – Colegio Cristo Rey,Días GNB,20% de descuento de lunes a viernes.,2026-12-31,Del 28 de julio al 31 de diciembre del 2026.,2026-12-31,• 20% de descuento para pagos con tarjetas de crédito y prepagas Mastercard del Banco GNB Paraguay.,"• Pagos realizados con tarjetas de crédito y prepagas Mastercard Banco GNB Paraguay S.A.E.C.A. • Pagos realizados con tarjetas de crédito física, Apple Pay, Google Pay y/o QR en POS adheridos a la procesadora . • No participan de la promoción las tarjetas de débito y crédito Visa, de afinidades Empresariales, Corporativas, Gift Card, Gourmet. • No acumulable con otras promociones. • La promoción aplica de lunes a viernes dentro del periodo de vigencia de la promoción. • Tope de compra mensual: Gs.250.000 (guaraníes doscientos cincuenta mil) por cuenta de tarjeta de crédito (incluye titulares y adicionales). • Los reclamos serán considerados válidos únicamente en base al último documento actualizado, el cual debe corresponder al que se encuentre vigente en la fecha de la compra reclamada.",1,f00d3a89d05defaae829e5418aca585970695522863bf00fcec03de39b039e86,https://www.beneficiosbancognb.com.py/v2/beneficios/categorias/430,https://www.beneficiosbancognb.com.py/imagenes/4578_bases-y-condiciones-librer%C3%ADa-kawaii-colegio-cristo-rey.pdf,
591,O Boticário,Días GNB,Hasta 25% de descuento los jueves y viernes + Hasta 6 cuotas sin intereses todos los días.,2026-11-27,Del 08 de enero al 27 de noviembre del 2026.,2026-11-27,• Hasta 25% de descuento para pagos con tarjetas de crédito del Banco GNB Paraguay todos los jueves y viernes. 20% de descuento para pagos con tarjetas de crédito del Banco GNB Paraguay (5% en caja + 15% con tarjetas de crédito físicas). +5% de descuento adicional para pagos con QR con tarjetas de crédito a través de la App Banco GNB Personas. • Hasta 6 cuotas sin intereses todos los días para pagos con tarjetas de crédito del Banco GNB Paraguay.,"• Pagos realizados con tarjetas de crédito Banco GNB Paraguay S.A.E.C.A. • Pagos realizados con tarjetas de crédito física, Apple Pay, Google Pay y/o QR en POS adheridos a la procesadora . • No participan de la promoción las tarjetas de débito y crédito de afinidades Empresariales, Corporativas, Gift Card, Gourmet y Prepagas. • La promoción de descuento aplica todos los jueves y viernes dentro del periodo de la promoción. • La promoción de cuotas sin intereses aplica todos los días durante el periodo de promoción. • No acumulable con otras promociones. • El descuento en caja no aplica en la compra de Gift Cards y servicios de cabina como tratamientos faciales. • Tope de compra mensual: Gs. 2.000.000 (guaraníes dos millones) por cuenta de tarjeta de crédito (incluye titulares y adicionales), el cual aplica en forma conjunta a todos los locales de los comercios adheridos (Champs Elysees, O boticário, Isdin). • Los reintegros serán reflejados de manera automática en el extracto del cliente, en un período de 24 a 48hs hábiles luego de la compra. • Los reclamos serán considerados válidos únicamente en base al último documento actualizado, el cual debe corresponder al que se encuentre vigente en la fecha de la compra reclamada.",2,b2fdb5242a2660a3de34915b5ea1f7bfe0f95f92cef923c4cea99fc8e25370d9,https://www.beneficiosbancognb.com.py/v2/beneficios/categorias/591,https://www.beneficiosbancognb.com.py/imagenes/4278_bases-y-condiciones-champs-elysees-o-botic%C3%A1rio-isdin.pdf,
81,Tienda Personal,Cuotas sin intereses,Hasta 12 cuotas sin intereses,2026-12-31,Del 05 de enero al 31 de diciembre del 2026.,2026-12-31,• Hasta 12 cuotas sin intereses para pagos con tarjetas de crédito del Banco GNB Paraguay.,"• Pagos realizados con tarjetas de crédito Banco GNB Paraguay S.A.E.C.A. • Pagos realizados con tarjetas de crédito física, Apple Pay, Google Pay y/o QR en POS adheridos a la procesadora . • No participan de la promoción las tarjetas de débito, de afinidades Empresariales, Corporativas, Gift Card, Gourmet y Prepagas. • La promoción aplica todos los días durante el periodo de promoción. • No acumulable con otras promociones. • Beneficio aplica única y exclusivamente para compras a través del E-commerce. • Los reclamos serán considerados válidos únicamente en base al último documento actualizado, el cual debe corresponder al que se encuentre vigente en la fecha de la compra reclamada.",1,8dfa00b25c7cf3d6547ee02887a41f3ffd6eaa7b9d7e1d302791773a02106583,https://www.beneficiosbancognb.com.py/v2/beneficios/categorias/81,https://www.beneficiosbancognb.com.py/imagenes/2121_bases-y-condiciones-tienda-personal-002-.pdf,
313,Pandolfo,Cuotas sin intereses,12 Cuotas sin intereses todos los días.,2026-12-31,Del 05 de enero al 31 de diciembre del 2026.,2026-12-31,• Hasta 12 cuotas sin intereses para pagos con tarjetas de crédito del Banco GNB Paraguay.,"• Pagos realizados con tarjetas de crédito Banco GNB Paraguay S.A.E.C.A. • Pagos realizados con tarjetas de crédito física, Apple Pay, Google Pay y/o QR en POS adheridos a la procesadora . • No participan de la promoción las tarjetas de débito, de afinidades Empresariales, Corporativas, Gift Card, Gourmet y Prepagas. • La promoción aplica todos los días durante el periodo de promoción. • No acumulable con otras promociones. • Los reclamos serán considerados válidos únicamente en base al último documento actualizado, el cual debe corresponder al que se encuentre vigente en la fecha de la compra reclamada.",1,547e91fe358f44814ee7fed00148b6e5a6399400609da50348a88e560e2473f2,https://www.beneficiosbancognb.com.py/v2/beneficios/categorias/313,https://www.beneficiosbancognb.com.py/imagenes/4128_bases-y-condiciones-pandolfo.pdf,
587,Gino Ventori,Días GNB,25% off los jueves + 6 cuotas sin intereses,2026-11-26,Del 15 de enero al 26 de noviembre del 2026.,2026-11-26,"• 25% de descuento para pagos con tarjetas de crédito afinidades Black, Black Premier y Metalcard Premier del Banco GNB Paraguay los días jueves. • 20% de descuento para pagos con tarjetas de crédito afinidades Clàsicas, Oro, Experience, Platinum e Infinite del Banco GNB Paraguay los días jueves. • Hasta 6 cuotas sin intereses para pagos con tarjetas de crédito del Banco GNB Paraguay. .","• Pagos realizados con tarjetas de crédito Banco GNB Paraguay S.A.E.C.A. • Pagos realizados con tarjetas de crédito física, Apple Pay, Google Pay y/o QR en POS adheridos a la procesadora . • No participan de la promoción las tarjetas de débito y crédito de afinidades Empresariales, Corporativas, Gift Card, Gourmet y Prepagas. • La promoción de cuotas sin intereses aplica todos los días durante el periodo de promoción. • La promoción de descuento aplica todos los jueves dentro del periodo de la promoción. • No acumulable con otras promociones. • Aplica en las tiendas del Paseo la Galería y delSol Shopping, excluyendo el outlet. • Los reintegros serán reflejados de manera automática en el extracto del cliente, en un período de 24 a 48hs hábiles luego de la compra. • Tope de compra mensual: Gs. 2.000.000 (guaraníes dos millones) por cuenta de tarjeta de crédito (incluye titulares y adicionales), el cual aplica en forma conjunta a todos los locales del comercio. • Los reclamos serán considerados válidos únicamente en base al último documento actualizado, el cual debe corresponder al que se encuentre vigente en la fecha de la compra reclamada.",1,0503bf180b1ad47ee47896760e024cf745dc0626ba908045d3bcc93d0192368c,https://www.beneficiosbancognb.com.py/v2/beneficios/categorias/587,https://www.beneficiosbancognb.com.py/imagenes/1057_bases-y-condiciones-gino-ventori-melissa-democrata-002-.pdf,
481,Luminotecnia,Cuotas sin intereses,Hasta 12 cuotas sin intereses todos los días.,2026-12-31,Del 05 de enero al 31 de diciembre del 2026.,2026-12-31,• Hasta 12 cuotas sin intereses para pagos con tarjetas de crédito del Banco GNB Paraguay.,"• Pagos realizados con tarjetas de crédito Banco GNB Paraguay S.A.E.C.A. • Pagos realizados con tarjetas de crédito física, Apple Pay, Google Pay y/o QR en POS adheridos a la procesadora . • No participan de la promoción las tarjetas de débito, de afinidades Empresariales, Corporativas, Gift Card, Gourmet y Prepagas. • La promoción aplica todos los días durante el periodo de promoción. • No acumulable con otras promociones. • Los reclamos serán considerados válidos únicamente en base al último documento actualizado, el cual debe corresponder al que se encuentre vigente en la fecha de la compra reclamada.",1,fc964c647a06ed58039cffc7a48fd85edc7d57e1c8bc0234fabf3f98c024a980,https://www.beneficiosbancognb.com.py/v2/beneficios/categorias/481,https://www.beneficiosbancognb.com.py/imagenes/4736_bases-y-condiciones-luminotecnia.pdf,
406,Clínica Arco,Cuotas sin intereses,Hasta 12 cuotas sin intereses todos los días.,2026-12-31,Del 05 de enero al 31 de diciembre del 2026.,2026-12-31,• Hasta 12 cuotas sin intereses para pagos con tarjetas de crédito del Banco GNB Paraguay.,"• Pagos realizados con tarjetas de crédito Banco GNB Paraguay S.A.E.C.A. • Pagos realizados con tarjetas de crédito física, Apple Pay, Google Pay y/o QR en POS adheridos a la procesadora . • No participan de la promoción las tarjetas de débito, de afinidades Empresariales, Corporativas, Gift Card, Gourmet y Prepagas. • La promoción aplica todos los días durante el periodo de promoción. • No acumulable con otras promociones. • Los reclamos serán considerados válidos únicamente en base al último documento actualizado, el cual debe corresponder al que se encuentre vigente en la fecha de la compra reclamada.",1,2e01ab18492ab364c98c19be8bfc4d6bf782153814d2898342684140fccbf901,https://www.beneficiosbancognb.com.py/v2/beneficios/categorias/406,https://www.beneficiosbancognb.com.py/imagenes/4472_bases-y-condiciones-cl%C3%ADnica-arco.pdf,
35,Charpentier,Días GNB,Todos los días 15% de descuento + Hasta 6 cuotas sin intereses.,2026-12-31,Del 01 de enero al 31 de diciembre del 2026.,2026-12-31,"• 15% de descuento para tarjetas de afinidad Clásicas, Oro, Black, Black Premier, Metalcard Premier, Experience, Platinum, Infinite. • Hasta 6 cuotas sin intereses para tarjetas de afinidad Clásicas, Oro, Black, Black Premier, Metalcard Premier, Experience, Platinum, Infinite.","• Pagos realizados con tarjetas de crédito Banco GNB Paraguay S.A.E.C.A. • Pagos realizados con tarjetas de crédito física, Apple Pay, Google Pay y/o QR en POS adheridos a la procesadora . • No participan de la promoción las tarjetas de débito y crédito de afinidades Empresariales, Corporativas, Gift Card, Gourmet y Prepagas. • La promoción aplica todos los días durante el periodo de promoción. • No acumulable con otras promociones. • Los reclamos serán considerados válidos únicamente en base al último documento actualizado, el cual debe corresponder al que se encuentre vigente en la fecha de la compra reclamada.",1,f4a732777b48ccdc8c13e7d006bd77e9237ab19ce60fc26d3e6728fba97e780c,https://www.beneficiosbancognb.com.py/v2/beneficios/categorias/35,https://www.beneficiosbancognb.com.py/imagenes/2503_bases-y-condiciones-charpentier.pdf,
490,Anouk - Hans & Baby An,Días GNB,20% de descuento + Hasta 6 cuotas sin intereses los días jueves.,2026-11-26,Del 02 de julio al 26 de noviembre del 2026.,2026-11-26,"• 20% de descuento para pagos con tarjetas de crédito Mastercard Clásicas, Oro, Black, Black Premier y Metalcard Premier del Banco GNB Paraguay. • Hasta 6 cuotas sin intereses para pagos con tarjetas de crédito Banco GNB Paraguay.","• Pagos realizados con tarjetas de crédito Mastercard Banco GNB Paraguay S.A.E.C.A. • Pagos realizados con tarjetas de crédito física, Apple Pay, Google Pay y/o QR en POS adheridos a la procesadora . • No participan de la promoción las tarjetas de débito y crédito; Visa, de afinidades Empresariales, Corporativas, Gift Card, Gourmet y Prepagas. • No aplica para pagos realizados a través de plataformas de terceros y/o e-commerce. • No acumulable con otras promociones. • La promoción de cuotas sin intereses aplica todos los días durante el periodo de promoción. • La promoción de descuento aplica todos los jueves dentro del periodo de la promoción. • Tope de compra mensual: Gs. 1.000.000 (guaraníes un millón) por cuenta de tarjeta de crédito Incluye titulares y adicionales. • Los reclamos serán considerados válidos únicamente en base al último documento actualizado, el cual debe corresponder al que se encuentre vigente en la fecha de la compra reclamada.",1,23af199581ff898a91a029559d3c8f78796a112c9ade90980413bbb0568d292e,https://www.beneficiosbancognb.com.py/v2/beneficios/categorias/490,https://www.beneficiosbancognb.com.py/imagenes/4766_bases-y-condiciones-anouk-hans-y-baby-an-002-.pdf,
269,PSA Purificadores de Agua,Cuotas sin intereses,Hasta 12 cuotas sin intereses,2026-12-31,Del 05 de enero al 31 de diciembre del 2026.,2026-12-31,• Hasta 12 cuotas sin intereses para pagos con tarjetas de crédito del Banco GNB Paraguay.,"• Pagos realizados con tarjetas de crédito Banco GNB Paraguay S.A.E.C.A. • Pagos realizados con tarjetas de crédito física, Apple Pay, Google Pay y/o QR en POS adheridos a la procesadora . • No participan de la promoción las tarjetas de débito, de afinidades Empresariales, Corporativas, Gift Card, Gourmet y Prepagas. • La promoción aplica todos los días durante el periodo de promoción. • No acumulable con otras promociones. • Los reclamos serán considerados válidos únicamente en base al último documento actualizado, el cual debe corresponder al que se encuentre vigente en la fecha de la compra reclamada.",1,87498d4f071b492467c69f9aa2757a5fd10d24de1248a7c0a608744c056797ea,https://www.beneficiosbancognb.com.py/v2/beneficios/categorias/269,https://www.beneficiosbancognb.com.py/imagenes/3801_bases-y-condiciones-psa-002-.pdf,
133,Visuar,Cuotas sin intereses,Hasta 12 cuotas sin intereses todos los días.,2026-12-31,Del 05 de enero al 31 de diciembre del 2026.,2026-12-31,• Hasta 12 cuotas sin intereses para pagos con tarjetas de crédito del Banco GNB Paraguay.,"• Pagos realizados con tarjetas de crédito Banco GNB Paraguay S.A.E.C.A. • Pagos realizados con tarjetas de crédito física, Apple Pay, Google Pay y/o QR en POS adheridos a la procesadora . • No participan de la promoción las tarjetas de débito, de afinidades Empresariales, Corporativas, Gift Card, Gourmet y Prepagas. • La promoción aplica todos los días durante el periodo de promoción. • No acumulable con otras promociones. • Los reclamos serán considerados válidos únicamente en base al último documento actualizado, el cual debe corresponder al que se encuentre vigente en la fecha de la compra reclamada.",1,b7e4a5f35340d1a2557a02ba6d346fa8e34a3d143abc2b3d14d08c32263ce7b1,https://www.beneficiosbancognb.com.py/v2/beneficios/categorias/133,https://www.beneficiosbancognb.com.py/imagenes/2695_bases-y-condiciones-visuar-mayo.pdf,
571,Women'Secret,Días GNB,Hasta 25% de descuento los jueves y viernes + Hasta 6 cuotas sin intereses todos los días.,2026-11-27,Del 03 de septiembre al 27 de noviembre del 2026.,2026-11-27,• Hasta 25% de descuento para pagos con tarjetas de crédito del Banco GNB Paraguay todos los jueves y viernes. 20% de descuento para pagos con tarjetas de crédito del Banco GNB Paraguay (5% en caja + 15% con tarjetas de crédito físicas). +5% de descuento adicional para pagos con QR con tarjetas de crédito a través de la App Banco GNB Personas. • Hasta 6 cuotas sin intereses todos los días para pagos con tarjetas de crédito del Banco GNB Paraguay.,"• Pagos realizados con tarjetas de crédito Banco GNB Paraguay S.A.E.C.A. • Pagos realizados con tarjetas de crédito física, Apple Pay, Google Pay y/o QR en POS adheridos a la procesadora . • No participan de la promoción las tarjetas de débito y crédito de afinidades Empresariales, Corporativas, Gift Card, Gourmet y Prepagas. • La promoción de descuento aplica todos los jueves y viernes dentro del periodo de la promoción. • La promoción de cuotas sin intereses aplica todos los días durante el periodo de promoción. • No acumulable con otras promociones. • Tope de compra mensual: Gs. 2.500.000 (guaraníes dos millones quinientos mil) por cuenta de tarjeta de crédito (incluye titulares y adicionales), el cual aplica en forma conjunta a todos los locales de los comercios adheridos (Springfield, Women Secret, Forever 21, Jack & Jones). • El descuento en caja no aplica en la compra de Gift Cards. • Los reintegros serán reflejados de manera automática en el extracto del cliente, en un período de 24 a 48hs hábiles luego de la compra. • Los reclamos serán considerados válidos únicamente en base al último documento actualizado, el cual debe corresponder al que se encuentre vigente en la fecha de la compra reclamada.",2,c54704675bb77482f7534b7b8d03e2a0dc3bc8b8f68dd591128a1eddcc4f5c80,https://www.beneficiosbancognb.com.py/v2/beneficios/categorias/571,https://www.beneficiosbancognb.com.py/imagenes/4260_bases-y-condiciones-springfield-women-secret-forever-21-jack-jones-septiembre.pdf,
268,Carestino,Cuotas sin intereses,Hasta 12 cuotas sin intereses todos los días.,2026-12-31,Del 05 de enero al 31 de diciembre del 2026.,2026-12-31,• Hasta 12 cuotas sin intereses para pagos con tarjetas de crédito del Banco GNB Paraguay.,"• Pagos realizados con tarjetas de crédito Banco GNB Paraguay S.A.E.C.A. • Pagos realizados con tarjetas de crédito física, Apple Pay, Google Pay y/o QR en POS adheridos a la procesadora . • No participan de la promoción las tarjetas de débito, de afinidades Empresariales, Corporativas, Gift Card, Gourmet y Prepagas. • La promoción aplica todos los días durante el periodo de promoción. • No acumulable con otras promociones. • Los reclamos serán considerados válidos únicamente en base al último documento actualizado, el cual debe corresponder al que se encuentre vigente en la fecha de la compra reclamada.",1,dd33c2bd7e1b215d29365f5820cffc7312d7134ede340fd7230412be1a58ae32,https://www.beneficiosbancognb.com.py/v2/beneficios/categorias/268,https://www.beneficiosbancognb.com.py/imagenes/3799_bases-y-condiciones-carestino.pdf,
634,Doha Home,Cuotas sin intereses,Hasta 12 cuotas sin intereses todos los días.,2026-12-31,Del 26 de agosto al 31 de diciembre del 2026.,2026-12-31,• Hasta 12 cuotas sin intereses con las tarjetas de crédi to del Banco GNB Paraguay.,"• Pagos realizados con tarjetas de crédito Banco GNB Paraguay S.A.E.C.A. • Pagos realizados con tarjetas de crédi to física, Apple Pay, Google Pay y/o QR en POS adheri dos a la procesadora . • No participan de la promoción las tarjetas de débito y crédi to de af inidades Empresariales, Corporativas, Gift Card, Gourmet y Prepagas. • La promoción apli ca todos los días durante el periodo de promoción. • No acumu lable con otras promociones. • Los reclamos serán considerados válidos únicament e en base al últ imo documento actual izado, el cu al debe corresponder al que se en cuen tre vigente en la fecha de la compra reclamada.",1,49c9a363133703dcea70028c294696d981b88887d7b643802f605cb331abe1ae,https://www.beneficiosbancognb.com.py/v2/beneficios/categorias/634,https://www.beneficiosbancognb.com.py/imagenes/5244_gnb-byc-doha-home.pdf,
592,Isdin,Días GNB,Hasta 25% de descuento los jueves y viernes + Hasta 6 cuotas sin intereses todos los días.,2026-11-27,Del 08 de enero al 27 de noviembre del 2026.,2026-11-27,• Hasta 25% de descuento para pagos con tarjetas de crédito del Banco GNB Paraguay todos los jueves y viernes. 20% de descuento para pagos con tarjetas de crédito del Banco GNB Paraguay (5% en caja + 15% con tarjetas de crédito físicas). +5% de descuento adicional para pagos con QR con tarjetas de crédito a través de la App Banco GNB Personas. • Hasta 6 cuotas sin intereses todos los días para pagos con tarjetas de crédito del Banco GNB Paraguay.,"• Pagos realizados con tarjetas de crédito Banco GNB Paraguay S.A.E.C.A. • Pagos realizados con tarjetas de crédito física, Apple Pay, Google Pay y/o QR en POS adheridos a la procesadora . • No participan de la promoción las tarjetas de débito y crédito de afinidades Empresariales, Corporativas, Gift Card, Gourmet y Prepagas. • La promoción de descuento aplica todos los jueves y viernes dentro del periodo de la promoción. • La promoción de cuotas sin intereses aplica todos los días durante el periodo de promoción. • No acumulable con otras promociones. • El descuento en caja no aplica en la compra de Gift Cards y servicios de cabina como tratamientos faciales. • Tope de compra mensual: Gs. 2.000.000 (guaraníes dos millones) por cuenta de tarjeta de crédito (incluye titulares y adicionales), el cual aplica en forma conjunta a todos los locales de los comercios adheridos (Champs Elysees, O boticário, Isdin). • Los reintegros serán reflejados de manera automática en el extracto del cliente, en un período de 24 a 48hs hábiles luego de la compra. • Los reclamos serán considerados válidos únicamente en base al último documento actualizado, el cual debe corresponder al que se encuentre vigente en la fecha de la compra reclamada.",2,b2fdb5242a2660a3de34915b5ea1f7bfe0f95f92cef923c4cea99fc8e25370d9,https://www.beneficiosbancognb.com.py/v2/beneficios/categorias/592,https://www.beneficiosbancognb.com.py/imagenes/4278_bases-y-condiciones-champs-elysees-o-botic%C3%A1rio-isdin.pdf,
399,Cafexpress,Cuotas sin intereses,Hasta 12 cuotas sin intereses todos los días.,2026-12-31,Del 19 de marzo al 31 de diciembre del 2026.,2026-12-31,• Hasta 12 cuotas sin intereses para pagos con tarjetas de crédito del Banco GNB Paraguay.,"• Pagos realizados con tarjetas de crédito Banco GNB Paraguay S.A.E.C.A. • Pagos realizados con tarjetas de crédito física, Apple Pay, Google Pay y/o QR en POS adheridos a la procesadora . • No participan de la promoción las tarjetas de débito, de afinidades Empresariales, Corporativas, Gift Card, Gourmet y Prepagas. • La promoción aplica todos los días durante el periodo de promoción. • No acumulable con otras promociones. • Los reclamos serán considerados válidos únicamente en base al último documento actualizado, el cual debe corresponder al que se encuentre vigente en la fecha de la compra reclamada.",1,f841d6bdd965161cfa17ee63728f29a73ebe47cfe1d2c37be25ded2f983bb598,https://www.beneficiosbancognb.com.py/v2/beneficios/categorias/399,https://www.beneficiosbancognb.com.py/imagenes/4437_bases-y-condiciones-cafexpress.pdf,
593,Blue Farma,Días GNB,20% de descuento los lunes + Hasta 6 cuotas sin intereses todos los días.,2026-12-28,Del 29 de junio al 28 de diciembre del 2026.,2026-12-28,"• 20% de descuento para pagos con tarjetas de crédito Mastercard Clásicas, Oro, Black, Black Premier y Metalcard Premier del Banco GNB Paraguay. • Hasta 6 cuotas sin intereses para pagos con tarjetas de crédito Banco GNB Paraguay.","• Pagos realizados con tarjetas de crédito Mastercard Banco GNB Paraguay S.A.E.C.A. • Pagos realizados con tarjetas de crédito física, Apple Pay, Google Pay y/o QR en POS adheridos a la procesadora . • No participan de la promoción las tarjetas de débito y crédito; Visa, de afinidades Empresariales, Corporativas, Gift Card, Gourmet y Prepagas. • No aplica para pedidos realizados vía delivery y/o e-commerce. • No acumulable con otras promociones. • La promoción aplica únicamente los días lunes dentro del periodo de la promoción. • Tope de compra mensual: Gs. 800.000 (guaraníes ochocientos mil) por cuenta de tarjeta de crédito Incluye titulares y adicionales. • Los reclamos serán considerados válidos únicamente en base al último documento actualizado, el cual debe corresponder al que se encuentre vigente en la fecha de la compra reclamada.",1,d23832415eee7522f209734a9dac55166d84291729d3b1c84ad0f7cf29c6d320,https://www.beneficiosbancognb.com.py/v2/beneficios/categorias/593,https://www.beneficiosbancognb.com.py/imagenes/5067_bases-y-condiciones-blue-farma-002-.pdf,
326,Colchones Trebol,Cuotas sin intereses,Hasta 12 cuotas sin intereses.,2026-12-31,Del 05 de enero al 31 de diciembre del 2026.,2026-12-31,• Hasta 12 cuotas sin intereses para pagos con tarjetas de crédito del Banco GNB Paraguay.,"• Pagos realizados con tarjetas de crédito Banco GNB Paraguay S.A.E.C.A. • Pagos realizados con tarjetas de crédito física, Apple Pay, Google Pay y/o QR en POS adheridos a la procesadora . • No participan de la promoción las tarjetas de débito, de afinidades Empresariales, Corporativas, Gift Card, Gourmet y Prepagas. • La promoción aplica todos los días durante el periodo de promoción. • No acumulable con otras promociones. • Los reclamos serán considerados válidos únicamente en base al último documento actualizado, el cual debe corresponder al que se encuentre vigente en la fecha de la compra reclamada.",1,d272c0d3b26ee4191227081213b6b2bb31a42f653c97c97bd158534050a90c8a,https://www.beneficiosbancognb.com.py/v2/beneficios/categorias/326,https://www.beneficiosbancognb.com.py/imagenes/4184_bases-y-condiciones-colchones-trebol.pdf,
506,Paraná Hogar,Cuotas sin intereses,Hasta 12 cuotas sin intereses todos los días.,2026-12-31,Del 15 de enero al 31 de diciembre del 2026.,2026-12-31,"• Hasta 12 cuotas sin intereses para pagos con tarjetas de crédito Visa y/o Mastercard de afinidades Clásica, Oro, Experience, Black, Black Premier, Metalcard Premier, Platinum e Infinite del Banco GNB Paraguay.","• Pagos realizados con tarjetas de crédito Banco GNB Paraguay S.A.E.C.A. • Pagos realizados con tarjetas de crédito física, Apple Pay, Google Pay y/o QR en POS adheridos a la procesadora . • No participan de la promoción las tarjetas de débito y crédito de afinidades Empresariales, Corporativas, Gift Card, Gourmet y Prepagas. • No aplica para pagos realizados a través de plataformas de terceros. • La promoción aplica todos los días durante el periodo de promoción. • No acumulable con otras promociones. • Los reclamos serán considerados válidos únicamente en base al último documento actualizado, el cual debe corresponder al que se encuentre vigente en la fecha de la compra reclamada.",1,c5de9dea7914b173ec13fd95a9030e0d21880514612b32ffe818a482c836b39c,https://www.beneficiosbancognb.com.py/v2/beneficios/categorias/506,https://www.beneficiosbancognb.com.py/imagenes/4806_bases-y-condiciones-parana-hogar.pdf,
574,American Look,Días GNB,25% off los jueves y viernes + 6 cuotas sin intereses,2026-11-27,Del 22 de enero al 27 de noviembre del 2026.,2026-11-27,"• 25% de descuento para pagos con tarjetas de crédito afinidades Black, Black Premier y Metalcard Premier del Banco GNB Paraguay los días jueves y viernes. • 20% de descuento para pagos con tarjetas de crédito afinidades Clàsicas, Oro, Experience, Platinum e Infinite del Banco GNB Paraguay los días jueves y viernes. • Hasta 6 cuotas sin intereses para pagos con tarjetas de crédito del Banco GNB Paraguay.","• Pagos realizados con tarjetas de crédito Banco GNB Paraguay S.A.E.C.A. • Pagos realizados con tarjetas de crédito física, Apple Pay, Google Pay y/o QR en POS adheridos a la procesadora . • No participan de la promoción las tarjetas de débito y crédito de afinidades Empresariales, Corporativas, Gift Card, Gourmet y Prepagas. • La promoción de cuotas sin intereses aplica todos los días durante el periodo de promoción. • La promoción de descuento aplica todos los Jueves y Viernes dentro del periodo de la promoción. • No acumulable con otras promociones. • Los reintegros serán reflejados de manera automática en el extracto del cliente, en un período de 24 a 48hs hábiles luego de la compra. • El descuento en caja no aplica en la compra de Gift Cards. • Se excluyen de la promoción productos de la APF, Cerro Porteño, Olimpia y Libertad. • Tope de compra mensual: Gs. 1.500.000 (guaraníes un millón quinientos mil) para tarjetas de crédito Mastercard y Visa Clásicas, Oro Platinum e Infinite. y Gs. 3.000.000 (guaraníes tres millones) para tarjetas de crédito Mastercard Black, Black Premier y Metalcard Premier. • Los reclamos serán considerados válidos únicamente en base al último documento actualizado, el cual debe corresponder al que se encuentre vigente en la fecha de la compra reclamada.",3,246e0cb9de907eb5055ba296e58fbad623ba6cdd471b9de4161b3fba894f2a65,https://www.beneficiosbancognb.com.py/v2/beneficios/categorias/574,https://www.beneficiosbancognb.com.py/imagenes/3638_bases-y-condiciones-kemsa.pdf,
504,Odontología 3,Cuotas sin intereses,Hasta 12 cuotas sin intereses todos los días.,2026-12-31,Del 05 de enero al 31 de diciembre del 2026.,2026-12-31,• Hasta 12 cuotas sin intereses para pagos con tarjetas de crédito del Banco GNB Paraguay.,"• Pagos realizados con tarjetas de crédito Banco GNB Paraguay S.A.E.C.A. • Pagos realizados con tarjetas de crédito física, Apple Pay, Google Pay y/o QR en POS adheridos a la procesadora . • No participan de la promoción las tarjetas de débito, de afinidades Empresariales, Corporativas, Gift Card, Gourmet y Prepagas. • La promoción aplica todos los días durante el periodo de promoción. • No acumulable con otras promociones. • Los reclamos serán considerados válidos únicamente en base al último documento actualizado, el cual debe corresponder al que se encuentre vigente en la fecha de la compra reclamada.",1,6e049b94612c79ed236c0e486c5fe6bd392f4a148e49695f2d3445350065966f,https://www.beneficiosbancognb.com.py/v2/beneficios/categorias/504,https://www.beneficiosbancognb.com.py/imagenes/4809_bases-y-condiciones-odontolog%C3%ADa-3.pdf,
380,Farmavip,Días GNB,20% de reintegro los días miércoles,2026-12-30,Del 12 de agosto al 30 de diciembre del 2026.,2026-12-30,• 20% de reintegro para pagos con tarjetas de crédito Mastercard del Banco GNB Paraguay todos los miércoles.,"• Pagos realizados con tarjetas de crédito Mastercard Banco GNB Paraguay S.A.E.C.A. • Pagos realizados con tarjetas de crédito física, Apple Pay, Google Pay y/o QR en POS adheridos a la procesadora . • No participan de la promoción las tarjetas de débito y crédito; Visa, de afinidades Empresariales, Corporativas, Gift Card, Gourmet y Prepagas. • La promoción aplica única y exclusivamente los días miércoles durante el periodo de promoción. • No acumulable con otras promociones. • No aplica para pedidos realizados vía delivery y/o e-commerce. • Tope de compra mensual: Gs. 1.000.000 (guaraníes un millón) por cuenta de tarjeta de crédito (incluye titulares y adicionales), el cual aplica en forma conjunta a todos los locales del comercio. • Los reclamos serán considerados válidos únicamente en base al último documento actualizado, el cual debe corresponder al que se encuentre vigente en la fecha de la compra reclamada.",1,2fca1a49161c7be020c9886c4edb0430941d35fdb5b28c7b1ecd1f9644cd698b,https://www.beneficiosbancognb.com.py/v2/beneficios/categorias/380,https://www.beneficiosbancognb.com.py/imagenes/4375_bases-y-condiciones-farmavip-agosto.pdf,
360,Hydro Clean,Días GNB,20% de descuento y hasta 12 cuotas sin intereses todos los días.,2026-12-31,Del 06 de febrero al 31 de diciembre del 2026.,2026-12-31,• 20% de descuento para pagos realizados con las tarjetas de crédito del Banco GNB Paraguay. • Hasta 12 cuotas sin intereses para pagos realizados con las tarjetas de crédito del Banco GNB Paraguay.,"• Pagos realizados con tarjetas de crédito del Banco GNB Paraguay S.A.E.C.A. • Pagos realizados con tarjetas de crédito física, Apple Pay, Google Pay y/o QR en POS adheridos a la procesadora . • No participan de la promoción las tarjetas de débito y crédito; afinidades Empresariales, Corporativas, Gift Card, Gourmet y Prepagas. • Promoción válida todos los días dentro del periodo de la promoción. • No acumulable con otras promociones. • No aplicable a pagos a través del e-commerce. • Los reclamos serán considerados válidos únicamente en base al último documento actualizado, el cual debe corresponder al que se encuentre vigente en la fecha de la compra reclamada.",1,652592972ac69e63af6f42e6cf4ae5d5c416ed896b9a81d56d15a8cf05b959fc,https://www.beneficiosbancognb.com.py/v2/beneficios/categorias/360,https://www.beneficiosbancognb.com.py/imagenes/4195_bases-y-condiciones-hydro-clean.pdf,
530,Music Hall,Cuotas sin intereses,Hasta 12 cuotas sin intereses todos los días.,2026-12-31,Del 05 de enero al 31 de diciembre del 2026.,2026-12-31,• Hasta 12 cuotas sin intereses para pagos con tarjetas de crédito del Banco GNB Paraguay.,"• Pagos realizados con tarjetas de crédito Banco GNB Paraguay S.A.E.C.A. • Pagos realizados con tarjetas de crédito física, Apple Pay, Google Pay y/o QR en POS adheridos a la procesadora . • No participan de la promoción las tarjetas de débito, de afinidades Empresariales, Corporativas, Gift Card, Gourmet y Prepagas. • La promoción aplica todos los días durante el periodo de promoción. • No acumulable con otras promociones. • Los reclamos serán considerados válidos únicamente en base al último documento actualizado, el cual debe corresponder al que se encuentre vigente en la fecha de la compra reclamada.",1,d76e96700018ec8ef86be11d23b7557a6243e1c8829ef31709559eaf30a84e11,https://www.beneficiosbancognb.com.py/v2/beneficios/categorias/530,https://www.beneficiosbancognb.com.py/imagenes/4907_bases-y-condiciones-music-hall.pdf,
528,Librería Emanuel,Días GNB,20% de descuento los días viernes + Hasta 6 cuotas sin intereses.,2026-10-30,Del 17 de abril al 30 de octubre del 2026.,2026-10-30,"• 20% de descuento para pagos con tarjetas de crédito Mastercard Clásicas, Oro, Black, Black Premier y Metalcard Premier del Banco GNB Paraguay. • Hasta 6 cuotas sin intereses para pagos con tarjetas de crédito del Banco GNB Paraguay.","• Pagos realizados con tarjetas de crédito Mastercard Banco GNB Paraguay S.A.E.C.A. • Pagos realizados con tarjetas de crédito física, Apple Pay, Google Pay y/o QR en POS adheridos a la procesadora . • No participan de la promoción las tarjetas de débito y crédito; Visa, de afinidades Empresariales, Corporativas, Gift Card, Gourmet y Prepagas. • No acumulable con otras promociones. • La promoción de descuento aplica todos los viernes dentro del periodo de vigencia de la promoción. • La promoción de cuotas sin intereses aplica todos los días dentro del periodo de vigencia de la promoción • Tope de compra mensual: Gs. 500.000 (guaraníes quinientos mil) por cuenta de tarjeta de crédito Incluye titulares y adicionales. • Los reclamos serán considerados válidos únicamente en base al último documento actualizado, el cual debe corresponder al que se encuentre vigente en la fecha de la compra reclamada.",1,203274b3d04c7d70001fd5d8abd8e3205140a4b4a002483856476422d47dd159,https://www.beneficiosbancognb.com.py/v2/beneficios/categorias/528,https://www.beneficiosbancognb.com.py/imagenes/4894_bases-y-condiciones-librer%C3%ADa-emanuel.pdf,
657,Moët Hennessy,Días GNB,Hasta 25% de descuento los jueves y viernes + Hasta 6 cuotas sin intereses todos los días.,2026-12-31,Del 27 de agosto al 31 de diciembre del 2026.,2026-12-31,"• 25% de descuento para pagos con tarjetas de crédito Mastercard afinidades Black, Black Premier y Metalcard Premier del Banco GNB Paraguay. • 20% de descuento para pagos con tarjetas de crédito Mastercard afinidades Clásicas y Oro del Banco GNB Paraguay. • Hasta 6 cuotas sin intereses todos los días para pagos con tarjetas de crédito del Banco GNB Paraguay.","• Pagos realizados con tarjetas de crédito Banco GNB Paraguay S.A.E.C.A. • Pagos realizados con tarjetas de crédito física, Apple Pay, Google Pay y/o QR en POS adheridos a la procesadora . • El beneficio de descuento aplica únicamente los jueves y viernes durante el periodo de promoción. • El beneficio de cuotas sin intereses aplica todos los días durante el periodo de promoción. • No participan de la promoción las tarjetas de débito y crédito de afinidades Empresariales, Corporativas, Gift Card, Gourmet y Prepagas. • No acumulable con otras promociones. • Los reintegros serán reflejados de manera automática en el extracto del cliente, en un período de 24 a 48hs hábiles luego de la compra. • El descuento en caja no aplica en la compra de Gift Cards. • Tope de compra mensual: Gs. 1.500.000 (guaraníes un millón quinientos mil) por cuenta de tarjeta de crédito (incluye titulares y adicionales), el cual aplica en forma conjunta a todos los locales de los comercios adheridos. • Los reclamos serán considerados válidos únicamente en base al último documento actualizado, el cual debe corresponder al que se encuentre vigente en la fecha de la compra reclamada.",1,6095a6572ebbccd2c8930dd4da4ea0dfc6494a5787f3fda641894480860c7a5c,https://www.beneficiosbancognb.com.py/v2/beneficios/categorias/657,https://www.beneficiosbancognb.com.py/imagenes/5312_bases-y-condiciones-mo%C3%ABt-hennessy.pdf,
442,Oral Studio,Cuotas sin intereses,Hasta 12 cuotas sin intereses todos los días.,2026-12-31,Del 05 de enero al 31 de diciembre del 2026.,2026-12-31,• Hasta 12 cuotas sin intereses para pagos con tarjetas de crédito del Banco GNB Paraguay.,"• Pagos realizados con tarjetas de crédito Banco GNB Paraguay S.A.E.C.A. • Pagos realizados con tarjetas de crédito física, Apple Pay, Google Pay y/o QR en POS adheridos a la procesadora . • No participan de la promoción las tarjetas de débito, de afinidades Empresariales, Corporativas, Gift Card, Gourmet y Prepagas. • La promoción aplica todos los días durante el periodo de promoción. • No acumulable con otras promociones. • Los reclamos serán considerados válidos únicamente en base al último documento actualizado, el cual debe corresponder al que se encuentre vigente en la fecha de la compra reclamada.",1,b0d0b4f0be05049a9e79b8df6f9d1a339e27bce845d4e85b2110a4a3b7afe60e,https://www.beneficiosbancognb.com.py/v2/beneficios/categorias/442,https://www.beneficiosbancognb.com.py/imagenes/4620_bases-y-condiciones-oral-studio.pdf,
441,Jardín de la Paz,Cuotas sin intereses,Hasta 12 cuotas sin intereses todos los días.,2026-12-31,Del 05 de enero al 31 de diciembre del 2026.,2026-12-31,• Hasta 12 cuotas sin intereses para pagos con tarjetas de crédito del Banco GNB Paraguay.,"• Pagos realizados con tarjetas de crédito Banco GNB Paraguay S.A.E.C.A. • Pagos realizados con tarjetas de crédito física, Apple Pay, Google Pay y/o QR en POS adheridos a la procesadora . • No participan de la promoción las tarjetas de débito, de afinidades Empresariales, Corporativas, Gift Card, Gourmet y Prepagas. • La promoción aplica todos los días durante el periodo de promoción. • No acumulable con otras promociones. • Los reclamos serán considerados válidos únicamente en base al último documento actualizado, el cual debe corresponder al que se encuentre vigente en la fecha de la compra reclamada.",1,0d783425838c039dbc89c97dfc501c95c0e536813234293698dcbbce66356d2f,https://www.beneficiosbancognb.com.py/v2/beneficios/categorias/441,https://www.beneficiosbancognb.com.py/imagenes/4616_bases-y-condiciones-jard%C3%ADn-de-la-paz.pdf,
379,De La Paz Art&Co,Días GNB,Hasta 12 cuotas sin intereses.,2026-12-31,Del 05 de enero al 31 de diciembre del 2026.,2026-12-31,• Hasta 12 cuotas sin intereses para pagos con tarjetas de crédito del Banco GNB Paraguay.,"• Pagos realizados con tarjetas de crédito Banco GNB Paraguay S.A.E.C.A. • Pagos realizados con tarjetas de crédito física, Apple Pay, Google Pay y/o QR en POS adheridos a la procesadora . • No participan de la promoción las tarjetas de débito y crédito de afinidades Empresariales, Corporativas, Gift Card, Gourmet y Prepagas. • La promoción aplica todos los días durante el periodo de promoción. • No acumulable con otras promociones. • Beneficio también aplica a compras vía web. • Los reclamos serán considerados válidos únicamente en base al último documento actualizado, el cual debe corresponder al que se encuentre vigente en la fecha de la compra reclamada.",1,a941778305b03b20b7063f5cfa49aaaed80bfe8f41e777e7b4b93a2b685639f9,https://www.beneficiosbancognb.com.py/v2/beneficios/categorias/379,https://www.beneficiosbancognb.com.py/imagenes/4370_bases-y-condiciones-de-la-paz-art-co.pdf,
257,Syrocco,Cuotas sin intereses,Hasta 12 cuotas sin intereses todos los días.,2026-12-31,Del 07 de enero al 31 de diciembre del 2026.,2026-12-31,• Hasta 12 cuotas sin intereses para pagos con tarjetas de crédito del Banco GNB Paraguay.,"• Pagos realizados con tarjetas de crédito Banco GNB Paraguay S.A.E.C.A. • Pagos realizados con tarjetas de crédito física, Apple Pay, Google Pay y/o QR en POS adheridos a la procesadora . • No participan de la promoción las tarjetas de débito y crédito de afinidades Empresariales, Corporativas, Gift Card, Gourmet y Prepagas. • La promoción aplica todos los días durante el periodo de promoción. • No acumulable con otras promociones. • Los reclamos serán considerados válidos únicamente en base al último documento actualizado, el cual debe corresponder al que se encuentre vigente en la fecha de la compra reclamada.",1,78e5977926dd82d9b15c4ccb6de7f03a352958d92baeceb56d0d133221ce0d7a,https://www.beneficiosbancognb.com.py/v2/beneficios/categorias/257,https://www.beneficiosbancognb.com.py/imagenes/3760_bases-y-condiciones-syrocco.pdf,
303,Nova Tire,Cuotas sin intereses,Hasta 12 cuotas sin intereses,2026-12-31,Del 05 de enero al 31 de diciembre del 2026.,2026-12-31,• Hasta 12 cuotas sin intereses para pagos con tarjetas de crédito del Banco GNB Paraguay.,"• Pagos realizados con tarjetas de crédito Banco GNB Paraguay S.A.E.C.A. • Pagos realizados con tarjetas de crédito física, Apple Pay, Google Pay y/o QR en POS adheridos a la procesadora . • No participan de la promoción las tarjetas de débito, de afinidades Empresariales, Corporativas, Gift Card, Gourmet y Prepagas. • La promoción aplica todos los días durante el periodo de promoción. • No acumulable con otras promociones. • Los reclamos serán considerados válidos únicamente en base al último documento actualizado, el cual debe corresponder al que se encuentre vigente en la fecha de la compra reclamada.",1,eca85f70364c427897607715aaf81fae248ad54afbc7bb78d9d329def362fe4f,https://www.beneficiosbancognb.com.py/v2/beneficios/categorias/303,https://www.beneficiosbancognb.com.py/imagenes/4098_bases-y-condiciones-nova-tire.pdf,
45,Última Hora,Cuotas sin intereses,Hasta 12 cuotas sin intereses todos los días.,2026-12-31,Del 05 de enero al 31 de diciembre del 2026.,2026-12-31,"• Hasta 12 cuotas sin intereses para pagos con tarjetas de crédito Visa y/o Mastercard de afinidades Clásica, Oro, Experience, Black, Black Premier, Metalcard Premier, Platinum e Infinite del Banco GNB Paraguay.","• Pagos realizados con tarjetas de crédito Banco GNB Paraguay S.A.E.C.A. • Pagos realizados con tarjetas de crédito y/o QR en la web de Ultima Hora. • No participan de la promoción las tarjetas de débito y crédito de afinidades Empresariales, Corporativas, Gift Card, Gourmet y Prepagas. • No aplica para pagos realizados a través de plataformas de terceros. • La promoción aplica todos los días durante el periodo de promoción. • No acumulable con otras promociones. • Los reclamos serán considerados válidos únicamente en base al último documento actualizado, el cual debe corresponder al que se encuentre vigente en la fecha de la compra reclamada.",1,f68ef06a57b1edfeae941d2e45242ac623e6cdf527705bcee7706ae3703053fc,https://www.beneficiosbancognb.com.py/v2/beneficios/categorias/45,https://www.beneficiosbancognb.com.py/imagenes/4829_bases-y-condiciones-ultima-hora.pdf,
603,Cerogrado,Días GNB,Hasta 20% de descuento + Hasta 6 cuotas sin intereses los días jueves y viernes.,2026-12-31,Del 20 de agosto al 31 de diciembre del 2026.,2026-12-31,• 20% de descuento para pagos con tarjetas de crédito del Banco GNB Paraguay. • Hasta 6 cuotas sin intereses para pagos con tarjetas de crédito del Banco GNB Paraguay.,"• Pagos realizados con tarjetas de crédito Banco GNB Paraguay S.A.E.C.A. • Pagos realizados con tarjetas de crédito física, Apple Pay, Google Pay y/o QR en POS adheridos a la procesadora . • No participan de la promoción las tarjetas de débito y crédito de afinidades Empresariales, Corporativas, Gift Card, Gourmet y Prepagas. • No aplica para pagos realizados a través de plataformas de terceros y/o e-commerce. • No acumulable con otras promociones. • La promoción aplica únicamente los jueves y viernes dentro del periodo de vigencia de la promoción. • Tope de compra mensual: Gs. 1.500.000 (guaraníes un millón quinientos mil) por cuenta de tarjeta de crédito Incluye titulares y adicionales. • Los reclamos serán considerados válidos únicamente en base al último documento actualizado, el cual debe corresponder al que se encuentre vigente en la fecha de la compra reclamada.",1,6679c4dfc30133f67a63407a7474ca375cec0931dc485f5528fdda79d5d18149,https://www.beneficiosbancognb.com.py/v2/beneficios/categorias/603,https://www.beneficiosbancognb.com.py/imagenes/5102_bases-y-condiciones-cerogrado-003-.pdf,
586,Estilo Sur,Días GNB,Hasta 25% de descuento + Hasta 6 cuotas sin intereses.,2026-11-26,Del 03 de septiembre al 26 de noviembre del 2026.,2026-11-26,"• 25% de descuento para pagos con tarjetas de crédito afinidades Black, Black Premier y Metalcard Premier del Banco GNB Paraguay. • 20% de descuento para pagos con tarjetas de crédito afinidades Clásicas, Oro, Experience, Platinum e Infinite del Banco GNB Paraguay. • Hasta 6 cuotas sin intereses todos los días para pagos con tarjetas de crédito del Banco GNB Paraguay.","• Pagos realizados con tarjetas de crédito Banco GNB Paraguay S.A.E.C.A. • Pagos realizados con tarjetas de crédito física, Apple Pay, Google Pay y/o QR en POS adheridos a la procesadora . • El beneficio de descuento aplica únicamente el primer y último jueves de cada mes durante el periodo de promoción. • El beneficio de cuotas sin intereses aplica todos los días durante el periodo de promoción. • No participan de la promoción las tarjetas de débito y crédito de afinidades Empresariales, Corporativas, Gift Card, Gourmet y Prepagas. • No acumulable con otras promociones. • Los reintegros serán reflejados de manera automática en el extracto del cliente, en un período de 24 a 48hs hábiles luego de la compra. • El descuento en caja no aplica en la compra de Gift Cards. • Tope de compra mensual: Gs. 2.000.000 (guaraníes dos millones) por cuenta de tarjeta de crédito (incluye titulares y adicionales), el cual aplica en forma conjunta a todos los locales de los comercios adheridos. • Los reclamos serán considerados válidos únicamente en base al último documento actualizado, el cual debe corresponder al que se encuentre vigente en la fecha de la compra reclamada.",3,9f3b6b515448ddf4e8fd74c922a89a2cd4abce3b953fb164cbcde4107b31adff,https://www.beneficiosbancognb.com.py/v2/beneficios/categorias/586,https://www.beneficiosbancognb.com.py/imagenes/4835_bases-y-condiciones-eneache-rondina-rdn-estilo-sur.pdf,
575,Brooksfield,Días GNB,25% off los jueves y viernes + 6 cuotas sin intereses,2026-11-27,Del 22 de enero al 27 de noviembre del 2026.,2026-11-27,"• 25% de descuento para pagos con tarjetas de crédito afinidades Black, Black Premier y Metalcard Premier del Banco GNB Paraguay los días jueves y viernes. • 20% de descuento para pagos con tarjetas de crédito afinidades Clàsicas, Oro, Experience, Platinum e Infinite del Banco GNB Paraguay los días jueves y viernes. • Hasta 6 cuotas sin intereses para pagos con tarjetas de crédito del Banco GNB Paraguay.","• Pagos realizados con tarjetas de crédito Banco GNB Paraguay S.A.E.C.A. • Pagos realizados con tarjetas de crédito física, Apple Pay, Google Pay y/o QR en POS adheridos a la procesadora . • No participan de la promoción las tarjetas de débito y crédito de afinidades Empresariales, Corporativas, Gift Card, Gourmet y Prepagas. • La promoción de cuotas sin intereses aplica todos los días durante el periodo de promoción. • La promoción de descuento aplica todos los Jueves y Viernes dentro del periodo de la promoción. • No acumulable con otras promociones. • Los reintegros serán reflejados de manera automática en el extracto del cliente, en un período de 24 a 48hs hábiles luego de la compra. • El descuento en caja no aplica en la compra de Gift Cards. • Se excluyen de la promoción productos de la APF, Cerro Porteño, Olimpia y Libertad. • Tope de compra mensual: Gs. 1.500.000 (guaraníes un millón quinientos mil) para tarjetas de crédito Mastercard y Visa Clásicas, Oro Platinum e Infinite. y Gs. 3.000.000 (guaraníes tres millones) para tarjetas de crédito Mastercard Black, Black Premier y Metalcard Premier. • Los reclamos serán considerados válidos únicamente en base al último documento actualizado, el cual debe corresponder al que se encuentre vigente en la fecha de la compra reclamada.",3,246e0cb9de907eb5055ba296e58fbad623ba6cdd471b9de4161b3fba894f2a65,https://www.beneficiosbancognb.com.py/v2/beneficios/categorias/575,https://www.beneficiosbancognb.com.py/imagenes/3638_bases-y-condiciones-kemsa.pdf,
567,Padel Point,Días GNB,10% de descuento el primer viernes de cada mes + Hasta 12 cuotas sin intereses todos los días.,2026-12-31,Del 16 de febrero al 31 de diciembre del 2026.,2026-12-31,"• 10% de descuento para pagos con tarjetas de crédito Mastercard Clásicas, Oro, Black, Black Premier y Metalcard Premier del Banco GNB Paraguay. • Hasta 12 cuotas sin intereses para pagos con tarjetas de crédito del Banco GNB Paraguay.","• Pagos realizados con tarjetas de crédito Banco GNB Paraguay S.A.E.C.A. • Pagos realizados con tarjetas de crédito física, Apple Pay, Google Pay y/o QR en POS adheridos a la procesadora . • No participan de la promoción las tarjetas de débito y crédito, de afinidades Empresariales, Corporativas, Gift Card, Gourmet y Prepagas. • El beneficio de descuento aplica únicamente el primer viernes de cada mes durante el periodo de promoción. • El beneficio de cuotas sin intereses aplica todos los días durante el periodo de promoción. • No acumulable con otras promociones. • Los reclamos serán considerados válidos únicamente en base al último documento actualizado, el cual debe corresponder al que se encuentre vigente en la fecha de la compra reclamada.",1,80cd3357fe02fc48aaca9471c345f65a29b99ab0ccca6506f012f714fc9ec68e,https://www.beneficiosbancognb.com.py/v2/beneficios/categorias/567,https://www.beneficiosbancognb.com.py/imagenes/5032_bases-y-condiciones-padel-point.pdf,
476,Bellisima,Cuotas sin intereses,Hasta 12 cuotas sin intereses todos los días.,2026-12-31,Del 22 de enero al 31 de diciembre del 2026.,2026-12-31,"• Hasta 12 cuotas sin intereses para pagos con tarjetas de crédito Clásicas, Oro, Experience, Black, Black Premier, Metalcard Premier, Platinum e Infinite del Banco GNB Paraguay.","• Pagos realizados con tarjetas de crédito Banco GNB Paraguay S.A.E.C.A. • Pagos realizados con tarjetas de crédito física, Apple Pay, Google Pay y/o QR en POS adheridos a la procesadora . • No participan de la promoción las tarjetas de débito y crédito de afinidades Empresariales, Corporativas, Gift Card, Gourmet y Prepagas. • La promoción aplica todos los días durante el periodo de promoción. • No acumulable con otras promociones • La promoción también aplica a compras vía web. • Los reclamos serán considerados válidos únicamente en base al último documento actualizado, el cual debe corresponder al que se encuentre vigente en la fecha de la compra reclamada.",1,f52bd0c644c10a77cb8d4ae5ea41b4943bda287f63d46486b4858ed9298f32b2,https://www.beneficiosbancognb.com.py/v2/beneficios/categorias/476,https://www.beneficiosbancognb.com.py/imagenes/4717_bases-y-condiciones-bellisima.pdf,
434,Climarco,Cuotas sin intereses,Hasta 12 cuotas sin intereses todos los días.,2026-12-31,Del 05 de enero al 31 de diciembre del 2026.,2026-12-31,• Hasta 12 cuotas sin intereses para pagos con tarjetas de crédito del Banco GNB Paraguay.,"• Pagos realizados con tarjetas de crédito Banco GNB Paraguay S.A.E.C.A. • Pagos realizados con tarjetas de crédito física, Apple Pay, Google Pay y/o QR en POS adheridos a la procesadora . • No participan de la promoción las tarjetas de débito, de afinidades Empresariales, Corporativas, Gift Card, Gourmet y Prepagas. • La promoción aplica todos los días durante el periodo de promoción. • No acumulable con otras promociones. • Los reclamos serán considerados válidos únicamente en base al último documento actualizado, el cual debe corresponder al que se encuentre vigente en la fecha de la compra reclamada.",1,2f5901d034cfa1e72bbed645142492bced065cf124f99704be39942e31540563,https://www.beneficiosbancognb.com.py/v2/beneficios/categorias/434,https://www.beneficiosbancognb.com.py/imagenes/4594_bases-y-condiciones-climarco.pdf,
660,Farmacia Santa Victoria,Días GNB,35% de descuento los días martes.,2026-12-29,Del 08 de septiembre al 29 de diciembre del 2026.,2026-12-29,• 35% de descuento para pagos con tarjetas de crédito Mastercard del Banco GNB Paraguay.,"• Pagos realizados con tarjetas de crédito Mastercard Banco GNB Paraguay S.A.E.C.A. • Pagos realizados con tarjetas de crédito física, Apple Pay, Google Pay y/o QR en POS adheridos a la procesadora . • No participan de la promoción las tarjetas de débito y crédito; Visa, de afinidades Empresariales, Corporativas, Gift Card, Gourmet y Prepagas. • La promoción aplica única y exclusivamente los días martes durante el periodo de promoción. • No acumulable con otras promociones. • No aplica para pedidos realizados vía delivery y/o e-commerce. • Tope de compra mensual: Gs. 1.000.000 (guaraníes un millón) por cuenta de tarjeta de crédito (incluye titulares y adicionales), el cual aplica en forma conjunta a todos los locales del comercio. • Los reclamos serán considerados válidos únicamente en base al último documento actualizado, el cual debe corresponder al que se encuentre vigente en la fecha de la compra reclamada.",1,4a9388aea2aea5220277c335ea8702d84e4af927a1c13f52140c08116f2c0204,https://www.beneficiosbancognb.com.py/v2/beneficios/categorias/660,https://www.beneficiosbancognb.com.py/imagenes/5327_bases-y-condiciones-farmacia-santa-victoria.pdf,
604,San Isidro Show Room,Días GNB,15% de descuento + Hasta 12 cuotas sin intereses todos los días.,2026-12-31,Del 27 de marzo al 31 de diciembre del 2026.,2026-12-31,• 15% de descuento para pagos con tarjetas de crédito del Banco GNB Paraguay. • Hasta 12 cuotas sin intereses para pagos con tarjetas de crédito del Banco GNB Paraguay.,"• Pagos realizados con tarjetas de crédito Banco GNB Paraguay S.A.E.C.A. • Pagos realizados con tarjetas de crédito física, Apple Pay, Google Pay y/o QR en POS adheridos a la procesadora . • No participan de la promoción las tarjetas de débito, de afinidades Empresariales, Corporativas, Gift Card, Gourmet y Prepagas. • La promoción aplica todos los días durante el periodo de promoción. • No acumulable con otras promociones. • Los reclamos serán considerados válidos únicamente en base al último documento actualizado, el cual debe corresponder al que se encuentre vigente en la fecha de la compra reclamada.",1,5a5a67ec422fd939d1f1e38aa41a4c8741e1f6b7a9ceb57ab55966b9c1fbc297,https://www.beneficiosbancognb.com.py/v2/beneficios/categorias/604,https://www.beneficiosbancognb.com.py/imagenes/5104_bases-y-condiciones-san-isidro-show-room.pdf,
570,Jeep,Días GNB,Hasta 25% de descuento los viernes + 6 cuotas sin intereses todos los días,2026-11-27,Del 23 de enero al 27 de noviembre del 2026.,2026-11-27,"• 25% de descuento para pagos con tarjetas de crédito afinidades Black, Black Premier y Metalcard Premier del Banco GNB Paraguay los días viernes. • 20% de descuento para pagos con tarjetas de crédito afinidades Clàsicas, Oro, Experience, Platinum e Infinite del Banco GNB Paraguay los días viernes. • Hasta 6 cuotas sin intereses para pagos con tarjetas de crédito del Banco GNB Paraguay.","• Pagos realizados con tarjetas de crédito Banco GNB Paraguay S.A.E.C.A. • Pagos realizados con tarjetas de crédito física, Apple Pay, Google Pay y/o QR en POS adheridos a la procesadora . • No participan de la promoción las tarjetas de débito y crédito de afinidades Empresariales, Corporativas, Gift Card, Gourmet y Prepagas. • La promoción de cuotas sin intereses aplica todos los días durante el periodo de promoción. • La promoción de descuento aplica todos los viernes dentro del periodo de la promoción. • No acumulable con otras promociones. • Los reintegros serán reflejados de manera automática en el extracto del cliente, en un período de 24 a 48hs hábiles luego de la compra. • El descuento en caja no aplica en la compra de Gift Cards. • Descuento no aplica a compras e-commerce. • Tope de compra mensual: Gs. 1.500.000 (guaraníes un millón quinientos mil) para tarjetas de crédito Mastercard y Visa Clásicas, Oro Platinum e Infinite. y Gs. 3.000.000 (guaraníes tres millones) para tarjetas de crédito Mastercard Black, Black Premier y Metalcard Premier el cual aplica en forma conjunta a todos los locales de los comercios adheridos. • Los reclamos serán considerados válidos únicamente en base al último documento actualizado, el cual debe corresponder al que se encuentre vigente en la fecha de la compra reclamada.",2,7e58b8f64f3f2d5e26ef105bc1c919dd197d629fdd73b4c5454a6660c45e795c,https://www.beneficiosbancognb.com.py/v2/beneficios/categorias/570,https://www.beneficiosbancognb.com.py/imagenes/5034_bases-y-condiciones-optima-agosto.pdf,
532,Master Shop,Cuotas sin intereses,Hasta 12 cuotas sin intereses todos los días.,2026-12-31,Del 05 de enero al 31 de diciembre del 2026.,2026-12-31,"• Hasta 12 cuotas sin intereses para tarjetas de afinidad Clásicas, Oro, Experience. Black, Black Premier, Metalcard Premier, Platinum e Infinite Premier del Banco GNB Paraguay.","• Pagos realizados con tarjetas de crédito Banco GNB Paraguay S.A.E.C.A. • Pagos realizados con tarjetas de crédito física, Apple Pay, Google Pay y/o QR en POS adheridos a la procesadora . • No participan de la promoción las tarjetas de débito y crédito de afinidades Empresariales, Corporativas, Gift Card, Gourmet y Prepagas. • La promoción aplica todos los días durante el periodo de promoción. • No acumulable con otras promociones. • Los reclamos serán considerados válidos únicamente en base al último documento actualizado, el cual debe corresponder al que se encuentre vigente en la fecha de la compra reclamada.",1,d40c046c43342f6d03f8a30b840c62c50213558377238c986f6c94736df3bdf6,https://www.beneficiosbancognb.com.py/v2/beneficios/categorias/532,https://www.beneficiosbancognb.com.py/imagenes/4911_bases-y-condiciones-master-shop-002-.pdf,
460,Alpa Muebles,Días GNB,Hasta 12 cuotas sin intereses todos los días.,2026-12-31,Del 06 de febrero al 31 de diciembre del 2026.,2026-12-31,"• Hasta 12 cuotas sin intereses para tarjetas de afinidad Oro, Experience. Black, Black Premier, Metalcard Premier, Platinum, Infinite del Banco GNB Paraguay.","• Pagos realizados con tarjetas de crédito Banco GNB Paraguay S.A.E.C.A. • Pagos realizados con tarjetas de crédito física, Apple Pay, Google Pay y/o QR en POS adheridos a la procesadora . • No participan de la promoción las tarjetas de débito y crédito; Clásicas, de afinidades Empresariales, Corporativas, Gift Card, Gourmet y Prepagas. • La promoción aplica todos los días durante el periodo de promoción. • No acumulable con otras promociones. • Los reclamos serán considerados válidos únicamente en base al último documento actualizado, el cual debe corresponder al que se encuentre vigente en la fecha de la compra reclamada.",1,a303cd629353a4d52ec6f798c22da086042157895de74fc6f21e04564d95f58a,https://www.beneficiosbancognb.com.py/v2/beneficios/categorias/460,https://www.beneficiosbancognb.com.py/imagenes/4677_bases-y-condiciones-alpa-muebles-002-.pdf,
405,Claro Paraguay,Cuotas sin intereses,Hasta 12 cuotas sin intereses todos los días.,2026-12-31,Del 05 de enero al 31 de diciembre del 2026.,2026-12-31,• Hasta 12 cuotas sin intereses para pagos con tarjetas de crédito del Banco GNB Paraguay.,"• Pagos realizados con tarjetas de crédito Banco GNB Paraguay S.A.E.C.A. • Pagos realizados con tarjetas de crédito física, Apple Pay, Google Pay y/o QR en POS adheridos a la procesadora . • No participan de la promoción las tarjetas de débito, de afinidades Empresariales, Corporativas, Gift Card, Gourmet y Prepagas. • La promoción aplica todos los días durante el periodo de promoción. • No acumulable con otras promociones. • Los reclamos serán considerados válidos únicamente en base al último documento actualizado, el cual debe corresponder al que se encuentre vigente en la fecha de la compra reclamada.",1,9fb18b16e5a94fe3c53c89ad1f555c658fcfea6bef524c48dcf00ec4cf250119,https://www.beneficiosbancognb.com.py/v2/beneficios/categorias/405,https://www.beneficiosbancognb.com.py/imagenes/4471_bases-y-condiciones-claro.pdf,
340,Taller Ruschel,Cuotas sin intereses,Hasta 12 cuotas sin intereses todos los días.,2026-12-31,Del 05 de enero al 31 de diciembre de 2026.,2026-12-31,"• Hasta 12 cuotas sin intereses para pagos con Tarjetas de Crédito Clásicas, Oro, Experience, Black, Black Premier, Metalcard Premier, Platinum e Infinite.","• Pagos realizados con tarjetas de crédito Banco GNB Paraguay S.A.E.C.A. • Pagos realizados con tarjetas de crédito física y/o QR en POS adheridos a la procesadora . • No participan de la promoción las tarjetas de débito y crédito de afinidades Empresariales, Corporativas, Gift Card, Gourmet y Prepagas. • La promoción aplica todos los días durante el periodo de promoción. • No acumulable con otras promociones. • Los reclamos serán considerados válidos únicamente en base al último documento actualizado, el cual debe corresponder al que se encuentre vigente en la fecha de la compra reclamada.",1,9f40f4ae78a9faae00322b0d86b8cdf50317f2245628e267d8bea721255beca3,https://www.beneficiosbancognb.com.py/v2/beneficios/categorias/340,https://www.beneficiosbancognb.com.py/imagenes/4245_bases-y-condiciones-taller-ruschel-agosto.pdf,
317,Moplex,Cuotas sin intereses,12 Cuotas sin intereses todos los días.,2026-12-31,Del 05 de enero al 31 de diciembre del 2026.,2026-12-31,• Hasta 12 cuotas sin intereses para pagos con tarjetas de crédito del Banco GNB Paraguay.,"• Pagos realizados con tarjetas de crédito Banco GNB Paraguay S.A.E.C.A. • Pagos realizados con tarjetas de crédito física, Apple Pay, Google Pay y/o QR en POS adheridos a la procesadora . • No participan de la promoción las tarjetas de débito, de afinidades Empresariales, Corporativas, Gift Card, Gourmet y Prepagas. • La promoción aplica todos los días durante el periodo de promoción. • No acumulable con otras promociones. • Los reclamos serán considerados válidos únicamente en base al último documento actualizado, el cual debe corresponder al que se encuentre vigente en la fecha de la compra reclamada.",1,455e9cccb76891c3947ab7617812c7a47827c6b3f0f4c8aeb77ee35019bf4a9d,https://www.beneficiosbancognb.com.py/v2/beneficios/categorias/317,https://www.beneficiosbancognb.com.py/imagenes/4140_bases-y-condiciones-moplex.pdf,
638,Baza Rattán,Días GNB,20% de descuento + Hasta 12 cuotas sin intereses.,2026-12-31,Del 17 de julio al 31 de diciembre del 2026.,2026-12-31,"• 20% de descuento para pagos con tarjetas de crédito Mastercard Black, Black Premier y Metalcard Premier del Banco GNB Paraguay. • Hasta 12 cuotas sin intereses todos los días para pagos con tarjetas de crédito del Banco GNB Paraguay.","• Pagos realizados con tarjetas de crédito Banco GNB Paraguay S.A.E.C.A. • Pagos realizados con tarjetas de crédito física, Apple Pay, Google Pay y/o QR en POS adheridos a la procesadora . • El beneficio aplica única y exclusivamente del 17 al 20 y los últimos tres días de cada mes dentro del periodo de la promoción. • No participan de la promoción las tarjetas de débito, crédito Visa, de afinidades Empresariales, Corporativas, Gift Card, Gourmet y Prepagas. • No acumulable con otras promociones. • Los reintegros serán reflejados de manera automática en el extracto del cliente, en un período de 24 a 48hs hábiles luego de la compra. • Tope de compra mensual: Gs. 3.000.000 (guaraníes tres millones) por cuenta de tarjeta de crédito (incluye titulares y adicionales), el cual aplica en forma conjunta a todos los locales del comercio. • Los reclamos serán considerados válidos únicamente en base al último documento actualizado, el cual debe corresponder al que se encuentre vigente en la fecha de la compra reclamada.",1,766a9d56eb48bdddcb70b0bf6c0f12b2fcfe4ae1cb485770c47030d6982458ae,https://www.beneficiosbancognb.com.py/v2/beneficios/categorias/638,https://www.beneficiosbancognb.com.py/imagenes/5253_bases-y-condiciones-baza-rattan.pdf,
588,Melissa,Días GNB,25% off los jueves + 6 cuotas sin intereses,2026-11-26,Del 15 de enero al 26 de noviembre del 2026.,2026-11-26,"• 25% de descuento para pagos con tarjetas de crédito afinidades Black, Black Premier y Metalcard Premier del Banco GNB Paraguay los días jueves. • 20% de descuento para pagos con tarjetas de crédito afinidades Clàsicas, Oro, Experience, Platinum e Infinite del Banco GNB Paraguay los días jueves. • Hasta 6 cuotas sin intereses para pagos con tarjetas de crédito del Banco GNB Paraguay. .","• Pagos realizados con tarjetas de crédito Banco GNB Paraguay S.A.E.C.A. • Pagos realizados con tarjetas de crédito física, Apple Pay, Google Pay y/o QR en POS adheridos a la procesadora . • No participan de la promoción las tarjetas de débito y crédito de afinidades Empresariales, Corporativas, Gift Card, Gourmet y Prepagas. • La promoción de cuotas sin intereses aplica todos los días durante el periodo de promoción. • La promoción de descuento aplica todos los jueves dentro del periodo de la promoción. • No acumulable con otras promociones. • Aplica en las tiendas del Paseo la Galería y delSol Shopping, excluyendo el outlet. • Los reintegros serán reflejados de manera automática en el extracto del cliente, en un período de 24 a 48hs hábiles luego de la compra. • Tope de compra mensual: Gs. 2.000.000 (guaraníes dos millones) por cuenta de tarjeta de crédito (incluye titulares y adicionales), el cual aplica en forma conjunta a todos los locales del comercio. • Los reclamos serán considerados válidos únicamente en base al último documento actualizado, el cual debe corresponder al que se encuentre vigente en la fecha de la compra reclamada.",1,0503bf180b1ad47ee47896760e024cf745dc0626ba908045d3bcc93d0192368c,https://www.beneficiosbancognb.com.py/v2/beneficios/categorias/588,https://www.beneficiosbancognb.com.py/imagenes/1057_bases-y-condiciones-gino-ventori-melissa-democrata-002-.pdf,
576,Kappa,Días GNB,25% off los jueves y viernes + 6 cuotas sin intereses,2026-11-27,Del 22 de enero al 27 de noviembre del 2026.,2026-11-27,"• 25% de descuento para pagos con tarjetas de crédito afinidades Black, Black Premier y Metalcard Premier del Banco GNB Paraguay los días jueves y viernes. • 20% de descuento para pagos con tarjetas de crédito afinidades Clàsicas, Oro, Experience, Platinum e Infinite del Banco GNB Paraguay los días jueves y viernes. • Hasta 6 cuotas sin intereses para pagos con tarjetas de crédito del Banco GNB Paraguay.","• Pagos realizados con tarjetas de crédito Banco GNB Paraguay S.A.E.C.A. • Pagos realizados con tarjetas de crédito física, Apple Pay, Google Pay y/o QR en POS adheridos a la procesadora . • No participan de la promoción las tarjetas de débito y crédito de afinidades Empresariales, Corporativas, Gift Card, Gourmet y Prepagas. • La promoción de cuotas sin intereses aplica todos los días durante el periodo de promoción. • La promoción de descuento aplica todos los Jueves y Viernes dentro del periodo de la promoción. • No acumulable con otras promociones. • Los reintegros serán reflejados de manera automática en el extracto del cliente, en un período de 24 a 48hs hábiles luego de la compra. • El descuento en caja no aplica en la compra de Gift Cards. • Se excluyen de la promoción productos de la APF, Cerro Porteño, Olimpia y Libertad. • Tope de compra mensual: Gs. 1.500.000 (guaraníes un millón quinientos mil) para tarjetas de crédito Mastercard y Visa Clásicas, Oro Platinum e Infinite. y Gs. 3.000.000 (guaraníes tres millones) para tarjetas de crédito Mastercard Black, Black Premier y Metalcard Premier. • Los reclamos serán considerados válidos únicamente en base al último documento actualizado, el cual debe corresponder al que se encuentre vigente en la fecha de la compra reclamada.",3,246e0cb9de907eb5055ba296e58fbad623ba6cdd471b9de4161b3fba894f2a65,https://www.beneficiosbancognb.com.py/v2/beneficios/categorias/576,https://www.beneficiosbancognb.com.py/imagenes/3638_bases-y-condiciones-kemsa.pdf,
311,Fercell,Cuotas sin intereses,Hasta 12 cuotas sin intereses todos los días.,2026-12-31,Del 05 de enero al 31 de diciembre del 2026.,2026-12-31,• Hasta 12 cuotas sin intereses para pagos con tarjetas de crédito del Banco GNB Paraguay.,"• Pagos realizados con tarjetas de crédito Banco GNB Paraguay S.A.E.C.A. • Pagos realizados con tarjetas de crédito física, Apple Pay, Google Pay y/o QR en POS adheridos a la procesadora . • No participan de la promoción las tarjetas de débito, de afinidades Empresariales, Corporativas, Gift Card, Gourmet y Prepagas. • La promoción aplica todos los días durante el periodo de promoción. • No acumulable con otras promociones. • Los reclamos serán considerados válidos únicamente en base al último documento actualizado, el cual debe corresponder al que se encuentre vigente en la fecha de la compra reclamada.",1,06e9539552614fab09e35679663eac728a7a4895dc3312a2c8882420a834fb1b,https://www.beneficiosbancognb.com.py/v2/beneficios/categorias/311,https://www.beneficiosbancognb.com.py/imagenes/4123_bases-y-condiciones-fercell.pdf,
661,Depilife,Días GNB,50% de descuento + Hasta 12 cuotas sin intereses todos los días.,2026-12-31,Del 02 de septiembre al 31 de diciembre del 2026.,2026-12-31,• 50% de descuento pagando con las tarjetas de crédito del Banco GNB Paraguay en la compra de 6 sesiones o más. • Hasta 12 cuotas sin intereses con las tarjetas de crédito del Banco GNB Paraguay.,"• Pagos realizados con tarjetas de crédito Banco GNB Paraguay S.A.E.C.A. • Pagos realizados con tarjetas de crédito física, Apple Pay, Google Pay y/o QR en POS adheridos a la procesadora . • No participan de la promoción las tarjetas de débito y crédito de afinidades Empresariales, Corporativas, Gift Card, Gourmet y Prepagas. • La promoción aplica todos los días durante el periodo de promoción. • No acumulable con otras promociones. • Los reclamos serán considerados válidos únicamente en base al último documento actualizado, el cual debe corresponder al que se encuentre vigente en la fecha de la compra reclamada.",1,b763cbcbbb9ff15f8326039055182f48560eceadacddf2b8ac81c6844563a03b,https://www.beneficiosbancognb.com.py/v2/beneficios/categorias/661,https://www.beneficiosbancognb.com.py/imagenes/5330_bases-y-condiciones-depilife.pdf,
578,Lotto,Días GNB,25% off los jueves y viernes + 6 cuotas sin intereses,2026-11-27,Del 22 de enero al 27 de noviembre del 2026.,2026-11-27,"• 25% de descuento para pagos con tarjetas de crédito afinidades Black, Black Premier y Metalcard Premier del Banco GNB Paraguay los días jueves y viernes. • 20% de descuento para pagos con tarjetas de crédito afinidades Clàsicas, Oro, Experience, Platinum e Infinite del Banco GNB Paraguay los días jueves y viernes. • Hasta 6 cuotas sin intereses para pagos con tarjetas de crédito del Banco GNB Paraguay.","• Pagos realizados con tarjetas de crédito Banco GNB Paraguay S.A.E.C.A. • Pagos realizados con tarjetas de crédito física, Apple Pay, Google Pay y/o QR en POS adheridos a la procesadora . • No participan de la promoción las tarjetas de débito y crédito de afinidades Empresariales, Corporativas, Gift Card, Gourmet y Prepagas. • La promoción de cuotas sin intereses aplica todos los días durante el periodo de promoción. • La promoción de descuento aplica todos los Jueves y Viernes dentro del periodo de la promoción. • No acumulable con otras promociones. • Los reintegros serán reflejados de manera automática en el extracto del cliente, en un período de 24 a 48hs hábiles luego de la compra. • El descuento en caja no aplica en la compra de Gift Cards. • Se excluyen de la promoción productos de la APF, Cerro Porteño, Olimpia y Libertad. • Tope de compra mensual: Gs. 1.500.000 (guaraníes un millón quinientos mil) para tarjetas de crédito Mastercard y Visa Clásicas, Oro Platinum e Infinite. y Gs. 3.000.000 (guaraníes tres millones) para tarjetas de crédito Mastercard Black, Black Premier y Metalcard Premier. • Los reclamos serán considerados válidos únicamente en base al último documento actualizado, el cual debe corresponder al que se encuentre vigente en la fecha de la compra reclamada.",3,246e0cb9de907eb5055ba296e58fbad623ba6cdd471b9de4161b3fba894f2a65,https://www.beneficiosbancognb.com.py/v2/beneficios/categorias/578,https://www.beneficiosbancognb.com.py/imagenes/3638_bases-y-condiciones-kemsa.pdf,
577,Kenneth Cole,Días GNB,25% off los jueves y viernes + 6 cuotas sin intereses,2026-11-27,Del 22 de enero al 27 de noviembre del 2026.,2026-11-27,"• 25% de descuento para pagos con tarjetas de crédito afinidades Black, Black Premier y Metalcard Premier del Banco GNB Paraguay los días jueves y viernes. • 20% de descuento para pagos con tarjetas de crédito afinidades Clàsicas, Oro, Experience, Platinum e Infinite del Banco GNB Paraguay los días jueves y viernes. • Hasta 6 cuotas sin intereses para pagos con tarjetas de crédito del Banco GNB Paraguay.","• Pagos realizados con tarjetas de crédito Banco GNB Paraguay S.A.E.C.A. • Pagos realizados con tarjetas de crédito física, Apple Pay, Google Pay y/o QR en POS adheridos a la procesadora . • No participan de la promoción las tarjetas de débito y crédito de afinidades Empresariales, Corporativas, Gift Card, Gourmet y Prepagas. • La promoción de cuotas sin intereses aplica todos los días durante el periodo de promoción. • La promoción de descuento aplica todos los Jueves y Viernes dentro del periodo de la promoción. • No acumulable con otras promociones. • Los reintegros serán reflejados de manera automática en el extracto del cliente, en un período de 24 a 48hs hábiles luego de la compra. • El descuento en caja no aplica en la compra de Gift Cards. • Se excluyen de la promoción productos de la APF, Cerro Porteño, Olimpia y Libertad. • Tope de compra mensual: Gs. 1.500.000 (guaraníes un millón quinientos mil) para tarjetas de crédito Mastercard y Visa Clásicas, Oro Platinum e Infinite. y Gs. 3.000.000 (guaraníes tres millones) para tarjetas de crédito Mastercard Black, Black Premier y Metalcard Premier. • Los reclamos serán considerados válidos únicamente en base al último documento actualizado, el cual debe corresponder al que se encuentre vigente en la fecha de la compra reclamada.",3,246e0cb9de907eb5055ba296e58fbad623ba6cdd471b9de4161b3fba894f2a65,https://www.beneficiosbancognb.com.py/v2/beneficios/categorias/577,https://www.beneficiosbancognb.com.py/imagenes/3638_bases-y-condiciones-kemsa.pdf,
554,Puerto Liebig,Cuotas sin intereses,Hasta 12 cuotas sin intereses todos los días.,2026-12-31,Del 14 de enero al 31 de diciembre del 2026.,2026-12-31,"• Hasta 12 cuotas sin intereses para tarjetas de afinidad Clásicas, Oro, Experience. Black, Black Premier, Metalcard Premier, Platinum e Infinite Premier del Banco GNB Paraguay.","• Pagos realizados con tarjetas de crédito Banco GNB Paraguay S.A.E.C.A. • Pagos realizados con tarjetas de crédito física, Apple Pay, Google Pay y/o QR en POS adheridos a la procesadora . • No participan de la promoción las tarjetas de débito y crédito de afinidades Empresariales, Corporativas, Gift Card, Gourmet y Prepagas. • La promoción aplica todos los días durante el periodo de promoción. • No acumulable con otras promociones. • Los reclamos serán considerados válidos únicamente en base al último documento actualizado, el cual debe corresponder al que se encuentre vigente en la fecha de la compra reclamada.",1,0f54a6a3c702f8aba6c16e1e1e0a10c4cd9976573a5d92b8682f7ef88cdd584c,https://www.beneficiosbancognb.com.py/v2/beneficios/categorias/554,https://www.beneficiosbancognb.com.py/imagenes/4975_bases-y-condiciones-puerto-liebig.pdf,
536,24.7 Materiales Eléctricos,Cuotas sin intereses,Hasta 12 cuotas sin intereses todos los días.,2026-12-31,Del 05 de enero al 31 de diciembre del 2026.,2026-12-31,"• Hasta 12 cuotas sin intereses para tarjetas de afinidad Clásicas, Oro, Experience. Black, Black Premier, Metalcard Premier, Platinum e Infinite Premier del Banco GNB Paraguay.","• Pagos realizados con tarjetas de crédito Banco GNB Paraguay S.A.E.C.A. • Pagos realizados con tarjetas de crédito física, Apple Pay, Google Pay y/o QR en POS adheridos a la procesadora . • No participan de la promoción las tarjetas de débito y crédito de afinidades Empresariales, Corporativas, Gift Card, Gourmet y Prepagas. • La promoción aplica todos los días durante el periodo de promoción. • No acumulable con otras promociones. • Los reclamos serán considerados válidos únicamente en base al último documento actualizado, el cual debe corresponder al que se encuentre vigente en la fecha de la compra reclamada.",1,5f8ef23d0090b4b1637137bf4e4adb2355f31c288adf03ff4fd27a9f653be7fd,https://www.beneficiosbancognb.com.py/v2/beneficios/categorias/536,https://www.beneficiosbancognb.com.py/imagenes/4923_bases-y-condiciones-24.7-materiales-el%C3%A9ctricos.pdf,
404,Cindy Zayas - Fotografía Familiar,Cuotas sin intereses,Hasta 6 cuotas sin intereses todos los días.,2026-12-31,Del 05 de enero al 31 de diciembre del 2026.,2026-12-31,• Hasta 6 cuotas sin intereses para pagos con tarjetas de crédito del Banco GNB Paraguay.,"• Pagos realizados con tarjetas de crédito Banco GNB Paraguay S.A.E.C.A. • Pagos realizados con tarjetas de crédito física, Apple Pay, Google Pay y/o QR en POS adheridos a la procesadora . • No participan de la promoción las tarjetas de débito, de afinidades Empresariales, Corporativas, Gift Card, Gourmet y Prepagas. • La promoción aplica todos los días durante el periodo de promoción. • No acumulable con otras promociones. • Los reclamos serán considerados válidos únicamente en base al último documento actualizado, el cual debe corresponder al que se encuentre vigente en la fecha de la compra reclamada.",1,06aaff47a1612383da245a4627c4c0870486bcad00f658ef44632c4c28bc47e8,https://www.beneficiosbancognb.com.py/v2/beneficios/categorias/404,https://www.beneficiosbancognb.com.py/imagenes/4469_bases-y-condiciones-cindy-zayas.pdf,
373,Fermaco,Cuotas sin intereses,Hasta 12 cuotas sin intereses todos los días.,2026-12-31,Del 05 de enero al 31 de diciembre del 2026.,2026-12-31,• Hasta 12 cuotas sin intereses para pagos con tarjetas de crédito del Banco GNB Paraguay.,"• Pagos realizados con tarjetas de crédito Banco GNB Paraguay S.A.E.C.A. • Pagos realizados con tarjetas de crédito física, Apple Pay, Google Pay y/o QR en POS adheridos a la procesadora . • No participan de la promoción las tarjetas de débito, de afinidades Empresariales, Corporativas, Gift Card, Gourmet y Prepagas. • La promoción aplica todos los días durante el periodo de promoción. • No acumulable con otras promociones. • Los reclamos serán considerados válidos únicamente en base al último documento actualizado, el cual debe corresponder al que se encuentre vigente en la fecha de la compra reclamada.",1,ccd4ba05e52fd863be69dbb02bdaf73c61e4cc6352ad90a1fe47b5bc568b3970,https://www.beneficiosbancognb.com.py/v2/beneficios/categorias/373,https://www.beneficiosbancognb.com.py/imagenes/4351_bases-y-condiciones-fermaco.pdf,
361,Decanter Vinos Boutique,Días GNB,Hasta 15% de descuento en productos seleccionados + Hasta 6 cuotas sin intereses.,2026-12-31,Del 19 de marzo al 31 de diciembre del 2026.,2026-12-31,• Hasta 15% de descuento en productos seleccionados para pagos con tarjetas de crédito del Banco GNB Paraguay. • Hasta 6 cuotas sin intereses para pagos con tarjetas de crédito del Banco GNB Paraguay.,"• Pagos realizados con tarjetas de crédito Banco GNB Paraguay S.A.E.C.A. • Pagos realizados con tarjetas de crédito física, Apple Pay, Google Pay y/o QR en POS adheridos a la procesadora . • No participan de la promoción las tarjetas de débito, de afinidades Empresariales, Corporativas, Gift Card, Gourmet y Prepagas. • La promoción aplica todos los días durante el periodo de promoción. • No acumulable con otras promociones. • Los reclamos serán considerados válidos únicamente en base al último documento actualizado, el cual debe corresponder al que se encuentre vigente en la fecha de la compra reclamada.",1,156d6b8af074b6ce9b8fbe6257bb1de5f56616f7d97058f6009fcc8fdc73d6c9,https://www.beneficiosbancognb.com.py/v2/beneficios/categorias/361,https://www.beneficiosbancognb.com.py/imagenes/4302_bases-y-condiciones-decanter-vinos-boutique.pdf,
333,Todo Compras,Cuotas sin intereses,Hasta 12 cuotas sin intereses todos los días,2026-12-31,Del 05 de enero al 31 de diciembre del 2026.,2026-12-31,• Hasta 12 cuotas sin intereses para pagos con tarjetas de crédito del Banco GNB Paraguay.,"• Pagos realizados con tarjetas de crédito Banco GNB Paraguay S.A.E.C.A. • Pagos realizados con tarjetas de crédito física, Apple Pay, Google Pay y/o QR en POS adheridos a la procesadora . • No participan de la promoción las tarjetas de débito, de afinidades Empresariales, Corporativas, Gift Card, Gourmet y Prepagas. • La promoción aplica todos los días durante el periodo de promoción. • No acumulable con otras promociones. • Los reclamos serán considerados válidos únicamente en base al último documento actualizado, el cual debe corresponder al que se encuentre vigente en la fecha de la compra reclamada.",1,15fced46a546babdf84c5417741590cccfddf8b905002e7742171eab1dd1bac5,https://www.beneficiosbancognb.com.py/v2/beneficios/categorias/333,https://www.beneficiosbancognb.com.py/imagenes/4214_bases-y-condiciones-todo-compras.pdf,
640,Calzados Rajomar,Días GNB,Hasta 20% de descuento + Hasta 6 cuotas sin intereses todos los sábados.,2026-11-28,Del 18 de julio al 28 de noviembre del 2026.,2026-11-28,"• 20% de descuento para pagos con tarjetas de crédito Mastercard Black, Black Premier y Metalcard Premier del Banco GNB Paraguay. • 15% de descuento para pagos con tarjetas de crédito Mastercard Clásicas y Oro del Banco GNB Paraguay. • Hasta 6 cuotas sin intereses para pagos con tarjetas de crédito del Banco GNB Paraguay.","• Pagos realizados con tarjetas de crédito Mastercard Banco GNB Paraguay S.A.E.C.A. • Pagos realizados con tarjetas de crédito física, Apple Pay, Google Pay y/o QR en POS adheridos a la procesadora . • No participan de la promoción las tarjetas de débito y crédito; Visa, de afinidades Empresariales, Corporativas, Gift Card, Gourmet y Prepagas. • No aplica para pagos realizados a través de plataformas de terceros y/o e-commerce. • No acumulable con otras promociones. • La promoción aplica todos los sábados dentro del periodo de vigencia de la promoción. • Tope de compra mensual: Gs. 1.000.000 (guaraníes un millón) por cuenta de tarjeta de crédito Incluye titulares y adicionales, (aplica en forma conjunta a los dos comercios adheridos). • Los reclamos serán considerados válidos únicamente en base al último documento actualizado, el cual debe corresponder al que se encuentre vigente en la fecha de la compra reclamada.",1,27241bf9257f4e70d8319c815ecb8fb949760f869cdc647bb013a138e4796283,https://www.beneficiosbancognb.com.py/v2/beneficios/categorias/640,https://www.beneficiosbancognb.com.py/imagenes/5259_bases-y-condiciones-calzados-rajomar.pdf,
607,El Pescador,Cuotas sin intereses,Hasta 6 cuotas sin intereses todos los días.,2026-12-31,Del 18 de marzo al 31 de diciembre del 2026.,2026-12-31,• Hasta 6 cuotas sin intereses para pagos con tarjetas de crédito del Banco GNB Paraguay.,"• Pagos realizados con tarjetas de crédito Banco GNB Paraguay S.A.E.C.A. • Pagos realizados con tarjetas de crédito física, Apple Pay, Google Pay y/o QR en POS adheridos a la procesadora . • No participan de la promoción las tarjetas de débito, de afinidades Empresariales, Corporativas, Gift Card, Gourmet y Prepagas. • La promoción aplica todos los días durante el periodo de promoción. • No acumulable con otras promociones. • Los reclamos serán considerados válidos únicamente en base al último documento actualizado, el cual debe corresponder al que se encuentre vigente en la fecha de la compra reclamada.",1,5ab2838e377b94bf1019721898b729d14a6db7636ab0c7e925bab6932ad0b434,https://www.beneficiosbancognb.com.py/v2/beneficios/categorias/607,https://www.beneficiosbancognb.com.py/imagenes/5109_bases-y-condiciones-el-pescador.pdf,
601,Farfalle,Días GNB,20% de descuento + Hasta 6 cuotas sin intereses todos los días.,2026-12-31,Del 23 de marzo al 31 de diciembre del 2026.,2026-12-31,• 20% de descuento para pagos con tarjetas de crédito del Banco GNB Paraguay. • Hasta 6 cuotas sin intereses para pagos con tarjetas de crédito del Banco GNB Paraguay.,"• Pagos realizados con tarjetas de crédito Banco GNB Paraguay S.A.E.C.A. • Pagos realizados con tarjetas de crédito física, Apple Pay, Google Pay y/o QR en POS adheridos a la procesadora . • No participan de la promoción las tarjetas de débito, de afinidades Empresariales, Corporativas, Gift Card, Gourmet y Prepagas. • La promoción aplica todos los días durante el periodo de promoción. • No acumulable con otras promociones. • Los reclamos serán considerados válidos únicamente en base al último documento actualizado, el cual debe corresponder al que se encuentre vigente en la fecha de la compra reclamada.",1,86484e81b2d912697c64e67032f8520d006ec0268938ee263693f046a91c5f4a,https://www.beneficiosbancognb.com.py/v2/beneficios/categorias/601,https://www.beneficiosbancognb.com.py/imagenes/5098_bases-y-condiciones-farfalle.pdf,
443,Aqualar,Cuotas sin intereses,Hasta 12 cuotas sin intereses todos los días.,2026-12-31,Del 05 de enero al 31 de diciembre del 2026.,2026-12-31,• Hasta 12 cuotas sin intereses para pagos con tarjetas de crédito del Banco GNB Paraguay.,"• Pagos realizados con tarjetas de crédito Banco GNB Paraguay S.A.E.C.A. • Pagos realizados con tarjetas de crédito física, Apple Pay, Google Pay y/o QR en POS adheridos a la procesadora . • No participan de la promoción las tarjetas de débito, de afinidades Empresariales, Corporativas, Gift Card, Gourmet y Prepagas. • La promoción aplica todos los días durante el periodo de promoción. • No acumulable con otras promociones. • Los reclamos serán considerados válidos únicamente en base al último documento actualizado, el cual debe corresponder al que se encuentre vigente en la fecha de la compra reclamada.",1,983045a05017712d0dfcc75a93f5e9a0dbc6a84c513b4ae2d78142d50350ddd8,https://www.beneficiosbancognb.com.py/v2/beneficios/categorias/443,https://www.beneficiosbancognb.com.py/imagenes/4621_bases-y-condiciones-aqualar.pdf,
302,Ferre Garden,Cuotas sin intereses,Hasta 12 cuotas sin intereses todos los días.,2026-12-31,Del 05 de enero al 31 de diciembre del 2026.,2026-12-31,• Hasta 12 cuotas sin intereses para pagos con tarjetas de crédito del Banco GNB Paraguay.,"• Pagos realizados con tarjetas de crédito Banco GNB Paraguay S.A.E.C.A. • Pagos realizados con tarjetas de crédito física, Apple Pay, Google Pay y/o QR en POS adheridos a la procesadora . • No participan de la promoción las tarjetas de débito, de afinidades Empresariales, Corporativas, Gift Card, Gourmet y Prepagas. • La promoción aplica todos los días durante el periodo de promoción. • No acumulable con otras promociones. • Los reclamos serán considerados válidos únicamente en base al último documento actualizado, el cual debe corresponder al que se encuentre vigente en la fecha de la compra reclamada.",1,66e25911d2e3fc6c6ce63b2ec0339416de5057e41daaf6d289cc8ea0f887326e,https://www.beneficiosbancognb.com.py/v2/beneficios/categorias/302,https://www.beneficiosbancognb.com.py/imagenes/4097_bases-y-condiciones-ferre-garden.pdf,
613,Monte Serra Furniture,Cuotas sin intereses,Hasta 12 cuotas sin intereses todos los días.,2026-12-31,Del 27 de abril al 31 de diciembre del 2026.,2026-12-31,• Hasta 12 cuotas sin intereses para pagos con tarjetas de crédito del Banco GNB Paraguay.,"• Pagos realizados con tarjetas de crédito Banco GNB Paraguay S.A.E.C.A. • Pagos realizados con tarjetas de crédito física, Apple Pay, Google Pay y/o QR en POS adheridos a la procesadora . • No participan de la promoción las tarjetas de débito, de afinidades Empresariales, Corporativas, Gift Card, Gourmet y Prepagas. • La promoción aplica todos los días durante el periodo de promoción. • No acumulable con otras promociones. • Los reclamos serán considerados válidos únicamente en base al último documento actualizado, el cual debe corresponder al que se encuentre vigente en la fecha de la compra reclamada.",1,ce3b9389486c6cddd2ef8d71e16fe988986e059ff17c03fe4efcde2c92e70691,https://www.beneficiosbancognb.com.py/v2/beneficios/categorias/613,https://www.beneficiosbancognb.com.py/imagenes/5119_bases-y-condiciones-monte-serra-furniture.pdf,
590,Cycles Shop,Cuotas sin intereses,Hasta 6 cuotas sin intereses todos los días.,2026-12-31,Del 01 de marzo al 31 de diciembre del 2026.,2026-12-31,"• Hasta 6 cuotas sin intereses para tarjetas de afinidad Oro, Experience. Black, Black Premier, Metalcard Premier, Platinum, Infinite del Banco GNB Paraguay.","• Pagos realizados con tarjetas de crédito Banco GNB Paraguay S.A.E.C.A. • Pagos realizados con tarjetas de crédito física, Apple Pay, Google Pay y/o QR en POS adheridos a la procesadora . • No participan de la promoción las tarjetas de débito y crédito; Clásicas, de afinidades Empresariales, Corporativas, Gift Card, Gourmet y Prepagas. • La promoción aplica todos los días durante el periodo de promoción. • No acumulable con otras promociones. • Los reclamos serán considerados válidos únicamente en base al último documento actualizado, el cual debe corresponder al que se encuentre vigente en la fecha de la compra reclamada.",1,4576ac7aaec8b9fbdb93a695efe3cd308ed1e3d5bef653877651e00d55737a3d,https://www.beneficiosbancognb.com.py/v2/beneficios/categorias/590,https://www.beneficiosbancognb.com.py/imagenes/5062_bases-y-condiciones-cycles-shop.pdf,
500,Gadget,Cuotas sin intereses,Hasta 12 cuotas sin intereses todos los días.,2026-11-30,Del 16 de marzo al 30 de noviembre del 2026.,2026-11-30,"• Hasta 12 cuotas sin intereses para pagos con tarjetas de crédito Clásicas, Oro, Experience, Black, Black Premier, Metalcard Premier, Platinum e Infinite del Banco GNB Paraguay.","• Pagos realizados con tarjetas de crédito Mastercard Banco GNB Paraguay S.A.E.C.A. • Pagos realizados con tarjetas de crédito física, Apple Pay, Google Pay y/o QR en POS adheridos a la procesadora . • No participan de la promoción las tarjetas de débito y crédito de afinidades Empresariales, Corporativas, Gift Card, Gourmet y Prepagas. • La promoción aplica todos los días durante el periodo de promoción. • No acumulable con otras promociones. • Los reclamos serán considerados válidos únicamente en base al último documento actualizado, el cual debe corresponder al que se encuentre vigente en la fecha de la compra reclamada.",1,f16384b0447a60283e2ee48840982b49f5aa486c1ca814d606bf6d8aa020f2dd,https://www.beneficiosbancognb.com.py/v2/beneficios/categorias/500,https://www.beneficiosbancognb.com.py/imagenes/4788_bases-y-condiciones-gadget.pdf,
290,Mercado Digital,Cuotas sin intereses,Hasta 12 cuotas sin intereses todos los días.,2026-12-31,Del 05 de enero al 31 de diciembre del 2026.,2026-12-31,• Hasta 12 cuotas sin intereses para pagos con tarjetas de crédito del Banco GNB Paraguay.,"• Pagos realizados con tarjetas de crédito Banco GNB Paraguay S.A.E.C.A. • Pagos realizados con tarjetas de crédito física, Apple Pay, Google Pay y/o QR en POS adheridos a la procesadora . • No participan de la promoción las tarjetas de débito, de afinidades Empresariales, Corporativas, Gift Card, Gourmet y Prepagas. • La promoción aplica todos los días durante el periodo de promoción. • No acumulable con otras promociones. • Los reclamos serán considerados válidos únicamente en base al último documento actualizado, el cual debe corresponder al que se encuentre vigente en la fecha de la compra reclamada.",1,7de5001fc3bba206863132ad212caac15a6eef82575e35d67825601690be0772,https://www.beneficiosbancognb.com.py/v2/beneficios/categorias/290,https://www.beneficiosbancognb.com.py/imagenes/4025_bases-y-condiciones-mercado-digital.pdf,
595,Siegen,Cuotas sin intereses,Hasta 12 cuotas sin intereses todos los días.,2026-12-31,Del 09 de marzo al 31 de diciembre del 2026.,2026-12-31,• Hasta 12 cuotas sin intereses para pagos realizados con las tarjetas de crédito del Banco GNB Paraguay.,"• Pagos realizados con tarjetas de crédito del Banco GNB Paraguay S.A.E.C.A. • Pagos realizados con tarjetas de crédito física, Apple Pay, Google Pay y/o QR en POS adheridos a la procesadora . • No participan de la promoción las tarjetas de débito y crédito; afinidades Empresariales, Corporativas, Gift Card, Gourmet y Prepagas. • Promoción válida todos los días dentro del periodo de la promoción. • No acumulable con otras promociones. • No aplicable a pagos a través del e-commerce. • Los reclamos serán considerados válidos únicamente en base al último documento actualizado, el cual debe corresponder al que se encuentre vigente en la fecha de la compra reclamada.",1,0a833061d949cca06485f0a4137dac524867a1f68c6b6246928e9c05d7919323,https://www.beneficiosbancognb.com.py/v2/beneficios/categorias/595,https://www.beneficiosbancognb.com.py/imagenes/5073_bases-y-condiciones-siegen.pdf,
529,Shopping Herrajes,Cuotas sin intereses,Hasta 12 cuotas sin intereses todos los días.,2026-12-31,Del 14 de enero al 31 de diciembre del 2026.,2026-12-31,• Hasta 12 cuotas sin intereses para pagos con tarjetas de crédito del Banco GNB Paraguay.,"• Pagos realizados con tarjetas de crédito Banco GNB Paraguay S.A.E.C.A. • Pagos realizados con tarjetas de crédito física, Apple Pay, Google Pay y/o QR en POS adheridos a la procesadora . • No participan de la promoción las tarjetas de débito, de afinidades Empresariales, Corporativas, Gift Card, Gourmet y Prepagas. • La promoción aplica todos los días durante el periodo de promoción. • No acumulable con otras promociones. • Los reclamos serán considerados válidos únicamente en base al último documento actualizado, el cual debe corresponder al que se encuentre vigente en la fecha de la compra reclamada.",1,01a8b44155916ed5cb61a6f80c9bdda42d54d99a37ec6fc46bf3e4e016e1454c,https://www.beneficiosbancognb.com.py/v2/beneficios/categorias/529,https://www.beneficiosbancognb.com.py/imagenes/4896_bases-y-condiciones-shopping-herrajes-002-.pdf,
523,OneRide,Cuotas sin intereses,Hasta 12 cuotas sin intereses todos los días.,2026-12-31,Del 05 de enero al 31 de diciembre del 2026.,2026-12-31,• Hasta 12 cuotas sin intereses para pagos con tarjetas de crédito del Banco GNB Paraguay.,"• Pagos realizados con tarjetas de crédito Banco GNB Paraguay S.A.E.C.A. • Pagos realizados con tarjetas de crédito física, Apple Pay, Google Pay y/o QR en POS adheridos a la procesadora . • No participan de la promoción las tarjetas de débito, de afinidades Empresariales, Corporativas, Gift Card, Gourmet y Prepagas. • La promoción aplica todos los días durante el periodo de promoción. • No acumulable con otras promociones. • Los reclamos serán considerados válidos únicamente en base al último documento actualizado, el cual debe corresponder al que se encuentre vigente en la fecha de la compra reclamada.",1,4b3f07b4c175c15ae24aa2eecebc53039344aa25e6ededa09c7b109c59916779,https://www.beneficiosbancognb.com.py/v2/beneficios/categorias/523,https://www.beneficiosbancognb.com.py/imagenes/4870_bases-y-condiciones-oneride.pdf,
359,Match,Cuotas sin intereses,Hasta 6 cuotas sin intereses todos los días.,2026-12-31,Del 05 de enero al 31 de diciembre del 2026.,2026-12-31,• Hasta 6 cuotas sin intereses para pagos con tarjetas de crédito del Banco GNB Paraguay.,"• Pagos realizados con tarjetas de crédito Banco GNB Paraguay S.A.E.C.A. • Pagos realizados con tarjetas de crédito física, Apple Pay, Google Pay y/o QR en POS adheridos a la procesadora . • No participan de la promoción las tarjetas de débito, de afinidades Empresariales, Corporativas, Gift Card, Gourmet y Prepagas. • La promoción aplica todos los días durante el periodo de promoción. • No acumulable con otras promociones. • Los reclamos serán considerados válidos únicamente en base al último documento actualizado, el cual debe corresponder al que se encuentre vigente en la fecha de la compra reclamada.",1,1de4634aaaa2047f1cd0424194bf2ae2e5dc1fc232b2ba3c72fdd3eac9b6729d,https://www.beneficiosbancognb.com.py/v2/beneficios/categorias/359,https://www.beneficiosbancognb.com.py/imagenes/4293_bases-y-condiciones-match.pdf,
41,Alamo,Días GNB,20% de reintegro + Hasta 6 cuotas sin intereses de lunes a sábados.,2026-12-31,Del 19 de agosto al 31 de diciembre del 2026.,2026-12-31,"• 20% de reintegro para pagos con tarjetas de crédito Mastercard afinidades Clásica, Oro, Black, Black Premier y Metalcard Premier del Banco GNB Paraguay. • Hasta 6 cuotas sin intereses todos los días para pagos con tarjetas de crédito del Banco GNB Paraguay.","• Pagos realizados con tarjetas de crédito Mastercard Banco GNB Paraguay S.A.E.C.A. • Pagos realizados con tarjetas de crédito física, Apple Pay, Google Pay y/o QR en POS adheridos a la procesadora . • No participan de la promoción las tarjetas de débito, tarjetas de crédito de la marca Visa y afinidades Empresariales, Corporativas, Gift Card, Gourmet y Prepagas. • No acumulable con otras promociones. • Los reintegros serán reflejados de manera automática en el extracto del cliente, en un período de 24 a 48hs hábiles luego de la compra. • El beneficio aplica para compras los lunes a sábados durante el periodo de vigencia de la promoción. • Tope de compra mensual: Gs. 600.000 (guaraníes seiscientos) por cuenta de tarjeta de crédito (incluye titulares y adicionales), el cual aplica en forma conjunta a todos los locales de los comercios adheridos. • Los reclamos serán considerados válidos únicamente en base al último documento actualizado, el cual debe corresponder al que se encuentre vigente en la fecha de la compra reclamada.",2,58991f92b1cd5268245dde84853a200f46fd3eafed58a300dd94c8dc7d788d9b,https://www.beneficiosbancognb.com.py/v2/beneficios/categorias/41,https://www.beneficiosbancognb.com.py/imagenes/2307_bases-y-condiciones-alamo.pdf,
665,Farma Lorena - Farmacia Vida,Días GNB,20% de descuento los días viernes.,2026-12-25,Del 11 de septiembre al 25 de diciembre del 2026.,2026-12-25,• 20% de descuento para pagos con las tarjetas de crédito Mastercard del Banco GNB Paraguay.,"• Pagos realizados con tarjetas de crédito Mastercard Banco GNB Paraguay S.A.E.C.A. • Pagos realizados con tarjetas de crédito física, Apple Pay, Google Pay y/o QR en POS adheridos a la procesadora . • No participan de la promoción las tarjetas de débito y crédito de afinidades Empresariales, Corporativas, Gift Card, Gourmet y Prepagas. • La promoción aplica todos los viernes durante el periodo de promoción. • No acumulable con otras promociones. • Tope de compra mensual: Gs. 1.000.000 (guaranies un millón) por cuenta de tarjeta de crédito (incluye titulares y adicionales) • Los reclamos serán considerados válidos únicamente en base al último documento actualizado, el cual debe corresponder al que se encuentre vigente en la fecha de la compra reclamada.",1,c82449a21cfaa3cbed36989beec31d8a8bdb07e33d4b4cef196a7e3a8a145e71,https://www.beneficiosbancognb.com.py/v2/beneficios/categorias/665,https://www.beneficiosbancognb.com.py/imagenes/5341_bases-y-condiciones-farma-lorena-farmacia-vida-002-.pdf,
636,Neupar,Cuotas sin intereses,Hasta 12 cuotas sin intereses todos los días.,2026-12-31,Del 25 de junio al 31 de diciembre del 2026.,2026-12-31,• Hasta 12 cuotas sin intereses para tarjetas de crédito del Banco GNB Paraguay.,"• Pagos realizados con tarjetas de crédito Banco GNB Paraguay S.A.E.C.A. • Pagos realizados con tarjetas de crédito física, Apple Pay, Google Pay y/o QR en POS adheridos a la procesadora . • No participan de la promoción las tarjetas de débito, crédito de afinidades Empresariales, Corporativas, Gift Card, Gourmet y Prepagas. • No aplica para pagos realizados a través de plataformas de terceros y/o e-commerce. • No acumulable con otras promociones. • La promoción aplica todos los días dentro del periodo de vigencia de la promoción. • Los reclamos serán considerados válidos únicamente en base al último documento actualizado, el cual debe corresponder al que se encuentre vigente en la fecha de la compra reclamada.",1,cfd7c1b6e541a40e92be87bb9ab056c249d367509e8ea2b9cd061f724efca869,https://www.beneficiosbancognb.com.py/v2/beneficios/categorias/636,https://www.beneficiosbancognb.com.py/imagenes/5248_bases-y-condiciones-neupar-julio.pdf,
449,Cecconello,Días GNB,20% de descuento + Hasta 6 cuotas sin intereses los días sábados.,2026-11-28,Del 11 de julio al 28 de noviembre del 2026.,2026-11-28,"• 20% de descuento para pagos con tarjetas de crédito Mastercard Clásicas, Oro, Black, Black Premier y Metalcard Premier del Banco GNB Paraguay. • Hasta 6 cuotas sin intereses para pagos con tarjetas de crédito del Banco GNB Paraguay.","• Pagos realizados con tarjetas de crédito Mastercard Banco GNB Paraguay S.A.E.C.A. • Pagos realizados con tarjetas de crédito física, Apple Pay, Google Pay y/o QR en POS adheridos a la procesadora . • No participan de la promoción las tarjetas de débito y crédito; Visa, de afinidades Empresariales, Corporativas, Gift Card, Gourmet y Prepagas. • No aplica para pagos realizados a través de plataformas de terceros y/o e-commerce. • No acumulable con otras promociones. • La promoción aplica todos los sábados dentro del periodo de vigencia de la promoción. • Tope de compra mensual: Gs. 1.500.000 (guaraníes un millón quinientos mil) por cuenta de tarjeta de crédito Incluye titulares y adicionales, (aplica en forma conjunta a los dos comercios adheridos). • Los reclamos serán considerados válidos únicamente en base al último documento actualizado, el cual debe corresponder al que se encuentre vigente en la fecha de la compra reclamada.",1,96b046c49d23d15ec3ea47bbf47484e70c757c4d5cda525d9ee24eabf0b52afc,https://www.beneficiosbancognb.com.py/v2/beneficios/categorias/449,https://www.beneficiosbancognb.com.py/imagenes/5246_bases-y-condiciones-cecconello-di-valentini.pdf,
649,BM Comercial,Cuotas sin intereses,Hasta 12 cuotas sin intereses todos los días.,2026-12-31,Del 03 de agosto al 31 de diciembre del 2026.,2026-12-31,• Hasta 12 cuotas sin intereses para tarjetas de crédito del Banco GNB Paraguay.,"• Pagos realizados con tarjetas de crédito Banco GNB Paraguay S.A.E.C.A. • Pagos realizados con tarjetas de crédito física, Apple Pay, Google Pay y/o QR en POS adheridos a la procesadora . • No participan de la promoción las tarjetas de débito, crédito de afinidades Empresariales, Corporativas, Gift Card, Gourmet y Prepagas. • No aplica para pagos realizados a través de plataformas de terceros y/o e-commerce. • No acumulable con otras promociones. • La promoción aplica todos los días dentro del periodo de vigencia de la promoción. • Los reclamos serán considerados válidos únicamente en base al último documento actualizado, el cual debe corresponder al que se encuentre vigente en la fecha de la compra reclamada.",1,ce6bccd79f527f96a336c0c135c5484475204082e19d93cfdaab970a989bef8e,https://www.beneficiosbancognb.com.py/v2/beneficios/categorias/649,https://www.beneficiosbancognb.com.py/imagenes/5299_bases-y-condiciones-bm-comercial.pdf,
648,Powersol,Cuotas sin intereses,Hasta 12 cuotas sin intereses todos los días.,2026-12-31,Del 06 de agosto al 31 de diciembre del 2026.,2026-12-31,• Hasta 12 cuotas sin intereses para tarjetas de crédito del Banco GNB Paraguay.,"• Pagos realizados con tarjetas de crédito Banco GNB Paraguay S.A.E.C.A. • Pagos realizados con tarjetas de crédito física, Apple Pay, Google Pay y/o QR en POS adheridos a la procesadora . • No participan de la promoción las tarjetas de débito, crédito de afinidades Empresariales, Corporativas, Gift Card, Gourmet y Prepagas. • No aplica para pagos realizados a través de plataformas de terceros y/o e-commerce. • No acumulable con otras promociones. • La promoción aplica todos los días dentro del periodo de vigencia de la promoción. • Los reclamos serán considerados válidos únicamente en base al último documento actualizado, el cual debe corresponder al que se encuentre vigente en la fecha de la compra reclamada.",1,c60c22ba09fed80a2eb8ec1d7fb924bf61e5283f883b2063fb85d04f06f18ff3,https://www.beneficiosbancognb.com.py/v2/beneficios/categorias/648,https://www.beneficiosbancognb.com.py/imagenes/5284_bases-y-condiciones-powersol.pdf,
644,Tienda Shelly,Días GNB,20% de descuento + Hasta 6 cuotas sin intereses los sábados.,2026-11-28,Del 01 de agosto al 28 de noviembre del 2026.,2026-11-28,• 20% de descuento para pagos con las tarjetas de crédito Mastercard del Banco GNB Paraguay. • Hasta 6 cuotas sin intereses con las tarjetas de crédito del Banco GNB Paraguay.,"• Pagos realizados con tarjetas de crédito Banco GNB Paraguay S.A.E.C.A. • Pagos realizados con tarjetas de crédito física, Apple Pay, Google Pay y/o QR en POS adheridos a la procesadora . • No participan de la promoción las tarjetas de débito y crédito de afinidades Empresariales, Corporativas, Gift Card, Gourmet y Prepagas. • La promoción aplica todos sábados durante el periodo de promoción. • No acumulable con otras promociones. • Tope de compra mensual: Gs. 1.000.000 (guaranies un millón) por cuenta de tarjeta de crédito (incluye titulares y adicionales) • Los reclamos serán considerados válidos únicamente en base al último documento actualizado, el cual debe corresponder al que se encuentre vigente en la fecha de la compra reclamada.",1,8821e73d293e334a7409bad947a6be7ff59e7b63c7d89fe863d92560e56a9b95,https://www.beneficiosbancognb.com.py/v2/beneficios/categorias/644,https://www.beneficiosbancognb.com.py/imagenes/5271_bases-y-condiciones-tienda-shelly.pdf,
608,CBC Muebles,Cuotas sin intereses,Hasta 12 cuotas sin intereses todos los días.,2026-12-31,Del 10 de abril al 31 de diciembre del 2026.,2026-12-31,• Hasta 12 cuotas sin intereses para pagos con tarjetas de crédito del Banco GNB Paraguay.,"• Pagos realizados con tarjetas de crédito Banco GNB Paraguay S.A.E.C.A. • Pagos realizados con tarjetas de crédito física, Apple Pay, Google Pay y/o QR en POS adheridos a la procesadora . • No participan de la promoción las tarjetas de débito, de afinidades Empresariales, Corporativas, Gift Card, Gourmet y Prepagas. • La promoción aplica todos los días durante el periodo de promoción. • No acumulable con otras promociones. • Los reclamos serán considerados válidos únicamente en base al último documento actualizado, el cual debe corresponder al que se encuentre vigente en la fecha de la compra reclamada.",1,f6aa2f2c07dae6593e4aef5eb453b0d0ab519715da25f1f12b198ed5f6ba80f6,https://www.beneficiosbancognb.com.py/v2/beneficios/categorias/608,https://www.beneficiosbancognb.com.py/imagenes/5111_bases-y-condiciones-cbc-muebles.pdf,
527,Margraf,Cuotas sin intereses,Hasta 12 cuotas sin intereses todos los días.,2026-12-31,Del 05 de enero al 31 de diciembre del 2026.,2026-12-31,• Hasta 12 cuotas sin intereses para pagos con tarjetas de crédito del Banco GNB Paraguay.,"• Pagos realizados con tarjetas de crédito Banco GNB Paraguay S.A.E.C.A. • Pagos realizados con tarjetas de crédito física, Apple Pay, Google Pay y/o QR en POS adheridos a la procesadora . • No participan de la promoción las tarjetas de débito, de afinidades Empresariales, Corporativas, Gift Card, Gourmet y Prepagas. • La promoción aplica todos los días durante el periodo de promoción. • No acumulable con otras promociones. • Los reclamos serán considerados válidos únicamente en base al último documento actualizado, el cual debe corresponder al que se encuentre vigente en la fecha de la compra reclamada.",1,6ba309a70adddfea9d55afb2f9100bd35ee6c2465fd40a1cab184eafd5bccca5,https://www.beneficiosbancognb.com.py/v2/beneficios/categorias/527,https://www.beneficiosbancognb.com.py/imagenes/4889_bases-y-condiciones-margraf-dental-health-center.pdf,
505,Fortezza,Cuotas sin intereses,Hasta 12 cuotas sin intereses todos los días.,2026-12-31,Del 05 de enero al 31 de diciembre del 2026.,2026-12-31,• Hasta 12 cuotas sin intereses para pagos con tarjetas de crédito del Banco GNB Paraguay.,"• Pagos realizados con tarjetas de crédito Banco GNB Paraguay S.A.E.C.A. • Pagos realizados con tarjetas de crédito física, Apple Pay, Google Pay y/o QR en POS adheridos a la procesadora . • No participan de la promoción las tarjetas de débito, de afinidades Empresariales, Corporativas, Gift Card, Gourmet y Prepagas. • La promoción aplica todos los días durante el periodo de promoción. • No acumulable con otras promociones. • Los reclamos serán considerados válidos únicamente en base al último documento actualizado, el cual debe corresponder al que se encuentre vigente en la fecha de la compra reclamada.",1,8e548895efcff9dec9072bef8990fe972041a9d4f7b540cf7438d8ab5d9fe1f0,https://www.beneficiosbancognb.com.py/v2/beneficios/categorias/505,https://www.beneficiosbancognb.com.py/imagenes/4811_bases-y-condiciones-fortezza.pdf,
435,La Bella Cucina,Cuotas sin intereses,Hasta 12 cuotas sin intereses.,2026-12-31,Del 05 de enero al 31 de diciembre del 2026.,2026-12-31,• Hasta 12 cuotas sin intereses para pagos con tarjetas de crédito del Banco GNB Paraguay.,"• Pagos realizados con tarjetas de crédito Banco GNB Paraguay S.A.E.C.A. • Pagos realizados con tarjetas de crédito física, Apple Pay, Google Pay y/o QR en POS adheridos a la procesadora . • No participan de la promoción las tarjetas de débito, de afinidades Empresariales, Corporativas, Gift Card, Gourmet y Prepagas. • La promoción aplica todos los días durante el periodo de promoción. • No acumulable con otras promociones. • Los reclamos serán considerados válidos únicamente en base al último documento actualizado, el cual debe corresponder al que se encuentre vigente en la fecha de la compra reclamada.",1,447fbebb3d888f5cdebd1ad9d786cc5041cd1424fb27cc3fd7ec9ca911ee8844,https://www.beneficiosbancognb.com.py/v2/beneficios/categorias/435,https://www.beneficiosbancognb.com.py/imagenes/4596_bases-y-condiciones-la-bella-cucina.pdf,
412,Metal Center,Cuotas sin intereses,Hasta 12 cuotas sin intereses todos los días.,2026-12-31,Del 23 de febrero al 31 de diciembre del 2026.,2026-12-31,• Hasta 12 cuotas sin intereses para pagos con tarjetas de crédito del Banco GNB Paraguay.,"• Pagos realizados con tarjetas de crédito Banco GNB Paraguay S.A.E.C.A. • Pagos realizados con tarjetas de crédito física, Apple Pay, Google Pay y/o QR en POS adheridos a la procesadora . • No participan de la promoción las tarjetas de débito y crédito de afinidades Empresariales, Corporativas, Gift Card, Gourmet y Prepagas. • La promoción aplica todos los días durante el periodo de promoción. • No acumulable con otras promociones. • Los reclamos serán considerados válidos únicamente en base al último documento actualizado, el cual debe corresponder al que se encuentre vigente en la fecha de la compra reclamada.",1,8dbccb39794c734824bb1ee50fc9578f66eb6850f2a9254c7e6ed2a737b78f4d,https://www.beneficiosbancognb.com.py/v2/beneficios/categorias/412,https://www.beneficiosbancognb.com.py/imagenes/4497_bases-y-condiciones-metal-center.pdf,
398,All Office,Cuotas sin intereses,Hasta 12 cuotas sin intereses todos los días.,2026-12-31,Del 05 de enero al 31 de diciembre del 2026.,2026-12-31,• Hasta 12 cuotas sin intereses para pagos con tarjetas de crédito del Banco GNB Paraguay.,"• Pagos realizados con tarjetas de crédito Banco GNB Paraguay S.A.E.C.A. • Pagos realizados con tarjetas de crédito física, Apple Pay, Google Pay y/o QR en POS adheridos a la procesadora . • No participan de la promoción las tarjetas de débito, de afinidades Empresariales, Corporativas, Gift Card, Gourmet y Prepagas. • La promoción aplica todos los días durante el periodo de promoción. • No acumulable con otras promociones. • Los reclamos serán considerados válidos únicamente en base al último documento actualizado, el cual debe corresponder al que se encuentre vigente en la fecha de la compra reclamada.",1,336637ac5747aef71385447c15b910dfd6309a3aeea8bcd5e8654f2258bb9d2b,https://www.beneficiosbancognb.com.py/v2/beneficios/categorias/398,https://www.beneficiosbancognb.com.py/imagenes/4435_bases-y-condiciones-all-office.pdf,
395,Arte Actual,Días GNB,10% de descuento + hasta 12 cuotas sin intereses todos los días.,2026-12-31,Del 05 de enero al 31 de diciembre del 2026.,2026-12-31,"• 10% de descuento para pagos con tarjetas de crédito afinidad Oro, Experience. Black, Black Premier, Metalcard Premier, Platinum, Infinite del Banco GNB Paraguay. • Hasta 12 cuotas sin intereses para tarjetas de afinidad Oro, Experience. Black, Black Premier, Metalcard Premier, Platinum, Infinite del Banco GNB Paraguay.","• Pagos realizados con tarjetas de crédito Banco GNB Paraguay S.A.E.C.A. • Pagos realizados con tarjetas de crédito física, Apple Pay, Google Pay y/o QR en POS adheridos a la procesadora . • No participan de la promoción las tarjetas de débito y crédito; Clásicas, de afinidades Empresariales, Corporativas, Gift Card, Gourmet y Prepagas. • La promoción aplica todos los días durante el periodo de promoción. • No acumulable con otras promociones. • Los reclamos serán considerados válidos únicamente en base al último documento actualizado, el cual debe corresponder al que se encuentre vigente en la fecha de la compra reclamada.",1,7ccf62bd189e4c1212c1c78c342996f89e45097a7e702b11970d84285d22efce,https://www.beneficiosbancognb.com.py/v2/beneficios/categorias/395,https://www.beneficiosbancognb.com.py/imagenes/4426_bases-y-condiciones-arte-actual.pdf,
635,Di Valentini,Días GNB,20% de descuento + Hasta 6 cuotas sin intereses los días sábados.,2026-11-28,Del 11 de julio al 28 de noviembre del 2026.,2026-11-28,"• 20% de descuento para pagos con tarjetas de crédito Mastercard Clásicas, Oro, Black, Black Premier y Metalcard Premier del Banco GNB Paraguay. • Hasta 6 cuotas sin intereses para pagos con tarjetas de crédito del Banco GNB Paraguay.","• Pagos realizados con tarjetas de crédito Mastercard Banco GNB Paraguay S.A.E.C.A. • Pagos realizados con tarjetas de crédito física, Apple Pay, Google Pay y/o QR en POS adheridos a la procesadora . • No participan de la promoción las tarjetas de débito y crédito; Visa, de afinidades Empresariales, Corporativas, Gift Card, Gourmet y Prepagas. • No aplica para pagos realizados a través de plataformas de terceros y/o e-commerce. • No acumulable con otras promociones. • La promoción aplica todos los sábados dentro del periodo de vigencia de la promoción. • Tope de compra mensual: Gs. 1.500.000 (guaraníes un millón quinientos mil) por cuenta de tarjeta de crédito Incluye titulares y adicionales, (aplica en forma conjunta a los dos comercios adheridos). • Los reclamos serán considerados válidos únicamente en base al último documento actualizado, el cual debe corresponder al que se encuentre vigente en la fecha de la compra reclamada.",1,96b046c49d23d15ec3ea47bbf47484e70c757c4d5cda525d9ee24eabf0b52afc,https://www.beneficiosbancognb.com.py/v2/beneficios/categorias/635,https://www.beneficiosbancognb.com.py/imagenes/5246_bases-y-condiciones-cecconello-di-valentini.pdf,
594,Tigo,Cuotas sin intereses,Hasta 12 cuotas sin intereses todos los días.,2026-12-31,Del 05 de enero al 31 de diciembre del 2026.,2026-12-31,• Hasta 12 cuotas sin intereses para pagos con tarjetas de crédito del Banco GNB Paraguay.,"• Pagos realizados con tarjetas de crédito Banco GNB Paraguay S.A.E.C.A. • Pagos realizados con tarjetas de crédito física, Apple Pay, Google Pay y/o QR en POS adheridos a la procesadora . • No participan de la promoción las tarjetas de débito, de afinidades Empresariales, Corporativas, Gift Card, Gourmet y Prepagas. • La promoción aplica todos los días durante el periodo de promoción. • No acumulable con otras promociones. • Los reclamos serán considerados válidos únicamente en base al último documento actualizado, el cual debe corresponder al que se encuentre vigente en la fecha de la compra reclamada.",1,210ebe221c9a6f49e3dfce7dffbc92581e6cdcfe78d8f08f3bd80788438b4417,https://www.beneficiosbancognb.com.py/v2/beneficios/categorias/594,https://www.beneficiosbancognb.com.py/imagenes/5071_bases-y-condiciones-tigo.pdf,
561,Friopar,Cuotas sin intereses,Hasta 12 cuotas sin intereses todos los días.,2026-12-31,Del 19 de enero al 31 de diciembre del 2026.,2026-12-31,"• Hasta 12 cuotas sin intereses para tarjetas de afinidad Clásicas, Oro, Experience. Black, Black Premier, Metalcard Premier, Platinum e Infinite Premier del Banco GNB Paraguay.","• Pagos realizados con tarjetas de crédito Banco GNB Paraguay S.A.E.C.A. • Pagos realizados con tarjetas de crédito física, Apple Pay, Google Pay y/o QR en POS adheridos a la procesadora . • No participan de la promoción las tarjetas de débito y crédito de afinidades Empresariales, Corporativas, Gift Card, Gourmet y Prepagas. • La promoción aplica todos los días durante el periodo de promoción. • No acumulable con otras promociones. • Los reclamos serán considerados válidos únicamente en base al último documento actualizado, el cual debe corresponder al que se encuentre vigente en la fecha de la compra reclamada.",1,7b5bf9ac618a8cd1c704f88138a019a8b6910ab127d16d40ee56dcb15aa69f64,https://www.beneficiosbancognb.com.py/v2/beneficios/categorias/561,https://www.beneficiosbancognb.com.py/imagenes/5013_bases-y-condiciones-friopar.pdf,
424,Solucion Lab,Cuotas sin intereses,Hasta 12 cuotas sin intereses todos los días.,2026-12-31,Del 05 de enero al 31 de diciembre del 2026.,2026-12-31,• Hasta 12 cuotas sin intereses para pagos con tarjetas de crédito del Banco GNB Paraguay.,"• Pagos realizados con tarjetas de crédito Banco GNB Paraguay S.A.E.C.A. • Pagos realizados con tarjetas de crédito física, Apple Pay, Google Pay y/o QR en POS adheridos a la procesadora . • No participan de la promoción las tarjetas de débito, de afinidades Empresariales, Corporativas, Gift Card, Gourmet y Prepagas. • La promoción aplica todos los días durante el periodo de promoción. • No acumulable con otras promociones. • Los reclamos serán considerados válidos únicamente en base al último documento actualizado, el cual debe corresponder al que se encuentre vigente en la fecha de la compra reclamada.",1,1a4e4cc1dfeeb1019b9a06428ffbccfb568f337de235299f7fb083c746e05f7a,https://www.beneficiosbancognb.com.py/v2/beneficios/categorias/424,https://www.beneficiosbancognb.com.py/imagenes/4544_bases-y-condiciones-soluci%C3%B3n-lab.pdf,
321,Imag,Cuotas sin intereses,Hasta 12 cuotas sin intereses todos los días.,2026-12-31,Del 05 de enero al 31 de diciembre del 2026.,2026-12-31,• Hasta 12 cuotas sin intereses para pagos con tarjetas de crédito del Banco GNB Paraguay.,"• Pagos realizados con tarjetas de crédito Banco GNB Paraguay S.A.E.C.A. • Pagos realizados con tarjetas de crédito física, Apple Pay, Google Pay y/o QR en POS adheridos a la procesadora . • No participan de la promoción las tarjetas de débito, de afinidades Empresariales, Corporativas, Gift Card, Gourmet y Prepagas. • La promoción aplica todos los días durante el periodo de promoción. • No acumulable con otras promociones. • Los reclamos serán considerados válidos únicamente en base al último documento actualizado, el cual debe corresponder al que se encuentre vigente en la fecha de la compra reclamada.",1,2d1415f61906c5256d2173289c4e955d1e471ba9b0c5a37344bfa8ecd1c29e6c,https://www.beneficiosbancognb.com.py/v2/beneficios/categorias/321,https://www.beneficiosbancognb.com.py/imagenes/4148_bases-y-condiciones-imag.pdf,
278,ACE,Cuotas sin intereses,Hasta 12 cuotas sin intereses todos los días.,2026-12-31,Del 14 de julio al 31 de diciembre del 2026.,2026-12-31,• Hasta 12 cuotas sin intereses para pagos con tarjetas de crédito del Banco GNB Paraguay.,"• Pagos realizados con tarjetas de crédito Banco GNB Paraguay S.A.E.C.A. • Pagos realizados con tarjetas de crédito física, Apple Pay, Google Pay y/o QR en POS adheridos a la procesadora . • No participan de la promoción las tarjetas de débito, de afinidades Empresariales, Corporativas, Gift Card, Gourmet y Prepagas. • La promoción aplica todos los días durante el periodo de promoción. • No acumulable con otras promociones. • Los reclamos serán considerados válidos únicamente en base al último documento actualizado, el cual debe corresponder al que se encuentre vigente en la fecha de la compra reclamada.",1,a9611df62663d42ab3efeb769e8ef36ca1c1bbc4fe76f1178688597c3e70c67e,https://www.beneficiosbancognb.com.py/v2/beneficios/categorias/278,https://www.beneficiosbancognb.com.py/imagenes/3878_bases-y-condiciones-ace-julio.pdf,
212,Tape Ruvicha,Cuotas sin intereses,Hasta 12 cuotas sin intereses todos los días.,2026-12-31,Del 14 de julio al 31 de diciembre del 2026.,2026-12-31,• Hasta 12 cuotas sin intereses para pagos con tarjetas de crédito del Banco GNB Paraguay.,"• Pagos realizados con tarjetas de crédito Banco GNB Paraguay S.A.E.C.A. • Pagos realizados con tarjetas de crédito física, Apple Pay, Google Pay y/o QR en POS adheridos a la procesadora . • No participan de la promoción las tarjetas de débito, de afinidades Empresariales, Corporativas, Gift Card, Gourmet y Prepagas. • La promoción aplica todos los días durante el periodo de promoción. • No acumulable con otras promociones. • Los reclamos serán considerados válidos únicamente en base al último documento actualizado, el cual debe corresponder al que se encuentre vigente en la fecha de la compra reclamada.",1,a46710fd8ccd00f7042b34e4e8295aba1aa2259c1e41b4430f7fef87280010ae,https://www.beneficiosbancognb.com.py/v2/beneficios/categorias/212,https://www.beneficiosbancognb.com.py/imagenes/3305_bases-y-condiciones-tape-ruvicha-julio.pdf,
667,H&M,Cuotas sin intereses,Hasta 6 cuotas sin intereses todos los días.,2027-08-31,Del 13 de agosto del 2026 al 31 de agosto del 2027.,2027-08-31,• Hasta 6 cuotas sin intereses para tarjetas de crédito del Banco GNB Paraguay.,"• Pagos realizados con tarjetas de crédito Banco GNB Paraguay S.A.E.C.A. • Pagos realizados con tarjetas de crédito física, Apple Pay, Google Pay y/o QR en POS adheridos a la procesadora . • No participan de la promoción las tarjetas de débito, crédito de afinidades Empresariales, Corporativas, Gift Card, Gourmet y Prepagas. • No aplica para pagos realizados a través de plataformas de terceros y/o e-commerce. • No acumulable con otras promociones. • La promoción aplica todos los días dentro del periodo de vigencia de la promoción. • Los reclamos serán considerados válidos únicamente en base al último documento actualizado, el cual debe corresponder al que se encuentre vigente en la fecha de la compra reclamada.",1,5d06b665a1dce4c36eeacbdecd9240db976b01341645b7a807251f6d15cbad6e,https://www.beneficiosbancognb.com.py/v2/beneficios/categorias/667,https://www.beneficiosbancognb.com.py/imagenes/5345_bases-y-condiciones-h-m.pdf,
659,Unicartoon,Cuotas sin intereses,Hasta 12 cuotas sin intereses todos los días.,2026-12-31,Del 02 de septiembre al 31 de diciembre del 2026.,2026-12-31,• Hasta 12 cuotas sin intereses con las tarjetas de crédito del Banco GNB Paraguay.,"• Pagos realizados con tarjetas de crédito Banco GNB Paraguay S.A.E.C.A. • Pagos realizados con tarjetas de crédito física, Apple Pay, Google Pay y/o QR en POS adheridos a la procesadora . • No participan de la promoción las tarjetas de débito y crédito de afinidades Empresariales, Corporativas, Gift Card, Gourmet y Prepagas. • La promoción aplica todos los días durante el periodo de promoción. • No acumulable con otras promociones. • Los reclamos serán considerados válidos únicamente en base al último documento actualizado, el cual debe corresponder al que se encuentre vigente en la fecha de la compra reclamada.",1,f2b1efd64f4c83ae6a4c8262ebc6ad308489293501b2c1cf29cc79bd36170e3f,https://www.beneficiosbancognb.com.py/v2/beneficios/categorias/659,https://www.beneficiosbancognb.com.py/imagenes/5325_bases-y-condiciones-unicartoon.pdf,
632,Pame Garelik Bags,Días GNB,20% de descuento + Hasta 6 cuotas sin intereses los días sábados.,2026-11-28,Del 04 de julio al 28 de noviembre del 2026.,2026-11-28,"• 20% de descuento para pagos con tarjetas de crédito Mastercard Clásicas, Oro, Black, Black Premier y Metalcard Premier del Banco GNB Paraguay. • Hasta 6 cuotas sin intereses con las tarjetas de crédito del Banco GNB Paraguay.","• Pagos realizados con tarjetas de crédito Mastercard Banco GNB Paraguay S.A.E.C.A. • Pagos realizados con tarjetas de crédito física, Apple Pay, Google Pay y/o QR en POS adheridos a la procesadora . • No participan de la promoción las tarjetas de débito y crédito; Visa, de afinidades Empresariales, Corporativas, Gift Card, Gourmet y Prepagas. • No aplica para pagos realizados a través de plataformas de terceros y/o e-commerce. • No acumulable con otras promociones. • La promoción aplica todos los sábados dentro del periodo de vigencia de la promoción. • Tope de compra mensual: Gs. 1.500.000 (guaraníes un millón quinientos mil) por cuenta de tarjeta de crédito Incluye titulares y adicionales. • Los reclamos serán considerados válidos únicamente en base al último documento actualizado, el cual debe corresponder al que se encuentre vigente en la fecha de la compra reclamada.",1,e282d0fe172dfb7070b726c83a8e4a6b341b4b32aa682c3ed1088bd3f566f339,https://www.beneficiosbancognb.com.py/v2/beneficios/categorias/632,https://www.beneficiosbancognb.com.py/imagenes/5240_bases-y-condiciones-pame-garelik-bags.pdf,
596,Casa Liz,Cuotas sin intereses,Hasta 12 cuotas sin intereses todos los días.,2026-12-31,Del 19 de febrero al 31 de diciembre del 2026.,2026-12-31,• Hasta 12 cuotas sin intereses para pagos con tarjetas de crédito del Banco GNB Paraguay.,"• Pagos realizados con tarjetas de crédito Banco GNB Paraguay S.A.E.C.A. • Pagos realizados con tarjetas de crédito física, Apple Pay, Google Pay y/o QR en POS adheridos a la procesadora . • No participan de la promoción las tarjetas de débito, de afinidades Empresariales, Corporativas, Gift Card, Gourmet y Prepagas. • La promoción aplica todos los días durante el periodo de promoción. • No acumulable con otras promociones. • Los reclamos serán considerados válidos únicamente en base al último documento actualizado, el cual debe corresponder al que se encuentre vigente en la fecha de la compra reclamada.",1,fbda5cb6f46c15235c6dc8e3dbdb3a509ace1a318aa3ba8eae8d35ca3b9f3316,https://www.beneficiosbancognb.com.py/v2/beneficios/categorias/596,https://www.beneficiosbancognb.com.py/imagenes/5075_bases-y-condiciones-casa-liz-santani.pdf,
516,Impacto,Cuotas sin intereses,Hasta 12 cuotas sin intereses todos los días.,2026-12-31,Del 05 de enero al 31 de diciembre del 2026.,2026-12-31,• Hasta 12 cuotas sin intereses para pagos con tarjetas de crédito del Banco GNB Paraguay.,"• Pagos realizados con tarjetas de crédito Banco GNB Paraguay S.A.E.C.A. • Pagos realizados con tarjetas de crédito física, Apple Pay, Google Pay y/o QR en POS adheridos a la procesadora . • No participan de la promoción las tarjetas de débito, de afinidades Empresariales, Corporativas, Gift Card, Gourmet y Prepagas. • La promoción aplica todos los días durante el periodo de promoción. • No acumulable con otras promociones. • Los reclamos serán considerados válidos únicamente en base al último documento actualizado, el cual debe corresponder al que se encuentre vigente en la fecha de la compra reclamada.",1,e843c945ce3bbef51560188977c3fef1d091bb43aef5680f9b82bfee211a9731,https://www.beneficiosbancognb.com.py/v2/beneficios/categorias/516,https://www.beneficiosbancognb.com.py/imagenes/4855_bases-y-condiciones-impacto.pdf,
512,Emtop Store,Cuotas sin intereses,Hasta 12 cuotas sin intereses todos los días.,2026-12-31,Del 05 de enero al 31 de diciembre del 2026.,2026-12-31,• Hasta 12 cuotas sin intereses para pagos con tarjetas de crédito del Banco GNB Paraguay.,"• Pagos realizados con tarjetas de crédito Banco GNB Paraguay S.A.E.C.A. • Pagos realizados con tarjetas de crédito física, Apple Pay, Google Pay y/o QR en POS adheridos a la procesadora . • No participan de la promoción las tarjetas de débito, de afinidades Empresariales, Corporativas, Gift Card, Gourmet y Prepagas. • La promoción aplica todos los días durante el periodo de promoción. • No acumulable con otras promociones. • Los reclamos serán considerados válidos únicamente en base al último documento actualizado, el cual debe corresponder al que se encuentre vigente en la fecha de la compra reclamada.",1,1c4be75072c6ada109cb6cf48d5fcfc97cae628ba2edbc2eb10c9741d9fd005b,https://www.beneficiosbancognb.com.py/v2/beneficios/categorias/512,https://www.beneficiosbancognb.com.py/imagenes/4833_bases-y-condiciones-emtop-store.pdf,
458,Wellness Clinic,Días GNB,Hasta 12 cuotas sin intereses todos los días.,2026-12-31,Del 05 de enero al 31 de diciembre del 2026.,2026-12-31,• Hasta 12 cuotas sin intereses para pagos con tarjetas de crédito del Banco GNB Paraguay.,"• Pagos realizados con tarjetas de crédito Banco GNB Paraguay S.A.E.C.A. • Pagos realizados con tarjetas de crédito física, Apple Pay, Google Pay y/o QR en POS adheridos a la procesadora . • No participan de la promoción las tarjetas de débito, de afinidades Empresariales, Corporativas, Gift Card, Gourmet y Prepagas. • La promoción aplica todos los días durante el periodo de promoción. • No acumulable con otras promociones. • Los reclamos serán considerados válidos únicamente en base al último documento actualizado, el cual debe corresponder al que se encuentre vigente en la fecha de la compra reclamada.",1,7e4a5161309811853c5f224cfa344df10bb0a44324ec8a3f3f88b653dfa3b257,https://www.beneficiosbancognb.com.py/v2/beneficios/categorias/458,https://www.beneficiosbancognb.com.py/imagenes/4665_bases-y-condiciones-wellness-clinic.pdf,
428,Ediciones Técnicas Paraguayas,Cuotas sin intereses,Hasta 12 cuotas sin intereses todos los días.,2026-12-31,Del 05 de enero al 31 de diciembre del 2026.,2026-12-31,• Hasta 12 cuotas sin intereses para pagos con tarjetas de crédito del Banco GNB Paraguay.,"• Pagos realizados con tarjetas de crédito Banco GNB Paraguay S.A.E.C.A. • Pagos realizados con tarjetas de crédito física, Apple Pay, Google Pay y/o QR en POS adheridos a la procesadora . • No participan de la promoción las tarjetas de débito, de afinidades Empresariales, Corporativas, Gift Card, Gourmet y Prepagas. • La promoción aplica todos los días durante el periodo de promoción. • No acumulable con otras promociones. • Los reclamos serán considerados válidos únicamente en base al último documento actualizado, el cual debe corresponder al que se encuentre vigente en la fecha de la compra reclamada.",1,feee86b0bdceb73e44b6fdbe2756986ad4d260809899259460d235c4ea798266,https://www.beneficiosbancognb.com.py/v2/beneficios/categorias/428,https://www.beneficiosbancognb.com.py/imagenes/4574_bases-y-condiciones-ediciones-t%C3%A9cnicas-paraguayas.pdf,
666,Oben,Cuotas sin intereses,Hasta 12 cuotas sin intereses todos los días.,2026-12-31,Del 14 de septiembre al 31 de diciembre del 2026.,2026-12-31,• Hasta 12 cuotas sin intereses con las tarjetas de crédito del Banco GNB Paraguay.,"• Pagos realizados con tarjetas de crédito Banco GNB Paraguay S.A.E.C.A. • Pagos realizados con tarjetas de crédito física, Apple Pay, Google Pay y/o QR en POS adheridos a la procesadora . • No participan de la promoción las tarjetas de débito y crédito de afinidades Empresariales, Corporativas, Gift Card, Gourmet y Prepagas. • La promoción aplica todos los días durante el periodo de promoción. • No acumulable con otras promociones. • Los reclamos serán considerados válidos únicamente en base al último documento actualizado, el cual debe corresponder al que se encuentre vigente en la fecha de la compra reclamada.",1,9f606cdd48776df2af9956a9b606b3b4d64cb6f665b438c53b244d7b67ab31dd,https://www.beneficiosbancognb.com.py/v2/beneficios/categorias/666,https://www.beneficiosbancognb.com.py/imagenes/5343_bases-y-condiciones-oben.pdf,
629,Distribuidora Jasy,Cuotas sin intereses,Hasta 12 cuotas sin intereses todos los días.,2026-12-31,Del 11 de junio al 31 de diciembre del 2026.,2026-12-31,"• Hasta 12 cuotas sin intereses para tarjetas de afinidad Oro, Experience. Black, Black Premier, Metalcard Premier, Platinum, Infinite del Banco GNB Paraguay.","• Pagos realizados con tarjetas de crédito Banco GNB Paraguay S.A.E.C.A. • Pagos realizados con tarjetas de crédito física, Apple Pay, Google Pay y/o QR en POS adheridos a la procesadora . • No participan de la promoción las tarjetas de débito y crédito; Clásicas, de afinidades Empresariales, Corporativas, Gift Card, Gourmet y Prepagas. • La promoción aplica todos los días durante el periodo de promoción. • No acumulable con otras promociones. • Los reclamos serán considerados válidos únicamente en base al último documento actualizado, el cual debe corresponder al que se encuentre vigente en la fecha de la compra reclamada.",1,5bb3031be8b0f9e2475e0014bb16d0cce404797847b3a4116f15fe6fae724ebb,https://www.beneficiosbancognb.com.py/v2/beneficios/categorias/629,https://www.beneficiosbancognb.com.py/imagenes/5198_bases-y-condiciones-distribuidora-jasy-002-.pdf,
503,Prestigio Muebles,Cuotas sin intereses,Hasta 12 cuotas sin intereses todos los días.,2026-12-31,Del 05 de enero al 31 de diciembre del 2026.,2026-12-31,• Hasta 12 cuotas sin intereses para pagos con tarjetas de crédito del Banco GNB Paraguay.,"• Pagos realizados con tarjetas de crédito Banco GNB Paraguay S.A.E.C.A. • Pagos realizados con tarjetas de crédito física, Apple Pay, Google Pay y/o QR en POS adheridos a la procesadora . • No participan de la promoción las tarjetas de débito, de afinidades Empresariales, Corporativas, Gift Card, Gourmet y Prepagas. • La promoción aplica todos los días durante el periodo de promoción. • No acumulable con otras promociones. • Los reclamos serán considerados válidos únicamente en base al último documento actualizado, el cual debe corresponder al que se encuentre vigente en la fecha de la compra reclamada.",1,9439fa29c3b8e1b59b22c9451611b01012451aabe9db5588a62c7654eaf2972a,https://www.beneficiosbancognb.com.py/v2/beneficios/categorias/503,https://www.beneficiosbancognb.com.py/imagenes/4807_bases-y-condiciones-prestigio-muebles.pdf,
367,Office World,Cuotas sin intereses,Hasta 12 cuotas sin intereses todos los días.,2026-12-31,Del 05 de enero al 31 de diciembre del 2026.,2026-12-31,• Hasta 12 cuotas sin intereses para pagos con tarjetas de crédito del Banco GNB Paraguay.,"• Pagos realizados con tarjetas de crédito Banco GNB Paraguay S.A.E.C.A. • Pagos realizados con tarjetas de crédito física, Apple Pay, Google Pay y/o QR en POS adheridos a la procesadora . • No participan de la promoción las tarjetas de débito, de afinidades Empresariales, Corporativas, Gift Card, Gourmet y Prepagas. • La promoción aplica todos los días durante el periodo de promoción. • No acumulable con otras promociones. • Los reclamos serán considerados válidos únicamente en base al último documento actualizado, el cual debe corresponder al que se encuentre vigente en la fecha de la compra reclamada.",1,ed4593378f7797c1e397b9e83f0b1d4ef5768709bc5932796f2754f7ae2200eb,https://www.beneficiosbancognb.com.py/v2/beneficios/categorias/367,https://www.beneficiosbancognb.com.py/imagenes/4334_bases-y-condiciones-office-world.pdf,
647,Clínica Santa María,Cuotas sin intereses,Hasta 12 cuotas sin intereses todos los días.,2026-12-31,Del 06 de agosto al 31 de diciembre del 2026.,2026-12-31,• Hasta 12 cuotas sin intereses para tarjetas de crédito del Banco GNB Paraguay.,"• Pagos realizados con tarjetas de crédito Banco GNB Paraguay S.A.E.C.A. • Pagos realizados con tarjetas de crédito física, Apple Pay, Google Pay y/o QR en POS adheridos a la procesadora . • No participan de la promoción las tarjetas de débito, crédito de afinidades Empresariales, Corporativas, Gift Card, Gourmet y Prepagas. • No aplica para pagos realizados a través de plataformas de terceros y/o e-commerce. • No acumulable con otras promociones. • La promoción aplica todos los días dentro del periodo de vigencia de la promoción. • Los reclamos serán considerados válidos únicamente en base al último documento actualizado, el cual debe corresponder al que se encuentre vigente en la fecha de la compra reclamada.",1,66b86f2566deb69ef9a304d4efc81583bc4e549b49b5d6c2c9c938d4c2539a08,https://www.beneficiosbancognb.com.py/v2/beneficios/categorias/647,https://www.beneficiosbancognb.com.py/imagenes/5282_bases-y-condiciones-cl%C3%ADnica-santa-mar%C3%ADa.pdf,
628,Maxicolor,Cuotas sin intereses,Hasta 12 cuotas sin intereses todos los días.,2026-12-31,Del 11 de junio al 31 de diciembre del 2026.,2026-12-31,"• Hasta 12 cuotas sin intereses para tarjetas de afinidad Oro, Experience. Black, Black Premier, Metalcard Premier, Platinum, Infinite del Banco GNB Paraguay.","• Pagos realizados con tarjetas de crédito Banco GNB Paraguay S.A.E.C.A. • Pagos realizados con tarjetas de crédito física, Apple Pay, Google Pay y/o QR en POS adheridos a la procesadora . • No participan de la promoción las tarjetas de débito y crédito; Clásicas, de afinidades Empresariales, Corporativas, Gift Card, Gourmet y Prepagas. • La promoción aplica todos los días durante el periodo de promoción. • No acumulable con otras promociones. • Los reclamos serán considerados válidos únicamente en base al último documento actualizado, el cual debe corresponder al que se encuentre vigente en la fecha de la compra reclamada.",1,d6245928a257506d2a07954ca9fa1b251c6811c1556bdfa1d8f9bd96a6b1a036,https://www.beneficiosbancognb.com.py/v2/beneficios/categorias/628,https://www.beneficiosbancognb.com.py/imagenes/5196_bases-y-condiciones-maxicolor.pdf,
470,Sanisart,Cuotas sin intereses,Hasta 12 cuotas sin intereses todos los días.,2026-12-31,Del 1 de febrero al 31 de diciembre del 2026.,2026-12-31,"• Hasta 12 cuotas sin intereses para tarjetas de afinidad Clásicas, Oro, Experience. Black, Black Premier, Metalcard Premier, Platinum e Infinite Premier del Banco GNB Paraguay.","• Pagos realizados con tarjetas de crédito Banco GNB Paraguay S.A.E.C.A. • Pagos realizados con tarjetas de crédito física, Apple Pay, Google Pay y/o QR en POS adheridos a la procesadora . • No participan de la promoción las tarjetas de débito y crédito de afinidades Empresariales, Corporativas, Gift Card, Gourmet y Prepagas. • La promoción aplica todos los días durante el periodo de promoción. • No acumulable con otras promociones. • Los reclamos serán considerados válidos únicamente en base al último documento actualizado, el cual debe corresponder al que se encuentre vigente en la fecha de la compra reclamada.",1,5b0497f3c6d137749a8d4f49df45182d49d35bb2c1180e2637b9c73b7cbf08fb,https://www.beneficiosbancognb.com.py/v2/beneficios/categorias/470,https://www.beneficiosbancognb.com.py/imagenes/4704_bases-y-condiciones-sanisart.pdf,
658,Samurai Gym,Cuotas sin intereses,Hasta 12 cuotas sin intereses todos los días.,2026-12-31,Del 24 de agosto al 31 de diciembre del 2026.,2026-12-31,• Hasta 12 cuotas sin intereses con las tarjetas de crédito del Banco GNB Paraguay.,"• Pagos realizados con tarjetas de crédito Banco GNB Paraguay S.A.E.C.A. • Pagos realizados con tarjetas de crédito física, Apple Pay, Google Pay y/o QR en POS adheridos a la procesadora . • No participan de la promoción las tarjetas de débito y crédito de afinidades Empresariales, Corporativas, Gift Card, Gourmet y Prepagas. • La promoción aplica todos los días durante el periodo de promoción. • El beneficio aplica única y exclusivamente para pagos anuales. • No acumulable con otras promociones. • Los reclamos serán considerados válidos únicamente en base al último documento actualizado, el cual debe corresponder al que se encuentre vigente en la fecha de la compra reclamada.",1,3e7d02915701d51f826040bfd55b34ef8c912fad22569cba7cfd543f7e57d7b5,https://www.beneficiosbancognb.com.py/v2/beneficios/categorias/658,https://www.beneficiosbancognb.com.py/imagenes/5317_bases-y-condiciones-samurai-gym.pdf,
646,Protek,Cuotas sin intereses,Hasta 12 cuotas sin intereses todos los días.,2026-12-31,Del 30 de julio al 31 de diciembre del 2026.,2026-12-31,• Hasta 12 cuotas sin intereses para pagos con tarjetas de crédito del Banco GNB.,"• Pagos realizados con tarjetas de crédito Banco GNB Paraguay S.A.E.C.A. • Pagos realizados con tarjetas de crédito física, Apple Pay, Google Pay y/o QR en POS adheridos a la procesadora . • No participan de la promoción las tarjetas de débito y crédito de afinidades Empresariales, Corporativas, Gift Card, Gourmet y Prepagas. • La promoción aplica todos los días durante el periodo de promoción. • No acumulable con otras promociones. • Los reclamos serán considerados válidos únicamente en base al último documento actualizado, el cual debe corresponder al que se encuentre vigente en la fecha de la compra reclamada.",1,0d9de1a284d2880450efb20200421d5709608faf8d8bac146a16f1c28aa8d6c5,https://www.beneficiosbancognb.com.py/v2/beneficios/categorias/646,https://www.beneficiosbancognb.com.py/imagenes/5276_bases-y-condiciones-protek.pdf,
642,Maquicenter,Cuotas sin intereses,Hasta 12 cuotas sin intereses todos los días.,2026-12-31,Del 21 de julio al 31 de diciembre del 2026.,2026-12-31,• Hasta 12 cuotas sin intereses con las tarjetas de crédito del Banco GNB Paraguay.,"• Pagos realizados con tarjetas de crédito Banco GNB Paraguay S.A.E.C.A. • Pagos realizados con tarjetas de crédito física, Apple Pay, Google Pay y/o QR en POS adheridos a la procesadora . • No participan de la promoción las tarjetas de débito y crédito de afinidades Empresariales, Corporativas, Gift Card, Gourmet y Prepagas. • La promoción aplica todos los días durante el periodo de promoción. • No acumulable con otras promociones. • Los reclamos serán considerados válidos únicamente en base al último documento actualizado, el cual debe corresponder al que se encuentre vigente en la fecha de la compra reclamada.",1,9b72bb504a16287d3b08a50ee71af82dc20cbf39ee5cced6b9c2b797f4698f8f,https://www.beneficiosbancognb.com.py/v2/beneficios/categorias/642,https://www.beneficiosbancognb.com.py/imagenes/5264_bases-y-condiciones-maquicenter.pdf,
641,Microfal,Cuotas sin intereses,Hasta 12 cuotas sin intereses todos los días.,2026-12-31,Del 21 de julio al 31 de diciembre del 2026.,2026-12-31,• Hasta 12 cuotas sin intereses con las tarjetas de crédito del Banco GNB Paraguay.,"• Pagos realizados con tarjetas de crédito Banco GNB Paraguay S.A.E.C.A. • Pagos realizados con tarjetas de crédito física, Apple Pay, Google Pay y/o QR en POS adheridos a la procesadora . • No participan de la promoción las tarjetas de débito y crédito de afinidades Empresariales, Corporativas, Gift Card, Gourmet y Prepagas. • La promoción aplica todos los días durante el periodo de promoción. • El beneficio aplica única y exclusivamente a: Instalaciones de sistemas de CCTV, Alarmas, y Sistemas contra incendios. • No acumulable con otras promociones. • Los reclamos serán considerados válidos únicamente en base al último documento actualizado, el cual debe corresponder al que se encuentre vigente en la fecha de la compra reclamada.",1,97092fc81731850c3534f6109a1435d071bf5b3a86322a5b4a3dcb720d95b878,https://www.beneficiosbancognb.com.py/v2/beneficios/categorias/641,https://www.beneficiosbancognb.com.py/imagenes/5262_bases-y-condiciones-microfal.pdf,
444,COM-PAR,Cuotas sin intereses,Hasta 12 cuotas sin intereses todos los días.,2026-12-31,Del 05 de enero al 31 de diciembre del 2026.,2026-12-31,• Hasta 12 cuotas sin intereses para pagos con tarjetas de crédito del Banco GNB Paraguay.,"• Pagos realizados con tarjetas de crédito Banco GNB Paraguay S.A.E.C.A. • Pagos realizados con tarjetas de crédito física, Apple Pay, Google Pay y/o QR en POS adheridos a la procesadora . • No participan de la promoción las tarjetas de débito, de afinidades Empresariales, Corporativas, Gift Card, Gourmet y Prepagas. • La promoción aplica todos los días durante el periodo de promoción. • No acumulable con otras promociones. • Los reclamos serán considerados válidos únicamente en base al último documento actualizado, el cual debe corresponder al que se encuentre vigente en la fecha de la compra reclamada.",1,b3d01b7618b045e31b5dc935fa31d25ad5f4520457675d1764b374377cf73ff9,https://www.beneficiosbancognb.com.py/v2/beneficios/categorias/444,https://www.beneficiosbancognb.com.py/imagenes/4618_bases-y-condiciones-com-par.pdf,
397,Keeper,Cuotas sin intereses,Hasta 12 cuotas sin intereses todos los días.,2026-12-31,Del 05 de enero al 31 de diciembre del 2026.,2026-12-31,• Hasta 12 cuotas sin intereses para pagos con tarjetas de crédito del Banco GNB Paraguay.,"• Pagos realizados con tarjetas de crédito Banco GNB Paraguay S.A.E.C.A. • Pagos realizados con tarjetas de crédito física, Apple Pay, Google Pay y/o QR en POS adheridos a la procesadora . • No participan de la promoción las tarjetas de débito, de afinidades Empresariales, Corporativas, Gift Card, Gourmet y Prepagas. • La promoción aplica todos los días durante el periodo de promoción. • No acumulable con otras promociones. • Los reclamos serán considerados válidos únicamente en base al último documento actualizado, el cual debe corresponder al que se encuentre vigente en la fecha de la compra reclamada.",1,ef317f096388964437e08afb8443a85cb663e4651bfa17b86564757f04bb7e11,https://www.beneficiosbancognb.com.py/v2/beneficios/categorias/397,https://www.beneficiosbancognb.com.py/imagenes/4433_bases-y-condiciones-keeper.pdf,
664,Raphaella Booz,Días GNB,Hasta 25% de descuento los jueves y viernes + Hasta 6 cuotas sin intereses todos los días.,2026-11-27,Del 10 de septiembre al 27 de noviembre del 2026.,2026-11-27,"• 25% de descuento para pagos con tarjetas de crédito Mastercard afinidades Black, Black Premier y Metalcard Premier del Banco GNB Paraguay. • 20% de descuento para pagos con tarjetas de crédito Mastercard afinidades Clásicas y Oro del Banco GNB Paraguay. • Hasta 6 cuotas sin intereses todos los días para pagos con tarjetas de crédito del Banco GNB Paraguay.","• Pagos realizados con tarjetas de crédito Banco GNB Paraguay S.A.E.C.A. • Pagos realizados con tarjetas de crédito física, Apple Pay, Google Pay y/o QR en POS adheridos a la procesadora . • El beneficio de descuento aplica únicamente los jueves y viernes durante el periodo de promoción. • El beneficio de cuotas sin intereses aplica todos los días durante el periodo de promoción. • No participan de la promoción las tarjetas de débito y crédito de afinidades Empresariales, Corporativas, Gift Card, Gourmet y Prepagas. • No acumulable con otras promociones. • Los reintegros serán reflejados de manera automática en el extracto del cliente, en un período de 24 a 48hs hábiles luego de la compra. • El descuento en caja no aplica en la compra de Gift Cards. • Tope de compra mensual: Gs. 1.500.000 (guaraníes un millón quinientos mil) por cuenta de tarjeta de crédito (incluye titulares y adicionales), el cual aplica en forma conjunta a todos los locales de los comercios adheridos. • Los reclamos serán considerados válidos únicamente en base al último documento actualizado, el cual debe corresponder al que se encuentre vigente en la fecha de la compra reclamada.",1,e36e665d2cce54e5805b204c51562a7687d9e4b91eae427f2479cc23f5dd8a45,https://www.beneficiosbancognb.com.py/v2/beneficios/categorias/664,https://www.beneficiosbancognb.com.py/imagenes/5336_bases-y-condiciones-raphaella-booz.pdf,
650,Baume,Cuotas sin intereses,Hasta 6 cuotas sin intereses todos los días.,2026-12-31,Del 10 de agosto al 31 de diciembre del 2026.,2026-12-31,• Hasta 6 cuotas sin intereses para tarjetas de crédito del Banco GNB Paraguay.,"• Pagos realizados con tarjetas de crédito Banco GNB Paraguay S.A.E.C.A. • Pagos realizados con tarjetas de crédito física, Apple Pay, Google Pay y/o QR en POS adheridos a la procesadora . • No participan de la promoción las tarjetas de débito, crédito de afinidades Empresariales, Corporativas, Gift Card, Gourmet y Prepagas. • No aplica para pagos realizados a través de plataformas de terceros y/o e-commerce. • No acumulable con otras promociones. • La promoción aplica todos los días dentro del periodo de vigencia de la promoción. • Los reclamos serán considerados válidos únicamente en base al último documento actualizado, el cual debe corresponder al que se encuentre vigente en la fecha de la compra reclamada.",1,de8f4c23eb04df8524b05ae6a85351ff9323a188a6c40526a890158a1c9f6343,https://www.beneficiosbancognb.com.py/v2/beneficios/categorias/650,https://www.beneficiosbancognb.com.py/imagenes/5301_bases-y-condiciones-baume-perfumer%C3%ADa.pdf,
