Comercio,Categoria,Beneficio,Dia,Vigencia,Locales,Montos,URL detalle,Tarjetas verificadas,Detalle,Variante,Tipo de variante,Etiqueta de variante,Porcentaje efectivo,Fin del período fuente,Últimos días del mes,Advertencia de fuente
Copetrol,Combustible,15% de reintegro con Tarjeta física,Lunes,Desde 2026-07-06 hasta 2026-12-28,"KM.2: Av. Eusebio Ayala esq. Bartolomé, Asunción; Facundo Machain: Facundo Machain y RI 18 Pitiantuta, Asunción; Maitei: Av. Madame L. esq. Tte. Victor Valdez, Fernando de la Mora; Ruta 1 Km.14: Ruta Dptal D027 (Ex Ruta 1) esq. Buenos Aires, San Lorenzo; Autopista: Av. Silvio Pettirossi y Cochabamba, Luque; Villa Morra: Mcal. López y San Martín, Asunción; Km 6,5 C.D.E.: Blas Garay y Monseñor Rodríguez, Ciudad del Este; Encarnación Ruta 1: Ruta 1 Km 374 y Avda. Bernardino Caballero, Encarnación; Ferrocarril: Av. M. López e/ México y Caballero, Asunción; 25 de Mayo: 25 de Mayo esq. Choferes del Chaco - Mburicaó, Asunción; Hohenau: Ruta 6 Km. 35, Hohenau; Bella Vista Sur: Ruta 6 Km. 50. Paseo Bella Vista, Bella Vista Sur",Tope de compra mensual por cuenta: Gs. 1.000.000. Tope de reintegro mensual por cuenta: Gs. 150.000.,https://www.beneficiosbancognb.com.py/v2/beneficios/categorias/148,Mastercard Clásica y Oro · Tarjeta física,"15% de reintegro con Tarjeta física. Tope de compra mensual por cuenta: Gs. 1.000.000. Tope de reintegro mensual por cuenta: Gs. 150.000. No aplica a tarjetas de débito, crédito Visa, Empresariales, Corporativas, Gift Card, Gourmet ni Prepagas. No acumulable con otras promociones. No aplica a compras mediante plataformas de terceros. Tope mensual compartido por cuenta entre titular y adicionales. Reembolso en el extracto. Copemarket admite compras en tienda física y online. Copetrol Vamos aplica solamente en estaciones habilitadas según el PDF.",classic-physical,base,Clásica / Oro,,,,
Copetrol,Combustible,20% de reintegro con QR desde App GNB o Copetrol Vamos en estaciones habilitadas,Lunes,Desde 2026-07-06 hasta 2026-12-28,"KM.2: Av. Eusebio Ayala esq. Bartolomé, Asunción; Facundo Machain: Facundo Machain y RI 18 Pitiantuta, Asunción; Maitei: Av. Madame L. esq. Tte. Victor Valdez, Fernando de la Mora; Ruta 1 Km.14: Ruta Dptal D027 (Ex Ruta 1) esq. Buenos Aires, San Lorenzo; Autopista: Av. Silvio Pettirossi y Cochabamba, Luque; Villa Morra: Mcal. López y San Martín, Asunción; Km 6,5 C.D.E.: Blas Garay y Monseñor Rodríguez, Ciudad del Este; Encarnación Ruta 1: Ruta 1 Km 374 y Avda. Bernardino Caballero, Encarnación; Ferrocarril: Av. M. López e/ México y Caballero, Asunción; 25 de Mayo: 25 de Mayo esq. Choferes del Chaco - Mburicaó, Asunción; Hohenau: Ruta 6 Km. 35, Hohenau; Bella Vista Sur: Ruta 6 Km. 50. Paseo Bella Vista, Bella Vista Sur",Tope de compra mensual por cuenta: Gs. 1.000.000. Tope de reintegro mensual por cuenta: Gs. 200.000.,https://www.beneficiosbancognb.com.py/v2/beneficios/categorias/148,Mastercard Clásica y Oro · QR desde App GNB o Copetrol Vamos en estaciones habilitadas,"20% de reintegro con QR desde App GNB o Copetrol Vamos en estaciones habilitadas. Tope de compra mensual por cuenta: Gs. 1.000.000. Tope de reintegro mensual por cuenta: Gs. 200.000. No aplica a tarjetas de débito, crédito Visa, Empresariales, Corporativas, Gift Card, Gourmet ni Prepagas. No acumulable con otras promociones. No aplica a compras mediante plataformas de terceros. Tope mensual compartido por cuenta entre titular y adicionales. Reembolso en el extracto. Copemarket admite compras en tienda física y online. Copetrol Vamos aplica solamente en estaciones habilitadas según el PDF.",classic-qr,base,Clásica / Oro,,,,
Copetrol,Combustible,25% de reintegro con Tarjeta física,Lunes,Desde 2026-07-06 hasta 2026-12-28,"KM.2: Av. Eusebio Ayala esq. Bartolomé, Asunción; Facundo Machain: Facundo Machain y RI 18 Pitiantuta, Asunción; Maitei: Av. Madame L. esq. Tte. Victor Valdez, Fernando de la Mora; Ruta 1 Km.14: Ruta Dptal D027 (Ex Ruta 1) esq. Buenos Aires, San Lorenzo; Autopista: Av. Silvio Pettirossi y Cochabamba, Luque; Villa Morra: Mcal. López y San Martín, Asunción; Km 6,5 C.D.E.: Blas Garay y Monseñor Rodríguez, Ciudad del Este; Encarnación Ruta 1: Ruta 1 Km 374 y Avda. Bernardino Caballero, Encarnación; Ferrocarril: Av. M. López e/ México y Caballero, Asunción; 25 de Mayo: 25 de Mayo esq. Choferes del Chaco - Mburicaó, Asunción; Hohenau: Ruta 6 Km. 35, Hohenau; Bella Vista Sur: Ruta 6 Km. 50. Paseo Bella Vista, Bella Vista Sur",Tope de compra mensual por cuenta: Gs. 1.000.000. Tope de reintegro mensual por cuenta: Gs. 250.000.,https://www.beneficiosbancognb.com.py/v2/beneficios/categorias/148,"Mastercard Black, Black Premier y Metalcard Premier · Tarjeta física","25% de reintegro con Tarjeta física. Tope de compra mensual por cuenta: Gs. 1.000.000. Tope de reintegro mensual por cuenta: Gs. 250.000. No aplica a tarjetas de débito, crédito Visa, Empresariales, Corporativas, Gift Card, Gourmet ni Prepagas. No acumulable con otras promociones. No aplica a compras mediante plataformas de terceros. Tope mensual compartido por cuenta entre titular y adicionales. Reembolso en el extracto. Copemarket admite compras en tienda física y online. Copetrol Vamos aplica solamente en estaciones habilitadas según el PDF.",black-physical,premium,Black / Premier,,,,
Copetrol,Combustible,30% de reintegro con QR desde App GNB o Copetrol Vamos en estaciones habilitadas,Lunes,Desde 2026-07-06 hasta 2026-12-28,"KM.2: Av. Eusebio Ayala esq. Bartolomé, Asunción; Facundo Machain: Facundo Machain y RI 18 Pitiantuta, Asunción; Maitei: Av. Madame L. esq. Tte. Victor Valdez, Fernando de la Mora; Ruta 1 Km.14: Ruta Dptal D027 (Ex Ruta 1) esq. Buenos Aires, San Lorenzo; Autopista: Av. Silvio Pettirossi y Cochabamba, Luque; Villa Morra: Mcal. López y San Martín, Asunción; Km 6,5 C.D.E.: Blas Garay y Monseñor Rodríguez, Ciudad del Este; Encarnación Ruta 1: Ruta 1 Km 374 y Avda. Bernardino Caballero, Encarnación; Ferrocarril: Av. M. López e/ México y Caballero, Asunción; 25 de Mayo: 25 de Mayo esq. Choferes del Chaco - Mburicaó, Asunción; Hohenau: Ruta 6 Km. 35, Hohenau; Bella Vista Sur: Ruta 6 Km. 50. Paseo Bella Vista, Bella Vista Sur",Tope de compra mensual por cuenta: Gs. 1.000.000. Tope de reintegro mensual por cuenta: Gs. 300.000.,https://www.beneficiosbancognb.com.py/v2/beneficios/categorias/148,"Mastercard Black, Black Premier y Metalcard Premier · QR desde App GNB o Copetrol Vamos en estaciones habilitadas","30% de reintegro con QR desde App GNB o Copetrol Vamos en estaciones habilitadas. Tope de compra mensual por cuenta: Gs. 1.000.000. Tope de reintegro mensual por cuenta: Gs. 300.000. No aplica a tarjetas de débito, crédito Visa, Empresariales, Corporativas, Gift Card, Gourmet ni Prepagas. No acumulable con otras promociones. No aplica a compras mediante plataformas de terceros. Tope mensual compartido por cuenta entre titular y adicionales. Reembolso en el extracto. Copemarket admite compras en tienda física y online. Copetrol Vamos aplica solamente en estaciones habilitadas según el PDF.",black-qr,premium,Black / Premier,,,,
Copemarket,Tiendas,15% de reintegro con Tarjeta física,Lunes,Desde 2026-07-06 hasta 2026-12-28,"KM.2: Av. Eusebio Ayala esq. Bartolomé, Asunción; Facundo Machain: Facundo Machain y RI 18 Pitiantuta, Asunción; Maitei: Av. Madame L. esq. Tte. Victor Valdez, Fernando de la Mora; Ruta 1 Km.14: Ruta Dptal D027 (Ex Ruta 1) esq. Buenos Aires, San Lorenzo; Autopista: Av. Silvio Pettirossi y Cochabamba, Luque; Villa Morra: Mcal. López y San Martín, Asunción; Km 6,5 C.D.E.: Blas Garay y Monseñor Rodríguez, Ciudad del Este; Encarnación Ruta 1: Ruta 1 Km 374 y Avda. Bernardino Caballero, Encarnación; Ferrocarril: Av. M. López e/ México y Caballero, Asunción; 25 de Mayo: 25 de Mayo esq. Choferes del Chaco - Mburicaó, Asunción; Hohenau: Ruta 6 Km. 35, Hohenau; Bella Vista Sur: Ruta 6 Km. 50. Paseo Bella Vista, Bella Vista Sur",Tope de compra mensual por cuenta: Gs. 1.000.000. Tope de reintegro mensual por cuenta: Gs. 150.000.,https://www.beneficiosbancognb.com.py/v2/beneficios/categorias/148,Mastercard Clásica y Oro · Tarjeta física,"15% de reintegro con Tarjeta física. Tope de compra mensual por cuenta: Gs. 1.000.000. Tope de reintegro mensual por cuenta: Gs. 150.000. No aplica a tarjetas de débito, crédito Visa, Empresariales, Corporativas, Gift Card, Gourmet ni Prepagas. No acumulable con otras promociones. No aplica a compras mediante plataformas de terceros. Tope mensual compartido por cuenta entre titular y adicionales. Reembolso en el extracto. Copemarket admite compras en tienda física y online. Copetrol Vamos aplica solamente en estaciones habilitadas según el PDF.",classic-physical,base,Clásica / Oro,,,,
Copemarket,Tiendas,20% de reintegro con QR desde App GNB o Copetrol Vamos en estaciones habilitadas,Lunes,Desde 2026-07-06 hasta 2026-12-28,"KM.2: Av. Eusebio Ayala esq. Bartolomé, Asunción; Facundo Machain: Facundo Machain y RI 18 Pitiantuta, Asunción; Maitei: Av. Madame L. esq. Tte. Victor Valdez, Fernando de la Mora; Ruta 1 Km.14: Ruta Dptal D027 (Ex Ruta 1) esq. Buenos Aires, San Lorenzo; Autopista: Av. Silvio Pettirossi y Cochabamba, Luque; Villa Morra: Mcal. López y San Martín, Asunción; Km 6,5 C.D.E.: Blas Garay y Monseñor Rodríguez, Ciudad del Este; Encarnación Ruta 1: Ruta 1 Km 374 y Avda. Bernardino Caballero, Encarnación; Ferrocarril: Av. M. López e/ México y Caballero, Asunción; 25 de Mayo: 25 de Mayo esq. Choferes del Chaco - Mburicaó, Asunción; Hohenau: Ruta 6 Km. 35, Hohenau; Bella Vista Sur: Ruta 6 Km. 50. Paseo Bella Vista, Bella Vista Sur",Tope de compra mensual por cuenta: Gs. 1.000.000. Tope de reintegro mensual por cuenta: Gs. 200.000.,https://www.beneficiosbancognb.com.py/v2/beneficios/categorias/148,Mastercard Clásica y Oro · QR desde App GNB o Copetrol Vamos en estaciones habilitadas,"20% de reintegro con QR desde App GNB o Copetrol Vamos en estaciones habilitadas. Tope de compra mensual por cuenta: Gs. 1.000.000. Tope de reintegro mensual por cuenta: Gs. 200.000. No aplica a tarjetas de débito, crédito Visa, Empresariales, Corporativas, Gift Card, Gourmet ni Prepagas. No acumulable con otras promociones. No aplica a compras mediante plataformas de terceros. Tope mensual compartido por cuenta entre titular y adicionales. Reembolso en el extracto. Copemarket admite compras en tienda física y online. Copetrol Vamos aplica solamente en estaciones habilitadas según el PDF.",classic-qr,base,Clásica / Oro,,,,
Copemarket,Tiendas,25% de reintegro con Tarjeta física,Lunes,Desde 2026-07-06 hasta 2026-12-28,"KM.2: Av. Eusebio Ayala esq. Bartolomé, Asunción; Facundo Machain: Facundo Machain y RI 18 Pitiantuta, Asunción; Maitei: Av. Madame L. esq. Tte. Victor Valdez, Fernando de la Mora; Ruta 1 Km.14: Ruta Dptal D027 (Ex Ruta 1) esq. Buenos Aires, San Lorenzo; Autopista: Av. Silvio Pettirossi y Cochabamba, Luque; Villa Morra: Mcal. López y San Martín, Asunción; Km 6,5 C.D.E.: Blas Garay y Monseñor Rodríguez, Ciudad del Este; Encarnación Ruta 1: Ruta 1 Km 374 y Avda. Bernardino Caballero, Encarnación; Ferrocarril: Av. M. López e/ México y Caballero, Asunción; 25 de Mayo: 25 de Mayo esq. Choferes del Chaco - Mburicaó, Asunción; Hohenau: Ruta 6 Km. 35, Hohenau; Bella Vista Sur: Ruta 6 Km. 50. Paseo Bella Vista, Bella Vista Sur",Tope de compra mensual por cuenta: Gs. 1.000.000. Tope de reintegro mensual por cuenta: Gs. 250.000.,https://www.beneficiosbancognb.com.py/v2/beneficios/categorias/148,"Mastercard Black, Black Premier y Metalcard Premier · Tarjeta física","25% de reintegro con Tarjeta física. Tope de compra mensual por cuenta: Gs. 1.000.000. Tope de reintegro mensual por cuenta: Gs. 250.000. No aplica a tarjetas de débito, crédito Visa, Empresariales, Corporativas, Gift Card, Gourmet ni Prepagas. No acumulable con otras promociones. No aplica a compras mediante plataformas de terceros. Tope mensual compartido por cuenta entre titular y adicionales. Reembolso en el extracto. Copemarket admite compras en tienda física y online. Copetrol Vamos aplica solamente en estaciones habilitadas según el PDF.",black-physical,premium,Black / Premier,,,,
Copemarket,Tiendas,30% de reintegro con QR desde App GNB o Copetrol Vamos en estaciones habilitadas,Lunes,Desde 2026-07-06 hasta 2026-12-28,"KM.2: Av. Eusebio Ayala esq. Bartolomé, Asunción; Facundo Machain: Facundo Machain y RI 18 Pitiantuta, Asunción; Maitei: Av. Madame L. esq. Tte. Victor Valdez, Fernando de la Mora; Ruta 1 Km.14: Ruta Dptal D027 (Ex Ruta 1) esq. Buenos Aires, San Lorenzo; Autopista: Av. Silvio Pettirossi y Cochabamba, Luque; Villa Morra: Mcal. López y San Martín, Asunción; Km 6,5 C.D.E.: Blas Garay y Monseñor Rodríguez, Ciudad del Este; Encarnación Ruta 1: Ruta 1 Km 374 y Avda. Bernardino Caballero, Encarnación; Ferrocarril: Av. M. López e/ México y Caballero, Asunción; 25 de Mayo: 25 de Mayo esq. Choferes del Chaco - Mburicaó, Asunción; Hohenau: Ruta 6 Km. 35, Hohenau; Bella Vista Sur: Ruta 6 Km. 50. Paseo Bella Vista, Bella Vista Sur",Tope de compra mensual por cuenta: Gs. 1.000.000. Tope de reintegro mensual por cuenta: Gs. 300.000.,https://www.beneficiosbancognb.com.py/v2/beneficios/categorias/148,"Mastercard Black, Black Premier y Metalcard Premier · QR desde App GNB o Copetrol Vamos en estaciones habilitadas","30% de reintegro con QR desde App GNB o Copetrol Vamos en estaciones habilitadas. Tope de compra mensual por cuenta: Gs. 1.000.000. Tope de reintegro mensual por cuenta: Gs. 300.000. No aplica a tarjetas de débito, crédito Visa, Empresariales, Corporativas, Gift Card, Gourmet ni Prepagas. No acumulable con otras promociones. No aplica a compras mediante plataformas de terceros. Tope mensual compartido por cuenta entre titular y adicionales. Reembolso en el extracto. Copemarket admite compras en tienda física y online. Copetrol Vamos aplica solamente en estaciones habilitadas según el PDF.",black-qr,premium,Black / Premier,,,,
1688 Restó,Gastronomía,"20% de reintegro con tarjeta física, Apple Pay, Google Pay o QR (sin adicional de GNB Personas)","Miércoles, Jueves, Viernes, Sábado, Domingo",Desde 2026-01-02 hasta 2026-12-31,Todas las sucursales de 1688 Restó. Ciudad indicada en las bases: Asunción.,Tope de compra mensual compartido por cuenta entre todos los comercios adheridos a Bares y Restó (incluye titular y adicionales): Gs. 1.500.000. Reintegro máximo calculado al 20%: Gs. 300.000; no es un cupo adicional independiente.,https://www.beneficiosbancognb.com.py/v2/beneficios/categorias/408,"Tarjetas de crédito Mastercard GNB · tarjeta física, Apple Pay, Google Pay o QR (sin adicional de GNB Personas)","20% de reintegro con tarjeta física, Apple Pay, Google Pay o QR (sin adicional de GNB Personas). Tope de compra mensual compartido por cuenta entre todos los comercios adheridos a Bares y Restó (incluye titular y adicionales): Gs. 1.500.000. Reintegro máximo calculado al 20%: Gs. 300.000; no es un cupo adicional independiente. Pagos en POS adheridos a Bancard. No participan tarjetas de débito ni crédito Visa, Empresariales, Corporativas, Gift Card, Gourmet ni Prepagas. No aplica a plataformas de terceros (Pedidos Ya, Monchis, entre otros) ni e-commerce, salvo la excepción expresa del comercio indicada en esta ficha. No acumulable con otras promociones. Aplica a todas las sucursales de cada comercio adherido. El tope de compra se comparte entre todos los comercios de esta campaña, titular y adicionales; no se multiplica por local ni por método de pago. Reintegro en el extracto al cierre o visible en movimientos de la app. El 25% total es 20% base más 5% adicional, no dos beneficios acumulables independientes.",mastercard-standard,base,Mastercard,,,,
1688 Restó,Gastronomía,25% de reintegro con QR desde la app Banco GNB Personas (20% base + 5% adicional),"Miércoles, Jueves, Viernes, Sábado, Domingo",Desde 2026-01-02 hasta 2026-12-31,Todas las sucursales de 1688 Restó. Ciudad indicada en las bases: Asunción.,Tope de compra mensual compartido por cuenta entre todos los comercios adheridos a Bares y Restó (incluye titular y adicionales): Gs. 1.500.000. Reintegro máximo calculado al 25%: Gs. 375.000; no es un cupo adicional independiente.,https://www.beneficiosbancognb.com.py/v2/beneficios/categorias/408,Tarjetas de crédito Mastercard GNB · QR desde la app Banco GNB Personas (20% base + 5% adicional),"25% de reintegro con QR desde la app Banco GNB Personas (20% base + 5% adicional). Tope de compra mensual compartido por cuenta entre todos los comercios adheridos a Bares y Restó (incluye titular y adicionales): Gs. 1.500.000. Reintegro máximo calculado al 25%: Gs. 375.000; no es un cupo adicional independiente. Pagos en POS adheridos a Bancard. No participan tarjetas de débito ni crédito Visa, Empresariales, Corporativas, Gift Card, Gourmet ni Prepagas. No aplica a plataformas de terceros (Pedidos Ya, Monchis, entre otros) ni e-commerce, salvo la excepción expresa del comercio indicada en esta ficha. No acumulable con otras promociones. Aplica a todas las sucursales de cada comercio adherido. El tope de compra se comparte entre todos los comercios de esta campaña, titular y adicionales; no se multiplica por local ni por método de pago. Reintegro en el extracto al cierre o visible en movimientos de la app. El 25% total es 20% base más 5% adicional, no dos beneficios acumulables independientes.",mastercard-gnb-qr,base,Mastercard · QR GNB,,,,
Dorsia,Gastronomía,"20% de reintegro con tarjeta física, Apple Pay, Google Pay o QR (sin adicional de GNB Personas)","Miércoles, Jueves, Viernes, Sábado, Domingo",Desde 2026-01-02 hasta 2026-12-31,Todas las sucursales de Dorsia. Ciudad indicada en las bases: Asunción.,Tope de compra mensual compartido por cuenta entre todos los comercios adheridos a Bares y Restó (incluye titular y adicionales): Gs. 1.500.000. Reintegro máximo calculado al 20%: Gs. 300.000; no es un cupo adicional independiente.,https://www.beneficiosbancognb.com.py/v2/beneficios/categorias/408,"Tarjetas de crédito Mastercard GNB · tarjeta física, Apple Pay, Google Pay o QR (sin adicional de GNB Personas)","20% de reintegro con tarjeta física, Apple Pay, Google Pay o QR (sin adicional de GNB Personas). Tope de compra mensual compartido por cuenta entre todos los comercios adheridos a Bares y Restó (incluye titular y adicionales): Gs. 1.500.000. Reintegro máximo calculado al 20%: Gs. 300.000; no es un cupo adicional independiente. Pagos en POS adheridos a Bancard. No participan tarjetas de débito ni crédito Visa, Empresariales, Corporativas, Gift Card, Gourmet ni Prepagas. No aplica a plataformas de terceros (Pedidos Ya, Monchis, entre otros) ni e-commerce, salvo la excepción expresa del comercio indicada en esta ficha. No acumulable con otras promociones. Aplica a todas las sucursales de cada comercio adherido. El tope de compra se comparte entre todos los comercios de esta campaña, titular y adicionales; no se multiplica por local ni por método de pago. Reintegro en el extracto al cierre o visible en movimientos de la app. El 25% total es 20% base más 5% adicional, no dos beneficios acumulables independientes.",mastercard-standard,base,Mastercard,,,,
Dorsia,Gastronomía,25% de reintegro con QR desde la app Banco GNB Personas (20% base + 5% adicional),"Miércoles, Jueves, Viernes, Sábado, Domingo",Desde 2026-01-02 hasta 2026-12-31,Todas las sucursales de Dorsia. Ciudad indicada en las bases: Asunción.,Tope de compra mensual compartido por cuenta entre todos los comercios adheridos a Bares y Restó (incluye titular y adicionales): Gs. 1.500.000. Reintegro máximo calculado al 25%: Gs. 375.000; no es un cupo adicional independiente.,https://www.beneficiosbancognb.com.py/v2/beneficios/categorias/408,Tarjetas de crédito Mastercard GNB · QR desde la app Banco GNB Personas (20% base + 5% adicional),"25% de reintegro con QR desde la app Banco GNB Personas (20% base + 5% adicional). Tope de compra mensual compartido por cuenta entre todos los comercios adheridos a Bares y Restó (incluye titular y adicionales): Gs. 1.500.000. Reintegro máximo calculado al 25%: Gs. 375.000; no es un cupo adicional independiente. Pagos en POS adheridos a Bancard. No participan tarjetas de débito ni crédito Visa, Empresariales, Corporativas, Gift Card, Gourmet ni Prepagas. No aplica a plataformas de terceros (Pedidos Ya, Monchis, entre otros) ni e-commerce, salvo la excepción expresa del comercio indicada en esta ficha. No acumulable con otras promociones. Aplica a todas las sucursales de cada comercio adherido. El tope de compra se comparte entre todos los comercios de esta campaña, titular y adicionales; no se multiplica por local ni por método de pago. Reintegro en el extracto al cierre o visible en movimientos de la app. El 25% total es 20% base más 5% adicional, no dos beneficios acumulables independientes.",mastercard-gnb-qr,base,Mastercard · QR GNB,,,,
Emeterio,Gastronomía,"20% de reintegro con tarjeta física, Apple Pay, Google Pay o QR (sin adicional de GNB Personas)","Miércoles, Jueves, Viernes, Sábado, Domingo",Desde 2026-02-06 hasta 2026-12-31,Todas las sucursales de Emeterio. Ciudad indicada en las bases: Asunción.,Tope de compra mensual compartido por cuenta entre todos los comercios adheridos a Bares y Restó (incluye titular y adicionales): Gs. 1.500.000. Reintegro máximo calculado al 20%: Gs. 300.000; no es un cupo adicional independiente.,https://www.beneficiosbancognb.com.py/v2/beneficios/categorias/408,"Tarjetas de crédito Mastercard GNB · tarjeta física, Apple Pay, Google Pay o QR (sin adicional de GNB Personas)","20% de reintegro con tarjeta física, Apple Pay, Google Pay o QR (sin adicional de GNB Personas). Tope de compra mensual compartido por cuenta entre todos los comercios adheridos a Bares y Restó (incluye titular y adicionales): Gs. 1.500.000. Reintegro máximo calculado al 20%: Gs. 300.000; no es un cupo adicional independiente. Pagos en POS adheridos a Bancard. No participan tarjetas de débito ni crédito Visa, Empresariales, Corporativas, Gift Card, Gourmet ni Prepagas. No aplica a plataformas de terceros (Pedidos Ya, Monchis, entre otros) ni e-commerce, salvo la excepción expresa del comercio indicada en esta ficha. No acumulable con otras promociones. Aplica a todas las sucursales de cada comercio adherido. El tope de compra se comparte entre todos los comercios de esta campaña, titular y adicionales; no se multiplica por local ni por método de pago. Reintegro en el extracto al cierre o visible en movimientos de la app. El 25% total es 20% base más 5% adicional, no dos beneficios acumulables independientes.",mastercard-standard,base,Mastercard,,,,
Emeterio,Gastronomía,25% de reintegro con QR desde la app Banco GNB Personas (20% base + 5% adicional),"Miércoles, Jueves, Viernes, Sábado, Domingo",Desde 2026-02-06 hasta 2026-12-31,Todas las sucursales de Emeterio. Ciudad indicada en las bases: Asunción.,Tope de compra mensual compartido por cuenta entre todos los comercios adheridos a Bares y Restó (incluye titular y adicionales): Gs. 1.500.000. Reintegro máximo calculado al 25%: Gs. 375.000; no es un cupo adicional independiente.,https://www.beneficiosbancognb.com.py/v2/beneficios/categorias/408,Tarjetas de crédito Mastercard GNB · QR desde la app Banco GNB Personas (20% base + 5% adicional),"25% de reintegro con QR desde la app Banco GNB Personas (20% base + 5% adicional). Tope de compra mensual compartido por cuenta entre todos los comercios adheridos a Bares y Restó (incluye titular y adicionales): Gs. 1.500.000. Reintegro máximo calculado al 25%: Gs. 375.000; no es un cupo adicional independiente. Pagos en POS adheridos a Bancard. No participan tarjetas de débito ni crédito Visa, Empresariales, Corporativas, Gift Card, Gourmet ni Prepagas. No aplica a plataformas de terceros (Pedidos Ya, Monchis, entre otros) ni e-commerce, salvo la excepción expresa del comercio indicada en esta ficha. No acumulable con otras promociones. Aplica a todas las sucursales de cada comercio adherido. El tope de compra se comparte entre todos los comercios de esta campaña, titular y adicionales; no se multiplica por local ni por método de pago. Reintegro en el extracto al cierre o visible en movimientos de la app. El 25% total es 20% base más 5% adicional, no dos beneficios acumulables independientes.",mastercard-gnb-qr,base,Mastercard · QR GNB,,,,
Jardín Urbano,Gastronomía,"20% de reintegro con tarjeta física, Apple Pay, Google Pay o QR (sin adicional de GNB Personas)","Miércoles, Jueves, Viernes, Sábado, Domingo",Desde 2026-01-02 hasta 2026-12-31,Todas las sucursales de Jardín Urbano. Ciudad indicada en las bases: Asunción.,Tope de compra mensual compartido por cuenta entre todos los comercios adheridos a Bares y Restó (incluye titular y adicionales): Gs. 1.500.000. Reintegro máximo calculado al 20%: Gs. 300.000; no es un cupo adicional independiente.,https://www.beneficiosbancognb.com.py/v2/beneficios/categorias/408,"Tarjetas de crédito Mastercard GNB · tarjeta física, Apple Pay, Google Pay o QR (sin adicional de GNB Personas)","20% de reintegro con tarjeta física, Apple Pay, Google Pay o QR (sin adicional de GNB Personas). Tope de compra mensual compartido por cuenta entre todos los comercios adheridos a Bares y Restó (incluye titular y adicionales): Gs. 1.500.000. Reintegro máximo calculado al 20%: Gs. 300.000; no es un cupo adicional independiente. Pagos en POS adheridos a Bancard. No participan tarjetas de débito ni crédito Visa, Empresariales, Corporativas, Gift Card, Gourmet ni Prepagas. No aplica a plataformas de terceros (Pedidos Ya, Monchis, entre otros) ni e-commerce, salvo la excepción expresa del comercio indicada en esta ficha. No acumulable con otras promociones. Aplica a todas las sucursales de cada comercio adherido. El tope de compra se comparte entre todos los comercios de esta campaña, titular y adicionales; no se multiplica por local ni por método de pago. Reintegro en el extracto al cierre o visible en movimientos de la app. El 25% total es 20% base más 5% adicional, no dos beneficios acumulables independientes.",mastercard-standard,base,Mastercard,,,,
Jardín Urbano,Gastronomía,25% de reintegro con QR desde la app Banco GNB Personas (20% base + 5% adicional),"Miércoles, Jueves, Viernes, Sábado, Domingo",Desde 2026-01-02 hasta 2026-12-31,Todas las sucursales de Jardín Urbano. Ciudad indicada en las bases: Asunción.,Tope de compra mensual compartido por cuenta entre todos los comercios adheridos a Bares y Restó (incluye titular y adicionales): Gs. 1.500.000. Reintegro máximo calculado al 25%: Gs. 375.000; no es un cupo adicional independiente.,https://www.beneficiosbancognb.com.py/v2/beneficios/categorias/408,Tarjetas de crédito Mastercard GNB · QR desde la app Banco GNB Personas (20% base + 5% adicional),"25% de reintegro con QR desde la app Banco GNB Personas (20% base + 5% adicional). Tope de compra mensual compartido por cuenta entre todos los comercios adheridos a Bares y Restó (incluye titular y adicionales): Gs. 1.500.000. Reintegro máximo calculado al 25%: Gs. 375.000; no es un cupo adicional independiente. Pagos en POS adheridos a Bancard. No participan tarjetas de débito ni crédito Visa, Empresariales, Corporativas, Gift Card, Gourmet ni Prepagas. No aplica a plataformas de terceros (Pedidos Ya, Monchis, entre otros) ni e-commerce, salvo la excepción expresa del comercio indicada en esta ficha. No acumulable con otras promociones. Aplica a todas las sucursales de cada comercio adherido. El tope de compra se comparte entre todos los comercios de esta campaña, titular y adicionales; no se multiplica por local ni por método de pago. Reintegro en el extracto al cierre o visible en movimientos de la app. El 25% total es 20% base más 5% adicional, no dos beneficios acumulables independientes.",mastercard-gnb-qr,base,Mastercard · QR GNB,,,,
La Cabra Sport Bar,Gastronomía,"20% de reintegro con tarjeta física, Apple Pay, Google Pay o QR (sin adicional de GNB Personas)","Miércoles, Jueves, Viernes, Sábado, Domingo",Desde 2026-01-02 hasta 2026-12-31,Todas las sucursales de La Cabra Sport Bar. Ciudad indicada en las bases: Asunción.,Tope de compra mensual compartido por cuenta entre todos los comercios adheridos a Bares y Restó (incluye titular y adicionales): Gs. 1.500.000. Reintegro máximo calculado al 20%: Gs. 300.000; no es un cupo adicional independiente.,https://www.beneficiosbancognb.com.py/v2/beneficios/categorias/408,"Tarjetas de crédito Mastercard GNB · tarjeta física, Apple Pay, Google Pay o QR (sin adicional de GNB Personas)","20% de reintegro con tarjeta física, Apple Pay, Google Pay o QR (sin adicional de GNB Personas). Tope de compra mensual compartido por cuenta entre todos los comercios adheridos a Bares y Restó (incluye titular y adicionales): Gs. 1.500.000. Reintegro máximo calculado al 20%: Gs. 300.000; no es un cupo adicional independiente. Pagos en POS adheridos a Bancard. No participan tarjetas de débito ni crédito Visa, Empresariales, Corporativas, Gift Card, Gourmet ni Prepagas. No aplica a plataformas de terceros (Pedidos Ya, Monchis, entre otros) ni e-commerce, salvo la excepción expresa del comercio indicada en esta ficha. No acumulable con otras promociones. Aplica a todas las sucursales de cada comercio adherido. El tope de compra se comparte entre todos los comercios de esta campaña, titular y adicionales; no se multiplica por local ni por método de pago. Reintegro en el extracto al cierre o visible en movimientos de la app. El 25% total es 20% base más 5% adicional, no dos beneficios acumulables independientes.",mastercard-standard,base,Mastercard,,,,
La Cabra Sport Bar,Gastronomía,25% de reintegro con QR desde la app Banco GNB Personas (20% base + 5% adicional),"Miércoles, Jueves, Viernes, Sábado, Domingo",Desde 2026-01-02 hasta 2026-12-31,Todas las sucursales de La Cabra Sport Bar. Ciudad indicada en las bases: Asunción.,Tope de compra mensual compartido por cuenta entre todos los comercios adheridos a Bares y Restó (incluye titular y adicionales): Gs. 1.500.000. Reintegro máximo calculado al 25%: Gs. 375.000; no es un cupo adicional independiente.,https://www.beneficiosbancognb.com.py/v2/beneficios/categorias/408,Tarjetas de crédito Mastercard GNB · QR desde la app Banco GNB Personas (20% base + 5% adicional),"25% de reintegro con QR desde la app Banco GNB Personas (20% base + 5% adicional). Tope de compra mensual compartido por cuenta entre todos los comercios adheridos a Bares y Restó (incluye titular y adicionales): Gs. 1.500.000. Reintegro máximo calculado al 25%: Gs. 375.000; no es un cupo adicional independiente. Pagos en POS adheridos a Bancard. No participan tarjetas de débito ni crédito Visa, Empresariales, Corporativas, Gift Card, Gourmet ni Prepagas. No aplica a plataformas de terceros (Pedidos Ya, Monchis, entre otros) ni e-commerce, salvo la excepción expresa del comercio indicada en esta ficha. No acumulable con otras promociones. Aplica a todas las sucursales de cada comercio adherido. El tope de compra se comparte entre todos los comercios de esta campaña, titular y adicionales; no se multiplica por local ni por método de pago. Reintegro en el extracto al cierre o visible en movimientos de la app. El 25% total es 20% base más 5% adicional, no dos beneficios acumulables independientes.",mastercard-gnb-qr,base,Mastercard · QR GNB,,,,
Los López Bar de Río,Gastronomía,"20% de reintegro con tarjeta física, Apple Pay, Google Pay o QR (sin adicional de GNB Personas)","Miércoles, Jueves, Viernes, Sábado, Domingo",Desde 2026-01-02 hasta 2026-12-31,Todas las sucursales de Los López Bar de Río. Ciudad indicada en las bases: Asunción.,Tope de compra mensual compartido por cuenta entre todos los comercios adheridos a Bares y Restó (incluye titular y adicionales): Gs. 1.500.000. Reintegro máximo calculado al 20%: Gs. 300.000; no es un cupo adicional independiente.,https://www.beneficiosbancognb.com.py/v2/beneficios/categorias/408,"Tarjetas de crédito Mastercard GNB · tarjeta física, Apple Pay, Google Pay o QR (sin adicional de GNB Personas)","20% de reintegro con tarjeta física, Apple Pay, Google Pay o QR (sin adicional de GNB Personas). Tope de compra mensual compartido por cuenta entre todos los comercios adheridos a Bares y Restó (incluye titular y adicionales): Gs. 1.500.000. Reintegro máximo calculado al 20%: Gs. 300.000; no es un cupo adicional independiente. Pagos en POS adheridos a Bancard. No participan tarjetas de débito ni crédito Visa, Empresariales, Corporativas, Gift Card, Gourmet ni Prepagas. No aplica a plataformas de terceros (Pedidos Ya, Monchis, entre otros) ni e-commerce, salvo la excepción expresa del comercio indicada en esta ficha. No acumulable con otras promociones. Aplica a todas las sucursales de cada comercio adherido. El tope de compra se comparte entre todos los comercios de esta campaña, titular y adicionales; no se multiplica por local ni por método de pago. Reintegro en el extracto al cierre o visible en movimientos de la app. El 25% total es 20% base más 5% adicional, no dos beneficios acumulables independientes.",mastercard-standard,base,Mastercard,,,,
Los López Bar de Río,Gastronomía,25% de reintegro con QR desde la app Banco GNB Personas (20% base + 5% adicional),"Miércoles, Jueves, Viernes, Sábado, Domingo",Desde 2026-01-02 hasta 2026-12-31,Todas las sucursales de Los López Bar de Río. Ciudad indicada en las bases: Asunción.,Tope de compra mensual compartido por cuenta entre todos los comercios adheridos a Bares y Restó (incluye titular y adicionales): Gs. 1.500.000. Reintegro máximo calculado al 25%: Gs. 375.000; no es un cupo adicional independiente.,https://www.beneficiosbancognb.com.py/v2/beneficios/categorias/408,Tarjetas de crédito Mastercard GNB · QR desde la app Banco GNB Personas (20% base + 5% adicional),"25% de reintegro con QR desde la app Banco GNB Personas (20% base + 5% adicional). Tope de compra mensual compartido por cuenta entre todos los comercios adheridos a Bares y Restó (incluye titular y adicionales): Gs. 1.500.000. Reintegro máximo calculado al 25%: Gs. 375.000; no es un cupo adicional independiente. Pagos en POS adheridos a Bancard. No participan tarjetas de débito ni crédito Visa, Empresariales, Corporativas, Gift Card, Gourmet ni Prepagas. No aplica a plataformas de terceros (Pedidos Ya, Monchis, entre otros) ni e-commerce, salvo la excepción expresa del comercio indicada en esta ficha. No acumulable con otras promociones. Aplica a todas las sucursales de cada comercio adherido. El tope de compra se comparte entre todos los comercios de esta campaña, titular y adicionales; no se multiplica por local ni por método de pago. Reintegro en el extracto al cierre o visible en movimientos de la app. El 25% total es 20% base más 5% adicional, no dos beneficios acumulables independientes.",mastercard-gnb-qr,base,Mastercard · QR GNB,,,,
OLA POKE,Gastronomía,"20% de reintegro con tarjeta física, Apple Pay, Google Pay o QR (sin adicional de GNB Personas)","Miércoles, Jueves, Viernes, Sábado, Domingo",Desde 2026-06-30 hasta 2026-12-31,Todas las sucursales de OLA POKE. Ciudad indicada en las bases: Asunción.,Tope de compra mensual compartido por cuenta entre todos los comercios adheridos a Bares y Restó (incluye titular y adicionales): Gs. 1.500.000. Reintegro máximo calculado al 20%: Gs. 300.000; no es un cupo adicional independiente.,https://www.beneficiosbancognb.com.py/v2/beneficios/categorias/408,"Tarjetas de crédito Mastercard GNB · tarjeta física, Apple Pay, Google Pay o QR (sin adicional de GNB Personas)","20% de reintegro con tarjeta física, Apple Pay, Google Pay o QR (sin adicional de GNB Personas). Tope de compra mensual compartido por cuenta entre todos los comercios adheridos a Bares y Restó (incluye titular y adicionales): Gs. 1.500.000. Reintegro máximo calculado al 20%: Gs. 300.000; no es un cupo adicional independiente. Pagos en POS adheridos a Bancard. No participan tarjetas de débito ni crédito Visa, Empresariales, Corporativas, Gift Card, Gourmet ni Prepagas. No aplica a plataformas de terceros (Pedidos Ya, Monchis, entre otros) ni e-commerce, salvo la excepción expresa del comercio indicada en esta ficha. No acumulable con otras promociones. Aplica a todas las sucursales de cada comercio adherido. El tope de compra se comparte entre todos los comercios de esta campaña, titular y adicionales; no se multiplica por local ni por método de pago. Reintegro en el extracto al cierre o visible en movimientos de la app. El 25% total es 20% base más 5% adicional, no dos beneficios acumulables independientes. Excepción expresa: también aplica a pagos vía web del comercio.",mastercard-standard,base,Mastercard,,,,
OLA POKE,Gastronomía,25% de reintegro con QR desde la app Banco GNB Personas (20% base + 5% adicional),"Miércoles, Jueves, Viernes, Sábado, Domingo",Desde 2026-06-30 hasta 2026-12-31,Todas las sucursales de OLA POKE. Ciudad indicada en las bases: Asunción.,Tope de compra mensual compartido por cuenta entre todos los comercios adheridos a Bares y Restó (incluye titular y adicionales): Gs. 1.500.000. Reintegro máximo calculado al 25%: Gs. 375.000; no es un cupo adicional independiente.,https://www.beneficiosbancognb.com.py/v2/beneficios/categorias/408,Tarjetas de crédito Mastercard GNB · QR desde la app Banco GNB Personas (20% base + 5% adicional),"25% de reintegro con QR desde la app Banco GNB Personas (20% base + 5% adicional). Tope de compra mensual compartido por cuenta entre todos los comercios adheridos a Bares y Restó (incluye titular y adicionales): Gs. 1.500.000. Reintegro máximo calculado al 25%: Gs. 375.000; no es un cupo adicional independiente. Pagos en POS adheridos a Bancard. No participan tarjetas de débito ni crédito Visa, Empresariales, Corporativas, Gift Card, Gourmet ni Prepagas. No aplica a plataformas de terceros (Pedidos Ya, Monchis, entre otros) ni e-commerce, salvo la excepción expresa del comercio indicada en esta ficha. No acumulable con otras promociones. Aplica a todas las sucursales de cada comercio adherido. El tope de compra se comparte entre todos los comercios de esta campaña, titular y adicionales; no se multiplica por local ni por método de pago. Reintegro en el extracto al cierre o visible en movimientos de la app. El 25% total es 20% base más 5% adicional, no dos beneficios acumulables independientes. Excepción expresa: también aplica a pagos vía web del comercio.",mastercard-gnb-qr,base,Mastercard · QR GNB,,,,
Patio Colonial,Gastronomía,"20% de reintegro con tarjeta física, Apple Pay, Google Pay o QR (sin adicional de GNB Personas)","Miércoles, Jueves, Viernes, Sábado, Domingo",Desde 2026-01-02 hasta 2026-12-31,Todas las sucursales de Patio Colonial. Ciudad indicada en las bases: Asunción.,Tope de compra mensual compartido por cuenta entre todos los comercios adheridos a Bares y Restó (incluye titular y adicionales): Gs. 1.500.000. Reintegro máximo calculado al 20%: Gs. 300.000; no es un cupo adicional independiente.,https://www.beneficiosbancognb.com.py/v2/beneficios/categorias/408,"Tarjetas de crédito Mastercard GNB · tarjeta física, Apple Pay, Google Pay o QR (sin adicional de GNB Personas)","20% de reintegro con tarjeta física, Apple Pay, Google Pay o QR (sin adicional de GNB Personas). Tope de compra mensual compartido por cuenta entre todos los comercios adheridos a Bares y Restó (incluye titular y adicionales): Gs. 1.500.000. Reintegro máximo calculado al 20%: Gs. 300.000; no es un cupo adicional independiente. Pagos en POS adheridos a Bancard. No participan tarjetas de débito ni crédito Visa, Empresariales, Corporativas, Gift Card, Gourmet ni Prepagas. No aplica a plataformas de terceros (Pedidos Ya, Monchis, entre otros) ni e-commerce, salvo la excepción expresa del comercio indicada en esta ficha. No acumulable con otras promociones. Aplica a todas las sucursales de cada comercio adherido. El tope de compra se comparte entre todos los comercios de esta campaña, titular y adicionales; no se multiplica por local ni por método de pago. Reintegro en el extracto al cierre o visible en movimientos de la app. El 25% total es 20% base más 5% adicional, no dos beneficios acumulables independientes.",mastercard-standard,base,Mastercard,,,,
Patio Colonial,Gastronomía,25% de reintegro con QR desde la app Banco GNB Personas (20% base + 5% adicional),"Miércoles, Jueves, Viernes, Sábado, Domingo",Desde 2026-01-02 hasta 2026-12-31,Todas las sucursales de Patio Colonial. Ciudad indicada en las bases: Asunción.,Tope de compra mensual compartido por cuenta entre todos los comercios adheridos a Bares y Restó (incluye titular y adicionales): Gs. 1.500.000. Reintegro máximo calculado al 25%: Gs. 375.000; no es un cupo adicional independiente.,https://www.beneficiosbancognb.com.py/v2/beneficios/categorias/408,Tarjetas de crédito Mastercard GNB · QR desde la app Banco GNB Personas (20% base + 5% adicional),"25% de reintegro con QR desde la app Banco GNB Personas (20% base + 5% adicional). Tope de compra mensual compartido por cuenta entre todos los comercios adheridos a Bares y Restó (incluye titular y adicionales): Gs. 1.500.000. Reintegro máximo calculado al 25%: Gs. 375.000; no es un cupo adicional independiente. Pagos en POS adheridos a Bancard. No participan tarjetas de débito ni crédito Visa, Empresariales, Corporativas, Gift Card, Gourmet ni Prepagas. No aplica a plataformas de terceros (Pedidos Ya, Monchis, entre otros) ni e-commerce, salvo la excepción expresa del comercio indicada en esta ficha. No acumulable con otras promociones. Aplica a todas las sucursales de cada comercio adherido. El tope de compra se comparte entre todos los comercios de esta campaña, titular y adicionales; no se multiplica por local ni por método de pago. Reintegro en el extracto al cierre o visible en movimientos de la app. El 25% total es 20% base más 5% adicional, no dos beneficios acumulables independientes.",mastercard-gnb-qr,base,Mastercard · QR GNB,,,,
Pira Sushi,Gastronomía,"20% de reintegro con tarjeta física, Apple Pay, Google Pay o QR (sin adicional de GNB Personas)","Miércoles, Jueves, Viernes, Sábado, Domingo",Desde 2026-01-02 hasta 2026-12-31,Todas las sucursales de Pira Sushi. Ciudad indicada en las bases: Asunción.,Tope de compra mensual compartido por cuenta entre todos los comercios adheridos a Bares y Restó (incluye titular y adicionales): Gs. 1.500.000. Reintegro máximo calculado al 20%: Gs. 300.000; no es un cupo adicional independiente.,https://www.beneficiosbancognb.com.py/v2/beneficios/categorias/408,"Tarjetas de crédito Mastercard GNB · tarjeta física, Apple Pay, Google Pay o QR (sin adicional de GNB Personas)","20% de reintegro con tarjeta física, Apple Pay, Google Pay o QR (sin adicional de GNB Personas). Tope de compra mensual compartido por cuenta entre todos los comercios adheridos a Bares y Restó (incluye titular y adicionales): Gs. 1.500.000. Reintegro máximo calculado al 20%: Gs. 300.000; no es un cupo adicional independiente. Pagos en POS adheridos a Bancard. No participan tarjetas de débito ni crédito Visa, Empresariales, Corporativas, Gift Card, Gourmet ni Prepagas. No aplica a plataformas de terceros (Pedidos Ya, Monchis, entre otros) ni e-commerce, salvo la excepción expresa del comercio indicada en esta ficha. No acumulable con otras promociones. Aplica a todas las sucursales de cada comercio adherido. El tope de compra se comparte entre todos los comercios de esta campaña, titular y adicionales; no se multiplica por local ni por método de pago. Reintegro en el extracto al cierre o visible en movimientos de la app. El 25% total es 20% base más 5% adicional, no dos beneficios acumulables independientes.",mastercard-standard,base,Mastercard,,,,
Pira Sushi,Gastronomía,25% de reintegro con QR desde la app Banco GNB Personas (20% base + 5% adicional),"Miércoles, Jueves, Viernes, Sábado, Domingo",Desde 2026-01-02 hasta 2026-12-31,Todas las sucursales de Pira Sushi. Ciudad indicada en las bases: Asunción.,Tope de compra mensual compartido por cuenta entre todos los comercios adheridos a Bares y Restó (incluye titular y adicionales): Gs. 1.500.000. Reintegro máximo calculado al 25%: Gs. 375.000; no es un cupo adicional independiente.,https://www.beneficiosbancognb.com.py/v2/beneficios/categorias/408,Tarjetas de crédito Mastercard GNB · QR desde la app Banco GNB Personas (20% base + 5% adicional),"25% de reintegro con QR desde la app Banco GNB Personas (20% base + 5% adicional). Tope de compra mensual compartido por cuenta entre todos los comercios adheridos a Bares y Restó (incluye titular y adicionales): Gs. 1.500.000. Reintegro máximo calculado al 25%: Gs. 375.000; no es un cupo adicional independiente. Pagos en POS adheridos a Bancard. No participan tarjetas de débito ni crédito Visa, Empresariales, Corporativas, Gift Card, Gourmet ni Prepagas. No aplica a plataformas de terceros (Pedidos Ya, Monchis, entre otros) ni e-commerce, salvo la excepción expresa del comercio indicada en esta ficha. No acumulable con otras promociones. Aplica a todas las sucursales de cada comercio adherido. El tope de compra se comparte entre todos los comercios de esta campaña, titular y adicionales; no se multiplica por local ni por método de pago. Reintegro en el extracto al cierre o visible en movimientos de la app. El 25% total es 20% base más 5% adicional, no dos beneficios acumulables independientes.",mastercard-gnb-qr,base,Mastercard · QR GNB,,,,
Pizzería Popular,Gastronomía,"20% de reintegro con tarjeta física, Apple Pay, Google Pay o QR (sin adicional de GNB Personas)","Miércoles, Jueves, Viernes, Sábado, Domingo",Desde 2026-01-02 hasta 2026-12-31,Todas las sucursales de Pizzería Popular. Ciudad indicada en las bases: Asunción.,Tope de compra mensual compartido por cuenta entre todos los comercios adheridos a Bares y Restó (incluye titular y adicionales): Gs. 1.500.000. Reintegro máximo calculado al 20%: Gs. 300.000; no es un cupo adicional independiente.,https://www.beneficiosbancognb.com.py/v2/beneficios/categorias/408,"Tarjetas de crédito Mastercard GNB · tarjeta física, Apple Pay, Google Pay o QR (sin adicional de GNB Personas)","20% de reintegro con tarjeta física, Apple Pay, Google Pay o QR (sin adicional de GNB Personas). Tope de compra mensual compartido por cuenta entre todos los comercios adheridos a Bares y Restó (incluye titular y adicionales): Gs. 1.500.000. Reintegro máximo calculado al 20%: Gs. 300.000; no es un cupo adicional independiente. Pagos en POS adheridos a Bancard. No participan tarjetas de débito ni crédito Visa, Empresariales, Corporativas, Gift Card, Gourmet ni Prepagas. No aplica a plataformas de terceros (Pedidos Ya, Monchis, entre otros) ni e-commerce, salvo la excepción expresa del comercio indicada en esta ficha. No acumulable con otras promociones. Aplica a todas las sucursales de cada comercio adherido. El tope de compra se comparte entre todos los comercios de esta campaña, titular y adicionales; no se multiplica por local ni por método de pago. Reintegro en el extracto al cierre o visible en movimientos de la app. El 25% total es 20% base más 5% adicional, no dos beneficios acumulables independientes.",mastercard-standard,base,Mastercard,,,,
Pizzería Popular,Gastronomía,25% de reintegro con QR desde la app Banco GNB Personas (20% base + 5% adicional),"Miércoles, Jueves, Viernes, Sábado, Domingo",Desde 2026-01-02 hasta 2026-12-31,Todas las sucursales de Pizzería Popular. Ciudad indicada en las bases: Asunción.,Tope de compra mensual compartido por cuenta entre todos los comercios adheridos a Bares y Restó (incluye titular y adicionales): Gs. 1.500.000. Reintegro máximo calculado al 25%: Gs. 375.000; no es un cupo adicional independiente.,https://www.beneficiosbancognb.com.py/v2/beneficios/categorias/408,Tarjetas de crédito Mastercard GNB · QR desde la app Banco GNB Personas (20% base + 5% adicional),"25% de reintegro con QR desde la app Banco GNB Personas (20% base + 5% adicional). Tope de compra mensual compartido por cuenta entre todos los comercios adheridos a Bares y Restó (incluye titular y adicionales): Gs. 1.500.000. Reintegro máximo calculado al 25%: Gs. 375.000; no es un cupo adicional independiente. Pagos en POS adheridos a Bancard. No participan tarjetas de débito ni crédito Visa, Empresariales, Corporativas, Gift Card, Gourmet ni Prepagas. No aplica a plataformas de terceros (Pedidos Ya, Monchis, entre otros) ni e-commerce, salvo la excepción expresa del comercio indicada en esta ficha. No acumulable con otras promociones. Aplica a todas las sucursales de cada comercio adherido. El tope de compra se comparte entre todos los comercios de esta campaña, titular y adicionales; no se multiplica por local ni por método de pago. Reintegro en el extracto al cierre o visible en movimientos de la app. El 25% total es 20% base más 5% adicional, no dos beneficios acumulables independientes.",mastercard-gnb-qr,base,Mastercard · QR GNB,,,,
Pulcinella,Gastronomía,"20% de reintegro con tarjeta física, Apple Pay, Google Pay o QR (sin adicional de GNB Personas)","Miércoles, Jueves, Viernes, Sábado, Domingo",Desde 2026-01-02 hasta 2026-12-31,Todas las sucursales de Pulcinella. Ciudad indicada en las bases: Asunción.,Tope de compra mensual compartido por cuenta entre todos los comercios adheridos a Bares y Restó (incluye titular y adicionales): Gs. 1.500.000. Reintegro máximo calculado al 20%: Gs. 300.000; no es un cupo adicional independiente.,https://www.beneficiosbancognb.com.py/v2/beneficios/categorias/408,"Tarjetas de crédito Mastercard GNB · tarjeta física, Apple Pay, Google Pay o QR (sin adicional de GNB Personas)","20% de reintegro con tarjeta física, Apple Pay, Google Pay o QR (sin adicional de GNB Personas). Tope de compra mensual compartido por cuenta entre todos los comercios adheridos a Bares y Restó (incluye titular y adicionales): Gs. 1.500.000. Reintegro máximo calculado al 20%: Gs. 300.000; no es un cupo adicional independiente. Pagos en POS adheridos a Bancard. No participan tarjetas de débito ni crédito Visa, Empresariales, Corporativas, Gift Card, Gourmet ni Prepagas. No aplica a plataformas de terceros (Pedidos Ya, Monchis, entre otros) ni e-commerce, salvo la excepción expresa del comercio indicada en esta ficha. No acumulable con otras promociones. Aplica a todas las sucursales de cada comercio adherido. El tope de compra se comparte entre todos los comercios de esta campaña, titular y adicionales; no se multiplica por local ni por método de pago. Reintegro en el extracto al cierre o visible en movimientos de la app. El 25% total es 20% base más 5% adicional, no dos beneficios acumulables independientes.",mastercard-standard,base,Mastercard,,,,
Pulcinella,Gastronomía,25% de reintegro con QR desde la app Banco GNB Personas (20% base + 5% adicional),"Miércoles, Jueves, Viernes, Sábado, Domingo",Desde 2026-01-02 hasta 2026-12-31,Todas las sucursales de Pulcinella. Ciudad indicada en las bases: Asunción.,Tope de compra mensual compartido por cuenta entre todos los comercios adheridos a Bares y Restó (incluye titular y adicionales): Gs. 1.500.000. Reintegro máximo calculado al 25%: Gs. 375.000; no es un cupo adicional independiente.,https://www.beneficiosbancognb.com.py/v2/beneficios/categorias/408,Tarjetas de crédito Mastercard GNB · QR desde la app Banco GNB Personas (20% base + 5% adicional),"25% de reintegro con QR desde la app Banco GNB Personas (20% base + 5% adicional). Tope de compra mensual compartido por cuenta entre todos los comercios adheridos a Bares y Restó (incluye titular y adicionales): Gs. 1.500.000. Reintegro máximo calculado al 25%: Gs. 375.000; no es un cupo adicional independiente. Pagos en POS adheridos a Bancard. No participan tarjetas de débito ni crédito Visa, Empresariales, Corporativas, Gift Card, Gourmet ni Prepagas. No aplica a plataformas de terceros (Pedidos Ya, Monchis, entre otros) ni e-commerce, salvo la excepción expresa del comercio indicada en esta ficha. No acumulable con otras promociones. Aplica a todas las sucursales de cada comercio adherido. El tope de compra se comparte entre todos los comercios de esta campaña, titular y adicionales; no se multiplica por local ni por método de pago. Reintegro en el extracto al cierre o visible en movimientos de la app. El 25% total es 20% base más 5% adicional, no dos beneficios acumulables independientes.",mastercard-gnb-qr,base,Mastercard · QR GNB,,,,
Terra Alta,Gastronomía,"20% de reintegro con tarjeta física, Apple Pay, Google Pay o QR (sin adicional de GNB Personas)","Miércoles, Jueves, Viernes, Sábado, Domingo",Desde 2026-01-02 hasta 2026-12-31,Todas las sucursales de Terra Alta. Ciudad indicada en las bases: Asunción.,Tope de compra mensual compartido por cuenta entre todos los comercios adheridos a Bares y Restó (incluye titular y adicionales): Gs. 1.500.000. Reintegro máximo calculado al 20%: Gs. 300.000; no es un cupo adicional independiente.,https://www.beneficiosbancognb.com.py/v2/beneficios/categorias/408,"Tarjetas de crédito Mastercard GNB · tarjeta física, Apple Pay, Google Pay o QR (sin adicional de GNB Personas)","20% de reintegro con tarjeta física, Apple Pay, Google Pay o QR (sin adicional de GNB Personas). Tope de compra mensual compartido por cuenta entre todos los comercios adheridos a Bares y Restó (incluye titular y adicionales): Gs. 1.500.000. Reintegro máximo calculado al 20%: Gs. 300.000; no es un cupo adicional independiente. Pagos en POS adheridos a Bancard. No participan tarjetas de débito ni crédito Visa, Empresariales, Corporativas, Gift Card, Gourmet ni Prepagas. No aplica a plataformas de terceros (Pedidos Ya, Monchis, entre otros) ni e-commerce, salvo la excepción expresa del comercio indicada en esta ficha. No acumulable con otras promociones. Aplica a todas las sucursales de cada comercio adherido. El tope de compra se comparte entre todos los comercios de esta campaña, titular y adicionales; no se multiplica por local ni por método de pago. Reintegro en el extracto al cierre o visible en movimientos de la app. El 25% total es 20% base más 5% adicional, no dos beneficios acumulables independientes.",mastercard-standard,base,Mastercard,,,,
Terra Alta,Gastronomía,25% de reintegro con QR desde la app Banco GNB Personas (20% base + 5% adicional),"Miércoles, Jueves, Viernes, Sábado, Domingo",Desde 2026-01-02 hasta 2026-12-31,Todas las sucursales de Terra Alta. Ciudad indicada en las bases: Asunción.,Tope de compra mensual compartido por cuenta entre todos los comercios adheridos a Bares y Restó (incluye titular y adicionales): Gs. 1.500.000. Reintegro máximo calculado al 25%: Gs. 375.000; no es un cupo adicional independiente.,https://www.beneficiosbancognb.com.py/v2/beneficios/categorias/408,Tarjetas de crédito Mastercard GNB · QR desde la app Banco GNB Personas (20% base + 5% adicional),"25% de reintegro con QR desde la app Banco GNB Personas (20% base + 5% adicional). Tope de compra mensual compartido por cuenta entre todos los comercios adheridos a Bares y Restó (incluye titular y adicionales): Gs. 1.500.000. Reintegro máximo calculado al 25%: Gs. 375.000; no es un cupo adicional independiente. Pagos en POS adheridos a Bancard. No participan tarjetas de débito ni crédito Visa, Empresariales, Corporativas, Gift Card, Gourmet ni Prepagas. No aplica a plataformas de terceros (Pedidos Ya, Monchis, entre otros) ni e-commerce, salvo la excepción expresa del comercio indicada en esta ficha. No acumulable con otras promociones. Aplica a todas las sucursales de cada comercio adherido. El tope de compra se comparte entre todos los comercios de esta campaña, titular y adicionales; no se multiplica por local ni por método de pago. Reintegro en el extracto al cierre o visible en movimientos de la app. El 25% total es 20% base más 5% adicional, no dos beneficios acumulables independientes.",mastercard-gnb-qr,base,Mastercard · QR GNB,,,,
Unaghi Sushi,Gastronomía,"20% de reintegro con tarjeta física, Apple Pay, Google Pay o QR (sin adicional de GNB Personas)","Miércoles, Jueves, Viernes, Sábado, Domingo",Desde 2026-01-02 hasta 2026-12-31,Todas las sucursales de Unaghi Sushi. Ciudad indicada en las bases: Asunción.,Tope de compra mensual compartido por cuenta entre todos los comercios adheridos a Bares y Restó (incluye titular y adicionales): Gs. 1.500.000. Reintegro máximo calculado al 20%: Gs. 300.000; no es un cupo adicional independiente.,https://www.beneficiosbancognb.com.py/v2/beneficios/categorias/408,"Tarjetas de crédito Mastercard GNB · tarjeta física, Apple Pay, Google Pay o QR (sin adicional de GNB Personas)","20% de reintegro con tarjeta física, Apple Pay, Google Pay o QR (sin adicional de GNB Personas). Tope de compra mensual compartido por cuenta entre todos los comercios adheridos a Bares y Restó (incluye titular y adicionales): Gs. 1.500.000. Reintegro máximo calculado al 20%: Gs. 300.000; no es un cupo adicional independiente. Pagos en POS adheridos a Bancard. No participan tarjetas de débito ni crédito Visa, Empresariales, Corporativas, Gift Card, Gourmet ni Prepagas. No aplica a plataformas de terceros (Pedidos Ya, Monchis, entre otros) ni e-commerce, salvo la excepción expresa del comercio indicada en esta ficha. No acumulable con otras promociones. Aplica a todas las sucursales de cada comercio adherido. El tope de compra se comparte entre todos los comercios de esta campaña, titular y adicionales; no se multiplica por local ni por método de pago. Reintegro en el extracto al cierre o visible en movimientos de la app. El 25% total es 20% base más 5% adicional, no dos beneficios acumulables independientes.",mastercard-standard,base,Mastercard,,,,
Unaghi Sushi,Gastronomía,25% de reintegro con QR desde la app Banco GNB Personas (20% base + 5% adicional),"Miércoles, Jueves, Viernes, Sábado, Domingo",Desde 2026-01-02 hasta 2026-12-31,Todas las sucursales de Unaghi Sushi. Ciudad indicada en las bases: Asunción.,Tope de compra mensual compartido por cuenta entre todos los comercios adheridos a Bares y Restó (incluye titular y adicionales): Gs. 1.500.000. Reintegro máximo calculado al 25%: Gs. 375.000; no es un cupo adicional independiente.,https://www.beneficiosbancognb.com.py/v2/beneficios/categorias/408,Tarjetas de crédito Mastercard GNB · QR desde la app Banco GNB Personas (20% base + 5% adicional),"25% de reintegro con QR desde la app Banco GNB Personas (20% base + 5% adicional). Tope de compra mensual compartido por cuenta entre todos los comercios adheridos a Bares y Restó (incluye titular y adicionales): Gs. 1.500.000. Reintegro máximo calculado al 25%: Gs. 375.000; no es un cupo adicional independiente. Pagos en POS adheridos a Bancard. No participan tarjetas de débito ni crédito Visa, Empresariales, Corporativas, Gift Card, Gourmet ni Prepagas. No aplica a plataformas de terceros (Pedidos Ya, Monchis, entre otros) ni e-commerce, salvo la excepción expresa del comercio indicada en esta ficha. No acumulable con otras promociones. Aplica a todas las sucursales de cada comercio adherido. El tope de compra se comparte entre todos los comercios de esta campaña, titular y adicionales; no se multiplica por local ni por método de pago. Reintegro en el extracto al cierre o visible en movimientos de la app. El 25% total es 20% base más 5% adicional, no dos beneficios acumulables independientes.",mastercard-gnb-qr,base,Mastercard · QR GNB,,,,
Honorio Bar,Gastronomía,"20% de reintegro con tarjeta física, Apple Pay, Google Pay o QR (sin adicional de GNB Personas)","Miércoles, Jueves, Viernes, Sábado, Domingo",Desde 2026-01-02 hasta 2026-12-31,Todas las sucursales de Honorio Bar. Ciudad indicada en las bases: Encarnación.,Tope de compra mensual compartido por cuenta entre todos los comercios adheridos a Bares y Restó (incluye titular y adicionales): Gs. 1.500.000. Reintegro máximo calculado al 20%: Gs. 300.000; no es un cupo adicional independiente.,https://www.beneficiosbancognb.com.py/v2/beneficios/categorias/408,"Tarjetas de crédito Mastercard GNB · tarjeta física, Apple Pay, Google Pay o QR (sin adicional de GNB Personas)","20% de reintegro con tarjeta física, Apple Pay, Google Pay o QR (sin adicional de GNB Personas). Tope de compra mensual compartido por cuenta entre todos los comercios adheridos a Bares y Restó (incluye titular y adicionales): Gs. 1.500.000. Reintegro máximo calculado al 20%: Gs. 300.000; no es un cupo adicional independiente. Pagos en POS adheridos a Bancard. No participan tarjetas de débito ni crédito Visa, Empresariales, Corporativas, Gift Card, Gourmet ni Prepagas. No aplica a plataformas de terceros (Pedidos Ya, Monchis, entre otros) ni e-commerce, salvo la excepción expresa del comercio indicada en esta ficha. No acumulable con otras promociones. Aplica a todas las sucursales de cada comercio adherido. El tope de compra se comparte entre todos los comercios de esta campaña, titular y adicionales; no se multiplica por local ni por método de pago. Reintegro en el extracto al cierre o visible en movimientos de la app. El 25% total es 20% base más 5% adicional, no dos beneficios acumulables independientes.",mastercard-standard,base,Mastercard,,,,
Honorio Bar,Gastronomía,25% de reintegro con QR desde la app Banco GNB Personas (20% base + 5% adicional),"Miércoles, Jueves, Viernes, Sábado, Domingo",Desde 2026-01-02 hasta 2026-12-31,Todas las sucursales de Honorio Bar. Ciudad indicada en las bases: Encarnación.,Tope de compra mensual compartido por cuenta entre todos los comercios adheridos a Bares y Restó (incluye titular y adicionales): Gs. 1.500.000. Reintegro máximo calculado al 25%: Gs. 375.000; no es un cupo adicional independiente.,https://www.beneficiosbancognb.com.py/v2/beneficios/categorias/408,Tarjetas de crédito Mastercard GNB · QR desde la app Banco GNB Personas (20% base + 5% adicional),"25% de reintegro con QR desde la app Banco GNB Personas (20% base + 5% adicional). Tope de compra mensual compartido por cuenta entre todos los comercios adheridos a Bares y Restó (incluye titular y adicionales): Gs. 1.500.000. Reintegro máximo calculado al 25%: Gs. 375.000; no es un cupo adicional independiente. Pagos en POS adheridos a Bancard. No participan tarjetas de débito ni crédito Visa, Empresariales, Corporativas, Gift Card, Gourmet ni Prepagas. No aplica a plataformas de terceros (Pedidos Ya, Monchis, entre otros) ni e-commerce, salvo la excepción expresa del comercio indicada en esta ficha. No acumulable con otras promociones. Aplica a todas las sucursales de cada comercio adherido. El tope de compra se comparte entre todos los comercios de esta campaña, titular y adicionales; no se multiplica por local ni por método de pago. Reintegro en el extracto al cierre o visible en movimientos de la app. El 25% total es 20% base más 5% adicional, no dos beneficios acumulables independientes.",mastercard-gnb-qr,base,Mastercard · QR GNB,,,,
Baza,Hogar y construcción,Hasta 12 cuotas sin intereses,Todos los días,Desde 2026-01-05 hasta 2026-12-31,"Fidel Maíz esquina Osvaldo Chávez, Capiatá",Sin tope monetario indicado en las bases.,https://www.beneficiosbancognb.com.py/imagenes/4755_bases-y-condiciones-baza.pdf,"Tarjetas de crédito GNB Clásica, Oro, Experience, Black, Black Premier, Metalcard Premier, Platinum e Infinite","Hasta 12 cuotas sin intereses. Todos los días. Pagos con tarjeta física, Apple Pay, Google Pay o QR en POS Bancard. No participan tarjetas de débito, Empresariales, Corporativas, Gift Card, Gourmet ni Prepagas. Solicitar la cantidad de cuotas al pagar. No acumulable con otras promociones. Todos los días. Pagos con tarjeta física, Apple Pay, Google Pay o QR en POS Bancard. No participan tarjetas de débito, Empresariales, Corporativas, Gift Card, Gourmet ni Prepagas. Solicitar la cantidad de cuotas al pagar. No acumulable con otras promociones.",financing,base,Cuotas,,,,
Pandolfo,Hogar y construcción,Hasta 12 cuotas sin intereses,Todos los días,Desde 2026-01-05 hasta 2026-12-31,"Avda. Mariscal López c/ José Ocampos Lanzoni, Asunción; Av. Irrazábal c/ 14 de Mayo, Encarnación; Ruta 6 km 3,5, Encarnación; Dr. Juan León Mallorquín - Los Maizales, Santa Rita; Av. Mcal. López c/ Valois Rivarola, Ciudad del Este; Mcal. José Félix Estigarribia c/ Virgen de Fátima, San Lorenzo; Dr. José Gaspar Rodríguez de Francia - Calle 6 Zanja Pe, Campo 9; Ruta 7 c/ Av. Jacarandá, Nueva Esperanza; Tte. Sergio Martínez c/ Amanecer, San Ignacio; Ruta Nacional Gral. Aquino, Katueté; San José Obrero c/ Ruta 6, María Auxiliadora",Sin tope monetario indicado en las bases.,https://www.beneficiosbancognb.com.py/v2/beneficios/categorias/313,Tarjetas de crédito GNB,"Hasta 12 cuotas sin intereses. Todos los días. Pagos con tarjeta física, Apple Pay, Google Pay o QR en POS Bancard. No participan tarjetas de débito, Empresariales, Corporativas, Gift Card, Gourmet ni Prepagas. Solicitar la cantidad de cuotas al pagar. No acumulable con otras promociones. Todos los días. Pagos con tarjeta física, Apple Pay, Google Pay o QR en POS Bancard. No participan tarjetas de débito, Empresariales, Corporativas, Gift Card, Gourmet ni Prepagas. Solicitar la cantidad de cuotas al pagar. No acumulable con otras promociones.",financing,base,Cuotas,,,,
Municipalidad de Asunción,Servicios,Hasta 12 cuotas sin intereses para impuesto inmobiliario,Todos los días,Desde 2026-01-05 hasta 2026-12-31,Asunción,Sin tope monetario indicado en las bases.,https://www.beneficiosbancognb.com.py/v2/beneficios/categorias/73,Tarjetas de crédito GNB,"Hasta 12 cuotas sin intereses para impuesto inmobiliario. Todos los días. Pagos con tarjeta física, Apple Pay, Google Pay o QR en POS Bancard. No participan tarjetas de débito, Empresariales, Corporativas, Gift Card, Gourmet ni Prepagas. Solicitar la cantidad de cuotas al pagar. No acumulable con otras promociones. Todos los días. Pagos con tarjeta física, Apple Pay, Google Pay o QR en POS Bancard. No participan tarjetas de débito, Empresariales, Corporativas, Gift Card, Gourmet ni Prepagas. Solicitar la cantidad de cuotas al pagar. No acumulable con otras promociones.",financing,base,Cuotas,,,,
Municipalidad de Fernando de la Mora,Servicios,Hasta 12 cuotas sin intereses para impuesto inmobiliario,Todos los días,Desde 2026-01-05 hasta 2026-12-31,Fernando de la Mora,Sin tope monetario indicado en las bases.,https://www.beneficiosbancognb.com.py/v2/beneficios/categorias/73,Tarjetas de crédito GNB,"Hasta 12 cuotas sin intereses para impuesto inmobiliario. Todos los días. Pagos con tarjeta física, Apple Pay, Google Pay o QR en POS Bancard. No participan tarjetas de débito, Empresariales, Corporativas, Gift Card, Gourmet ni Prepagas. Solicitar la cantidad de cuotas al pagar. No acumulable con otras promociones. Todos los días. Pagos con tarjeta física, Apple Pay, Google Pay o QR en POS Bancard. No participan tarjetas de débito, Empresariales, Corporativas, Gift Card, Gourmet ni Prepagas. Solicitar la cantidad de cuotas al pagar. No acumulable con otras promociones.",financing,base,Cuotas,,,,
Municipalidad de Benjamín Aceval,Servicios,Hasta 12 cuotas sin intereses para impuesto inmobiliario,Todos los días,Desde 2026-01-05 hasta 2026-12-31,Benjamín Aceval,Sin tope monetario indicado en las bases.,https://www.beneficiosbancognb.com.py/v2/beneficios/categorias/73,Tarjetas de crédito GNB,"Hasta 12 cuotas sin intereses para impuesto inmobiliario. Todos los días. Pagos con tarjeta física, Apple Pay, Google Pay o QR en POS Bancard. No participan tarjetas de débito, Empresariales, Corporativas, Gift Card, Gourmet ni Prepagas. Solicitar la cantidad de cuotas al pagar. No acumulable con otras promociones. Todos los días. Pagos con tarjeta física, Apple Pay, Google Pay o QR en POS Bancard. No participan tarjetas de débito, Empresariales, Corporativas, Gift Card, Gourmet ni Prepagas. Solicitar la cantidad de cuotas al pagar. No acumulable con otras promociones.",financing,base,Cuotas,,,,
Municipalidad de Ciudad del Este,Servicios,Hasta 12 cuotas sin intereses para impuesto inmobiliario,Todos los días,Desde 2026-01-05 hasta 2026-12-31,Ciudad del Este,Sin tope monetario indicado en las bases.,https://www.beneficiosbancognb.com.py/v2/beneficios/categorias/73,Tarjetas de crédito GNB,"Hasta 12 cuotas sin intereses para impuesto inmobiliario. Todos los días. Pagos con tarjeta física, Apple Pay, Google Pay o QR en POS Bancard. No participan tarjetas de débito, Empresariales, Corporativas, Gift Card, Gourmet ni Prepagas. Solicitar la cantidad de cuotas al pagar. No acumulable con otras promociones. Todos los días. Pagos con tarjeta física, Apple Pay, Google Pay o QR en POS Bancard. No participan tarjetas de débito, Empresariales, Corporativas, Gift Card, Gourmet ni Prepagas. Solicitar la cantidad de cuotas al pagar. No acumulable con otras promociones.",financing,base,Cuotas,,,,
Municipalidad de Encarnación,Servicios,Hasta 12 cuotas sin intereses para impuesto inmobiliario,Todos los días,Desde 2026-01-05 hasta 2026-12-31,Encarnación,Sin tope monetario indicado en las bases.,https://www.beneficiosbancognb.com.py/v2/beneficios/categorias/73,Tarjetas de crédito GNB,"Hasta 12 cuotas sin intereses para impuesto inmobiliario. Todos los días. Pagos con tarjeta física, Apple Pay, Google Pay o QR en POS Bancard. No participan tarjetas de débito, Empresariales, Corporativas, Gift Card, Gourmet ni Prepagas. Solicitar la cantidad de cuotas al pagar. No acumulable con otras promociones. Todos los días. Pagos con tarjeta física, Apple Pay, Google Pay o QR en POS Bancard. No participan tarjetas de débito, Empresariales, Corporativas, Gift Card, Gourmet ni Prepagas. Solicitar la cantidad de cuotas al pagar. No acumulable con otras promociones.",financing,base,Cuotas,,,,
Municipalidad de Hernandarias,Servicios,Hasta 12 cuotas sin intereses para impuesto inmobiliario,Todos los días,Desde 2026-01-05 hasta 2026-12-31,Hernandarias,Sin tope monetario indicado en las bases.,https://www.beneficiosbancognb.com.py/v2/beneficios/categorias/73,Tarjetas de crédito GNB,"Hasta 12 cuotas sin intereses para impuesto inmobiliario. Todos los días. Pagos con tarjeta física, Apple Pay, Google Pay o QR en POS Bancard. No participan tarjetas de débito, Empresariales, Corporativas, Gift Card, Gourmet ni Prepagas. Solicitar la cantidad de cuotas al pagar. No acumulable con otras promociones. Todos los días. Pagos con tarjeta física, Apple Pay, Google Pay o QR en POS Bancard. No participan tarjetas de débito, Empresariales, Corporativas, Gift Card, Gourmet ni Prepagas. Solicitar la cantidad de cuotas al pagar. No acumulable con otras promociones.",financing,base,Cuotas,,,,
Municipalidad de Hohenau,Servicios,Hasta 12 cuotas sin intereses para impuesto inmobiliario,Todos los días,Desde 2026-01-05 hasta 2026-12-31,Hohenau,Sin tope monetario indicado en las bases.,https://www.beneficiosbancognb.com.py/v2/beneficios/categorias/73,Tarjetas de crédito GNB,"Hasta 12 cuotas sin intereses para impuesto inmobiliario. Todos los días. Pagos con tarjeta física, Apple Pay, Google Pay o QR en POS Bancard. No participan tarjetas de débito, Empresariales, Corporativas, Gift Card, Gourmet ni Prepagas. Solicitar la cantidad de cuotas al pagar. No acumulable con otras promociones. Todos los días. Pagos con tarjeta física, Apple Pay, Google Pay o QR en POS Bancard. No participan tarjetas de débito, Empresariales, Corporativas, Gift Card, Gourmet ni Prepagas. Solicitar la cantidad de cuotas al pagar. No acumulable con otras promociones.",financing,base,Cuotas,,,,
Municipalidad de Lambaré,Servicios,Hasta 12 cuotas sin intereses para impuesto inmobiliario,Todos los días,Desde 2026-01-05 hasta 2026-12-31,Lambaré,Sin tope monetario indicado en las bases.,https://www.beneficiosbancognb.com.py/v2/beneficios/categorias/73,Tarjetas de crédito GNB,"Hasta 12 cuotas sin intereses para impuesto inmobiliario. Todos los días. Pagos con tarjeta física, Apple Pay, Google Pay o QR en POS Bancard. No participan tarjetas de débito, Empresariales, Corporativas, Gift Card, Gourmet ni Prepagas. Solicitar la cantidad de cuotas al pagar. No acumulable con otras promociones. Todos los días. Pagos con tarjeta física, Apple Pay, Google Pay o QR en POS Bancard. No participan tarjetas de débito, Empresariales, Corporativas, Gift Card, Gourmet ni Prepagas. Solicitar la cantidad de cuotas al pagar. No acumulable con otras promociones.",financing,base,Cuotas,,,,
Municipalidad de Luque,Servicios,Hasta 12 cuotas sin intereses para impuesto inmobiliario,Todos los días,Desde 2026-01-05 hasta 2026-12-31,Luque,Sin tope monetario indicado en las bases.,https://www.beneficiosbancognb.com.py/v2/beneficios/categorias/73,Tarjetas de crédito GNB,"Hasta 12 cuotas sin intereses para impuesto inmobiliario. Todos los días. Pagos con tarjeta física, Apple Pay, Google Pay o QR en POS Bancard. No participan tarjetas de débito, Empresariales, Corporativas, Gift Card, Gourmet ni Prepagas. Solicitar la cantidad de cuotas al pagar. No acumulable con otras promociones. Todos los días. Pagos con tarjeta física, Apple Pay, Google Pay o QR en POS Bancard. No participan tarjetas de débito, Empresariales, Corporativas, Gift Card, Gourmet ni Prepagas. Solicitar la cantidad de cuotas al pagar. No acumulable con otras promociones.",financing,base,Cuotas,,,,
Municipalidad de Nueva Colombia,Servicios,Hasta 12 cuotas sin intereses para impuesto inmobiliario,Todos los días,Desde 2026-01-05 hasta 2026-12-31,Nueva Colombia,Sin tope monetario indicado en las bases.,https://www.beneficiosbancognb.com.py/v2/beneficios/categorias/73,Tarjetas de crédito GNB,"Hasta 12 cuotas sin intereses para impuesto inmobiliario. Todos los días. Pagos con tarjeta física, Apple Pay, Google Pay o QR en POS Bancard. No participan tarjetas de débito, Empresariales, Corporativas, Gift Card, Gourmet ni Prepagas. Solicitar la cantidad de cuotas al pagar. No acumulable con otras promociones. Todos los días. Pagos con tarjeta física, Apple Pay, Google Pay o QR en POS Bancard. No participan tarjetas de débito, Empresariales, Corporativas, Gift Card, Gourmet ni Prepagas. Solicitar la cantidad de cuotas al pagar. No acumulable con otras promociones.",financing,base,Cuotas,,,,
Municipalidad de San Bernardino,Servicios,Hasta 12 cuotas sin intereses para impuesto inmobiliario,Todos los días,Desde 2026-01-05 hasta 2026-12-31,San Bernardino,Sin tope monetario indicado en las bases.,https://www.beneficiosbancognb.com.py/v2/beneficios/categorias/73,Tarjetas de crédito GNB,"Hasta 12 cuotas sin intereses para impuesto inmobiliario. Todos los días. Pagos con tarjeta física, Apple Pay, Google Pay o QR en POS Bancard. No participan tarjetas de débito, Empresariales, Corporativas, Gift Card, Gourmet ni Prepagas. Solicitar la cantidad de cuotas al pagar. No acumulable con otras promociones. Todos los días. Pagos con tarjeta física, Apple Pay, Google Pay o QR en POS Bancard. No participan tarjetas de débito, Empresariales, Corporativas, Gift Card, Gourmet ni Prepagas. Solicitar la cantidad de cuotas al pagar. No acumulable con otras promociones.",financing,base,Cuotas,,,,
Municipalidad de Pilar,Servicios,Hasta 12 cuotas sin intereses para impuesto inmobiliario,Todos los días,Desde 2026-01-05 hasta 2026-12-31,Pilar,Sin tope monetario indicado en las bases.,https://www.beneficiosbancognb.com.py/v2/beneficios/categorias/73,Tarjetas de crédito GNB,"Hasta 12 cuotas sin intereses para impuesto inmobiliario. Todos los días. Pagos con tarjeta física, Apple Pay, Google Pay o QR en POS Bancard. No participan tarjetas de débito, Empresariales, Corporativas, Gift Card, Gourmet ni Prepagas. Solicitar la cantidad de cuotas al pagar. No acumulable con otras promociones. Todos los días. Pagos con tarjeta física, Apple Pay, Google Pay o QR en POS Bancard. No participan tarjetas de débito, Empresariales, Corporativas, Gift Card, Gourmet ni Prepagas. Solicitar la cantidad de cuotas al pagar. No acumulable con otras promociones.",financing,base,Cuotas,,,,
Farmacenter,Farmacias,35% de descuento anunciado en perfumería (20% en caja + 15% de reintegro),Lunes,Desde 2026-03-16 hasta 2026-09-28,Todas las sucursales de Farmacenter,"Tope de compra mensual por cuenta, compartido entre todas las sucursales: Gs. 1.000.000. Incluye titular y adicionales.",https://www.beneficiosbancognb.com.py/v2/beneficios/categorias/598,"Mastercard Black, Black Premier y Metalcard Premier GNB","35% de descuento anunciado en perfumería (20% en caja + 15% de reintegro). Pagos con tarjetas de crédito Mastercard GNB físicas, Apple Pay, Google Pay o QR en POS Bancard. No participan tarjetas de débito ni crédito Visa, Empresariales, Corporativas, Gift Card, Gourmet ni Prepagas. No acumulable. El reintegro bancario se calcula sobre el importe final facturado después del descuento en caja. Efecto combinado aproximado: 32% del precio original porque el reintegro se calcula sobre el importe ya rebajado.",perfumeria-premium,premium,Perfumería · Black,32,,,
Farmacenter,Farmacias,30% de descuento anunciado en perfumería (20% en caja + 10% de reintegro),Lunes,Desde 2026-03-16 hasta 2026-09-28,Todas las sucursales de Farmacenter,"Tope de compra mensual por cuenta, compartido entre todas las sucursales: Gs. 1.000.000. Incluye titular y adicionales.",https://www.beneficiosbancognb.com.py/v2/beneficios/categorias/598,Mastercard Clásica y Oro GNB,"30% de descuento anunciado en perfumería (20% en caja + 10% de reintegro). Pagos con tarjetas de crédito Mastercard GNB físicas, Apple Pay, Google Pay o QR en POS Bancard. No participan tarjetas de débito ni crédito Visa, Empresariales, Corporativas, Gift Card, Gourmet ni Prepagas. No acumulable. El reintegro bancario se calcula sobre el importe final facturado después del descuento en caja. Efecto combinado aproximado: 28% del precio original porque el reintegro se calcula sobre el importe ya rebajado.",perfumeria-base,base,Perfumería · Clásica/Oro,28,,,
Farmacenter,Farmacias,30% de descuento anunciado en medicamentos (15% en caja + 15% de reintegro),Lunes,Desde 2026-03-16 hasta 2026-09-28,Todas las sucursales de Farmacenter,"Tope de compra mensual por cuenta, compartido entre todas las sucursales: Gs. 1.000.000. Incluye titular y adicionales.",https://www.beneficiosbancognb.com.py/v2/beneficios/categorias/598,"Mastercard Black, Black Premier y Metalcard Premier GNB","30% de descuento anunciado en medicamentos (15% en caja + 15% de reintegro). Pagos con tarjetas de crédito Mastercard GNB físicas, Apple Pay, Google Pay o QR en POS Bancard. No participan tarjetas de débito ni crédito Visa, Empresariales, Corporativas, Gift Card, Gourmet ni Prepagas. No acumulable. El reintegro bancario se calcula sobre el importe final facturado después del descuento en caja. Efecto combinado aproximado: 27,75% del precio original porque el reintegro se calcula sobre el importe ya rebajado.",medicamentos-premium,premium,Medicamentos · Black,27.75,,,
Farmacenter,Farmacias,25% de descuento anunciado en medicamentos (15% en caja + 10% de reintegro),Lunes,Desde 2026-03-16 hasta 2026-09-28,Todas las sucursales de Farmacenter,"Tope de compra mensual por cuenta, compartido entre todas las sucursales: Gs. 1.000.000. Incluye titular y adicionales.",https://www.beneficiosbancognb.com.py/v2/beneficios/categorias/598,Mastercard Clásica y Oro GNB,"25% de descuento anunciado en medicamentos (15% en caja + 10% de reintegro). Pagos con tarjetas de crédito Mastercard GNB físicas, Apple Pay, Google Pay o QR en POS Bancard. No participan tarjetas de débito ni crédito Visa, Empresariales, Corporativas, Gift Card, Gourmet ni Prepagas. No acumulable. El reintegro bancario se calcula sobre el importe final facturado después del descuento en caja. Efecto combinado aproximado: 23,5% del precio original porque el reintegro se calcula sobre el importe ya rebajado.",medicamentos-base,base,Medicamentos · Clásica/Oro,23.5,,,
Farmacenter,Farmacias,Hasta 3 cuotas sin intereses,Todos los días,Desde 2026-03-16 hasta 2026-09-28,Todas las sucursales de Farmacenter,Sin tope monetario indicado en las bases.,https://www.beneficiosbancognb.com.py/v2/beneficios/categorias/598,Tarjetas de crédito Mastercard GNB,"Hasta 3 cuotas sin intereses. Pagos con tarjetas de crédito Mastercard GNB físicas, Apple Pay, Google Pay o QR en POS Bancard. No participan tarjetas de débito ni crédito Visa, Empresariales, Corporativas, Gift Card, Gourmet ni Prepagas. No acumulable. El reintegro bancario se calcula sobre el importe final facturado después del descuento en caja. Solicitar o seleccionar la cantidad de cuotas al pagar.",financing,base,Cuotas,,,,
La Ruta Gastronómica,Gastronomía,20% de reintegro,"Sábado, Domingo",Desde 2026-01-03 hasta 2026-11-29,Restaurantes adheridos a La Ruta Gastronómica según la ficha oficial de GNB,Tope de compra mensual compartido por cuenta en los locales adheridos: Gs. 1.000.000. No es un tope de reintegro.,https://www.beneficiosbancognb.com.py/v2/beneficios/categorias/260,Tarjetas de crédito Mastercard Clásica y Oro GNB,"20% de reintegro con Tarjetas de crédito Mastercard Clásica y Oro GNB. Tope de compra mensual compartido por cuenta en los locales adheridos: Gs. 1.000.000. No es un tope de reintegro. Tope de compra mensual compartido entre todos los locales adheridos por cuenta, incluido titular y adicionales. Reintegro en el extracto o visible en movimientos de la app. Se admite el delivery propio de los locales. No aplica a plataformas de terceros como Pedidos Ya o Monchis. No acumulable con otras promociones. Consultá la ficha original para confirmar las condiciones vigentes.",classic-gold,base,Clásica / Oro,,,,
La Ruta Gastronómica,Gastronomía,25% de reintegro,"Sábado, Domingo",Desde 2026-01-03 hasta 2026-11-29,Restaurantes adheridos a La Ruta Gastronómica según la ficha oficial de GNB,Tope de compra mensual compartido por cuenta en los locales adheridos: Gs. 1.000.000. No es un tope de reintegro.,https://www.beneficiosbancognb.com.py/v2/beneficios/categorias/260,"Tarjetas de crédito Mastercard Black, Black Premier y Metalcard Premier GNB","25% de reintegro con Tarjetas de crédito Mastercard Black, Black Premier y Metalcard Premier GNB. Tope de compra mensual compartido por cuenta en los locales adheridos: Gs. 1.000.000. No es un tope de reintegro. Tope de compra mensual compartido entre todos los locales adheridos por cuenta, incluido titular y adicionales. Reintegro en el extracto o visible en movimientos de la app. Se admite el delivery propio de los locales. No aplica a plataformas de terceros como Pedidos Ya o Monchis. No acumulable con otras promociones. Consultá la ficha original para confirmar las condiciones vigentes.",black-premier,premium,Black / Premier,,,,
El Pescador,Tiendas,Hasta 6 cuotas sin intereses,Todos los días,Desde 2026-03-18 hasta 2026-12-31,El Pescador; sucursales indicadas en la ficha original de GNB,,https://www.beneficiosbancognb.com.py/v2/beneficios/categorias/607,Tarjetas de crédito GNB,"Hasta 6 cuotas sin intereses con Tarjetas de crédito GNB.  El fraccionamiento debe solicitarse o seleccionarse al pagar; las cuotas se reflejan en el extracto. No participan tarjetas de débito, Empresariales, Corporativas, Gift Card, Gourmet ni Prepagas. No acumulable con otras promociones. Consultá la ficha original para confirmar las condiciones vigentes.",financing,base,Cuotas,,,,
GNB Travel+,Viajes,Descuento de hasta Gs. 2.000.000 en paquetes de viajes; monto según oferta,Todos los días,Desde 2026-09-01 hasta 2026-12-31,Agencias de viajes del país mediante Travel Pay,,https://www.beneficiosbancognb.com.py/v2/beneficios/categorias/543,"Tarjetas de crédito Mastercard Clásica, Oro, Black, Black Premier y Metalcard Premier; Visa Platinum e Infinite Premier GNB mediante Travel Pay","Descuento de hasta Gs. 2.000.000 en paquetes de viajes; monto según oferta con Tarjetas de crédito Mastercard Clásica, Oro, Black, Black Premier y Metalcard Premier; Visa Platinum e Infinite Premier GNB mediante Travel Pay.  Aplica únicamente a paquetes de viajes. El descuento varía según la oferta y no se acumula con otras promociones. Consultá la ficha original para confirmar las condiciones vigentes.",travel-pay-discount,base,Travel Pay,,,,
GNB Travel+,Viajes,Hasta 18 cuotas sin intereses,Todos los días,Desde 2026-09-01 hasta 2026-12-31,Agencias de viajes del país mediante Travel Pay,,https://www.beneficiosbancognb.com.py/v2/beneficios/categorias/543,Tarjetas de crédito GNB,Hasta 18 cuotas sin intereses con Tarjetas de crédito GNB.  Aplica únicamente a paquetes de viajes. El descuento varía según la oferta y no se acumula con otras promociones. Consultá la ficha original para confirmar las condiciones vigentes.,travel-installments,base,Cuotas,,,,
Cinemark,Entretenimiento,50% de descuento,"jueves, viernes, sábado, domingo",Del 02 de abril del 2026 al 28 de febrero del 2027.,Cinemark,Tope de descuento: Hasta 4 entradas por cada transacción . Este límite es por transacción de tarjeta.,https://www.beneficiosbancognb.com.py/v2/beneficios/categorias/175,tarjetas de crédito y Prepagas del Banco GNB Paraguay,"50% de descuento para funciones los días jueves, viernes, sábados y domingos para pagos realizados con las tarjetas de crédito y Prepagas del Banco GNB Paraguay S.A.E.C.A. Tope de descuento: Hasta 4 entradas por cada transacción . Este límite es por transacción de tarjeta. Beneficio no aplica a consumición en la confitería de Cinemark. No aplica a películas con restricción, contenido alternativo, Avant Premiere, festivales",gnb-175-0,base,Tarjetas elegibles,,2027-02-28,,
La Ruta del Café,Gastronomía,25% de reintegro con QR,de miércoles a domingos,Del 01 de julio al 31 de diciembre del 2026.,La Ruta del Café,Tope de compra mensual en el conjunto de locales adheridos: Gs. 1.000.000 (guaranies un millón) por cuenta de tarjeta de crédito (incluye titulares y adicionales).,https://www.beneficiosbancognb.com.py/v2/beneficios/categorias/639,tarjetas de crédito Mastercard del Banco GNB Paraguay,"20% de reintegro para pagos con tarjetas de crédito Mastercard del Banco GNB Paraguay. +5% de reintegro adicional para pagos con QR con tarjetas de crédito Mastercard a través de la app Banco GNB Personas. Tope de compra mensual en el conjunto de locales adheridos: Gs. 1.000.000 (guaranies un millón) por cuenta de tarjeta de crédito (incluye titulares y adicionales). No aplica para pagos realizados a través de plataformas de terceros (Pedidos Ya, Monchis, entre otros) y/o e-commerce",gnb-639-0,base,Tarjetas elegibles,,2026-12-31,,
La Ruta del Café,Gastronomía,20% de reintegro con tarjeta física,de miércoles a domingos,Del 01 de julio al 31 de diciembre del 2026.,La Ruta del Café,Tope de compra mensual en el conjunto de locales adheridos: Gs. 1.000.000 (guaranies un millón) por cuenta de tarjeta de crédito (incluye titulares y adicionales).,https://www.beneficiosbancognb.com.py/v2/beneficios/categorias/639,tarjetas de crédito Mastercard del Banco GNB Paraguay,"20% de reintegro para pagos con tarjetas de crédito Mastercard del Banco GNB Paraguay. +5% de reintegro adicional para pagos con QR con tarjetas de crédito Mastercard a través de la app Banco GNB Personas. Tope de compra mensual en el conjunto de locales adheridos: Gs. 1.000.000 (guaranies un millón) por cuenta de tarjeta de crédito (incluye titulares y adicionales). No aplica para pagos realizados a través de plataformas de terceros (Pedidos Ya, Monchis, entre otros) y/o e-commerce",gnb-639-1,base,Tarjetas elegibles,,2026-12-31,,
Día GNB Casa Rica,Tiendas,20% de descuento,miércoles,Desde 2026-10-14 hasta 2026-10-14,Día GNB Casa Rica,,https://www.beneficiosbancognb.com.py/v2/beneficios/categorias/9,,"20% off el miércoles 14 de octubre del 2026. No participan de la promoción las tarjetas débito y crédito de afinidades Empresariales, Corporativas, Gift Card, Gourmet Card y Prepagas. No aplica a pagos posteriores a la fecha ni pagos contra entrega de productos",gnb-9-0,base,Tarjetas elegibles,,2026-12-31,,
Día GNB Areté y Festa,Supermercados,20% de reintegro,sábado,20% de reintegro el sábado 24 de octubre del 2026.,Día GNB Areté y Festa,Tope de compra de Gs. 2.000.000 (guaraníes dos millones) por cuenta de tarjeta de crédito (Incluye titulares y adicionales) equivalente a un reintegro máximo mensual en el extracto de Gs. 400.000 (guaraníes cuatrocientos mil).,https://www.beneficiosbancognb.com.py/v2/beneficios/categorias/42,,20% de reintegro el sábado 24 de octubre del 2026. Tope de compra de Gs. 2.000.000 (guaraníes dos millones) por cuenta de tarjeta de crédito (Incluye titulares y adicionales) equivalente a un reintegro máximo mensual en el extracto de Gs. 400.000 (guaraníes cuatrocientos mil). No aplica compras realizadas a través de plataformas de terceros. No aplica a pagos posteriores a la fecha ni pagos contra entrega de productos,gnb-42-0,base,Tarjetas elegibles,,2026-10-24,,
Colegios,Tiendas,10% de descuento,del 1 al 10 de cada mes,Del 01 de febrero al 10 de noviembre del 2026.,Colegios,"Tope de compra durante el periodo de la promoción: Gs. 10.000.000 (guaraníes diez millones), el cual aplica en forma conjunta a todos los comercios seleccionados adheridos a la promoción de “Vuelta a clases - Colegios” en cualquiera de las sucursales de los comercios participantes.; Tope de reintegro durante el periodo de la promoción: Gs. 1.000.000. - (guaraníes un millón) y, se aplica por cuenta de tarjeta de crédito (titulares + adicionales).",https://www.beneficiosbancognb.com.py/v2/beneficios/categorias/421,"tarjetas de crédito y prepagas Mastercard afinidades Clásicas, Oro, Black, Black Premier y Metalcard Premier del Banco GNB Paraguay","10% de descuento para pagos con tarjetas de crédito y prepagas Mastercard afinidades Clásicas, Oro, Black, Black Premier y Metalcard Premier del Banco GNB Paraguay. Tope de compra durante el periodo de la promoción: Gs. 10.000.000 (guaraníes diez millones), el cual aplica en forma conjunta a todos los comercios seleccionados adheridos a la promoción de “Vuelta a clases - Colegios” en cualquiera de las sucursales de los comercios participantes. Tope de reintegro durante el periodo de la promoción: Gs. 1.000.000. - (guaraníes un millón) y, se aplica por cuenta de tarjeta de crédito (titulares + adicionales). No aplica para pagos realizados a través de plataformas de terceros y/o e-commerce",gnb-421-0,base,Tarjetas elegibles,,2026-11-10,,
Colegios,Tiendas,Hasta 12 cuotas sin intereses,del 1 al 10 de cada mes,Del 01 de febrero al 10 de noviembre del 2026.,Colegios,"Tope de compra durante el periodo de la promoción: Gs. 10.000.000 (guaraníes diez millones), el cual aplica en forma conjunta a todos los comercios seleccionados adheridos a la promoción de “Vuelta a clases - Colegios” en cualquiera de las sucursales de los comercios participantes.; Tope de reintegro durante el periodo de la promoción: Gs. 1.000.000. - (guaraníes un millón) y, se aplica por cuenta de tarjeta de crédito (titulares + adicionales).",https://www.beneficiosbancognb.com.py/v2/beneficios/categorias/421,tarjetas de crédito del Banco GNB Paraguay,"Hasta 12 cuotas sin intereses para pagos en POS con tarjetas de crédito del Banco GNB Paraguay. Tope de compra durante el periodo de la promoción: Gs. 10.000.000 (guaraníes diez millones), el cual aplica en forma conjunta a todos los comercios seleccionados adheridos a la promoción de “Vuelta a clases - Colegios” en cualquiera de las sucursales de los comercios participantes. Tope de reintegro durante el periodo de la promoción: Gs. 1.000.000. - (guaraníes un millón) y, se aplica por cuenta de tarjeta de crédito (titulares + adicionales). No aplica para pagos realizados a través de plataformas de terceros y/o e-commerce",gnb-421-1,base,Tarjetas elegibles,,2026-11-10,,
Universidades,Tiendas,15% de reintegro,de 1 al 10 de cada mes,Del 01 de marzo al 10 de diciembre del 2026.,Universidades,"Tope de compra durante el periodo de la promoción: Gs. 10.000.000 (guaraníes diez millones), el cual aplica en forma conjunta a todos los comercios seleccionados adheridos a la promoción de “Potenciá tus estudios Universitarios” en cualquiera de las sucursales de los comercios participantes.; Tope de reintegro durante el periodo de la promoción: Gs. 1.500.000. - (guaraníes un millón quinientos mil) y, se aplica por cuenta de tarjeta de crédito (titulares + adicionales).",https://www.beneficiosbancognb.com.py/v2/beneficios/categorias/426,"tarjetas de crédito y prepagas Mastercard afinidades Clásicas, Oro, Black, Black Premier y Metalcard Premier del Banco GNB Paraguay","15% de reintegro para pagos con tarjetas de crédito y prepagas Mastercard afinidades Clásicas, Oro, Black, Black Premier y Metalcard Premier del Banco GNB Paraguay. Tope de compra durante el periodo de la promoción: Gs. 10.000.000 (guaraníes diez millones), el cual aplica en forma conjunta a todos los comercios seleccionados adheridos a la promoción de “Potenciá tus estudios Universitarios” en cualquiera de las sucursales de los comercios participantes. Tope de reintegro durante el periodo de la promoción: Gs. 1.500.000. - (guaraníes un millón quinientos mil) y, se aplica por cuenta de tarjeta de crédito (titulares + adicionales). No aplica para pagos realizados a través de plataformas de terceros y/o e-commerce",gnb-426-0,base,Tarjetas elegibles,,2026-12-10,,
Universidades,Tiendas,Hasta 12 cuotas sin intereses,de 1 al 10 de cada mes,Del 01 de marzo al 10 de diciembre del 2026.,Universidades,"Tope de compra durante el periodo de la promoción: Gs. 10.000.000 (guaraníes diez millones), el cual aplica en forma conjunta a todos los comercios seleccionados adheridos a la promoción de “Potenciá tus estudios Universitarios” en cualquiera de las sucursales de los comercios participantes.; Tope de reintegro durante el periodo de la promoción: Gs. 1.500.000. - (guaraníes un millón quinientos mil) y, se aplica por cuenta de tarjeta de crédito (titulares + adicionales).",https://www.beneficiosbancognb.com.py/v2/beneficios/categorias/426,tarjetas de crédito del Banco GNB Paraguay,"Hasta 12 cuotas sin intereses para pagos en POS con tarjetas de crédito del Banco GNB Paraguay. Tope de compra durante el periodo de la promoción: Gs. 10.000.000 (guaraníes diez millones), el cual aplica en forma conjunta a todos los comercios seleccionados adheridos a la promoción de “Potenciá tus estudios Universitarios” en cualquiera de las sucursales de los comercios participantes. Tope de reintegro durante el periodo de la promoción: Gs. 1.500.000. - (guaraníes un millón quinientos mil) y, se aplica por cuenta de tarjeta de crédito (titulares + adicionales). No aplica para pagos realizados a través de plataformas de terceros y/o e-commerce",gnb-426-1,base,Tarjetas elegibles,,2026-12-10,,
Cibermiércoles Casa Rica,Tiendas,20% de descuento,miércoles,Los miércoles 02 y 09 de septiembre del 2026.,Cibermiércoles Casa Rica,,https://www.beneficiosbancognb.com.py/v2/beneficios/categorias/232,tarjetas de crédito del Banco GNB Paraguay,"20% de descuento para pagos realizados con las tarjetas de crédito del Banco GNB Paraguay. No aplica a pagos posteriores a la fecha ni pagos contra entrega de productos. No participan de la promoción las tarjetas débito, crédito de afinidades Empresariales, Corporativas, Gift Card, Gourmet Card y Prepagas",gnb-232-0,base,Tarjetas elegibles,,2026-12-31,,
Petrobras PREMMIA,Combustible,20% de descuento,miércoles,Del 01 de julio al 30 de diciembre del 2026.,Petrobras PREMMIA,"Tope de compra semanal: Gs. 500.000 (guaraníes quinientos mil), el tope de compra aplica por cuenta de tarjeta de crédito (titulares + adicionales)",https://www.beneficiosbancognb.com.py/v2/beneficios/categorias/275,"tarjetas de crédito Mastercard Clásicas, Oro, Black, Black Premier y Metalcard Premier del Banco GNB Paraguay","20% de descuento para pagos desde la app Premmia con tarjetas de crédito Mastercard Clásicas, Oro, Black, Black Premier y Metalcard Premier del Banco GNB Paraguay. Tope de compra semanal: Gs. 500.000 (guaraníes quinientos mil), el tope de compra aplica por cuenta de tarjeta de crédito (titulares + adicionales). No aplica para pagos realizados a través de plataformas de terceros. Beneficio no aplica a compras vía web",gnb-275-0,base,Tarjetas elegibles,,2026-12-30,,
Doha Home,Tiendas,Hasta 12 cuotas sin intereses,Todos los días,Del 26 de agosto al 31 de diciembre del 2026.,Doha Home,,https://www.beneficiosbancognb.com.py/v2/beneficios/categorias/634,tarjetas de crédito del Banco GNB Paraguay,"Hasta 12 cuotas sin intereses con las tarjetas de crédito del Banco GNB Paraguay. No participan de la promoción las tarjetas de débito y crédito de afinidades Empresariales, Corporativas, Gift Card, Gourmet y Prepagas",gnb-634-0,base,Tarjetas elegibles,,2026-12-31,,
Doña Angela,Tiendas,20% de reintegro,"jueves, viernes",Del 24 de septiembre al 30 de octubre del 2026.,Doña Angela,"Tope de compra mensual: Gs. 800.000 (guaraníes ochocientos mil) por cuenta de tarjeta de crédito (incluye titulares y adicionales), el cual aplica en forma conjunta con todas las sucursales de lácteos, restaurantes y heladerías.",https://www.beneficiosbancognb.com.py/v2/beneficios/categorias/186,tarjetas de crédito Mastercard del Banco GNB Paraguay,"20% de reintegro para pagos con tarjetas de crédito Mastercard del Banco GNB Paraguay. Tope de compra mensual: Gs. 800.000 (guaraníes ochocientos mil) por cuenta de tarjeta de crédito (incluye titulares y adicionales), el cual aplica en forma conjunta con todas las sucursales de lácteos, restaurantes y heladerías",gnb-186-0,base,Tarjetas elegibles,,2026-10-30,,
Champs Elysees,Tiendas,35% de descuento con QR,Todos los días,Del 08 de enero al 27 de noviembre del 2026.,Champs Elysees,"Tope de compra mensual: Gs. 2.000.000 (guaraníes dos millones) por cuenta de tarjeta de crédito (incluye titulares y adicionales), el cual aplica en forma conjunta a todos los locales de los comercios adheridos (Champs Elysees, O boticário, Isdin).",https://www.beneficiosbancognb.com.py/v2/beneficios/categorias/362,tarjetas de crédito del Banco GNB Paraguay,"Hasta 25% de descuento para pagos con tarjetas de crédito del Banco GNB Paraguay todos los jueves y viernes. 20% de descuento para pagos con tarjetas de crédito del Banco GNB Paraguay ( 5% en caja + 15% con tarjetas de crédito físicas ). +5% de descuento adicional para pagos con QR con tarjetas de crédito a través de la App Banco GNB Personas. Tope de compra mensual: Gs. 2.000.000 (guaraníes dos millones) por cuenta de tarjeta de crédito (incluye titulares y adicionales), el cual aplica en forma conjunta a todos los locales de los comercios adheridos (Champs Elysees, O boticário, Isdin). El descuento en caja no aplica en la compra de Gift Cards y servicios de cabina como tratamientos faciales",gnb-362-0,base,Tarjetas elegibles,,2026-11-27,,
Champs Elysees,Tiendas,20% de descuento con tarjeta física,Todos los días,Del 08 de enero al 27 de noviembre del 2026.,Champs Elysees,"Tope de compra mensual: Gs. 2.000.000 (guaraníes dos millones) por cuenta de tarjeta de crédito (incluye titulares y adicionales), el cual aplica en forma conjunta a todos los locales de los comercios adheridos (Champs Elysees, O boticário, Isdin).",https://www.beneficiosbancognb.com.py/v2/beneficios/categorias/362,tarjetas de crédito del Banco GNB Paraguay,"Hasta 25% de descuento para pagos con tarjetas de crédito del Banco GNB Paraguay todos los jueves y viernes. 20% de descuento para pagos con tarjetas de crédito del Banco GNB Paraguay ( 5% en caja + 15% con tarjetas de crédito físicas ). +5% de descuento adicional para pagos con QR con tarjetas de crédito a través de la App Banco GNB Personas. Tope de compra mensual: Gs. 2.000.000 (guaraníes dos millones) por cuenta de tarjeta de crédito (incluye titulares y adicionales), el cual aplica en forma conjunta a todos los locales de los comercios adheridos (Champs Elysees, O boticário, Isdin). El descuento en caja no aplica en la compra de Gift Cards y servicios de cabina como tratamientos faciales",gnb-362-1,base,Tarjetas elegibles,,2026-11-27,,
Champs Elysees,Tiendas,Hasta 6 cuotas sin intereses,Todos los días,Del 08 de enero al 27 de noviembre del 2026.,Champs Elysees,"Tope de compra mensual: Gs. 2.000.000 (guaraníes dos millones) por cuenta de tarjeta de crédito (incluye titulares y adicionales), el cual aplica en forma conjunta a todos los locales de los comercios adheridos (Champs Elysees, O boticário, Isdin).",https://www.beneficiosbancognb.com.py/v2/beneficios/categorias/362,tarjetas de crédito del Banco GNB Paraguay,"Hasta 6 cuotas sin intereses todos los días para pagos con tarjetas de crédito del Banco GNB Paraguay. Tope de compra mensual: Gs. 2.000.000 (guaraníes dos millones) por cuenta de tarjeta de crédito (incluye titulares y adicionales), el cual aplica en forma conjunta a todos los locales de los comercios adheridos (Champs Elysees, O boticário, Isdin). El descuento en caja no aplica en la compra de Gift Cards y servicios de cabina como tratamientos faciales",gnb-362-2,base,Tarjetas elegibles,,2026-11-27,,
Springfield,Tiendas,20% de descuento con QR,Todos los días,Del 03 de septiembre al 27 de noviembre del 2026.,Springfield,"Tope de compra mensual: Gs. 2.500.000 (guaraníes dos millones quinientos mil) por cuenta de tarjeta de crédito (incluye titulares y adicionales), el cual aplica en forma conjunta a todos los locales de los comercios adheridos (Springfield, Women Secret, Forever 21, Jack & Jones).",https://www.beneficiosbancognb.com.py/v2/beneficios/categorias/474,tarjetas de crédito del Banco GNB Paraguay,"20% de descuento para pagos con tarjetas de crédito del Banco GNB Paraguay (5% en caja + 15% con tarjetas de crédito físicas). +5% de descuento adicional para pagos con QR con tarjetas de crédito a través de la App Banco GNB Personas. Tope de compra mensual: Gs. 2.500.000 (guaraníes dos millones quinientos mil) por cuenta de tarjeta de crédito (incluye titulares y adicionales), el cual aplica en forma conjunta a todos los locales de los comercios adheridos (Springfield, Women Secret, Forever 21, Jack & Jones). El descuento en caja no aplica en la compra de Gift Cards",gnb-474-0,base,Tarjetas elegibles,,2026-11-27,,
Springfield,Tiendas,5% de descuento con tarjeta física,Todos los días,Del 03 de septiembre al 27 de noviembre del 2026.,Springfield,"Tope de compra mensual: Gs. 2.500.000 (guaraníes dos millones quinientos mil) por cuenta de tarjeta de crédito (incluye titulares y adicionales), el cual aplica en forma conjunta a todos los locales de los comercios adheridos (Springfield, Women Secret, Forever 21, Jack & Jones).",https://www.beneficiosbancognb.com.py/v2/beneficios/categorias/474,tarjetas de crédito del Banco GNB Paraguay,"20% de descuento para pagos con tarjetas de crédito del Banco GNB Paraguay (5% en caja + 15% con tarjetas de crédito físicas). +5% de descuento adicional para pagos con QR con tarjetas de crédito a través de la App Banco GNB Personas. Tope de compra mensual: Gs. 2.500.000 (guaraníes dos millones quinientos mil) por cuenta de tarjeta de crédito (incluye titulares y adicionales), el cual aplica en forma conjunta a todos los locales de los comercios adheridos (Springfield, Women Secret, Forever 21, Jack & Jones). El descuento en caja no aplica en la compra de Gift Cards",gnb-474-1,base,Tarjetas elegibles,,2026-11-27,,
Springfield,Tiendas,Hasta 6 cuotas sin intereses,Todos los días,Del 03 de septiembre al 27 de noviembre del 2026.,Springfield,"Tope de compra mensual: Gs. 2.500.000 (guaraníes dos millones quinientos mil) por cuenta de tarjeta de crédito (incluye titulares y adicionales), el cual aplica en forma conjunta a todos los locales de los comercios adheridos (Springfield, Women Secret, Forever 21, Jack & Jones).",https://www.beneficiosbancognb.com.py/v2/beneficios/categorias/474,tarjetas de crédito del Banco GNB Paraguay,"Hasta 6 cuotas sin intereses todos los días para pagos con tarjetas de crédito del Banco GNB Paraguay. Tope de compra mensual: Gs. 2.500.000 (guaraníes dos millones quinientos mil) por cuenta de tarjeta de crédito (incluye titulares y adicionales), el cual aplica en forma conjunta a todos los locales de los comercios adheridos (Springfield, Women Secret, Forever 21, Jack & Jones). El descuento en caja no aplica en la compra de Gift Cards",gnb-474-2,base,Tarjetas elegibles,,2026-11-27,,
El Negro Suplementos,Tiendas,45% de descuento,viernes,Del 02 de octubre del 2026 al 29 de enero del 2027.,El Negro Suplementos - Asunción,Tope de compra mensual: Gs. 1.000.000 (guaraníes un millón) por cuenta de tarjeta de crédito Incluye titulares y adicionales.,https://www.beneficiosbancognb.com.py/v2/beneficios/categorias/534,"tarjetas de crédito Mastercard Clásicas, Oro, Black, Black Premier y Metalcard Premier del Banco GNB Paraguay","45% de descuento para pagos con tarjetas de crédito Mastercard Clásicas, Oro, Black, Black Premier y Metalcard Premier del Banco GNB Paraguay en la Sucursal de Asunción. Tope de compra mensual: Gs. 1.000.000 (guaraníes un millón) por cuenta de tarjeta de crédito Incluye titulares y adicionales",gnb-534-0,base,Tarjetas elegibles,,2027-01-29,,
El Negro Suplementos,Tiendas,20% de descuento,viernes,Del 02 de octubre del 2026 al 29 de enero del 2027.,El Negro Suplementos - Ciudad del Este,Tope de compra mensual: Gs. 1.000.000 (guaraníes un millón) por cuenta de tarjeta de crédito Incluye titulares y adicionales.,https://www.beneficiosbancognb.com.py/v2/beneficios/categorias/534,"tarjetas de crédito Mastercard Clásicas, Oro, Black, Black Premier y Metalcard Premier del Banco GNB Paraguay","20% de descuento para pagos con tarjetas de crédito Mastercard Clásicas, Oro, Black, Black Premier y Metalcard Premier del Banco GNB Paraguay en la Sucursal de Ciudad del Este. Tope de compra mensual: Gs. 1.000.000 (guaraníes un millón) por cuenta de tarjeta de crédito Incluye titulares y adicionales",gnb-534-1,base,Tarjetas elegibles,,2027-01-29,,
El Negro Suplementos,Tiendas,Hasta 6 cuotas sin intereses,viernes,Del 02 de octubre del 2026 al 29 de enero del 2027.,El Negro Suplementos,Tope de compra mensual: Gs. 1.000.000 (guaraníes un millón) por cuenta de tarjeta de crédito Incluye titulares y adicionales.,https://www.beneficiosbancognb.com.py/v2/beneficios/categorias/534,tarjetas de crédito del Banco GNB Paraguay,Hasta 6 cuotas sin intereses para pagos con tarjetas de crédito del Banco GNB Paraguay. Tope de compra mensual: Gs. 1.000.000 (guaraníes un millón) por cuenta de tarjeta de crédito Incluye titulares y adicionales,gnb-534-2,base,Tarjetas elegibles,,2027-01-29,,
Petrosur,Combustible,20% de descuento,viernes,Del 1 de mayo al 25 de diciembre del 2026.,Petrosur,Tope de compra mensual de Gs.1.000.000 (guaraníes un millón) por cuenta de tarjeta de crédito Incluye titulares y adicionales) equivalente a un reintegro máximo mensual en el extracto de Gs. 200.000 (guaraníes doscientos mil).,https://www.beneficiosbancognb.com.py/v2/beneficios/categorias/614,"tarjetas de crédito Mastercard Clásicas, Oro, Black, Black Premier y Metalcard Premier del Banco GNB Paraguay","20% de descuento para pagos desde la app Petrosur con tarjetas de crédito Mastercard Clásicas, Oro, Black, Black Premier y Metalcard Premier del Banco GNB Paraguay. Tope de compra mensual de Gs.1.000.000 (guaraníes un millón) por cuenta de tarjeta de crédito Incluye titulares y adicionales) equivalente a un reintegro máximo mensual en el extracto de Gs. 200.000 (guaraníes doscientos mil). No aplica compras realizadas a través de plataformas de terceros",gnb-614-0,base,Tarjetas elegibles,,2026-12-25,,
Vernier,Tiendas,25% de descuento,Todos los días,Del 21 de mayo al 27 de noviembre del 2026.,Vernier,Tope de compra mensual: Gs. 1.500.000 (guaraníes un millón quinientos mil) por cuenta de tarjeta de crédito (incluye titulares y adicionales).,https://www.beneficiosbancognb.com.py/v2/beneficios/categorias/620,"tarjetas de crédito Mastercard afinidades Black, Black Premier y Metalcard Premier del Banco GNB Paraguay","25% de descuento para pagos con tarjetas de crédito Mastercard afinidades Black, Black Premier y Metalcard Premier del Banco GNB Paraguay. Tope de compra mensual: Gs. 1.500.000 (guaraníes un millón quinientos mil) por cuenta de tarjeta de crédito (incluye titulares y adicionales). El descuento en caja no aplica en la compra de Gift Cards",gnb-620-0,premium,Black / Premier,,2026-11-27,,
Vernier,Tiendas,20% de descuento,Todos los días,Del 21 de mayo al 27 de noviembre del 2026.,Vernier,Tope de compra mensual: Gs. 1.500.000 (guaraníes un millón quinientos mil) por cuenta de tarjeta de crédito (incluye titulares y adicionales).,https://www.beneficiosbancognb.com.py/v2/beneficios/categorias/620,tarjetas de crédito Mastercard afinidades Clásicas y Oro del Banco GNB Paraguay,20% de descuento para pagos con tarjetas de crédito Mastercard afinidades Clásicas y Oro del Banco GNB Paraguay. Tope de compra mensual: Gs. 1.500.000 (guaraníes un millón quinientos mil) por cuenta de tarjeta de crédito (incluye titulares y adicionales). El descuento en caja no aplica en la compra de Gift Cards,gnb-620-1,base,Tarjetas elegibles,,2026-11-27,,
Vernier,Tiendas,Hasta 6 cuotas sin intereses,Todos los días,Del 21 de mayo al 27 de noviembre del 2026.,Vernier,Tope de compra mensual: Gs. 1.500.000 (guaraníes un millón quinientos mil) por cuenta de tarjeta de crédito (incluye titulares y adicionales).,https://www.beneficiosbancognb.com.py/v2/beneficios/categorias/620,tarjetas de crédito del Banco GNB Paraguay,Hasta 6 cuotas sin intereses para pagos con tarjetas de crédito del Banco GNB Paraguay. Tope de compra mensual: Gs. 1.500.000 (guaraníes un millón quinientos mil) por cuenta de tarjeta de crédito (incluye titulares y adicionales). El descuento en caja no aplica en la compra de Gift Cards,gnb-620-2,base,Tarjetas elegibles,,2026-11-27,,
Casa Pro,Tiendas,Hasta 12 cuotas sin intereses,Todos los días,Del 26 de agosto al 31 de diciembre del 2026.,Casa Pro,,https://www.beneficiosbancognb.com.py/v2/beneficios/categorias/643,tarjetas de crédito del Banco GNB Paraguay,"Hasta 12 cuotas sin intereses con las tarjetas de crédito del Banco GNB Paraguay. No participan de la promoción las tarjetas de débito y crédito de afinidades Empresariales, Corporativas, Gift Card, Gourmet y Prepagas",gnb-643-0,base,Tarjetas elegibles,,2026-12-31,,
El Club del Sommelier,Entretenimiento,30% de reintegro,Todos los días,Del 06 de julio al 31 de diciembre del 2026.,El Club del Sommelier,Tope de compra mensual: Gs. 900.000 (guaranies novecientos mil) por cuenta de tarjeta de crédito (incluye titulares y adicionales).,https://www.beneficiosbancognb.com.py/v2/beneficios/categorias/300,"tarjetas de crédito Mastercard afinidades Black, Black Premier y Metalcard Premier, y Visa afinidades Platinum e Infinite Premier del Banco GNB Paraguay","30% de reintegro en membresías para pagos con tarjetas de crédito Mastercard afinidades Black, Black Premier y Metalcard Premier, y Visa afinidades Platinum e Infinite Premier del Banco GNB Paraguay. Tope de compra mensual: Gs. 900.000 (guaranies novecientos mil) por cuenta de tarjeta de crédito (incluye titulares y adicionales)",gnb-300-0,premium,Black / Premier,,2026-12-31,,
Dermocosmética,Farmacias,25% de reintegro con QR,"viernes, sábado",Del 02 de enero al 28 de noviembre del 2026.,Dermocosmética,Tope de compra mensual en el conjunto de locales adheridos: Gs. 1.500.000 (guaranies un millón quinientos mil) por cuenta de tarjeta de crédito (incluye titulares y adicionales).,https://www.beneficiosbancognb.com.py/v2/beneficios/categorias/322,"tarjetas de crédito Mastercard afinidades Black, Black Premier y Metalcard Premier del Banco GNB Paraguay","25% de reintegro para pagos vía QR con tarjetas de crédito Mastercard afinidades Black, Black Premier y Metalcard Premier del Banco GNB Paraguay. Tope de compra mensual en el conjunto de locales adheridos: Gs. 1.500.000 (guaranies un millón quinientos mil) por cuenta de tarjeta de crédito (incluye titulares y adicionales)",gnb-322-0,premium,Black / Premier,,2026-11-28,,
Dermocosmética,Farmacias,20% de reintegro,"viernes, sábado",Del 02 de enero al 28 de noviembre del 2026.,Dermocosmética,Tope de compra mensual en el conjunto de locales adheridos: Gs. 1.500.000 (guaranies un millón quinientos mil) por cuenta de tarjeta de crédito (incluye titulares y adicionales).,https://www.beneficiosbancognb.com.py/v2/beneficios/categorias/322,"tarjetas de crédito Mastercard afinidades Black, Black Premier y Metalcard Premier del Banco GNB Paraguay","20% de reintegro para pagos con tarjetas de crédito Mastercard afinidades Black, Black Premier y Metalcard Premier del Banco GNB Paraguay. Tope de compra mensual en el conjunto de locales adheridos: Gs. 1.500.000 (guaranies un millón quinientos mil) por cuenta de tarjeta de crédito (incluye titulares y adicionales)",gnb-322-1,premium,Black / Premier,,2026-11-28,,
Dermocosmética,Farmacias,Hasta 3 cuotas sin intereses,"viernes, sábado",Del 02 de enero al 28 de noviembre del 2026.,Dermocosmética,Tope de compra mensual en el conjunto de locales adheridos: Gs. 1.500.000 (guaranies un millón quinientos mil) por cuenta de tarjeta de crédito (incluye titulares y adicionales).,https://www.beneficiosbancognb.com.py/v2/beneficios/categorias/322,"tarjetas de crédito Mastercard afinidades Black, Black Premier y Metalcard Premier del Banco GNB Paraguay","Hasta 3 cuotas sin intereses para pagos con tarjetas de crédito Mastercard afinidades Black, Black Premier y Metalcard Premier del Banco GNB Paraguay. Tope de compra mensual en el conjunto de locales adheridos: Gs. 1.500.000 (guaranies un millón quinientos mil) por cuenta de tarjeta de crédito (incluye titulares y adicionales)",gnb-322-2,premium,Black / Premier,,2026-11-28,,
Peluquerías & Spa,Salud y belleza,25% de reintegro con QR,"viernes, sábado",Del 02 de enero al 28 de noviembre del 2026.,Peluquerías & Spa,Tope de compra mensual en el conjunto de locales adheridos: Gs. 1.500.000 (guaranies un millón quinientos mil) por cuenta de tarjeta de crédito (incluye titulares y adicionales).,https://www.beneficiosbancognb.com.py/v2/beneficios/categorias/323,"tarjetas de crédito Mastercard afinidades Black, Black Premier y Metalcard Premier del Banco GNB Paraguay","25% de reintegro para pagos vía QR con tarjetas de crédito Mastercard afinidades Black, Black Premier y Metalcard Premier del Banco GNB Paraguay. Tope de compra mensual en el conjunto de locales adheridos: Gs. 1.500.000 (guaranies un millón quinientos mil) por cuenta de tarjeta de crédito (incluye titulares y adicionales)",gnb-323-0,premium,Black / Premier,,2026-11-28,,
Peluquerías & Spa,Salud y belleza,20% de reintegro,"viernes, sábado",Del 02 de enero al 28 de noviembre del 2026.,Peluquerías & Spa,Tope de compra mensual en el conjunto de locales adheridos: Gs. 1.500.000 (guaranies un millón quinientos mil) por cuenta de tarjeta de crédito (incluye titulares y adicionales).,https://www.beneficiosbancognb.com.py/v2/beneficios/categorias/323,"tarjetas de crédito Mastercard afinidades Black, Black Premier y Metalcard Premier del Banco GNB Paraguay","20% de reintegro para pagos con tarjetas de crédito Mastercard afinidades Black, Black Premier y Metalcard Premier del Banco GNB Paraguay. Tope de compra mensual en el conjunto de locales adheridos: Gs. 1.500.000 (guaranies un millón quinientos mil) por cuenta de tarjeta de crédito (incluye titulares y adicionales)",gnb-323-1,premium,Black / Premier,,2026-11-28,,
Peluquerías & Spa,Salud y belleza,Hasta 3 cuotas sin intereses,"viernes, sábado",Del 02 de enero al 28 de noviembre del 2026.,Peluquerías & Spa,Tope de compra mensual en el conjunto de locales adheridos: Gs. 1.500.000 (guaranies un millón quinientos mil) por cuenta de tarjeta de crédito (incluye titulares y adicionales).,https://www.beneficiosbancognb.com.py/v2/beneficios/categorias/323,"tarjetas de crédito Mastercard afinidades Black, Black Premier y Metalcard Premier del Banco GNB Paraguay","Hasta 3 cuotas sin intereses para pagos con tarjetas de crédito Mastercard afinidades Black, Black Premier y Metalcard Premier del Banco GNB Paraguay. Tope de compra mensual en el conjunto de locales adheridos: Gs. 1.500.000 (guaranies un millón quinientos mil) por cuenta de tarjeta de crédito (incluye titulares y adicionales)",gnb-323-2,premium,Black / Premier,,2026-11-28,,
Forever 21,Tiendas,20% de descuento con QR,Todos los días,Del 03 de septiembre al 27 de noviembre del 2026.,Forever 21,"Tope de compra mensual: Gs. 2.500.000 (guaraníes dos millones quinientos mil) por cuenta de tarjeta de crédito (incluye titulares y adicionales), el cual aplica en forma conjunta a todos los locales de los comercios adheridos (Springfield, Women Secret, Forever 21, Jack & Jones).",https://www.beneficiosbancognb.com.py/v2/beneficios/categorias/324,tarjetas de crédito del Banco GNB Paraguay,"20% de descuento para pagos con tarjetas de crédito del Banco GNB Paraguay (5% en caja + 15% con tarjetas de crédito físicas). +5% de descuento adicional para pagos con QR con tarjetas de crédito a través de la App Banco GNB Personas. Tope de compra mensual: Gs. 2.500.000 (guaraníes dos millones quinientos mil) por cuenta de tarjeta de crédito (incluye titulares y adicionales), el cual aplica en forma conjunta a todos los locales de los comercios adheridos (Springfield, Women Secret, Forever 21, Jack & Jones). El descuento en caja no aplica en la compra de Gift Cards",gnb-324-0,base,Tarjetas elegibles,,2026-11-27,,
Forever 21,Tiendas,5% de descuento con tarjeta física,Todos los días,Del 03 de septiembre al 27 de noviembre del 2026.,Forever 21,"Tope de compra mensual: Gs. 2.500.000 (guaraníes dos millones quinientos mil) por cuenta de tarjeta de crédito (incluye titulares y adicionales), el cual aplica en forma conjunta a todos los locales de los comercios adheridos (Springfield, Women Secret, Forever 21, Jack & Jones).",https://www.beneficiosbancognb.com.py/v2/beneficios/categorias/324,tarjetas de crédito del Banco GNB Paraguay,"20% de descuento para pagos con tarjetas de crédito del Banco GNB Paraguay (5% en caja + 15% con tarjetas de crédito físicas). +5% de descuento adicional para pagos con QR con tarjetas de crédito a través de la App Banco GNB Personas. Tope de compra mensual: Gs. 2.500.000 (guaraníes dos millones quinientos mil) por cuenta de tarjeta de crédito (incluye titulares y adicionales), el cual aplica en forma conjunta a todos los locales de los comercios adheridos (Springfield, Women Secret, Forever 21, Jack & Jones). El descuento en caja no aplica en la compra de Gift Cards",gnb-324-1,base,Tarjetas elegibles,,2026-11-27,,
Forever 21,Tiendas,Hasta 6 cuotas sin intereses,Todos los días,Del 03 de septiembre al 27 de noviembre del 2026.,Forever 21,"Tope de compra mensual: Gs. 2.500.000 (guaraníes dos millones quinientos mil) por cuenta de tarjeta de crédito (incluye titulares y adicionales), el cual aplica en forma conjunta a todos los locales de los comercios adheridos (Springfield, Women Secret, Forever 21, Jack & Jones).",https://www.beneficiosbancognb.com.py/v2/beneficios/categorias/324,tarjetas de crédito del Banco GNB Paraguay,"Hasta 6 cuotas sin intereses todos los días para pagos con tarjetas de crédito del Banco GNB Paraguay. Tope de compra mensual: Gs. 2.500.000 (guaraníes dos millones quinientos mil) por cuenta de tarjeta de crédito (incluye titulares y adicionales), el cual aplica en forma conjunta a todos los locales de los comercios adheridos (Springfield, Women Secret, Forever 21, Jack & Jones). El descuento en caja no aplica en la compra de Gift Cards",gnb-324-2,base,Tarjetas elegibles,,2026-11-27,,
Farmavip,Farmacias,20% de reintegro,miércoles,Del 12 de agosto al 30 de diciembre del 2026.,Farmavip,"Tope de compra mensual: Gs. 1.000.000 (guaraníes un millón) por cuenta de tarjeta de crédito (incluye titulares y adicionales), el cual aplica en forma conjunta a todos los locales del comercio.",https://www.beneficiosbancognb.com.py/v2/beneficios/categorias/380,tarjetas de crédito Mastercard del Banco GNB Paraguay,"20% de reintegro para pagos con tarjetas de crédito Mastercard del Banco GNB Paraguay todos los miércoles. Tope de compra mensual: Gs. 1.000.000 (guaraníes un millón) por cuenta de tarjeta de crédito (incluye titulares y adicionales), el cual aplica en forma conjunta a todos los locales del comercio. No aplica para pedidos realizados vía delivery y/o e-commerce",gnb-380-0,base,Tarjetas elegibles,,2026-12-30,,
Jade Bistro & Eminent Bistro,Gastronomía,20% de reintegro,de miércoles a domingos,Del 01 de julio al 31 de diciembre del 2026.,Jade Bistro & Eminent Bistro,Tope de compra mensual: Gs. 1.500.000 (guaranies un millón quinientos mil) por cuenta de tarjeta de crédito (incluye titulares y adicionales) en el conjunto de locales adheridos.,https://www.beneficiosbancognb.com.py/v2/beneficios/categorias/492,tarjetas de crédito Mastercard afinidades Black Premier y Metalcard Premier Banco GNB Paraguay,20% de reintegro para pagos con tarjetas de crédito Mastercard afinidades Black Premier y Metalcard Premier Banco GNB Paraguay. Tope de compra mensual: Gs. 1.500.000 (guaranies un millón quinientos mil) por cuenta de tarjeta de crédito (incluye titulares y adicionales) en el conjunto de locales adheridos,gnb-492-0,premium,Black / Premier,,2026-12-31,,
Jade Bistro & Eminent Bistro,Gastronomía,15% de reintegro,de miércoles a domingos,Del 01 de julio al 31 de diciembre del 2026.,Jade Bistro & Eminent Bistro,Tope de compra mensual: Gs. 1.500.000 (guaranies un millón quinientos mil) por cuenta de tarjeta de crédito (incluye titulares y adicionales) en el conjunto de locales adheridos.,https://www.beneficiosbancognb.com.py/v2/beneficios/categorias/492,"tarjetas de crédito afinidades Mastercard Black, y Visa Platinum e Infinite Premier Banco GNB Paraguay","15% de reintegro para pagos con tarjetas de crédito afinidades Mastercard Black, y Visa Platinum e Infinite Premier Banco GNB Paraguay. Tope de compra mensual: Gs. 1.500.000 (guaranies un millón quinientos mil) por cuenta de tarjeta de crédito (incluye titulares y adicionales) en el conjunto de locales adheridos",gnb-492-1,premium,Black / Premier,,2026-12-31,,
Blue Farma,Farmacias,20% de descuento,Todos los días,Del 29 de junio al 28 de diciembre del 2026.,Blue Farma,Tope de compra mensual: Gs. 800.000 (guaraníes ochocientos mil) por cuenta de tarjeta de crédito Incluye titulares y adicionales.,https://www.beneficiosbancognb.com.py/v2/beneficios/categorias/593,"tarjetas de crédito Mastercard Clásicas, Oro, Black, Black Premier y Metalcard Premier del Banco GNB Paraguay","20% de descuento para pagos con tarjetas de crédito Mastercard Clásicas, Oro, Black, Black Premier y Metalcard Premier del Banco GNB Paraguay. Tope de compra mensual: Gs. 800.000 (guaraníes ochocientos mil) por cuenta de tarjeta de crédito Incluye titulares y adicionales. No aplica para pagos realizados a través de plataformas de terceros y/o e-commerce",gnb-593-0,base,Tarjetas elegibles,,2026-12-28,,
Blue Farma,Farmacias,Hasta 6 cuotas sin intereses,Todos los días,Del 29 de junio al 28 de diciembre del 2026.,Blue Farma,Tope de compra mensual: Gs. 800.000 (guaraníes ochocientos mil) por cuenta de tarjeta de crédito Incluye titulares y adicionales.,https://www.beneficiosbancognb.com.py/v2/beneficios/categorias/593,tarjetas de crédito del Banco GNB Paraguay,Hasta 6 cuotas sin intereses para pagos realizados con las tarjetas de crédito del Banco GNB Paraguay. Tope de compra mensual: Gs. 800.000 (guaraníes ochocientos mil) por cuenta de tarjeta de crédito Incluye titulares y adicionales. No aplica para pagos realizados a través de plataformas de terceros y/o e-commerce,gnb-593-1,base,Tarjetas elegibles,,2026-12-28,,
Blue Farma,Farmacias,10% de descuento,Todos los días,Del 29 de junio al 28 de diciembre del 2026.,Blue Farma,Tope de compra mensual: Gs. 800.000 (guaraníes ochocientos mil) por cuenta de tarjeta de crédito Incluye titulares y adicionales.,https://www.beneficiosbancognb.com.py/v2/beneficios/categorias/593,,El 10% de descuento será aplicado por el comercio en caja/mostrador al momento del pago y el 10% restante será vía reintegro en el extracto al cierre o podrá visualizarlo en su app en los movimientos mensuales de su tarjeta. Para el fraccionamiento de las cuotas el cliente deberá solicitar/seleccionar la cantidad de cuotas que sea al momento del pago. Las cuotas se verán reflejadas en el extracto del cliente. Tope de compra mensual: Gs. 800.000 (guaraníes ochocientos mil) por cuenta de tarjeta de crédito Incluye titulares y adicionales. No aplica para pagos realizados a través de plataformas de terceros y/o e-commerce,gnb-593-2,base,Tarjetas elegibles,,2026-12-28,,
Pame Garelik Bags,Tiendas,20% de descuento,sábado,Del 04 de julio al 28 de noviembre del 2026.,Pame Garelik Bags,Tope de compra mensual: Gs. 1.500.000 (guaraníes un millón quinientos mil) por cuenta de tarjeta de crédito Incluye titulares y adicionales.,https://www.beneficiosbancognb.com.py/v2/beneficios/categorias/632,"tarjetas de crédito Mastercard Clásicas, Oro, Black, Black Premier y Metalcard Premier del Banco GNB Paraguay","20% de descuento para pagos con tarjetas de crédito Mastercard Clásicas, Oro, Black, Black Premier y Metalcard Premier del Banco GNB Paraguay. Tope de compra mensual: Gs. 1.500.000 (guaraníes un millón quinientos mil) por cuenta de tarjeta de crédito Incluye titulares y adicionales. No aplica para pagos realizados a través de plataformas de terceros y/o e-commerce",gnb-632-0,base,Tarjetas elegibles,,2026-11-28,,
Pame Garelik Bags,Tiendas,Hasta 6 cuotas sin intereses,sábado,Del 04 de julio al 28 de noviembre del 2026.,Pame Garelik Bags,Tope de compra mensual: Gs. 1.500.000 (guaraníes un millón quinientos mil) por cuenta de tarjeta de crédito Incluye titulares y adicionales.,https://www.beneficiosbancognb.com.py/v2/beneficios/categorias/632,tarjetas de crédito del Banco GNB Paraguay,Hasta 6 cuotas sin intereses con las tarjetas de crédito del Banco GNB Paraguay. Tope de compra mensual: Gs. 1.500.000 (guaraníes un millón quinientos mil) por cuenta de tarjeta de crédito Incluye titulares y adicionales. No aplica para pagos realizados a través de plataformas de terceros y/o e-commerce,gnb-632-1,base,Tarjetas elegibles,,2026-11-28,,
Liberato,Tiendas,20% de reintegro,viernes,Del 02 de octubre al 29 de enero del 2027.,Liberato,"Tope de compra mensual: Gs. 1.000.000 (guaraníes un millón) por cuenta de tarjeta de crédito (incluye titulares y adicionales), el cual aplica en forma conjunta con todas las sucursales de lácteos, restaurantes y heladerías.",https://www.beneficiosbancognb.com.py/v2/beneficios/categorias/671,tarjetas de crédito Mastercard del Banco GNB Paraguay,"20% de reintegro para pagos con tarjetas de crédito Mastercard del Banco GNB Paraguay. Tope de compra mensual: Gs. 1.000.000 (guaraníes un millón) por cuenta de tarjeta de crédito (incluye titulares y adicionales), el cual aplica en forma conjunta con todas las sucursales de lácteos, restaurantes y heladerías",gnb-671-0,base,Tarjetas elegibles,,2027-01-29,,
Óptica Valemar,Salud y belleza,20% de reintegro,viernes,Del 02 de octubre al 27 de noviembre del 2026.,Óptica Valemar,"Tope de compra mensual: Gs. 1.000.000 (guaraníes un millón) por cuenta de tarjeta de crédito (incluye titulares y adicionales), el cual aplica en forma conjunta con todas las sucursales de lácteos, restaurantes y heladerías.",https://www.beneficiosbancognb.com.py/v2/beneficios/categorias/675,tarjetas de crédito Mastercard del Banco GNB Paraguay,"20% de reintegro para pagos con tarjetas de crédito Mastercard del Banco GNB Paraguay. Tope de compra mensual: Gs. 1.000.000 (guaraníes un millón) por cuenta de tarjeta de crédito (incluye titulares y adicionales), el cual aplica en forma conjunta con todas las sucursales de lácteos, restaurantes y heladerías",gnb-675-0,base,Tarjetas elegibles,,2026-11-27,,
Óptica Valemar,Salud y belleza,Hasta 6 cuotas sin intereses,viernes,Del 02 de octubre al 27 de noviembre del 2026.,Óptica Valemar,"Tope de compra mensual: Gs. 1.000.000 (guaraníes un millón) por cuenta de tarjeta de crédito (incluye titulares y adicionales), el cual aplica en forma conjunta con todas las sucursales de lácteos, restaurantes y heladerías.",https://www.beneficiosbancognb.com.py/v2/beneficios/categorias/675,tarjetas de crédito del Banco GNB Paraguay,"Hasta 6 cuotas sin intereses para pagos con tarjetas de crédito del Banco GNB Paraguay. Tope de compra mensual: Gs. 1.000.000 (guaraníes un millón) por cuenta de tarjeta de crédito (incluye titulares y adicionales), el cual aplica en forma conjunta con todas las sucursales de lácteos, restaurantes y heladerías",gnb-675-1,base,Tarjetas elegibles,,2026-11-27,,
Mongomery,Tiendas,20% de descuento,sábado,Del 04 de julio al 28 de noviembre del 2026.,Mongomery,Tope de compra mensual: Gs. 1.000.000 (guaraníes un millón) por cuenta de tarjeta de crédito Incluye titulares y adicionales.,https://www.beneficiosbancognb.com.py/v2/beneficios/categorias/31,"tarjetas de crédito Mastercard Clásicas, Oro, Black, Black Premier y Metalcard Premier del Banco GNB Paraguay","20% de descuento para pagos con tarjetas de crédito Mastercard Clásicas, Oro, Black, Black Premier y Metalcard Premier del Banco GNB Paraguay. Tope de compra mensual: Gs. 1.000.000 (guaraníes un millón) por cuenta de tarjeta de crédito Incluye titulares y adicionales. No aplica para pagos realizados a través de plataformas de terceros y/o e-commerce",gnb-31-0,base,Tarjetas elegibles,,2026-11-28,,
Mongomery,Tiendas,10% de descuento,sábado,Del 04 de julio al 28 de noviembre del 2026.,Mongomery,Tope de compra mensual: Gs. 1.000.000 (guaraníes un millón) por cuenta de tarjeta de crédito Incluye titulares y adicionales.,https://www.beneficiosbancognb.com.py/v2/beneficios/categorias/31,,El 10% de descuento será aplicado por el comercio en caja/mostrador al momento del pago y el 10% restante será vía reintegro en el extracto al cierre o podrá visualizarlo en su app en los movimientos mensuales de su tarjeta. Tope de compra mensual: Gs. 1.000.000 (guaraníes un millón) por cuenta de tarjeta de crédito Incluye titulares y adicionales. No aplica para pagos realizados a través de plataformas de terceros y/o e-commerce,gnb-31-1,base,Tarjetas elegibles,,2026-11-28,,
Areté y Festa,Supermercados,15% de reintegro,Todos los días,Del 01 de enero al 31 de diciembre del 2026.,Areté y Festa,"Tope de compra mensual de Gs. 2.000.000 (guaraníes dos millones) en conjunto de Areté y Festa, por cuenta de tarjeta de crédito (Incluye titulares y adicionales) equivalente a un reintegro máximo mensual en el extracto Gs. 300.000 (guaraníes trescientos mil) para pagos con tarjetas de crédito Banco GNB aplicado al total de compras realizadas en Areté.",https://www.beneficiosbancognb.com.py/v2/beneficios/categorias/47,tarjetas de crédito del Banco GNB Paraguay,"15% de reintegro para pagos con tarjetas de crédito del Banco GNB Paraguay. Tope de compra mensual de Gs. 2.000.000 (guaraníes dos millones) en conjunto de Areté y Festa, por cuenta de tarjeta de crédito (Incluye titulares y adicionales) equivalente a un reintegro máximo mensual en el extracto Gs. 300.000 (guaraníes trescientos mil) para pagos con tarjetas de crédito Banco GNB aplicado al total de compras realizadas en Areté. No aplica compras realizadas a través de plataformas de terceros",gnb-47-0,base,Tarjetas elegibles,,2026-12-31,,
Farmatotal,Farmacias,25% de descuento,jueves,Del 02 de julio al 31 de diciembre del 2026.,Farmatotal,"Tope de compra mensual: Gs. 1.000.000 (guaraníes un millón) por cuenta de tarjeta de crédito (incluye titulares y adicionales), el cual aplica en forma conjunta a todos los locales del comercio.",https://www.beneficiosbancognb.com.py/v2/beneficios/categorias/352,tarjetas de crédito del Banco GNB Paraguay,"Hasta 25% de descuento en caja para pagos con tarjetas de crédito del Banco GNB Paraguay todos los jueves. Tope de compra mensual: Gs. 1.000.000 (guaraníes un millón) por cuenta de tarjeta de crédito (incluye titulares y adicionales), el cual aplica en forma conjunta a todos los locales del comercio. No aplica para pedidos realizados vía delivery y/o e-commerce",gnb-352-0,base,Tarjetas elegibles,,2026-12-31,,
Farmatotal,Farmacias,5% de reintegro,jueves,Del 02 de julio al 31 de diciembre del 2026.,Farmatotal,"Tope de compra mensual: Gs. 1.000.000 (guaraníes un millón) por cuenta de tarjeta de crédito (incluye titulares y adicionales), el cual aplica en forma conjunta a todos los locales del comercio.",https://www.beneficiosbancognb.com.py/v2/beneficios/categorias/352,tarjetas de crédito físicas Mastercard del Banco GNB Paraguay,"5% de reintegro para pagos con tarjetas de crédito físicas Mastercard del Banco GNB Paraguay. Tope de compra mensual: Gs. 1.000.000 (guaraníes un millón) por cuenta de tarjeta de crédito (incluye titulares y adicionales), el cual aplica en forma conjunta a todos los locales del comercio. No aplica para pedidos realizados vía delivery y/o e-commerce",gnb-352-1,base,Tarjetas elegibles,,2026-12-31,,
Farmatotal,Farmacias,10% de reintegro con QR,jueves,Del 02 de julio al 31 de diciembre del 2026.,Farmatotal,"Tope de compra mensual: Gs. 1.000.000 (guaraníes un millón) por cuenta de tarjeta de crédito (incluye titulares y adicionales), el cual aplica en forma conjunta a todos los locales del comercio.",https://www.beneficiosbancognb.com.py/v2/beneficios/categorias/352,tarjetas de crédito Mastercard a través de la App Banco GNB Personas,"+5% de reintegro adicional para pagos con QR con tarjetas de crédito Mastercard a través de la App Banco GNB Personas. Tope de compra mensual: Gs. 1.000.000 (guaraníes un millón) por cuenta de tarjeta de crédito (incluye titulares y adicionales), el cual aplica en forma conjunta a todos los locales del comercio. No aplica para pedidos realizados vía delivery y/o e-commerce",gnb-352-2,base,Tarjetas elegibles,,2026-12-31,,
Farmatotal,Farmacias,5% de reintegro con tarjeta física,jueves,Del 02 de julio al 31 de diciembre del 2026.,Farmatotal,"Tope de compra mensual: Gs. 1.000.000 (guaraníes un millón) por cuenta de tarjeta de crédito (incluye titulares y adicionales), el cual aplica en forma conjunta a todos los locales del comercio.",https://www.beneficiosbancognb.com.py/v2/beneficios/categorias/352,tarjetas de crédito Mastercard a través de la App Banco GNB Personas,"+5% de reintegro adicional para pagos con QR con tarjetas de crédito Mastercard a través de la App Banco GNB Personas. Tope de compra mensual: Gs. 1.000.000 (guaraníes un millón) por cuenta de tarjeta de crédito (incluye titulares y adicionales), el cual aplica en forma conjunta a todos los locales del comercio. No aplica para pedidos realizados vía delivery y/o e-commerce",gnb-352-3,base,Tarjetas elegibles,,2026-12-31,,
Farmatotal,Farmacias,Hasta 3 cuotas sin intereses,jueves,Del 02 de julio al 31 de diciembre del 2026.,Farmatotal,"Tope de compra mensual: Gs. 1.000.000 (guaraníes un millón) por cuenta de tarjeta de crédito (incluye titulares y adicionales), el cual aplica en forma conjunta a todos los locales del comercio.",https://www.beneficiosbancognb.com.py/v2/beneficios/categorias/352,tarjetas de crédito Mastercard del Banco GNB Paraguay,"Hasta 3 cuotas sin intereses para pagos con tarjetas de crédito Mastercard del Banco GNB Paraguay. Tope de compra mensual: Gs. 1.000.000 (guaraníes un millón) por cuenta de tarjeta de crédito (incluye titulares y adicionales), el cual aplica en forma conjunta a todos los locales del comercio. No aplica para pedidos realizados vía delivery y/o e-commerce",gnb-352-4,base,Tarjetas elegibles,,2026-12-31,,
Malandras Grill,Gastronomía,30% de reintegro,de miércoles a domingos,Del 22 de abril al 1 de noviembre del 2026.,Malandras Grill,Tope de compra mensual: Gs. 2.000.000 (guaranies dos millones) por cuenta de tarjeta de crédito (incluye titulares y adicionales).,https://www.beneficiosbancognb.com.py/v2/beneficios/categorias/477,"tarjetas de crédito Mastercard afinidades Black, Black Premier y Metalcard Premier y Visa afinidades Platinum e Infinite Premier del Banco GNB Paraguay","30% de reintegro para pagos con tarjetas de crédito Mastercard afinidades Black, Black Premier y Metalcard Premier y Visa afinidades Platinum e Infinite Premier del Banco GNB Paraguay. Tope de compra mensual: Gs. 2.000.000 (guaranies dos millones) por cuenta de tarjeta de crédito (incluye titulares y adicionales). No aplica para pagos realizados a través de plataformas de terceros (Pedidos Ya, Monchis, entre otros) y/o e-commerce",gnb-477-0,premium,Black / Premier,,2026-11-01,,
Penina Shoes - Galan For Men,Tiendas,20% de descuento,sábado,Del 04 de julio al 28 de noviembre del 2026.,Penina Shoes - Galan For Men,Tope de compra mensual: Gs. 1.000.000 (guaraníes un milón) por cuenta de tarjeta de crédito (incluye titulares y adicionales).,https://www.beneficiosbancognb.com.py/v2/beneficios/categorias/488,"tarjetas de crédito Mastercard Clásicas, Oro, Black, Black Premier y Metalcard Premier del Banco GNB Paraguay","20% de descuento para pagos con tarjetas de crédito Mastercard Clásicas, Oro, Black, Black Premier y Metalcard Premier del Banco GNB Paraguay. Tope de compra mensual: Gs. 1.000.000 (guaraníes un milón) por cuenta de tarjeta de crédito (incluye titulares y adicionales). No aplica para pagos realizados a través de plataformas de terceros y/o e-commerce",gnb-488-0,base,Tarjetas elegibles,,2026-11-28,,
Penina Shoes - Galan For Men,Tiendas,10% de descuento,sábado,Del 04 de julio al 28 de noviembre del 2026.,Penina Shoes - Galan For Men,Tope de compra mensual: Gs. 1.000.000 (guaraníes un milón) por cuenta de tarjeta de crédito (incluye titulares y adicionales).,https://www.beneficiosbancognb.com.py/v2/beneficios/categorias/488,,El 10% de descuento será aplicado por el comercio en caja/mostrador al momento del pago y el 10% restante será vía reintegro en el extracto al cierre o podrá visualizarlo en su app en los movimientos mensuales de su tarjeta. Tope de compra mensual: Gs. 1.000.000 (guaraníes un milón) por cuenta de tarjeta de crédito (incluye titulares y adicionales). No aplica para pagos realizados a través de plataformas de terceros y/o e-commerce,gnb-488-1,base,Tarjetas elegibles,,2026-11-28,,
Anouk - Hans & Baby An,Tiendas,20% de descuento,jueves,Del 02 de julio al 26 de noviembre del 2026.,Anouk - Hans & Baby An,Tope de compra mensual: Gs. 1.000.000 (guaraníes un millón) por cuenta de tarjeta de crédito Incluye titulares y adicionales.,https://www.beneficiosbancognb.com.py/v2/beneficios/categorias/490,"tarjetas de crédito Mastercard Clásicas, Oro, Black, Black Premier y Metalcard Premier del Banco GNB Paraguay","20% de descuento para pagos con tarjetas de crédito Mastercard Clásicas, Oro, Black, Black Premier y Metalcard Premier del Banco GNB Paraguay. Tope de compra mensual: Gs. 1.000.000 (guaraníes un millón) por cuenta de tarjeta de crédito Incluye titulares y adicionales. No aplica para pagos realizados a través de plataformas de terceros y/o e-commerce",gnb-490-0,base,Tarjetas elegibles,,2026-11-26,,
Anouk - Hans & Baby An,Tiendas,Hasta 6 cuotas sin intereses,jueves,Del 02 de julio al 26 de noviembre del 2026.,Anouk - Hans & Baby An,Tope de compra mensual: Gs. 1.000.000 (guaraníes un millón) por cuenta de tarjeta de crédito Incluye titulares y adicionales.,https://www.beneficiosbancognb.com.py/v2/beneficios/categorias/490,tarjetas de crédito Banco GNB Paraguay,Hasta 6 cuotas sin intereses para pagos con tarjetas de crédito Banco GNB Paraguay. Tope de compra mensual: Gs. 1.000.000 (guaraníes un millón) por cuenta de tarjeta de crédito Incluye titulares y adicionales. No aplica para pagos realizados a través de plataformas de terceros y/o e-commerce,gnb-490-1,base,Tarjetas elegibles,,2026-11-26,,
Anouk - Hans & Baby An,Tiendas,10% de descuento,jueves,Del 02 de julio al 26 de noviembre del 2026.,Anouk - Hans & Baby An,Tope de compra mensual: Gs. 1.000.000 (guaraníes un millón) por cuenta de tarjeta de crédito Incluye titulares y adicionales.,https://www.beneficiosbancognb.com.py/v2/beneficios/categorias/490,,El 10% de descuento será aplicado por el comercio en caja/mostrador al momento del pago y el 10% restante será vía reintegro en el extracto al cierre o podrá visualizarlo en su app en los movimientos mensuales de su tarjeta. Para el fraccionamiento de las cuotas el cliente deberá solicitar/seleccionar la cantidad de cuotas que desea al momento del pago. Las cuotas se verán reflejadas en el extracto del cliente. Tope de compra mensual: Gs. 1.000.000 (guaraníes un millón) por cuenta de tarjeta de crédito Incluye titulares y adicionales. No aplica para pagos realizados a través de plataformas de terceros y/o e-commerce,gnb-490-2,base,Tarjetas elegibles,,2026-11-26,,
Artemera,Tiendas,25% de reintegro,Todos los días,Del 11 de septiembre al 27 de noviembre del 2026.,Artemera,Tope de compra mensual: Gs. 1.500.000 (guaraníes un millón quinientos mil) por cuenta de tarjeta de crédito Incluye titulares y adicionales.,https://www.beneficiosbancognb.com.py/v2/beneficios/categorias/491,"tarjetas de crédito Mastercard Black, Black Premier y Metalcard Premier del Banco GNB Paraguay","25% de reintegro para pagos con tarjetas de crédito Mastercard Black, Black Premier y Metalcard Premier del Banco GNB Paraguay. Tope de compra mensual: Gs. 1.500.000 (guaraníes un millón quinientos mil) por cuenta de tarjeta de crédito Incluye titulares y adicionales",gnb-491-0,premium,Black / Premier,,2026-11-27,,
Artemera,Tiendas,20% de reintegro,Todos los días,Del 11 de septiembre al 27 de noviembre del 2026.,Artemera,Tope de compra mensual: Gs. 1.500.000 (guaraníes un millón quinientos mil) por cuenta de tarjeta de crédito Incluye titulares y adicionales.,https://www.beneficiosbancognb.com.py/v2/beneficios/categorias/491,tarjetas de crédito Mastercard Clásicas y Oro del Banco GNB Paraguay,20% de reintegro para pagos con tarjetas de crédito Mastercard Clásicas y Oro del Banco GNB Paraguay. Tope de compra mensual: Gs. 1.500.000 (guaraníes un millón quinientos mil) por cuenta de tarjeta de crédito Incluye titulares y adicionales,gnb-491-1,base,Tarjetas elegibles,,2026-11-27,,
Artemera,Tiendas,Hasta 6 cuotas sin intereses,Todos los días,Del 11 de septiembre al 27 de noviembre del 2026.,Artemera,Tope de compra mensual: Gs. 1.500.000 (guaraníes un millón quinientos mil) por cuenta de tarjeta de crédito Incluye titulares y adicionales.,https://www.beneficiosbancognb.com.py/v2/beneficios/categorias/491,tarjetas de crédito Banco GNB Paraguay,Hasta 6 cuotas sin intereses para pagos con tarjetas de crédito Banco GNB Paraguay. Tope de compra mensual: Gs. 1.500.000 (guaraníes un millón quinientos mil) por cuenta de tarjeta de crédito Incluye titulares y adicionales,gnb-491-2,base,Tarjetas elegibles,,2026-11-27,,
Todo Cubierta,Vehículos,20% de descuento,Todos los días,Del 08 de enero al 31 de diciembre del 2026.,Todo Cubierta,,https://www.beneficiosbancognb.com.py/v2/beneficios/categorias/508,tarjetas de crédito del Banco GNB Paraguay,Hasta 20% de descuento para pagos con tarjetas de crédito del Banco GNB Paraguay,gnb-508-0,base,Tarjetas elegibles,,2026-12-31,,
Todo Cubierta,Vehículos,Hasta 12 cuotas sin intereses,Todos los días,Del 08 de enero al 31 de diciembre del 2026.,Todo Cubierta,,https://www.beneficiosbancognb.com.py/v2/beneficios/categorias/508,"tarjetas de crédito Clásicas, Oro, Experience, Black, Black Premier, Metalcard Premier, Platinum e Infinite del Banco GNB Paraguay","Hasta 12 cuotas sin intereses para pagos con tarjetas de crédito Clásicas, Oro, Experience, Black, Black Premier, Metalcard Premier, Platinum e Infinite del Banco GNB Paraguay",gnb-508-1,base,Tarjetas elegibles,,2026-12-31,,
Todo Cubierta,Vehículos,20% de descuento,Todos los días,Del 08 de enero al 31 de diciembre del 2026.,Todo Cubierta,,https://www.beneficiosbancognb.com.py/v2/beneficios/categorias/508,,El descuento es realizado en caja. 20% de descuento para servicios y 5% para productos . Para el fraccionamiento de las cuotas el cliente deberá solicitar/seleccionar la cantidad de cuotas que desea al momento del pago. Las cuotas se verán reflejadas en el extracto del cliente,gnb-508-2,base,Tarjetas elegibles,,2026-12-31,,
Paats & Paats,Tiendas,20% de descuento,viernes,Del 03 de julio al 27 de noviembre del 2026.,Paats & Paats,Tope de compra mensual: Gs. 1.000.000 (guaraníes un milón) por cuenta de tarjeta de crédito (incluye titulares y adicionales).,https://www.beneficiosbancognb.com.py/v2/beneficios/categorias/515,"tarjetas de crédito Mastercard Clásicas, Oro, Black, Black Premier y Metalcard Premier del Banco GNB Paraguay","20% de descuento para pagos con tarjetas de crédito Mastercard Clásicas, Oro, Black, Black Premier y Metalcard Premier del Banco GNB Paraguay. Tope de compra mensual: Gs. 1.000.000 (guaraníes un milón) por cuenta de tarjeta de crédito (incluye titulares y adicionales). No aplica para pagos realizados a través de plataformas de terceros y/o e-commerce",gnb-515-0,base,Tarjetas elegibles,,2026-11-27,,
Paats & Paats,Tiendas,Hasta 6 cuotas sin intereses,viernes,Del 03 de julio al 27 de noviembre del 2026.,Paats & Paats,Tope de compra mensual: Gs. 1.000.000 (guaraníes un milón) por cuenta de tarjeta de crédito (incluye titulares y adicionales).,https://www.beneficiosbancognb.com.py/v2/beneficios/categorias/515,tarjetas de crédito del Banco GNB Paraguay,Hasta 6 cuotas sin intereses para pagos con tarjetas de crédito del Banco GNB Paraguay. Tope de compra mensual: Gs. 1.000.000 (guaraníes un milón) por cuenta de tarjeta de crédito (incluye titulares y adicionales). No aplica para pagos realizados a través de plataformas de terceros y/o e-commerce,gnb-515-1,base,Tarjetas elegibles,,2026-11-27,,
Paats & Paats,Tiendas,10% de descuento,viernes,Del 03 de julio al 27 de noviembre del 2026.,Paats & Paats,Tope de compra mensual: Gs. 1.000.000 (guaraníes un milón) por cuenta de tarjeta de crédito (incluye titulares y adicionales).,https://www.beneficiosbancognb.com.py/v2/beneficios/categorias/515,,El 10% de descuento será aplicado por el comercio en caja/mostrador al momento del pago y el 10% restante será vía reintegro en el extracto al cierre o podrá visualizarlo en su app en los movimientos mensuales de su tarjeta. Para el fraccionamiento de las cuotas el cliente deberá solicitar/seleccionar la cantidad de cuotas que desea al momento del pago. Las cuotas se verán reflejadas en el extracto del cliente. Tope de compra mensual: Gs. 1.000.000 (guaraníes un milón) por cuenta de tarjeta de crédito (incluye titulares y adicionales). No aplica para pagos realizados a través de plataformas de terceros y/o e-commerce,gnb-515-2,base,Tarjetas elegibles,,2026-11-27,,
Hiperfiesta,Tiendas,20% de descuento,Todos los días,Del 02 de enero al 31 de diciembre del 2026.,Hiperfiesta,Tope de compra mensual: Gs. 500.000 (guaraníes quinientos mil) por cuenta de tarjeta de crédito (incluye titulares y adicionales).,https://www.beneficiosbancognb.com.py/v2/beneficios/categorias/518,"tarjetas de crédito Mastercard Clásicas, Oro, Black, Black Premier y Metalcard Premier del Banco GNB Paraguay","20% de descuento para pagos con tarjetas de crédito Mastercard Clásicas, Oro, Black, Black Premier y Metalcard Premier del Banco GNB Paraguay. Tope de compra mensual: Gs. 500.000 (guaraníes quinientos mil) por cuenta de tarjeta de crédito (incluye titulares y adicionales). No aplica para pagos realizados a través de plataformas de terceros y/o e-commerce",gnb-518-0,base,Tarjetas elegibles,,2026-12-31,,
Hiperfiesta,Tiendas,10% de descuento,Todos los días,Del 02 de enero al 31 de diciembre del 2026.,Hiperfiesta,Tope de compra mensual: Gs. 500.000 (guaraníes quinientos mil) por cuenta de tarjeta de crédito (incluye titulares y adicionales).,https://www.beneficiosbancognb.com.py/v2/beneficios/categorias/518,,El 10% de descuento será aplicado por el comercio en caja/mostrador al momento del pago y el 10% restante será vía reintegro en el extracto al cierre o podrá visualizarlo en su app en los movimientos mensuales de su tarjeta. Tope de compra mensual: Gs. 500.000 (guaraníes quinientos mil) por cuenta de tarjeta de crédito (incluye titulares y adicionales). No aplica para pagos realizados a través de plataformas de terceros y/o e-commerce,gnb-518-1,base,Tarjetas elegibles,,2026-12-31,,
Supermercado AhorraMás,Supermercados,25% de reintegro,jueves,Del 15 de enero al 31 de diciembre del 2026.,Supermercado AhorraMás,Tope de compra mensual: Gs. 1.000.000 (guaraníes un millón) por cuenta de tarjeta de crédito Incluye titulares y adicionales.,https://www.beneficiosbancognb.com.py/v2/beneficios/categorias/526,"tarjetas de crédito Mastercard Clásicas, Oro, Black, Black Premier y Metalcard Premier del Banco GNB Paraguay","25% de reintegro para pagos con tarjetas de crédito Mastercard Clásicas, Oro, Black, Black Premier y Metalcard Premier del Banco GNB Paraguay. Tope de compra mensual: Gs. 1.000.000 (guaraníes un millón) por cuenta de tarjeta de crédito Incluye titulares y adicionales. No aplica a compras realizadas mediante delivery o plataformas de terceros",gnb-526-0,base,Tarjetas elegibles,,2026-12-31,,
Librería Emanuel,Tiendas,20% de descuento,viernes,Del 17 de abril al 30 de octubre del 2026.,Librería Emanuel,Tope de compra mensual: Gs. 500.000 (guaraníes quinientos mil) por cuenta de tarjeta de crédito Incluye titulares y adicionales.,https://www.beneficiosbancognb.com.py/v2/beneficios/categorias/528,"tarjetas de crédito Mastercard Clásicas, Oro, Black, Black Premier y Metalcard Premier del Banco GNB Paraguay","20% de descuento para pagos con tarjetas de crédito Mastercard Clásicas, Oro, Black, Black Premier y Metalcard Premier del Banco GNB Paraguay. Tope de compra mensual: Gs. 500.000 (guaraníes quinientos mil) por cuenta de tarjeta de crédito Incluye titulares y adicionales. No aplica para pagos realizados a través de plataformas de terceros y/o e-commerce",gnb-528-0,base,Tarjetas elegibles,,2026-10-30,,
Librería Emanuel,Tiendas,Hasta 6 cuotas sin intereses,viernes,Del 17 de abril al 30 de octubre del 2026.,Librería Emanuel,Tope de compra mensual: Gs. 500.000 (guaraníes quinientos mil) por cuenta de tarjeta de crédito Incluye titulares y adicionales.,https://www.beneficiosbancognb.com.py/v2/beneficios/categorias/528,tarjetas de crédito del Banco GNB Paraguay,Hasta 6 cuotas sin intereses para pagos con tarjetas de crédito del Banco GNB Paraguay. Tope de compra mensual: Gs. 500.000 (guaraníes quinientos mil) por cuenta de tarjeta de crédito Incluye titulares y adicionales. No aplica para pagos realizados a través de plataformas de terceros y/o e-commerce,gnb-528-1,base,Tarjetas elegibles,,2026-10-30,,
Librería Emanuel,Tiendas,10% de descuento,viernes,Del 17 de abril al 30 de octubre del 2026.,Librería Emanuel,Tope de compra mensual: Gs. 500.000 (guaraníes quinientos mil) por cuenta de tarjeta de crédito Incluye titulares y adicionales.,https://www.beneficiosbancognb.com.py/v2/beneficios/categorias/528,,El 10% de descuento será aplicado por el comercio en caja/mostrador al momento del pago y el 10% restante será vía reintegro en el extracto al cierre o podrá visualizarlo en su app en los movimientos mensuales de su tarjeta. Para el fraccionamiento de las cuotas el cliente deberá solicitar/seleccionar la cantidad de cuotas que desea al momento del pago. Las cuotas se verán reflejadas en el extracto del cliente. Tope de compra mensual: Gs. 500.000 (guaraníes quinientos mil) por cuenta de tarjeta de crédito Incluye titulares y adicionales. No aplica para pagos realizados a través de plataformas de terceros y/o e-commerce,gnb-528-2,base,Tarjetas elegibles,,2026-10-30,,
Meyer Lab,Tiendas,20% de reintegro,de lunes a sábados,Del 27 de marzo al 31 de diciembre del 2026.,Meyer Lab,Tope de compra mensual: Gs. 500.000 (guaraníes quinientos mil) por cuenta de tarjeta de crédito Incluye titulares y adicionales.,https://www.beneficiosbancognb.com.py/v2/beneficios/categorias/533,"tarjetas de crédito Mastercard Clásicas, Oro, Black, Black Premier y Metalcard Premier del Banco GNB Paraguay","20% de reintegro para pagos con tarjetas de crédito Mastercard Clásicas, Oro, Black, Black Premier y Metalcard Premier del Banco GNB Paraguay. Tope de compra mensual: Gs. 500.000 (guaraníes quinientos mil) por cuenta de tarjeta de crédito Incluye titulares y adicionales",gnb-533-0,base,Tarjetas elegibles,,2026-12-31,,
Meyer Lab,Tiendas,Hasta 12 cuotas sin intereses,de lunes a sábados,Del 27 de marzo al 31 de diciembre del 2026.,Meyer Lab,Tope de compra mensual: Gs. 500.000 (guaraníes quinientos mil) por cuenta de tarjeta de crédito Incluye titulares y adicionales.,https://www.beneficiosbancognb.com.py/v2/beneficios/categorias/533,tarjetas de crédito del Banco GNB Paraguay,Hasta 12 cuotas sin intereses para pagos con tarjetas de crédito del Banco GNB Paraguay. Tope de compra mensual: Gs. 500.000 (guaraníes quinientos mil) por cuenta de tarjeta de crédito Incluye titulares y adicionales,gnb-533-1,base,Tarjetas elegibles,,2026-12-31,,
FCE,Tiendas,15% de descuento,Todos los días,Del 05 de enero al 31 de diciembre del 2026.,FCE,,https://www.beneficiosbancognb.com.py/v2/beneficios/categorias/535,tarjetas de crédito del Banco GNB Paraguay,"15% de descuento para pagos con las tarjetas de crédito del Banco GNB Paraguay. No participan de la promoción las tarjetas de débito y crédito de afinidades Empresariales, Corporativas, Gift Card, Gourmet y Prepagas",gnb-535-0,base,Tarjetas elegibles,,2026-12-31,,
FCE,Tiendas,Hasta 12 cuotas sin intereses,Todos los días,Del 05 de enero al 31 de diciembre del 2026.,FCE,,https://www.beneficiosbancognb.com.py/v2/beneficios/categorias/535,tarjetas de crédito del Banco GNB Paraguay,"Hasta 12 cuotas sin intereses con las tarjetas de crédito del Banco GNB Paraguay. No participan de la promoción las tarjetas de débito y crédito de afinidades Empresariales, Corporativas, Gift Card, Gourmet y Prepagas",gnb-535-1,base,Tarjetas elegibles,,2026-12-31,,
Farmalife,Farmacias,20% de reintegro,miércoles,Del 05 de agosto al 30 de diciembre del 2026.,Farmalife,"Tope de compra mensual: Gs. 1.000.000 (guaraníes un millón) por cuenta de tarjeta de crédito (incluye titulares y adicionales), el cual aplica en forma conjunta a todos los locales del comercio.",https://www.beneficiosbancognb.com.py/v2/beneficios/categorias/555,tarjetas de crédito Mastercard del Banco GNB Paraguay,"20% de reintegro para pagos con tarjetas de crédito Mastercard del Banco GNB Paraguay todos los miércoles. Tope de compra mensual: Gs. 1.000.000 (guaraníes un millón) por cuenta de tarjeta de crédito (incluye titulares y adicionales), el cual aplica en forma conjunta a todos los locales del comercio. No aplica para pedidos realizados vía delivery y/o e-commerce. No participan de la promoción las tarjetas de débito y crédito; Visa, de afinidades Empresariales, Corporativas, Gift Card, Gourmet y Prepagas",gnb-555-0,base,Tarjetas elegibles,,2026-12-30,,
Popeyes,Gastronomía,25% de reintegro,"lunes, martes",Del 06 de julio al 29 de diciembre del 2026.,Popeyes,Tope de compra mensual: Gs. 600.000 (guaranies seiscientos mil) por cuenta de tarjeta de crédito (incluye titulares y adicionales).,https://www.beneficiosbancognb.com.py/v2/beneficios/categorias/559,"tarjetas de crédito afinidades Mastercard Black, Black Premier y Metalcard Premier","25% de reintegro para pagos con tarjetas de crédito afinidades Mastercard Black, Black Premier y Metalcard Premier; Visa Platinum e Infinite del Banco GNB Paraguay. Tope de compra mensual: Gs. 600.000 (guaranies seiscientos mil) por cuenta de tarjeta de crédito (incluye titulares y adicionales). Aplica única y exclusivamente para compras realizadas en locales, carry out, e-commerce y delivery directo de Popeyes . No aplica para compras realizadas a través de plataformas de terceros",gnb-559-0,premium,Black / Premier,,2026-12-29,,
Popeyes,Gastronomía,20% de reintegro,"lunes, martes",Del 06 de julio al 29 de diciembre del 2026.,Popeyes,Tope de compra mensual: Gs. 600.000 (guaranies seiscientos mil) por cuenta de tarjeta de crédito (incluye titulares y adicionales).,https://www.beneficiosbancognb.com.py/v2/beneficios/categorias/559,tarjetas de crédito afinidades Mastercard Clásicas y Oro,"20% de reintegro para pagos con tarjetas de crédito afinidades Mastercard Clásicas y Oro; Visa Clásicas, Oro y Experience del Banco GNB Paraguay. Tope de compra mensual: Gs. 600.000 (guaranies seiscientos mil) por cuenta de tarjeta de crédito (incluye titulares y adicionales). Aplica única y exclusivamente para compras realizadas en locales, carry out, e-commerce y delivery directo de Popeyes . No aplica para compras realizadas a través de plataformas de terceros",gnb-559-1,base,Tarjetas elegibles,,2026-12-29,,
Popeyes,Gastronomía,10% de reintegro,"lunes, martes",Del 06 de julio al 29 de diciembre del 2026.,Popeyes,Tope de compra mensual: Gs. 600.000 (guaranies seiscientos mil) por cuenta de tarjeta de crédito (incluye titulares y adicionales).,https://www.beneficiosbancognb.com.py/v2/beneficios/categorias/559,,"10% de reintegro para pagos con tarjetas prepagas del Banco GNB Paraguay. Tope de compra mensual: Gs. 600.000 (guaranies seiscientos mil) por cuenta de tarjeta de crédito (incluye titulares y adicionales). Aplica única y exclusivamente para compras realizadas en locales, carry out, e-commerce y delivery directo de Popeyes . No aplica para compras realizadas a través de plataformas de terceros",gnb-559-2,base,Tarjetas elegibles,,2026-12-29,,
Mi Portal Coca Cola,Tiendas,20% de descuento,lunes,Del 8 de junio al 28 de diciembre del 2026.,Mi Portal Coca Cola,Tope de compra mensual: Gs. 1.000.000 (guaraníes un millón) por cuenta de tarjeta de crédito Incluye titulares y adicionales.,https://www.beneficiosbancognb.com.py/v2/beneficios/categorias/566,"tarjetas de crédito Mastercard Clásicas, Oro, Black, Black Premier y Metalcard Premier del Banco GNB Paraguay","20% de descuento para pagos con tarjetas de crédito Mastercard Clásicas, Oro, Black, Black Premier y Metalcard Premier del Banco GNB Paraguay. Tope de compra mensual: Gs. 1.000.000 (guaraníes un millón) por cuenta de tarjeta de crédito Incluye titulares y adicionales. No aplica para pagos realizados a través de plataformas de terceros",gnb-566-0,base,Tarjetas elegibles,,2026-12-28,,
Padel Point,Entretenimiento,10% de descuento,Todos los días,Del 16 de febrero al 31 de diciembre del 2026.,Padel Point,,https://www.beneficiosbancognb.com.py/v2/beneficios/categorias/567,"tarjetas de crédito Mastercard Clásicas, Oro, Black, Black Premier y Metalcard Premier del Banco GNB Paraguay","10% de descuento para pagos con tarjetas de crédito Mastercard Clásicas, Oro, Black, Black Premier y Metalcard Premier del Banco GNB Paraguay. No participan de la promoción las tarjetas de débito y crédito, de afinidades Empresariales, Corporativas, Gift Card, Gourmet y Prepagas",gnb-567-0,base,Tarjetas elegibles,,2026-12-31,,
Padel Point,Entretenimiento,Hasta 12 cuotas sin intereses,Todos los días,Del 16 de febrero al 31 de diciembre del 2026.,Padel Point,,https://www.beneficiosbancognb.com.py/v2/beneficios/categorias/567,tarjetas de crédito del Banco GNB Paraguay,"Hasta 12 cuotas sin intereses para pagos con tarjetas de crédito del Banco GNB Paraguay. No participan de la promoción las tarjetas de débito y crédito, de afinidades Empresariales, Corporativas, Gift Card, Gourmet y Prepagas",gnb-567-1,base,Tarjetas elegibles,,2026-12-31,,
Jeep,Vehículos,25% de descuento,Todos los días,Del 23 de enero al 27 de noviembre del 2026.,Jeep,"Tope de compra mensual: Gs. 1.500.000 (guaraníes un millón quinientos mil) para tarjetas de crédito Mastercard y Visa Clásicas, Oro Platinum e Infinite. y Gs. 3.000.000 (guaraníes tres millones) para tarjetas de crédito Mastercard Black, Black Premier y Metalcard Premier el cual aplica en forma conjunta a todos los locales de los comercios adheridos.",https://www.beneficiosbancognb.com.py/v2/beneficios/categorias/570,"tarjetas de crédito afinidades Black, Black Premier y Metalcard Premier del Banco GNB Paraguay","25% de descuento para pagos con tarjetas de crédito afinidades Black, Black Premier y Metalcard Premier del Banco GNB Paraguay los días viernes. Tope de compra mensual: Gs. 1.500.000 (guaraníes un millón quinientos mil) para tarjetas de crédito Mastercard y Visa Clásicas, Oro Platinum e Infinite. y Gs. 3.000.000 (guaraníes tres millones) para tarjetas de crédito Mastercard Black, Black Premier y Metalcard Premier el cual aplica en forma conjunta a todos los locales de los comercios adheridos. El descuento en caja no aplica en la compra de Gift Cards",gnb-570-0,premium,Black / Premier,,2026-11-27,,
Jeep,Vehículos,20% de descuento,Todos los días,Del 23 de enero al 27 de noviembre del 2026.,Jeep,"Tope de compra mensual: Gs. 1.500.000 (guaraníes un millón quinientos mil) para tarjetas de crédito Mastercard y Visa Clásicas, Oro Platinum e Infinite. y Gs. 3.000.000 (guaraníes tres millones) para tarjetas de crédito Mastercard Black, Black Premier y Metalcard Premier el cual aplica en forma conjunta a todos los locales de los comercios adheridos.",https://www.beneficiosbancognb.com.py/v2/beneficios/categorias/570,"tarjetas de crédito afinidades Clàsicas, Oro, Experience, Platinum e Infinite del Banco GNB Paraguay","20% de descuento para pagos con tarjetas de crédito afinidades Clàsicas, Oro, Experience, Platinum e Infinite del Banco GNB Paraguay los días viernes. Tope de compra mensual: Gs. 1.500.000 (guaraníes un millón quinientos mil) para tarjetas de crédito Mastercard y Visa Clásicas, Oro Platinum e Infinite. y Gs. 3.000.000 (guaraníes tres millones) para tarjetas de crédito Mastercard Black, Black Premier y Metalcard Premier el cual aplica en forma conjunta a todos los locales de los comercios adheridos. El descuento en caja no aplica en la compra de Gift Cards",gnb-570-1,base,Tarjetas elegibles,,2026-11-27,,
Jeep,Vehículos,Hasta 6 cuotas sin intereses,Todos los días,Del 23 de enero al 27 de noviembre del 2026.,Jeep,"Tope de compra mensual: Gs. 1.500.000 (guaraníes un millón quinientos mil) para tarjetas de crédito Mastercard y Visa Clásicas, Oro Platinum e Infinite. y Gs. 3.000.000 (guaraníes tres millones) para tarjetas de crédito Mastercard Black, Black Premier y Metalcard Premier el cual aplica en forma conjunta a todos los locales de los comercios adheridos.",https://www.beneficiosbancognb.com.py/v2/beneficios/categorias/570,tarjetas de crédito del Banco GNB Paraguay,"Hasta 6 cuotas sin intereses para pagos con tarjetas de crédito del Banco GNB Paraguay. Tope de compra mensual: Gs. 1.500.000 (guaraníes un millón quinientos mil) para tarjetas de crédito Mastercard y Visa Clásicas, Oro Platinum e Infinite. y Gs. 3.000.000 (guaraníes tres millones) para tarjetas de crédito Mastercard Black, Black Premier y Metalcard Premier el cual aplica en forma conjunta a todos los locales de los comercios adheridos. El descuento en caja no aplica en la compra de Gift Cards",gnb-570-2,base,Tarjetas elegibles,,2026-11-27,,
Women'Secret,Tiendas,20% de descuento con QR,Todos los días,Del 03 de septiembre al 27 de noviembre del 2026.,Women'Secret,"Tope de compra mensual: Gs. 2.500.000 (guaraníes dos millones quinientos mil) por cuenta de tarjeta de crédito (incluye titulares y adicionales), el cual aplica en forma conjunta a todos los locales de los comercios adheridos (Springfield, Women Secret, Forever 21, Jack & Jones).",https://www.beneficiosbancognb.com.py/v2/beneficios/categorias/571,tarjetas de crédito del Banco GNB Paraguay,"20% de descuento para pagos con tarjetas de crédito del Banco GNB Paraguay (5% en caja + 15% con tarjetas de crédito físicas). +5% de descuento adicional para pagos con QR con tarjetas de crédito a través de la App Banco GNB Personas. Tope de compra mensual: Gs. 2.500.000 (guaraníes dos millones quinientos mil) por cuenta de tarjeta de crédito (incluye titulares y adicionales), el cual aplica en forma conjunta a todos los locales de los comercios adheridos (Springfield, Women Secret, Forever 21, Jack & Jones). El descuento en caja no aplica en la compra de Gift Cards",gnb-571-0,base,Tarjetas elegibles,,2026-11-27,,
Women'Secret,Tiendas,5% de descuento con tarjeta física,Todos los días,Del 03 de septiembre al 27 de noviembre del 2026.,Women'Secret,"Tope de compra mensual: Gs. 2.500.000 (guaraníes dos millones quinientos mil) por cuenta de tarjeta de crédito (incluye titulares y adicionales), el cual aplica en forma conjunta a todos los locales de los comercios adheridos (Springfield, Women Secret, Forever 21, Jack & Jones).",https://www.beneficiosbancognb.com.py/v2/beneficios/categorias/571,tarjetas de crédito del Banco GNB Paraguay,"20% de descuento para pagos con tarjetas de crédito del Banco GNB Paraguay (5% en caja + 15% con tarjetas de crédito físicas). +5% de descuento adicional para pagos con QR con tarjetas de crédito a través de la App Banco GNB Personas. Tope de compra mensual: Gs. 2.500.000 (guaraníes dos millones quinientos mil) por cuenta de tarjeta de crédito (incluye titulares y adicionales), el cual aplica en forma conjunta a todos los locales de los comercios adheridos (Springfield, Women Secret, Forever 21, Jack & Jones). El descuento en caja no aplica en la compra de Gift Cards",gnb-571-1,base,Tarjetas elegibles,,2026-11-27,,
Women'Secret,Tiendas,Hasta 6 cuotas sin intereses,Todos los días,Del 03 de septiembre al 27 de noviembre del 2026.,Women'Secret,"Tope de compra mensual: Gs. 2.500.000 (guaraníes dos millones quinientos mil) por cuenta de tarjeta de crédito (incluye titulares y adicionales), el cual aplica en forma conjunta a todos los locales de los comercios adheridos (Springfield, Women Secret, Forever 21, Jack & Jones).",https://www.beneficiosbancognb.com.py/v2/beneficios/categorias/571,tarjetas de crédito del Banco GNB Paraguay,"Hasta 6 cuotas sin intereses todos los días para pagos con tarjetas de crédito del Banco GNB Paraguay. Tope de compra mensual: Gs. 2.500.000 (guaraníes dos millones quinientos mil) por cuenta de tarjeta de crédito (incluye titulares y adicionales), el cual aplica en forma conjunta a todos los locales de los comercios adheridos (Springfield, Women Secret, Forever 21, Jack & Jones). El descuento en caja no aplica en la compra de Gift Cards",gnb-571-2,base,Tarjetas elegibles,,2026-11-27,,
Jack & Jones,Tiendas,20% de descuento con QR,Todos los días,Del 03 de septiembre al 27 de noviembre del 2026.,Jack & Jones,"Tope de compra mensual: Gs. 2.500.000 (guaraníes dos millones quinientos mil) por cuenta de tarjeta de crédito (incluye titulares y adicionales), el cual aplica en forma conjunta a todos los locales de los comercios adheridos (Springfield, Women Secret, Forever 21, Jack & Jones).",https://www.beneficiosbancognb.com.py/v2/beneficios/categorias/572,tarjetas de crédito del Banco GNB Paraguay,"20% de descuento para pagos con tarjetas de crédito del Banco GNB Paraguay (5% en caja + 15% con tarjetas de crédito físicas). +5% de descuento adicional para pagos con QR con tarjetas de crédito a través de la App Banco GNB Personas. Tope de compra mensual: Gs. 2.500.000 (guaraníes dos millones quinientos mil) por cuenta de tarjeta de crédito (incluye titulares y adicionales), el cual aplica en forma conjunta a todos los locales de los comercios adheridos (Springfield, Women Secret, Forever 21, Jack & Jones). El descuento en caja no aplica en la compra de Gift Cards",gnb-572-0,base,Tarjetas elegibles,,2026-11-27,,
Jack & Jones,Tiendas,5% de descuento con tarjeta física,Todos los días,Del 03 de septiembre al 27 de noviembre del 2026.,Jack & Jones,"Tope de compra mensual: Gs. 2.500.000 (guaraníes dos millones quinientos mil) por cuenta de tarjeta de crédito (incluye titulares y adicionales), el cual aplica en forma conjunta a todos los locales de los comercios adheridos (Springfield, Women Secret, Forever 21, Jack & Jones).",https://www.beneficiosbancognb.com.py/v2/beneficios/categorias/572,tarjetas de crédito del Banco GNB Paraguay,"20% de descuento para pagos con tarjetas de crédito del Banco GNB Paraguay (5% en caja + 15% con tarjetas de crédito físicas). +5% de descuento adicional para pagos con QR con tarjetas de crédito a través de la App Banco GNB Personas. Tope de compra mensual: Gs. 2.500.000 (guaraníes dos millones quinientos mil) por cuenta de tarjeta de crédito (incluye titulares y adicionales), el cual aplica en forma conjunta a todos los locales de los comercios adheridos (Springfield, Women Secret, Forever 21, Jack & Jones). El descuento en caja no aplica en la compra de Gift Cards",gnb-572-1,base,Tarjetas elegibles,,2026-11-27,,
Jack & Jones,Tiendas,Hasta 6 cuotas sin intereses,Todos los días,Del 03 de septiembre al 27 de noviembre del 2026.,Jack & Jones,"Tope de compra mensual: Gs. 2.500.000 (guaraníes dos millones quinientos mil) por cuenta de tarjeta de crédito (incluye titulares y adicionales), el cual aplica en forma conjunta a todos los locales de los comercios adheridos (Springfield, Women Secret, Forever 21, Jack & Jones).",https://www.beneficiosbancognb.com.py/v2/beneficios/categorias/572,tarjetas de crédito del Banco GNB Paraguay,"Hasta 6 cuotas sin intereses todos los días para pagos con tarjetas de crédito del Banco GNB Paraguay. Tope de compra mensual: Gs. 2.500.000 (guaraníes dos millones quinientos mil) por cuenta de tarjeta de crédito (incluye titulares y adicionales), el cual aplica en forma conjunta a todos los locales de los comercios adheridos (Springfield, Women Secret, Forever 21, Jack & Jones). El descuento en caja no aplica en la compra de Gift Cards",gnb-572-2,base,Tarjetas elegibles,,2026-11-27,,
Gino Ventori,Tiendas,25% de descuento,jueves,Del 15 de enero al 26 de noviembre del 2026.,Gino Ventori,"Tope de compra mensual: Gs. 2.000.000 (guaraníes dos millones) por cuenta de tarjeta de crédito (incluye titulares y adicionales), el cual aplica en forma conjunta a todos los locales del comercio.",https://www.beneficiosbancognb.com.py/v2/beneficios/categorias/587,"tarjetas de crédito afinidades Black, Black Premier y Metalcard Premier del Banco GNB Paraguay","25% de descuento para pagos con tarjetas de crédito afinidades Black, Black Premier y Metalcard Premier del Banco GNB Paraguay los días jueves. Tope de compra mensual: Gs. 2.000.000 (guaraníes dos millones) por cuenta de tarjeta de crédito (incluye titulares y adicionales), el cual aplica en forma conjunta a todos los locales del comercio",gnb-587-0,premium,Black / Premier,,2026-11-26,,
Gino Ventori,Tiendas,20% de descuento,jueves,Del 15 de enero al 26 de noviembre del 2026.,Gino Ventori,"Tope de compra mensual: Gs. 2.000.000 (guaraníes dos millones) por cuenta de tarjeta de crédito (incluye titulares y adicionales), el cual aplica en forma conjunta a todos los locales del comercio.",https://www.beneficiosbancognb.com.py/v2/beneficios/categorias/587,"tarjetas de crédito afinidades Clásicas, Oro, Experience, Platinum e Infinite del Banco GNB Paraguay","20% de descuento para pagos con tarjetas de crédito afinidades Clásicas, Oro, Experience, Platinum e Infinite del Banco GNB Paraguay los días jueves. Tope de compra mensual: Gs. 2.000.000 (guaraníes dos millones) por cuenta de tarjeta de crédito (incluye titulares y adicionales), el cual aplica en forma conjunta a todos los locales del comercio",gnb-587-1,base,Tarjetas elegibles,,2026-11-26,,
Gino Ventori,Tiendas,Hasta 6 cuotas sin intereses,jueves,Del 15 de enero al 26 de noviembre del 2026.,Gino Ventori,"Tope de compra mensual: Gs. 2.000.000 (guaraníes dos millones) por cuenta de tarjeta de crédito (incluye titulares y adicionales), el cual aplica en forma conjunta a todos los locales del comercio.",https://www.beneficiosbancognb.com.py/v2/beneficios/categorias/587,tarjetas de crédito del Banco GNB Paraguay,"Hasta 6 cuotas sin intereses para pagos con tarjetas de crédito del Banco GNB Paraguay. Tope de compra mensual: Gs. 2.000.000 (guaraníes dos millones) por cuenta de tarjeta de crédito (incluye titulares y adicionales), el cual aplica en forma conjunta a todos los locales del comercio",gnb-587-2,base,Tarjetas elegibles,,2026-11-26,,
Melissa,Tiendas,25% de descuento,jueves,Del 15 de enero al 26 de noviembre del 2026.,Melissa,"Tope de compra mensual: Gs. 2.000.000 (guaraníes dos millones) por cuenta de tarjeta de crédito (incluye titulares y adicionales), el cual aplica en forma conjunta a todos los locales del comercio.",https://www.beneficiosbancognb.com.py/v2/beneficios/categorias/588,"tarjetas de crédito afinidades Black, Black Premier y Metalcard Premier del Banco GNB Paraguay","25% de descuento para pagos con tarjetas de crédito afinidades Black, Black Premier y Metalcard Premier del Banco GNB Paraguay los días jueves. Tope de compra mensual: Gs. 2.000.000 (guaraníes dos millones) por cuenta de tarjeta de crédito (incluye titulares y adicionales), el cual aplica en forma conjunta a todos los locales del comercio",gnb-588-0,premium,Black / Premier,,2026-11-26,,
Melissa,Tiendas,20% de descuento,jueves,Del 15 de enero al 26 de noviembre del 2026.,Melissa,"Tope de compra mensual: Gs. 2.000.000 (guaraníes dos millones) por cuenta de tarjeta de crédito (incluye titulares y adicionales), el cual aplica en forma conjunta a todos los locales del comercio.",https://www.beneficiosbancognb.com.py/v2/beneficios/categorias/588,"tarjetas de crédito afinidades Clásicas, Oro, Experience, Platinum e Infinite del Banco GNB Paraguay","20% de descuento para pagos con tarjetas de crédito afinidades Clásicas, Oro, Experience, Platinum e Infinite del Banco GNB Paraguay los días jueves. Tope de compra mensual: Gs. 2.000.000 (guaraníes dos millones) por cuenta de tarjeta de crédito (incluye titulares y adicionales), el cual aplica en forma conjunta a todos los locales del comercio",gnb-588-1,base,Tarjetas elegibles,,2026-11-26,,
Melissa,Tiendas,Hasta 6 cuotas sin intereses,jueves,Del 15 de enero al 26 de noviembre del 2026.,Melissa,"Tope de compra mensual: Gs. 2.000.000 (guaraníes dos millones) por cuenta de tarjeta de crédito (incluye titulares y adicionales), el cual aplica en forma conjunta a todos los locales del comercio.",https://www.beneficiosbancognb.com.py/v2/beneficios/categorias/588,tarjetas de crédito del Banco GNB Paraguay,"Hasta 6 cuotas sin intereses para pagos con tarjetas de crédito del Banco GNB Paraguay. Tope de compra mensual: Gs. 2.000.000 (guaraníes dos millones) por cuenta de tarjeta de crédito (incluye titulares y adicionales), el cual aplica en forma conjunta a todos los locales del comercio",gnb-588-2,base,Tarjetas elegibles,,2026-11-26,,
Democrata,Tiendas,25% de descuento,jueves,Del 15 de enero al 26 de noviembre del 2026.,Democrata,"Tope de compra mensual: Gs. 2.000.000 (guaraníes dos millones) por cuenta de tarjeta de crédito (incluye titulares y adicionales), el cual aplica en forma conjunta a todos los locales del comercio.",https://www.beneficiosbancognb.com.py/v2/beneficios/categorias/589,"tarjetas de crédito afinidades Black, Black Premier y Metalcard Premier del Banco GNB Paraguay","25% de descuento para pagos con tarjetas de crédito afinidades Black, Black Premier y Metalcard Premier del Banco GNB Paraguay los días jueves. Tope de compra mensual: Gs. 2.000.000 (guaraníes dos millones) por cuenta de tarjeta de crédito (incluye titulares y adicionales), el cual aplica en forma conjunta a todos los locales del comercio",gnb-589-0,premium,Black / Premier,,2026-11-26,,
Democrata,Tiendas,20% de descuento,jueves,Del 15 de enero al 26 de noviembre del 2026.,Democrata,"Tope de compra mensual: Gs. 2.000.000 (guaraníes dos millones) por cuenta de tarjeta de crédito (incluye titulares y adicionales), el cual aplica en forma conjunta a todos los locales del comercio.",https://www.beneficiosbancognb.com.py/v2/beneficios/categorias/589,"tarjetas de crédito afinidades Clásicas, Oro, Experience, Platinum e Infinite del Banco GNB Paraguay","20% de descuento para pagos con tarjetas de crédito afinidades Clásicas, Oro, Experience, Platinum e Infinite del Banco GNB Paraguay los días jueves. Tope de compra mensual: Gs. 2.000.000 (guaraníes dos millones) por cuenta de tarjeta de crédito (incluye titulares y adicionales), el cual aplica en forma conjunta a todos los locales del comercio",gnb-589-1,base,Tarjetas elegibles,,2026-11-26,,
Democrata,Tiendas,Hasta 6 cuotas sin intereses,jueves,Del 15 de enero al 26 de noviembre del 2026.,Democrata,"Tope de compra mensual: Gs. 2.000.000 (guaraníes dos millones) por cuenta de tarjeta de crédito (incluye titulares y adicionales), el cual aplica en forma conjunta a todos los locales del comercio.",https://www.beneficiosbancognb.com.py/v2/beneficios/categorias/589,tarjetas de crédito del Banco GNB Paraguay,"Hasta 6 cuotas sin intereses para pagos con tarjetas de crédito del Banco GNB Paraguay. Tope de compra mensual: Gs. 2.000.000 (guaraníes dos millones) por cuenta de tarjeta de crédito (incluye titulares y adicionales), el cual aplica en forma conjunta a todos los locales del comercio",gnb-589-2,base,Tarjetas elegibles,,2026-11-26,,
O Boticário,Tiendas,35% de descuento con QR,Todos los días,Del 08 de enero al 27 de noviembre del 2026.,O Boticário,"Tope de compra mensual: Gs. 2.000.000 (guaraníes dos millones) por cuenta de tarjeta de crédito (incluye titulares y adicionales), el cual aplica en forma conjunta a todos los locales de los comercios adheridos (Champs Elysees, O boticário, Isdin).",https://www.beneficiosbancognb.com.py/v2/beneficios/categorias/591,tarjetas de crédito del Banco GNB Paraguay,"Hasta 25% de descuento para pagos con tarjetas de crédito del Banco GNB Paraguay todos los jueves y viernes. 20% de descuento para pagos con tarjetas de crédito del Banco GNB Paraguay ( 5% en caja + 15% con tarjetas de crédito físicas ). +5% de descuento adicional para pagos con QR con tarjetas de crédito a través de la App Banco GNB Personas. Tope de compra mensual: Gs. 2.000.000 (guaraníes dos millones) por cuenta de tarjeta de crédito (incluye titulares y adicionales), el cual aplica en forma conjunta a todos los locales de los comercios adheridos (Champs Elysees, O boticário, Isdin). El descuento en caja no aplica en la compra de Gift Cards y servicios de cabina como tratamientos faciales",gnb-591-0,base,Tarjetas elegibles,,2026-11-27,,
O Boticário,Tiendas,20% de descuento con tarjeta física,Todos los días,Del 08 de enero al 27 de noviembre del 2026.,O Boticário,"Tope de compra mensual: Gs. 2.000.000 (guaraníes dos millones) por cuenta de tarjeta de crédito (incluye titulares y adicionales), el cual aplica en forma conjunta a todos los locales de los comercios adheridos (Champs Elysees, O boticário, Isdin).",https://www.beneficiosbancognb.com.py/v2/beneficios/categorias/591,tarjetas de crédito del Banco GNB Paraguay,"Hasta 25% de descuento para pagos con tarjetas de crédito del Banco GNB Paraguay todos los jueves y viernes. 20% de descuento para pagos con tarjetas de crédito del Banco GNB Paraguay ( 5% en caja + 15% con tarjetas de crédito físicas ). +5% de descuento adicional para pagos con QR con tarjetas de crédito a través de la App Banco GNB Personas. Tope de compra mensual: Gs. 2.000.000 (guaraníes dos millones) por cuenta de tarjeta de crédito (incluye titulares y adicionales), el cual aplica en forma conjunta a todos los locales de los comercios adheridos (Champs Elysees, O boticário, Isdin). El descuento en caja no aplica en la compra de Gift Cards y servicios de cabina como tratamientos faciales",gnb-591-1,base,Tarjetas elegibles,,2026-11-27,,
O Boticário,Tiendas,Hasta 6 cuotas sin intereses,Todos los días,Del 08 de enero al 27 de noviembre del 2026.,O Boticário,"Tope de compra mensual: Gs. 2.000.000 (guaraníes dos millones) por cuenta de tarjeta de crédito (incluye titulares y adicionales), el cual aplica en forma conjunta a todos los locales de los comercios adheridos (Champs Elysees, O boticário, Isdin).",https://www.beneficiosbancognb.com.py/v2/beneficios/categorias/591,tarjetas de crédito del Banco GNB Paraguay,"Hasta 6 cuotas sin intereses todos los días para pagos con tarjetas de crédito del Banco GNB Paraguay. Tope de compra mensual: Gs. 2.000.000 (guaraníes dos millones) por cuenta de tarjeta de crédito (incluye titulares y adicionales), el cual aplica en forma conjunta a todos los locales de los comercios adheridos (Champs Elysees, O boticário, Isdin). El descuento en caja no aplica en la compra de Gift Cards y servicios de cabina como tratamientos faciales",gnb-591-2,base,Tarjetas elegibles,,2026-11-27,,
Isdin,Farmacias,35% de descuento con QR,Todos los días,Del 08 de enero al 27 de noviembre del 2026.,Isdin,"Tope de compra mensual: Gs. 2.000.000 (guaraníes dos millones) por cuenta de tarjeta de crédito (incluye titulares y adicionales), el cual aplica en forma conjunta a todos los locales de los comercios adheridos (Champs Elysees, O boticário, Isdin).",https://www.beneficiosbancognb.com.py/v2/beneficios/categorias/592,tarjetas de crédito del Banco GNB Paraguay,"Hasta 25% de descuento para pagos con tarjetas de crédito del Banco GNB Paraguay todos los jueves y viernes. 20% de descuento para pagos con tarjetas de crédito del Banco GNB Paraguay ( 5% en caja + 15% con tarjetas de crédito físicas ). +5% de descuento adicional para pagos con QR con tarjetas de crédito a través de la App Banco GNB Personas. Tope de compra mensual: Gs. 2.000.000 (guaraníes dos millones) por cuenta de tarjeta de crédito (incluye titulares y adicionales), el cual aplica en forma conjunta a todos los locales de los comercios adheridos (Champs Elysees, O boticário, Isdin). El descuento en caja no aplica en la compra de Gift Cards y servicios de cabina como tratamientos faciales",gnb-592-0,base,Tarjetas elegibles,,2026-11-27,,
Isdin,Farmacias,20% de descuento con tarjeta física,Todos los días,Del 08 de enero al 27 de noviembre del 2026.,Isdin,"Tope de compra mensual: Gs. 2.000.000 (guaraníes dos millones) por cuenta de tarjeta de crédito (incluye titulares y adicionales), el cual aplica en forma conjunta a todos los locales de los comercios adheridos (Champs Elysees, O boticário, Isdin).",https://www.beneficiosbancognb.com.py/v2/beneficios/categorias/592,tarjetas de crédito del Banco GNB Paraguay,"Hasta 25% de descuento para pagos con tarjetas de crédito del Banco GNB Paraguay todos los jueves y viernes. 20% de descuento para pagos con tarjetas de crédito del Banco GNB Paraguay ( 5% en caja + 15% con tarjetas de crédito físicas ). +5% de descuento adicional para pagos con QR con tarjetas de crédito a través de la App Banco GNB Personas. Tope de compra mensual: Gs. 2.000.000 (guaraníes dos millones) por cuenta de tarjeta de crédito (incluye titulares y adicionales), el cual aplica en forma conjunta a todos los locales de los comercios adheridos (Champs Elysees, O boticário, Isdin). El descuento en caja no aplica en la compra de Gift Cards y servicios de cabina como tratamientos faciales",gnb-592-1,base,Tarjetas elegibles,,2026-11-27,,
Isdin,Farmacias,Hasta 6 cuotas sin intereses,Todos los días,Del 08 de enero al 27 de noviembre del 2026.,Isdin,"Tope de compra mensual: Gs. 2.000.000 (guaraníes dos millones) por cuenta de tarjeta de crédito (incluye titulares y adicionales), el cual aplica en forma conjunta a todos los locales de los comercios adheridos (Champs Elysees, O boticário, Isdin).",https://www.beneficiosbancognb.com.py/v2/beneficios/categorias/592,tarjetas de crédito del Banco GNB Paraguay,"Hasta 6 cuotas sin intereses todos los días para pagos con tarjetas de crédito del Banco GNB Paraguay. Tope de compra mensual: Gs. 2.000.000 (guaraníes dos millones) por cuenta de tarjeta de crédito (incluye titulares y adicionales), el cual aplica en forma conjunta a todos los locales de los comercios adheridos (Champs Elysees, O boticário, Isdin). El descuento en caja no aplica en la compra de Gift Cards y servicios de cabina como tratamientos faciales",gnb-592-2,base,Tarjetas elegibles,,2026-11-27,,
Cerogrado,Tiendas,20% de descuento,"jueves, viernes",Del 20 de agosto al 31 de diciembre del 2026.,Cerogrado,Tope de compra por periodo de la promoción: Gs. 1.500.000 (guaraníes un millón quinientos mil) por cuenta de tarjeta de crédito (Incluye titulares y adicionales).,https://www.beneficiosbancognb.com.py/v2/beneficios/categorias/603,tarjetas de crédito del Banco GNB Paraguay,Hasta 20% de descuento para pagos con tarjetas de crédito del Banco GNB Paraguay. Tope de compra por periodo de la promoción: Gs. 1.500.000 (guaraníes un millón quinientos mil) por cuenta de tarjeta de crédito (Incluye titulares y adicionales),gnb-603-0,base,Tarjetas elegibles,,2026-12-31,,
Cerogrado,Tiendas,Hasta 6 cuotas sin intereses,"jueves, viernes",Del 20 de agosto al 31 de diciembre del 2026.,Cerogrado,Tope de compra por periodo de la promoción: Gs. 1.500.000 (guaraníes un millón quinientos mil) por cuenta de tarjeta de crédito (Incluye titulares y adicionales).,https://www.beneficiosbancognb.com.py/v2/beneficios/categorias/603,tarjetas de crédito del Banco GNB Paraguay,Hasta 6 cuotas sin intereses para pagos con tarjetas de crédito del Banco GNB Paraguay. Tope de compra por periodo de la promoción: Gs. 1.500.000 (guaraníes un millón quinientos mil) por cuenta de tarjeta de crédito (Incluye titulares y adicionales),gnb-603-1,base,Tarjetas elegibles,,2026-12-31,,
Calzados Rajomar,Tiendas,20% de descuento,sábado,Del 18 de julio al 28 de noviembre del 2026.,Calzados Rajomar,"Tope de compra mensual: Gs. 1.000.000 (guaraníes un millón) por cuenta de tarjeta de crédito Incluye titulares y adicionales, (aplica en forma conjunta a los dos comercios adheridos).",https://www.beneficiosbancognb.com.py/v2/beneficios/categorias/640,"tarjetas de crédito Mastercard Black, Black Premier y Metalcard Premier del Banco GNB Paraguay","20% de descuento para pagos con tarjetas de crédito Mastercard Black, Black Premier y Metalcard Premier del Banco GNB Paraguay. Tope de compra mensual: Gs. 1.000.000 (guaraníes un millón) por cuenta de tarjeta de crédito Incluye titulares y adicionales, (aplica en forma conjunta a los dos comercios adheridos). No aplica para pagos realizados a través de plataformas de terceros y/o e-commerce",gnb-640-0,premium,Black / Premier,,2026-11-28,,
Calzados Rajomar,Tiendas,15% de descuento,sábado,Del 18 de julio al 28 de noviembre del 2026.,Calzados Rajomar,"Tope de compra mensual: Gs. 1.000.000 (guaraníes un millón) por cuenta de tarjeta de crédito Incluye titulares y adicionales, (aplica en forma conjunta a los dos comercios adheridos).",https://www.beneficiosbancognb.com.py/v2/beneficios/categorias/640,tarjetas de crédito Mastercard Clásicas y Oro del Banco GNB Paraguay,"15% de descuento para pagos con tarjetas de crédito Mastercard Clásicas y Oro del Banco GNB Paraguay. Tope de compra mensual: Gs. 1.000.000 (guaraníes un millón) por cuenta de tarjeta de crédito Incluye titulares y adicionales, (aplica en forma conjunta a los dos comercios adheridos). No aplica para pagos realizados a través de plataformas de terceros y/o e-commerce",gnb-640-1,base,Tarjetas elegibles,,2026-11-28,,
Calzados Rajomar,Tiendas,Hasta 6 cuotas sin intereses,sábado,Del 18 de julio al 28 de noviembre del 2026.,Calzados Rajomar,"Tope de compra mensual: Gs. 1.000.000 (guaraníes un millón) por cuenta de tarjeta de crédito Incluye titulares y adicionales, (aplica en forma conjunta a los dos comercios adheridos).",https://www.beneficiosbancognb.com.py/v2/beneficios/categorias/640,tarjetas de crédito del Banco GNB Paraguay,"Hasta 6 cuotas sin intereses para pagos con tarjetas de crédito del Banco GNB Paraguay. Tope de compra mensual: Gs. 1.000.000 (guaraníes un millón) por cuenta de tarjeta de crédito Incluye titulares y adicionales, (aplica en forma conjunta a los dos comercios adheridos). No aplica para pagos realizados a través de plataformas de terceros y/o e-commerce",gnb-640-2,base,Tarjetas elegibles,,2026-11-28,,
Tienda Shelly,Tiendas,20% de descuento,sábado,Del 01 de agosto al 28 de noviembre del 2026.,Tienda Shelly,Tope de compra mensual: Gs. 1.000.000 (guaranies un millón) por cuenta de tarjeta de crédito (incluye titulares y adicionales),https://www.beneficiosbancognb.com.py/v2/beneficios/categorias/644,tarjetas de crédito Mastercard del Banco GNB Paraguay,"20% de descuento para pagos con las tarjetas de crédito Mastercard del Banco GNB Paraguay. Tope de compra mensual: Gs. 1.000.000 (guaranies un millón) por cuenta de tarjeta de crédito (incluye titulares y adicionales). No participan de la promoción las tarjetas de débito y crédito de afinidades Empresariales, Corporativas, Gift Card, Gourmet y Prepagas",gnb-644-0,base,Tarjetas elegibles,,2026-11-28,,
Tienda Shelly,Tiendas,Hasta 6 cuotas sin intereses,sábado,Del 01 de agosto al 28 de noviembre del 2026.,Tienda Shelly,Tope de compra mensual: Gs. 1.000.000 (guaranies un millón) por cuenta de tarjeta de crédito (incluye titulares y adicionales),https://www.beneficiosbancognb.com.py/v2/beneficios/categorias/644,tarjetas de crédito del Banco GNB Paraguay,"Hasta 6 cuotas sin intereses con las tarjetas de crédito del Banco GNB Paraguay. Tope de compra mensual: Gs. 1.000.000 (guaranies un millón) por cuenta de tarjeta de crédito (incluye titulares y adicionales). No participan de la promoción las tarjetas de débito y crédito de afinidades Empresariales, Corporativas, Gift Card, Gourmet y Prepagas",gnb-644-1,base,Tarjetas elegibles,,2026-11-28,,
Moët Hennessy,Tiendas,25% de descuento,Todos los días,Del 27 de agosto al 31 de diciembre del 2026.,Moët Hennessy,"Tope de compra mensual: Gs. 1.500.000 (guaraníes un millón quinientos mil) por cuenta de tarjeta de crédito (incluye titulares y adicionales), el cual aplica en forma conjunta a todos los locales de los comercios adheridos.",https://www.beneficiosbancognb.com.py/v2/beneficios/categorias/657,"tarjetas de crédito Mastercard afinidades Black, Black Premier y Metalcard Premier del Banco GNB Paraguay","25% de descuento para pagos con tarjetas de crédito Mastercard afinidades Black, Black Premier y Metalcard Premier del Banco GNB Paraguay. Tope de compra mensual: Gs. 1.500.000 (guaraníes un millón quinientos mil) por cuenta de tarjeta de crédito (incluye titulares y adicionales), el cual aplica en forma conjunta a todos los locales de los comercios adheridos. No participan de la promoción las tarjetas de débito y crédito de afinidades Empresariales, Corporativas, Gift Card, Gourmet y Prepagas",gnb-657-0,premium,Black / Premier,,2026-12-31,,
Moët Hennessy,Tiendas,20% de descuento,Todos los días,Del 27 de agosto al 31 de diciembre del 2026.,Moët Hennessy,"Tope de compra mensual: Gs. 1.500.000 (guaraníes un millón quinientos mil) por cuenta de tarjeta de crédito (incluye titulares y adicionales), el cual aplica en forma conjunta a todos los locales de los comercios adheridos.",https://www.beneficiosbancognb.com.py/v2/beneficios/categorias/657,tarjetas de crédito Mastercard afinidades Clásicas y Oro del Banco GNB Paraguay,"20% de descuento para pagos con tarjetas de crédito Mastercard afinidades Clásicas y Oro del Banco GNB Paraguay. Tope de compra mensual: Gs. 1.500.000 (guaraníes un millón quinientos mil) por cuenta de tarjeta de crédito (incluye titulares y adicionales), el cual aplica en forma conjunta a todos los locales de los comercios adheridos. No participan de la promoción las tarjetas de débito y crédito de afinidades Empresariales, Corporativas, Gift Card, Gourmet y Prepagas",gnb-657-1,base,Tarjetas elegibles,,2026-12-31,,
Moët Hennessy,Tiendas,Hasta 6 cuotas sin intereses,Todos los días,Del 27 de agosto al 31 de diciembre del 2026.,Moët Hennessy,"Tope de compra mensual: Gs. 1.500.000 (guaraníes un millón quinientos mil) por cuenta de tarjeta de crédito (incluye titulares y adicionales), el cual aplica en forma conjunta a todos los locales de los comercios adheridos.",https://www.beneficiosbancognb.com.py/v2/beneficios/categorias/657,tarjetas de crédito del Banco GNB Paraguay,"Hasta 6 cuotas sin intereses todos los días para pagos con tarjetas de crédito del Banco GNB Paraguay. Tope de compra mensual: Gs. 1.500.000 (guaraníes un millón quinientos mil) por cuenta de tarjeta de crédito (incluye titulares y adicionales), el cual aplica en forma conjunta a todos los locales de los comercios adheridos. No participan de la promoción las tarjetas de débito y crédito de afinidades Empresariales, Corporativas, Gift Card, Gourmet y Prepagas",gnb-657-2,base,Tarjetas elegibles,,2026-12-31,,
Farmacia Santa Victoria,Farmacias,35% de descuento,martes,Del 08 de septiembre al 29 de diciembre del 2026.,Farmacia Santa Victoria,"Tope de compra mensual: Gs. 1.000.000 (guaraníes un millón) por cuenta de tarjeta de crédito (incluye titulares y adicionales), el cual aplica en forma conjunta a todos los locales del comercio.",https://www.beneficiosbancognb.com.py/v2/beneficios/categorias/660,tarjetas de crédito Mastercard del Banco GNB Paraguay,"35% de descuento para pagos con tarjetas de crédito Mastercard del Banco GNB Paraguay. Tope de compra mensual: Gs. 1.000.000 (guaraníes un millón) por cuenta de tarjeta de crédito (incluye titulares y adicionales), el cual aplica en forma conjunta a todos los locales del comercio. No aplica para pedidos realizados vía delivery y/o e-commerce",gnb-660-0,base,Tarjetas elegibles,,2026-12-29,,
Depilife,Tiendas,50% de descuento,Todos los días,Del 02 de septiembre al 31 de diciembre del 2026.,Depilife,,https://www.beneficiosbancognb.com.py/v2/beneficios/categorias/661,tarjetas de crédito del Banco GNB Paraguay,"50% de descuento pagando con las tarjetas de crédito del Banco GNB Paraguay en la compra de 6 sesiones o más. No participan de la promoción las tarjetas de débito y crédito de afinidades Empresariales, Corporativas, Gift Card, Gourmet y Prepagas",gnb-661-0,base,Tarjetas elegibles,,2026-12-31,,
Depilife,Tiendas,Hasta 12 cuotas sin intereses,Todos los días,Del 02 de septiembre al 31 de diciembre del 2026.,Depilife,,https://www.beneficiosbancognb.com.py/v2/beneficios/categorias/661,tarjetas de crédito del Banco GNB Paraguay,"Hasta 12 cuotas sin intereses con las tarjetas de crédito del Banco GNB Paraguay. No participan de la promoción las tarjetas de débito y crédito de afinidades Empresariales, Corporativas, Gift Card, Gourmet y Prepagas",gnb-661-1,base,Tarjetas elegibles,,2026-12-31,,
Fixocargo,Tiendas,20% de descuento,Todos los días,Del 07 de septiembre del 2026 al 28 de febrero del 2027.,Fixocargo,Tope de compra mensual: Gs. 700.000 (guaranies setecientos mil) por cuenta de tarjeta de crédito (incluye titulares y adicionales),https://www.beneficiosbancognb.com.py/v2/beneficios/categorias/663,tarjetas de crédito Mastercard del Banco GNB Paraguay,"20% de descuento para pagos con las tarjetas de crédito Mastercard del Banco GNB Paraguay. Tope de compra mensual: Gs. 700.000 (guaranies setecientos mil) por cuenta de tarjeta de crédito (incluye titulares y adicionales). No participan de la promoción las tarjetas de débito y crédito de afinidades Empresariales, Corporativas, Gift Card, Gourmet y Prepagas",gnb-663-0,base,Tarjetas elegibles,,2027-02-28,,
Fixocargo,Tiendas,Hasta 6 cuotas sin intereses,Todos los días,Del 07 de septiembre del 2026 al 28 de febrero del 2027.,Fixocargo,Tope de compra mensual: Gs. 700.000 (guaranies setecientos mil) por cuenta de tarjeta de crédito (incluye titulares y adicionales),https://www.beneficiosbancognb.com.py/v2/beneficios/categorias/663,tarjetas de crédito del Banco GNB Paraguay,"Hasta 6 cuotas sin intereses con las tarjetas de crédito del Banco GNB Paraguay. Tope de compra mensual: Gs. 700.000 (guaranies setecientos mil) por cuenta de tarjeta de crédito (incluye titulares y adicionales). No participan de la promoción las tarjetas de débito y crédito de afinidades Empresariales, Corporativas, Gift Card, Gourmet y Prepagas",gnb-663-1,base,Tarjetas elegibles,,2027-02-28,,
Raphaella Booz,Tiendas,25% de descuento,Todos los días,Del 10 de septiembre al 27 de noviembre del 2026.,Raphaella Booz,"Tope de compra mensual: Gs. 1.500.000 (guaraníes un millón quinientos mil) por cuenta de tarjeta de crédito (incluye titulares y adicionales), el cual aplica en forma conjunta a todos los locales de los comercios adheridos.",https://www.beneficiosbancognb.com.py/v2/beneficios/categorias/664,"tarjetas de crédito Mastercard afinidades Black, Black Premier y Metalcard Premier del Banco GNB Paraguay","25% de descuento para pagos con tarjetas de crédito Mastercard afinidades Black, Black Premier y Metalcard Premier del Banco GNB Paraguay. Tope de compra mensual: Gs. 1.500.000 (guaraníes un millón quinientos mil) por cuenta de tarjeta de crédito (incluye titulares y adicionales), el cual aplica en forma conjunta a todos los locales de los comercios adheridos. El descuento en caja no aplica en la compra de Gift Cards",gnb-664-0,premium,Black / Premier,,2026-11-27,,
Raphaella Booz,Tiendas,20% de descuento,Todos los días,Del 10 de septiembre al 27 de noviembre del 2026.,Raphaella Booz,"Tope de compra mensual: Gs. 1.500.000 (guaraníes un millón quinientos mil) por cuenta de tarjeta de crédito (incluye titulares y adicionales), el cual aplica en forma conjunta a todos los locales de los comercios adheridos.",https://www.beneficiosbancognb.com.py/v2/beneficios/categorias/664,tarjetas de crédito Mastercard afinidades Clásicas y Oro del Banco GNB Paraguay,"20% de descuento para pagos con tarjetas de crédito Mastercard afinidades Clásicas y Oro del Banco GNB Paraguay. Tope de compra mensual: Gs. 1.500.000 (guaraníes un millón quinientos mil) por cuenta de tarjeta de crédito (incluye titulares y adicionales), el cual aplica en forma conjunta a todos los locales de los comercios adheridos. El descuento en caja no aplica en la compra de Gift Cards",gnb-664-1,base,Tarjetas elegibles,,2026-11-27,,
Raphaella Booz,Tiendas,Hasta 6 cuotas sin intereses,Todos los días,Del 10 de septiembre al 27 de noviembre del 2026.,Raphaella Booz,"Tope de compra mensual: Gs. 1.500.000 (guaraníes un millón quinientos mil) por cuenta de tarjeta de crédito (incluye titulares y adicionales), el cual aplica en forma conjunta a todos los locales de los comercios adheridos.",https://www.beneficiosbancognb.com.py/v2/beneficios/categorias/664,tarjetas de crédito del Banco GNB Paraguay,"Hasta 6 cuotas sin intereses todos los días para pagos con tarjetas de crédito del Banco GNB Paraguay. Tope de compra mensual: Gs. 1.500.000 (guaraníes un millón quinientos mil) por cuenta de tarjeta de crédito (incluye titulares y adicionales), el cual aplica en forma conjunta a todos los locales de los comercios adheridos. El descuento en caja no aplica en la compra de Gift Cards",gnb-664-2,base,Tarjetas elegibles,,2026-11-27,,
Farma Lorena - Farmacia Vida,Farmacias,20% de descuento,viernes,Del 11 de septiembre al 25 de diciembre del 2026.,Farma Lorena - Farmacia Vida,Tope de compra mensual: Gs. 1.000.000 (guaranies un millón) por cuenta de tarjeta de crédito (incluye titulares y adicionales),https://www.beneficiosbancognb.com.py/v2/beneficios/categorias/665,tarjetas de crédito Mastercard del Banco GNB Paraguay,"20% de descuento para pagos con las tarjetas de crédito Mastercard del Banco GNB Paraguay. Tope de compra mensual: Gs. 1.000.000 (guaranies un millón) por cuenta de tarjeta de crédito (incluye titulares y adicionales). No participan de la promoción las tarjetas de débito y crédito de afinidades Empresariales, Corporativas, Gift Card, Gourmet y Prepagas",gnb-665-0,base,Tarjetas elegibles,,2026-12-25,,
Athina Sleepwear,Tiendas,20% de descuento,Todos los días,Del 18 de septiembre al 28 de noviembre del 2026.,Athina Sleepwear,,https://www.beneficiosbancognb.com.py/v2/beneficios/categorias/670,tarjetas de crédito del Banco GNB Paraguay,"20% de descuento para pagos con tarjetas de crédito del Banco GNB Paraguay. No participan de la promoción las tarjetas de débito y crédito de afinidades Empresariales, Corporativas, Gift Card, Gourmet y Prepagas",gnb-670-0,base,Tarjetas elegibles,,2026-11-28,,
Athina Sleepwear,Tiendas,Hasta 6 cuotas sin intereses,Todos los días,Del 18 de septiembre al 28 de noviembre del 2026.,Athina Sleepwear,,https://www.beneficiosbancognb.com.py/v2/beneficios/categorias/670,tarjetas de crédito del Banco GNB Paraguay,"Hasta 6 cuotas sin intereses todos los días para pagos con tarjetas de crédito del Banco GNB Paraguay. No participan de la promoción las tarjetas de débito y crédito de afinidades Empresariales, Corporativas, Gift Card, Gourmet y Prepagas",gnb-670-1,base,Tarjetas elegibles,,2026-11-28,,
Alamo,Tiendas,20% de reintegro,de lunes a sábados,Del 19 de agosto al 31 de diciembre del 2026.,Alamo,"Tope de compra mensual: Gs. 600.000 (guaraníes seiscientos) por cuenta de tarjeta de crédito (incluye titulares y adicionales), el cual aplica en forma conjunta a todos los locales de los comercios adheridos.",https://www.beneficiosbancognb.com.py/v2/beneficios/categorias/41,"tarjetas de crédito Mastercard afinidades Clásica, Oro, Black, Black Premier y Metalcard Premier del Banco GNB Paraguay","20% de reintegro para pagos con tarjetas de crédito Mastercard afinidades Clásica, Oro, Black, Black Premier y Metalcard Premier del Banco GNB Paraguay. Tope de compra mensual: Gs. 600.000 (guaraníes seiscientos) por cuenta de tarjeta de crédito (incluye titulares y adicionales), el cual aplica en forma conjunta a todos los locales de los comercios adheridos",gnb-41-0,base,Tarjetas elegibles,,2026-12-31,,
Alamo,Tiendas,Hasta 6 cuotas sin intereses,Todos los días,Del 19 de agosto al 31 de diciembre del 2026.,Alamo,"Tope de compra mensual: Gs. 600.000 (guaraníes seiscientos) por cuenta de tarjeta de crédito (incluye titulares y adicionales), el cual aplica en forma conjunta a todos los locales de los comercios adheridos.",https://www.beneficiosbancognb.com.py/v2/beneficios/categorias/41,tarjetas de crédito del Banco GNB Paraguay,"Hasta 6 cuotas sin intereses todos los días para pagos con tarjetas de crédito del Banco GNB Paraguay. Tope de compra mensual: Gs. 600.000 (guaraníes seiscientos) por cuenta de tarjeta de crédito (incluye titulares y adicionales), el cual aplica en forma conjunta a todos los locales de los comercios adheridos",gnb-41-1,base,Tarjetas elegibles,,2026-12-31,,
El Molinillo,Tiendas,20% de reintegro,Todos los días,Del 01 de enero al 31 de diciembre del 2026.,El Molinillo,Tope de compra mensual de Gs 1.000.000 (guaraníes un millón) por cuenta de tarjeta de crédito (Incluye titulares y adicionales) equivalente a un reintegro máximo mensual en el extracto de Gs 200.000 (guaraníes doscientos mil) pagos con tarjetas de crédito Banco GNB Mastercard.,https://www.beneficiosbancognb.com.py/v2/beneficios/categorias/264,tarjetas de crédito Mastercard del Banco GNB Paraguay,20% de reintegro para pagos realizados con las tarjetas de crédito Mastercard del Banco GNB Paraguay. Tope de compra mensual de Gs 1.000.000 (guaraníes un millón) por cuenta de tarjeta de crédito (Incluye titulares y adicionales) equivalente a un reintegro máximo mensual en el extracto de Gs 200.000 (guaraníes doscientos mil) pagos con tarjetas de crédito Banco GNB Mastercard. No aplica para pagos realizado a través de plataformas de terceros,gnb-264-0,base,Tarjetas elegibles,,2026-12-31,,
Tienda Piccolino,Tiendas,20% de descuento,Todos los días,Del 15 de enero al 31 de diciembre del 2026.,Tienda Piccolino,Tope de compra de Gs.1.500.000 (guaraníes un millón quinientos mil) por cuenta de tarjeta de crédito (Incluye titulares y adicionales) equivalente a un reintegro máximo mensual en el extracto de Gs. 150.000 (guaraníes ciento cincuenta mil) .,https://www.beneficiosbancognb.com.py/v2/beneficios/categorias/299,"tarjetas de crédito Mastercard afinidades Clàsicas, Oro, Black, Black Premier y Metalcard Premier del Banco GNB Paraguay","20% de descuento para pagos con tarjetas de crédito Mastercard afinidades Clàsicas, Oro, Black, Black Premier y Metalcard Premier del Banco GNB Paraguay. Tope de compra de Gs.1.500.000 (guaraníes un millón quinientos mil) por cuenta de tarjeta de crédito (Incluye titulares y adicionales) equivalente a un reintegro máximo mensual en el extracto de Gs. 150.000 (guaraníes ciento cincuenta mil)",gnb-299-0,base,Tarjetas elegibles,,2026-12-31,,
Tienda Piccolino,Tiendas,Hasta 6 cuotas sin intereses,Todos los días,Del 15 de enero al 31 de diciembre del 2026.,Tienda Piccolino,Tope de compra de Gs.1.500.000 (guaraníes un millón quinientos mil) por cuenta de tarjeta de crédito (Incluye titulares y adicionales) equivalente a un reintegro máximo mensual en el extracto de Gs. 150.000 (guaraníes ciento cincuenta mil) .,https://www.beneficiosbancognb.com.py/v2/beneficios/categorias/299,tarjetas de crédito del Banco GNB Paraguay,Hasta 6 cuotas sin intereses para pagos con tarjetas de crédito del Banco GNB Paraguay. Tope de compra de Gs.1.500.000 (guaraníes un millón quinientos mil) por cuenta de tarjeta de crédito (Incluye titulares y adicionales) equivalente a un reintegro máximo mensual en el extracto de Gs. 150.000 (guaraníes ciento cincuenta mil),gnb-299-1,base,Tarjetas elegibles,,2026-12-31,,
Patrol Jeans,Tiendas,25% de descuento,Todos los días,Del 08 de enero al 27 de noviembre del 2026.,Patrol Jeans,Tope de compra mensual: Gs. 1.000.000 (guaraníes un millón) por cuenta de tarjeta de crédito (incluye titulares y adicionales).,https://www.beneficiosbancognb.com.py/v2/beneficios/categorias/436,"tarjetas de crédito Mastercard Black, Black Premier y Metalcard Premier del Banco GNB Paraguay","25% de descuento para pagos con las tarjetas de crédito Mastercard Black, Black Premier y Metalcard Premier del Banco GNB Paraguay. Tope de compra mensual: Gs. 1.000.000 (guaraníes un millón) por cuenta de tarjeta de crédito (incluye titulares y adicionales). No aplica para pagos realizados a través de plataformas de terceros y/o e-commerce",gnb-436-0,premium,Black / Premier,,2026-11-27,,
Patrol Jeans,Tiendas,20% de descuento,Todos los días,Del 08 de enero al 27 de noviembre del 2026.,Patrol Jeans,Tope de compra mensual: Gs. 1.000.000 (guaraníes un millón) por cuenta de tarjeta de crédito (incluye titulares y adicionales).,https://www.beneficiosbancognb.com.py/v2/beneficios/categorias/436,"tarjetas de crédito afinidades Clásicas, Oro, Experience, Platinum e Infinite del Banco GNB Paraguay","20% de descuento para pagos con tarjetas de crédito afinidades Clásicas, Oro, Experience, Platinum e Infinite del Banco GNB Paraguay. Tope de compra mensual: Gs. 1.000.000 (guaraníes un millón) por cuenta de tarjeta de crédito (incluye titulares y adicionales). No aplica para pagos realizados a través de plataformas de terceros y/o e-commerce",gnb-436-1,base,Tarjetas elegibles,,2026-11-27,,
Patrol Jeans,Tiendas,Hasta 6 cuotas sin intereses,Todos los días,Del 08 de enero al 27 de noviembre del 2026.,Patrol Jeans,Tope de compra mensual: Gs. 1.000.000 (guaraníes un millón) por cuenta de tarjeta de crédito (incluye titulares y adicionales).,https://www.beneficiosbancognb.com.py/v2/beneficios/categorias/436,tarjetas de crédito del Banco GNB Paraguay,Hasta 6 cuotas sin intereses para tarjetas de crédito del Banco GNB Paraguay. Tope de compra mensual: Gs. 1.000.000 (guaraníes un millón) por cuenta de tarjeta de crédito (incluye titulares y adicionales). No aplica para pagos realizados a través de plataformas de terceros y/o e-commerce,gnb-436-2,base,Tarjetas elegibles,,2026-11-27,,
Cat Town – Agrofield Web,Tiendas,20% de reintegro,jueves,Del 02 de julio al 31 de diciembre del 2026.,Cat Town – Agrofield Web,"Tope de compra mensual: Gs. 500.000 (guaraníes quinientos mil) por cuenta de tarjeta de crédito, incluye titulares y adicionales.",https://www.beneficiosbancognb.com.py/v2/beneficios/categorias/630,"tarjetas de crédito Mastercard Clásicas, Oro, Black, Black Premier y Metalcard Premier del Banco GNB Paraguay","20% de reintegro para pagos con tarjetas de crédito Mastercard Clásicas, Oro, Black, Black Premier y Metalcard Premier del Banco GNB Paraguay. Tope de compra mensual: Gs. 500.000 (guaraníes quinientos mil) por cuenta de tarjeta de crédito, incluye titulares y adicionales. No participan de la promoción las tarjetas de débito y crédito; Visa, de afinidades Empresariales, Corporativas, Gift Card, Gourmet y Prepagas",gnb-630-0,base,Tarjetas elegibles,,2026-12-31,,
Cat Town – Agrofield Web,Tiendas,Hasta 6 cuotas sin intereses,jueves,Del 02 de julio al 31 de diciembre del 2026.,Cat Town – Agrofield Web,"Tope de compra mensual: Gs. 500.000 (guaraníes quinientos mil) por cuenta de tarjeta de crédito, incluye titulares y adicionales.",https://www.beneficiosbancognb.com.py/v2/beneficios/categorias/630,tarjetas de crédito del Banco GNB Paraguay,"Hasta 6 cuotas sin intereses para pagos con tarjetas de crédito del Banco GNB Paraguay. Tope de compra mensual: Gs. 500.000 (guaraníes quinientos mil) por cuenta de tarjeta de crédito, incluye titulares y adicionales. No participan de la promoción las tarjetas de débito y crédito; Visa, de afinidades Empresariales, Corporativas, Gift Card, Gourmet y Prepagas",gnb-630-1,base,Tarjetas elegibles,,2026-12-31,,
Agrofield – Fauna Town,Tiendas,20% de reintegro,tercer jueves y viernes de cada mes,Del 16 de julio al 18 de diciembre del 2026.,Agrofield – Fauna Town,"Tope de compra mensual: Gs. 2.500.000 (guaraníes dos millones quinientos mil) por cuenta de tarjeta de crédito, incluye titulares y adicionales.",https://www.beneficiosbancognb.com.py/v2/beneficios/categorias/631,"tarjetas de crédito Mastercard Clásicas, Oro, Black, Black Premier y Metalcard Premier del Banco GNB Paraguay","20% de reintegro para pagos con tarjetas de crédito Mastercard Clásicas, Oro, Black, Black Premier y Metalcard Premier del Banco GNB Paraguay. Tope de compra mensual: Gs. 2.500.000 (guaraníes dos millones quinientos mil) por cuenta de tarjeta de crédito, incluye titulares y adicionales. No participan de la promoción las tarjetas de débito y crédito; Visa, de afinidades Empresariales, Corporativas, Gift Card, Gourmet y Prepagas",gnb-631-0,base,Tarjetas elegibles,,2026-12-18,,
Agrofield – Fauna Town,Tiendas,Hasta 6 cuotas sin intereses,tercer jueves y viernes de cada mes,Del 16 de julio al 18 de diciembre del 2026.,Agrofield – Fauna Town,"Tope de compra mensual: Gs. 2.500.000 (guaraníes dos millones quinientos mil) por cuenta de tarjeta de crédito, incluye titulares y adicionales.",https://www.beneficiosbancognb.com.py/v2/beneficios/categorias/631,tarjetas de crédito del Banco GNB Paraguay,"Hasta 6 cuotas sin intereses para pagos con tarjetas de crédito del Banco GNB Paraguay. Tope de compra mensual: Gs. 2.500.000 (guaraníes dos millones quinientos mil) por cuenta de tarjeta de crédito, incluye titulares y adicionales. No participan de la promoción las tarjetas de débito y crédito; Visa, de afinidades Empresariales, Corporativas, Gift Card, Gourmet y Prepagas",gnb-631-1,base,Tarjetas elegibles,,2026-12-18,,
Di Valentini,Tiendas,20% de descuento,sábado,Del 11 de julio al 28 de noviembre del 2026.,Di Valentini,"Tope de compra mensual: Gs. 1.500.000 (guaraníes un millón quinientos mil) por cuenta de tarjeta de crédito Incluye titulares y adicionales, (aplica en forma conjunta a los dos comercios adheridos).",https://www.beneficiosbancognb.com.py/v2/beneficios/categorias/635,"tarjetas de crédito Mastercard Clásicas, Oro, Black, Black Premier y Metalcard Premier del Banco GNB Paraguay","20% de descuento para pagos con tarjetas de crédito Mastercard Clásicas, Oro, Black, Black Premier y Metalcard Premier del Banco GNB Paraguay. Tope de compra mensual: Gs. 1.500.000 (guaraníes un millón quinientos mil) por cuenta de tarjeta de crédito Incluye titulares y adicionales, (aplica en forma conjunta a los dos comercios adheridos). No participan de la promoción las tarjetas de débito y crédito; Visa, de afinidades Empresariales, Corporativas, Gift Card, Gourmet y Prepagas. No aplica para pagos realizados a través de plataformas de terceros y/o e-commerce",gnb-635-0,base,Tarjetas elegibles,,2026-11-28,,
Di Valentini,Tiendas,Hasta 6 cuotas sin intereses,sábado,Del 11 de julio al 28 de noviembre del 2026.,Di Valentini,"Tope de compra mensual: Gs. 1.500.000 (guaraníes un millón quinientos mil) por cuenta de tarjeta de crédito Incluye titulares y adicionales, (aplica en forma conjunta a los dos comercios adheridos).",https://www.beneficiosbancognb.com.py/v2/beneficios/categorias/635,tarjetas de crédito del Banco GNB Paraguay,"Hasta 6 cuotas sin intereses para pagos con tarjetas de crédito del Banco GNB Paraguay. Tope de compra mensual: Gs. 1.500.000 (guaraníes un millón quinientos mil) por cuenta de tarjeta de crédito Incluye titulares y adicionales, (aplica en forma conjunta a los dos comercios adheridos). No participan de la promoción las tarjetas de débito y crédito; Visa, de afinidades Empresariales, Corporativas, Gift Card, Gourmet y Prepagas. No aplica para pagos realizados a través de plataformas de terceros y/o e-commerce",gnb-635-1,base,Tarjetas elegibles,,2026-11-28,,
Juguetería Me Encanta,Tiendas,25% de descuento,"jueves, viernes",Del 24 de julio al 27 de noviembre del 2026.,Juguetería Me Encanta,Tope de compra mensual: Gs. 1.000.000 (guaraníes un millón) por cuenta de tarjeta de crédito (incluye titulares y adicionales).,https://www.beneficiosbancognb.com.py/v2/beneficios/categorias/246,"tarjetas de crédito afinidades Black, Black Premier y Metalcard Premier del Banco GNB Paraguay","25% de descuento para pagos con tarjetas de crédito afinidades Black, Black Premier y Metalcard Premier del Banco GNB Paraguay los días jueves y viernes. Tope de compra mensual: Gs. 1.000.000 (guaraníes un millón) por cuenta de tarjeta de crédito (incluye titulares y adicionales). El descuento en caja no aplica en la compra de Gift Cards. Beneficio no aplica a compras e-commerce",gnb-246-0,premium,Black / Premier,,2026-11-27,,
Juguetería Me Encanta,Tiendas,20% de descuento,"jueves, viernes",Del 24 de julio al 27 de noviembre del 2026.,Juguetería Me Encanta,Tope de compra mensual: Gs. 1.000.000 (guaraníes un millón) por cuenta de tarjeta de crédito (incluye titulares y adicionales).,https://www.beneficiosbancognb.com.py/v2/beneficios/categorias/246,"tarjetas de crédito afinidades Clàsicas, Oro, Experience, Platinum e Infinite del Banco GNB Paraguay","20% de descuento para pagos con tarjetas de crédito afinidades Clàsicas, Oro, Experience, Platinum e Infinite del Banco GNB Paraguay los días jueves y viernes. Tope de compra mensual: Gs. 1.000.000 (guaraníes un millón) por cuenta de tarjeta de crédito (incluye titulares y adicionales). El descuento en caja no aplica en la compra de Gift Cards. Beneficio no aplica a compras e-commerce",gnb-246-1,base,Tarjetas elegibles,,2026-11-27,,
Juguetería Me Encanta,Tiendas,Hasta 6 cuotas sin intereses,Todos los días,Del 24 de julio al 27 de noviembre del 2026.,Juguetería Me Encanta,Tope de compra mensual: Gs. 1.000.000 (guaraníes un millón) por cuenta de tarjeta de crédito (incluye titulares y adicionales).,https://www.beneficiosbancognb.com.py/v2/beneficios/categorias/246,tarjetas de crédito del Banco GNB Paraguay,Hasta 6 cuotas sin intereses para pagos con tarjetas de crédito del Banco GNB Paraguay. Tope de compra mensual: Gs. 1.000.000 (guaraníes un millón) por cuenta de tarjeta de crédito (incluye titulares y adicionales). El descuento en caja no aplica en la compra de Gift Cards. Beneficio no aplica a compras e-commerce,gnb-246-2,base,Tarjetas elegibles,,2026-11-27,,
Literato,Tiendas,25% de descuento,"jueves, viernes",Del 15 de enero al 27 de noviembre del 2026.,Literato,Tope de compra mensual: Gs. 500.000 (guaraníes quinientos mil). El tope de reintegro se aplica por cuenta de tarjeta de crédito (titulares + adicionales).,https://www.beneficiosbancognb.com.py/v2/beneficios/categorias/16,"tarjetas de crédito MasterCard afinidades Black, Black Premier y Metalcard Premier del Banco GNB Paraguay","25% de descuento para pagos con tarjetas de crédito MasterCard afinidades Black, Black Premier y Metalcard Premier del Banco GNB Paraguay. Tope de compra mensual: Gs. 500.000 (guaraníes quinientos mil). El tope de reintegro se aplica por cuenta de tarjeta de crédito (titulares + adicionales)",gnb-16-0,premium,Black / Premier,,2026-11-27,,
Literato,Tiendas,20% de descuento,"jueves, viernes",Del 15 de enero al 27 de noviembre del 2026.,Literato,Tope de compra mensual: Gs. 500.000 (guaraníes quinientos mil). El tope de reintegro se aplica por cuenta de tarjeta de crédito (titulares + adicionales).,https://www.beneficiosbancognb.com.py/v2/beneficios/categorias/16,"tarjetas de crédito afinidades Clásicas, Oro, Experience, Platinum e Infinite del Banco GNB Paraguay","20% de descuento para pagos con tarjetas de crédito afinidades Clásicas, Oro, Experience, Platinum e Infinite del Banco GNB Paraguay. Tope de compra mensual: Gs. 500.000 (guaraníes quinientos mil). El tope de reintegro se aplica por cuenta de tarjeta de crédito (titulares + adicionales)",gnb-16-1,base,Tarjetas elegibles,,2026-11-27,,
Literato,Tiendas,Hasta 6 cuotas sin intereses,Todos los días,Del 15 de enero al 27 de noviembre del 2026.,Literato,Tope de compra mensual: Gs. 500.000 (guaraníes quinientos mil). El tope de reintegro se aplica por cuenta de tarjeta de crédito (titulares + adicionales).,https://www.beneficiosbancognb.com.py/v2/beneficios/categorias/16,tarjetas de crédito del Banco GNB Paraguay,Hasta 6 cuotas sin intereses para pagos con tarjetas de crédito del Banco GNB Paraguay. Tope de compra mensual: Gs. 500.000 (guaraníes quinientos mil). El tope de reintegro se aplica por cuenta de tarjeta de crédito (titulares + adicionales),gnb-16-2,base,Tarjetas elegibles,,2026-11-27,,
New Balance,Tiendas,25% de descuento,Todos los días,Del 23 de enero al 27 de noviembre del 2026.,New Balance,"Tope de compra mensual: Gs. 1.500.000 (guaraníes un millón quinientos mil) para tarjetas de crédito Mastercard y Visa Clásicas, Oro Platinum e Infinite. y Gs. 3.000.000 (guaraníes tres millones) para tarjetas de crédito Mastercard Black, Black Premier y Metalcard Premier el cual aplica en forma conjunta a todos los locales de los comercios adheridos.",https://www.beneficiosbancognb.com.py/v2/beneficios/categorias/34,"tarjetas de crédito afinidades Black, Black Premier y Metalcard Premier del Banco GNB Paraguay","25% de descuento para pagos con tarjetas de crédito afinidades Black, Black Premier y Metalcard Premier del Banco GNB Paraguay los días viernes. Tope de compra mensual: Gs. 1.500.000 (guaraníes un millón quinientos mil) para tarjetas de crédito Mastercard y Visa Clásicas, Oro Platinum e Infinite. y Gs. 3.000.000 (guaraníes tres millones) para tarjetas de crédito Mastercard Black, Black Premier y Metalcard Premier el cual aplica en forma conjunta a todos los locales de los comercios adheridos. El descuento en caja no aplica en la compra de Gift Cards",gnb-34-0,premium,Black / Premier,,2026-11-27,,
New Balance,Tiendas,20% de descuento,Todos los días,Del 23 de enero al 27 de noviembre del 2026.,New Balance,"Tope de compra mensual: Gs. 1.500.000 (guaraníes un millón quinientos mil) para tarjetas de crédito Mastercard y Visa Clásicas, Oro Platinum e Infinite. y Gs. 3.000.000 (guaraníes tres millones) para tarjetas de crédito Mastercard Black, Black Premier y Metalcard Premier el cual aplica en forma conjunta a todos los locales de los comercios adheridos.",https://www.beneficiosbancognb.com.py/v2/beneficios/categorias/34,"tarjetas de crédito afinidades Clàsicas, Oro, Experience, Platinum e Infinite del Banco GNB Paraguay","20% de descuento para pagos con tarjetas de crédito afinidades Clàsicas, Oro, Experience, Platinum e Infinite del Banco GNB Paraguay los días viernes. Tope de compra mensual: Gs. 1.500.000 (guaraníes un millón quinientos mil) para tarjetas de crédito Mastercard y Visa Clásicas, Oro Platinum e Infinite. y Gs. 3.000.000 (guaraníes tres millones) para tarjetas de crédito Mastercard Black, Black Premier y Metalcard Premier el cual aplica en forma conjunta a todos los locales de los comercios adheridos. El descuento en caja no aplica en la compra de Gift Cards",gnb-34-1,base,Tarjetas elegibles,,2026-11-27,,
New Balance,Tiendas,Hasta 6 cuotas sin intereses,Todos los días,Del 23 de enero al 27 de noviembre del 2026.,New Balance,"Tope de compra mensual: Gs. 1.500.000 (guaraníes un millón quinientos mil) para tarjetas de crédito Mastercard y Visa Clásicas, Oro Platinum e Infinite. y Gs. 3.000.000 (guaraníes tres millones) para tarjetas de crédito Mastercard Black, Black Premier y Metalcard Premier el cual aplica en forma conjunta a todos los locales de los comercios adheridos.",https://www.beneficiosbancognb.com.py/v2/beneficios/categorias/34,tarjetas de crédito del Banco GNB Paraguay,"Hasta 6 cuotas sin intereses para pagos con tarjetas de crédito del Banco GNB Paraguay. Tope de compra mensual: Gs. 1.500.000 (guaraníes un millón quinientos mil) para tarjetas de crédito Mastercard y Visa Clásicas, Oro Platinum e Infinite. y Gs. 3.000.000 (guaraníes tres millones) para tarjetas de crédito Mastercard Black, Black Premier y Metalcard Premier el cual aplica en forma conjunta a todos los locales de los comercios adheridos. El descuento en caja no aplica en la compra de Gift Cards",gnb-34-2,base,Tarjetas elegibles,,2026-11-27,,
Charpentier,Tiendas,15% de descuento,Todos los días,Del 01 de enero al 31 de diciembre del 2026.,Charpentier,,https://www.beneficiosbancognb.com.py/v2/beneficios/categorias/35,,"15% de descuento para tarjetas de afinidad Clásicas, Oro, Black, Black Premier, Metalcard Premier, Experience, Platinum, Infinite",gnb-35-0,base,Tarjetas elegibles,,2026-12-31,,
Charpentier,Tiendas,Hasta 6 cuotas sin intereses,Todos los días,Del 01 de enero al 31 de diciembre del 2026.,Charpentier,,https://www.beneficiosbancognb.com.py/v2/beneficios/categorias/35,,"Hasta 6 cuotas sin intereses para tarjetas de afinidad Clásicas, Oro, Black, Black Premier, Metalcard Premier, Experience, Platinum, Infinite",gnb-35-1,base,Tarjetas elegibles,,2026-12-31,,
Body Club,Tiendas,25% de descuento,Todos los días,Del 08 de enero al 27 de noviembre del 2026.,Body Club,Tope de compra mensual: Gs. 1.000.000 (guaraníes un millón) por cuenta de tarjeta de crédito (Incluye titulares y adicionales).,https://www.beneficiosbancognb.com.py/v2/beneficios/categorias/48,"tarjetas de crédito afinidades Black, Black Premier y Metalcard Premier del Banco GNB Paraguay","25% de descuento para pagos con tarjetas de crédito afinidades Black, Black Premier y Metalcard Premier del Banco GNB Paraguay los días jueves y viernes. Tope de compra mensual: Gs. 1.000.000 (guaraníes un millón) por cuenta de tarjeta de crédito (Incluye titulares y adicionales). Beneficio no aplica a compras vía web",gnb-48-0,premium,Black / Premier,,2026-11-27,,
Body Club,Tiendas,20% de descuento,Todos los días,Del 08 de enero al 27 de noviembre del 2026.,Body Club,Tope de compra mensual: Gs. 1.000.000 (guaraníes un millón) por cuenta de tarjeta de crédito (Incluye titulares y adicionales).,https://www.beneficiosbancognb.com.py/v2/beneficios/categorias/48,"tarjetas de crédito afinidades Clàsicas, Oro, Experience, Platinum e Infinite del Banco GNB Paraguay","20% de descuento para pagos con tarjetas de crédito afinidades Clàsicas, Oro, Experience, Platinum e Infinite del Banco GNB Paraguay los días jueves y viernes. Tope de compra mensual: Gs. 1.000.000 (guaraníes un millón) por cuenta de tarjeta de crédito (Incluye titulares y adicionales). Beneficio no aplica a compras vía web",gnb-48-1,base,Tarjetas elegibles,,2026-11-27,,
Body Club,Tiendas,Hasta 6 cuotas sin intereses,Todos los días,Del 08 de enero al 27 de noviembre del 2026.,Body Club,Tope de compra mensual: Gs. 1.000.000 (guaraníes un millón) por cuenta de tarjeta de crédito (Incluye titulares y adicionales).,https://www.beneficiosbancognb.com.py/v2/beneficios/categorias/48,tarjetas de crédito del Banco GNB Paraguay,Hasta 6 cuotas sin intereses para pagos con tarjetas de crédito del Banco GNB Paraguay. Tope de compra mensual: Gs. 1.000.000 (guaraníes un millón) por cuenta de tarjeta de crédito (Incluye titulares y adicionales). Beneficio no aplica a compras vía web,gnb-48-2,base,Tarjetas elegibles,,2026-11-27,,
Achon,Tiendas,Hasta 12 cuotas sin intereses,Todos los días,Del 05 de enero al 31 de diciembre del 2026.,Achon,,https://www.beneficiosbancognb.com.py/v2/beneficios/categorias/51,tarjetas de crédito del Banco GNB,"Hasta 12 cuotas sin intereses para tarjetas de crédito del Banco GNB. No participan de la promoción las tarjetas de débito y crédito de afinidades Empresariales, Corporativas, Gift Card, Gourmet y Prepagas",gnb-51-0,base,Tarjetas elegibles,,2026-12-31,,
Tonina,Vehículos,20% de descuento,miércoles,Desde 2026-07-01 hasta 2026-12-30,Tonina,No aplica para pagos con QR ni delivery. Tope de compra mensual: Gs. 1.000.000; tope de reintegro: Gs. 100.000.,https://www.beneficiosbancognb.com.py/v2/beneficios/categorias/52,tarjetas de crédito GNB,20% de descuento los miércoles con tarjetas de crédito GNB. No aplica para pagos con QR ni delivery. Tope de compra mensual: Gs. 1.000.000; tope de reintegro: Gs. 100.000,gnb-52-0,base,Tarjetas elegibles,,2026-12-30,,
Tonina,Vehículos,Hasta 12 cuotas sin intereses,Todos los días,Desde 2026-07-01 hasta 2026-12-30,Tonina,No aplica para pagos con QR ni delivery. Tope de compra mensual: Gs. 1.000.000; tope de reintegro: Gs. 100.000.,https://www.beneficiosbancognb.com.py/v2/beneficios/categorias/52,tarjetas de crédito GNB,Hasta 12 cuotas sin intereses todos los días con tarjetas de crédito GNB. No aplica para pagos con QR ni delivery. Tope de compra mensual: Gs. 1.000.000; tope de reintegro: Gs. 100.000,gnb-52-1,base,Tarjetas elegibles,,2026-12-30,,
Denoir,Tiendas,25% de descuento,Todos los días,Del 22 de enero al 27 de noviembre del 2026.,Denoir,Tope de compra mensual: Gs. 10.000.000 (guaranies diez millones) por cuenta de tarjeta de crédito (incluye titulares y adicionales).,https://www.beneficiosbancognb.com.py/v2/beneficios/categorias/100,"tarjetas de crédito afinidades Black, Black Premier y Metalcard Premier del Banco GNB Paraguay","25% de descuento para pagos con tarjetas de crédito afinidades Black, Black Premier y Metalcard Premier del Banco GNB Paraguay los días jueves y viernes. Tope de compra mensual: Gs. 10.000.000 (guaranies diez millones) por cuenta de tarjeta de crédito (incluye titulares y adicionales). No aplica a compras a través del e-commerce",gnb-100-0,premium,Black / Premier,,2026-11-27,,
Denoir,Tiendas,20% de descuento,Todos los días,Del 22 de enero al 27 de noviembre del 2026.,Denoir,Tope de compra mensual: Gs. 10.000.000 (guaranies diez millones) por cuenta de tarjeta de crédito (incluye titulares y adicionales).,https://www.beneficiosbancognb.com.py/v2/beneficios/categorias/100,"tarjetas de crédito afinidades Clàsicas, Oro, Experience, Platinum e Infinite del Banco GNB Paraguay","20% de descuento para pagos con tarjetas de crédito afinidades Clàsicas, Oro, Experience, Platinum e Infinite del Banco GNB Paraguay los días jueves y viernes. Tope de compra mensual: Gs. 10.000.000 (guaranies diez millones) por cuenta de tarjeta de crédito (incluye titulares y adicionales). No aplica a compras a través del e-commerce",gnb-100-1,base,Tarjetas elegibles,,2026-11-27,,
Denoir,Tiendas,Hasta 12 cuotas sin intereses,Todos los días,Del 22 de enero al 27 de noviembre del 2026.,Denoir,Tope de compra mensual: Gs. 10.000.000 (guaranies diez millones) por cuenta de tarjeta de crédito (incluye titulares y adicionales).,https://www.beneficiosbancognb.com.py/v2/beneficios/categorias/100,tarjetas de crédito del Banco GNB Paraguay,Hasta 12 cuotas sin intereses para pagos con tarjetas de crédito del Banco GNB Paraguay. Tope de compra mensual: Gs. 10.000.000 (guaranies diez millones) por cuenta de tarjeta de crédito (incluye titulares y adicionales). No aplica a compras a través del e-commerce,gnb-100-2,base,Tarjetas elegibles,,2026-11-27,,
Boxes Casual Shoes,Tiendas,25% de descuento,sábado,Del 05 de septiembre al 26 de diciembre del 2026.,Boxes Casual Shoes,Tope de compra mensual: Gs. 1.000.000 (guaraníes un millón) por cuenta de tarjeta de crédito Incluye titulares y adicionales.,https://www.beneficiosbancognb.com.py/v2/beneficios/categorias/110,"tarjetas de crédito Mastercard Clásicas, Oro, Black, Black Premier y Metalcard Premier del Banco GNB Paraguay","25% de descuento para pagos con tarjetas de crédito Mastercard Clásicas, Oro, Black, Black Premier y Metalcard Premier del Banco GNB Paraguay. Tope de compra mensual: Gs. 1.000.000 (guaraníes un millón) por cuenta de tarjeta de crédito Incluye titulares y adicionales",gnb-110-0,base,Tarjetas elegibles,,2026-12-26,,
Boxes Casual Shoes,Tiendas,15% de descuento,sábado,Del 05 de septiembre al 26 de diciembre del 2026.,Boxes Casual Shoes,Tope de compra mensual: Gs. 1.000.000 (guaraníes un millón) por cuenta de tarjeta de crédito Incluye titulares y adicionales.,https://www.beneficiosbancognb.com.py/v2/beneficios/categorias/110,,Para compras en tiendas físicas: El 15% de descuento será aplicado por el comercio en caja/mostrador al momento del pago y el 10% restante será vía reintegro en el extracto al cierre o podrá visualizarlo en su app en los movimientos mensuales de su tarjeta. Tope de compra mensual: Gs. 1.000.000 (guaraníes un millón) por cuenta de tarjeta de crédito Incluye titulares y adicionales,gnb-110-1,base,Tarjetas elegibles,,2026-12-26,,
Boxes Casual Shoes,Tiendas,25% de descuento,sábado,Del 05 de septiembre al 26 de diciembre del 2026.,Boxes Casual Shoes,Tope de compra mensual: Gs. 1.000.000 (guaraníes un millón) por cuenta de tarjeta de crédito Incluye titulares y adicionales.,https://www.beneficiosbancognb.com.py/v2/beneficios/categorias/110,,Para compras vía web: El 25% de descuento será aplicado vía reintegro en el extracto al cierre o podrá visualizarlo en los movimientos mensuales de su tarjeta. Tope de compra mensual: Gs. 1.000.000 (guaraníes un millón) por cuenta de tarjeta de crédito Incluye titulares y adicionales,gnb-110-2,base,Tarjetas elegibles,,2026-12-26,,
Cole Haan,Tiendas,25% de descuento,viernes,Del 23 de enero al 27 de noviembre del 2026.,Cole Haan,,https://www.beneficiosbancognb.com.py/v2/beneficios/categorias/116,"tarjetas de crédito afinidades Black, Black Premier y Metalcard Premier del Banco GNB Paraguay","25% de descuento para pagos con tarjetas de crédito afinidades Black, Black Premier y Metalcard Premier del Banco GNB Paraguay los días viernes",gnb-116-0,premium,Black / Premier,,2026-11-27,,
Cole Haan,Tiendas,20% de descuento,viernes,Del 23 de enero al 27 de noviembre del 2026.,Cole Haan,,https://www.beneficiosbancognb.com.py/v2/beneficios/categorias/116,"tarjetas de crédito afinidades Clàsicas, Oro, Experience, Platinum e Infinite del Banco GNB Paraguay","20% de descuento para pagos con tarjetas de crédito afinidades Clàsicas, Oro, Experience, Platinum e Infinite del Banco GNB Paraguay los días viernes",gnb-116-1,base,Tarjetas elegibles,,2026-11-27,,
Cole Haan,Tiendas,Hasta 6 cuotas sin intereses,Todos los días,Del 23 de enero al 27 de noviembre del 2026.,Cole Haan,,https://www.beneficiosbancognb.com.py/v2/beneficios/categorias/116,tarjetas de crédito del Banco GNB Paraguay,Hasta 6 cuotas sin intereses para pagos con tarjetas de crédito del Banco GNB Paraguay,gnb-116-2,base,Tarjetas elegibles,,2026-11-27,,
Tu Almacén FD,Gastronomía,25% de descuento,viernes,Del 24 de julio al 25 de diciembre del 2026.,Tu Almacén FD,Tope de compra mensual: Gs. 1.000.000 (guaraníes un millón) por cuenta de tarjeta de crédito (Incluye titulares y adicionales).,https://www.beneficiosbancognb.com.py/v2/beneficios/categorias/128,"tarjetas de crédito Mastercard Black, Black Premier y Metalcard Premier del Banco GNB Paraguay","Hasta 25% de descuento para pagos con tarjetas de crédito Mastercard Black, Black Premier y Metalcard Premier del Banco GNB Paraguay. Tope de compra mensual: Gs. 1.000.000 (guaraníes un millón) por cuenta de tarjeta de crédito (Incluye titulares y adicionales)",gnb-128-0,premium,Black / Premier,,2026-12-25,,
Tu Almacén FD,Gastronomía,20% de descuento,viernes,Del 24 de julio al 25 de diciembre del 2026.,Tu Almacén FD,Tope de compra mensual: Gs. 1.000.000 (guaraníes un millón) por cuenta de tarjeta de crédito (Incluye titulares y adicionales).,https://www.beneficiosbancognb.com.py/v2/beneficios/categorias/128,tarjetas de crédito Mastercard Clásicas y Oro del Banco GNB Paraguay,Hasta 20% de descuento para pagos con tarjetas de crédito Mastercard Clásicas y Oro del Banco GNB Paraguay. Tope de compra mensual: Gs. 1.000.000 (guaraníes un millón) por cuenta de tarjeta de crédito (Incluye titulares y adicionales),gnb-128-1,base,Tarjetas elegibles,,2026-12-25,,
Tu Almacén FD,Gastronomía,Hasta 3 cuotas sin intereses,viernes,Del 24 de julio al 25 de diciembre del 2026.,Tu Almacén FD,Tope de compra mensual: Gs. 1.000.000 (guaraníes un millón) por cuenta de tarjeta de crédito (Incluye titulares y adicionales).,https://www.beneficiosbancognb.com.py/v2/beneficios/categorias/128,tarjetas de crédito del Banco GNB Paraguay,Hasta 3 cuotas sin intereses para pagos con tarjetas de crédito del Banco GNB Paraguay. Tope de compra mensual: Gs. 1.000.000 (guaraníes un millón) por cuenta de tarjeta de crédito (Incluye titulares y adicionales),gnb-128-2,base,Tarjetas elegibles,,2026-12-25,,
Burger King,Gastronomía,25% de descuento,jueves,Del 08 de enero al 31 de diciembre del 2026.,Burger King,,https://www.beneficiosbancognb.com.py/v2/beneficios/categorias/161,"Tarjeta de Crédito afinidades MasterCard Black, MasterCard Black Premier","25% de descuento para Tarjeta de Crédito afinidades MasterCard Black, MasterCard Black Premier; Visa Platinum y Visa Infinite. Aplica única y exclusivamente para compras realizadas en locales, carry out, e-commerce y delivery directo de Burger King. No aplica para compras realizadas a través de plataformas de terceros",gnb-161-0,premium,Black / Premier,,2026-12-31,,
Burger King,Gastronomía,20% de descuento,jueves,Del 08 de enero al 31 de diciembre del 2026.,Burger King,,https://www.beneficiosbancognb.com.py/v2/beneficios/categorias/161,Tarjetas de Crédito afinidades Mastercard Clásicas y Oro,"20% de descuento para Tarjetas de Crédito afinidades Mastercard Clásicas y Oro; Visa Clásicas, Oro y Experience. Aplica única y exclusivamente para compras realizadas en locales, carry out, e-commerce y delivery directo de Burger King. No aplica para compras realizadas a través de plataformas de terceros",gnb-161-1,base,Tarjetas elegibles,,2026-12-31,,
Burger King,Gastronomía,10% de descuento,jueves,Del 08 de enero al 31 de diciembre del 2026.,Burger King,,https://www.beneficiosbancognb.com.py/v2/beneficios/categorias/161,,"10% de descuento para Tarjetas Prepagas del Banco GNB Paraguay. Aplica única y exclusivamente para compras realizadas en locales, carry out, e-commerce y delivery directo de Burger King. No aplica para compras realizadas a través de plataformas de terceros",gnb-161-2,base,Tarjetas elegibles,,2026-12-31,,
Outdoors,Tiendas,25% de descuento,viernes,Del 23 de enero al 27 de noviembre del 2026.,Outdoors,,https://www.beneficiosbancognb.com.py/v2/beneficios/categorias/167,"tarjetas de crédito afinidades Black, Black Premier y Metalcard Premier del Banco GNB Paraguay","25% de descuento para pagos con tarjetas de crédito afinidades Black, Black Premier y Metalcard Premier del Banco GNB Paraguay los días viernes",gnb-167-0,premium,Black / Premier,,2026-11-27,,
Outdoors,Tiendas,20% de descuento,viernes,Del 23 de enero al 27 de noviembre del 2026.,Outdoors,,https://www.beneficiosbancognb.com.py/v2/beneficios/categorias/167,"tarjetas de crédito afinidades Clàsicas, Oro, Experience, Platinum e Infinite del Banco GNB Paraguay","20% de descuento para pagos con tarjetas de crédito afinidades Clàsicas, Oro, Experience, Platinum e Infinite del Banco GNB Paraguay los días viernes",gnb-167-1,base,Tarjetas elegibles,,2026-11-27,,
Outdoors,Tiendas,Hasta 6 cuotas sin intereses,Todos los días,Del 23 de enero al 27 de noviembre del 2026.,Outdoors,,https://www.beneficiosbancognb.com.py/v2/beneficios/categorias/167,tarjetas de crédito del Banco GNB Paraguay,Hasta 6 cuotas sin intereses para pagos con tarjetas de crédito del Banco GNB Paraguay,gnb-167-2,base,Tarjetas elegibles,,2026-11-27,,
Crocs,Tiendas,25% de descuento,viernes,Del 23 de enero al 27 de noviembre del 2026.,Crocs,,https://www.beneficiosbancognb.com.py/v2/beneficios/categorias/169,"tarjetas de crédito afinidades Black, Black Premier y Metalcard Premier del Banco GNB Paraguay","25% de descuento para pagos con tarjetas de crédito afinidades Black, Black Premier y Metalcard Premier del Banco GNB Paraguay los días viernes",gnb-169-0,premium,Black / Premier,,2026-11-27,,
Crocs,Tiendas,20% de descuento,viernes,Del 23 de enero al 27 de noviembre del 2026.,Crocs,,https://www.beneficiosbancognb.com.py/v2/beneficios/categorias/169,"tarjetas de crédito afinidades Clàsicas, Oro, Experience, Platinum e Infinite del Banco GNB Paraguay","20% de descuento para pagos con tarjetas de crédito afinidades Clàsicas, Oro, Experience, Platinum e Infinite del Banco GNB Paraguay los días viernes",gnb-169-1,base,Tarjetas elegibles,,2026-11-27,,
Crocs,Tiendas,Hasta 6 cuotas sin intereses,Todos los días,Del 23 de enero al 27 de noviembre del 2026.,Crocs,,https://www.beneficiosbancognb.com.py/v2/beneficios/categorias/169,tarjetas de crédito del Banco GNB Paraguay,Hasta 6 cuotas sin intereses para pagos con tarjetas de crédito del Banco GNB Paraguay,gnb-169-2,base,Tarjetas elegibles,,2026-11-27,,
Timberland,Tiendas,25% de descuento,viernes,Del 23 de enero al 27 de noviembre del 2026.,Timberland,,https://www.beneficiosbancognb.com.py/v2/beneficios/categorias/170,"tarjetas de crédito afinidades Black, Black Premier y Metalcard Premier del Banco GNB Paraguay","25% de descuento para pagos con tarjetas de crédito afinidades Black, Black Premier y Metalcard Premier del Banco GNB Paraguay los días viernes",gnb-170-0,premium,Black / Premier,,2026-11-27,,
Timberland,Tiendas,20% de descuento,viernes,Del 23 de enero al 27 de noviembre del 2026.,Timberland,,https://www.beneficiosbancognb.com.py/v2/beneficios/categorias/170,"tarjetas de crédito afinidades Clàsicas, Oro, Experience, Platinum e Infinite del Banco GNB Paraguay","20% de descuento para pagos con tarjetas de crédito afinidades Clàsicas, Oro, Experience, Platinum e Infinite del Banco GNB Paraguay los días viernes",gnb-170-1,base,Tarjetas elegibles,,2026-11-27,,
Timberland,Tiendas,Hasta 6 cuotas sin intereses,Todos los días,Del 23 de enero al 27 de noviembre del 2026.,Timberland,,https://www.beneficiosbancognb.com.py/v2/beneficios/categorias/170,tarjetas de crédito del Banco GNB Paraguay,Hasta 6 cuotas sin intereses para pagos con tarjetas de crédito del Banco GNB Paraguay,gnb-170-2,base,Tarjetas elegibles,,2026-11-27,,
La Nutry Healthy Food,Tiendas,25% de reintegro,de lunes a viernes,Del 01 de julio al 31 de diciembre del 2026.,La Nutry Healthy Food,"Tope de compra mensual: Gs.800.000 , el cual aplica en forma conjunta a todos los locales del comercio y delivery directo de La Nutry.",https://www.beneficiosbancognb.com.py/v2/beneficios/categorias/172,"tarjetas de crédito Mastercard Black, Black Premier y Metalcard Premier del Banco GNB Paraguay","25% de reintegro para pagos con tarjetas de crédito Mastercard Black, Black Premier y Metalcard Premier del Banco GNB Paraguay. Tope de compra mensual: Gs.800.000 , el cual aplica en forma conjunta a todos los locales del comercio y delivery directo de La Nutry. No aplica para pagos realizados a través de plataformas de terceros (Pedidos Ya, Monchis, entre otros) y/o e-commerce",gnb-172-0,premium,Black / Premier,,2026-12-31,,
La Nutry Healthy Food,Tiendas,20% de reintegro,de lunes a viernes,Del 01 de julio al 31 de diciembre del 2026.,La Nutry Healthy Food,"Tope de compra mensual: Gs.800.000 , el cual aplica en forma conjunta a todos los locales del comercio y delivery directo de La Nutry.",https://www.beneficiosbancognb.com.py/v2/beneficios/categorias/172,tarjetas de crédito Mastercard Clásicas y Oro del Banco GNB Paraguay,"20% de reintegro para pagos con tarjetas de crédito Mastercard Clásicas y Oro del Banco GNB Paraguay. Tope de compra mensual: Gs.800.000 , el cual aplica en forma conjunta a todos los locales del comercio y delivery directo de La Nutry. No aplica para pagos realizados a través de plataformas de terceros (Pedidos Ya, Monchis, entre otros) y/o e-commerce",gnb-172-1,base,Tarjetas elegibles,,2026-12-31,,
Urban Haus,Tiendas,25% de descuento,"jueves, viernes",Del 08 de enero al 27 de noviembre del 2026.,Urban Haus,Tope de compra mensual: Gs. 2.000.000 (guaranies dos millones) por cuenta de tarjeta de crédito (incluye titulares y adicionales).,https://www.beneficiosbancognb.com.py/v2/beneficios/categorias/179,"tarjetas de crédito afinidades Black, Black Premier y Metalcard Premier del Banco GNB Paraguay","25% de descuento para pagos con tarjetas de crédito afinidades Black, Black Premier y Metalcard Premier del Banco GNB Paraguay los días jueves y viernes. Tope de compra mensual: Gs. 2.000.000 (guaranies dos millones) por cuenta de tarjeta de crédito (incluye titulares y adicionales). El descuento en caja no aplica en la compra de Gift Cards",gnb-179-0,premium,Black / Premier,,2026-11-27,,
Urban Haus,Tiendas,20% de descuento,"jueves, viernes",Del 08 de enero al 27 de noviembre del 2026.,Urban Haus,Tope de compra mensual: Gs. 2.000.000 (guaranies dos millones) por cuenta de tarjeta de crédito (incluye titulares y adicionales).,https://www.beneficiosbancognb.com.py/v2/beneficios/categorias/179,"tarjetas de crédito afinidades Clàsicas, Oro, Experience, Platinum e Infinite del Banco GNB Paraguay","20% de descuento para pagos con tarjetas de crédito afinidades Clàsicas, Oro, Experience, Platinum e Infinite del Banco GNB Paraguay los días jueves y viernes. Tope de compra mensual: Gs. 2.000.000 (guaranies dos millones) por cuenta de tarjeta de crédito (incluye titulares y adicionales). El descuento en caja no aplica en la compra de Gift Cards",gnb-179-1,base,Tarjetas elegibles,,2026-11-27,,
Urban Haus,Tiendas,Hasta 6 cuotas sin intereses,Todos los días,Del 08 de enero al 27 de noviembre del 2026.,Urban Haus,Tope de compra mensual: Gs. 2.000.000 (guaranies dos millones) por cuenta de tarjeta de crédito (incluye titulares y adicionales).,https://www.beneficiosbancognb.com.py/v2/beneficios/categorias/179,tarjetas de crédito del Banco GNB Paraguay,Hasta 6 cuotas sin intereses para pagos con tarjetas de crédito del Banco GNB Paraguay. Tope de compra mensual: Gs. 2.000.000 (guaranies dos millones) por cuenta de tarjeta de crédito (incluye titulares y adicionales). El descuento en caja no aplica en la compra de Gift Cards,gnb-179-2,base,Tarjetas elegibles,,2026-11-27,,
Nike - Rookie - Academy - Rise,Tiendas,25% de descuento,jueves,Del 08 de enero al 26 de noviembre del 2026.,Nike - Rookie - Academy - Rise,"Tope de compra mensual: Gs. 1.500.000 (guaraníes un millón quinientos mil) para tarjetas de crédito Mastercard y Visa Clásicas, Oro Platinum e Infinite. y Gs. 3.000.000 (guaraníes tres millones) para tarjetas de crédito Mastercard Black, Black Premier y Metalcard Premier el cual aplica en forma conjunta a todos los locales de los comercios adheridos (Nike, Rookie, Academy, Rise).",https://www.beneficiosbancognb.com.py/v2/beneficios/categorias/180,"tarjetas de crédito afinidades Black, Black Premier y Metalcard Premier del Banco GNB Paraguay","25% de descuento para pagos con tarjetas de crédito afinidades Black, Black Premier y Metalcard Premier del Banco GNB Paraguay los días jueves. Tope de compra mensual: Gs. 1.500.000 (guaraníes un millón quinientos mil) para tarjetas de crédito Mastercard y Visa Clásicas, Oro Platinum e Infinite. y Gs. 3.000.000 (guaraníes tres millones) para tarjetas de crédito Mastercard Black, Black Premier y Metalcard Premier el cual aplica en forma conjunta a todos los locales de los comercios adheridos (Nike, Rookie, Academy, Rise). El descuento en caja no aplica en la compra de Gift Cards",gnb-180-0,premium,Black / Premier,,2026-11-26,,
Nike - Rookie - Academy - Rise,Tiendas,20% de descuento,jueves,Del 08 de enero al 26 de noviembre del 2026.,Nike - Rookie - Academy - Rise,"Tope de compra mensual: Gs. 1.500.000 (guaraníes un millón quinientos mil) para tarjetas de crédito Mastercard y Visa Clásicas, Oro Platinum e Infinite. y Gs. 3.000.000 (guaraníes tres millones) para tarjetas de crédito Mastercard Black, Black Premier y Metalcard Premier el cual aplica en forma conjunta a todos los locales de los comercios adheridos (Nike, Rookie, Academy, Rise).",https://www.beneficiosbancognb.com.py/v2/beneficios/categorias/180,"tarjetas de crédito afinidades Clàsicas, Oro, Experience, Platinum e Infinite del Banco GNB Paraguay","20% de descuento para pagos con tarjetas de crédito afinidades Clàsicas, Oro, Experience, Platinum e Infinite del Banco GNB Paraguay los días jueves. Tope de compra mensual: Gs. 1.500.000 (guaraníes un millón quinientos mil) para tarjetas de crédito Mastercard y Visa Clásicas, Oro Platinum e Infinite. y Gs. 3.000.000 (guaraníes tres millones) para tarjetas de crédito Mastercard Black, Black Premier y Metalcard Premier el cual aplica en forma conjunta a todos los locales de los comercios adheridos (Nike, Rookie, Academy, Rise). El descuento en caja no aplica en la compra de Gift Cards",gnb-180-1,base,Tarjetas elegibles,,2026-11-26,,
Nike - Rookie - Academy - Rise,Tiendas,Hasta 6 cuotas sin intereses,Todos los días,Del 08 de enero al 26 de noviembre del 2026.,Nike - Rookie - Academy - Rise,"Tope de compra mensual: Gs. 1.500.000 (guaraníes un millón quinientos mil) para tarjetas de crédito Mastercard y Visa Clásicas, Oro Platinum e Infinite. y Gs. 3.000.000 (guaraníes tres millones) para tarjetas de crédito Mastercard Black, Black Premier y Metalcard Premier el cual aplica en forma conjunta a todos los locales de los comercios adheridos (Nike, Rookie, Academy, Rise).",https://www.beneficiosbancognb.com.py/v2/beneficios/categorias/180,tarjetas de crédito del Banco GNB Paraguay,"Hasta 6 cuotas sin intereses para pagos con tarjetas de crédito del Banco GNB Paraguay. Tope de compra mensual: Gs. 1.500.000 (guaraníes un millón quinientos mil) para tarjetas de crédito Mastercard y Visa Clásicas, Oro Platinum e Infinite. y Gs. 3.000.000 (guaraníes tres millones) para tarjetas de crédito Mastercard Black, Black Premier y Metalcard Premier el cual aplica en forma conjunta a todos los locales de los comercios adheridos (Nike, Rookie, Academy, Rise). El descuento en caja no aplica en la compra de Gift Cards",gnb-180-2,base,Tarjetas elegibles,,2026-11-26,,
360 Sneaker Store,Tiendas,25% de descuento,jueves,Del 22 de enero al 26 de noviembre del 2026.,360 Sneaker Store,"Tope de compra mensual: Gs. 1.500.000 (guaraníes un millón quinientos mil) para tarjetas de crédito Mastercard y Visa Clásicas, Oro Platinum e Infinite . y Gs. 3.000.000 (guaraníes tres millones) para tarjetas de crédito Mastercard Black, Black Premier y Metalcard Premier el cual aplica en forma conjunta a todos los locales de los comercios adheridos.",https://www.beneficiosbancognb.com.py/v2/beneficios/categorias/181,"tarjetas de crédito afinidades Black, Black Premier y Metalcard Premier del Banco GNB Paraguay","25% de descuento para pagos con tarjetas de crédito afinidades Black, Black Premier y Metalcard Premier del Banco GNB Paraguay los días jueves. Tope de compra mensual: Gs. 1.500.000 (guaraníes un millón quinientos mil) para tarjetas de crédito Mastercard y Visa Clásicas, Oro Platinum e Infinite . y Gs. 3.000.000 (guaraníes tres millones) para tarjetas de crédito Mastercard Black, Black Premier y Metalcard Premier el cual aplica en forma conjunta a todos los locales de los comercios adheridos. El descuento en caja no aplica en la compra de Gift Cards",gnb-181-0,premium,Black / Premier,,2026-11-26,,
360 Sneaker Store,Tiendas,20% de descuento,jueves,Del 22 de enero al 26 de noviembre del 2026.,360 Sneaker Store,"Tope de compra mensual: Gs. 1.500.000 (guaraníes un millón quinientos mil) para tarjetas de crédito Mastercard y Visa Clásicas, Oro Platinum e Infinite . y Gs. 3.000.000 (guaraníes tres millones) para tarjetas de crédito Mastercard Black, Black Premier y Metalcard Premier el cual aplica en forma conjunta a todos los locales de los comercios adheridos.",https://www.beneficiosbancognb.com.py/v2/beneficios/categorias/181,"tarjetas de crédito afinidades Clàsicas, Oro, Experience, Platinum e Infinite del Banco GNB Paraguay","20% de descuento para pagos con tarjetas de crédito afinidades Clàsicas, Oro, Experience, Platinum e Infinite del Banco GNB Paraguay los días jueves. Tope de compra mensual: Gs. 1.500.000 (guaraníes un millón quinientos mil) para tarjetas de crédito Mastercard y Visa Clásicas, Oro Platinum e Infinite . y Gs. 3.000.000 (guaraníes tres millones) para tarjetas de crédito Mastercard Black, Black Premier y Metalcard Premier el cual aplica en forma conjunta a todos los locales de los comercios adheridos. El descuento en caja no aplica en la compra de Gift Cards",gnb-181-1,base,Tarjetas elegibles,,2026-11-26,,
360 Sneaker Store,Tiendas,Hasta 6 cuotas sin intereses,jueves,Del 22 de enero al 26 de noviembre del 2026.,360 Sneaker Store,"Tope de compra mensual: Gs. 1.500.000 (guaraníes un millón quinientos mil) para tarjetas de crédito Mastercard y Visa Clásicas, Oro Platinum e Infinite . y Gs. 3.000.000 (guaraníes tres millones) para tarjetas de crédito Mastercard Black, Black Premier y Metalcard Premier el cual aplica en forma conjunta a todos los locales de los comercios adheridos.",https://www.beneficiosbancognb.com.py/v2/beneficios/categorias/181,tarjetas de crédito del Banco GNB Paraguay,"Hasta 6 cuotas sin intereses para pagos con tarjetas de crédito del Banco GNB Paraguay. Tope de compra mensual: Gs. 1.500.000 (guaraníes un millón quinientos mil) para tarjetas de crédito Mastercard y Visa Clásicas, Oro Platinum e Infinite . y Gs. 3.000.000 (guaraníes tres millones) para tarjetas de crédito Mastercard Black, Black Premier y Metalcard Premier el cual aplica en forma conjunta a todos los locales de los comercios adheridos. El descuento en caja no aplica en la compra de Gift Cards",gnb-181-2,base,Tarjetas elegibles,,2026-11-26,,
Meta Sports,Tiendas,25% de descuento,jueves,Del 22 de enero al 26 de noviembre del 2026.,Meta Sports,"Tope de compra mensual: Gs. 1.500.000 (guaraníes un millón quinientos mil) para tarjetas de crédito Mastercard y Visa Clásicas, Oro Platinum e Infinite . y Gs. 3.000.000 (guaraníes tres millones) para tarjetas de crédito Mastercard Black, Black Premier y Metalcard Premier el cual aplica en forma conjunta a todos los locales de los comercios adheridos.",https://www.beneficiosbancognb.com.py/v2/beneficios/categorias/183,"tarjetas de crédito afinidades Black, Black Premier y Metalcard Premier del Banco GNB Paraguay","25% de descuento para pagos con tarjetas de crédito afinidades Black, Black Premier y Metalcard Premier del Banco GNB Paraguay los días jueves. Tope de compra mensual: Gs. 1.500.000 (guaraníes un millón quinientos mil) para tarjetas de crédito Mastercard y Visa Clásicas, Oro Platinum e Infinite . y Gs. 3.000.000 (guaraníes tres millones) para tarjetas de crédito Mastercard Black, Black Premier y Metalcard Premier el cual aplica en forma conjunta a todos los locales de los comercios adheridos. El descuento en caja no aplica en la compra de Gift Cards",gnb-183-0,premium,Black / Premier,,2026-11-26,,
Meta Sports,Tiendas,20% de descuento,jueves,Del 22 de enero al 26 de noviembre del 2026.,Meta Sports,"Tope de compra mensual: Gs. 1.500.000 (guaraníes un millón quinientos mil) para tarjetas de crédito Mastercard y Visa Clásicas, Oro Platinum e Infinite . y Gs. 3.000.000 (guaraníes tres millones) para tarjetas de crédito Mastercard Black, Black Premier y Metalcard Premier el cual aplica en forma conjunta a todos los locales de los comercios adheridos.",https://www.beneficiosbancognb.com.py/v2/beneficios/categorias/183,"tarjetas de crédito afinidades Clàsicas, Oro, Experience, Platinum e Infinite del Banco GNB Paraguay","20% de descuento para pagos con tarjetas de crédito afinidades Clàsicas, Oro, Experience, Platinum e Infinite del Banco GNB Paraguay los días jueves. Tope de compra mensual: Gs. 1.500.000 (guaraníes un millón quinientos mil) para tarjetas de crédito Mastercard y Visa Clásicas, Oro Platinum e Infinite . y Gs. 3.000.000 (guaraníes tres millones) para tarjetas de crédito Mastercard Black, Black Premier y Metalcard Premier el cual aplica en forma conjunta a todos los locales de los comercios adheridos. El descuento en caja no aplica en la compra de Gift Cards",gnb-183-1,base,Tarjetas elegibles,,2026-11-26,,
Meta Sports,Tiendas,Hasta 6 cuotas sin intereses,jueves,Del 22 de enero al 26 de noviembre del 2026.,Meta Sports,"Tope de compra mensual: Gs. 1.500.000 (guaraníes un millón quinientos mil) para tarjetas de crédito Mastercard y Visa Clásicas, Oro Platinum e Infinite . y Gs. 3.000.000 (guaraníes tres millones) para tarjetas de crédito Mastercard Black, Black Premier y Metalcard Premier el cual aplica en forma conjunta a todos los locales de los comercios adheridos.",https://www.beneficiosbancognb.com.py/v2/beneficios/categorias/183,tarjetas de crédito del Banco GNB Paraguay,"Hasta 6 cuotas sin intereses para pagos con tarjetas de crédito del Banco GNB Paraguay. Tope de compra mensual: Gs. 1.500.000 (guaraníes un millón quinientos mil) para tarjetas de crédito Mastercard y Visa Clásicas, Oro Platinum e Infinite . y Gs. 3.000.000 (guaraníes tres millones) para tarjetas de crédito Mastercard Black, Black Premier y Metalcard Premier el cual aplica en forma conjunta a todos los locales de los comercios adheridos. El descuento en caja no aplica en la compra de Gift Cards",gnb-183-2,base,Tarjetas elegibles,,2026-11-26,,
Armele,Tiendas,25% de descuento,Todos los días,Del 22 de enero al 27 de noviembre del 2026.,Armele,Tope de compra mensual: Gs. 20.000.000 (guaranies veinte millones) por cuenta de tarjeta de crédito (incluye titulares y adicionales).,https://www.beneficiosbancognb.com.py/v2/beneficios/categorias/193,"tarjetas de crédito afinidades Black, Black Premier y Metalcard Premier del Banco GNB Paraguay","25% de descuento para pagos con tarjetas de crédito afinidades Black, Black Premier y Metalcard Premier del Banco GNB Paraguay los jueves y viernes. Tope de compra mensual: Gs. 20.000.000 (guaranies veinte millones) por cuenta de tarjeta de crédito (incluye titulares y adicionales)",gnb-193-0,premium,Black / Premier,,2026-11-27,,
Armele,Tiendas,20% de descuento,Todos los días,Del 22 de enero al 27 de noviembre del 2026.,Armele,Tope de compra mensual: Gs. 20.000.000 (guaranies veinte millones) por cuenta de tarjeta de crédito (incluye titulares y adicionales).,https://www.beneficiosbancognb.com.py/v2/beneficios/categorias/193,"tarjetas de crédito afinidades Clásicas, Oro, Experience, Platinum e Infinite del Banco GNB Paraguay","20% de descuento para pagos con tarjetas de crédito afinidades Clásicas, Oro, Experience, Platinum e Infinite del Banco GNB Paraguay los jueves y viernes. Tope de compra mensual: Gs. 20.000.000 (guaranies veinte millones) por cuenta de tarjeta de crédito (incluye titulares y adicionales)",gnb-193-1,base,Tarjetas elegibles,,2026-11-27,,
Armele,Tiendas,Hasta 12 cuotas sin intereses,Todos los días,Del 22 de enero al 27 de noviembre del 2026.,Armele,Tope de compra mensual: Gs. 20.000.000 (guaranies veinte millones) por cuenta de tarjeta de crédito (incluye titulares y adicionales).,https://www.beneficiosbancognb.com.py/v2/beneficios/categorias/193,tarjetas de crédito del Banco GNB Paraguay,Hasta 12 cuotas sin intereses para pagos con tarjetas de crédito del Banco GNB Paraguay. Tope de compra mensual: Gs. 20.000.000 (guaranies veinte millones) por cuenta de tarjeta de crédito (incluye titulares y adicionales),gnb-193-2,base,Tarjetas elegibles,,2026-11-27,,
Juank Servicios y Repuestos,Tiendas,10% de descuento,Todos los días,Del 07 de enero al 31 de diciembre del 2026.,Juank Servicios y Repuestos,,https://www.beneficiosbancognb.com.py/v2/beneficios/categorias/219,tarjetas de crédito del Banco GNB Paraguay,10% de descuento en mano de obra para pagos realizados con las tarjetas de crédito del Banco GNB Paraguay,gnb-219-0,base,Tarjetas elegibles,,2026-12-31,,
Juank Servicios y Repuestos,Tiendas,Hasta 6 cuotas sin intereses,Todos los días,Del 07 de enero al 31 de diciembre del 2026.,Juank Servicios y Repuestos,,https://www.beneficiosbancognb.com.py/v2/beneficios/categorias/219,tarjetas de crédito del Banco GNB Paraguay,Hasta 6 cuotas sin intereses para pagos realizados con las tarjetas de crédito del Banco GNB Paraguay,gnb-219-1,base,Tarjetas elegibles,,2026-12-31,,
Casa Paraná,Tiendas,25% de descuento,sábado,Del 10 de enero al 28 de noviembre del 2026.,Casa Paraná,"Tope de compra mensual de Gs. 1.000.000 , siendo Gs. 250.000 el tope de reintegro.",https://www.beneficiosbancognb.com.py/v2/beneficios/categorias/234,"tarjetas de crédito Mastercard Clásicas, Oro, Black, Black Premier y Metalcard Premier con un tope de compra de Gs","25% de descuento los sábados para tarjetas de crédito Mastercard Clásicas, Oro, Black, Black Premier y Metalcard Premier con un tope de compra de Gs. 1.000.000. Tope de compra mensual de Gs. 1.000.000 , siendo Gs. 250.000 el tope de reintegro",gnb-234-0,base,Tarjetas elegibles,,2026-11-28,,
Chiqui Chic,Tiendas,20% de descuento,Todos los días,Del 05 de enero al 31 de diciembre del 2026.,Chiqui Chic,,https://www.beneficiosbancognb.com.py/v2/beneficios/categorias/239,"tarjetas de crédito Visa y/o Mastercard de afinidades Clásica, Oro, Experience, Black, Black Premier, Metalcard Premier, Platinum e Infinite","20% de descuento sobre la seña Gs. 1.000.000 para pagos con tarjetas de crédito Visa y/o Mastercard de afinidades Clásica, Oro, Experience, Black, Black Premier, Metalcard Premier, Platinum e Infinite",gnb-239-0,base,Tarjetas elegibles,,2026-12-31,,
Chiqui Chic,Tiendas,Hasta 12 cuotas sin intereses,Todos los días,Del 05 de enero al 31 de diciembre del 2026.,Chiqui Chic,,https://www.beneficiosbancognb.com.py/v2/beneficios/categorias/239,"tarjetas de crédito Visa y/o Mastercard de afinidades Clásica, Oro, Experience, Black, Black Premier, Metalcard Premier, Platinum e Infinite","Hasta 12 cuotas sin intereses para pagos con tarjetas de crédito Visa y/o Mastercard de afinidades Clásica, Oro, Experience, Black, Black Premier, Metalcard Premier, Platinum e Infinite",gnb-239-1,base,Tarjetas elegibles,,2026-12-31,,
Chiqui Chic,Tiendas,20% de descuento,Todos los días,Del 05 de enero al 31 de diciembre del 2026.,Chiqui Chic,,https://www.beneficiosbancognb.com.py/v2/beneficios/categorias/239,,El 20% de descuento será aplicado al momento del pago en caja/mostrador. El fraccionamiento de las cuotas deberá ser solicitado al momento de la compra por Plan 1 de Bancard. Las cuotas se verán reflejadas en el extracto del cliente,gnb-239-2,base,Tarjetas elegibles,,2026-12-31,,
Essen,Tiendas,25% de descuento,Todos los días,Del 01 de julio al 31 de diciembre del 2026.,Essen,,https://www.beneficiosbancognb.com.py/v2/beneficios/categorias/248,tarjetas de crédito del Banco GNB Paraguay,25% de descuento en combos promocionales con las tarjetas de crédito del Banco GNB Paraguay,gnb-248-0,base,Tarjetas elegibles,,2026-12-31,,
Essen,Tiendas,Hasta 12 cuotas sin intereses,Todos los días,Del 01 de julio al 31 de diciembre del 2026.,Essen,,https://www.beneficiosbancognb.com.py/v2/beneficios/categorias/248,tarjetas de crédito del Banco GNB Paraguay,Hasta 12 cuotas sin intereses con las tarjetas de crédito del Banco GNB Paraguay,gnb-248-1,base,Tarjetas elegibles,,2026-12-31,,
Librería Nova,Tiendas,20% de descuento,Todos los días,Del 16 de junio al 30 de noviembre del 2026.,Librería Nova,Tope de compra mensual: Gs. 600.000 (guaraníes seiscientos mil) por cuenta de tarjeta de crédito (incluye titulares y adicionales).,https://www.beneficiosbancognb.com.py/v2/beneficios/categorias/274,"tarjetas de crédito Mastercard afinidades Clásicas, Oro, Black, Black Premier y Metalcard Premier del Banco GNB Paraguay","20% de descuento para pagos con tarjetas de crédito Mastercard afinidades Clásicas, Oro, Black, Black Premier y Metalcard Premier del Banco GNB Paraguay de lunes a sábado. Tope de compra mensual: Gs. 600.000 (guaraníes seiscientos mil) por cuenta de tarjeta de crédito (incluye titulares y adicionales)",gnb-274-0,base,Tarjetas elegibles,,2026-11-30,,
Librería Nova,Tiendas,Hasta 6 cuotas sin intereses,Todos los días,Del 16 de junio al 30 de noviembre del 2026.,Librería Nova,Tope de compra mensual: Gs. 600.000 (guaraníes seiscientos mil) por cuenta de tarjeta de crédito (incluye titulares y adicionales).,https://www.beneficiosbancognb.com.py/v2/beneficios/categorias/274,tarjetas de crédito del Banco GNB Paraguay,Hasta 6 cuotas sin intereses para pagos con tarjetas de crédito del Banco GNB Paraguay. Tope de compra mensual: Gs. 600.000 (guaraníes seiscientos mil) por cuenta de tarjeta de crédito (incluye titulares y adicionales),gnb-274-1,base,Tarjetas elegibles,,2026-11-30,,
Vans,Tiendas,25% de descuento,jueves,Del 22 de enero al 26 de noviembre del 2026.,Vans,"Tope de compra mensual: Gs. 1.500.000 (guaraníes un millón quinientos mil) para tarjetas de crédito Mastercard y Visa Clásicas, Oro Platinum e Infinite . y Gs. 3.000.000 (guaraníes tres millones) para tarjetas de crédito Mastercard Black, Black Premier y Metalcard Premier .",https://www.beneficiosbancognb.com.py/v2/beneficios/categorias/279,"tarjetas de crédito afinidades Black, Black Premier y Metalcard Premier del Banco GNB Paraguay","25% de descuento para pagos con tarjetas de crédito afinidades Black, Black Premier y Metalcard Premier del Banco GNB Paraguay los días jueves. Tope de compra mensual: Gs. 1.500.000 (guaraníes un millón quinientos mil) para tarjetas de crédito Mastercard y Visa Clásicas, Oro Platinum e Infinite . y Gs. 3.000.000 (guaraníes tres millones) para tarjetas de crédito Mastercard Black, Black Premier y Metalcard Premier. El descuento en caja no aplica en la compra de Gift Cards",gnb-279-0,premium,Black / Premier,,2026-11-26,,
Vans,Tiendas,20% de descuento,jueves,Del 22 de enero al 26 de noviembre del 2026.,Vans,"Tope de compra mensual: Gs. 1.500.000 (guaraníes un millón quinientos mil) para tarjetas de crédito Mastercard y Visa Clásicas, Oro Platinum e Infinite . y Gs. 3.000.000 (guaraníes tres millones) para tarjetas de crédito Mastercard Black, Black Premier y Metalcard Premier .",https://www.beneficiosbancognb.com.py/v2/beneficios/categorias/279,"tarjetas de crédito afinidades Clàsicas, Oro, Experience, Platinum e Infinite del Banco GNB Paraguay","20% de descuento para pagos con tarjetas de crédito afinidades Clàsicas, Oro, Experience, Platinum e Infinite del Banco GNB Paraguay los días jueves. Tope de compra mensual: Gs. 1.500.000 (guaraníes un millón quinientos mil) para tarjetas de crédito Mastercard y Visa Clásicas, Oro Platinum e Infinite . y Gs. 3.000.000 (guaraníes tres millones) para tarjetas de crédito Mastercard Black, Black Premier y Metalcard Premier. El descuento en caja no aplica en la compra de Gift Cards",gnb-279-1,base,Tarjetas elegibles,,2026-11-26,,
Vans,Tiendas,Hasta 6 cuotas sin intereses,Todos los días,Del 22 de enero al 26 de noviembre del 2026.,Vans,"Tope de compra mensual: Gs. 1.500.000 (guaraníes un millón quinientos mil) para tarjetas de crédito Mastercard y Visa Clásicas, Oro Platinum e Infinite . y Gs. 3.000.000 (guaraníes tres millones) para tarjetas de crédito Mastercard Black, Black Premier y Metalcard Premier .",https://www.beneficiosbancognb.com.py/v2/beneficios/categorias/279,tarjetas de crédito del Banco GNB Paraguay,"Hasta 6 cuotas sin intereses para pagos con tarjetas de crédito del Banco GNB Paraguay. Tope de compra mensual: Gs. 1.500.000 (guaraníes un millón quinientos mil) para tarjetas de crédito Mastercard y Visa Clásicas, Oro Platinum e Infinite . y Gs. 3.000.000 (guaraníes tres millones) para tarjetas de crédito Mastercard Black, Black Premier y Metalcard Premier. El descuento en caja no aplica en la compra de Gift Cards",gnb-279-2,base,Tarjetas elegibles,,2026-11-26,,
La Casita Gourmet de Yudith,Tiendas,20% de descuento,De lunes a sábados,Del 01 de julio al 31 de diciembre del 2026.,La Casita Gourmet de Yudith,"Tope de compra mensual: Gs.500.000, el cual aplica en forma conjunta a todos los locales del comercio y delivery directo de LA CASITA GOURMET DE YUDITH. Tope de descuento por mes equivalente a un máximo de Gs.100.000.",https://www.beneficiosbancognb.com.py/v2/beneficios/categorias/287,"tarjetas de crédito Mastercard Clásicas, Oro, Black, Black Premier y Metalcard Premier del Banco GNB Paraguay","20% de descuento para pagos con tarjetas de crédito Mastercard Clásicas, Oro, Black, Black Premier y Metalcard Premier del Banco GNB Paraguay. Tope de compra mensual: Gs.500.000, el cual aplica en forma conjunta a todos los locales del comercio y delivery directo de LA CASITA GOURMET DE YUDITH. Tope de descuento por mes equivalente a un máximo de Gs.100.000. No aplica para pagos realizados a través de plataformas de terceros (Pedidos Ya, Monchis, entre otros) y/o e-commerce",gnb-287-0,base,Tarjetas elegibles,,2026-12-31,,
Petrochaco,Combustible,20% de descuento,martes,Del 07 de julio al 29 de diciembre del 2026.,Petrochaco,Tope de compra semanal de Gs.500.000 (guaraníes quinientos mil) por cuenta de tarjeta de crédito Incluye titulares y adicionales) equivalente a un reintegro máximo semanal en el extracto de Gs. 100.000 (guaraníes cien mil).,https://www.beneficiosbancognb.com.py/v2/beneficios/categorias/327,"tarjetas de crédito Mastercard Clásicas, Oro, Black, Black Premier y Metalcard Premier del Banco GNB Paraguay","20% de descuento para pagos con tarjetas de crédito Mastercard Clásicas, Oro, Black, Black Premier y Metalcard Premier del Banco GNB Paraguay. Tope de compra semanal de Gs.500.000 (guaraníes quinientos mil) por cuenta de tarjeta de crédito Incluye titulares y adicionales) equivalente a un reintegro máximo semanal en el extracto de Gs. 100.000 (guaraníes cien mil). No aplica compras realizadas a través de plataformas de terceros",gnb-327-0,base,Tarjetas elegibles,,2026-12-29,,
Deport Center,Tiendas,25% de descuento con QR,Todos los días,Del 16 de enero al 28 de noviembre del 2026.,Deport Center,"Tope de compra mensual: Gs.1.000.000 (guaraníes un millón), por cuenta de tarjeta de crédito (incluye titulares y adicionales), el cual aplica en forma conjunta a todos los locales del comercio.",https://www.beneficiosbancognb.com.py/v2/beneficios/categorias/343,"tarjetas de crédito Mastercard afinidades Black, Black Premier y Metalcard Premier","Hasta 25% de descuento (20% para pagos con TC física +5% para pagos con QR) con tarjetas de crédito Mastercard afinidades Black, Black Premier y Metalcard Premier. Tope de compra mensual: Gs.1.000.000 (guaraníes un millón), por cuenta de tarjeta de crédito (incluye titulares y adicionales), el cual aplica en forma conjunta a todos los locales del comercio",gnb-343-0,premium,Black / Premier,,2026-11-28,,
Deport Center,Tiendas,20% de descuento con tarjeta física,Todos los días,Del 16 de enero al 28 de noviembre del 2026.,Deport Center,"Tope de compra mensual: Gs.1.000.000 (guaraníes un millón), por cuenta de tarjeta de crédito (incluye titulares y adicionales), el cual aplica en forma conjunta a todos los locales del comercio.",https://www.beneficiosbancognb.com.py/v2/beneficios/categorias/343,"tarjetas de crédito Mastercard afinidades Black, Black Premier y Metalcard Premier","Hasta 25% de descuento (20% para pagos con TC física +5% para pagos con QR) con tarjetas de crédito Mastercard afinidades Black, Black Premier y Metalcard Premier. Tope de compra mensual: Gs.1.000.000 (guaraníes un millón), por cuenta de tarjeta de crédito (incluye titulares y adicionales), el cual aplica en forma conjunta a todos los locales del comercio",gnb-343-1,premium,Black / Premier,,2026-11-28,,
Deport Center,Tiendas,20% de descuento con QR,Todos los días,Del 16 de enero al 28 de noviembre del 2026.,Deport Center,"Tope de compra mensual: Gs.1.000.000 (guaraníes un millón), por cuenta de tarjeta de crédito (incluye titulares y adicionales), el cual aplica en forma conjunta a todos los locales del comercio.",https://www.beneficiosbancognb.com.py/v2/beneficios/categorias/343,"tarjetas de crédito afinidades Clásicas, Oro, Experience, Platinum e Infinite Premier","Hasta 20% de descuento (15% para pagos con TC física +5% para pagos con QR) para pagos con tarjetas de crédito afinidades Clásicas, Oro, Experience, Platinum e Infinite Premier. Tope de compra mensual: Gs.1.000.000 (guaraníes un millón), por cuenta de tarjeta de crédito (incluye titulares y adicionales), el cual aplica en forma conjunta a todos los locales del comercio",gnb-343-2,base,Tarjetas elegibles,,2026-11-28,,
Deport Center,Tiendas,15% de descuento con tarjeta física,Todos los días,Del 16 de enero al 28 de noviembre del 2026.,Deport Center,"Tope de compra mensual: Gs.1.000.000 (guaraníes un millón), por cuenta de tarjeta de crédito (incluye titulares y adicionales), el cual aplica en forma conjunta a todos los locales del comercio.",https://www.beneficiosbancognb.com.py/v2/beneficios/categorias/343,"tarjetas de crédito afinidades Clásicas, Oro, Experience, Platinum e Infinite Premier","Hasta 20% de descuento (15% para pagos con TC física +5% para pagos con QR) para pagos con tarjetas de crédito afinidades Clásicas, Oro, Experience, Platinum e Infinite Premier. Tope de compra mensual: Gs.1.000.000 (guaraníes un millón), por cuenta de tarjeta de crédito (incluye titulares y adicionales), el cual aplica en forma conjunta a todos los locales del comercio",gnb-343-3,base,Tarjetas elegibles,,2026-11-28,,
Deport Center,Tiendas,Hasta 6 cuotas sin intereses,Todos los días,Del 16 de enero al 28 de noviembre del 2026.,Deport Center,"Tope de compra mensual: Gs.1.000.000 (guaraníes un millón), por cuenta de tarjeta de crédito (incluye titulares y adicionales), el cual aplica en forma conjunta a todos los locales del comercio.",https://www.beneficiosbancognb.com.py/v2/beneficios/categorias/343,tarjetas de crédito del Banco GNB Paraguay,"Hasta 6 cuotas sin intereses para pagos con tarjetas de crédito del Banco GNB Paraguay. Tope de compra mensual: Gs.1.000.000 (guaraníes un millón), por cuenta de tarjeta de crédito (incluye titulares y adicionales), el cual aplica en forma conjunta a todos los locales del comercio",gnb-343-4,base,Tarjetas elegibles,,2026-11-28,,
Amo Mi Casa,Tiendas,Hasta 12 cuotas sin intereses,Todos los días,Del 05 de enero al 31 de diciembre del 2026.,Amo Mi Casa,,https://www.beneficiosbancognb.com.py/v2/beneficios/categorias/354,"tarjetas de crédito Clásicas, Oro, Experience, Black, Black Premier, Metalcard Premier, Platinum e Infinite del Banco GNB Paraguay","Hasta 12 cuotas sin intereses para pagos con tarjetas de crédito Clásicas, Oro, Experience, Black, Black Premier, Metalcard Premier, Platinum e Infinite del Banco GNB Paraguay. No participan de la promoción las tarjetas de débito y crédito de afinidades Empresariales, Corporativas, Gift Card, Gourmet y Prepagas",gnb-354-0,base,Tarjetas elegibles,,2026-12-31,,
Hydro Clean,Tiendas,20% de descuento,Todos los días,Del 06 de febrero al 31 de diciembre del 2026.,Hydro Clean,,https://www.beneficiosbancognb.com.py/v2/beneficios/categorias/360,tarjetas de crédito del Banco GNB Paraguay,20% de descuento para pagos con las tarjetas de crédito del Banco GNB Paraguay,gnb-360-0,base,Tarjetas elegibles,,2026-12-31,,
Hydro Clean,Tiendas,Hasta 12 cuotas sin intereses,Todos los días,Del 06 de febrero al 31 de diciembre del 2026.,Hydro Clean,,https://www.beneficiosbancognb.com.py/v2/beneficios/categorias/360,tarjetas de crédito del Banco GNB Paraguay,Hasta 12 cuotas sin intereses para pagos con las tarjetas de crédito del Banco GNB Paraguay,gnb-360-1,base,Tarjetas elegibles,,2026-12-31,,
Decanter Vinos Boutique,Tiendas,15% de descuento,Todos los días,Del 19 de marzo al 31 de diciembre del 2026.,Decanter Vinos Boutique,,https://www.beneficiosbancognb.com.py/v2/beneficios/categorias/361,tarjetas de crédito del Banco GNB Paraguay,"Hasta 15% de descuento en productos seleccionados para pagos con tarjetas de crédito del Banco GNB Paraguay. No participan las tarjetas de crédito y débito; Visa y afinidades Empresariales, Corporativas, Gift Card, Gourmet Card, Prepagas",gnb-361-0,base,Tarjetas elegibles,,2026-12-31,,
Decanter Vinos Boutique,Tiendas,Hasta 6 cuotas sin intereses,Todos los días,Del 19 de marzo al 31 de diciembre del 2026.,Decanter Vinos Boutique,,https://www.beneficiosbancognb.com.py/v2/beneficios/categorias/361,"tarjetas de crédito Clásicas, Oro, Experience, Black, Black Premier, Metalcard Premier, Infinite y Platinum","Hasta 6 cuotas sin intereses para las tarjetas de crédito Clásicas, Oro, Experience, Black, Black Premier, Metalcard Premier, Infinite y Platinum. No participan las tarjetas de crédito y débito; Visa y afinidades Empresariales, Corporativas, Gift Card, Gourmet Card, Prepagas",gnb-361-1,base,Tarjetas elegibles,,2026-12-31,,
Supermercado Jullito,Supermercados,20% de descuento,lunes,Hasta 28 de noviembre de 2026. La ficha y el PDF difieren; se usa la fecha más temprana.,Supermercado Jullito,Tope de compra mensual: Gs. 1.000.000 (guaraníes un millón) por cuenta de tarjeta de crédito (incluye titulares y adicionales).,https://www.beneficiosbancognb.com.py/v2/beneficios/categorias/377,tarjetas de crédito Mastercard del Banco GNB Paraguay,20% de descuento para las tarjetas de crédito Mastercard del Banco GNB Paraguay. Tope de compra mensual: Gs. 1.000.000 (guaraníes un millón) por cuenta de tarjeta de crédito (incluye titulares y adicionales). No aplica compras realizadas a través de plataformas de terceros. La ficha oficial termina el 28 de noviembre de 2026; el PDF indica el 28 de diciembre de 2026. Se usa la fecha más temprana hasta que GNB aclare la diferencia.,gnb-377-0,base,Tarjetas elegibles,,2026-11-28,,
Supermercado Súper 2,Supermercados,20% de reintegro,jueves,Del 16 de abril al 31 de diciembre del 2026.,Supermercado Súper 2,Tope de compra mensual: Gs. 1.000.000 (guaraníes un millón) por cuenta de tarjeta de crédito Incluye titulares y adicionales.,https://www.beneficiosbancognb.com.py/v2/beneficios/categorias/392,"tarjetas de crédito Mastercard Black, Black Premier y Metalcard Premier del Banco GNB Paraguay","20% de reintegro para pagos con tarjetas de crédito Mastercard Black, Black Premier y Metalcard Premier del Banco GNB Paraguay. Tope de compra mensual: Gs. 1.000.000 (guaraníes un millón) por cuenta de tarjeta de crédito Incluye titulares y adicionales. No aplica para pagos realizados a través de plataformas de terceros y/o e-commerce",gnb-392-0,premium,Black / Premier,,2026-12-31,,
Supermercado Súper 2,Supermercados,15% de reintegro,jueves,Del 16 de abril al 31 de diciembre del 2026.,Supermercado Súper 2,Tope de compra mensual: Gs. 1.000.000 (guaraníes un millón) por cuenta de tarjeta de crédito Incluye titulares y adicionales.,https://www.beneficiosbancognb.com.py/v2/beneficios/categorias/392,tarjetas de crédito Mastercard Clásicas y Oro del Banco GNB Paraguay,15% de reintegro para pagos con tarjetas de crédito Mastercard Clásicas y Oro del Banco GNB Paraguay. Tope de compra mensual: Gs. 1.000.000 (guaraníes un millón) por cuenta de tarjeta de crédito Incluye titulares y adicionales. No aplica para pagos realizados a través de plataformas de terceros y/o e-commerce,gnb-392-1,base,Tarjetas elegibles,,2026-12-31,,
Arte Actual,Tiendas,10% de descuento,Todos los días,Del 05 de enero al 31 de diciembre del 2026.,Arte Actual,,https://www.beneficiosbancognb.com.py/v2/beneficios/categorias/395,"tarjetas de crédito afinidad Oro, Experience","10% de descuento para pagos con tarjetas de crédito afinidad Oro, Experience. Black, Black Premier, Metalcard Premier, Platinum, Infinite del Banco GNB Paraguay. No participan de la promoción las tarjetas de débito y crédito de afinidades Clásicas, Empresariales, Corporativas, Gift Card, Gourmet y Prepagas",gnb-395-0,base,Tarjetas elegibles,,2026-12-31,,
Arte Actual,Tiendas,Hasta 12 cuotas sin intereses,Todos los días,Del 05 de enero al 31 de diciembre del 2026.,Arte Actual,,https://www.beneficiosbancognb.com.py/v2/beneficios/categorias/395,,"Hasta 12 cuotas sin intereses para tarjetas de afinidad Oro, Experience. Black, Black Premier, Metalcard Premier, Platinum, Infinite del Banco GNB Paraguay. No participan de la promoción las tarjetas de débito y crédito de afinidades Clásicas, Empresariales, Corporativas, Gift Card, Gourmet y Prepagas",gnb-395-1,base,Tarjetas elegibles,,2026-12-31,,
Cindy Zayas - Fotografía Familiar,Tiendas,Hasta 6 cuotas sin intereses,Todos los días,Del 05 de enero al 31 de diciembre del 2026.,Cindy Zayas - Fotografía Familiar,,https://www.beneficiosbancognb.com.py/v2/beneficios/categorias/404,"tarjetas de crédito Clásicas, Oro, Experience, Black, Black Premier, Metalcard Premier, Infinite y Platinum","Hasta 6 cuotas sin intereses para las tarjetas de crédito Clásicas, Oro, Experience, Black, Black Premier, Metalcard Premier, Infinite y Platinum",gnb-404-0,base,Tarjetas elegibles,,2026-12-31,,
Adidas,Tiendas,25% de descuento,jueves,Del 22 de enero al 26 de noviembre del 2026.,Adidas,"Tope de compra mensual: Gs. 1.500.000 (guaraníes un millón quinientos mil) para tarjetas de crédito Mastercard y Visa Clásicas, Oro Platinum e Infinite . y Gs. 3.000.000 (guaraníes tres millones) para tarjetas de crédito Mastercard Black, Black Premier y Metalcard Premier el cual aplica en forma conjunta a todos los locales de los comercios adheridos.",https://www.beneficiosbancognb.com.py/v2/beneficios/categorias/423,"tarjetas de crédito afinidades Black, Black Premier y Metalcard Premier del Banco GNB Paraguay","25% de descuento para pagos con tarjetas de crédito afinidades Black, Black Premier y Metalcard Premier del Banco GNB Paraguay los días jueves. Tope de compra mensual: Gs. 1.500.000 (guaraníes un millón quinientos mil) para tarjetas de crédito Mastercard y Visa Clásicas, Oro Platinum e Infinite . y Gs. 3.000.000 (guaraníes tres millones) para tarjetas de crédito Mastercard Black, Black Premier y Metalcard Premier el cual aplica en forma conjunta a todos los locales de los comercios adheridos. El descuento en caja no aplica en la compra de Gift Cards",gnb-423-0,premium,Black / Premier,,2026-11-26,,
Adidas,Tiendas,20% de descuento,jueves,Del 22 de enero al 26 de noviembre del 2026.,Adidas,"Tope de compra mensual: Gs. 1.500.000 (guaraníes un millón quinientos mil) para tarjetas de crédito Mastercard y Visa Clásicas, Oro Platinum e Infinite . y Gs. 3.000.000 (guaraníes tres millones) para tarjetas de crédito Mastercard Black, Black Premier y Metalcard Premier el cual aplica en forma conjunta a todos los locales de los comercios adheridos.",https://www.beneficiosbancognb.com.py/v2/beneficios/categorias/423,"tarjetas de crédito afinidades Clàsicas, Oro, Experience, Platinum e Infinite del Banco GNB Paraguay","20% de descuento para pagos con tarjetas de crédito afinidades Clàsicas, Oro, Experience, Platinum e Infinite del Banco GNB Paraguay los días jueves. Tope de compra mensual: Gs. 1.500.000 (guaraníes un millón quinientos mil) para tarjetas de crédito Mastercard y Visa Clásicas, Oro Platinum e Infinite . y Gs. 3.000.000 (guaraníes tres millones) para tarjetas de crédito Mastercard Black, Black Premier y Metalcard Premier el cual aplica en forma conjunta a todos los locales de los comercios adheridos. El descuento en caja no aplica en la compra de Gift Cards",gnb-423-1,base,Tarjetas elegibles,,2026-11-26,,
Adidas,Tiendas,Hasta 6 cuotas sin intereses,jueves,Del 22 de enero al 26 de noviembre del 2026.,Adidas,"Tope de compra mensual: Gs. 1.500.000 (guaraníes un millón quinientos mil) para tarjetas de crédito Mastercard y Visa Clásicas, Oro Platinum e Infinite . y Gs. 3.000.000 (guaraníes tres millones) para tarjetas de crédito Mastercard Black, Black Premier y Metalcard Premier el cual aplica en forma conjunta a todos los locales de los comercios adheridos.",https://www.beneficiosbancognb.com.py/v2/beneficios/categorias/423,tarjetas de crédito del Banco GNB Paraguay,"Hasta 6 cuotas sin intereses para pagos con tarjetas de crédito del Banco GNB Paraguay. Tope de compra mensual: Gs. 1.500.000 (guaraníes un millón quinientos mil) para tarjetas de crédito Mastercard y Visa Clásicas, Oro Platinum e Infinite . y Gs. 3.000.000 (guaraníes tres millones) para tarjetas de crédito Mastercard Black, Black Premier y Metalcard Premier el cual aplica en forma conjunta a todos los locales de los comercios adheridos. El descuento en caja no aplica en la compra de Gift Cards",gnb-423-2,base,Tarjetas elegibles,,2026-11-26,,
Librería Kawaii – Colegio Cristo Rey,Tiendas,20% de descuento,de lunes a viernes,Del 28 de julio al 31 de diciembre del 2026.,Librería Kawaii – Colegio Cristo Rey,Tope de compra mensual: Gs.250.000 (guaraníes doscientos cincuenta mil) por cuenta de tarjeta de crédito (incluye titulares y adicionales).,https://www.beneficiosbancognb.com.py/v2/beneficios/categorias/430,tarjetas de crédito y prepagas Mastercard del Banco GNB Paraguay,"20% de descuento para pagos con tarjetas de crédito y prepagas Mastercard del Banco GNB Paraguay. Tope de compra mensual: Gs.250.000 (guaraníes doscientos cincuenta mil) por cuenta de tarjeta de crédito (incluye titulares y adicionales). No participan de la promoción las tarjetas de débito y crédito Visa, de afinidades Empresariales, Corporativas, Gift Card, Gourmet",gnb-430-0,base,Tarjetas elegibles,,2026-12-31,,
Asado Benitez,Gastronomía,20% de reintegro,Todos los días,Del 01 de agosto al 31 de diciembre del 2026.,Asado Benitez,Tope de compra mensual: Gs. 2.000.000 (guaraníes dos millones) por cuenta de tarjeta de crédito Incluye titulares y adicionales.,https://www.beneficiosbancognb.com.py/v2/beneficios/categorias/431,"tarjetas de crédito Mastercard Clásicas, Oro, Black, Black Premier y Metalcard Premier del Banco GNB Paraguay","20% de reintegro para pagos con tarjetas de crédito Mastercard Clásicas, Oro, Black, Black Premier y Metalcard Premier del Banco GNB Paraguay. Tope de compra mensual: Gs. 2.000.000 (guaraníes dos millones) por cuenta de tarjeta de crédito Incluye titulares y adicionales. No aplica para pagos realizados a través de plataformas de terceros y/o e-commerce",gnb-431-0,base,Tarjetas elegibles,,2026-12-31,,
Avenida Autocentro,Vehículos,30% de descuento,Todos los días,Del 03 de julio al 31 de diciembre del 2026.,Avenida Autocentro,Tope de compra mensual: Gs. 3.000.000 (guaraníes tres millones) por cuenta de tarjeta de crédito Incluye titulares y adicionales.,https://www.beneficiosbancognb.com.py/v2/beneficios/categorias/432,"tarjetas de crédito Mastercard Clásicas, Oro, Black, Black Premier y Metalcard Premier del Banco GNB Paraguay","30% de descuento para pagos con tarjetas de crédito Mastercard Clásicas, Oro, Black, Black Premier y Metalcard Premier del Banco GNB Paraguay. Tope de compra mensual: Gs. 3.000.000 (guaraníes tres millones) por cuenta de tarjeta de crédito Incluye titulares y adicionales. No aplica para pagos realizados a través de plataformas de terceros y/o e-commerce",gnb-432-0,base,Tarjetas elegibles,,2026-12-31,,
Avenida Autocentro,Vehículos,Hasta 12 cuotas sin intereses,Todos los días,Del 03 de julio al 31 de diciembre del 2026.,Avenida Autocentro,Tope de compra mensual: Gs. 3.000.000 (guaraníes tres millones) por cuenta de tarjeta de crédito Incluye titulares y adicionales.,https://www.beneficiosbancognb.com.py/v2/beneficios/categorias/432,"tarjetas de crédito Mastercard Clásicas, Oro, Black, Black Premier y Metalcard Premier del Banco GNB Paraguay","Hasta 12 cuotas sin intereses para tarjetas de crédito Mastercard Clásicas, Oro, Black, Black Premier y Metalcard Premier del Banco GNB Paraguay. Tope de compra mensual: Gs. 3.000.000 (guaraníes tres millones) por cuenta de tarjeta de crédito Incluye titulares y adicionales. No aplica para pagos realizados a través de plataformas de terceros y/o e-commerce",gnb-432-1,base,Tarjetas elegibles,,2026-12-31,,
CDC Calzados,Tiendas,20% de descuento,sábado,Del 04 de julio al 28 de noviembre del 2026.,CDC Calzados,Tope de compra mensual: Gs. 800.000 (guaraníes ochocientos mil) por cuenta de tarjeta de crédito Incluye titulares y adicionales.,https://www.beneficiosbancognb.com.py/v2/beneficios/categorias/433,"tarjetas de crédito Mastercard Clásicas, Oro, Black, Black Premier y Metalcard Premier del Banco GNB Paraguay","20% de descuento para pagos con tarjetas de crédito Mastercard Clásicas, Oro, Black, Black Premier y Metalcard Premier del Banco GNB Paraguay. Tope de compra mensual: Gs. 800.000 (guaraníes ochocientos mil) por cuenta de tarjeta de crédito Incluye titulares y adicionales. No aplica para pagos realizados a través de plataformas de terceros y/o e-commerce",gnb-433-0,base,Tarjetas elegibles,,2026-11-28,,
CDC Calzados,Tiendas,10% de descuento,sábado,Del 04 de julio al 28 de noviembre del 2026.,CDC Calzados,Tope de compra mensual: Gs. 800.000 (guaraníes ochocientos mil) por cuenta de tarjeta de crédito Incluye titulares y adicionales.,https://www.beneficiosbancognb.com.py/v2/beneficios/categorias/433,,El 10% de descuento será aplicado por el comercio en caja/mostrador al momento del pago y el 10% restante será vía reintegro en el extracto al cierre o podrá visualizarlo en su app en los movimientos mensuales de su tarjeta. Tope de compra mensual: Gs. 800.000 (guaraníes ochocientos mil) por cuenta de tarjeta de crédito Incluye titulares y adicionales. No aplica para pagos realizados a través de plataformas de terceros y/o e-commerce,gnb-433-1,base,Tarjetas elegibles,,2026-11-28,,
Cecconello,Tiendas,20% de descuento,sábado,Del 11 de julio al 28 de noviembre del 2026.,Cecconello,"Tope de compra mensual: Gs. 1.500.000 (guaraníes un millón quinientos mil) por cuenta de tarjeta de crédito Incluye titulares y adicionales, (aplica en forma conjunta a los dos comercios adheridos).",https://www.beneficiosbancognb.com.py/v2/beneficios/categorias/449,"tarjetas de crédito Mastercard Clásicas, Oro, Black, Black Premier y Metalcard Premier del Banco GNB Paraguay","20% de descuento para pagos con tarjetas de crédito Mastercard Clásicas, Oro, Black, Black Premier y Metalcard Premier del Banco GNB Paraguay. Tope de compra mensual: Gs. 1.500.000 (guaraníes un millón quinientos mil) por cuenta de tarjeta de crédito Incluye titulares y adicionales, (aplica en forma conjunta a los dos comercios adheridos). No participan de la promoción las tarjetas de débito y crédito; Visa, de afinidades Empresariales, Corporativas, Gift Card, Gourmet y Prepagas. No aplica para pagos realizados a través de plataformas de terceros y/o e-commerce",gnb-449-0,base,Tarjetas elegibles,,2026-11-28,,
Cecconello,Tiendas,Hasta 6 cuotas sin intereses,sábado,Del 11 de julio al 28 de noviembre del 2026.,Cecconello,"Tope de compra mensual: Gs. 1.500.000 (guaraníes un millón quinientos mil) por cuenta de tarjeta de crédito Incluye titulares y adicionales, (aplica en forma conjunta a los dos comercios adheridos).",https://www.beneficiosbancognb.com.py/v2/beneficios/categorias/449,tarjetas de crédito del Banco GNB Paraguay,"Hasta 6 cuotas sin intereses para pagos con tarjetas de crédito del Banco GNB Paraguay. Tope de compra mensual: Gs. 1.500.000 (guaraníes un millón quinientos mil) por cuenta de tarjeta de crédito Incluye titulares y adicionales, (aplica en forma conjunta a los dos comercios adheridos). No participan de la promoción las tarjetas de débito y crédito; Visa, de afinidades Empresariales, Corporativas, Gift Card, Gourmet y Prepagas. No aplica para pagos realizados a través de plataformas de terceros y/o e-commerce",gnb-449-1,base,Tarjetas elegibles,,2026-11-28,,
Subway,Gastronomía,25% de reintegro,de lunes a viernes,Del 01 de julio al 31 de diciembre del 2026.,Subway,Tope de compra mensual: Gs. 600.000 (guaranies seiscientos mil) por cuenta de tarjeta de crédito (incluye titulares y adicionales).,https://www.beneficiosbancognb.com.py/v2/beneficios/categorias/451,"tarjetas de crédito afinidades MasterCard Black, Black Premier y Metalcard Premier","25% de reintegro para tarjetas de crédito afinidades MasterCard Black, Black Premier y Metalcard Premier; Visa Platinum e Infinite del Banco GNB Paraguay. Tope de compra mensual: Gs. 600.000 (guaranies seiscientos mil) por cuenta de tarjeta de crédito (incluye titulares y adicionales). Aplica única y exclusivamente para compras realizadas en locales, carry out, e-commerce y delivery directo de Subway. No aplica para compras realizadas a través de plataformas de terceros",gnb-451-0,premium,Black / Premier,,2026-12-31,,
Subway,Gastronomía,20% de reintegro,de lunes a viernes,Del 01 de julio al 31 de diciembre del 2026.,Subway,Tope de compra mensual: Gs. 600.000 (guaranies seiscientos mil) por cuenta de tarjeta de crédito (incluye titulares y adicionales).,https://www.beneficiosbancognb.com.py/v2/beneficios/categorias/451,tarjetas de crédito afinidades Mastercard Clásicas y Oro,"20% de reintegro para tarjetas de crédito afinidades Mastercard Clásicas y Oro; Visa Clásicas, Oro y Experience del Banco GNB Paraguay. Tope de compra mensual: Gs. 600.000 (guaranies seiscientos mil) por cuenta de tarjeta de crédito (incluye titulares y adicionales). Aplica única y exclusivamente para compras realizadas en locales, carry out, e-commerce y delivery directo de Subway. No aplica para compras realizadas a través de plataformas de terceros",gnb-451-1,base,Tarjetas elegibles,,2026-12-31,,
Subway,Gastronomía,10% de reintegro,de lunes a viernes,Del 01 de julio al 31 de diciembre del 2026.,Subway,Tope de compra mensual: Gs. 600.000 (guaranies seiscientos mil) por cuenta de tarjeta de crédito (incluye titulares y adicionales).,https://www.beneficiosbancognb.com.py/v2/beneficios/categorias/451,,"10% de reintegro para pagos con tarjetas prepagas del Banco GNB Paraguay. Tope de compra mensual: Gs. 600.000 (guaranies seiscientos mil) por cuenta de tarjeta de crédito (incluye titulares y adicionales). Aplica única y exclusivamente para compras realizadas en locales, carry out, e-commerce y delivery directo de Subway. No aplica para compras realizadas a través de plataformas de terceros",gnb-451-2,base,Tarjetas elegibles,,2026-12-31,,
Alpa Muebles,Hogar y construcción,Hasta 12 cuotas sin intereses,Todos los días,Del 06 de febrero al 31 de diciembre del 2026.,Alpa Muebles,,https://www.beneficiosbancognb.com.py/v2/beneficios/categorias/460,,"Hasta 12 cuotas sin intereses para tarjetas de afinidad Oro, Experience, Black, Black Premier y Metalcard Premier, Platinum, Infinite del Banco GNB Paraguay. No participan de la promoción las tarjetas de débito y crédito; Clásicas, de afinidades Empresariales, Corporativas, Gift Card, Gourmet y Prepagas",gnb-460-0,base,Tarjetas elegibles,,2026-12-31,,
Aero,Tiendas,25% de descuento,"jueves, viernes",Del 22 de enero al 27 de noviembre del 2026.,Aero,"Tope de compra mensual: Gs. 1.500.000 (guaraníes un millón quinientos mil) para tarjetas de crédito Mastercard y Visa Clásicas, Oro Platinum e Infinite. y Gs. 3.000.000 (guaraníes tres millones) para tarjetas de crédito Mastercard Black, Black Premier y Metalcard Premier.",https://www.beneficiosbancognb.com.py/v2/beneficios/categorias/573,"tarjetas de crédito afinidades Black, Black Premier y Metalcard Premier del Banco GNB Paraguay","25% de descuento para pagos con tarjetas de crédito afinidades Black, Black Premier y Metalcard Premier del Banco GNB Paraguay los días jueves y viernes. Tope de compra mensual: Gs. 1.500.000 (guaraníes un millón quinientos mil) para tarjetas de crédito Mastercard y Visa Clásicas, Oro Platinum e Infinite. y Gs. 3.000.000 (guaraníes tres millones) para tarjetas de crédito Mastercard Black, Black Premier y Metalcard Premier. El descuento en caja no aplica en la compra de Gift Cards",gnb-573-0,premium,Black / Premier,,2026-11-27,,
Aero,Tiendas,20% de descuento,"jueves, viernes",Del 22 de enero al 27 de noviembre del 2026.,Aero,"Tope de compra mensual: Gs. 1.500.000 (guaraníes un millón quinientos mil) para tarjetas de crédito Mastercard y Visa Clásicas, Oro Platinum e Infinite. y Gs. 3.000.000 (guaraníes tres millones) para tarjetas de crédito Mastercard Black, Black Premier y Metalcard Premier.",https://www.beneficiosbancognb.com.py/v2/beneficios/categorias/573,"tarjetas de crédito afinidades Clásicas, Oro, Experience, Platinum e Infinite del Banco GNB Paraguay","20% de descuento para pagos con tarjetas de crédito afinidades Clásicas, Oro, Experience, Platinum e Infinite del Banco GNB Paraguay los días jueves y viernes. Tope de compra mensual: Gs. 1.500.000 (guaraníes un millón quinientos mil) para tarjetas de crédito Mastercard y Visa Clásicas, Oro Platinum e Infinite. y Gs. 3.000.000 (guaraníes tres millones) para tarjetas de crédito Mastercard Black, Black Premier y Metalcard Premier. El descuento en caja no aplica en la compra de Gift Cards",gnb-573-1,base,Tarjetas elegibles,,2026-11-27,,
Aero,Tiendas,Hasta 6 cuotas sin intereses,Todos los días,Del 22 de enero al 27 de noviembre del 2026.,Aero,"Tope de compra mensual: Gs. 1.500.000 (guaraníes un millón quinientos mil) para tarjetas de crédito Mastercard y Visa Clásicas, Oro Platinum e Infinite. y Gs. 3.000.000 (guaraníes tres millones) para tarjetas de crédito Mastercard Black, Black Premier y Metalcard Premier.",https://www.beneficiosbancognb.com.py/v2/beneficios/categorias/573,tarjetas de crédito del Banco GNB Paraguay,"Hasta 6 cuotas sin intereses para pagos con tarjetas de crédito del Banco GNB Paraguay todos los días. Tope de compra mensual: Gs. 1.500.000 (guaraníes un millón quinientos mil) para tarjetas de crédito Mastercard y Visa Clásicas, Oro Platinum e Infinite. y Gs. 3.000.000 (guaraníes tres millones) para tarjetas de crédito Mastercard Black, Black Premier y Metalcard Premier. El descuento en caja no aplica en la compra de Gift Cards",gnb-573-2,base,Tarjetas elegibles,,2026-11-27,,
American Look,Tiendas,25% de descuento,"jueves, viernes",Del 22 de enero al 27 de noviembre del 2026.,American Look,"Tope de compra mensual: Gs. 1.500.000 (guaraníes un millón quinientos mil) para tarjetas de crédito Mastercard y Visa Clásicas, Oro Platinum e Infinite. y Gs. 3.000.000 (guaraníes tres millones) para tarjetas de crédito Mastercard Black, Black Premier y Metalcard Premier.",https://www.beneficiosbancognb.com.py/v2/beneficios/categorias/574,"tarjetas de crédito afinidades Black, Black Premier y Metalcard Premier del Banco GNB Paraguay","25% de descuento para pagos con tarjetas de crédito afinidades Black, Black Premier y Metalcard Premier del Banco GNB Paraguay los días jueves y viernes. Tope de compra mensual: Gs. 1.500.000 (guaraníes un millón quinientos mil) para tarjetas de crédito Mastercard y Visa Clásicas, Oro Platinum e Infinite. y Gs. 3.000.000 (guaraníes tres millones) para tarjetas de crédito Mastercard Black, Black Premier y Metalcard Premier. El descuento en caja no aplica en la compra de Gift Cards",gnb-574-0,premium,Black / Premier,,2026-11-27,,
American Look,Tiendas,20% de descuento,"jueves, viernes",Del 22 de enero al 27 de noviembre del 2026.,American Look,"Tope de compra mensual: Gs. 1.500.000 (guaraníes un millón quinientos mil) para tarjetas de crédito Mastercard y Visa Clásicas, Oro Platinum e Infinite. y Gs. 3.000.000 (guaraníes tres millones) para tarjetas de crédito Mastercard Black, Black Premier y Metalcard Premier.",https://www.beneficiosbancognb.com.py/v2/beneficios/categorias/574,"tarjetas de crédito afinidades Clásicas, Oro, Experience, Platinum e Infinite del Banco GNB Paraguay","20% de descuento para pagos con tarjetas de crédito afinidades Clásicas, Oro, Experience, Platinum e Infinite del Banco GNB Paraguay los días jueves y viernes. Tope de compra mensual: Gs. 1.500.000 (guaraníes un millón quinientos mil) para tarjetas de crédito Mastercard y Visa Clásicas, Oro Platinum e Infinite. y Gs. 3.000.000 (guaraníes tres millones) para tarjetas de crédito Mastercard Black, Black Premier y Metalcard Premier. El descuento en caja no aplica en la compra de Gift Cards",gnb-574-1,base,Tarjetas elegibles,,2026-11-27,,
American Look,Tiendas,Hasta 6 cuotas sin intereses,Todos los días,Del 22 de enero al 27 de noviembre del 2026.,American Look,"Tope de compra mensual: Gs. 1.500.000 (guaraníes un millón quinientos mil) para tarjetas de crédito Mastercard y Visa Clásicas, Oro Platinum e Infinite. y Gs. 3.000.000 (guaraníes tres millones) para tarjetas de crédito Mastercard Black, Black Premier y Metalcard Premier.",https://www.beneficiosbancognb.com.py/v2/beneficios/categorias/574,tarjetas de crédito del Banco GNB Paraguay,"Hasta 6 cuotas sin intereses para pagos con tarjetas de crédito del Banco GNB Paraguay todos los días. Tope de compra mensual: Gs. 1.500.000 (guaraníes un millón quinientos mil) para tarjetas de crédito Mastercard y Visa Clásicas, Oro Platinum e Infinite. y Gs. 3.000.000 (guaraníes tres millones) para tarjetas de crédito Mastercard Black, Black Premier y Metalcard Premier. El descuento en caja no aplica en la compra de Gift Cards",gnb-574-2,base,Tarjetas elegibles,,2026-11-27,,
Brooksfield,Tiendas,25% de descuento,"jueves, viernes",Del 22 de enero al 27 de noviembre del 2026.,Brooksfield,"Tope de compra mensual: Gs. 1.500.000 (guaraníes un millón quinientos mil) para tarjetas de crédito Mastercard y Visa Clásicas, Oro Platinum e Infinite. y Gs. 3.000.000 (guaraníes tres millones) para tarjetas de crédito Mastercard Black, Black Premier y Metalcard Premier.",https://www.beneficiosbancognb.com.py/v2/beneficios/categorias/575,"tarjetas de crédito afinidades Black, Black Premier y Metalcard Premier del Banco GNB Paraguay","25% de descuento para pagos con tarjetas de crédito afinidades Black, Black Premier y Metalcard Premier del Banco GNB Paraguay los días jueves y viernes. Tope de compra mensual: Gs. 1.500.000 (guaraníes un millón quinientos mil) para tarjetas de crédito Mastercard y Visa Clásicas, Oro Platinum e Infinite. y Gs. 3.000.000 (guaraníes tres millones) para tarjetas de crédito Mastercard Black, Black Premier y Metalcard Premier. El descuento en caja no aplica en la compra de Gift Cards",gnb-575-0,premium,Black / Premier,,2026-11-27,,
Brooksfield,Tiendas,20% de descuento,"jueves, viernes",Del 22 de enero al 27 de noviembre del 2026.,Brooksfield,"Tope de compra mensual: Gs. 1.500.000 (guaraníes un millón quinientos mil) para tarjetas de crédito Mastercard y Visa Clásicas, Oro Platinum e Infinite. y Gs. 3.000.000 (guaraníes tres millones) para tarjetas de crédito Mastercard Black, Black Premier y Metalcard Premier.",https://www.beneficiosbancognb.com.py/v2/beneficios/categorias/575,"tarjetas de crédito afinidades Clásicas, Oro, Experience, Platinum e Infinite del Banco GNB Paraguay","20% de descuento para pagos con tarjetas de crédito afinidades Clásicas, Oro, Experience, Platinum e Infinite del Banco GNB Paraguay los días jueves y viernes. Tope de compra mensual: Gs. 1.500.000 (guaraníes un millón quinientos mil) para tarjetas de crédito Mastercard y Visa Clásicas, Oro Platinum e Infinite. y Gs. 3.000.000 (guaraníes tres millones) para tarjetas de crédito Mastercard Black, Black Premier y Metalcard Premier. El descuento en caja no aplica en la compra de Gift Cards",gnb-575-1,base,Tarjetas elegibles,,2026-11-27,,
Brooksfield,Tiendas,Hasta 6 cuotas sin intereses,Todos los días,Del 22 de enero al 27 de noviembre del 2026.,Brooksfield,"Tope de compra mensual: Gs. 1.500.000 (guaraníes un millón quinientos mil) para tarjetas de crédito Mastercard y Visa Clásicas, Oro Platinum e Infinite. y Gs. 3.000.000 (guaraníes tres millones) para tarjetas de crédito Mastercard Black, Black Premier y Metalcard Premier.",https://www.beneficiosbancognb.com.py/v2/beneficios/categorias/575,tarjetas de crédito del Banco GNB Paraguay,"Hasta 6 cuotas sin intereses para pagos con tarjetas de crédito del Banco GNB Paraguay todos los días. Tope de compra mensual: Gs. 1.500.000 (guaraníes un millón quinientos mil) para tarjetas de crédito Mastercard y Visa Clásicas, Oro Platinum e Infinite. y Gs. 3.000.000 (guaraníes tres millones) para tarjetas de crédito Mastercard Black, Black Premier y Metalcard Premier. El descuento en caja no aplica en la compra de Gift Cards",gnb-575-2,base,Tarjetas elegibles,,2026-11-27,,
Kappa,Tiendas,25% de descuento,"jueves, viernes",Del 22 de enero al 27 de noviembre del 2026.,Kappa,"Tope de compra mensual: Gs. 1.500.000 (guaraníes un millón quinientos mil) para tarjetas de crédito Mastercard y Visa Clásicas, Oro Platinum e Infinite. y Gs. 3.000.000 (guaraníes tres millones) para tarjetas de crédito Mastercard Black, Black Premier y Metalcard Premier.",https://www.beneficiosbancognb.com.py/v2/beneficios/categorias/576,"tarjetas de crédito afinidades Black, Black Premier y Metalcard Premier del Banco GNB Paraguay","25% de descuento para pagos con tarjetas de crédito afinidades Black, Black Premier y Metalcard Premier del Banco GNB Paraguay los días jueves y viernes. Tope de compra mensual: Gs. 1.500.000 (guaraníes un millón quinientos mil) para tarjetas de crédito Mastercard y Visa Clásicas, Oro Platinum e Infinite. y Gs. 3.000.000 (guaraníes tres millones) para tarjetas de crédito Mastercard Black, Black Premier y Metalcard Premier. El descuento en caja no aplica en la compra de Gift Cards",gnb-576-0,premium,Black / Premier,,2026-11-27,,
Kappa,Tiendas,20% de descuento,"jueves, viernes",Del 22 de enero al 27 de noviembre del 2026.,Kappa,"Tope de compra mensual: Gs. 1.500.000 (guaraníes un millón quinientos mil) para tarjetas de crédito Mastercard y Visa Clásicas, Oro Platinum e Infinite. y Gs. 3.000.000 (guaraníes tres millones) para tarjetas de crédito Mastercard Black, Black Premier y Metalcard Premier.",https://www.beneficiosbancognb.com.py/v2/beneficios/categorias/576,"tarjetas de crédito afinidades Clásicas, Oro, Experience, Platinum e Infinite del Banco GNB Paraguay","20% de descuento para pagos con tarjetas de crédito afinidades Clásicas, Oro, Experience, Platinum e Infinite del Banco GNB Paraguay los días jueves y viernes. Tope de compra mensual: Gs. 1.500.000 (guaraníes un millón quinientos mil) para tarjetas de crédito Mastercard y Visa Clásicas, Oro Platinum e Infinite. y Gs. 3.000.000 (guaraníes tres millones) para tarjetas de crédito Mastercard Black, Black Premier y Metalcard Premier. El descuento en caja no aplica en la compra de Gift Cards",gnb-576-1,base,Tarjetas elegibles,,2026-11-27,,
Kappa,Tiendas,Hasta 6 cuotas sin intereses,Todos los días,Del 22 de enero al 27 de noviembre del 2026.,Kappa,"Tope de compra mensual: Gs. 1.500.000 (guaraníes un millón quinientos mil) para tarjetas de crédito Mastercard y Visa Clásicas, Oro Platinum e Infinite. y Gs. 3.000.000 (guaraníes tres millones) para tarjetas de crédito Mastercard Black, Black Premier y Metalcard Premier.",https://www.beneficiosbancognb.com.py/v2/beneficios/categorias/576,tarjetas de crédito del Banco GNB Paraguay,"Hasta 6 cuotas sin intereses para pagos con tarjetas de crédito del Banco GNB Paraguay todos los días. Tope de compra mensual: Gs. 1.500.000 (guaraníes un millón quinientos mil) para tarjetas de crédito Mastercard y Visa Clásicas, Oro Platinum e Infinite. y Gs. 3.000.000 (guaraníes tres millones) para tarjetas de crédito Mastercard Black, Black Premier y Metalcard Premier. El descuento en caja no aplica en la compra de Gift Cards",gnb-576-2,base,Tarjetas elegibles,,2026-11-27,,
Kenneth Cole,Tiendas,25% de descuento,"jueves, viernes",Del 22 de enero al 27 de noviembre del 2026.,Kenneth Cole,"Tope de compra mensual: Gs. 1.500.000 (guaraníes un millón quinientos mil) para tarjetas de crédito Mastercard y Visa Clásicas, Oro Platinum e Infinite. y Gs. 3.000.000 (guaraníes tres millones) para tarjetas de crédito Mastercard Black, Black Premier y Metalcard Premier.",https://www.beneficiosbancognb.com.py/v2/beneficios/categorias/577,"tarjetas de crédito afinidades Black, Black Premier y Metalcard Premier del Banco GNB Paraguay","25% de descuento para pagos con tarjetas de crédito afinidades Black, Black Premier y Metalcard Premier del Banco GNB Paraguay los días jueves y viernes. Tope de compra mensual: Gs. 1.500.000 (guaraníes un millón quinientos mil) para tarjetas de crédito Mastercard y Visa Clásicas, Oro Platinum e Infinite. y Gs. 3.000.000 (guaraníes tres millones) para tarjetas de crédito Mastercard Black, Black Premier y Metalcard Premier. El descuento en caja no aplica en la compra de Gift Cards",gnb-577-0,premium,Black / Premier,,2026-11-27,,
Kenneth Cole,Tiendas,20% de descuento,"jueves, viernes",Del 22 de enero al 27 de noviembre del 2026.,Kenneth Cole,"Tope de compra mensual: Gs. 1.500.000 (guaraníes un millón quinientos mil) para tarjetas de crédito Mastercard y Visa Clásicas, Oro Platinum e Infinite. y Gs. 3.000.000 (guaraníes tres millones) para tarjetas de crédito Mastercard Black, Black Premier y Metalcard Premier.",https://www.beneficiosbancognb.com.py/v2/beneficios/categorias/577,"tarjetas de crédito afinidades Clásicas, Oro, Experience, Platinum e Infinite del Banco GNB Paraguay","20% de descuento para pagos con tarjetas de crédito afinidades Clásicas, Oro, Experience, Platinum e Infinite del Banco GNB Paraguay los días jueves y viernes. Tope de compra mensual: Gs. 1.500.000 (guaraníes un millón quinientos mil) para tarjetas de crédito Mastercard y Visa Clásicas, Oro Platinum e Infinite. y Gs. 3.000.000 (guaraníes tres millones) para tarjetas de crédito Mastercard Black, Black Premier y Metalcard Premier. El descuento en caja no aplica en la compra de Gift Cards",gnb-577-1,base,Tarjetas elegibles,,2026-11-27,,
Kenneth Cole,Tiendas,Hasta 6 cuotas sin intereses,Todos los días,Del 22 de enero al 27 de noviembre del 2026.,Kenneth Cole,"Tope de compra mensual: Gs. 1.500.000 (guaraníes un millón quinientos mil) para tarjetas de crédito Mastercard y Visa Clásicas, Oro Platinum e Infinite. y Gs. 3.000.000 (guaraníes tres millones) para tarjetas de crédito Mastercard Black, Black Premier y Metalcard Premier.",https://www.beneficiosbancognb.com.py/v2/beneficios/categorias/577,tarjetas de crédito del Banco GNB Paraguay,"Hasta 6 cuotas sin intereses para pagos con tarjetas de crédito del Banco GNB Paraguay todos los días. Tope de compra mensual: Gs. 1.500.000 (guaraníes un millón quinientos mil) para tarjetas de crédito Mastercard y Visa Clásicas, Oro Platinum e Infinite. y Gs. 3.000.000 (guaraníes tres millones) para tarjetas de crédito Mastercard Black, Black Premier y Metalcard Premier. El descuento en caja no aplica en la compra de Gift Cards",gnb-577-2,base,Tarjetas elegibles,,2026-11-27,,
Lotto,Tiendas,25% de descuento,"jueves, viernes",Del 22 de enero al 27 de noviembre del 2026.,Lotto,"Tope de compra mensual: Gs. 1.500.000 (guaraníes un millón quinientos mil) para tarjetas de crédito Mastercard y Visa Clásicas, Oro Platinum e Infinite. y Gs. 3.000.000 (guaraníes tres millones) para tarjetas de crédito Mastercard Black, Black Premier y Metalcard Premier.",https://www.beneficiosbancognb.com.py/v2/beneficios/categorias/578,"tarjetas de crédito afinidades Black, Black Premier y Metalcard Premier del Banco GNB Paraguay","25% de descuento para pagos con tarjetas de crédito afinidades Black, Black Premier y Metalcard Premier del Banco GNB Paraguay los días jueves y viernes. Tope de compra mensual: Gs. 1.500.000 (guaraníes un millón quinientos mil) para tarjetas de crédito Mastercard y Visa Clásicas, Oro Platinum e Infinite. y Gs. 3.000.000 (guaraníes tres millones) para tarjetas de crédito Mastercard Black, Black Premier y Metalcard Premier. El descuento en caja no aplica en la compra de Gift Cards",gnb-578-0,premium,Black / Premier,,2026-11-27,,
Lotto,Tiendas,20% de descuento,"jueves, viernes",Del 22 de enero al 27 de noviembre del 2026.,Lotto,"Tope de compra mensual: Gs. 1.500.000 (guaraníes un millón quinientos mil) para tarjetas de crédito Mastercard y Visa Clásicas, Oro Platinum e Infinite. y Gs. 3.000.000 (guaraníes tres millones) para tarjetas de crédito Mastercard Black, Black Premier y Metalcard Premier.",https://www.beneficiosbancognb.com.py/v2/beneficios/categorias/578,"tarjetas de crédito afinidades Clásicas, Oro, Experience, Platinum e Infinite del Banco GNB Paraguay","20% de descuento para pagos con tarjetas de crédito afinidades Clásicas, Oro, Experience, Platinum e Infinite del Banco GNB Paraguay los días jueves y viernes. Tope de compra mensual: Gs. 1.500.000 (guaraníes un millón quinientos mil) para tarjetas de crédito Mastercard y Visa Clásicas, Oro Platinum e Infinite. y Gs. 3.000.000 (guaraníes tres millones) para tarjetas de crédito Mastercard Black, Black Premier y Metalcard Premier. El descuento en caja no aplica en la compra de Gift Cards",gnb-578-1,base,Tarjetas elegibles,,2026-11-27,,
Lotto,Tiendas,Hasta 6 cuotas sin intereses,Todos los días,Del 22 de enero al 27 de noviembre del 2026.,Lotto,"Tope de compra mensual: Gs. 1.500.000 (guaraníes un millón quinientos mil) para tarjetas de crédito Mastercard y Visa Clásicas, Oro Platinum e Infinite. y Gs. 3.000.000 (guaraníes tres millones) para tarjetas de crédito Mastercard Black, Black Premier y Metalcard Premier.",https://www.beneficiosbancognb.com.py/v2/beneficios/categorias/578,tarjetas de crédito del Banco GNB Paraguay,"Hasta 6 cuotas sin intereses para pagos con tarjetas de crédito del Banco GNB Paraguay todos los días. Tope de compra mensual: Gs. 1.500.000 (guaraníes un millón quinientos mil) para tarjetas de crédito Mastercard y Visa Clásicas, Oro Platinum e Infinite. y Gs. 3.000.000 (guaraníes tres millones) para tarjetas de crédito Mastercard Black, Black Premier y Metalcard Premier. El descuento en caja no aplica en la compra de Gift Cards",gnb-578-2,base,Tarjetas elegibles,,2026-11-27,,
Puma,Combustible,25% de descuento,"jueves, viernes",Del 22 de enero al 27 de noviembre del 2026.,Puma,"Tope de compra mensual: Gs. 1.500.000 (guaraníes un millón quinientos mil) para tarjetas de crédito Mastercard y Visa Clásicas, Oro Platinum e Infinite. y Gs. 3.000.000 (guaraníes tres millones) para tarjetas de crédito Mastercard Black, Black Premier y Metalcard Premier.",https://www.beneficiosbancognb.com.py/v2/beneficios/categorias/579,"tarjetas de crédito afinidades Black, Black Premier y Metalcard Premier del Banco GNB Paraguay","25% de descuento para pagos con tarjetas de crédito afinidades Black, Black Premier y Metalcard Premier del Banco GNB Paraguay los días jueves y viernes. Tope de compra mensual: Gs. 1.500.000 (guaraníes un millón quinientos mil) para tarjetas de crédito Mastercard y Visa Clásicas, Oro Platinum e Infinite. y Gs. 3.000.000 (guaraníes tres millones) para tarjetas de crédito Mastercard Black, Black Premier y Metalcard Premier. El descuento en caja no aplica en la compra de Gift Cards",gnb-579-0,premium,Black / Premier,,2026-11-27,,
Puma,Combustible,20% de descuento,"jueves, viernes",Del 22 de enero al 27 de noviembre del 2026.,Puma,"Tope de compra mensual: Gs. 1.500.000 (guaraníes un millón quinientos mil) para tarjetas de crédito Mastercard y Visa Clásicas, Oro Platinum e Infinite. y Gs. 3.000.000 (guaraníes tres millones) para tarjetas de crédito Mastercard Black, Black Premier y Metalcard Premier.",https://www.beneficiosbancognb.com.py/v2/beneficios/categorias/579,"tarjetas de crédito afinidades Clásicas, Oro, Experience, Platinum e Infinite del Banco GNB Paraguay","20% de descuento para pagos con tarjetas de crédito afinidades Clásicas, Oro, Experience, Platinum e Infinite del Banco GNB Paraguay los días jueves y viernes. Tope de compra mensual: Gs. 1.500.000 (guaraníes un millón quinientos mil) para tarjetas de crédito Mastercard y Visa Clásicas, Oro Platinum e Infinite. y Gs. 3.000.000 (guaraníes tres millones) para tarjetas de crédito Mastercard Black, Black Premier y Metalcard Premier. El descuento en caja no aplica en la compra de Gift Cards",gnb-579-1,base,Tarjetas elegibles,,2026-11-27,,
Puma,Combustible,Hasta 6 cuotas sin intereses,Todos los días,Del 22 de enero al 27 de noviembre del 2026.,Puma,"Tope de compra mensual: Gs. 1.500.000 (guaraníes un millón quinientos mil) para tarjetas de crédito Mastercard y Visa Clásicas, Oro Platinum e Infinite. y Gs. 3.000.000 (guaraníes tres millones) para tarjetas de crédito Mastercard Black, Black Premier y Metalcard Premier.",https://www.beneficiosbancognb.com.py/v2/beneficios/categorias/579,tarjetas de crédito del Banco GNB Paraguay,"Hasta 6 cuotas sin intereses para pagos con tarjetas de crédito del Banco GNB Paraguay todos los días. Tope de compra mensual: Gs. 1.500.000 (guaraníes un millón quinientos mil) para tarjetas de crédito Mastercard y Visa Clásicas, Oro Platinum e Infinite. y Gs. 3.000.000 (guaraníes tres millones) para tarjetas de crédito Mastercard Black, Black Premier y Metalcard Premier. El descuento en caja no aplica en la compra de Gift Cards",gnb-579-2,base,Tarjetas elegibles,,2026-11-27,,
Skechers,Tiendas,25% de descuento,"jueves, viernes",Del 22 de enero al 27 de noviembre del 2026.,Skechers,"Tope de compra mensual: Gs. 1.500.000 (guaraníes un millón quinientos mil) para tarjetas de crédito Mastercard y Visa Clásicas, Oro Platinum e Infinite. y Gs. 3.000.000 (guaraníes tres millones) para tarjetas de crédito Mastercard Black, Black Premier y Metalcard Premier.",https://www.beneficiosbancognb.com.py/v2/beneficios/categorias/581,"tarjetas de crédito afinidades Black, Black Premier y Metalcard Premier del Banco GNB Paraguay","25% de descuento para pagos con tarjetas de crédito afinidades Black, Black Premier y Metalcard Premier del Banco GNB Paraguay los días jueves y viernes. Tope de compra mensual: Gs. 1.500.000 (guaraníes un millón quinientos mil) para tarjetas de crédito Mastercard y Visa Clásicas, Oro Platinum e Infinite. y Gs. 3.000.000 (guaraníes tres millones) para tarjetas de crédito Mastercard Black, Black Premier y Metalcard Premier. El descuento en caja no aplica en la compra de Gift Cards",gnb-581-0,premium,Black / Premier,,2026-11-27,,
Skechers,Tiendas,20% de descuento,"jueves, viernes",Del 22 de enero al 27 de noviembre del 2026.,Skechers,"Tope de compra mensual: Gs. 1.500.000 (guaraníes un millón quinientos mil) para tarjetas de crédito Mastercard y Visa Clásicas, Oro Platinum e Infinite. y Gs. 3.000.000 (guaraníes tres millones) para tarjetas de crédito Mastercard Black, Black Premier y Metalcard Premier.",https://www.beneficiosbancognb.com.py/v2/beneficios/categorias/581,"tarjetas de crédito afinidades Clásicas, Oro, Experience, Platinum e Infinite del Banco GNB Paraguay","20% de descuento para pagos con tarjetas de crédito afinidades Clásicas, Oro, Experience, Platinum e Infinite del Banco GNB Paraguay los días jueves y viernes. Tope de compra mensual: Gs. 1.500.000 (guaraníes un millón quinientos mil) para tarjetas de crédito Mastercard y Visa Clásicas, Oro Platinum e Infinite. y Gs. 3.000.000 (guaraníes tres millones) para tarjetas de crédito Mastercard Black, Black Premier y Metalcard Premier. El descuento en caja no aplica en la compra de Gift Cards",gnb-581-1,base,Tarjetas elegibles,,2026-11-27,,
Skechers,Tiendas,Hasta 6 cuotas sin intereses,Todos los días,Del 22 de enero al 27 de noviembre del 2026.,Skechers,"Tope de compra mensual: Gs. 1.500.000 (guaraníes un millón quinientos mil) para tarjetas de crédito Mastercard y Visa Clásicas, Oro Platinum e Infinite. y Gs. 3.000.000 (guaraníes tres millones) para tarjetas de crédito Mastercard Black, Black Premier y Metalcard Premier.",https://www.beneficiosbancognb.com.py/v2/beneficios/categorias/581,tarjetas de crédito del Banco GNB Paraguay,"Hasta 6 cuotas sin intereses para pagos con tarjetas de crédito del Banco GNB Paraguay todos los días. Tope de compra mensual: Gs. 1.500.000 (guaraníes un millón quinientos mil) para tarjetas de crédito Mastercard y Visa Clásicas, Oro Platinum e Infinite. y Gs. 3.000.000 (guaraníes tres millones) para tarjetas de crédito Mastercard Black, Black Premier y Metalcard Premier. El descuento en caja no aplica en la compra de Gift Cards",gnb-581-2,base,Tarjetas elegibles,,2026-11-27,,
Sport House,Tiendas,25% de descuento,"jueves, viernes",Del 22 de enero al 27 de noviembre del 2026.,Sport House,"Tope de compra mensual: Gs. 1.500.000 (guaraníes un millón quinientos mil) para tarjetas de crédito Mastercard y Visa Clásicas, Oro Platinum e Infinite. y Gs. 3.000.000 (guaraníes tres millones) para tarjetas de crédito Mastercard Black, Black Premier y Metalcard Premier.",https://www.beneficiosbancognb.com.py/v2/beneficios/categorias/582,"tarjetas de crédito afinidades Black, Black Premier y Metalcard Premier del Banco GNB Paraguay","25% de descuento para pagos con tarjetas de crédito afinidades Black, Black Premier y Metalcard Premier del Banco GNB Paraguay los días jueves y viernes. Tope de compra mensual: Gs. 1.500.000 (guaraníes un millón quinientos mil) para tarjetas de crédito Mastercard y Visa Clásicas, Oro Platinum e Infinite. y Gs. 3.000.000 (guaraníes tres millones) para tarjetas de crédito Mastercard Black, Black Premier y Metalcard Premier. El descuento en caja no aplica en la compra de Gift Cards",gnb-582-0,premium,Black / Premier,,2026-11-27,,
Sport House,Tiendas,20% de descuento,"jueves, viernes",Del 22 de enero al 27 de noviembre del 2026.,Sport House,"Tope de compra mensual: Gs. 1.500.000 (guaraníes un millón quinientos mil) para tarjetas de crédito Mastercard y Visa Clásicas, Oro Platinum e Infinite. y Gs. 3.000.000 (guaraníes tres millones) para tarjetas de crédito Mastercard Black, Black Premier y Metalcard Premier.",https://www.beneficiosbancognb.com.py/v2/beneficios/categorias/582,"tarjetas de crédito afinidades Clásicas, Oro, Experience, Platinum e Infinite del Banco GNB Paraguay","20% de descuento para pagos con tarjetas de crédito afinidades Clásicas, Oro, Experience, Platinum e Infinite del Banco GNB Paraguay los días jueves y viernes. Tope de compra mensual: Gs. 1.500.000 (guaraníes un millón quinientos mil) para tarjetas de crédito Mastercard y Visa Clásicas, Oro Platinum e Infinite. y Gs. 3.000.000 (guaraníes tres millones) para tarjetas de crédito Mastercard Black, Black Premier y Metalcard Premier. El descuento en caja no aplica en la compra de Gift Cards",gnb-582-1,base,Tarjetas elegibles,,2026-11-27,,
Sport House,Tiendas,Hasta 6 cuotas sin intereses,Todos los días,Del 22 de enero al 27 de noviembre del 2026.,Sport House,"Tope de compra mensual: Gs. 1.500.000 (guaraníes un millón quinientos mil) para tarjetas de crédito Mastercard y Visa Clásicas, Oro Platinum e Infinite. y Gs. 3.000.000 (guaraníes tres millones) para tarjetas de crédito Mastercard Black, Black Premier y Metalcard Premier.",https://www.beneficiosbancognb.com.py/v2/beneficios/categorias/582,tarjetas de crédito del Banco GNB Paraguay,"Hasta 6 cuotas sin intereses para pagos con tarjetas de crédito del Banco GNB Paraguay todos los días. Tope de compra mensual: Gs. 1.500.000 (guaraníes un millón quinientos mil) para tarjetas de crédito Mastercard y Visa Clásicas, Oro Platinum e Infinite. y Gs. 3.000.000 (guaraníes tres millones) para tarjetas de crédito Mastercard Black, Black Premier y Metalcard Premier. El descuento en caja no aplica en la compra de Gift Cards",gnb-582-2,base,Tarjetas elegibles,,2026-11-27,,
Eneache,Tiendas,25% de descuento,último jueves de cada mes,Del 03 de septiembre al 26 de noviembre del 2026.,Eneache,"Tope de compra mensual: Gs. 2.000.000 (guaraníes dos millones) por cuenta de tarjeta de crédito (incluye titulares y adicionales), el cual aplica en forma conjunta a todos los locales de los comercios adheridos.",https://www.beneficiosbancognb.com.py/v2/beneficios/categorias/583,"tarjetas de crédito afinidades Black, Black Premier y Metalcard Premier del Banco GNB Paraguay","25% de descuento para pagos con tarjetas de crédito afinidades Black, Black Premier y Metalcard Premier del Banco GNB Paraguay. Tope de compra mensual: Gs. 2.000.000 (guaraníes dos millones) por cuenta de tarjeta de crédito (incluye titulares y adicionales), el cual aplica en forma conjunta a todos los locales de los comercios adheridos",gnb-583-0,premium,Black / Premier,,2026-11-26,,
Eneache,Tiendas,20% de descuento,último jueves de cada mes,Del 03 de septiembre al 26 de noviembre del 2026.,Eneache,"Tope de compra mensual: Gs. 2.000.000 (guaraníes dos millones) por cuenta de tarjeta de crédito (incluye titulares y adicionales), el cual aplica en forma conjunta a todos los locales de los comercios adheridos.",https://www.beneficiosbancognb.com.py/v2/beneficios/categorias/583,"tarjetas de crédito afinidades Clásicas, Oro, Experience, Platinum e Infinite del Banco GNB Paraguay","20% de descuento para pagos con tarjetas de crédito afinidades Clásicas, Oro, Experience, Platinum e Infinite del Banco GNB Paraguay. Tope de compra mensual: Gs. 2.000.000 (guaraníes dos millones) por cuenta de tarjeta de crédito (incluye titulares y adicionales), el cual aplica en forma conjunta a todos los locales de los comercios adheridos",gnb-583-1,base,Tarjetas elegibles,,2026-11-26,,
Eneache,Tiendas,Hasta 6 cuotas sin intereses,Todos los días,Del 03 de septiembre al 26 de noviembre del 2026.,Eneache,"Tope de compra mensual: Gs. 2.000.000 (guaraníes dos millones) por cuenta de tarjeta de crédito (incluye titulares y adicionales), el cual aplica en forma conjunta a todos los locales de los comercios adheridos.",https://www.beneficiosbancognb.com.py/v2/beneficios/categorias/583,tarjetas de crédito del Banco GNB Paraguay,"Hasta 6 cuotas sin intereses todos los días para pagos con tarjetas de crédito del Banco GNB Paraguay. Tope de compra mensual: Gs. 2.000.000 (guaraníes dos millones) por cuenta de tarjeta de crédito (incluye titulares y adicionales), el cual aplica en forma conjunta a todos los locales de los comercios adheridos",gnb-583-2,base,Tarjetas elegibles,,2026-11-26,,
Rondina,Tiendas,25% de descuento,último jueves de cada mes,Del 03 de septiembre al 26 de noviembre del 2026.,Rondina,"Tope de compra mensual: Gs. 2.000.000 (guaraníes dos millones) por cuenta de tarjeta de crédito (incluye titulares y adicionales), el cual aplica en forma conjunta a todos los locales de los comercios adheridos.",https://www.beneficiosbancognb.com.py/v2/beneficios/categorias/584,"tarjetas de crédito afinidades Black, Black Premier y Metalcard Premier del Banco GNB Paraguay","25% de descuento para pagos con tarjetas de crédito afinidades Black, Black Premier y Metalcard Premier del Banco GNB Paraguay. Tope de compra mensual: Gs. 2.000.000 (guaraníes dos millones) por cuenta de tarjeta de crédito (incluye titulares y adicionales), el cual aplica en forma conjunta a todos los locales de los comercios adheridos",gnb-584-0,premium,Black / Premier,,2026-11-26,,
Rondina,Tiendas,20% de descuento,último jueves de cada mes,Del 03 de septiembre al 26 de noviembre del 2026.,Rondina,"Tope de compra mensual: Gs. 2.000.000 (guaraníes dos millones) por cuenta de tarjeta de crédito (incluye titulares y adicionales), el cual aplica en forma conjunta a todos los locales de los comercios adheridos.",https://www.beneficiosbancognb.com.py/v2/beneficios/categorias/584,"tarjetas de crédito afinidades Clásicas, Oro, Experience, Platinum e Infinite del Banco GNB Paraguay","20% de descuento para pagos con tarjetas de crédito afinidades Clásicas, Oro, Experience, Platinum e Infinite del Banco GNB Paraguay. Tope de compra mensual: Gs. 2.000.000 (guaraníes dos millones) por cuenta de tarjeta de crédito (incluye titulares y adicionales), el cual aplica en forma conjunta a todos los locales de los comercios adheridos",gnb-584-1,base,Tarjetas elegibles,,2026-11-26,,
Rondina,Tiendas,Hasta 6 cuotas sin intereses,Todos los días,Del 03 de septiembre al 26 de noviembre del 2026.,Rondina,"Tope de compra mensual: Gs. 2.000.000 (guaraníes dos millones) por cuenta de tarjeta de crédito (incluye titulares y adicionales), el cual aplica en forma conjunta a todos los locales de los comercios adheridos.",https://www.beneficiosbancognb.com.py/v2/beneficios/categorias/584,tarjetas de crédito del Banco GNB Paraguay,"Hasta 6 cuotas sin intereses todos los días para pagos con tarjetas de crédito del Banco GNB Paraguay. Tope de compra mensual: Gs. 2.000.000 (guaraníes dos millones) por cuenta de tarjeta de crédito (incluye titulares y adicionales), el cual aplica en forma conjunta a todos los locales de los comercios adheridos",gnb-584-2,base,Tarjetas elegibles,,2026-11-26,,
RND,Tiendas,25% de descuento,último jueves de cada mes,Del 03 de septiembre al 26 de noviembre del 2026.,RND,"Tope de compra mensual: Gs. 2.000.000 (guaraníes dos millones) por cuenta de tarjeta de crédito (incluye titulares y adicionales), el cual aplica en forma conjunta a todos los locales de los comercios adheridos.",https://www.beneficiosbancognb.com.py/v2/beneficios/categorias/585,"tarjetas de crédito afinidades Black, Black Premier y Metalcard Premier del Banco GNB Paraguay","25% de descuento para pagos con tarjetas de crédito afinidades Black, Black Premier y Metalcard Premier del Banco GNB Paraguay. Tope de compra mensual: Gs. 2.000.000 (guaraníes dos millones) por cuenta de tarjeta de crédito (incluye titulares y adicionales), el cual aplica en forma conjunta a todos los locales de los comercios adheridos",gnb-585-0,premium,Black / Premier,,2026-11-26,,
RND,Tiendas,20% de descuento,último jueves de cada mes,Del 03 de septiembre al 26 de noviembre del 2026.,RND,"Tope de compra mensual: Gs. 2.000.000 (guaraníes dos millones) por cuenta de tarjeta de crédito (incluye titulares y adicionales), el cual aplica en forma conjunta a todos los locales de los comercios adheridos.",https://www.beneficiosbancognb.com.py/v2/beneficios/categorias/585,"tarjetas de crédito afinidades Clásicas, Oro, Experience, Platinum e Infinite del Banco GNB Paraguay","20% de descuento para pagos con tarjetas de crédito afinidades Clásicas, Oro, Experience, Platinum e Infinite del Banco GNB Paraguay. Tope de compra mensual: Gs. 2.000.000 (guaraníes dos millones) por cuenta de tarjeta de crédito (incluye titulares y adicionales), el cual aplica en forma conjunta a todos los locales de los comercios adheridos",gnb-585-1,base,Tarjetas elegibles,,2026-11-26,,
RND,Tiendas,Hasta 6 cuotas sin intereses,Todos los días,Del 03 de septiembre al 26 de noviembre del 2026.,RND,"Tope de compra mensual: Gs. 2.000.000 (guaraníes dos millones) por cuenta de tarjeta de crédito (incluye titulares y adicionales), el cual aplica en forma conjunta a todos los locales de los comercios adheridos.",https://www.beneficiosbancognb.com.py/v2/beneficios/categorias/585,tarjetas de crédito del Banco GNB Paraguay,"Hasta 6 cuotas sin intereses todos los días para pagos con tarjetas de crédito del Banco GNB Paraguay. Tope de compra mensual: Gs. 2.000.000 (guaraníes dos millones) por cuenta de tarjeta de crédito (incluye titulares y adicionales), el cual aplica en forma conjunta a todos los locales de los comercios adheridos",gnb-585-2,base,Tarjetas elegibles,,2026-11-26,,
Estilo Sur,Tiendas,25% de descuento,último jueves de cada mes,Del 03 de septiembre al 26 de noviembre del 2026.,Estilo Sur,"Tope de compra mensual: Gs. 2.000.000 (guaraníes dos millones) por cuenta de tarjeta de crédito (incluye titulares y adicionales), el cual aplica en forma conjunta a todos los locales de los comercios adheridos.",https://www.beneficiosbancognb.com.py/v2/beneficios/categorias/586,"tarjetas de crédito afinidades Black, Black Premier y Metalcard Premier del Banco GNB Paraguay","25% de descuento para pagos con tarjetas de crédito afinidades Black, Black Premier y Metalcard Premier del Banco GNB Paraguay. Tope de compra mensual: Gs. 2.000.000 (guaraníes dos millones) por cuenta de tarjeta de crédito (incluye titulares y adicionales), el cual aplica en forma conjunta a todos los locales de los comercios adheridos",gnb-586-0,premium,Black / Premier,,2026-11-26,,
Estilo Sur,Tiendas,20% de descuento,último jueves de cada mes,Del 03 de septiembre al 26 de noviembre del 2026.,Estilo Sur,"Tope de compra mensual: Gs. 2.000.000 (guaraníes dos millones) por cuenta de tarjeta de crédito (incluye titulares y adicionales), el cual aplica en forma conjunta a todos los locales de los comercios adheridos.",https://www.beneficiosbancognb.com.py/v2/beneficios/categorias/586,"tarjetas de crédito afinidades Clásicas, Oro, Experience, Platinum e Infinite del Banco GNB Paraguay","20% de descuento para pagos con tarjetas de crédito afinidades Clásicas, Oro, Experience, Platinum e Infinite del Banco GNB Paraguay. Tope de compra mensual: Gs. 2.000.000 (guaraníes dos millones) por cuenta de tarjeta de crédito (incluye titulares y adicionales), el cual aplica en forma conjunta a todos los locales de los comercios adheridos",gnb-586-1,base,Tarjetas elegibles,,2026-11-26,,
Estilo Sur,Tiendas,Hasta 6 cuotas sin intereses,Todos los días,Del 03 de septiembre al 26 de noviembre del 2026.,Estilo Sur,"Tope de compra mensual: Gs. 2.000.000 (guaraníes dos millones) por cuenta de tarjeta de crédito (incluye titulares y adicionales), el cual aplica en forma conjunta a todos los locales de los comercios adheridos.",https://www.beneficiosbancognb.com.py/v2/beneficios/categorias/586,tarjetas de crédito del Banco GNB Paraguay,"Hasta 6 cuotas sin intereses todos los días para pagos con tarjetas de crédito del Banco GNB Paraguay. Tope de compra mensual: Gs. 2.000.000 (guaraníes dos millones) por cuenta de tarjeta de crédito (incluye titulares y adicionales), el cual aplica en forma conjunta a todos los locales de los comercios adheridos",gnb-586-2,base,Tarjetas elegibles,,2026-11-26,,
Farfalle,Tiendas,20% de descuento,Todos los días,Del 23 de marzo al 31 de diciembre del 2026.,Farfalle,,https://www.beneficiosbancognb.com.py/v2/beneficios/categorias/601,tarjetas de crédito del Banco GNB Paraguay,"20% de descuento para pagos con tarjetas de crédito del Banco GNB Paraguay. No participan de la promoción las tarjetas de débito, de afinidades Empresariales, Corporativas, Gift Card, Gourmet y Prepagas",gnb-601-0,base,Tarjetas elegibles,,2026-12-31,,
Farfalle,Tiendas,Hasta 6 cuotas sin intereses,Todos los días,Del 23 de marzo al 31 de diciembre del 2026.,Farfalle,,https://www.beneficiosbancognb.com.py/v2/beneficios/categorias/601,tarjetas de crédito del Banco GNB Paraguay,"Hasta 6 cuotas sin intereses para pagos con tarjetas de crédito del Banco GNB Paraguay. No participan de la promoción las tarjetas de débito, de afinidades Empresariales, Corporativas, Gift Card, Gourmet y Prepagas",gnb-601-1,base,Tarjetas elegibles,,2026-12-31,,
San Isidro Show Room,Tiendas,15% de descuento,Todos los días,Del 27 de marzo al 31 de diciembre del 2026.,San Isidro Show Room,,https://www.beneficiosbancognb.com.py/v2/beneficios/categorias/604,tarjetas de crédito del Banco GNB Paraguay,15% de descuento para pagos con tarjetas de crédito del Banco GNB Paraguay,gnb-604-0,base,Tarjetas elegibles,,2026-12-31,,
San Isidro Show Room,Tiendas,Hasta 12 cuotas sin intereses,Todos los días,Del 27 de marzo al 31 de diciembre del 2026.,San Isidro Show Room,,https://www.beneficiosbancognb.com.py/v2/beneficios/categorias/604,tarjetas de crédito del Banco GNB Paraguay,Hasta 12 cuotas sin intereses para pagos con tarjetas de crédito del Banco GNB Paraguay,gnb-604-1,base,Tarjetas elegibles,,2026-12-31,,
For Pets,Tiendas,20% de descuento,Todos los días,Del 14 de julio al 31 de diciembre del 2026.,For Pets,"Tope de compra mensual: Gs. 300.000 (guaraníes trescientos mil) por cuenta de tarjeta de crédito Incluye titulares y adicionales, (aplica en forma conjunta a los dos comercios adheridos).",https://www.beneficiosbancognb.com.py/v2/beneficios/categorias/637,"tarjetas de crédito Mastercard Black, Black Premier y Metalcard Premier del Banco GNB Paraguay","20% de descuento para pagos con tarjetas de crédito Mastercard Black, Black Premier y Metalcard Premier del Banco GNB Paraguay. Tope de compra mensual: Gs. 300.000 (guaraníes trescientos mil) por cuenta de tarjeta de crédito Incluye titulares y adicionales, (aplica en forma conjunta a los dos comercios adheridos). No aplica para pagos realizados a través de plataformas de terceros y/o e-commerce. No participan de la promoción las tarjetas de débito y crédito; Visa, de afinidades Empresariales, Corporativas, Gift Card, Gourmet y Prepagas",gnb-637-0,premium,Black / Premier,,2026-12-31,,
Baza Rattán,Tiendas,20% de descuento,del 17 al 20 de cada mes; últimos 3 días de cada mes,Del 17 de julio al 31 de diciembre del 2026.,Baza Rattán,"Tope de compra mensual: Gs. 3.000.000 (guaraníes tres millones) por cuenta de tarjeta de crédito (incluye titulares y adicionales), el cual aplica en forma conjunta a todos los locales del comercio.",https://www.beneficiosbancognb.com.py/v2/beneficios/categorias/638,"tarjetas de crédito Mastercard Black, Black Premier y Metalcard Premier del Banco GNB Paraguay","20% de descuento para pagos con tarjetas de crédito Mastercard Black, Black Premier y Metalcard Premier del Banco GNB Paraguay. Tope de compra mensual: Gs. 3.000.000 (guaraníes tres millones) por cuenta de tarjeta de crédito (incluye titulares y adicionales), el cual aplica en forma conjunta a todos los locales del comercio",gnb-638-0,premium,Black / Premier,,2026-12-31,3,
Baza Rattán,Tiendas,Hasta 12 cuotas sin intereses,Todos los días,Del 17 de julio al 31 de diciembre del 2026.,Baza Rattán,"Tope de compra mensual: Gs. 3.000.000 (guaraníes tres millones) por cuenta de tarjeta de crédito (incluye titulares y adicionales), el cual aplica en forma conjunta a todos los locales del comercio.",https://www.beneficiosbancognb.com.py/v2/beneficios/categorias/638,tarjetas de crédito del Banco GNB Paraguay,"Hasta 12 cuotas sin intereses todos los días para pagos con tarjetas de crédito del Banco GNB Paraguay. Tope de compra mensual: Gs. 3.000.000 (guaraníes tres millones) por cuenta de tarjeta de crédito (incluye titulares y adicionales), el cual aplica en forma conjunta a todos los locales del comercio",gnb-638-1,base,Tarjetas elegibles,,2026-12-31,,
Intercolegial Alpha College – Cantina,Tiendas,20% de reintegro,No especificado,Del Jueves 01 al Sábado 03 de octubre del 2026,Intercolegial Alpha College – Cantina,Tope de compra por periodo de la promoción: Gs.250.000 (guaraníes doscientos cincuenta mil) por cuenta de tarjeta de crédito (Incluye titulares y adicionales) y/o prepaga para pagos con tarjetas de crédito y/o prepagas Banco GNB Mastercard aplicado al total de compras realizadas en la cantina del colegio en el Intercolegial Alpha College.,https://www.beneficiosbancognb.com.py/v2/beneficios/categorias/673,tarjetas de crédito y prepagas Mastercard del Banco GNB Paraguay,20% de reintegro para pagos con tarjetas de crédito y prepagas Mastercard del Banco GNB Paraguay. Tope de compra por periodo de la promoción: Gs.250.000 (guaraníes doscientos cincuenta mil) por cuenta de tarjeta de crédito (Incluye titulares y adicionales) y/o prepaga para pagos con tarjetas de crédito y/o prepagas Banco GNB Mastercard aplicado al total de compras realizadas en la cantina del colegio en el Intercolegial Alpha College. El beneficio no aplica en la compra de entradas,gnb-673-0,base,Tarjetas elegibles,,2026-10-11,,
Safebag,Viajes,50% de reintegro en 1 embalaje al mes,Todos los días,Del 28 de enero al 31 de diciembre del 2026.,Safebag,Tope de reintegro mensual: Para la afinidad Mastercard Black hasta Gs. 70.000 (guaraníes setenta mil) por mes. Para la afinidad Mastercard Black Premier hasta Gs. 140.000 (guaraníes ciento cuarenta mil) por mes. Para la afinidad Mastercard Metalcard Premier hasta Gs. 280.000 (guaraníes doscientos ochenta mil) por mes.,https://www.beneficiosbancognb.com.py/v2/beneficios/categorias/266,tarjetas de crédito Mastercard Black,Hasta 1 embalaje * con 50% de reintegro por mes para tarjetas de crédito Mastercard Black. Tope de reintegro mensual: Para la afinidad Mastercard Black hasta Gs. 70.000 (guaraníes setenta mil) por mes. Para la afinidad Mastercard Black Premier hasta Gs. 140.000 (guaraníes ciento cuarenta mil) por mes. Para la afinidad Mastercard Metalcard Premier hasta Gs. 280.000 (guaraníes doscientos ochenta mil) por mes,gnb-266-0,premium,Black,,2026-12-31,,
Safebag,Viajes,50% de reintegro en 2 embalajes al mes,Todos los días,Del 28 de enero al 31 de diciembre del 2026.,Safebag,Tope de reintegro mensual: Para la afinidad Mastercard Black hasta Gs. 70.000 (guaraníes setenta mil) por mes. Para la afinidad Mastercard Black Premier hasta Gs. 140.000 (guaraníes ciento cuarenta mil) por mes. Para la afinidad Mastercard Metalcard Premier hasta Gs. 280.000 (guaraníes doscientos ochenta mil) por mes.,https://www.beneficiosbancognb.com.py/v2/beneficios/categorias/266,tarjetas de crédito Mastercard Black Premier,Hasta 2 embalajes * con 50% de reintegro por mes para tarjetas de crédito Mastercard Black Premier. Tope de reintegro mensual: Para la afinidad Mastercard Black hasta Gs. 70.000 (guaraníes setenta mil) por mes. Para la afinidad Mastercard Black Premier hasta Gs. 140.000 (guaraníes ciento cuarenta mil) por mes. Para la afinidad Mastercard Metalcard Premier hasta Gs. 280.000 (guaraníes doscientos ochenta mil) por mes,gnb-266-1,premium,Black Premier,,2026-12-31,,
Safebag,Viajes,100% de descuento en hasta 2 embalajes al mes (sin costo),Todos los días,Del 28 de enero al 31 de diciembre del 2026.,Safebag,Tope de reintegro mensual: Para la afinidad Mastercard Black hasta Gs. 70.000 (guaraníes setenta mil) por mes. Para la afinidad Mastercard Black Premier hasta Gs. 140.000 (guaraníes ciento cuarenta mil) por mes. Para la afinidad Mastercard Metalcard Premier hasta Gs. 280.000 (guaraníes doscientos ochenta mil) por mes.,https://www.beneficiosbancognb.com.py/v2/beneficios/categorias/266,tarjetas de crédito Mastercard Metalcard Premier,Hasta 2 embalajes* sin costo por mes para tarjetas de crédito Mastercard Metalcard Premier. Tope de reintegro mensual: Para la afinidad Mastercard Black hasta Gs. 70.000 (guaraníes setenta mil) por mes. Para la afinidad Mastercard Black Premier hasta Gs. 140.000 (guaraníes ciento cuarenta mil) por mes. Para la afinidad Mastercard Metalcard Premier hasta Gs. 280.000 (guaraníes doscientos ochenta mil) por mes,gnb-266-2,premium,Metalcard Premier,,2026-12-31,,
Viajes,Viajes,Hasta 18 cuotas sin intereses,Todos los días,Del 05 de enero al 31 de diciembre del 2026.,Viajes,,https://www.beneficiosbancognb.com.py/v2/beneficios/categorias/14,tarjetas de crédito del Banco GNB Paraguay,Hasta 18 cuotas sin intereses para tarjetas de crédito del Banco GNB Paraguay. En Agencias de Viajes y Aerolíneas adheridas al rubro en la procesadora Bancard. No aplica para compras ecommerce,gnb-14-0,base,Tarjetas elegibles,,2026-12-31,,
Kube,Tiendas,Hasta 12 cuotas sin intereses,Todos los días,Del 05 de enero al 31 de diciembre del 2026.,Kube,,https://www.beneficiosbancognb.com.py/v2/beneficios/categorias/15,,"Hasta 12 cuotas sin intereses para tarjetas de afinidad Black, Black Premier, Metalcard Premier, Platinum, Infinite del Banco GNB Paraguay. No participan de la promoción las tarjetas de débito y crédito de afinidades Empresariales, Corporativas, Gift Card, Gourmet y Prepagas",gnb-15-0,premium,Black / Premier,,2026-12-31,,
Última Hora,Tiendas,Hasta 12 cuotas sin intereses,Todos los días,Del 05 de enero al 31 de diciembre del 2026.,Última Hora,,https://www.beneficiosbancognb.com.py/v2/beneficios/categorias/45,"tarjetas de crédito Visa y/o Mastercard de afinidades Clásica, Oro, Experience, Black, Black Premier, Metalcard Premier, Platinum e Infinite del Banco GNB Paraguay","Hasta 12 cuotas sin intereses para pagos con tarjetas de crédito Visa y/o Mastercard de afinidades Clásica, Oro, Experience, Black, Black Premier, Metalcard Premier, Platinum e Infinite del Banco GNB Paraguay. No participan de la promoción las tarjetas de débito y crédito de afinidades Empresariales, Corporativas, Gift Card, Gourmet y Prepagas. No aplica para pagos realizados a través de plataformas de terceros",gnb-45-0,base,Tarjetas elegibles,,2026-12-31,,
Automaq,Vehículos,Hasta 12 cuotas sin intereses,Todos los días,Del 05 de enero al 31 de diciembre del 2026.,Automaq,,https://www.beneficiosbancognb.com.py/v2/beneficios/categorias/53,,"Hasta 12 cuotas sin intereses para tarjetas de afinidad Clásicas, Oro, Experience, Black, Black Premier, Metalcard Premier Platinum e Infinite del Banco GNB Paraguay. No participan de la promoción las tarjetas de débito y crédito de afinidades Empresariales, Corporativas, Gift Card, Gourmet y Prepagas",gnb-53-0,base,Tarjetas elegibles,,2026-12-31,,
Grupo Garden,Vehículos,Hasta 12 cuotas sin intereses,Todos los días,Del 05 de enero al 31 de diciembre del 2026.,Grupo Garden,,https://www.beneficiosbancognb.com.py/v2/beneficios/categorias/57,,"Hasta 12 cuotas sin intereses para tarjetas de afinidad Clásicas, Oro, Experience. Black, Black Premier, Metalcard Premier, Platinum, Infinite. No participan de la promoción las tarjetas de débito y crédito de afinidades Empresariales, Corporativas, Gift Card, Gourmet y Prepagas",gnb-57-0,base,Tarjetas elegibles,,2026-12-31,,
MyShuzz,Tiendas,Hasta 6 cuotas sin intereses,Todos los días,Del 05 de enero al 31 de diciembre del 2026.,MyShuzz,,https://www.beneficiosbancognb.com.py/v2/beneficios/categorias/62,"Tarjetas de Crédito Clásicas, Oro, Experience, Black, Black Premier, Metalcard Premier, Platinum e Infinite","Hasta 6 cuotas sin intereses para pagos con Tarjetas de Crédito Clásicas, Oro, Experience, Black, Black Premier, Metalcard Premier, Platinum e Infinite. No participan de la promoción las tarjetas de débito y crédito de afinidades Empresariales, Corporativas, Gift Card, Gourmet y Prepagas",gnb-62-0,base,Tarjetas elegibles,,2026-12-31,,
La Rueda,Tiendas,Hasta 12 cuotas sin intereses,Todos los días,Del 05 de enero al 31 de diciembre del 2026.,La Rueda,,https://www.beneficiosbancognb.com.py/v2/beneficios/categorias/67,tarjetas de crédito del Banco GNB Paraguay,Hasta 12 cuotas sin intereses para tarjetas de crédito del Banco GNB Paraguay,gnb-67-0,base,Tarjetas elegibles,,2026-12-31,,
Nissei,Tecnología,Hasta 12 cuotas sin intereses,Todos los días,Del 05 de enero al 31 de diciembre del 2026.,Nissei,,https://www.beneficiosbancognb.com.py/v2/beneficios/categorias/79,tarjetas de crédito del Banco GNB Paraguay,Hasta 12 cuotas sin intereses para tarjetas de crédito del Banco GNB Paraguay,gnb-79-0,base,Tarjetas elegibles,,2026-12-31,,
Tienda Personal,Tiendas,Hasta 12 cuotas sin intereses,Todos los días,Del 05 de enero al 31 de diciembre del 2026.,Tienda Personal,,https://www.beneficiosbancognb.com.py/v2/beneficios/categorias/81,,"Hasta 12 cuotas sin intereses para tarjetas de afinidad Clásicas, Oro, Experience Black, Black Premier, Metalcard Premier, Platinum e Infinite del Banco GNB Paraguay. No participan de la promoción las tarjetas de débito y crédito de afinidades Empresariales, Corporativas, Gift Card, Gourmet y Prepagas",gnb-81-0,base,Tarjetas elegibles,,2026-12-31,,
Visuar,Tiendas,Hasta 12 cuotas sin intereses,Todos los días,Del 05 de enero al 31 de diciembre del 2026.,Visuar,,https://www.beneficiosbancognb.com.py/v2/beneficios/categorias/133,tarjetas de crédito del Banco GNB Paraguay,"Hasta 12 cuotas sin intereses para pagos con tarjetas de crédito del Banco GNB Paraguay. No participan de la promoción las tarjetas de débito y crédito de afinidades Empresariales, Corporativas, Gift Card, Gourmet y Prepagas",gnb-133-0,base,Tarjetas elegibles,,2026-12-31,,
Shopping China,Tiendas,Hasta 12 cuotas sin intereses,Todos los días,Del 05 de enero al 31 de diciembre del 2026.,Shopping China,,https://www.beneficiosbancognb.com.py/v2/beneficios/categorias/141,tarjetas de crédito del Banco GNB Paraguay,"Hasta 12 cuotas sin intereses para tarjetas de crédito del Banco GNB Paraguay. No participan de la promoción las tarjetas de débito y crédito de afinidades Empresariales, Corporativas, Gift Card, Gourmet y Prepagas. Beneficio también aplica compras vía web",gnb-141-0,base,Tarjetas elegibles,,2026-12-31,,
Electrónica y electrodomésticos,Tecnología,Hasta 12 cuotas sin intereses,Todos los días,Del 05 de enero al 31 de diciembre del 2026.,Electrónica y electrodomésticos,,https://www.beneficiosbancognb.com.py/v2/beneficios/categorias/145,tarjetas de crédito del Banco GNB Paraguay,"Hasta 12 cuotas sin intereses para tarjetas de crédito del Banco GNB Paraguay en tiendas del Rubro Electrónica y Electrodomésticos adheridas a la procesadora Bancard. Beneficio no aplica a compras vía web. No participan de la promoción las tarjetas de débito y crédito de afinidades Empresariales, Corporativas, Gift Card, Gourmet y Prepagas",gnb-145-0,base,Tarjetas elegibles,,2026-12-31,,
Alemania Cell,Tecnología,Hasta 12 cuotas sin intereses,Todos los días,Del 05 de enero al 31 de diciembre del 2026.,Alemania Cell,,https://www.beneficiosbancognb.com.py/v2/beneficios/categorias/189,tarjetas de crédito del Banco GNB Paraguay,"Hasta 12 cuotas sin intereses para pagos con tarjetas de crédito del Banco GNB Paraguay. No participan de la promoción las tarjetas de débito y crédito de afinidades Empresariales, Corporativas, Gift Card, Gourmet y Prepagas",gnb-189-0,base,Tarjetas elegibles,,2026-12-31,,
Tape Ruvicha,Tiendas,Hasta 12 cuotas sin intereses,Todos los días,Del 14 de julio al 31 de diciembre del 2026.,Tape Ruvicha,,https://www.beneficiosbancognb.com.py/v2/beneficios/categorias/212,tarjetas de crédito del Banco GNB Paraguay,"Hasta 12 cuotas sin intereses para pagos con tarjetas de crédito del Banco GNB Paraguay. No participan de la promoción las tarjetas de débito, de afinidades Empresariales, Corporativas, Gift Card, Gourmet y Prepagas",gnb-212-0,base,Tarjetas elegibles,,2026-12-31,,
Cellshop,Tecnología,Hasta 12 cuotas sin intereses,Todos los días,Del 05 de enero al 31 de diciembre del 2026.,Cellshop,,https://www.beneficiosbancognb.com.py/v2/beneficios/categorias/254,tarjetas de crédito del Banco GNB Paraguay,"Hasta 12 cuotas sin intereses para pagos con tarjetas de crédito del Banco GNB Paraguay. No participan de la promoción las tarjetas de débito y crédito de afinidades Empresariales, Corporativas, Gift Card, Gourmet y Prepagas",gnb-254-0,base,Tarjetas elegibles,,2026-12-31,,
Syrocco,Tiendas,Hasta 12 cuotas sin intereses,Todos los días,Del 07 de enero al 31 de diciembre del 2026.,Syrocco,,https://www.beneficiosbancognb.com.py/v2/beneficios/categorias/257,tarjetas de crédito del Banco GNB Paraguay,"Hasta 12 cuotas sin intereses para pagos con tarjetas de crédito del Banco GNB Paraguay. No participan de la promoción las tarjetas de débito y crédito de afinidades Empresariales, Corporativas, Gift Card, Gourmet y Prepagas",gnb-257-0,base,Tarjetas elegibles,,2026-12-31,,
Carestino,Tiendas,Hasta 12 cuotas sin intereses,Todos los días,Del 05 de enero al 31 de diciembre del 2026.,Carestino,,https://www.beneficiosbancognb.com.py/v2/beneficios/categorias/268,"tarjetas de crédito Clásicas, Oro, Experience, Black, Black Premier, Metalcard Premier, Infinite y Platinum","Hasta 12 cuotas sin intereses para las tarjetas de crédito Clásicas, Oro, Experience, Black, Black Premier, Metalcard Premier, Infinite y Platinum. No participan de la promoción las tarjetas de débito y crédito de afinidades Empresariales, Corporativas, Gift Card, Gourmet y Prepagas",gnb-268-0,base,Tarjetas elegibles,,2026-12-31,,
PSA Purificadores de Agua,Tiendas,Hasta 12 cuotas sin intereses,Todos los días,Del 05 de enero al 31 de diciembre del 2026.,PSA Purificadores de Agua,,https://www.beneficiosbancognb.com.py/v2/beneficios/categorias/269,"tarjetas de crédito Clásicas, Oro, Experience, Black, Black Premier, Metalcard Premier, Infinite y Platinum","Hasta 12 cuotas sin intereses para las tarjetas de crédito Clásicas, Oro, Experience, Black, Black Premier, Metalcard Premier, Infinite y Platinum. No participan de la promoción las tarjetas de débito y crédito de afinidades Empresariales, Corporativas, Gift Card, Gourmet y Prepagas",gnb-269-0,base,Tarjetas elegibles,,2026-12-31,,
Centros de Enseñanzas,Tiendas,Hasta 12 cuotas sin intereses,Todos los días,Del 05 de enero al 31 de diciembre del 2026.,Centros de Enseñanzas,,https://www.beneficiosbancognb.com.py/v2/beneficios/categorias/272,tarjetas de crédito del Banco GNB Paraguay,"Hasta 12 cuotas sin intereses con las tarjetas de crédito del Banco GNB Paraguay Clásica, Oro, Experience, Black, Black Premier, Metalcard Premier, Platinum e Infinite. No aplica para pagos realizados a través de plataformas de terceros",gnb-272-0,base,Tarjetas elegibles,,2026-12-31,,
ACE,Tiendas,Hasta 12 cuotas sin intereses,Todos los días,Del 14 de julio al 31 de diciembre del 2026.,ACE,,https://www.beneficiosbancognb.com.py/v2/beneficios/categorias/278,tarjetas de crédito del Banco GNB Paraguay,"Hasta 12 cuotas sin intereses para pagos con tarjetas de crédito del Banco GNB Paraguay. No participan de la promoción las tarjetas de débito, de afinidades Empresariales, Corporativas, Gift Card, Gourmet y Prepagas",gnb-278-0,base,Tarjetas elegibles,,2026-12-31,,
Mercado Digital,Tecnología,Hasta 12 cuotas sin intereses,Todos los días,Del 05 de enero al 31 de diciembre del 2026.,Mercado Digital,,https://www.beneficiosbancognb.com.py/v2/beneficios/categorias/290,tarjetas de crédito del Banco GNB Paraguay,Hasta 12 cuotas sin intereses para pagos con tarjetas de crédito del Banco GNB Paraguay,gnb-290-0,base,Tarjetas elegibles,,2026-12-31,,
Ferre Garden,Vehículos,Hasta 12 cuotas sin intereses,Todos los días,Del 05 de enero al 31 de diciembre del 2026.,Ferre Garden,,https://www.beneficiosbancognb.com.py/v2/beneficios/categorias/302,,"Hasta 12 cuotas sin intereses para tarjetas de afinidad Clásicas, Oro, Experience. Black, Black Premier, Metalcard Premier, Platinum, Infinite del Banco GNB Paraguay. No participan de la promoción las tarjetas de débito y crédito de afinidades Empresariales, Corporativas, Gift Card, Gourmet y Prepagas",gnb-302-0,base,Tarjetas elegibles,,2026-12-31,,
Nova Tire,Tiendas,Hasta 12 cuotas sin intereses,Todos los días,Del 05 de enero al 31 de diciembre del 2026.,Nova Tire,,https://www.beneficiosbancognb.com.py/v2/beneficios/categorias/303,"tarjetas de crédito Black, Black Premier, Metalcard Premier, Platinum e Infinite del Banco GNB Paraguay","Hasta 12 cuotas sin intereses para pagos con tarjetas de crédito Black, Black Premier, Metalcard Premier, Platinum e Infinite del Banco GNB Paraguay. No participan de la promoción las tarjetas de débito y crédito de afinidades Empresariales, Corporativas, Gift Card, Gourmet y Prepagas",gnb-303-0,premium,Black / Premier,,2026-12-31,,
Chacomer,Tiendas,Hasta 12 cuotas sin intereses,Todos los días,Del 06 de julio al 31 de diciembre del 2026.,Chacomer,,https://www.beneficiosbancognb.com.py/v2/beneficios/categorias/309,tarjetas de crédito del Banco GNB Paraguay,"Hasta 12 cuotas sin intereses para pagos con tarjetas de crédito del Banco GNB Paraguay. No participan de la promoción las tarjetas de débito y crédito de afinidades Empresariales, Corporativas, Gift Card, Gourmet y Prepagas",gnb-309-0,base,Tarjetas elegibles,,2026-12-31,,
Fercell,Tecnología,Hasta 12 cuotas sin intereses,Todos los días,Del 05 de enero al 31 de diciembre del 2026.,Fercell,,https://www.beneficiosbancognb.com.py/v2/beneficios/categorias/311,tarjetas de crédito del Banco GNB Paraguay,"Hasta 12 cuotas sin intereses para pagos con tarjetas de crédito del Banco GNB Paraguay. No participan de la promoción las tarjetas de débito y crédito de afinidades Empresariales, Corporativas, Gift Card, Gourmet y Prepagas",gnb-311-0,base,Tarjetas elegibles,,2026-12-31,,
Rakiura,Tiendas,Hasta 18 cuotas sin intereses,Todos los días,Del 13 de julio al 31 de diciembre del 2026.,Rakiura,,https://www.beneficiosbancognb.com.py/v2/beneficios/categorias/312,tarjetas de crédito del Banco GNB Paraguay,"Hasta 18 cuotas sin intereses para pagos con tarjetas de crédito del Banco GNB Paraguay. No participan de la promoción las tarjetas de débito, de afinidades Empresariales, Corporativas, Gift Card, Gourmet y Prepagas",gnb-312-0,base,Tarjetas elegibles,,2026-12-31,,
Moplex,Tiendas,Hasta 12 cuotas sin intereses,Todos los días,Del 05 de enero al 31 de diciembre del 2026.,Moplex,,https://www.beneficiosbancognb.com.py/v2/beneficios/categorias/317,"Tarjetas de Crédito Clásicas, Oro, Experience, Black, Black Premier, Metalcard Premier, Platinum e Infinite","Hasta 12 cuotas sin intereses para pagos con Tarjetas de Crédito Clásicas, Oro, Experience, Black, Black Premier, Metalcard Premier, Platinum e Infinite. No participan de la promoción las tarjetas de débito y crédito de afinidades Empresariales, Corporativas, Gift Card, Gourmet y Prepagas",gnb-317-0,base,Tarjetas elegibles,,2026-12-31,,
Imag,Tiendas,Hasta 12 cuotas sin intereses,Todos los días,Del 05 de enero al 31 de diciembre del 2026.,Imag,,https://www.beneficiosbancognb.com.py/v2/beneficios/categorias/321,tarjetas de crédito del Banco GNB Paraguay,"Hasta 12 cuotas sin intereses para pagos con tarjetas de crédito del Banco GNB Paraguay. No participan de la promoción las tarjetas de débito y crédito de afinidades Empresariales, Corporativas, Gift Card, Gourmet y Prepagas",gnb-321-0,base,Tarjetas elegibles,,2026-12-31,,
Colchones Trebol,Tiendas,Hasta 12 cuotas sin intereses,Todos los días,Del 05 de enero al 31 de diciembre del 2026.,Colchones Trebol,,https://www.beneficiosbancognb.com.py/v2/beneficios/categorias/326,tarjetas de crédito del Banco GNB Paraguay,"Hasta 12 cuotas sin intereses para tarjetas de crédito del Banco GNB Paraguay. No participan de la promoción las tarjetas de débito y crédito de afinidades Empresariales, Corporativas, Gift Card, Gourmet y Prepagas",gnb-326-0,base,Tarjetas elegibles,,2026-12-31,,
Todo Compras,Tiendas,Hasta 12 cuotas sin intereses,Todos los días,Del 05 de enero al 31 de diciembre del 2026.,Todo Compras,,https://www.beneficiosbancognb.com.py/v2/beneficios/categorias/333,"tarjetas de crédito Clásicas, Oro, Experience, Black, Black Premier, Metalcard Premier, Platinum e Infinite","Hasta 12 cuotas sin intereses para las tarjetas de crédito Clásicas, Oro, Experience, Black, Black Premier, Metalcard Premier, Platinum e Infinite. No participan de la promoción las tarjetas de débito y crédito de afinidades Empresariales, Corporativas, Gift Card, Gourmet y Prepagas",gnb-333-0,base,Tarjetas elegibles,,2026-12-31,,
Taller Ruschel,Vehículos,Hasta 12 cuotas sin intereses,Todos los días,Del 05 de enero al 31 de diciembre del 2026.,Taller Ruschel,,https://www.beneficiosbancognb.com.py/v2/beneficios/categorias/340,"Tarjetas de Crédito Clásicas, Oro, Experience, Black, Black Premier, Metalcard Premier, Platinum e Infinite","Hasta 12 cuotas sin intereses para pagos con Tarjetas de Crédito Clásicas, Oro, Experience, Black, Black Premier, Metalcard Premier, Platinum e Infinite",gnb-340-0,base,Tarjetas elegibles,,2026-12-31,,
Óptica Itapúa,Salud y belleza,Hasta 6 cuotas sin intereses,Todos los días,Del 05 de enero al 31 de diciembre del 2026.,Óptica Itapúa,,https://www.beneficiosbancognb.com.py/v2/beneficios/categorias/342,"Tarjetas de Crédito Clásicas, Oro, Experience, Black, Black Premier, Metalcard Premier, Platinum e Infinite","Hasta 6 cuotas sin intereses para pagos con Tarjetas de Crédito Clásicas, Oro, Experience, Black, Black Premier, Metalcard Premier, Platinum e Infinite. No participan de la promoción las tarjetas de débito y crédito de afinidades Empresariales, Corporativas, Gift Card, Gourmet y Prepagas",gnb-342-0,base,Tarjetas elegibles,,2026-12-31,,
Ferrex,Hogar y construcción,Hasta 12 cuotas sin intereses,Todos los días,Del 05 de enero al 31 de diciembre del 2026.,Ferrex,,https://www.beneficiosbancognb.com.py/v2/beneficios/categorias/351,"tarjetas de crédito Clásicas, Oro, Experience, Black, Black Premier, Metalcard Premier, Platinum e Infinite del Banco GNB Paraguay","Hasta 12 cuotas sin intereses para pagos con tarjetas de crédito Clásicas, Oro, Experience, Black, Black Premier, Metalcard Premier, Platinum e Infinite del Banco GNB Paraguay. No participan de la promoción las tarjetas de débito y crédito de afinidades Empresariales, Corporativas, Gift Card, Gourmet y Prepagas",gnb-351-0,base,Tarjetas elegibles,,2026-12-31,,
Match,Tiendas,Hasta 6 cuotas sin intereses,Todos los días,Del 05 de enero al 31 de diciembre del 2026.,Match,,https://www.beneficiosbancognb.com.py/v2/beneficios/categorias/359,tarjetas de crédito del Banco GNB Paraguay,"Hasta 6 cuotas sin intereses para pagos con tarjetas de crédito del Banco GNB Paraguay. No participan de la promoción las tarjetas de débito y crédito de afinidades Empresariales, Corporativas, Gift Card, Gourmet y Prepagas",gnb-359-0,base,Tarjetas elegibles,,2026-12-31,,
CompuMarket,Combustible,Hasta 12 cuotas sin intereses,Todos los días,Del 05 de enero al 31 de diciembre del 2026.,CompuMarket,,https://www.beneficiosbancognb.com.py/v2/beneficios/categorias/364,"tarjetas de crédito Clásicas, Oro, Experience, Black, Black Premier, Metalcard Premier, Platinum e Infinite Premier del Banco GNB Paraguay","Hasta 12 cuotas sin intereses para pagos con tarjetas de crédito Clásicas, Oro, Experience, Black, Black Premier, Metalcard Premier, Platinum e Infinite Premier del Banco GNB Paraguay",gnb-364-0,base,Tarjetas elegibles,,2026-12-31,,
Office World,Tiendas,Hasta 12 cuotas sin intereses,Todos los días,Del 05 de enero al 31 de diciembre del 2026.,Office World,,https://www.beneficiosbancognb.com.py/v2/beneficios/categorias/367,"tarjetas de crédito Black, Black Premier, Metalcard Premier, Platinum e Infinite Premier del Banco GNB Paraguay","Hasta 12 cuotas sin intereses para pagos con tarjetas de crédito Black, Black Premier, Metalcard Premier, Platinum e Infinite Premier del Banco GNB Paraguay",gnb-367-0,premium,Black / Premier,,2026-12-31,,
Go Fit Gym,Entretenimiento,Hasta 12 cuotas sin intereses,Todos los días,Del 21 de enero al 31 de diciembre del 2026.,Go Fit Gym,,https://www.beneficiosbancognb.com.py/v2/beneficios/categorias/368,tarjetas de crédito del Banco GNB Paraguay,Hasta 12 cuotas sin intereses para pagos con tarjetas de crédito del Banco GNB Paraguay,gnb-368-0,base,Tarjetas elegibles,,2026-12-31,,
Asismed,Tiendas,Hasta 12 cuotas sin intereses,Todos los días,Del 05 de enero al 31 de diciembre del 2026.,Asismed,,https://www.beneficiosbancognb.com.py/v2/beneficios/categorias/369,tarjetas de crédito Oro y Experience del Banco GNB Paraguay,Hasta 12 cuotas sin intereses para pagos en los planes “Exclusivo Superior” y “VIP Plus Superior” con tarjetas de crédito Oro y Experience del Banco GNB Paraguay,gnb-369-0,base,Tarjetas elegibles,,2026-12-31,,
Asismed,Tiendas,Hasta 12 cuotas sin intereses,Todos los días,Del 05 de enero al 31 de diciembre del 2026.,Asismed,,https://www.beneficiosbancognb.com.py/v2/beneficios/categorias/369,"tarjetas de crédito Black, Black Premier, Metalcard Premier, Platinum e Infinite Premier del Banco GNB Paraguay","Hasta 12 cuotas sin intereses para pagos en el plan “Premium Asismed” con tarjetas de crédito Black, Black Premier, Metalcard Premier, Platinum e Infinite Premier del Banco GNB Paraguay",gnb-369-1,premium,Black / Premier,,2026-12-31,,
Fermaco,Tiendas,Hasta 12 cuotas sin intereses,Todos los días,Del 05 de enero al 31 de diciembre del 2026.,Fermaco,,https://www.beneficiosbancognb.com.py/v2/beneficios/categorias/373,,"Hasta 12 cuotas sin intereses para tarjetas de afinidad Clásicas, Oro, Experience. Black, Black Premier, Metalcard Premier, Platinum e Infinite Premier del Banco GNB Paraguay. No participan de la promoción las tarjetas de débito y crédito de afinidades Empresariales, Corporativas, Gift Card, Gourmet y Prepagas",gnb-373-0,base,Tarjetas elegibles,,2026-12-31,,
De La Paz Art&Co,Tiendas,Hasta 12 cuotas sin intereses,Todos los días,Del 05 de enero al 31 de diciembre del 2026.,De La Paz Art&Co,,https://www.beneficiosbancognb.com.py/v2/beneficios/categorias/379,tarjetas de crédito del Banco GNB Paraguay,"Hasta 12 cuotas sin intereses para pagos con tarjetas de crédito del Banco GNB Paraguay. Beneficio también aplica a compras vía web. No participan de la promoción las tarjetas de débito y crédito de afinidades Empresariales, Corporativas, Gift Card, Gourmet y Prepagas",gnb-379-0,base,Tarjetas elegibles,,2026-12-31,,
Bristol,Tiendas,Hasta 12 cuotas sin intereses,Todos los días,Del 05 de enero al 31 de diciembre del 2026.,Bristol,,https://www.beneficiosbancognb.com.py/v2/beneficios/categorias/387,,"Hasta 12 cuotas sin intereses para tarjetas de afinidad Clásicas, Oro, Experience. Black, Black Premier, Metalcard Premier, Platinum, Infinite del Banco GNB Paraguay. No participan de la promoción las tarjetas de débito y crédito de afinidades Empresariales, Corporativas, Gift Card, Gourmet y Prepagas",gnb-387-0,base,Tarjetas elegibles,,2026-12-31,,
Keeper,Tiendas,Hasta 12 cuotas sin intereses,Todos los días,Del 05 de enero al 31 de diciembre del 2026.,Keeper,,https://www.beneficiosbancognb.com.py/v2/beneficios/categorias/397,"tarjetas de crédito Clásicas, Oro, Experience, Black, Black Premier, Metalcard Premier, Platinum e Infinite del Banco GNB Paraguay","Hasta 12 cuotas sin intereses para pagos con tarjetas de crédito Clásicas, Oro, Experience, Black, Black Premier, Metalcard Premier, Platinum e Infinite del Banco GNB Paraguay. No participan de la promoción las tarjetas de débito y crédito de afinidades Empresariales, Corporativas, Gift Card, Gourmet y Prepagas",gnb-397-0,base,Tarjetas elegibles,,2026-12-31,,
All Office,Tiendas,Hasta 12 cuotas sin intereses,Todos los días,Del 05 de enero al 31 de diciembre del 2026.,All Office,,https://www.beneficiosbancognb.com.py/v2/beneficios/categorias/398,,"Hasta 12 cuotas sin intereses para tarjetas de afinidad Clásicas, Oro, Experience. Black, Black Premier, Metalcard Premier, Platinum e Infinite Premier del Banco GNB Paraguay. No participan de la promoción las tarjetas de débito y crédito de afinidades Empresariales, Corporativas, Gift Card, Gourmet y Prepagas",gnb-398-0,base,Tarjetas elegibles,,2026-12-31,,
Cafexpress,Tiendas,Hasta 12 cuotas sin intereses,Todos los días,Del 19 de marzo al 31 de diciembre del 2026.,Cafexpress,,https://www.beneficiosbancognb.com.py/v2/beneficios/categorias/399,,"Hasta 12 cuotas sin intereses para tarjetas de afinidad Clásicas, Oro, Experience. Black, Black Premier, Metalcard Premier, Platinum, Infinite del Banco GNB Paraguay. No participan de la promoción las tarjetas de débito y crédito de afinidades Empresariales, Corporativas, Gift Card, Gourmet y Prepagas",gnb-399-0,base,Tarjetas elegibles,,2026-12-31,,
Claro Paraguay,Tiendas,Hasta 12 cuotas sin intereses,Todos los días,Del 05 de enero al 31 de diciembre del 2026.,Claro Paraguay,,https://www.beneficiosbancognb.com.py/v2/beneficios/categorias/405,"tarjetas de crédito Clásicas, Oro, Experience, Black, Black Premier, Metalcard Premier, Infinite y Platinum","Hasta 12 cuotas sin intereses para las tarjetas de crédito Clásicas, Oro, Experience, Black, Black Premier, Metalcard Premier, Infinite y Platinum. No participan de la promoción las tarjetas de débito y crédito de afinidades Empresariales, Corporativas, Gift Card, Gourmet y Prepagas",gnb-405-0,base,Tarjetas elegibles,,2026-12-31,,
Clínica Arco,Salud y belleza,Hasta 12 cuotas sin intereses,Todos los días,Del 05 de enero al 31 de diciembre del 2026.,Clínica Arco,,https://www.beneficiosbancognb.com.py/v2/beneficios/categorias/406,"tarjetas de crédito Clásicas, Oro, Experience, Black, Black Premier, Metalcard Premier, Infinite y Platinum","Hasta 12 cuotas sin intereses para las tarjetas de crédito Clásicas, Oro, Experience, Black, Black Premier, Metalcard Premier, Infinite y Platinum. No participan de la promoción las tarjetas de débito y crédito de afinidades Empresariales, Corporativas, Gift Card, Gourmet y Prepagas",gnb-406-0,base,Tarjetas elegibles,,2026-12-31,,
Metal Center,Tiendas,Hasta 12 cuotas sin intereses,Todos los días,Del 23 de febrero al 31 de diciembre del 2026.,Metal Center,,https://www.beneficiosbancognb.com.py/v2/beneficios/categorias/412,"tarjetas de crédito Clásicas, Oro, Experience, Black, Black Premier, Metalcard Premier, Platinum e Infinite del Banco GNB Paraguay","Hasta 12 cuotas sin intereses para pagos con tarjetas de crédito Clásicas, Oro, Experience, Black, Black Premier, Metalcard Premier, Platinum e Infinite del Banco GNB Paraguay. No participan de la promoción las tarjetas de débito y crédito de afinidades Empresariales, Corporativas, Gift Card, Gourmet y Prepagas",gnb-412-0,base,Tarjetas elegibles,,2026-12-31,,
Solucion Lab,Tiendas,Hasta 12 cuotas sin intereses,Todos los días,Del 05 de enero al 31 de diciembre del 2026.,Solucion Lab,,https://www.beneficiosbancognb.com.py/v2/beneficios/categorias/424,tarjetas de crédito del Banco GNB Paraguay,"Hasta 12 cuotas sin intereses para tarjetas de crédito del Banco GNB Paraguay. Pagos realizados con tarjetas de crédito física y/o QR en POS adheridos a la procesadora Bancard. No participan de la promoción l as tarjetas de débito y crédito de afinidades Empresariales, Corporativas, Gift Card, Gourmet y Prepagas",gnb-424-0,base,Tarjetas elegibles,,2026-12-31,,
Ediciones Técnicas Paraguayas,Tiendas,Hasta 12 cuotas sin intereses,Todos los días,Del 05 de enero al 31 de diciembre del 2026.,Ediciones Técnicas Paraguayas,,https://www.beneficiosbancognb.com.py/v2/beneficios/categorias/428,tarjetas de crédito Mastercard del Banco GNB Paraguay,"Hasta 12 cuotas sin intereses para pagos con tarjetas de crédito Mastercard del Banco GNB Paraguay. No participan de la promoción las tarjetas de débito y crédito; Visa, de afinidades Empresariales, Corporativas, Gift Card, Gourmet y Prepagas",gnb-428-0,base,Tarjetas elegibles,,2026-12-31,,
La Bella Cucina,Tiendas,Hasta 12 cuotas sin intereses,Todos los días,Del 05 de enero al 31 de diciembre del 2026.,La Bella Cucina,,https://www.beneficiosbancognb.com.py/v2/beneficios/categorias/435,tarjetas de crédito del Banco GNB Paraguay,"Hasta 12 cuotas sin intereses para pagos con tarjetas de crédito del Banco GNB Paraguay. No participan de la promoción las tarjetas de débito y crédito de afinidades Empresariales, Corporativas, Gift Card, Gourmet y Prepagas",gnb-435-0,base,Tarjetas elegibles,,2026-12-31,,
Jardín de la Paz,Hogar y construcción,Hasta 12 cuotas sin intereses,Todos los días,Del 05 de enero al 31 de diciembre del 2026.,Jardín de la Paz,,https://www.beneficiosbancognb.com.py/v2/beneficios/categorias/441,"tarjetas de crédito Clásicas, Oro, Experience, Black, Black Premier, Metalcard Premier, Platinum e Infinite del Banco GNB Paraguay","Hasta 12 cuotas sin intereses para pagos con tarjetas de crédito Clásicas, Oro, Experience, Black, Black Premier, Metalcard Premier, Platinum e Infinite del Banco GNB Paraguay. No participan de la promoción las tarjetas de débito y crédito de afinidades Empresariales, Corporativas, Gift Card, Gourmet y Prepagas",gnb-441-0,base,Tarjetas elegibles,,2026-12-31,,
Oral Studio,Tiendas,Hasta 12 cuotas sin intereses,Todos los días,Del 05 de enero al 31 de diciembre del 2026.,Oral Studio,,https://www.beneficiosbancognb.com.py/v2/beneficios/categorias/442,tarjetas de crédito del Banco GNB Paraguay,"Hasta 12 cuotas sin intereses para tarjetas de crédito del Banco GNB Paraguay. No participan de la promoción las tarjetas de débito y crédito; de afinidades Empresariales, Corporativas, Gift Card, Gourmet y Prepagas",gnb-442-0,base,Tarjetas elegibles,,2026-12-31,,
Aqualar,Tiendas,Hasta 12 cuotas sin intereses,Todos los días,Del 05 de enero al 31 de diciembre del 2026.,Aqualar,,https://www.beneficiosbancognb.com.py/v2/beneficios/categorias/443,,"Hasta 12 cuotas sin intereses para tarjetas de afinidad Oro, Experience. Black, Black Premier, Metalcard Premier, Platinum, Infinite del Banco GNB Paraguay. No participan de la promoción las tarjetas de débito y crédito; Clásicas, de afinidades Empresariales, Corporativas, Gift Card, Gourmet y Prepagas",gnb-443-0,base,Tarjetas elegibles,,2026-12-31,,
COM-PAR,Tiendas,Hasta 12 cuotas sin intereses,Todos los días,Del 05 de enero al 31 de diciembre del 2026.,COM-PAR,,https://www.beneficiosbancognb.com.py/v2/beneficios/categorias/444,tarjetas de crédito del Banco GNB Paraguay,"Hasta 12 cuotas sin intereses para tarjetas de crédito del Banco GNB Paraguay. No participan de la promoción las tarjetas de débito y crédito; de afinidades Empresariales, Corporativas, Gift Card, Gourmet y Prepagas",gnb-444-0,base,Tarjetas elegibles,,2026-12-31,,
Wellness Clinic,Tiendas,Hasta 12 cuotas sin intereses,Todos los días,Del 05 de enero al 31 de diciembre del 2026.,Wellness Clinic,,https://www.beneficiosbancognb.com.py/v2/beneficios/categorias/458,"tarjetas de crédito Clásicas, Oro, Experience, Black, Black Premier, Metalcard Premier, Infinite y Platinum del Banco GNB Paraguay","Hasta 12 cuotas sin intereses para las tarjetas de crédito Clásicas, Oro, Experience, Black, Black Premier, Metalcard Premier, Infinite y Platinum del Banco GNB Paraguay. No participan de la promoción las tarjetas de débito y crédito de afinidades Empresariales, Corporativas, Gift Card, Gourmet y Prepagas",gnb-458-0,base,Tarjetas elegibles,,2026-12-31,,
Sanisart,Tiendas,Hasta 12 cuotas sin intereses,Todos los días,Del 1 de febrero al 31 de diciembre del 2026.,Sanisart,,https://www.beneficiosbancognb.com.py/v2/beneficios/categorias/470,"tarjetas de crédito Clásicas, Oro, Experience, Black, Black Premier, Metalcard Premier, Platinum e Infinite del Banco GNB Paraguay","Hasta 12 cuotas sin intereses para pagos con tarjetas de crédito Clásicas, Oro, Experience, Black, Black Premier, Metalcard Premier, Platinum e Infinite del Banco GNB Paraguay. No participan de la promoción las tarjetas de débito y crédito de afinidades Empresariales, Corporativas, Gift Card, Gourmet y Prepagas",gnb-470-0,base,Tarjetas elegibles,,2026-12-31,,
Bellisima,Tiendas,Hasta 12 cuotas sin intereses,Todos los días,Del 22 de enero al 31 de diciembre del 2026.,Bellisima,,https://www.beneficiosbancognb.com.py/v2/beneficios/categorias/476,"tarjetas de crédito Clásicas, Oro, Experience, Black, Black Premier, Metalcard Premier, Platinum e Infinite del Banco GNB Paraguay","Hasta 12 cuotas sin intereses para pagos con tarjetas de crédito Clásicas, Oro, Experience, Black, Black Premier, Metalcard Premier, Platinum e Infinite del Banco GNB Paraguay. No participan de la promoción las tarjetas de débito y crédito de afinidades Empresariales, Corporativas, Gift Card, Gourmet y Prepagas. La promoción también aplica a compras vía web",gnb-476-0,base,Tarjetas elegibles,,2026-12-31,,
Inoga,Tiendas,Hasta 12 cuotas sin intereses,Todos los días,Del 05 de enero al 31 de diciembre del 2026.,Inoga,,https://www.beneficiosbancognb.com.py/v2/beneficios/categorias/478,"tarjetas de crédito Visa y/o Mastercard de afinidades Clásica, Oro, Experience, Black, Black Premier, Metalcard Premier, Platinum e Infinite del Banco GNB Paraguay","Hasta 12 cuotas sin intereses para pagos con tarjetas de crédito Visa y/o Mastercard de afinidades Clásica, Oro, Experience, Black, Black Premier, Metalcard Premier, Platinum e Infinite del Banco GNB Paraguay. No participan de la promoción las tarjetas de débito y crédito de afinidades Empresariales, Corporativas, Gift Card, Gourmet y Prepagas",gnb-478-0,base,Tarjetas elegibles,,2026-12-31,,
Luminotecnia,Tiendas,Hasta 12 cuotas sin intereses,Todos los días,Del 05 de enero al 31 de diciembre del 2026.,Luminotecnia,,https://www.beneficiosbancognb.com.py/v2/beneficios/categorias/481,,"Hasta 12 cuotas sin intereses para tarjetas de afinidad Clásicas, Oro, Experience. Black, Black Premier, Metalcard Premier, Platinum e Infinite Premier del Banco GNB Paraguay. No participan de la promoción las tarjetas de débito y crédito de afinidades Empresariales, Corporativas, Gift Card, Gourmet y Prepagas",gnb-481-0,base,Tarjetas elegibles,,2026-12-31,,
Gadget,Tecnología,Hasta 12 cuotas sin intereses,Todos los días,Del 16 de marzo al 30 de noviembre del 2026.,Gadget,,https://www.beneficiosbancognb.com.py/v2/beneficios/categorias/500,"tarjetas de crédito Clásicas, Oro, Experience, Black, Black Premier, Metalcard Premier, Platinum e Infinite del Banco GNB Paraguay","Hasta 12 cuotas sin intereses para pagos con tarjetas de crédito Clásicas, Oro, Experience, Black, Black Premier, Metalcard Premier, Platinum e Infinite del Banco GNB Paraguay. No participan de la promoción las tarjetas de débito y crédito de afinidades Empresariales, Corporativas, Gift Card, Gourmet y Prepagas",gnb-500-0,base,Tarjetas elegibles,,2026-11-30,,
De La Sobera,Tiendas,Hasta 12 cuotas sin intereses,Todos los días,Del 05 de enero al 31 de diciembre del 2026.,De La Sobera,,https://www.beneficiosbancognb.com.py/v2/beneficios/categorias/502,,"Hasta 12 cuotas sin intereses para tarjetas de afinidad Clásicas, Oro, Experience. Black, Black Premier, Metalcard Premier, Platinum e Infinite Premier del Banco GNB Paraguay. No participan de la promoción las tarjetas de débito y crédito de afinidades Empresariales, Corporativas, Gift Card, Gourmet y Prepagas",gnb-502-0,base,Tarjetas elegibles,,2026-12-31,,
Prestigio Muebles,Hogar y construcción,Hasta 12 cuotas sin intereses,Todos los días,Del 05 de enero al 31 de diciembre del 2026.,Prestigio Muebles,,https://www.beneficiosbancognb.com.py/v2/beneficios/categorias/503,,"Hasta 12 cuotas sin intereses para tarjetas de afinidad Clásicas, Oro, Experience. Black, Black Premier, Metalcard Premier, Platinum e Infinite Premier del Banco GNB Paraguay. No participan de la promoción las tarjetas de débito y crédito de afinidades Empresariales, Corporativas, Gift Card, Gourmet y Prepagas",gnb-503-0,base,Tarjetas elegibles,,2026-12-31,,
Odontología 3,Salud y belleza,Hasta 12 cuotas sin intereses,Todos los días,Del 05 de enero al 31 de diciembre del 2026.,Odontología 3,,https://www.beneficiosbancognb.com.py/v2/beneficios/categorias/504,,"Hasta 12 cuotas sin intereses para tarjetas de afinidad Clásicas, Oro, Experience. Black, Black Premier, Metalcard Premier, Platinum e Infinite Premier del Banco GNB Paraguay. No participan de la promoción las tarjetas de débito y crédito de afinidades Empresariales, Corporativas, Gift Card, Gourmet y Prepagas",gnb-504-0,base,Tarjetas elegibles,,2026-12-31,,
Fortezza,Tiendas,Hasta 12 cuotas sin intereses,Todos los días,Del 05 de enero al 31 de diciembre del 2026.,Fortezza,,https://www.beneficiosbancognb.com.py/v2/beneficios/categorias/505,,"Hasta 12 cuotas sin intereses para tarjetas de afinidad Clásicas, Oro, Experience. Black, Black Premier, Metalcard Premier, Platinum e Infinite Premier del Banco GNB Paraguay. No participan de la promoción las tarjetas de débito y crédito de afinidades Empresariales, Corporativas, Gift Card, Gourmet y Prepagas",gnb-505-0,base,Tarjetas elegibles,,2026-12-31,,
Paraná Hogar,Hogar y construcción,Hasta 12 cuotas sin intereses,Todos los días,Del 15 de enero al 31 de diciembre del 2026.,Paraná Hogar,,https://www.beneficiosbancognb.com.py/v2/beneficios/categorias/506,"tarjetas de crédito Visa y/o Mastercard de afinidades Clásica, Oro, Experience, Black, Black Premier, Metalcard Premier, Platinum e Infinite del Banco GNB Paraguay","Hasta 12 cuotas sin intereses para pagos con tarjetas de crédito Visa y/o Mastercard de afinidades Clásica, Oro, Experience, Black, Black Premier, Metalcard Premier, Platinum e Infinite del Banco GNB Paraguay. No participan de la promoción las tarjetas de débito y crédito de afinidades Empresariales, Corporativas, Gift Card, Gourmet y Prepagas. No aplica para pagos realizados a través de plataformas de terceros",gnb-506-0,base,Tarjetas elegibles,,2026-12-31,,
Emtop Store,Tiendas,Hasta 12 cuotas sin intereses,Todos los días,Del 05 de enero al 31 de diciembre del 2026.,Emtop Store,,https://www.beneficiosbancognb.com.py/v2/beneficios/categorias/512,tarjetas de crédito del Banco GNB Paraguay,"Hasta 12 cuotas sin intereses para pagos con tarjetas de crédito del Banco GNB Paraguay. No participan de la promoción las tarjetas de débito y crédito de afinidades Empresariales, Corporativas, Gift Card, Gourmet y Prepagas",gnb-512-0,base,Tarjetas elegibles,,2026-12-31,,
Impacto,Tiendas,Hasta 12 cuotas sin intereses,Todos los días,Del 05 de enero al 31 de diciembre del 2026.,Impacto,,https://www.beneficiosbancognb.com.py/v2/beneficios/categorias/516,tarjetas de crédito del Banco GNB Paraguay,"Hasta 12 cuotas sin intereses para pagos con tarjetas de crédito del Banco GNB Paraguay. No participan de la promoción las tarjetas de débito y crédito de afinidades Empresariales, Corporativas, Gift Card, Gourmet y Prepagas",gnb-516-0,base,Tarjetas elegibles,,2026-12-31,,
OneRide,Tiendas,Hasta 12 cuotas sin intereses,Todos los días,Del 05 de enero al 31 de diciembre del 2026.,OneRide,,https://www.beneficiosbancognb.com.py/v2/beneficios/categorias/523,tarjetas de crédito del Banco GNB Paraguay,"Hasta 12 cuotas sin intereses para pagos con tarjetas de crédito del Banco GNB Paraguay. No participan de la promoción las tarjetas de débito y crédito de afinidades Empresariales, Corporativas, Gift Card, Gourmet y Prepagas",gnb-523-0,base,Tarjetas elegibles,,2026-12-31,,
Margraf,Tiendas,Hasta 12 cuotas sin intereses,Todos los días,Del 05 de enero al 31 de diciembre del 2026.,Margraf,,https://www.beneficiosbancognb.com.py/v2/beneficios/categorias/527,,"Hasta 12 cuotas sin intereses para tarjetas de afinidad Clásicas, Oro, Experience. Black, Black Premier, Metalcard Premier, Platinum e Infinite Premier del Banco GNB Paraguay. No participan de la promoción las tarjetas de débito y crédito de afinidades Empresariales, Corporativas, Gift Card, Gourmet y Prepagas",gnb-527-0,base,Tarjetas elegibles,,2026-12-31,,
Shopping Herrajes,Tiendas,Hasta 12 cuotas sin intereses,Todos los días,Del 14 de enero al 31 de diciembre del 2026.,Shopping Herrajes,,https://www.beneficiosbancognb.com.py/v2/beneficios/categorias/529,,"Hasta 12 cuotas sin intereses para tarjetas de afinidad Clásicas, Oro, Experience. Black, Black Premier, Metalcard Premier, Platinum e Infinite Premier del Banco GNB Paraguay. No participan de la promoción las tarjetas de débito y crédito de afinidades Empresariales, Corporativas, Gift Card, Gourmet y Prepagas",gnb-529-0,base,Tarjetas elegibles,,2026-12-31,,
Music Hall,Tiendas,Hasta 12 cuotas sin intereses,Todos los días,Del 05 de enero al 31 de diciembre del 2026.,Music Hall,,https://www.beneficiosbancognb.com.py/v2/beneficios/categorias/530,tarjetas de crédito del Banco GNB Paraguay,"Hasta 12 cuotas sin intereses para pagos con tarjetas de crédito del Banco GNB Paraguay. No participan de la promoción las tarjetas de débito, de afinidades Empresariales, Corporativas, Gift Card, Gourmet y Prepagas",gnb-530-0,base,Tarjetas elegibles,,2026-12-31,,
Master Shop,Tiendas,Hasta 12 cuotas sin intereses,Todos los días,Del 05 de enero al 31 de diciembre del 2026.,Master Shop,,https://www.beneficiosbancognb.com.py/v2/beneficios/categorias/532,,"Hasta 12 cuotas sin intereses para tarjetas de afinidad Clásicas, Oro, Experience. Black, Black Premier, Metalcard Premier, Platinum e Infinite Premier del Banco GNB Paraguay. No participan de la promoción las tarjetas de débito y crédito de afinidades Empresariales, Corporativas, Gift Card, Gourmet y Prepagas",gnb-532-0,base,Tarjetas elegibles,,2026-12-31,,
24.7 Materiales Eléctricos,Tiendas,Hasta 12 cuotas sin intereses,Todos los días,Del 05 de enero al 31 de diciembre del 2026.,24.7 Materiales Eléctricos,,https://www.beneficiosbancognb.com.py/v2/beneficios/categorias/536,,"Hasta 12 cuotas sin intereses para tarjetas de afinidad Clásicas, Oro, Experience. Black, Black Premier, Metalcard Premier, Platinum e Infinite Premier del Banco GNB Paraguay. No participan de la promoción las tarjetas de débito y crédito de afinidades Empresariales, Corporativas, Gift Card, Gourmet y Prepagas",gnb-536-0,base,Tarjetas elegibles,,2026-12-31,,
Puerto Liebig,Tiendas,Hasta 12 cuotas sin intereses,Todos los días,Del 14 de enero al 31 de diciembre del 2026.,Puerto Liebig,,https://www.beneficiosbancognb.com.py/v2/beneficios/categorias/554,,"Hasta 12 cuotas sin intereses para tarjetas de afinidad Clásicas, Oro, Experience. Black, Black Premier, Metalcard Premier, Platinum e Infinite Premier del Banco GNB Paraguay. No participan de la promoción las tarjetas de débito y crédito de afinidades Empresariales, Corporativas, Gift Card, Gourmet y Prepagas",gnb-554-0,base,Tarjetas elegibles,,2026-12-31,,
Friopar,Tiendas,Hasta 12 cuotas sin intereses,Todos los días,Del 19 de enero al 31 de diciembre del 2026.,Friopar,,https://www.beneficiosbancognb.com.py/v2/beneficios/categorias/561,,"Hasta 12 cuotas sin intereses para tarjetas de afinidad Clásicas, Oro, Experience. Black, Black Premier, Metalcard Premier, Platinum e Infinite Premier del Banco GNB Paraguay. No participan de la promoción las tarjetas de débito y crédito de afinidades Empresariales, Corporativas, Gift Card, Gourmet y Prepagas",gnb-561-0,base,Tarjetas elegibles,,2026-12-31,,
Casa Imperial,Tiendas,Hasta 12 cuotas sin intereses,Todos los días,Del 28 de enero al 31 de diciembre del 2026.,Casa Imperial,,https://www.beneficiosbancognb.com.py/v2/beneficios/categorias/564,,"Hasta 12 cuotas sin intereses para tarjetas de afinidad Clásicas, Oro, Experience. Black, Black Premier, Metalcard Premier, Platinum e Infinite Premier del Banco GNB Paraguay. No participan de la promoción las tarjetas de débito y crédito de afinidades Empresariales, Corporativas, Gift Card, Gourmet y Prepagas",gnb-564-0,base,Tarjetas elegibles,,2026-12-31,,
Cycles Shop,Tiendas,Hasta 6 cuotas sin intereses,Todos los días,Del 01 de marzo al 31 de diciembre del 2026.,Cycles Shop,,https://www.beneficiosbancognb.com.py/v2/beneficios/categorias/590,,"Hasta 6 cuotas sin intereses para tarjetas de afinidad Oro, Experience. Black, Black Premier, Metalcard Premier, Platinum, Infinite del Banco GNB Paraguay. No participan de la promoción las tarjetas de débito y crédito; Clásicas, de afinidades Empresariales, Corporativas, Gift Card, Gourmet y Prepagas",gnb-590-0,base,Tarjetas elegibles,,2026-12-31,,
Tigo,Tiendas,Hasta 12 cuotas sin intereses,Todos los días,Del 05 de enero al 31 de diciembre del 2026.,Tigo,,https://www.beneficiosbancognb.com.py/v2/beneficios/categorias/594,tarjetas de crédito del Banco GNB Paraguay,"Hasta 12 cuotas sin intereses para pagos con tarjetas de crédito del Banco GNB Paraguay. No participan de la promoción las tarjetas de débito, de afinidades Empresariales, Corporativas, Gift Card, Gourmet y Prepagas",gnb-594-0,base,Tarjetas elegibles,,2026-12-31,,
Siegen,Tiendas,Hasta 12 cuotas sin intereses,Todos los días,Del 09 de marzo al 31 de diciembre del 2026.,Siegen,,https://www.beneficiosbancognb.com.py/v2/beneficios/categorias/595,tarjetas de crédito del Banco GNB Paraguay,"Hasta 12 cuotas sin intereses para pagos realizados con las tarjetas de crédito del Banco GNB Paraguay. No participan de la promoción las tarjetas de débito y crédito; afinidades Empresariales, Corporativas, Gift Card, Gourmet y Prepagas",gnb-595-0,base,Tarjetas elegibles,,2026-12-31,,
Casa Liz,Tiendas,Hasta 12 cuotas sin intereses,Todos los días,Del 19 de febrero al 31 de diciembre del 2026.,Casa Liz,,https://www.beneficiosbancognb.com.py/v2/beneficios/categorias/596,tarjetas de crédito del Banco GNB Paraguay,"Hasta 12 cuotas sin intereses para pagos con tarjetas de crédito del Banco GNB Paraguay. No participan de la promoción las tarjetas de débito, de afinidades Empresariales, Corporativas, Gift Card, Gourmet y Prepagas",gnb-596-0,base,Tarjetas elegibles,,2026-12-31,,
CBC Muebles,Hogar y construcción,Hasta 12 cuotas sin intereses,Todos los días,Del 10 de abril al 31 de diciembre del 2026.,CBC Muebles,,https://www.beneficiosbancognb.com.py/v2/beneficios/categorias/608,tarjetas de crédito del Banco GNB Paraguay,"Hasta 12 cuotas sin intereses para pagos con tarjetas de crédito del Banco GNB Paraguay. No participan de la promoción las tarjetas de débito, de afinidades Empresariales, Corporativas, Gift Card, Gourmet y Prepagas",gnb-608-0,base,Tarjetas elegibles,,2026-12-31,,
Monte Serra Furniture,Tiendas,Hasta 12 cuotas sin intereses,Todos los días,Del 27 de abril al 31 de diciembre del 2026.,Monte Serra Furniture,,https://www.beneficiosbancognb.com.py/v2/beneficios/categorias/613,tarjetas de crédito del Banco GNB Paraguay,"Hasta 12 cuotas sin intereses para pagos con tarjetas de crédito del Banco GNB Paraguay. No participan de la promoción las tarjetas de débito, de afinidades Empresariales, Corporativas, Gift Card, Gourmet y Prepagas",gnb-613-0,base,Tarjetas elegibles,,2026-12-31,,
Maxicolor,Tiendas,Hasta 12 cuotas sin intereses,Todos los días,Del 11 de junio al 31 de diciembre del 2026.,Maxicolor,,https://www.beneficiosbancognb.com.py/v2/beneficios/categorias/628,,"Hasta 12 cuotas sin intereses para tarjetas de afinidad Oro, Experience. Black, Black Premier, Metalcard Premier, Platinum, Infinite del Banco GNB Paraguay. No participan de la promoción las tarjetas de débito y crédito; Clásicas, de afinidades Empresariales, Corporativas, Gift Card, Gourmet y Prepagas",gnb-628-0,base,Tarjetas elegibles,,2026-12-31,,
Distribuidora Jasy,Tiendas,Hasta 12 cuotas sin intereses,Todos los días,Del 11 de junio al 31 de diciembre del 2026.,Distribuidora Jasy,,https://www.beneficiosbancognb.com.py/v2/beneficios/categorias/629,,"Hasta 12 cuotas sin intereses para tarjetas de afinidad Oro, Experience. Black, Black Premier, Metalcard Premier, Platinum, Infinite del Banco GNB Paraguay. No participan de la promoción las tarjetas de débito y crédito; Clásicas, de afinidades Empresariales, Corporativas, Gift Card, Gourmet y Prepagas",gnb-629-0,base,Tarjetas elegibles,,2026-12-31,,
Neupar,Tiendas,Hasta 12 cuotas sin intereses,Todos los días,Del 25 de junio al 31 de diciembre del 2026.,Neupar,,https://www.beneficiosbancognb.com.py/v2/beneficios/categorias/636,tarjetas de crédito del Banco GNB Paraguay,"Hasta 12 cuotas sin intereses para tarjetas de crédito del Banco GNB Paraguay. No participan de la promoción las tarjetas de débito, crédito de afinidades Empresariales, Corporativas, Gift Card, Gourmet y Prepagas. No aplica para pagos realizados a través de plataformas de terceros y/o e-commerce",gnb-636-0,base,Tarjetas elegibles,,2026-12-31,,
Microfal,Tiendas,Hasta 12 cuotas sin intereses,Todos los días,Del 21 de julio al 31 de diciembre del 2026.,Microfal,,https://www.beneficiosbancognb.com.py/v2/beneficios/categorias/641,tarjetas de crédito del Banco GNB Paraguay,"Hasta 12 cuotas sin intereses con las tarjetas de crédito del Banco GNB Paraguay. No participan de la promoción las tarjetas de débito y crédito de afinidades Empresariales, Corporativas, Gift Card, Gourmet y Prepagas",gnb-641-0,base,Tarjetas elegibles,,2026-12-31,,
Maquicenter,Tiendas,Hasta 12 cuotas sin intereses,Todos los días,Del 21 de julio al 31 de diciembre del 2026.,Maquicenter,,https://www.beneficiosbancognb.com.py/v2/beneficios/categorias/642,tarjetas de crédito del Banco GNB Paraguay,"Hasta 12 cuotas sin intereses con las tarjetas de crédito del Banco GNB Paraguay. No participan de la promoción las tarjetas de débito y crédito de afinidades Empresariales, Corporativas, Gift Card, Gourmet y Prepagas",gnb-642-0,base,Tarjetas elegibles,,2026-12-31,,
Protek,Tiendas,Hasta 12 cuotas sin intereses,Todos los días,Del 30 de julio al 31 de diciembre del 2026.,Protek,,https://www.beneficiosbancognb.com.py/v2/beneficios/categorias/646,tarjetas de crédito del Banco GNB,"Hasta 12 cuotas sin intereses para pagos con tarjetas de crédito del Banco GNB. No participan de la promoción las tarjetas de débito y crédito de afinidades Empresariales, Corporativas, Gift Card, Gourmet y Prepagas",gnb-646-0,base,Tarjetas elegibles,,2026-12-31,,
Clínica Santa María,Salud y belleza,Hasta 12 cuotas sin intereses,Todos los días,Del 06 de agosto al 31 de diciembre del 2026.,Clínica Santa María,,https://www.beneficiosbancognb.com.py/v2/beneficios/categorias/647,tarjetas de crédito del Banco GNB Paraguay,"Hasta 12 cuotas sin intereses para tarjetas de crédito del Banco GNB Paraguay. No participan de la promoción las tarjetas de débito, crédito de afinidades Empresariales, Corporativas, Gift Card, Gourmet y Prepagas. No aplica para pagos realizados a través de plataformas de terceros y/o e-commerce",gnb-647-0,base,Tarjetas elegibles,,2026-12-31,,
Powersol,Tiendas,Hasta 12 cuotas sin intereses,Todos los días,Del 06 de agosto al 31 de diciembre del 2026.,Powersol,,https://www.beneficiosbancognb.com.py/v2/beneficios/categorias/648,tarjetas de crédito del Banco GNB Paraguay,"Hasta 12 cuotas sin intereses para tarjetas de crédito del Banco GNB Paraguay. No participan de la promoción las tarjetas de débito, crédito de afinidades Empresariales, Corporativas, Gift Card, Gourmet y Prepagas. No aplica para pagos realizados a través de plataformas de terceros y/o e-commerce",gnb-648-0,base,Tarjetas elegibles,,2026-12-31,,
BM Comercial,Tiendas,Hasta 12 cuotas sin intereses,Todos los días,Del 03 de agosto al 31 de diciembre del 2026.,BM Comercial,,https://www.beneficiosbancognb.com.py/v2/beneficios/categorias/649,tarjetas de crédito del Banco GNB Paraguay,"Hasta 12 cuotas sin intereses para tarjetas de crédito del Banco GNB Paraguay. No participan de la promoción las tarjetas de débito, crédito de afinidades Empresariales, Corporativas, Gift Card, Gourmet y Prepagas. No aplica para pagos realizados a través de plataformas de terceros y/o e-commerce",gnb-649-0,base,Tarjetas elegibles,,2026-12-31,,
Baume,Tiendas,Hasta 6 cuotas sin intereses,Todos los días,Del 10 de agosto al 31 de diciembre del 2026.,Baume,,https://www.beneficiosbancognb.com.py/v2/beneficios/categorias/650,tarjetas de crédito del Banco GNB Paraguay,"Hasta 6 cuotas sin intereses para tarjetas de crédito del Banco GNB Paraguay. No participan de la promoción las tarjetas de débito, crédito de afinidades Empresariales, Corporativas, Gift Card, Gourmet y Prepagas. No aplica para pagos realizados a través de plataformas de terceros y/o e-commerce",gnb-650-0,base,Tarjetas elegibles,,2026-12-31,,
Samurai Gym,Entretenimiento,Hasta 12 cuotas sin intereses,Todos los días,Del 24 de agosto al 31 de diciembre del 2026.,Samurai Gym,,https://www.beneficiosbancognb.com.py/v2/beneficios/categorias/658,tarjetas de crédito del Banco GNB Paraguay,"Hasta 12 cuotas sin intereses con las tarjetas de crédito del Banco GNB Paraguay. No participan de la promoción las tarjetas de débito y crédito de afinidades Empresariales, Corporativas, Gift Card, Gourmet y Prepagas",gnb-658-0,base,Tarjetas elegibles,,2026-12-31,,
Unicartoon,Tiendas,Hasta 12 cuotas sin intereses,Todos los días,Del 02 de septiembre al 31 de diciembre del 2026.,Unicartoon,,https://www.beneficiosbancognb.com.py/v2/beneficios/categorias/659,tarjetas de crédito del Banco GNB Paraguay,"Hasta 12 cuotas sin intereses con las tarjetas de crédito del Banco GNB Paraguay. No participan de la promoción las tarjetas de débito y crédito de afinidades Empresariales, Corporativas, Gift Card, Gourmet y Prepagas",gnb-659-0,base,Tarjetas elegibles,,2026-12-31,,
Oben,Tiendas,Hasta 12 cuotas sin intereses,Todos los días,Del 14 de septiembre al 31 de diciembre del 2026.,Oben,,https://www.beneficiosbancognb.com.py/v2/beneficios/categorias/666,tarjetas de crédito del Banco GNB Paraguay,"Hasta 12 cuotas sin intereses con las tarjetas de crédito del Banco GNB Paraguay. No participan de la promoción las tarjetas de débito y crédito de afinidades Empresariales, Corporativas, Gift Card, Gourmet y Prepagas",gnb-666-0,base,Tarjetas elegibles,,2026-12-31,,
H&M,Tiendas,Hasta 6 cuotas sin intereses,Todos los días,Del 13 de agosto del 2026 al 31 de agosto del 2027.,H&M,,https://www.beneficiosbancognb.com.py/v2/beneficios/categorias/667,tarjetas de crédito del Banco GNB Paraguay,"Hasta 6 cuotas sin intereses para tarjetas de crédito del Banco GNB Paraguay. No participan de la promoción las tarjetas de débito, crédito de afinidades Empresariales, Corporativas, Gift Card, Gourmet y Prepagas. No aplica para pagos realizados a través de plataformas de terceros y/o e-commerce",gnb-667-0,base,Tarjetas elegibles,,2027-08-31,,
Volta Centro Clínico y Laboratorio,Tiendas,Hasta 12 cuotas sin intereses,Todos los días,Del 25 de septiembre al 31 de diciembre del 2026.,Volta Centro Clínico y Laboratorio,,https://www.beneficiosbancognb.com.py/v2/beneficios/categorias/672,tarjetas de crédito del Banco GNB Paraguay,"Hasta 12 cuotas sin intereses con las tarjetas de crédito del Banco GNB Paraguay. No participan de la promoción las tarjetas de débito y crédito de afinidades Empresariales, Corporativas, Gift Card, Gourmet y Prepagas",gnb-672-0,base,Tarjetas elegibles,,2026-12-31,,
CAT,Tiendas,25% de descuento,viernes,Del 23 de enero al 27 de noviembre del 2026.,CAT,,https://www.beneficiosbancognb.com.py/v2/beneficios/categorias/168,"tarjetas de crédito afinidades Black, Black Premier y Metalcard Premier del Banco GNB Paraguay","25% de descuento para pagos con tarjetas de crédito afinidades Black, Black Premier y Metalcard Premier del Banco GNB Paraguay los días viernes",gnb-168-0,premium,Black / Premier,,2026-11-27,,
CAT,Tiendas,20% de descuento,viernes,Del 23 de enero al 27 de noviembre del 2026.,CAT,,https://www.beneficiosbancognb.com.py/v2/beneficios/categorias/168,"tarjetas de crédito afinidades Clàsicas, Oro, Experience, Platinum e Infinite del Banco GNB Paraguay","20% de descuento para pagos con tarjetas de crédito afinidades Clàsicas, Oro, Experience, Platinum e Infinite del Banco GNB Paraguay los días viernes",gnb-168-1,base,Tarjetas elegibles,,2026-11-27,,
CAT,Tiendas,Hasta 6 cuotas sin intereses,Todos los días,Del 23 de enero al 27 de noviembre del 2026.,CAT,,https://www.beneficiosbancognb.com.py/v2/beneficios/categorias/168,tarjetas de crédito del Banco GNB Paraguay,Hasta 6 cuotas sin intereses para pagos con tarjetas de crédito del Banco GNB Paraguay,gnb-168-2,base,Tarjetas elegibles,,2026-11-27,,
Climarco,Tiendas,Hasta 12 cuotas sin intereses,Todos los días,Del 05 de enero al 31 de diciembre del 2026.,Climarco,,https://www.beneficiosbancognb.com.py/v2/beneficios/categorias/434,tarjetas de crédito del Banco GNB Paraguay,"Hasta 12 cuotas sin intereses para pagos con tarjetas de crédito del Banco GNB Paraguay. No participan de la promoción las tarjetas de débito y crédito de afinidades Empresariales, Corporativas, Gift Card, Gourmet y Prepagas",gnb-434-0,base,Tarjetas elegibles,,2026-12-31,,
