id,bank,category,merchant_name,address,city,department,lat,lng,geocode_source,source_url
loc-bnf-b503118f81afab11,BNF,Combustible,COPETROL,Eusebio Lillo y Capitán Emeterio Miranda.,Asunción,Capital,-25.2929781,-57.5615254,google_places_text_search,https://www.bnf.gov.py/uploads/Promocion_Reintegro_Estaciones_de_Servicio_2026_SEP_2026_0c00026515.pdf
loc-bnf-c4ad7a33085b0a01,BNF,Combustible,COPETROL,Avda. Eusebio Ayala esq. Bartolomé.,Asunción,Capital,-25.3069377,-57.6021812,google_places_text_search,https://www.bnf.gov.py/uploads/Promocion_Reintegro_Estaciones_de_Servicio_2026_SEP_2026_0c00026515.pdf
loc-bnf-0a75a89c1dc2abaf,BNF,Combustible,COPETROL,Avda. España esq. San José.,Asunción,Capital,-25.2855564,-57.6193897,google_places_text_search,https://www.bnf.gov.py/uploads/Promocion_Reintegro_Estaciones_de_Servicio_2026_SEP_2026_0c00026515.pdf
loc-bnf-32f4f8b830da2b06,BNF,Combustible,COPETROL,Facundo Machain y RI 18 Pitiantuta.,Asunción,Capital,-25.3118748,-57.5686447,google_places_text_search,https://www.bnf.gov.py/uploads/Promocion_Reintegro_Estaciones_de_Servicio_2026_SEP_2026_0c00026515.pdf
loc-bnf-0016ea88540a558f,BNF,Combustible,PETROCHACO,Avda. Médicos del Chaco esq. Ecuador.,Asunción,Capital,-25.3256179,-57.6019292,google_places_text_search,https://www.bnf.gov.py/uploads/Promocion_Reintegro_Estaciones_de_Servicio_2026_SEP_2026_0c00026515.pdf
loc-bnf-1b6ac68a85681e75,BNF,Combustible,PUMA ENERGY,Avda. Felix Bogado y Cassanello.,Asunción,Capital,-25.3084626,-57.6316035,google_places_text_search,https://www.bnf.gov.py/uploads/Promocion_Reintegro_Estaciones_de_Servicio_2026_SEP_2026_0c00026515.pdf
loc-bnf-135f22e026cd4fff,BNF,Combustible,COPETROL,Soldado Ovelar y Calle Asunción.,Fernando de la Mora,Central,-25.3320354,-57.565415,google_places_text_search,https://www.bnf.gov.py/uploads/Promocion_Reintegro_Estaciones_de_Servicio_2026_SEP_2026_0c00026515.pdf
loc-bnf-246bf21d7c2e8a35,BNF,Combustible,COPETROL,Calle Guyra Campana esq. Arasa.,Fernando de la Mora,Central,-25.3080571,-57.5408295,google_places_text_search,https://www.bnf.gov.py/uploads/Promocion_Reintegro_Estaciones_de_Servicio_2026_SEP_2026_0c00026515.pdf
loc-bnf-2f713dee2fa4e356,BNF,Combustible,COPETROL,Augusto Roa Bastos y Antillas.,Lambaré,Central,-25.3256612,-57.6107547,google_places_text_search,https://www.bnf.gov.py/uploads/Promocion_Reintegro_Estaciones_de_Servicio_2026_SEP_2026_0c00026515.pdf
loc-bnf-9e2c01121d45a35f,BNF,Combustible,PUMA ENERGY,Avda. Cacique Lambaré esq. Panchito López.,Lambaré,Central,-25.3436854,-57.6178257,google_places_text_search,https://www.bnf.gov.py/uploads/Promocion_Reintegro_Estaciones_de_Servicio_2026_SEP_2026_0c00026515.pdf
loc-bnf-30fc8f5a1c8d16e5,BNF,Combustible,COPETROL,Avda. San Jose y Av. San Francisco Solano.,Limpio,Central,-25.1857901,-57.4649374,google_places_text_search,https://www.bnf.gov.py/uploads/Promocion_Reintegro_Estaciones_de_Servicio_2026_SEP_2026_0c00026515.pdf
loc-bnf-0e3f1020f2022ce1,BNF,Combustible,PETROCHACO,Prof. Rita Etelvina Gómez.,Limpio,Central,-25.1850834,-57.4739225,google_places_text_search,https://www.bnf.gov.py/uploads/Promocion_Reintegro_Estaciones_de_Servicio_2026_SEP_2026_0c00026515.pdf
loc-bnf-d6901c8cbe88a35c,BNF,Combustible,PETROCHACO,Avda. San José esq. Tsunesaburo.,Limpio,Central,-25.192387,-57.463766,google_places_text_search,https://www.bnf.gov.py/uploads/Promocion_Reintegro_Estaciones_de_Servicio_2026_SEP_2026_0c00026515.pdf
loc-bnf-098b6251192637cd,BNF,Combustible,COPETROL,Ruta Luque - San Bernardino.,Luque,Central,-25.2394659,-57.4300279,google_places_text_search,https://www.bnf.gov.py/uploads/Promocion_Reintegro_Estaciones_de_Servicio_2026_SEP_2026_0c00026515.pdf
loc-bnf-321b5b9b7f9b6e5d,BNF,Combustible,COPETROL,Avda. Silvio Pettirossi y Cochabamba.,Luque,Central,-25.2454936,-57.5113013,google_places_text_search,https://www.bnf.gov.py/uploads/Promocion_Reintegro_Estaciones_de_Servicio_2026_SEP_2026_0c00026515.pdf
loc-bnf-c4e565952222f609,BNF,Combustible,PETROCHACO,Ruta Luque – San Bernardino.,Luque,Central,-25.2582826,-57.4756555,google_places_text_search,https://www.bnf.gov.py/uploads/Promocion_Reintegro_Estaciones_de_Servicio_2026_SEP_2026_0c00026515.pdf
loc-bnf-2f67a8549abfca52,BNF,Combustible,PETROCHACO,Ruta Luque – San Bernardino y San Juan.,Luque,Central,-25.2582826,-57.4756555,google_places_text_search,https://www.bnf.gov.py/uploads/Promocion_Reintegro_Estaciones_de_Servicio_2026_SEP_2026_0c00026515.pdf
loc-bnf-cf5e854c4056d051,BNF,Combustible,COPETROL,Avda. San Antonio e/ Avda. Central.,San Antonio,Central,-25.4042685,-57.572558,google_places_text_search,https://www.bnf.gov.py/uploads/Promocion_Reintegro_Estaciones_de_Servicio_2026_SEP_2026_0c00026515.pdf
loc-bnf-a703f8e11ce45ea3,BNF,Combustible,PUMA ENERGY,Avda. San Antonio.,San Antonio,Central,-25.4312741,-57.5537523,google_places_text_search,https://www.bnf.gov.py/uploads/Promocion_Reintegro_Estaciones_de_Servicio_2026_SEP_2026_0c00026515.pdf
loc-bnf-1e7abc801093861f,BNF,Combustible,COMPASA,Manuel Ortiz Guerrero y 31 Diciembre.,San Lorenzo,Central,-25.3796253,-57.5194198,google_places_text_search,https://www.bnf.gov.py/uploads/Promocion_Reintegro_Estaciones_de_Servicio_2026_SEP_2026_0c00026515.pdf
loc-f6175593ab,BNF,Farmacias,FARMACIAS CATEDRAL,San Pedro c/ Ruta Capiatá.,Capiatá,Central,-25.4092449,-57.4821981,google_places_text_search,https://www.bnf.gov.py/uploads/Promocion_Reintegro_Farmacias_2026_SEP_2026_3ca4b62e69.pdf
loc-a18304d354,BNF,Farmacias,FARMACIAS CATEDRAL,"Calle 0067, Compañía 11, Luque N° 9488.",Luque,Central,-25.239425,-57.4743668,google_places_text_search,https://www.bnf.gov.py/uploads/Promocion_Reintegro_Farmacias_2026_SEP_2026_3ca4b62e69.pdf
loc-137862a0b6,BNF,Mayoristas,BOX Mayorista,Avda. Defensores del Chaco N° 1512 c/ Dr. Montanaro.,Asunción,Capital,-25.3249021,-57.5720697,google_places_text_search,https://www.bnf.gov.py/uploads/Promocion_Reintegro_Mayoristas_2026_SEP_2026_5bc6ee5563.pdf
loc-f6171a3741,BNF,Mayoristas,Casa Grütter,"Av. Defensores del Chaco, Mercado Central de Abasto, Bloque D, Locales 7, 8 y 9.",Asunción,Capital,-25.3339988,-57.5775225,google_places_text_search,https://www.bnf.gov.py/uploads/Promocion_Reintegro_Mayoristas_2026_SEP_2026_5bc6ee5563.pdf
loc-1ff6c937a7,BNF,Mayoristas,Casa Grütter,"Avda. Defensores del Chaco c/ Pycasu, Galería Santa Teresa al lado del Mercado Central de Abasto.",Asunción,Capital,-25.3339988,-57.5775225,google_places_text_search,https://www.bnf.gov.py/uploads/Promocion_Reintegro_Mayoristas_2026_SEP_2026_5bc6ee5563.pdf
loc-0c7916e643,BNF,Mayoristas,Supermás,"Avda. Defensores del Chaco - Galería Santa Teresa Bloque C, Mercado Central de Abasto.",Asunción,Capital,-25.3253995,-57.5713844,google_places_text_search,https://www.bnf.gov.py/uploads/Promocion_Reintegro_Mayoristas_2026_SEP_2026_5bc6ee5563.pdf
loc-91e0ad0a9e,BNF,Mayoristas,BOX Mayorista,"Ruta PY02, Avda. José Félix Estigarribia c/ Madrigal.",Capiatá,Central,-25.3846168,-57.4704475,google_places_text_search,https://www.bnf.gov.py/uploads/Promocion_Reintegro_Mayoristas_2026_SEP_2026_5bc6ee5563.pdf
loc-dcc7f47aa0,BNF,Mayoristas,BOX Mayorista,Ruta PY01 Km. 19.,Capiatá,Central,-25.3846168,-57.4704475,google_places_text_search,https://www.bnf.gov.py/uploads/Promocion_Reintegro_Mayoristas_2026_SEP_2026_5bc6ee5563.pdf
loc-954db3d2fa,BNF,Mayoristas,Casa Grütter,Avda. Defensores del Chaco y Nueva Asunción.,Fernando de la Mora,Central,-25.3339988,-57.5775225,google_places_text_search,https://www.bnf.gov.py/uploads/Promocion_Reintegro_Mayoristas_2026_SEP_2026_5bc6ee5563.pdf
loc-7398d11133,BNF,Mayoristas,Aho Aho Comercial,Javier Bogarín N° 264 c/ Sportivo Luqueño.,Luque,Central,-25.271454,-57.49035,google_places_text_search,https://www.bnf.gov.py/uploads/Promocion_Reintegro_Mayoristas_2026_SEP_2026_5bc6ee5563.pdf
loc-9871905a5c,BNF,Mayoristas,BOX Mayorista,Avda. Coronel Martínez y Profesora Inés Figueredo.,Luque,Central,-25.2759704,-57.4854766,google_places_text_search,https://www.bnf.gov.py/uploads/Promocion_Reintegro_Mayoristas_2026_SEP_2026_5bc6ee5563.pdf
loc-55949de43c,BNF,Mayoristas,BOX Mayorista,Ruta Transchaco Km. 14 y Avda. Eusebio Ayala.,Mariano Roque Alonso,Central,-25.2312731,-57.5391078,google_places_text_search,https://www.bnf.gov.py/uploads/Promocion_Reintegro_Mayoristas_2026_SEP_2026_5bc6ee5563.pdf
loc-99313f94a1,BNF,Mayoristas,BOX Mayorista,Avda. Manuel Ortiz Guerrero c/ Sacramento.,San Lorenzo,Central,-25.3674232,-57.5165948,google_places_text_search,https://www.bnf.gov.py/uploads/Promocion_Reintegro_Mayoristas_2026_SEP_2026_5bc6ee5563.pdf
loc-90f28d597c,BNF,Mayoristas,Supermás,Acceso Sur c/ José Asunción Flores.,Ñemby,Central,-25.3699652,-57.5595681,google_places_text_search,https://www.bnf.gov.py/uploads/Promocion_Reintegro_Mayoristas_2026_SEP_2026_5bc6ee5563.pdf
loc-d3dcfde46e,BNF,Supermercados,Casa Paraná,Avda. Las Residentas N° 413 c/ Fausto Aranda.,Areguá,Central,-25.2966534,-57.4218857,google_places_text_search,https://www.bnf.gov.py/uploads/Promocion_Reintegro_Supermercados_2026_SEP_2026_d048e2b720.pdf
loc-68dd380226,BNF,Supermercados,Superseis,Ruta Areguá Patiño e/ EEUU y Carlos A. López.,Areguá,Central,-25.3110394,-57.3796628,google_places_text_search,https://www.bnf.gov.py/uploads/Promocion_Reintegro_Supermercados_2026_SEP_2026_d048e2b720.pdf
loc-f6f09af6c0,BNF,Supermercados,Cadena Real,J. Eulogio Estigarribia esq. Cruz del Defensor.,Asunción,Capital,-25.2971693,-57.5788706,google_places_text_search,https://www.bnf.gov.py/uploads/Promocion_Reintegro_Supermercados_2026_SEP_2026_d048e2b720.pdf
loc-f268749437,BNF,Supermercados,Cadena Real,Próceres de Mayo e/ Sebastián Elcano y Centenario.,Asunción,Capital,-25.3087363,-57.6175591,google_places_text_search,https://www.bnf.gov.py/uploads/Promocion_Reintegro_Supermercados_2026_SEP_2026_d048e2b720.pdf
loc-acb35e59cb,BNF,Supermercados,Cadena Real,Avda. Félix Bogado esq. 18 de Julio.,Asunción,Capital,-25.3239925,-57.6273226,google_places_text_search,https://www.bnf.gov.py/uploads/Promocion_Reintegro_Supermercados_2026_SEP_2026_d048e2b720.pdf
loc-3ee05c96c4,BNF,Supermercados,Casa Paraná,Antequera 661 e/ Azara y Herrera.,Asunción,Capital,-25.2876824,-57.6305528,google_places_text_search,https://www.bnf.gov.py/uploads/Promocion_Reintegro_Supermercados_2026_SEP_2026_d048e2b720.pdf
loc-3feb8a5486,BNF,Supermercados,Copemarket,Avda. Eusebio Ayala esq. Bartolomé.,Asunción,Capital,-25.3071693,-57.602236,google_places_text_search,https://www.bnf.gov.py/uploads/Promocion_Reintegro_Supermercados_2026_SEP_2026_d048e2b720.pdf
loc-40b231c41e,BNF,Supermercados,Copemarket,Avda. Mcal. Lopez e/ Caballero y México.,Asunción,Capital,-25.2952003,-57.5767152,google_places_text_search,https://www.bnf.gov.py/uploads/Promocion_Reintegro_Supermercados_2026_SEP_2026_d048e2b720.pdf
loc-9a78e3c05b,BNF,Supermercados,Copemarket,Facundo Machain y RI 18 Pitiantuta.,Asunción,Capital,-25.3114979,-57.569528,google_places_text_search,https://www.bnf.gov.py/uploads/Promocion_Reintegro_Supermercados_2026_SEP_2026_d048e2b720.pdf
loc-343ac87241,BNF,Supermercados,Copemarket,Avda. Madame L. esq. Tte. Victor Valdez.,Asunción,Capital,-25.2890434,-57.5486502,google_places_text_search,https://www.bnf.gov.py/uploads/Promocion_Reintegro_Supermercados_2026_SEP_2026_d048e2b720.pdf
loc-cf4039575e,BNF,Supermercados,Copemarket,Mcal. López y San Martín.,Asunción,Capital,-25.2952003,-57.5767152,google_places_text_search,https://www.bnf.gov.py/uploads/Promocion_Reintegro_Supermercados_2026_SEP_2026_d048e2b720.pdf
loc-3884b7353e,BNF,Supermercados,Copemarket,Avda. 25 de Mayo c/ Choferes del Chaco.,Asunción,Capital,-25.3071693,-57.602236,google_places_text_search,https://www.bnf.gov.py/uploads/Promocion_Reintegro_Supermercados_2026_SEP_2026_d048e2b720.pdf
loc-62fc006677,BNF,Supermercados,Copemarket,Ecommerce: www.copefull.com.py,Asunción,Capital,-25.3071693,-57.602236,google_places_text_search,https://www.bnf.gov.py/uploads/Promocion_Reintegro_Supermercados_2026_SEP_2026_d048e2b720.pdf
loc-bfbbdae736,BNF,Supermercados,Delimarket,Shopping del Sol: Papa Juan XXIII esq. Profesora Delia Conzález.,Asunción,Capital,-25.28217,-57.56764,official_map_link,https://www.bnf.gov.py/uploads/Promocion_Reintegro_Supermercados_2026_SEP_2026_d048e2b720.pdf
loc-7d3964d10f,BNF,Supermercados,Hipermercados Luisito,Eusebio Ayala 4090 c/ Boquerón.,Asunción,Capital,-25.3154018,-57.5784606,google_places_text_search,https://www.bnf.gov.py/uploads/Promocion_Reintegro_Supermercados_2026_SEP_2026_d048e2b720.pdf
loc-7e62631dc9,BNF,Supermercados,Hipermercados Luisito,Félix Bogado c/ Campo Vía.,Asunción,Capital,-25.3146693,-57.629916,google_places_text_search,https://www.bnf.gov.py/uploads/Promocion_Reintegro_Supermercados_2026_SEP_2026_d048e2b720.pdf
loc-b69261f7c8,BNF,Supermercados,Mercado Villa Sofía,"Barrio Sajonia, Avda. Carlos Antonio López esq. Díaz de Solís.",Asunción,Capital,-25.2894837,-57.6566815,google_places_text_search,https://www.bnf.gov.py/uploads/Promocion_Reintegro_Supermercados_2026_SEP_2026_d048e2b720.pdf
loc-06cc9d2280,BNF,Supermercados,Mercado Villa Sofía,"Barrio Obrero, Av. Ita Ybate (21 Proyectadas) e/ Tacuari y Parapiti.",Asunción,Capital,-25.3083114,-57.6427172,google_places_text_search,https://www.bnf.gov.py/uploads/Promocion_Reintegro_Supermercados_2026_SEP_2026_d048e2b720.pdf
loc-c0d0efc47a,BNF,Supermercados,PLUB,App PLUB disponible en App Store y Google Play: https://plub.com/,Asunción,Capital,-25.2710388,-57.6064706,google_places_text_search,https://www.bnf.gov.py/uploads/Promocion_Reintegro_Supermercados_2026_SEP_2026_d048e2b720.pdf
loc-3136d2f100,BNF,Supermercados,Supermercado La Preferida,Garibaldi 156 c/ Presidente Franco.,Asunción,Capital,-25.2767578,-57.641037,google_places_text_search,https://www.bnf.gov.py/uploads/Promocion_Reintegro_Supermercados_2026_SEP_2026_d048e2b720.pdf
loc-360198c5e2,BNF,Supermercados,Supermercados Gran Vía,Avda. Mcal. López c/ Madame Lynch – Royal Plaza.,Asunción,Capital,-25.3085134,-57.5525948,google_places_text_search,https://www.bnf.gov.py/uploads/Promocion_Reintegro_Supermercados_2026_SEP_2026_d048e2b720.pdf
loc-b3c7a978ab,BNF,Supermercados,Supermercados Gran Vía,Avda. Eusebio Ayala y Choferes del Chaco.,Asunción,Capital,-25.3081601,-57.5967149,google_places_text_search,https://www.bnf.gov.py/uploads/Promocion_Reintegro_Supermercados_2026_SEP_2026_d048e2b720.pdf
loc-bba38ccaba,BNF,Supermercados,Superseis,Avda. Denis Roa y Lillo.,Asunción,Capital,-25.2922039,-57.5596934,official_map_link,https://www.bnf.gov.py/uploads/Promocion_Reintegro_Supermercados_2026_SEP_2026_d048e2b720.pdf
loc-ab6f369982,BNF,Supermercados,Superseis,Avda. Mcal. López esq. Sacramento.,Asunción,Capital,-25.2894812,-57.590135,google_places_text_search,https://www.bnf.gov.py/uploads/Promocion_Reintegro_Supermercados_2026_SEP_2026_d048e2b720.pdf
loc-e7ef905e4b,BNF,Supermercados,Superseis,Tte. Casco e/ Boggiani y Avda. Mcal. López.,Asunción,Capital,-25.3027058,-57.5642771,official_map_link,https://www.bnf.gov.py/uploads/Promocion_Reintegro_Supermercados_2026_SEP_2026_d048e2b720.pdf
loc-a1098041ba,BNF,Supermercados,Superseis,Avda. Santa Teresa y Aviadores del Chaco.,Asunción,Capital,-25.2845504,-57.563528,official_map_link,https://www.bnf.gov.py/uploads/Promocion_Reintegro_Supermercados_2026_SEP_2026_d048e2b720.pdf
loc-4497357d28,BNF,Supermercados,Superseis,Avda. Eusebio Ayala y Vice Pte. Sanchez.,Asunción,Capital,-25.3013658,-57.6174629,google_places_text_search,https://www.bnf.gov.py/uploads/Promocion_Reintegro_Supermercados_2026_SEP_2026_d048e2b720.pdf
loc-1c18181680,BNF,Supermercados,Superseis,Avda. Rep. Argentina e/ Facundo Machaín.,Asunción,Capital,-25.303711,-57.583792,official_map_link,https://www.bnf.gov.py/uploads/Promocion_Reintegro_Supermercados_2026_SEP_2026_d048e2b720.pdf
loc-b28d333726,BNF,Supermercados,Superseis,Avda. Santísima Trinidad y Julio Correa.,Asunción,Capital,-25.26999,-57.563028,official_map_link,https://www.bnf.gov.py/uploads/Promocion_Reintegro_Supermercados_2026_SEP_2026_d048e2b720.pdf
loc-ff98041ccb,BNF,Supermercados,Superseis,Avda. España y Pitiantuta.,Asunción,Capital,-25.2873388,-57.6058441,official_map_link,https://www.bnf.gov.py/uploads/Promocion_Reintegro_Supermercados_2026_SEP_2026_d048e2b720.pdf
loc-83a9494430,BNF,Supermercados,Superseis,Avda. España c/ Brasil.,Asunción,Capital,-25.285572,-57.620873,official_map_link,https://www.bnf.gov.py/uploads/Promocion_Reintegro_Supermercados_2026_SEP_2026_d048e2b720.pdf
loc-2776535a48,BNF,Supermercados,Superseis,Avda. Felix Bogado y Japón.,Asunción,Capital,-25.3183335,-57.6298757,official_map_link,https://www.bnf.gov.py/uploads/Promocion_Reintegro_Supermercados_2026_SEP_2026_d048e2b720.pdf
loc-8ae78d6d89,BNF,Supermercados,Superseis,Avda. Carlos A. López c/ Colón.,Asunción,Capital,-25.2880431,-57.6490241,official_map_link,https://www.bnf.gov.py/uploads/Promocion_Reintegro_Supermercados_2026_SEP_2026_d048e2b720.pdf
loc-a919284897,BNF,Supermercados,Superseis,Mcal. López esq. Juan S Bogarin.,Asunción,Capital,-25.2937064,-57.582845,google_places_text_search,https://www.bnf.gov.py/uploads/Promocion_Reintegro_Supermercados_2026_SEP_2026_d048e2b720.pdf
loc-df8d7d797e,BNF,Supermercados,Superseis Express,Avda. Aviadores del Chaco y Eloy Páez.,Asunción,Capital,-25.2777384,-57.5544213,google_places_text_search,https://www.bnf.gov.py/uploads/Promocion_Reintegro_Supermercados_2026_SEP_2026_d048e2b720.pdf
loc-6aef0c4443,BNF,Supermercados,Superseis Express,Avda. San Martín y Austria.,Asunción,Capital,-25.287645,-57.5722259,google_places_text_search,https://www.bnf.gov.py/uploads/Promocion_Reintegro_Supermercados_2026_SEP_2026_d048e2b720.pdf
loc-2b0a24d4d5,BNF,Supermercados,Superseis Express,Avda. Primer Presidente esq. Gabriel Casaccia.,Asunción,Capital,-25.2641078,-57.5575124,google_places_text_search,https://www.bnf.gov.py/uploads/Promocion_Reintegro_Supermercados_2026_SEP_2026_d048e2b720.pdf
loc-b1552f4f08,BNF,Supermercados,Superseis Express,Avda. Molas López esq. Veteranos del 70.,Asunción,Capital,-25.2684194,-57.5734754,google_places_text_search,https://www.bnf.gov.py/uploads/Promocion_Reintegro_Supermercados_2026_SEP_2026_d048e2b720.pdf
loc-3de9455b62,BNF,Supermercados,Cadena Real,Ruta Departamental D027 c/ San Roque González.,Capiatá,Central,-25.3502433,-57.4477089,google_places_text_search,https://www.bnf.gov.py/uploads/Promocion_Reintegro_Supermercados_2026_SEP_2026_d048e2b720.pdf
loc-b2f8bfe6f6,BNF,Supermercados,Cadena Real,Ruta PY02 c/ Prof. Carlos A. Rachit.,Capiatá,Central,-25.3502433,-57.4477089,google_places_text_search,https://www.bnf.gov.py/uploads/Promocion_Reintegro_Supermercados_2026_SEP_2026_d048e2b720.pdf
loc-5a4c86cfcf,BNF,Supermercados,Casa Paraná,Ruta 1 km 20 c/ Ruta Thompson.,Capiatá,Central,-25.3917396,-57.4694255,google_places_text_search,https://www.bnf.gov.py/uploads/Promocion_Reintegro_Supermercados_2026_SEP_2026_d048e2b720.pdf
loc-6decf1b909,BNF,Supermercados,Hipermercados Luisito,Avda. Dr. Pedro López esq. Bernardino Caballero.,Capiatá,Central,-25.3840546,-57.4625076,google_places_text_search,https://www.bnf.gov.py/uploads/Promocion_Reintegro_Supermercados_2026_SEP_2026_d048e2b720.pdf
loc-e5d3c37809,BNF,Supermercados,Los Jardines Supermercado,Las Palmeras esquina Rocio.,Capiatá,Central,-25.3684347,-57.4245759,google_places_text_search,https://www.bnf.gov.py/uploads/Promocion_Reintegro_Supermercados_2026_SEP_2026_d048e2b720.pdf
loc-049363d081,BNF,Supermercados,Cadena Real,Ruta Mcal. Estigarribia esq. Corrales.,Fernando de la Mora,Central,-25.3278468,-57.5474224,google_places_text_search,https://www.bnf.gov.py/uploads/Promocion_Reintegro_Supermercados_2026_SEP_2026_d048e2b720.pdf
loc-484ef58909,BNF,Supermercados,Cadena Real,Acceso Sur PY01 c/ Usher Ríos.,Fernando de la Mora,Central,-25.3466961,-57.574971,google_places_text_search,https://www.bnf.gov.py/uploads/Promocion_Reintegro_Supermercados_2026_SEP_2026_d048e2b720.pdf
loc-2f87a9e8f8,BNF,Supermercados,Hipermercados Luisito,Dr. Ceferino Ruíz esq. Algodonal.,Fernando de la Mora,Central,-25.3393839,-57.5832067,google_places_text_search,https://www.bnf.gov.py/uploads/Promocion_Reintegro_Supermercados_2026_SEP_2026_d048e2b720.pdf
loc-831474a3ee,BNF,Supermercados,Los Jardines Supermercado,Luis Alberto del Paraná y Jacaranda.,Fernando de la Mora,Central,-25.3126704,-57.5421227,google_places_text_search,https://www.bnf.gov.py/uploads/Promocion_Reintegro_Supermercados_2026_SEP_2026_d048e2b720.pdf
loc-e49a9c971e,BNF,Supermercados,Los Jardines Supermercado,Juan Leopardi c/Teniente Enciso.,Fernando de la Mora,Central,-25.346854,-57.5495876,google_places_text_search,https://www.bnf.gov.py/uploads/Promocion_Reintegro_Supermercados_2026_SEP_2026_d048e2b720.pdf
loc-cd8a9041ff,BNF,Supermercados,Superseis,Calle Coronel Cazal e/ Avda. Mcal. López.,Fernando de la Mora,Central,-25.3156903,-57.5275784,google_places_text_search,https://www.bnf.gov.py/uploads/Promocion_Reintegro_Supermercados_2026_SEP_2026_d048e2b720.pdf
loc-a63b80079c,BNF,Supermercados,Superseis,Avda. Mcal. López esq. Acaray.,Fernando de la Mora,Central,-25.3156903,-57.5275784,google_places_text_search,https://www.bnf.gov.py/uploads/Promocion_Reintegro_Supermercados_2026_SEP_2026_d048e2b720.pdf
loc-d3da5ade02,BNF,Supermercados,Hipermercados Luisito,"Avda. Marcial Samaniego, a 700 mts. de Ruta PY02.",Itauguá,Central,-25.3983893,-57.357028,google_places_text_search,https://www.bnf.gov.py/uploads/Promocion_Reintegro_Supermercados_2026_SEP_2026_d048e2b720.pdf
loc-0aa09d9579,BNF,Supermercados,Casa Paraná,Avda. Cacique Lambaré e/ Iturbe y Vencedores del Chaco.,Lambaré,Central,-25.3405778,-57.6002817,google_places_text_search,https://www.bnf.gov.py/uploads/Promocion_Reintegro_Supermercados_2026_SEP_2026_d048e2b720.pdf
loc-71256fced5,BNF,Supermercados,Superseis,Avda. Cacique Lambaré c/ Pedro Juan Caballero.,Lambaré,Central,-25.3409133,-57.5994751,official_map_link,https://www.bnf.gov.py/uploads/Promocion_Reintegro_Supermercados_2026_SEP_2026_d048e2b720.pdf
loc-ad018dbfa8,BNF,Supermercados,Superseis,Luis Maria Argaña esq. Porvenir.,Lambaré,Central,-25.3345913,-57.6249111,google_places_text_search,https://www.bnf.gov.py/uploads/Promocion_Reintegro_Supermercados_2026_SEP_2026_d048e2b720.pdf
loc-b6d4af643d,BNF,Supermercados,Superseis Express,Avda. del Yatch c/ Manuel Gondra.,Lambaré,Central,-25.3589597,-57.6276744,google_places_text_search,https://www.bnf.gov.py/uploads/Promocion_Reintegro_Supermercados_2026_SEP_2026_d048e2b720.pdf
loc-a6b35be538,BNF,Supermercados,Los Jardines Supermercado,Calle La Amistad esq. Santa Rosa.,Limpio,Central,-25.1331467,-57.4795711,google_places_text_search,https://www.bnf.gov.py/uploads/Promocion_Reintegro_Supermercados_2026_SEP_2026_d048e2b720.pdf
loc-83fe514784,BNF,Supermercados,Casa Paraná,Ruta Luque Limpio – Mora Cue.,Luque,Central,-25.2271288,-57.4767241,google_places_text_search,https://www.bnf.gov.py/uploads/Promocion_Reintegro_Supermercados_2026_SEP_2026_d048e2b720.pdf
loc-a37254bfae,BNF,Supermercados,Copemarket,Avda. Silvio Pettirossi y Cochabamba.,Luque,Central,-25.2456027,-57.511229,google_places_text_search,https://www.bnf.gov.py/uploads/Promocion_Reintegro_Supermercados_2026_SEP_2026_d048e2b720.pdf
loc-d167678861,BNF,Supermercados,Hipermercados Luisito,Avda. Corrales esq. Tte. Rojas Silva.,Luque,Central,-25.2661457,-57.4844837,google_places_text_search,https://www.bnf.gov.py/uploads/Promocion_Reintegro_Supermercados_2026_SEP_2026_d048e2b720.pdf
loc-4efbe762b7,BNF,Supermercados,Los Jardines Supermercado,Av. General Aquino y Julio Rivas.,Luque,Central,-25.2652759,-57.5060238,google_places_text_search,https://www.bnf.gov.py/uploads/Promocion_Reintegro_Supermercados_2026_SEP_2026_d048e2b720.pdf
loc-ec07bf6363,BNF,Supermercados,Los Jardines Supermercado,Ruta Luque Limpio C.R. González.,Luque,Central,-25.234487,-57.47545,google_places_text_search,https://www.bnf.gov.py/uploads/Promocion_Reintegro_Supermercados_2026_SEP_2026_d048e2b720.pdf
loc-b20bca7cd3,BNF,Supermercados,Los Jardines Supermercado,Jose Ortiz c/ Sargento Espinola.,Luque,Central,-25.2714626,-57.4755826,google_places_text_search,https://www.bnf.gov.py/uploads/Promocion_Reintegro_Supermercados_2026_SEP_2026_d048e2b720.pdf
loc-f145fb49f4,BNF,Supermercados,Los Jardines Supermercado,Gral. Elizardo Aquino c/ Adrian Jara,Luque,Central,-25.2809795,-57.5344426,google_places_text_search,https://www.bnf.gov.py/uploads/Promocion_Reintegro_Supermercados_2026_SEP_2026_d048e2b720.pdf
loc-edd72826c4,BNF,Supermercados,Mercado Villa Sofía,"Sucursal Luque, América e/ 12 de Octubre y Karandayty.",Luque,Central,-25.2546827,-57.5003681,google_places_text_search,https://www.bnf.gov.py/uploads/Promocion_Reintegro_Supermercados_2026_SEP_2026_d048e2b720.pdf
loc-1b2a3aa07d,BNF,Supermercados,Supermercados Gran Vía,Ruta Gral. Aquino N° 2.400 esq. Nanawa.,Luque,Central,-25.2805841,-57.5258219,google_places_text_search,https://www.bnf.gov.py/uploads/Promocion_Reintegro_Supermercados_2026_SEP_2026_d048e2b720.pdf
loc-98ea4004ee,BNF,Supermercados,Superseis,Ruta Capitan Insfran y Pto. Pinasco.,Luque,Central,-25.2892879,-57.5003963,official_map_link,https://www.bnf.gov.py/uploads/Promocion_Reintegro_Supermercados_2026_SEP_2026_d048e2b720.pdf
loc-5cca3cc840,BNF,Supermercados,Superseis,Avda. Capitán Rivarola e/ P.Garcia y F. Yegros.,Luque,Central,-25.2625244,-57.4899483,google_places_text_search,https://www.bnf.gov.py/uploads/Promocion_Reintegro_Supermercados_2026_SEP_2026_d048e2b720.pdf
loc-814d34382c,BNF,Supermercados,Superseis,Autopista Silvio Pettirossi y Torokay.,Luque,Central,-25.2554613,-57.5124199,google_places_text_search,https://www.bnf.gov.py/uploads/Promocion_Reintegro_Supermercados_2026_SEP_2026_d048e2b720.pdf
loc-4b797c1a50,BNF,Supermercados,Hipermercados Luisito,Ruta Transchaco esq. Augusto Roa Bastos.,Mariano Roque Alonso,Central,-25.237051,-57.5396194,google_places_text_search,https://www.bnf.gov.py/uploads/Promocion_Reintegro_Supermercados_2026_SEP_2026_d048e2b720.pdf
loc-6fcd7f8ac0,BNF,Supermercados,Supersies,Ruta Transchaco y Capitán Alianza. – Shopping El Portal.,Mariano Roque Alonso.,Central,-25.2387517,-57.5422655,google_places_text_search,https://www.bnf.gov.py/uploads/Promocion_Reintegro_Supermercados_2026_SEP_2026_d048e2b720.pdf
loc-4b102534f8,BNF,Supermercados,Casa Paraná,Avda. San Antonio N° 273 esq/ Rio Apa.,San Antonio,Central,-25.4178679,-57.5719314,google_places_text_search,https://www.bnf.gov.py/uploads/Promocion_Reintegro_Supermercados_2026_SEP_2026_d048e2b720.pdf
loc-764efbaf44,BNF,Supermercados,Casa Paraná,Ruta Mariscal José Felix Estigarribia Km 15.,San Lorenzo,Central,-25.3428604,-57.4889714,google_places_text_search,https://www.bnf.gov.py/uploads/Promocion_Reintegro_Supermercados_2026_SEP_2026_d048e2b720.pdf
loc-ca8d6bc0c3,BNF,Supermercados,Hipermercados Luisito,Avda. Brasil c/ Nicanor Ríos.,San Lorenzo,Central,-25.3641298,-57.5308095,google_places_text_search,https://www.bnf.gov.py/uploads/Promocion_Reintegro_Supermercados_2026_SEP_2026_d048e2b720.pdf
loc-63404e3d2c,BNF,Supermercados,Los Jardines Supermercado,Laguna Grande y Rio Paraguay I.,San Lorenzo,Central,-25.3188667,-57.5182266,google_places_text_search,https://www.bnf.gov.py/uploads/Promocion_Reintegro_Supermercados_2026_SEP_2026_d048e2b720.pdf
loc-b91f72bbd9,BNF,Supermercados,Superseis,Intersección Ruta 1 y Ruta 2.,San Lorenzo,Central,-25.3428897,-57.5018865,google_places_text_search,https://www.bnf.gov.py/uploads/Promocion_Reintegro_Supermercados_2026_SEP_2026_d048e2b720.pdf
loc-fb111ec029,BNF,Supermercados,Hipermercados Luisito,Avda. Von Polesky esq. Estados Unidos.,Villa Elisa,Central,-25.3628725,-57.5915236,google_places_text_search,https://www.bnf.gov.py/uploads/Promocion_Reintegro_Supermercados_2026_SEP_2026_d048e2b720.pdf
loc-893818650c,BNF,Supermercados,Superseis,Ruta Guarambaré Villeta e/ Amabay.,Villeta,Central,-25.5081744,-57.5590261,google_places_text_search,https://www.bnf.gov.py/uploads/Promocion_Reintegro_Supermercados_2026_SEP_2026_d048e2b720.pdf
loc-f6dd0ee780,BNF,Supermercados,Cadena Real,lndependencia Nacional e/ Santa Rosa y 9 de Agosto.,Ñemby,Central,-25.3934203,-57.5473369,google_places_text_search,https://www.bnf.gov.py/uploads/Promocion_Reintegro_Supermercados_2026_SEP_2026_d048e2b720.pdf
loc-abd3ce0439,BNF,Supermercados,Cadena Real,Bernardino Caballero e/ Luis Ma. Argaña y Primer Presidente.,Ñemby,Central,-25.3944556,-57.542697,google_places_text_search,https://www.bnf.gov.py/uploads/Promocion_Reintegro_Supermercados_2026_SEP_2026_d048e2b720.pdf
loc-f7350a5549,BNF,Supermercados,Hipermercados Luisito,Manuel Ortiz Guerrero c/ De la Victoria.,Ñemby,Central,-25.3890146,-57.5243286,google_places_text_search,https://www.bnf.gov.py/uploads/Promocion_Reintegro_Supermercados_2026_SEP_2026_d048e2b720.pdf
loc-37eab9b40f,BNF,Supermercados,Supermercados Gran Vía,Ruta Acceso Sur esq. Avda. Santa Rosa.,Ñemby,Central,-25.3954616,-57.5454823,google_places_text_search,https://www.bnf.gov.py/uploads/Promocion_Reintegro_Supermercados_2026_SEP_2026_d048e2b720.pdf
loc-46cfa4c7bb,BNF,Supermercados,Superseis,Gral. Bernardino Caballero y Acceso Sur.,Ñemby,Central,-25.3934509,-57.5440193,google_places_text_search,https://www.bnf.gov.py/uploads/Promocion_Reintegro_Supermercados_2026_SEP_2026_d048e2b720.pdf
loc-6f6c2250dc,Varios,Referencia,Asuncion Tenis Club,Asuncion Tenis Club,Asuncion,Capital,-25.2871,-57.6087,manual,
loc-d4bfbb70d1,Varios,Referencia,CIT,Club Internacional de Tenis,Asuncion,Capital,-25.28935,-57.60074,manual,
loc-5132dfeca5,Varios,Referencia,Casa Rica Molas Lopez,Casa Rica Molas Lopez,Asuncion,Capital,-25.27381,-57.57173,manual,
loc-355ad9ab5c,Varios,Referencia,Club Cerro Porteno,Club Cerro Porteno,Asuncion,Capital,-25.2979,-57.6591,manual,
loc-30d058ec5b,Varios,Referencia,Club Olimpia,Club Olimpia,Asuncion,Capital,-25.2912,-57.6426,manual,
loc-10c5d4111e,Varios,Referencia,Distrito Perseverancia,Distrito Perseverancia,Asuncion,Capital,-25.28763,-57.58251,manual,
loc-6a6d4d87fd,Varios,Referencia,Multiplaza,Multiplaza,Asuncion,Capital,-25.29831,-57.55011,manual,
loc-a458e0fb7e,Varios,Referencia,Paseo La Galeria,Paseo La Galeria,Asuncion,Capital,-25.2819,-57.5638,manual,
loc-7ca98c202f,Varios,Referencia,Shopping Mariscal,Shopping Mariscal,Asuncion,Capital,-25.2964,-57.5814,manual,
loc-c427efa428,Varios,Referencia,Shopping del Sol,Shopping del Sol,Asuncion,Capital,-25.28288,-57.56706,manual,
loc-a3c1d5fe0b,Varios,Referencia,Superseis Los Laureles,Superseis Los Laureles,Asuncion,Capital,-25.2998,-57.5706,manual,
loc-552d267c2b,Varios,Referencia,Shopping Mariano,Shopping Mariano,Mariano Roque Alonso,Central,-25.2076,-57.5323,manual,
loc-efad1c3f84,Varios,Referencia,Pinedo Shopping,Pinedo Shopping,San Lorenzo,Central,-25.32396,-57.52098,manual,
loc-ueno-fd667077ca,ueno bank,Combustible,PETROPAR COSTANERA SUR,AVDA. COSTANERA SUR,ASUNCIÓN,,-25.2988755,-57.6585462,google_places_text_search,https://www.ueno.com.py/wp-content/uploads/2026/08/Promocion-Reintegro-Petropar-_-SEP-2026v3.pdf
loc-ueno-d982d27f95,ueno bank,Combustible,PETROPAR-ABASTO,AVENIDA DEFENSORES DEL CHACO ESQ. PYCASU,ASUNCIÓN,,-25.3293892,-57.572511,google_places_text_search,https://www.ueno.com.py/wp-content/uploads/2026/08/Promocion-Reintegro-Petropar-_-SEP-2026v3.pdf
loc-manual-e8b532ed89,ueno bank,Combustible,Petropar,Av. Dr. Felipe Molas Lopez esq. Lorenzo Perez Velloso,Asuncion,Capital,-25.2688,-57.57319,manual_ueno_petropar_pdf,https://www.ueno.com.py/wp-content/uploads/2026/07/Promocion-Reintegro-Petropar_-AGO-2026v2.pdf
loc-ueno-e8fda31436,ueno bank,Combustible,Copetrol KM.2,Av. Eusebio Ayala esq. Bartolomé,Asunción,,-25.3069377,-57.6021812,google_places_text_search,https://www.ueno.com.py/wp-content/uploads/2026/08/Beneficio-de-Reintegro-COMBUSTIBLES-_-SEP-2026v5.pdf
loc-ueno-73268466fb,ueno bank,Combustible,Copetrol San José,Av. España esq. San José,Asunción,,-25.2855564,-57.6193897,google_places_text_search,https://www.ueno.com.py/wp-content/uploads/2026/08/Beneficio-de-Reintegro-COMBUSTIBLES-_-SEP-2026v5.pdf
loc-ueno-09714175ac,ueno bank,Combustible,PETROPAR-ROJAS CANADA,"CALLE ROJAS CAÑADA, COMPAÑÍA 9",CAPIATÁ,,-25.3686341,-57.4354556,google_places_text_search,https://www.ueno.com.py/wp-content/uploads/2026/08/Promocion-Reintegro-Petropar-_-SEP-2026v3.pdf
loc-bnf-232446c8cbbeb004,BNF,Combustible,PETROCHACO,Ruta PY03 – Km. 132.,25 de Diciembre,San Pedro,,,,https://www.bnf.gov.py/uploads/Promocion_Reintegro_Estaciones_de_Servicio_2026_SEP_2026_0c00026515.pdf
loc-bnf-ca627a499de90132,BNF,Combustible,PUMA ENERGY,"Ruta Carapegua - Acahay - Calle Tte. Rogelio Cardozo y Mons. Bogarin, Km. 100.",Acahay,Paraguarí,,,,https://www.bnf.gov.py/uploads/Promocion_Reintegro_Estaciones_de_Servicio_2026_SEP_2026_0c00026515.pdf
loc-bnf-094c15b74b00493a,BNF,Combustible,PUMA ENERGY,Caronay.,Alto Verá,Itapúa,,,,https://www.bnf.gov.py/uploads/Promocion_Reintegro_Estaciones_de_Servicio_2026_SEP_2026_0c00026515.pdf
loc-bnf-9fe81a4745775a51,BNF,Combustible,COPETROL,Avda. Federico Chavez casi C.A. López,Altos,Cordillera,,,,https://www.bnf.gov.py/uploads/Promocion_Reintegro_Estaciones_de_Servicio_2026_SEP_2026_0c00026515.pdf
loc-bnf-c6165fbdca844f13,BNF,Combustible,PETROCHACO,Ruta Altos – Loma Grande esq. 10 de Agosto.,Altos,Cordillera,,,,https://www.bnf.gov.py/uploads/Promocion_Reintegro_Estaciones_de_Servicio_2026_SEP_2026_0c00026515.pdf
loc-bnf-1ba0298a6c42ed04,BNF,Combustible,PUMA ENERGY,Ramal Altos a San Bernardino – Km. 69.,Altos,Cordillera,,,,https://www.bnf.gov.py/uploads/Promocion_Reintegro_Estaciones_de_Servicio_2026_SEP_2026_0c00026515.pdf
loc-bnf-b02f6b7f0cb24cfb,BNF,Combustible,3MG,Ruta Areguá esq. Camino Estación Terrena.,Areguá,Central,,,,https://www.bnf.gov.py/uploads/Promocion_Reintegro_Estaciones_de_Servicio_2026_SEP_2026_0c00026515.pdf
loc-bnf-a1b40788a11fbdb3,BNF,Combustible,COMPASA,13 de Noviembre c/ Crescencio González.,Areguá,Central,,,,https://www.bnf.gov.py/uploads/Promocion_Reintegro_Estaciones_de_Servicio_2026_SEP_2026_0c00026515.pdf
loc-bnf-e75ba53eddaaefa8,BNF,Combustible,PETROCHACO,"Ramal Areguá – Capiatá Km. 4,5.",Areguá,Central,,,,https://www.bnf.gov.py/uploads/Promocion_Reintegro_Estaciones_de_Servicio_2026_SEP_2026_0c00026515.pdf
loc-bnf-b1f59d8ebbb85d61,BNF,Combustible,PUMA ENERGY,Avenida Las Residentas.,Areguá,Central,,,,https://www.bnf.gov.py/uploads/Promocion_Reintegro_Estaciones_de_Servicio_2026_SEP_2026_0c00026515.pdf
loc-bnf-94676bde503618cc,BNF,Combustible,PUMA ENERGY,Ruta 3 Km. 61.,Arroyos y Esteros,Cordillera,,,,https://www.bnf.gov.py/uploads/Promocion_Reintegro_Estaciones_de_Servicio_2026_SEP_2026_0c00026515.pdf
loc-bnf-52ef3a8ae06db6eb,BNF,Combustible,3MG,Médicos del Chaco esq. Dr. Alonso Belisario Campos.,Asunción,Capital,,,,https://www.bnf.gov.py/uploads/Promocion_Reintegro_Estaciones_de_Servicio_2026_SEP_2026_0c00026515.pdf
loc-bnf-d2a337213dfbdc62,BNF,Combustible,COPETROL,Ing. Gustavo Crovato y Ciudad de Chiva.,Asunción,Capital,,,,https://www.bnf.gov.py/uploads/Promocion_Reintegro_Estaciones_de_Servicio_2026_SEP_2026_0c00026515.pdf
loc-bnf-3e453a76430408bc,BNF,Combustible,COPETROL,Azara y Brasil.,Asunción,Capital,,,,https://www.bnf.gov.py/uploads/Promocion_Reintegro_Estaciones_de_Servicio_2026_SEP_2026_0c00026515.pdf
loc-bnf-98b540316e1e34af,BNF,Combustible,COPETROL,República Dominicana y Libertad.,Asunción,Capital,,,,https://www.bnf.gov.py/uploads/Promocion_Reintegro_Estaciones_de_Servicio_2026_SEP_2026_0c00026515.pdf
loc-bnf-90d56cdd46ab9ca5,BNF,Combustible,COPETROL,Avda. Félix Bogado y Costa Rica.,Asunción,Capital,,,,https://www.bnf.gov.py/uploads/Promocion_Reintegro_Estaciones_de_Servicio_2026_SEP_2026_0c00026515.pdf
loc-bnf-c0a60563cc49e1ae,BNF,Combustible,COPETROL,Rca. Argentina c/ Indio Francisco.,Asunción,Capital,,,,https://www.bnf.gov.py/uploads/Promocion_Reintegro_Estaciones_de_Servicio_2026_SEP_2026_0c00026515.pdf
loc-bnf-54e8eca70435f2d6,BNF,Combustible,COPETROL,Lapacho y Pilar.,Asunción,Capital,,,,https://www.bnf.gov.py/uploads/Promocion_Reintegro_Estaciones_de_Servicio_2026_SEP_2026_0c00026515.pdf
loc-bnf-0d02cd7ed142b9ed,BNF,Combustible,COPETROL,Sargento Lombardo y Tataré – Loma Pyta.,Asunción,Capital,,,,https://www.bnf.gov.py/uploads/Promocion_Reintegro_Estaciones_de_Servicio_2026_SEP_2026_0c00026515.pdf
loc-bnf-b114f41b02ac68ee,BNF,Combustible,COPETROL,Avda. La Victoria y Yuasy'y.,Asunción,Capital,,,,https://www.bnf.gov.py/uploads/Promocion_Reintegro_Estaciones_de_Servicio_2026_SEP_2026_0c00026515.pdf
loc-bnf-328ee12f5b007d0e,BNF,Combustible,COPETROL,Avda. Colón esq. Gral. Díaz.,Asunción,Capital,,,,https://www.bnf.gov.py/uploads/Promocion_Reintegro_Estaciones_de_Servicio_2026_SEP_2026_0c00026515.pdf
loc-bnf-5fc43d11fda92077,BNF,Combustible,COPETROL,Avda. 25 de Mayo esq. Choferes del Chaco.,Asunción,Capital,,,,https://www.bnf.gov.py/uploads/Promocion_Reintegro_Estaciones_de_Servicio_2026_SEP_2026_0c00026515.pdf
loc-bnf-2ba77f5ad1e018fe,BNF,Combustible,COPETROL,Avda. Kubistchek y JAF.,Asunción,Capital,,,,https://www.bnf.gov.py/uploads/Promocion_Reintegro_Estaciones_de_Servicio_2026_SEP_2026_0c00026515.pdf
loc-bnf-334d183375eecc15,BNF,Combustible,COPETROL,Avda. 1er. Presidente esq. Yrendague.,Asunción,Capital,,,,https://www.bnf.gov.py/uploads/Promocion_Reintegro_Estaciones_de_Servicio_2026_SEP_2026_0c00026515.pdf
loc-bnf-a2271bf7ad2d0668,BNF,Combustible,COPETROL,Avda. Mcal. López esq. Madame Lynch.,Asunción,Capital,,,,https://www.bnf.gov.py/uploads/Promocion_Reintegro_Estaciones_de_Servicio_2026_SEP_2026_0c00026515.pdf
loc-bnf-c686e3b51308741d,BNF,Combustible,COPETROL,Avda. Artigas esq. La Candelaria.,Asunción,Capital,,,,https://www.bnf.gov.py/uploads/Promocion_Reintegro_Estaciones_de_Servicio_2026_SEP_2026_0c00026515.pdf
loc-bnf-32f4f8afe70a8d18,BNF,Combustible,COPETROL,Avda. Mcal. Lopez e/ Caballero y México.,Asunción,Capital,,,,https://www.bnf.gov.py/uploads/Promocion_Reintegro_Estaciones_de_Servicio_2026_SEP_2026_0c00026515.pdf
loc-bnf-518f20cdee7f106f,BNF,Combustible,COPETROL,Dr. Paiva c/ Dr. Montero.,Asunción,Capital,,,,https://www.bnf.gov.py/uploads/Promocion_Reintegro_Estaciones_de_Servicio_2026_SEP_2026_0c00026515.pdf
loc-bnf-6619c68cfe35a548,BNF,Combustible,COPETROL,Mcal. Lopez y San Martin.,Asunción,Capital,,,,https://www.bnf.gov.py/uploads/Promocion_Reintegro_Estaciones_de_Servicio_2026_SEP_2026_0c00026515.pdf
loc-bnf-b41cd30ea3961edf,BNF,Combustible,COPETROL,Avda. Madame L. esq. Tte. Victor Valdez.,Asunción,Capital,,,,https://www.bnf.gov.py/uploads/Promocion_Reintegro_Estaciones_de_Servicio_2026_SEP_2026_0c00026515.pdf
loc-bnf-441013fa30e20d6e,BNF,Combustible,PETROCHACO,Avda. Fernando de la Mora esq. Bartolomé de las Cazas.,Asunción,Capital,,,,https://www.bnf.gov.py/uploads/Promocion_Reintegro_Estaciones_de_Servicio_2026_SEP_2026_0c00026515.pdf
loc-bnf-48ff72a006ecea58,BNF,Combustible,PETROCHACO,Avda. Santa Teresa esq. Julio César Franco.,Asunción,Capital,,,,https://www.bnf.gov.py/uploads/Promocion_Reintegro_Estaciones_de_Servicio_2026_SEP_2026_0c00026515.pdf
loc-bnf-49239ba44edd8ee2,BNF,Combustible,PETROCHACO,Avda. Fernando de la Mora esq. República Argentina.,Asunción,Capital,,,,https://www.bnf.gov.py/uploads/Promocion_Reintegro_Estaciones_de_Servicio_2026_SEP_2026_0c00026515.pdf
loc-bnf-591d01edf4ba5513,BNF,Combustible,PUMA ENERGY,Avda. Fernando de la Mora y Tte. Ramon Viera.,Asunción,Capital,,,,https://www.bnf.gov.py/uploads/Promocion_Reintegro_Estaciones_de_Servicio_2026_SEP_2026_0c00026515.pdf
loc-bnf-41df62b828bafd66,BNF,Combustible,PUMA ENERGY,Avda. Médicos del Chaco y Virgen del Pilar.,Asunción,Capital,,,,https://www.bnf.gov.py/uploads/Promocion_Reintegro_Estaciones_de_Servicio_2026_SEP_2026_0c00026515.pdf
loc-bnf-277118e4f95ab504,BNF,Combustible,PUMA ENERGY,Ruta Transchaco y Tte. Gadea - Loma Pyta.,Asunción,Capital,,,,https://www.bnf.gov.py/uploads/Promocion_Reintegro_Estaciones_de_Servicio_2026_SEP_2026_0c00026515.pdf
loc-bnf-7974040b30e788bc,BNF,Combustible,PUMA ENERGY,Puma 4 Mojones – Avda. Fernando de la Mora esq. Maskoy.,Asunción,Capital,,,,https://www.bnf.gov.py/uploads/Promocion_Reintegro_Estaciones_de_Servicio_2026_SEP_2026_0c00026515.pdf
loc-bnf-b0acfe164c30e88b,BNF,Combustible,PUMA ENERGY,Avenida Colón y Milano.,Asunción,Capital,,,,https://www.bnf.gov.py/uploads/Promocion_Reintegro_Estaciones_de_Servicio_2026_SEP_2026_0c00026515.pdf
loc-bnf-e83339f38abe3407,BNF,Combustible,PUMA ENERGY,Avda. España y Sacramento,Asunción,Capital,,,,https://www.bnf.gov.py/uploads/Promocion_Reintegro_Estaciones_de_Servicio_2026_SEP_2026_0c00026515.pdf
loc-bnf-391227028c5fb314,BNF,Combustible,COPETROL,"Ruta 6, Dr. Juan León Mallorquín.",Bella Vista,Itapúa,,,,https://www.bnf.gov.py/uploads/Promocion_Reintegro_Estaciones_de_Servicio_2026_SEP_2026_0c00026515.pdf
loc-bnf-031eb1961cf10acd,BNF,Combustible,PETROCHACO,Ruta Transchaco Km. 35.,Benjamín Aceval,Presidente Hayes,,,,https://www.bnf.gov.py/uploads/Promocion_Reintegro_Estaciones_de_Servicio_2026_SEP_2026_0c00026515.pdf
loc-bnf-0538e5071e6d46b0,BNF,Combustible,PUMA ENERGY,Ruta Transchaco – Km 46 - Benjamin Aceval.,Benjamín Aceval,Presidente Hayes,,,,https://www.bnf.gov.py/uploads/Promocion_Reintegro_Estaciones_de_Servicio_2026_SEP_2026_0c00026515.pdf
loc-bnf-0789f50563a81bcb,BNF,Combustible,COPETROL,Ruta 2 esq. Alberdi.,Caacupé,Cordillera,,,,https://www.bnf.gov.py/uploads/Promocion_Reintegro_Estaciones_de_Servicio_2026_SEP_2026_0c00026515.pdf
loc-bnf-04a93a57262074f8,BNF,Combustible,PETROCHACO,Avda. Cristo Rey c/ Calle 5.,Caacupé,Cordillera,,,,https://www.bnf.gov.py/uploads/Promocion_Reintegro_Estaciones_de_Servicio_2026_SEP_2026_0c00026515.pdf
loc-bnf-ab649746e27a4675,BNF,Combustible,PETROCHACO,Gaudioso Núñez esq. San Isidro – Cabañas.,Caacupé,Cordillera,,,,https://www.bnf.gov.py/uploads/Promocion_Reintegro_Estaciones_de_Servicio_2026_SEP_2026_0c00026515.pdf
loc-bnf-ec8e9b8cf6470ca0,BNF,Combustible,PUMA ENERGY,Ruta 2 Mcal. Estigarribia – Km. 52.,Caacupé,Cordillera,,,,https://www.bnf.gov.py/uploads/Promocion_Reintegro_Estaciones_de_Servicio_2026_SEP_2026_0c00026515.pdf
loc-bnf-ab2496b114ce37b1,BNF,Combustible,COMPASA,Avda. Acosta Ñu c/ Delfín Chamorro.,Caaguazú,Caaguazú,,,,https://www.bnf.gov.py/uploads/Promocion_Reintegro_Estaciones_de_Servicio_2026_SEP_2026_0c00026515.pdf
loc-bnf-7b48d9e50cb3111f,BNF,Combustible,COMPASA,Gral. Bernardino Caballero esq. Pte. Carlos Antonio López.,Caaguazú,Caaguazú,,,,https://www.bnf.gov.py/uploads/Promocion_Reintegro_Estaciones_de_Servicio_2026_SEP_2026_0c00026515.pdf
loc-bnf-cb6efba20d19997b,BNF,Combustible,COPETROL,"Ruta 2, Km. 181,5.",Caaguazú,Caaguazú,,,,https://www.bnf.gov.py/uploads/Promocion_Reintegro_Estaciones_de_Servicio_2026_SEP_2026_0c00026515.pdf
loc-bnf-0848bfcb3f895cc1,BNF,Combustible,PETROCHACO,Ruta PY02 Km. 190.,Caaguazú,Caaguazú,,,,https://www.bnf.gov.py/uploads/Promocion_Reintegro_Estaciones_de_Servicio_2026_SEP_2026_0c00026515.pdf
loc-bnf-f58c39ed1058b9ae,BNF,Combustible,PETROCHACO,Ruta PY02 Km. 188.,Caaguazú,Caaguazú,,,,https://www.bnf.gov.py/uploads/Promocion_Reintegro_Estaciones_de_Servicio_2026_SEP_2026_0c00026515.pdf
loc-bnf-be030de69f1e4d8d,BNF,Combustible,PUMA ENERGY,Ruta 7 Km. 124.,Caaguazú,Caaguazú,,,,https://www.bnf.gov.py/uploads/Promocion_Reintegro_Estaciones_de_Servicio_2026_SEP_2026_0c00026515.pdf
loc-bnf-4b88d94492c014f7,BNF,Combustible,PUMA ENERGY,Ruta 7 Km. 175.,Caaguazú,Caaguazú,,,,https://www.bnf.gov.py/uploads/Promocion_Reintegro_Estaciones_de_Servicio_2026_SEP_2026_0c00026515.pdf
loc-bnf-0ae18a84a5f5438f,BNF,Combustible,PUMA ENERGY,15 de Agosto c/ Guillermo Arias.,Caaguazú,Caaguazú,,,,https://www.bnf.gov.py/uploads/Promocion_Reintegro_Estaciones_de_Servicio_2026_SEP_2026_0c00026515.pdf
loc-bnf-d2c7d14d3c5b4740,BNF,Combustible,PUMA ENERGY,Ruta PY02 Km. 160.,Caaguazú,Caaguazú,,,,https://www.bnf.gov.py/uploads/Promocion_Reintegro_Estaciones_de_Servicio_2026_SEP_2026_0c00026515.pdf
loc-bnf-e2ba5db008950268,BNF,Combustible,COMPASA,Calle San Pedro y Mcal. López.,Capiatá,Central,,,,https://www.bnf.gov.py/uploads/Promocion_Reintegro_Estaciones_de_Servicio_2026_SEP_2026_0c00026515.pdf
loc-bnf-019a7eac710f1257,BNF,Combustible,PETROCHACO,Avda. Doctor López esq. Los Lagos.,Capiatá,Central,,,,https://www.bnf.gov.py/uploads/Promocion_Reintegro_Estaciones_de_Servicio_2026_SEP_2026_0c00026515.pdf
loc-bnf-b4befb73a4a0de6f,BNF,Combustible,PUMA ENERGY,"Ruta 1 Km. 20,5.",Capiatá,Central,,,,https://www.bnf.gov.py/uploads/Promocion_Reintegro_Estaciones_de_Servicio_2026_SEP_2026_0c00026515.pdf
loc-bnf-f5c0be758a61122f,BNF,Combustible,PUMA ENERGY,Ruta 2 Mcal. Estigarribia Km. 20.,Capiatá,Central,,,,https://www.bnf.gov.py/uploads/Promocion_Reintegro_Estaciones_de_Servicio_2026_SEP_2026_0c00026515.pdf
loc-bnf-ceed142c6c581b49,BNF,Combustible,PUMA ENERGY,Diego Lopez c/ Curupayty.,Capiatá,Central,,,,https://www.bnf.gov.py/uploads/Promocion_Reintegro_Estaciones_de_Servicio_2026_SEP_2026_0c00026515.pdf
loc-bnf-4a146006d943f150,BNF,Combustible,PUMA ENERGY,Avenida Primavera c/ Emilio Gab. Km. 20.,Capiatá,Central,,,,https://www.bnf.gov.py/uploads/Promocion_Reintegro_Estaciones_de_Servicio_2026_SEP_2026_0c00026515.pdf
loc-bnf-f9de40db2b9e6683,BNF,Combustible,PUMA ENERGY,"Adán Ramírez, Barrio Loma Cavel.",Capiatá,Central,,,,https://www.bnf.gov.py/uploads/Promocion_Reintegro_Estaciones_de_Servicio_2026_SEP_2026_0c00026515.pdf
loc-bnf-68e4ee4233b47c84,BNF,Combustible,COPETROL,Los Colonos y Avda. Los Pioneros.,Capitán Meza,Itapúa,,,,https://www.bnf.gov.py/uploads/Promocion_Reintegro_Estaciones_de_Servicio_2026_SEP_2026_0c00026515.pdf
loc-bnf-59ab32f5ad102ad0,BNF,Combustible,PUMA ENERGY,"Ruta 6 Km. 18,5.",Capitán Miranda,Itapúa,,,,https://www.bnf.gov.py/uploads/Promocion_Reintegro_Estaciones_de_Servicio_2026_SEP_2026_0c00026515.pdf
loc-bnf-7071569777bd0366,BNF,Combustible,COPETROL,EE.SS Parador Carapeguá,Carapeguá,Paraguarí,,,,https://www.bnf.gov.py/uploads/Promocion_Reintegro_Estaciones_de_Servicio_2026_SEP_2026_0c00026515.pdf
loc-bnf-9032c0d43b6e7a0f,BNF,Combustible,PETROCHACO,Ruta D027 esq. Ruta Carapeguá – Acahay.,Carapeguá,Paraguarí,,,,https://www.bnf.gov.py/uploads/Promocion_Reintegro_Estaciones_de_Servicio_2026_SEP_2026_0c00026515.pdf
loc-bnf-8c52e47d1413a937,BNF,Combustible,PUMA ENERGY,Calle Colón Sinforino Rodríguez.,Carapeguá,Paraguarí,,,,https://www.bnf.gov.py/uploads/Promocion_Reintegro_Estaciones_de_Servicio_2026_SEP_2026_0c00026515.pdf
loc-bnf-cc7decbb2a478f98,BNF,Combustible,COMPASA,Ruta P08 y Pte. Franco.,Carayaó,Caaguazú,,,,https://www.bnf.gov.py/uploads/Promocion_Reintegro_Estaciones_de_Servicio_2026_SEP_2026_0c00026515.pdf
loc-bnf-df26deb166b4afb8,BNF,Combustible,PUMA ENERGY,Popal al lado de la estancia Kuffel - Colonia Tirol.,Carlos Antonio López,Itapúa,,,,https://www.bnf.gov.py/uploads/Promocion_Reintegro_Estaciones_de_Servicio_2026_SEP_2026_0c00026515.pdf
loc-bnf-84cd2758cda13b79,BNF,Combustible,COPETROL,Avda. San Blas e/ Supercarretera – Rotonda.,Ciudad del Este,Alto Paraná,,,,https://www.bnf.gov.py/uploads/Promocion_Reintegro_Estaciones_de_Servicio_2026_SEP_2026_0c00026515.pdf
loc-bnf-d248f620f5e8988d,BNF,Combustible,COPETROL,Avda. Bernardino Caballero y Cañadón Chaqueño.,Ciudad del Este,Alto Paraná,,,,https://www.bnf.gov.py/uploads/Promocion_Reintegro_Estaciones_de_Servicio_2026_SEP_2026_0c00026515.pdf
loc-bnf-3810c6ee14889305,BNF,Combustible,COPETROL,"Avda. Bernardino Caballero, Frente a Gran Vía.",Ciudad del Este,Alto Paraná,,,,https://www.bnf.gov.py/uploads/Promocion_Reintegro_Estaciones_de_Servicio_2026_SEP_2026_0c00026515.pdf
loc-bnf-36a1ff1c0fdd807a,BNF,Combustible,COPETROL,"Avda. San Blas (Ruta 7, Km. 5).",Ciudad del Este,Alto Paraná,,,,https://www.bnf.gov.py/uploads/Promocion_Reintegro_Estaciones_de_Servicio_2026_SEP_2026_0c00026515.pdf
loc-bnf-c1ef9a46dc7fe79a,BNF,Combustible,COPETROL,Blas Garay y Monseñor Rodríguez.,Ciudad del Este,Alto Paraná,,,,https://www.bnf.gov.py/uploads/Promocion_Reintegro_Estaciones_de_Servicio_2026_SEP_2026_0c00026515.pdf
loc-bnf-e2ab993e668aacca,BNF,Combustible,PETROCHACO,Minga Guazú Km. 14.,Ciudad del Este,Alto Paraná,,,,https://www.bnf.gov.py/uploads/Promocion_Reintegro_Estaciones_de_Servicio_2026_SEP_2026_0c00026515.pdf
loc-bnf-8c8f05a993dfba29,BNF,Combustible,PETROCHACO,Avda. Rogelio Benítez y Lomas Valentinas.,Ciudad del Este,Alto Paraná,,,,https://www.bnf.gov.py/uploads/Promocion_Reintegro_Estaciones_de_Servicio_2026_SEP_2026_0c00026515.pdf
loc-bnf-3c121c35ba30a07f,BNF,Combustible,PETROCHACO,Km. 10 Acaray.,Ciudad del Este,Alto Paraná,,,,https://www.bnf.gov.py/uploads/Promocion_Reintegro_Estaciones_de_Servicio_2026_SEP_2026_0c00026515.pdf
loc-bnf-fbd45584c72af417,BNF,Combustible,PETROCHACO,O’Leary esq. José Asunción Flores.,Ciudad del Este,Alto Paraná,,,,https://www.bnf.gov.py/uploads/Promocion_Reintegro_Estaciones_de_Servicio_2026_SEP_2026_0c00026515.pdf
loc-bnf-d3a0d0309a73be2f,BNF,Combustible,PETROCHACO,Tte. Facundo Almada esq. Avda. Capitán del Puerto.,Ciudad del Este,Alto Paraná,,,,https://www.bnf.gov.py/uploads/Promocion_Reintegro_Estaciones_de_Servicio_2026_SEP_2026_0c00026515.pdf
loc-bnf-2b48ccb07114212b,BNF,Combustible,PETROCHACO,Avda. Fortín Toledo esq. O’Higgins.,Ciudad del Este,Alto Paraná,,,,https://www.bnf.gov.py/uploads/Promocion_Reintegro_Estaciones_de_Servicio_2026_SEP_2026_0c00026515.pdf
loc-bnf-f8bdbfa3ed5fb35a,BNF,Combustible,PETROCHACO,Monseñor Rodríguez esq. Rafael Barret.,Ciudad del Este,Alto Paraná,,,,https://www.bnf.gov.py/uploads/Promocion_Reintegro_Estaciones_de_Servicio_2026_SEP_2026_0c00026515.pdf
loc-bnf-de55dc858c29f99c,BNF,Combustible,PETROCHACO,Km. 14 – Ruta Los Cedrales.,Ciudad del Este,Alto Paraná,,,,https://www.bnf.gov.py/uploads/Promocion_Reintegro_Estaciones_de_Servicio_2026_SEP_2026_0c00026515.pdf
loc-bnf-ad08bcd54161b8f1,BNF,Combustible,PETROCHACO,Avda. Naranjal esq. Nuestra Señora de la Asunción.,Ciudad del Este,Alto Paraná,,,,https://www.bnf.gov.py/uploads/Promocion_Reintegro_Estaciones_de_Servicio_2026_SEP_2026_0c00026515.pdf
loc-bnf-5c81ee19abcafe5d,BNF,Combustible,PETROCHACO,Supercarretera Carlos Antonio López.,Ciudad del Este,Alto Paraná,,,,https://www.bnf.gov.py/uploads/Promocion_Reintegro_Estaciones_de_Servicio_2026_SEP_2026_0c00026515.pdf
loc-bnf-726814a152ec699e,BNF,Combustible,PETROCHACO,"Avda. Amado Benítez Gamarra, frente al Seminario.",Ciudad del Este,Alto Paraná,,,,https://www.bnf.gov.py/uploads/Promocion_Reintegro_Estaciones_de_Servicio_2026_SEP_2026_0c00026515.pdf
loc-bnf-4e1039463140c258,BNF,Combustible,PETROCHACO,Avda. Manuel Ortiz Guerrero esq. Natalicio Talavera.,Ciudad del Este,Alto Paraná,,,,https://www.bnf.gov.py/uploads/Promocion_Reintegro_Estaciones_de_Servicio_2026_SEP_2026_0c00026515.pdf
loc-bnf-69425d7aa8362425,BNF,Combustible,PUMA ENERGY,Km. 9 – Acaray.,Ciudad del Este,Alto Paraná,,,,https://www.bnf.gov.py/uploads/Promocion_Reintegro_Estaciones_de_Servicio_2026_SEP_2026_0c00026515.pdf
loc-bnf-15acab0e3dde7ec4,BNF,Combustible,PUMA ENERGY,Avenida Julio Cesar Riquelme,Ciudad del Este,Alto Paraná,,,,https://www.bnf.gov.py/uploads/Promocion_Reintegro_Estaciones_de_Servicio_2026_SEP_2026_0c00026515.pdf
loc-bnf-da80c68ba4715d9c,BNF,Combustible,PUMA ENERGY,Alejo García y Sgto. Rivas Ortellado - Barrio Catedral.,Ciudad del Este,Alto Paraná,,,,https://www.bnf.gov.py/uploads/Promocion_Reintegro_Estaciones_de_Servicio_2026_SEP_2026_0c00026515.pdf
loc-bnf-ebfb74a3bc0e608b,BNF,Combustible,PUMA ENERGY,Avda. Bernardino Caballero entre Av. América y Julio Correa.,Ciudad del Este,Alto Paraná,,,,https://www.bnf.gov.py/uploads/Promocion_Reintegro_Estaciones_de_Servicio_2026_SEP_2026_0c00026515.pdf
loc-bnf-244b5b4b938ab64c,BNF,Combustible,PUMA ENERGY,Avda. Amado Benitez y 25 de Agosto - Barrio Santa Ana.,Ciudad del Este,Alto Paraná,,,,https://www.bnf.gov.py/uploads/Promocion_Reintegro_Estaciones_de_Servicio_2026_SEP_2026_0c00026515.pdf
loc-bnf-d4049085c61dec51,BNF,Combustible,PUMA ENERGY,"Ruta 7, Km. 4,5 - Ciudad del Este.",Ciudad del Este,Alto Paraná,,,,https://www.bnf.gov.py/uploads/Promocion_Reintegro_Estaciones_de_Servicio_2026_SEP_2026_0c00026515.pdf
loc-bnf-05704dc96f0cf236,BNF,Combustible,PUMA ENERGY,Avda. Peru esq. Fortin Toledo.,Ciudad del Este,Alto Paraná,,,,https://www.bnf.gov.py/uploads/Promocion_Reintegro_Estaciones_de_Servicio_2026_SEP_2026_0c00026515.pdf
loc-bnf-045ccb07569e9121,BNF,Combustible,PUMA ENERGY,Jose Marti y Av. Benigno Ferreira - Barrio Ciudad Nueva.,Ciudad del Este,Alto Paraná,,,,https://www.bnf.gov.py/uploads/Promocion_Reintegro_Estaciones_de_Servicio_2026_SEP_2026_0c00026515.pdf
loc-bnf-319b9b9129edadd9,BNF,Combustible,PUMA ENERGY,Primero de Mayo c/ Guillermo Arias.,Ciudad del Este,Alto Paraná,,,,https://www.bnf.gov.py/uploads/Promocion_Reintegro_Estaciones_de_Servicio_2026_SEP_2026_0c00026515.pdf
loc-bnf-fd5b42a4a5ffad61,BNF,Combustible,PUMA ENERGY,Iturbe y Azara.,Ciudad del Este,Alto Paraná,,,,https://www.bnf.gov.py/uploads/Promocion_Reintegro_Estaciones_de_Servicio_2026_SEP_2026_0c00026515.pdf
loc-bnf-45c0b4f5d1e063e3,BNF,Combustible,COPETROL,Lugar denominado Cruce Melgarejo Ramal Ruta 8.,Colonia Independencia,Guairá,,,,https://www.bnf.gov.py/uploads/Promocion_Reintegro_Estaciones_de_Servicio_2026_SEP_2026_0c00026515.pdf
loc-bnf-394538b66c21249e,BNF,Combustible,COMPASA,Avda. Boquerón y Juan Carlos García.,Concepción,Concepción,,,,https://www.bnf.gov.py/uploads/Promocion_Reintegro_Estaciones_de_Servicio_2026_SEP_2026_0c00026515.pdf
loc-bnf-abaa0337a23b82c3,BNF,Combustible,COMPASA,Avda. Agustín F. de Pinedo c/ Caballero Añazco.,Concepción,Concepción,,,,https://www.bnf.gov.py/uploads/Promocion_Reintegro_Estaciones_de_Servicio_2026_SEP_2026_0c00026515.pdf
loc-bnf-a02bf52707d385d5,BNF,Combustible,COPETROL,Heriberto Colombino y Ruta Transchaco Concepción.,Concepción,Concepción,,,,https://www.bnf.gov.py/uploads/Promocion_Reintegro_Estaciones_de_Servicio_2026_SEP_2026_0c00026515.pdf
loc-bnf-55f140d0e8fecb99,BNF,Combustible,COPETROL,Agustín Fernando de Pinedo y Capitán Herminio Mendoza.,Concepción,Concepción,,,,https://www.bnf.gov.py/uploads/Promocion_Reintegro_Estaciones_de_Servicio_2026_SEP_2026_0c00026515.pdf
loc-bnf-01d7e1c85aaaf001,BNF,Combustible,PETROCHACO,Padre Fermín Sarmiento esq. Sargento Pirelli.,Concepción,Concepción,,,,https://www.bnf.gov.py/uploads/Promocion_Reintegro_Estaciones_de_Servicio_2026_SEP_2026_0c00026515.pdf
loc-bnf-e651c1a4d2418e69,BNF,Combustible,PUMA ENERGY,"Finca N° 12.943, Lugar Denominado Abasto Cué.",Concepción,Concepción,,,,https://www.bnf.gov.py/uploads/Promocion_Reintegro_Estaciones_de_Servicio_2026_SEP_2026_0c00026515.pdf
loc-bnf-c10dfcfe899c374e,BNF,Combustible,COPETROL,"Ruta PY01, Km. 322.",Coronel Bogado,Itapúa,,,,https://www.bnf.gov.py/uploads/Promocion_Reintegro_Estaciones_de_Servicio_2026_SEP_2026_0c00026515.pdf
loc-bnf-dd4d209fbc295fef,BNF,Combustible,COPETROL,Ruta PY01 y Tacuary.,Coronel Bogado,Itapúa,,,,https://www.bnf.gov.py/uploads/Promocion_Reintegro_Estaciones_de_Servicio_2026_SEP_2026_0c00026515.pdf
loc-bnf-eb0fdd7190e2f231,BNF,Combustible,COMPASA,Avenida Defensores del Chaco Nº 120.,Coronel Oviedo,Caaguazú,,,,https://www.bnf.gov.py/uploads/Promocion_Reintegro_Estaciones_de_Servicio_2026_SEP_2026_0c00026515.pdf
loc-bnf-07de5a4a325bdce8,BNF,Combustible,COMPASA,Nanawa e/ Ayolas.,Coronel Oviedo,Caaguazú,,,,https://www.bnf.gov.py/uploads/Promocion_Reintegro_Estaciones_de_Servicio_2026_SEP_2026_0c00026515.pdf
loc-bnf-0d61e4f2d4e8e76f,BNF,Combustible,COPETROL,Avda. Jaime San Just y Dr. J.E. Estigarribia.,Coronel Oviedo,Caaguazú,,,,https://www.bnf.gov.py/uploads/Promocion_Reintegro_Estaciones_de_Servicio_2026_SEP_2026_0c00026515.pdf
loc-bnf-c552f8f33a080366,BNF,Combustible,COPETROL,Jose Alfonso Godoy y Arzobispo Juan Bogarin.,Coronel Oviedo,Caaguazú,,,,https://www.bnf.gov.py/uploads/Promocion_Reintegro_Estaciones_de_Servicio_2026_SEP_2026_0c00026515.pdf
loc-bnf-70154ff059496db5,BNF,Combustible,PETROCHACO,Calle Marista c/ Loteadora Fracción 2.,Coronel Oviedo,Caaguazú,,,,https://www.bnf.gov.py/uploads/Promocion_Reintegro_Estaciones_de_Servicio_2026_SEP_2026_0c00026515.pdf
loc-bnf-859f19e388b3e797,BNF,Combustible,PUMA ENERGY,Defensores del Chaco esq. Canindeyú.,Coronel Oviedo,Caaguazú,,,,https://www.bnf.gov.py/uploads/Promocion_Reintegro_Estaciones_de_Servicio_2026_SEP_2026_0c00026515.pdf
loc-bnf-6a28a45279a72e2c,BNF,Combustible,PUMA ENERGY,Avda. Mcal. Estigarribia entre Carmelo Peralta y Sargento 1ro. Florentino Benitez - Centro de Cnel. Oviedo.,Coronel Oviedo,Caaguazú,,,,https://www.bnf.gov.py/uploads/Promocion_Reintegro_Estaciones_de_Servicio_2026_SEP_2026_0c00026515.pdf
loc-bnf-2ad3d47ee3b1addf,BNF,Combustible,PUMA ENERGY,Ruta 10 Km 365 Cruce Guaraní.,Corpus Christi,Canindeyú,,,,https://www.bnf.gov.py/uploads/Promocion_Reintegro_Estaciones_de_Servicio_2026_SEP_2026_0c00026515.pdf
loc-bnf-61a49f529fc0d710,BNF,Combustible,COMPASA,Crescencio Frutos c/ Ex Combatiente Gerónimo Paredes.,Curuguaty,Canindeyú,,,,https://www.bnf.gov.py/uploads/Promocion_Reintegro_Estaciones_de_Servicio_2026_SEP_2026_0c00026515.pdf
loc-bnf-563ed6bac685cf0b,BNF,Combustible,COMPASA,Mcal. José Félix Estigarribia esq. 1ro. de Marzo.,Curuguaty,Canindeyú,,,,https://www.bnf.gov.py/uploads/Promocion_Reintegro_Estaciones_de_Servicio_2026_SEP_2026_0c00026515.pdf
loc-bnf-47e16f021773856d,BNF,Combustible,COPETROL,14 de Mayo esquina Rotela,Curuguaty,Canindeyú,,,,https://www.bnf.gov.py/uploads/Promocion_Reintegro_Estaciones_de_Servicio_2026_SEP_2026_0c00026515.pdf
loc-bnf-2587364ea58addd4,BNF,Combustible,PUMA ENERGY,"Ruta 10 Km 300, a KM 35 de Lugar Ybyra Pyta.",Curuguaty,Canindeyú,,,,https://www.bnf.gov.py/uploads/Promocion_Reintegro_Estaciones_de_Servicio_2026_SEP_2026_0c00026515.pdf
loc-bnf-0fb677c503013d9f,BNF,Combustible,PUMA ENERGY,Avda. 14 de mayo y Silvio Pettirossi.,Curuguaty,Canindeyú,,,,https://www.bnf.gov.py/uploads/Promocion_Reintegro_Estaciones_de_Servicio_2026_SEP_2026_0c00026515.pdf
loc-bnf-d86f414a0b745c7f,BNF,Combustible,PUMA ENERGY,Colonia Edelira a Km. 30 de la Ruta 6.,Edelira,Itapúa,,,,https://www.bnf.gov.py/uploads/Promocion_Reintegro_Estaciones_de_Servicio_2026_SEP_2026_0c00026515.pdf
loc-bnf-8064880e749c0059,BNF,Combustible,PUMA ENERGY,Ruta 6 Km. 107 – Colonia Pirapey.,Edelira,Itapúa,,,,https://www.bnf.gov.py/uploads/Promocion_Reintegro_Estaciones_de_Servicio_2026_SEP_2026_0c00026515.pdf
loc-bnf-5900b4a57d290c87,BNF,Combustible,PETROCHACO,Ruta PY03 Gral. Elizardo Aquino Km. 35.,Emboscada,Cordillera,,,,https://www.bnf.gov.py/uploads/Promocion_Reintegro_Estaciones_de_Servicio_2026_SEP_2026_0c00026515.pdf
loc-bnf-97fd4ded0386bc08,BNF,Combustible,COPETROL,Avda. Matiauta esq. Calle 5ta.,Encarnación,Itapúa,,,,https://www.bnf.gov.py/uploads/Promocion_Reintegro_Estaciones_de_Servicio_2026_SEP_2026_0c00026515.pdf
loc-bnf-9960b48ee76c78ab,BNF,Combustible,COPETROL,Ruta 1 Km 374.,Encarnación,Itapúa,,,,https://www.bnf.gov.py/uploads/Promocion_Reintegro_Estaciones_de_Servicio_2026_SEP_2026_0c00026515.pdf
loc-bnf-09762fbeb978bfdf,BNF,Combustible,COPETROL,Avda. San Roque e/ San Blas.,Encarnación,Itapúa,,,,https://www.bnf.gov.py/uploads/Promocion_Reintegro_Estaciones_de_Servicio_2026_SEP_2026_0c00026515.pdf
loc-bnf-f7148c3f92138f6f,BNF,Combustible,COPETROL,Avda. Irrazabal esq. Curupayty.,Encarnación,Itapúa,,,,https://www.bnf.gov.py/uploads/Promocion_Reintegro_Estaciones_de_Servicio_2026_SEP_2026_0c00026515.pdf
loc-bnf-f7042945c8b9cb1a,BNF,Combustible,COPETROL,Ruta 7 Km 15.,Encarnación,Itapúa,,,,https://www.bnf.gov.py/uploads/Promocion_Reintegro_Estaciones_de_Servicio_2026_SEP_2026_0c00026515.pdf
loc-bnf-fce9b22d3e818e88,BNF,Combustible,PETROCHACO,Ntra. Sra. de Fátima esq. Santa Lucía.,Encarnación,Itapúa,,,,https://www.bnf.gov.py/uploads/Promocion_Reintegro_Estaciones_de_Servicio_2026_SEP_2026_0c00026515.pdf
loc-bnf-b8c85b279f1d6451,BNF,Combustible,PUMA ENERGY,Avenida Caballero c/ Avda. Irrazabal.,Encarnación,Itapúa,,,,https://www.bnf.gov.py/uploads/Promocion_Reintegro_Estaciones_de_Servicio_2026_SEP_2026_0c00026515.pdf
loc-bnf-3a0b320251e52f28,BNF,Combustible,PUMA ENERGY,Ruta 6 Km. 2 - Entrada Chaipe.,Encarnación,Itapúa,,,,https://www.bnf.gov.py/uploads/Promocion_Reintegro_Estaciones_de_Servicio_2026_SEP_2026_0c00026515.pdf
loc-bnf-97d148a3ee3ce3ea,BNF,Combustible,PUMA ENERGY,Calle Carlos A. López y Gral. Cabañas.,Encarnación,Itapúa,,,,https://www.bnf.gov.py/uploads/Promocion_Reintegro_Estaciones_de_Servicio_2026_SEP_2026_0c00026515.pdf
loc-bnf-64c95d37545e8cdc,BNF,Combustible,PUMA ENERGY,Avenida Irrazabal esq. General Cabañas.,Encarnación,Itapúa,,,,https://www.bnf.gov.py/uploads/Promocion_Reintegro_Estaciones_de_Servicio_2026_SEP_2026_0c00026515.pdf
loc-bnf-c042b1b3b3c0d58e,BNF,Combustible,PUMA ENERGY,Ruta 1 Km. 12.,Encarnación,Itapúa,,,,https://www.bnf.gov.py/uploads/Promocion_Reintegro_Estaciones_de_Servicio_2026_SEP_2026_0c00026515.pdf
loc-bnf-f1e129935a8e94c0,BNF,Combustible,PUMA ENERGY,Carlos Hrase y Ruta 1.,Encarnación,Itapúa,,,,https://www.bnf.gov.py/uploads/Promocion_Reintegro_Estaciones_de_Servicio_2026_SEP_2026_0c00026515.pdf
loc-bnf-555b858691c1faf5,BNF,Combustible,PUMA ENERGY,Ruta 2 Km. 75.,Eusebio Ayala,Cordillera,,,,https://www.bnf.gov.py/uploads/Promocion_Reintegro_Estaciones_de_Servicio_2026_SEP_2026_0c00026515.pdf
loc-bnf-fec4bb9acbcca71a,BNF,Combustible,3MG,Fortín Toledo esq. Herminio Giménez.,Fernando de la Mora,Central,,,,https://www.bnf.gov.py/uploads/Promocion_Reintegro_Estaciones_de_Servicio_2026_SEP_2026_0c00026515.pdf
loc-bnf-53e11d4968e0b24a,BNF,Combustible,3MG,Usher Ríos esq. Ceferino Ruiz.,Fernando de la Mora,Central,,,,https://www.bnf.gov.py/uploads/Promocion_Reintegro_Estaciones_de_Servicio_2026_SEP_2026_0c00026515.pdf
loc-bnf-ed109513d4431eb1,BNF,Combustible,COMPASA,Soldado Ovelar esq. Ceferino Ruiz.,Fernando de la Mora,Central,,,,https://www.bnf.gov.py/uploads/Promocion_Reintegro_Estaciones_de_Servicio_2026_SEP_2026_0c00026515.pdf
loc-bnf-f00f26285741ac90,BNF,Combustible,COPETROL,Pitiantuta y Asunción.,Fernando de la Mora,Central,,,,https://www.bnf.gov.py/uploads/Promocion_Reintegro_Estaciones_de_Servicio_2026_SEP_2026_0c00026515.pdf
loc-bnf-18feb75da25bb9c0,BNF,Combustible,COPETROL,Avda. Santa Teresa y Delfín Chamorro.,Fernando de la Mora,Central,,,,https://www.bnf.gov.py/uploads/Promocion_Reintegro_Estaciones_de_Servicio_2026_SEP_2026_0c00026515.pdf
loc-bnf-81a0f28e473aaa1d,BNF,Combustible,COPETROL,11 de Setiembre e/ 15 de Agosto y 16 de Julio.,Fernando de la Mora,Central,,,,https://www.bnf.gov.py/uploads/Promocion_Reintegro_Estaciones_de_Servicio_2026_SEP_2026_0c00026515.pdf
loc-bnf-6d6107b901e3cd48,BNF,Combustible,COPETROL,Avda. 10 de Julio esq. Ypané.,Fernando de la Mora,Central,,,,https://www.bnf.gov.py/uploads/Promocion_Reintegro_Estaciones_de_Servicio_2026_SEP_2026_0c00026515.pdf
loc-bnf-86ef9b8910b70d47,BNF,Combustible,COPETROL,Av. Leopardi c/ Ayolas.,Fernando de la Mora,Central,,,,https://www.bnf.gov.py/uploads/Promocion_Reintegro_Estaciones_de_Servicio_2026_SEP_2026_0c00026515.pdf
loc-bnf-068a47c9899e334b,BNF,Combustible,COPETROL,Clemente Romero esq. Libertad.,Fernando de la Mora,Central,,,,https://www.bnf.gov.py/uploads/Promocion_Reintegro_Estaciones_de_Servicio_2026_SEP_2026_0c00026515.pdf
loc-bnf-ff71757b5de76076,BNF,Combustible,COPETROL,Mcal. Lopez esq. Ingavi.,Fernando de la Mora,Central,,,,https://www.bnf.gov.py/uploads/Promocion_Reintegro_Estaciones_de_Servicio_2026_SEP_2026_0c00026515.pdf
loc-bnf-35e03a346de6ab5f,BNF,Combustible,COPETROL,Mcal. Estigarribia. Comandante Rafael Franco.,Fernando de la Mora,Central,,,,https://www.bnf.gov.py/uploads/Promocion_Reintegro_Estaciones_de_Servicio_2026_SEP_2026_0c00026515.pdf
loc-bnf-be17386e6e872069,BNF,Combustible,COPETROL,Madame Lynch y Bernardino Caballero.,Fernando de la Mora,Central,,,,https://www.bnf.gov.py/uploads/Promocion_Reintegro_Estaciones_de_Servicio_2026_SEP_2026_0c00026515.pdf
loc-bnf-cad626e4dc67b50e,BNF,Combustible,PETROCHACO,1° de Mayo esq. Panchito López.,Fernando de la Mora,Central,,,,https://www.bnf.gov.py/uploads/Promocion_Reintegro_Estaciones_de_Servicio_2026_SEP_2026_0c00026515.pdf
loc-bnf-09ce4d49c9df0b63,BNF,Combustible,PUMA ENERGY,Madame Lynch – Fdo. de la Mora,Fernando de la Mora,Central,,,,https://www.bnf.gov.py/uploads/Promocion_Reintegro_Estaciones_de_Servicio_2026_SEP_2026_0c00026515.pdf
loc-bnf-e6da3302b9175d12,BNF,Combustible,PUMA ENERGY,11 de Septiembre y Leopardi.,Fernando de la Mora,Central,,,,https://www.bnf.gov.py/uploads/Promocion_Reintegro_Estaciones_de_Servicio_2026_SEP_2026_0c00026515.pdf
loc-bnf-5c669abfb098390e,BNF,Combustible,PETROCHACO,Ruta Fram – La Paz c/ Rep. San Salvación.,Fram,Itapúa,,,,https://www.bnf.gov.py/uploads/Promocion_Reintegro_Estaciones_de_Servicio_2026_SEP_2026_0c00026515.pdf
loc-bnf-d05e013014938d7a,BNF,Combustible,PUMA ENERGY,Ruta Graneros del Sur.,Fram,Itapúa,,,,https://www.bnf.gov.py/uploads/Promocion_Reintegro_Estaciones_de_Servicio_2026_SEP_2026_0c00026515.pdf
loc-bnf-b7c1317e788fc457,BNF,Combustible,PUMA ENERGY,"Calle 3 c/ Ruta Graneros del Sur, Fuji, Distrito de la Paz.",Fram,Itapúa,,,,https://www.bnf.gov.py/uploads/Promocion_Reintegro_Estaciones_de_Servicio_2026_SEP_2026_0c00026515.pdf
loc-bnf-92293c5c6b09bb3c,BNF,Combustible,COPETROL,Cnel. Quintana y Mcal. Estigarribia.,General Artigas,Itapúa,,,,https://www.bnf.gov.py/uploads/Promocion_Reintegro_Estaciones_de_Servicio_2026_SEP_2026_0c00026515.pdf
loc-bnf-a53b26ac84393159,BNF,Combustible,PUMA ENERGY,Ruta 3 Km. 222. - Gral. Resquín.,General Resquín,San Pedro,,,,https://www.bnf.gov.py/uploads/Promocion_Reintegro_Estaciones_de_Servicio_2026_SEP_2026_0c00026515.pdf
loc-bnf-2eefb8c79fd2f4df,BNF,Combustible,COMPASA,Gral Francisco Alvarez c/ la Alborada.,Gral. Francisco Caballero Álvarez,Canindeyú,,,,https://www.bnf.gov.py/uploads/Promocion_Reintegro_Estaciones_de_Servicio_2026_SEP_2026_0c00026515.pdf
loc-bnf-1052cc7e6eefa545,BNF,Combustible,COPETROL,"Ruta Acceso Sur, Km. 32, Desvío a Guarambaré.",Guarambaré,Central,,,,https://www.bnf.gov.py/uploads/Promocion_Reintegro_Estaciones_de_Servicio_2026_SEP_2026_0c00026515.pdf
loc-bnf-8872b27ddfeb524e,BNF,Combustible,COPETROL,Ruta Guarambaré/Villeta,Guarambaré,Central,,,,https://www.bnf.gov.py/uploads/Promocion_Reintegro_Estaciones_de_Servicio_2026_SEP_2026_0c00026515.pdf
loc-bnf-a29ea4904a93a52f,BNF,Combustible,PETROCHACO,"Ruta PY01, desvío Villeta.",Guarambaré,Central,,,,https://www.bnf.gov.py/uploads/Promocion_Reintegro_Estaciones_de_Servicio_2026_SEP_2026_0c00026515.pdf
loc-bnf-8107d7f138e488e6,BNF,Combustible,PUMA ENERGY,Ruta 3 Km. 241 – Guayaiby.,Guayaiby,San Pedro,,,,https://www.bnf.gov.py/uploads/Promocion_Reintegro_Estaciones_de_Servicio_2026_SEP_2026_0c00026515.pdf
loc-bnf-bef7ae418ca0bbc3,BNF,Combustible,COMPASA,Avda. Juan E. O’Leary c/ Cesar Gianotti (Centro).,Hernandarias,Alto Paraná,,,,https://www.bnf.gov.py/uploads/Promocion_Reintegro_Estaciones_de_Servicio_2026_SEP_2026_0c00026515.pdf
loc-bnf-da85ae3a0bc3b2f6,BNF,Combustible,COMPASA,Supercarretera camino a Salto del Guaira Km 384 - Colonia Fortuna.,Hernandarias,Alto Paraná,,,,https://www.bnf.gov.py/uploads/Promocion_Reintegro_Estaciones_de_Servicio_2026_SEP_2026_0c00026515.pdf
loc-bnf-381a17664243f69b,BNF,Combustible,PUMA ENERGY,Km. 2 Supercarretera c/ Avda. Rodríguez de Francia.,Hernandarias,Alto Paraná,,,,https://www.bnf.gov.py/uploads/Promocion_Reintegro_Estaciones_de_Servicio_2026_SEP_2026_0c00026515.pdf
loc-bnf-5e60b075a391b985,BNF,Combustible,COPETROL,"Ruta 6, Km. 35.",Hohenau,Itapúa,,,,https://www.bnf.gov.py/uploads/Promocion_Reintegro_Estaciones_de_Servicio_2026_SEP_2026_0c00026515.pdf
loc-bnf-adcd89fd07184043,BNF,Combustible,PUMA ENERGY,Ruta 6 Km. 38.,Hohenau,Itapúa,,,,https://www.bnf.gov.py/uploads/Promocion_Reintegro_Estaciones_de_Servicio_2026_SEP_2026_0c00026515.pdf
loc-bnf-dd9cf7a9f09da999,BNF,Combustible,COPETROL,Cruce Horqueta y Ruta 5.,Horqueta,Concepción,,,,https://www.bnf.gov.py/uploads/Promocion_Reintegro_Estaciones_de_Servicio_2026_SEP_2026_0c00026515.pdf
loc-bnf-e1a86541f53bac73,BNF,Combustible,COPETROL,Cap. Guermencindo Sosa esq. Hermanos Luis Arbues.,Horqueta,Concepción,,,,https://www.bnf.gov.py/uploads/Promocion_Reintegro_Estaciones_de_Servicio_2026_SEP_2026_0c00026515.pdf
loc-bnf-a396a91555542cce,BNF,Combustible,COPETROL,Ruta 10 La Residenta c/ 14 de Mayo.,Itacurubi del Rosario,San Pedro,,,,https://www.bnf.gov.py/uploads/Promocion_Reintegro_Estaciones_de_Servicio_2026_SEP_2026_0c00026515.pdf
loc-bnf-7dca7a5e20fb55e4,BNF,Combustible,PUMA ENERGY,Ruta 2 Km. 84.,Itacurubí de la Cordillera,Cordillera,,,,https://www.bnf.gov.py/uploads/Promocion_Reintegro_Estaciones_de_Servicio_2026_SEP_2026_0c00026515.pdf
loc-bnf-1992cf6d217f000e,BNF,Combustible,COPETROL,"Ruta 2, Km. 29.",Itauguá,Central,,,,https://www.bnf.gov.py/uploads/Promocion_Reintegro_Estaciones_de_Servicio_2026_SEP_2026_0c00026515.pdf
loc-bnf-3121c5ed19797b04,BNF,Combustible,COPETROL,Km. 28 de la Ruta II Mcal. Estigarribia.,Itauguá,Central,,,,https://www.bnf.gov.py/uploads/Promocion_Reintegro_Estaciones_de_Servicio_2026_SEP_2026_0c00026515.pdf
loc-bnf-e708ba4cdc770cc7,BNF,Combustible,COPETROL,Ruta Marcial Samaniego 9997,Itauguá,Central,,,,https://www.bnf.gov.py/uploads/Promocion_Reintegro_Estaciones_de_Servicio_2026_SEP_2026_0c00026515.pdf
loc-bnf-0dcce127d54a1262,BNF,Combustible,COPETROL,Ruta Mcal. Jose Felix Estigarribia c/ Gral. Delgado.,Itauguá,Central,,,,https://www.bnf.gov.py/uploads/Promocion_Reintegro_Estaciones_de_Servicio_2026_SEP_2026_0c00026515.pdf
loc-bnf-0cdfde29c108f7d0,BNF,Combustible,COPETROL,Ruta Gral. Samaniego y Calle Camino a Aveiro (Ruta Ita - Itauguá).,Itá,Central,,,,https://www.bnf.gov.py/uploads/Promocion_Reintegro_Estaciones_de_Servicio_2026_SEP_2026_0c00026515.pdf
loc-bnf-cad25dcdc2ca84fb,BNF,Combustible,PUMA ENERGY,Ruta 1 Km. 27 Finca N° 4263.,J. Augusto Saldivar,Central,,,,https://www.bnf.gov.py/uploads/Promocion_Reintegro_Estaciones_de_Servicio_2026_SEP_2026_0c00026515.pdf
loc-bnf-469fc8d1b0f36cf0,BNF,Combustible,COMPASA,Calle 2 Campo 9.,J. Eulogio Estigarribia,Caaguazú,,,,https://www.bnf.gov.py/uploads/Promocion_Reintegro_Estaciones_de_Servicio_2026_SEP_2026_0c00026515.pdf
loc-bnf-9228aab00ce17bee,BNF,Combustible,COPETROL,"Ruta 7, Km. 213.",J. Eulogio Estigarribia,Caaguazú,,,,https://www.bnf.gov.py/uploads/Promocion_Reintegro_Estaciones_de_Servicio_2026_SEP_2026_0c00026515.pdf
loc-bnf-eb2338284d26e5de,BNF,Combustible,PUMA ENERGY,Ruta 7 Km. 219 - Campo 8.,J. Eulogio Estigarribia,Caaguazú,,,,https://www.bnf.gov.py/uploads/Promocion_Reintegro_Estaciones_de_Servicio_2026_SEP_2026_0c00026515.pdf
loc-bnf-b61d286a3d0f84af,BNF,Combustible,PUMA ENERGY,Ruta 7 Km 213 - Campo 9.,J. Eulogio Estigarribia,Caaguazú,,,,https://www.bnf.gov.py/uploads/Promocion_Reintegro_Estaciones_de_Servicio_2026_SEP_2026_0c00026515.pdf
loc-bnf-7fd8f069fc505873,BNF,Combustible,PUMA ENERGY,Ruta 7 Km. 214 - Campo 9.,J. Eulogio Estigarribia,Caaguazú,,,,https://www.bnf.gov.py/uploads/Promocion_Reintegro_Estaciones_de_Servicio_2026_SEP_2026_0c00026515.pdf
loc-bnf-0a56472336e9aafd,BNF,Combustible,COMPASA,Dr. Gaspar Rodríguez de Francia.,José Domingo Ocampos,Caaguazú,,,,https://www.bnf.gov.py/uploads/Promocion_Reintegro_Estaciones_de_Servicio_2026_SEP_2026_0c00026515.pdf
loc-bnf-0a869b9ce79ee9c7,BNF,Combustible,PETROCHACO,Independencia Nacional y Maracaná 1.,Juan E. O´Leary,Caaguazú,,,,https://www.bnf.gov.py/uploads/Promocion_Reintegro_Estaciones_de_Servicio_2026_SEP_2026_0c00026515.pdf
loc-bnf-2bbe51d61ad070b7,BNF,Combustible,PETROCHACO,Ruta O´Leary camino a San Cristóbal.,Juan E. O´Leary.,Caaguazú,,,,https://www.bnf.gov.py/uploads/Promocion_Reintegro_Estaciones_de_Servicio_2026_SEP_2026_0c00026515.pdf
loc-bnf-60f2182a963063aa,BNF,Combustible,PUMA ENERGY,"Ruta 7 Km 248 , Juan E. O’leary.",Juan E. O’leary,Alto Paraná,,,,https://www.bnf.gov.py/uploads/Promocion_Reintegro_Estaciones_de_Servicio_2026_SEP_2026_0c00026515.pdf
loc-bnf-c818c0b922473d41,BNF,Combustible,PUMA ENERGY,Ruta 7 Km. 262.,Juan León Mallorquín,Alto Paraná,,,,https://www.bnf.gov.py/uploads/Promocion_Reintegro_Estaciones_de_Servicio_2026_SEP_2026_0c00026515.pdf
loc-bnf-98480b7579336d4d,BNF,Combustible,PUMA ENERGY,Pastoreo entrada.,Juan Manuel Frutos,Caaguazú,,,,https://www.bnf.gov.py/uploads/Promocion_Reintegro_Estaciones_de_Servicio_2026_SEP_2026_0c00026515.pdf
loc-bnf-499d3628d2cddf6e,BNF,Combustible,PUMA ENERGY,Calle Independencia Nacional esq. Ceferino Rodríguez Finca N° 1700.,Juan Manuel Frutos,Caaguazú,,,,https://www.bnf.gov.py/uploads/Promocion_Reintegro_Estaciones_de_Servicio_2026_SEP_2026_0c00026515.pdf
loc-bnf-63715f9c658e2623,BNF,Combustible,PUMA ENERGY,"Supercarretera Itaipu Km 140 Localidad de Nueva Esperanza, lugar denominado Troncal 4.",Katueté,Canindeyú,,,,https://www.bnf.gov.py/uploads/Promocion_Reintegro_Estaciones_de_Servicio_2026_SEP_2026_0c00026515.pdf
loc-bnf-1c25e586afce61b0,BNF,Combustible,PUMA ENERGY,Ruta 10 km. 370.,Katueté,Canindeyú,,,,https://www.bnf.gov.py/uploads/Promocion_Reintegro_Estaciones_de_Servicio_2026_SEP_2026_0c00026515.pdf
loc-bnf-d8a4acfb062567a1,BNF,Combustible,PUMA ENERGY,Ruta Acahay – La Colmena Km. 120.,La Colmena,Paraguarí,,,,https://www.bnf.gov.py/uploads/Promocion_Reintegro_Estaciones_de_Servicio_2026_SEP_2026_0c00026515.pdf
loc-bnf-70d8d106b2f30084,BNF,Combustible,COMPASA,Ruta PY10 Las Residentas.,La Paloma,Canindeyú,,,,https://www.bnf.gov.py/uploads/Promocion_Reintegro_Estaciones_de_Servicio_2026_SEP_2026_0c00026515.pdf
loc-bnf-38ddc900b955085d,BNF,Combustible,PETROCHACO,Ruta PY03 Km. 379,La Paloma,Canindeyú,,,,https://www.bnf.gov.py/uploads/Promocion_Reintegro_Estaciones_de_Servicio_2026_SEP_2026_0c00026515.pdf
loc-bnf-87ffe908c9de87d3,BNF,Combustible,COMPASA,Ruta N8 c/ Blas Garay.,La Paz,Itapúa,,,,https://www.bnf.gov.py/uploads/Promocion_Reintegro_Estaciones_de_Servicio_2026_SEP_2026_0c00026515.pdf
loc-bnf-d73057a87f4d787d,BNF,Combustible,3MG,Mauricio José Troche esq. Francisco Acuña de Figueroa.,Lambaré,Central,,,,https://www.bnf.gov.py/uploads/Promocion_Reintegro_Estaciones_de_Servicio_2026_SEP_2026_0c00026515.pdf
loc-bnf-36b5cf8ccf626219,BNF,Combustible,3MG,Avda. San Isidro esq. La Fortuna.,Lambaré,Central,,,,https://www.bnf.gov.py/uploads/Promocion_Reintegro_Estaciones_de_Servicio_2026_SEP_2026_0c00026515.pdf
loc-bnf-73b67f6131c10b27,BNF,Combustible,COMPASA,Avda. República Argentina esq. Alejo García.,Lambaré,Central,,,,https://www.bnf.gov.py/uploads/Promocion_Reintegro_Estaciones_de_Servicio_2026_SEP_2026_0c00026515.pdf
loc-bnf-0b45a04bd9e9df95,BNF,Combustible,COPETROL,República Argentina y Augusto Roa Bastos.,Lambaré,Central,,,,https://www.bnf.gov.py/uploads/Promocion_Reintegro_Estaciones_de_Servicio_2026_SEP_2026_0c00026515.pdf
loc-bnf-ecfe4e726d0c15b9,BNF,Combustible,COPETROL,Avda. Defensores del Chaco y Rivarola Matto.,Lambaré,Central,,,,https://www.bnf.gov.py/uploads/Promocion_Reintegro_Estaciones_de_Servicio_2026_SEP_2026_0c00026515.pdf
loc-bnf-8fdd03cf7fe4f4cf,BNF,Combustible,PETROCHACO,Paz del Chaco esq. San Lucas.,Lambaré,Central,,,,https://www.bnf.gov.py/uploads/Promocion_Reintegro_Estaciones_de_Servicio_2026_SEP_2026_0c00026515.pdf
loc-bnf-5136759f546285b3,BNF,Combustible,PUMA ENERGY,San Isidro y Bonifacio Ovando.,Lambaré,Central,,,,https://www.bnf.gov.py/uploads/Promocion_Reintegro_Estaciones_de_Servicio_2026_SEP_2026_0c00026515.pdf
loc-bnf-41793a424f8eccf0,BNF,Combustible,PETROCHACO,Ruta Blas Garay N° 8 Km. 381 – Cruce Liberación.,Liberación,San Pedro,,,,https://www.bnf.gov.py/uploads/Promocion_Reintegro_Estaciones_de_Servicio_2026_SEP_2026_0c00026515.pdf
loc-bnf-9a2c1b1a2c2408ac,BNF,Combustible,PUMA ENERGY,Ruta 3 y Cruce Liberación - Cruce Liberación.,Liberación,San Pedro,,,,https://www.bnf.gov.py/uploads/Promocion_Reintegro_Estaciones_de_Servicio_2026_SEP_2026_0c00026515.pdf
loc-bnf-c71c45b349b42834,BNF,Combustible,3MG,Avda. Francisco Solano López.,Limpio,Central,,,,https://www.bnf.gov.py/uploads/Promocion_Reintegro_Estaciones_de_Servicio_2026_SEP_2026_0c00026515.pdf
loc-bnf-489565cc94dec7ec,BNF,Combustible,COPETROL,"Ruta III Gral. Aquino Km 21,5.",Limpio,Central,,,,https://www.bnf.gov.py/uploads/Promocion_Reintegro_Estaciones_de_Servicio_2026_SEP_2026_0c00026515.pdf
loc-bnf-05ef0a0546ea8033,BNF,Combustible,COPETROL,Ruta III Gral. Aquino KM 23.,Limpio,Central,,,,https://www.bnf.gov.py/uploads/Promocion_Reintegro_Estaciones_de_Servicio_2026_SEP_2026_0c00026515.pdf
loc-bnf-e5f39130540be665,BNF,Combustible,PUMA ENERGY,Ruta Luque Limpio - 4 vientos.,Limpio,Central,,,,https://www.bnf.gov.py/uploads/Promocion_Reintegro_Estaciones_de_Servicio_2026_SEP_2026_0c00026515.pdf
loc-bnf-cf895b6644197bf8,BNF,Combustible,PUMA ENERGY,Ruta 3 Km. 23.,Limpio,Central,,,,https://www.bnf.gov.py/uploads/Promocion_Reintegro_Estaciones_de_Servicio_2026_SEP_2026_0c00026515.pdf
loc-bnf-9b9107e3a641370e,BNF,Combustible,PUMA ENERGY,Avenida San José 817.,Limpio,Central,,,,https://www.bnf.gov.py/uploads/Promocion_Reintegro_Estaciones_de_Servicio_2026_SEP_2026_0c00026515.pdf
loc-bnf-c9e7030e6b2a4d19,BNF,Combustible,PUMA ENERGY,"Ruta 3 Km. 23,5.",Limpio,Central,,,,https://www.bnf.gov.py/uploads/Promocion_Reintegro_Estaciones_de_Servicio_2026_SEP_2026_0c00026515.pdf
loc-bnf-a797d2f514ee9cb5,BNF,Combustible,PUMA ENERGY,Calle Mcal. Estigarribia y Jose del Carmen Ríos.,Loma Grande,Cordillera,,,,https://www.bnf.gov.py/uploads/Promocion_Reintegro_Estaciones_de_Servicio_2026_SEP_2026_0c00026515.pdf
loc-bnf-1f6d6eca879f437b,BNF,Combustible,COPETROL,Felipe Gonzalez esq. Libertadores de América.,Luque,Central,,,,https://www.bnf.gov.py/uploads/Promocion_Reintegro_Estaciones_de_Servicio_2026_SEP_2026_0c00026515.pdf
loc-bnf-b8fb2ddaea81ab40,BNF,Combustible,COPETROL,Gral. Manuel Britez B. y La Victoria.,Luque,Central,,,,https://www.bnf.gov.py/uploads/Promocion_Reintegro_Estaciones_de_Servicio_2026_SEP_2026_0c00026515.pdf
loc-bnf-f07ccd4e2d74dcf2,BNF,Combustible,COPETROL,Avda. General Elizardo Aquino y Villa Adela (Ycua Ita).,Luque,Central,,,,https://www.bnf.gov.py/uploads/Promocion_Reintegro_Estaciones_de_Servicio_2026_SEP_2026_0c00026515.pdf
loc-bnf-4345eb838e3aa419,BNF,Combustible,COPETROL,Coronel Martinez y Profesor Leoz.,Luque,Central,,,,https://www.bnf.gov.py/uploads/Promocion_Reintegro_Estaciones_de_Servicio_2026_SEP_2026_0c00026515.pdf
loc-bnf-755575076f26d176,BNF,Combustible,COPETROL,Iturbe y Valeriano Zeballos.,Luque,Central,,,,https://www.bnf.gov.py/uploads/Promocion_Reintegro_Estaciones_de_Servicio_2026_SEP_2026_0c00026515.pdf
loc-bnf-5f63899cce7ecfd9,BNF,Combustible,COPETROL,Pedro Juan Caballero y Eugenio A. Garay (4º Barrio).,Luque,Central,,,,https://www.bnf.gov.py/uploads/Promocion_Reintegro_Estaciones_de_Servicio_2026_SEP_2026_0c00026515.pdf
loc-bnf-aeb8bd4140242c63,BNF,Combustible,COPETROL,Av. San Martin c/ Cnel. Oviedo.,Luque,Central,,,,https://www.bnf.gov.py/uploads/Promocion_Reintegro_Estaciones_de_Servicio_2026_SEP_2026_0c00026515.pdf
loc-bnf-e453bd1ade1ed083,BNF,Combustible,COPETROL,Av. Corrales esq. Camboriú.,Luque,Central,,,,https://www.bnf.gov.py/uploads/Promocion_Reintegro_Estaciones_de_Servicio_2026_SEP_2026_0c00026515.pdf
loc-bnf-a4ccf8d8f72bafda,BNF,Combustible,COPETROL,Rosario esq. Paso Bogarin.,Luque,Central,,,,https://www.bnf.gov.py/uploads/Promocion_Reintegro_Estaciones_de_Servicio_2026_SEP_2026_0c00026515.pdf
loc-bnf-4e8043d6db6e4084,BNF,Combustible,COPETROL,Libertad y Taruma.,Luque,Central,,,,https://www.bnf.gov.py/uploads/Promocion_Reintegro_Estaciones_de_Servicio_2026_SEP_2026_0c00026515.pdf
loc-bnf-50f5659782f7dc72,BNF,Combustible,PETROCHACO,Avda. Gral. Brítez Borgues esq. Avda. Itá Ybaté.,Luque,Central,,,,https://www.bnf.gov.py/uploads/Promocion_Reintegro_Estaciones_de_Servicio_2026_SEP_2026_0c00026515.pdf
loc-bnf-10e43dd07f9f3fb5,BNF,Combustible,PETROCHACO,"Coronel Bogado, Bella Vista.",Luque,Central,,,,https://www.bnf.gov.py/uploads/Promocion_Reintegro_Estaciones_de_Servicio_2026_SEP_2026_0c00026515.pdf
loc-bnf-564b0f0c56239779,BNF,Combustible,PETROCHACO,Las Residentas esq. Lapachal 1.,Luque,Central,,,,https://www.bnf.gov.py/uploads/Promocion_Reintegro_Estaciones_de_Servicio_2026_SEP_2026_0c00026515.pdf
loc-bnf-cf63df9858b62d54,BNF,Combustible,PETROCHACO,Avda. Ycuá Karanday.,Luque,Central,,,,https://www.bnf.gov.py/uploads/Promocion_Reintegro_Estaciones_de_Servicio_2026_SEP_2026_0c00026515.pdf
loc-bnf-b2580fe21e418d54,BNF,Combustible,PETROCHACO,Hernandarias esq. Sargento Leonardo Cabrera.,Luque,Central,,,,https://www.bnf.gov.py/uploads/Promocion_Reintegro_Estaciones_de_Servicio_2026_SEP_2026_0c00026515.pdf
loc-bnf-ccb939b19014b570,BNF,Combustible,PETROCHACO,Avda. San José.,Luque,Central,,,,https://www.bnf.gov.py/uploads/Promocion_Reintegro_Estaciones_de_Servicio_2026_SEP_2026_0c00026515.pdf
loc-bnf-ec1a9c71c81e934c,BNF,Combustible,PUMA ENERGY,Maestra Celsa Speratti y Andrés Insfran.,Luque,Central,,,,https://www.bnf.gov.py/uploads/Promocion_Reintegro_Estaciones_de_Servicio_2026_SEP_2026_0c00026515.pdf
loc-bnf-a3b63e054d286c15,BNF,Combustible,PUMA ENERGY,Km. 20 Ruta Yuquyry.,Luque,Central,,,,https://www.bnf.gov.py/uploads/Promocion_Reintegro_Estaciones_de_Servicio_2026_SEP_2026_0c00026515.pdf
loc-bnf-9f7b48944562394a,BNF,Combustible,PUMA ENERGY,"Santo Domingo y Veteranos del Chaco, 2da Compañía Laurelty.",Luque,Central,,,,https://www.bnf.gov.py/uploads/Promocion_Reintegro_Estaciones_de_Servicio_2026_SEP_2026_0c00026515.pdf
loc-bnf-993338a491811ac6,BNF,Combustible,PUMA ENERGY,"Ruta Luque - Aregua y De las Residentas, Barrio Ycuá Duré.",Luque,Central,,,,https://www.bnf.gov.py/uploads/Promocion_Reintegro_Estaciones_de_Servicio_2026_SEP_2026_0c00026515.pdf
loc-bnf-1f829a4d14bf5b6b,BNF,Combustible,PUMA ENERGY,Silvio Pettirsossi y Córdoba,Luque,Central,,,,https://www.bnf.gov.py/uploads/Promocion_Reintegro_Estaciones_de_Servicio_2026_SEP_2026_0c00026515.pdf
loc-bnf-9366e03959323585,BNF,Combustible,PUMA ENERGY,Tte. Benigno Gonzalez esq. Rojas Silva.,Luque,Central,,,,https://www.bnf.gov.py/uploads/Promocion_Reintegro_Estaciones_de_Servicio_2026_SEP_2026_0c00026515.pdf
loc-bnf-49e2a17d2c3885ba,BNF,Combustible,3MG,Avda. Gral. Díaz esq. Gral. Vicente Barrios.,Mariano Roque Alonso,Central,,,,https://www.bnf.gov.py/uploads/Promocion_Reintegro_Estaciones_de_Servicio_2026_SEP_2026_0c00026515.pdf
loc-bnf-4695feafccda795b,BNF,Combustible,COPETROL,Ruta Departamental DO 25 y Mburucuyá,Mariano Roque Alonso,Central,,,,https://www.bnf.gov.py/uploads/Promocion_Reintegro_Estaciones_de_Servicio_2026_SEP_2026_0c00026515.pdf
loc-bnf-5fe98621281b2a40,BNF,Combustible,COPETROL,Ruta Transchaco esq. Cnel. Irrazábal.,Mariano Roque Alonso,Central,,,,https://www.bnf.gov.py/uploads/Promocion_Reintegro_Estaciones_de_Servicio_2026_SEP_2026_0c00026515.pdf
loc-bnf-5756c3180936ec62,BNF,Combustible,PETROCHACO,Avda. Gral. Eugenio Alejandrino Garay esq. Tte. Wenseslao.,Mariano Roque Alonso,Central,,,,https://www.bnf.gov.py/uploads/Promocion_Reintegro_Estaciones_de_Servicio_2026_SEP_2026_0c00026515.pdf
loc-bnf-736e45786fc438f5,BNF,Combustible,PETROCHACO,Ruta Transchaco y Capellán Idoyaga.,Mariano Roque Alonso,Central,,,,https://www.bnf.gov.py/uploads/Promocion_Reintegro_Estaciones_de_Servicio_2026_SEP_2026_0c00026515.pdf
loc-bnf-c3af011ed16977e5,BNF,Combustible,PUMA ENERGY,Avda. Carlos Antonio López esq. Manuel Irala Fernández.,Mariano Roque Alonso,Central,,,,https://www.bnf.gov.py/uploads/Promocion_Reintegro_Estaciones_de_Servicio_2026_SEP_2026_0c00026515.pdf
loc-bnf-1387b292c8d3d879,BNF,Combustible,COPETROL,"María Auxiliadora, Km. 43.",María Auxiliadora,Itapúa,,,,https://www.bnf.gov.py/uploads/Promocion_Reintegro_Estaciones_de_Servicio_2026_SEP_2026_0c00026515.pdf
loc-bnf-cce8b57f71797543,BNF,Combustible,COPETROL,"Ruta 6, Km. 122.",María Auxiliadora,Itapúa,,,,https://www.bnf.gov.py/uploads/Promocion_Reintegro_Estaciones_de_Servicio_2026_SEP_2026_0c00026515.pdf
loc-bnf-4fcf6de51dc88f49,BNF,Combustible,PUMA ENERGY,Mayor Otaño.,Mayor Otaño,Itapúa,,,,https://www.bnf.gov.py/uploads/Promocion_Reintegro_Estaciones_de_Servicio_2026_SEP_2026_0c00026515.pdf
loc-bnf-1a2259d0f3953d8a,BNF,Combustible,COMPASA,Ruta PY07 Km 27 Monday.,Minga Guazú,Alto Paraná,,,,https://www.bnf.gov.py/uploads/Promocion_Reintegro_Estaciones_de_Servicio_2026_SEP_2026_0c00026515.pdf
loc-bnf-291f53af2d0e3a94,BNF,Combustible,COPETROL,"Ruta 7, Km. 13.",Minga Guazú,Alto Paraná,,,,https://www.bnf.gov.py/uploads/Promocion_Reintegro_Estaciones_de_Servicio_2026_SEP_2026_0c00026515.pdf
loc-bnf-f9b4688c6f31a12a,BNF,Combustible,COPETROL,"Ruta 7, Km. 13,5.",Minga Guazú,Alto Paraná,,,,https://www.bnf.gov.py/uploads/Promocion_Reintegro_Estaciones_de_Servicio_2026_SEP_2026_0c00026515.pdf
loc-bnf-16bc3777a9fc97ef,BNF,Combustible,PUMA ENERGY,"Ruta Nº 7, Km, 16 del Distrito de Minga Guazú",Minga Guazú,Alto Paraná,,,,https://www.bnf.gov.py/uploads/Promocion_Reintegro_Estaciones_de_Servicio_2026_SEP_2026_0c00026515.pdf
loc-bnf-4188fdc70968ff16,BNF,Combustible,PUMA ENERGY,Ruta 7 km 14 - Desvio Cedrales - Minga Guazú.,Minga Guazú,Alto Paraná,,,,https://www.bnf.gov.py/uploads/Promocion_Reintegro_Estaciones_de_Servicio_2026_SEP_2026_0c00026515.pdf
loc-bnf-39d7f73365c5d094,BNF,Combustible,PUMA ENERGY,Ruta 7 Km. 30 - Minga Guazú.,Minga Guazú,Alto Paraná,,,,https://www.bnf.gov.py/uploads/Promocion_Reintegro_Estaciones_de_Servicio_2026_SEP_2026_0c00026515.pdf
loc-bnf-4958d8a50e97abe0,BNF,Combustible,PUMA ENERGY,Supercarretera Marginal - Minga Porá.,Minga Porá,Alto Paraná,,,,https://www.bnf.gov.py/uploads/Promocion_Reintegro_Estaciones_de_Servicio_2026_SEP_2026_0c00026515.pdf
loc-bnf-ef768953cf48c80a,BNF,Combustible,PUMA ENERGY,Distrito de Naranjal.,Naranjal,Alto Paraná,,,,https://www.bnf.gov.py/uploads/Promocion_Reintegro_Estaciones_de_Servicio_2026_SEP_2026_0c00026515.pdf
loc-bnf-40758316b6f397b9,BNF,Combustible,PUMA ENERGY,Triunfo 13.,Natalio,Itapúa,,,,https://www.bnf.gov.py/uploads/Promocion_Reintegro_Estaciones_de_Servicio_2026_SEP_2026_0c00026515.pdf
loc-bnf-d165de3de1f22604,BNF,Combustible,PUMA ENERGY,Calle Boquerón 1515.,Nueva Colombia,Cordillera,,,,https://www.bnf.gov.py/uploads/Promocion_Reintegro_Estaciones_de_Servicio_2026_SEP_2026_0c00026515.pdf
loc-bnf-b3da57058253e9f7,BNF,Combustible,PETROCHACO,"Ruta Carapeguá – Nueva Italia Km. 5,5.",Nueva Italia,Central,,,,https://www.bnf.gov.py/uploads/Promocion_Reintegro_Estaciones_de_Servicio_2026_SEP_2026_0c00026515.pdf
loc-bnf-411c017f000a2a80,BNF,Combustible,PUMA ENERGY,Ruta a Villeta y desvío a Nueva Italia.,Nueva Italia,Central,,,,https://www.bnf.gov.py/uploads/Promocion_Reintegro_Estaciones_de_Servicio_2026_SEP_2026_0c00026515.pdf
loc-bnf-76fd8b161e4e8e6d,BNF,Combustible,COMPASA,Ruta PY01 Km 61.,Paraguarí,Paraguarí,,,,https://www.bnf.gov.py/uploads/Promocion_Reintegro_Estaciones_de_Servicio_2026_SEP_2026_0c00026515.pdf
loc-bnf-6cb671cd009064b6,BNF,Combustible,COPETROL,Ruta 1 Km. 65 desvío Villarrica.,Paraguarí,Paraguarí,,,,https://www.bnf.gov.py/uploads/Promocion_Reintegro_Estaciones_de_Servicio_2026_SEP_2026_0c00026515.pdf
loc-bnf-dbcee7d59203005d,BNF,Combustible,PUMA ENERGY,"Ruta 1 Km. 61,5.",Paraguarí,Paraguarí,,,,https://www.bnf.gov.py/uploads/Promocion_Reintegro_Estaciones_de_Servicio_2026_SEP_2026_0c00026515.pdf
loc-bnf-077539b148b4ce8d,BNF,Combustible,PUMA ENERGY,Defensores del Chaco y Eligio Ayala.,Paraguarí,Paraguarí,,,,https://www.bnf.gov.py/uploads/Promocion_Reintegro_Estaciones_de_Servicio_2026_SEP_2026_0c00026515.pdf
loc-bnf-b319d1c242c21ba4,BNF,Combustible,COPETROL,Ruta Piribebuy – Paraguarí.,Piribebuy,Cordillera,,,,https://www.bnf.gov.py/uploads/Promocion_Reintegro_Estaciones_de_Servicio_2026_SEP_2026_0c00026515.pdf
loc-bnf-90e12dc331b47a7a,BNF,Combustible,COPETROL,Rogelio R. Benitez esq. Hilario Amarilla,Piribebuy,Cordillera,,,,https://www.bnf.gov.py/uploads/Promocion_Reintegro_Estaciones_de_Servicio_2026_SEP_2026_0c00026515.pdf
loc-bnf-29b4a0044a9cb86d,BNF,Combustible,PUMA ENERGY,Ruta Transchaco – Km. 249 – Pirahu.,Pozo Colorado,Presidente Hayes,,,,https://www.bnf.gov.py/uploads/Promocion_Reintegro_Estaciones_de_Servicio_2026_SEP_2026_0c00026515.pdf
loc-bnf-da19d8eb11c40acd,BNF,Combustible,COPETROL,Avda. Monday y R.I. 3 Corrales.,Presidente Franco,Alto Paraná,,,,https://www.bnf.gov.py/uploads/Promocion_Reintegro_Estaciones_de_Servicio_2026_SEP_2026_0c00026515.pdf
loc-bnf-408401d642d03ba8,BNF,Combustible,PUMA ENERGY,"Avda. Monday Km. 51,5 – Barrio San Miguel.",Presidente Franco,Alto Paraná,,,,https://www.bnf.gov.py/uploads/Promocion_Reintegro_Estaciones_de_Servicio_2026_SEP_2026_0c00026515.pdf
loc-bnf-0e3da46f34989af5,BNF,Combustible,COMPASA,Colonia 11 de Septiembre.,Raul A. Oviedo,Caaguazú,,,,https://www.bnf.gov.py/uploads/Promocion_Reintegro_Estaciones_de_Servicio_2026_SEP_2026_0c00026515.pdf
loc-bnf-be4631690565c5d7,BNF,Combustible,PUMA ENERGY,Colonia Toledo 3 Palmas.,Raul A. Oviedo,Caaguazú,,,,https://www.bnf.gov.py/uploads/Promocion_Reintegro_Estaciones_de_Servicio_2026_SEP_2026_0c00026515.pdf
loc-bnf-14a85d597b657d9d,BNF,Combustible,PUMA ENERGY,Avda. Paraguay esq. Bernardino Caballero.,Salto del Guairá,Canindeyú,,,,https://www.bnf.gov.py/uploads/Promocion_Reintegro_Estaciones_de_Servicio_2026_SEP_2026_0c00026515.pdf
loc-bnf-825cfbf9f1529655,BNF,Combustible,PUMA ENERGY,"Avda. Mcal. Francisco Solano Lopez, Ciudad de San Alberto.",San Alberto,Alto Paraná,,,,https://www.bnf.gov.py/uploads/Promocion_Reintegro_Estaciones_de_Servicio_2026_SEP_2026_0c00026515.pdf
loc-bnf-f5da375e4f361a27,BNF,Combustible,PETROCHACO,Cadete de Boquerón esq. 15 de Agosto.,San Antonio,Central,,,,https://www.bnf.gov.py/uploads/Promocion_Reintegro_Estaciones_de_Servicio_2026_SEP_2026_0c00026515.pdf
loc-bnf-a66624ceb64f417d,BNF,Combustible,3MG,Avda. Guillermo Neumann esq. Villa Delfina.,San Bernardino,Central,,,,https://www.bnf.gov.py/uploads/Promocion_Reintegro_Estaciones_de_Servicio_2026_SEP_2026_0c00026515.pdf
loc-bnf-6561633896554be6,BNF,Combustible,COPETROL,Guillermo Nauman Km. 45 ½.,San Bernardino,Cordillera,,,,https://www.bnf.gov.py/uploads/Promocion_Reintegro_Estaciones_de_Servicio_2026_SEP_2026_0c00026515.pdf
loc-bnf-48641d541a17f545,BNF,Combustible,COPETROL,Desvío a Tacuara Santani Km. 175.,San Estanislao,San Pedro,,,,https://www.bnf.gov.py/uploads/Promocion_Reintegro_Estaciones_de_Servicio_2026_SEP_2026_0c00026515.pdf
loc-bnf-b0f224725268387a,BNF,Combustible,COPETROL,Avda. Gral. Díaz e/ Defensores del Chaco.,San Estanislao,San Pedro,,,,https://www.bnf.gov.py/uploads/Promocion_Reintegro_Estaciones_de_Servicio_2026_SEP_2026_0c00026515.pdf
loc-bnf-50ce9b6d2e7bba7a,BNF,Combustible,COPETROL,"Ruta 3, Km. 154.",San Estanislao,San Pedro,,,,https://www.bnf.gov.py/uploads/Promocion_Reintegro_Estaciones_de_Servicio_2026_SEP_2026_0c00026515.pdf
loc-bnf-81066c4b9a963ef4,BNF,Combustible,COPETROL,Ruta 3 y Calle 6.000.,San Estanislao,San Pedro,,,,https://www.bnf.gov.py/uploads/Promocion_Reintegro_Estaciones_de_Servicio_2026_SEP_2026_0c00026515.pdf
loc-bnf-642b2254db231707,BNF,Combustible,PUMA ENERGY,Ruta 3 Km. 150.,San Estanislao,San Pedro,,,,https://www.bnf.gov.py/uploads/Promocion_Reintegro_Estaciones_de_Servicio_2026_SEP_2026_0c00026515.pdf
loc-bnf-93fb0114c997f014,BNF,Combustible,PUMA ENERGY,Avda. Coronel Zoilo González y Fulgencio Yegros Km. 152.,San Estanislao,San Pedro,,,,https://www.bnf.gov.py/uploads/Promocion_Reintegro_Estaciones_de_Servicio_2026_SEP_2026_0c00026515.pdf
loc-bnf-9c86567933b296ca,BNF,Combustible,PUMA ENERGY,"Ruta 3 Km. 150,5 Tacuara.",San Estanislao,San Pedro,,,,https://www.bnf.gov.py/uploads/Promocion_Reintegro_Estaciones_de_Servicio_2026_SEP_2026_0c00026515.pdf
loc-bnf-7df3302f07e33fd9,BNF,Combustible,COPETROL,Avda. Felix Bogado e/ Iturbe.,San Ignacio,Misiones,,,,https://www.bnf.gov.py/uploads/Promocion_Reintegro_Estaciones_de_Servicio_2026_SEP_2026_0c00026515.pdf
loc-bnf-dd187d1af459874a,BNF,Combustible,PUMA ENERGY,Ruta 1 Km. 202.,San Ignacio,Misiones,,,,https://www.bnf.gov.py/uploads/Promocion_Reintegro_Estaciones_de_Servicio_2026_SEP_2026_0c00026515.pdf
loc-bnf-b48990de408f6cf6,BNF,Combustible,PUMA ENERGY,"Desvió Ruta 1, Ruta 4ta Ciudad de San Ignacio Misiones.",San Ignacio,Misiones,,,,https://www.bnf.gov.py/uploads/Promocion_Reintegro_Estaciones_de_Servicio_2026_SEP_2026_0c00026515.pdf
loc-bnf-207fb48363147ea7,BNF,Combustible,PUMA ENERGY,San Ignacio Centro.,San Ignacio,Misiones,,,,https://www.bnf.gov.py/uploads/Promocion_Reintegro_Estaciones_de_Servicio_2026_SEP_2026_0c00026515.pdf
loc-bnf-9f12d2b6cd2bc07e,BNF,Combustible,PUMA ENERGY,Ruta PY02 Km. 102.,San José de los Arroyos,Caaguazú,,,,https://www.bnf.gov.py/uploads/Promocion_Reintegro_Estaciones_de_Servicio_2026_SEP_2026_0c00026515.pdf
loc-bnf-89c8356e92d21812,BNF,Combustible,PUMA ENERGY,Ruta PY02 Km. 104.,San José de los Arroyos,Caaguazú,,,,https://www.bnf.gov.py/uploads/Promocion_Reintegro_Estaciones_de_Servicio_2026_SEP_2026_0c00026515.pdf
loc-bnf-c5c6b24f8931e404,BNF,Combustible,COPETROL,Monseñor Bogarín Argaña y Rosalía Candia.,San Juan Bautista,Misiones,,,,https://www.bnf.gov.py/uploads/Promocion_Reintegro_Estaciones_de_Servicio_2026_SEP_2026_0c00026515.pdf
loc-bnf-137398e4d1a76a98,BNF,Combustible,3MG,Saturio Ríos esq. Avda. Dr. Gabriel Pellón.,San Lorenzo,Central,,,,https://www.bnf.gov.py/uploads/Promocion_Reintegro_Estaciones_de_Servicio_2026_SEP_2026_0c00026515.pdf
loc-bnf-67dbfb9ed2e3aff5,BNF,Combustible,COMPASA,Avda. De La Victoria y Pompeya - Ruta Ñemby.,San Lorenzo,Central,,,,https://www.bnf.gov.py/uploads/Promocion_Reintegro_Estaciones_de_Servicio_2026_SEP_2026_0c00026515.pdf
loc-bnf-08784721c797e757,BNF,Combustible,COMPASA,Avda. De la Victoria y 1º de Marzo.,San Lorenzo,Central,,,,https://www.bnf.gov.py/uploads/Promocion_Reintegro_Estaciones_de_Servicio_2026_SEP_2026_0c00026515.pdf
loc-bnf-37ef37e63801ad4c,BNF,Combustible,COPETROL,"Ruta 1, Km. 15.",San Lorenzo,Central,,,,https://www.bnf.gov.py/uploads/Promocion_Reintegro_Estaciones_de_Servicio_2026_SEP_2026_0c00026515.pdf
loc-bnf-85599439d669d3e3,BNF,Combustible,COPETROL,Gaspar Rodriguez de Francia esq. 14 de Mayo.,San Lorenzo,Central,,,,https://www.bnf.gov.py/uploads/Promocion_Reintegro_Estaciones_de_Servicio_2026_SEP_2026_0c00026515.pdf
loc-bnf-1b8dfa5fddd0cced,BNF,Combustible,COPETROL,Mcal. López Esq. Victor Cáceres.,San Lorenzo,Central,,,,https://www.bnf.gov.py/uploads/Promocion_Reintegro_Estaciones_de_Servicio_2026_SEP_2026_0c00026515.pdf
loc-bnf-13deffee2fdfbd4b,BNF,Combustible,COPETROL,Ruta 1 esq. Bs.As. Km 14.,San Lorenzo,Central,,,,https://www.bnf.gov.py/uploads/Promocion_Reintegro_Estaciones_de_Servicio_2026_SEP_2026_0c00026515.pdf
loc-bnf-5ef5980fc07ad2db,BNF,Combustible,COPETROL,Mcal. Estigarribia y Patricio Colmán - Ruta II km 14.,San Lorenzo,Central,,,,https://www.bnf.gov.py/uploads/Promocion_Reintegro_Estaciones_de_Servicio_2026_SEP_2026_0c00026515.pdf
loc-bnf-7d610a07dc2b7724,BNF,Combustible,COPETROL,Avda. De los Agrónomos Km 11 c/ Avelino Martinez.,San Lorenzo,Central,,,,https://www.bnf.gov.py/uploads/Promocion_Reintegro_Estaciones_de_Servicio_2026_SEP_2026_0c00026515.pdf
loc-bnf-39ce3d895d3cec42,BNF,Combustible,COPETROL,Manuel O. Guerrero esq Edmundo Reyes.,San Lorenzo,Central,,,,https://www.bnf.gov.py/uploads/Promocion_Reintegro_Estaciones_de_Servicio_2026_SEP_2026_0c00026515.pdf
loc-bnf-a919c0ba4903f37e,BNF,Combustible,COPETROL,Mcal. Estigarribia esq. Virgen de Fátima - Ruta II.,San Lorenzo,Central,,,,https://www.bnf.gov.py/uploads/Promocion_Reintegro_Estaciones_de_Servicio_2026_SEP_2026_0c00026515.pdf
loc-bnf-2cebb44212a8a504,BNF,Combustible,COPETROL,Avda. Tte. Molas y Amistad.,San Lorenzo,Central,,,,https://www.bnf.gov.py/uploads/Promocion_Reintegro_Estaciones_de_Servicio_2026_SEP_2026_0c00026515.pdf
loc-bnf-fe388b2305988ca8,BNF,Combustible,COPETROL,Avda. Laguna Grande esq. Calle 1.,San Lorenzo,Central,,,,https://www.bnf.gov.py/uploads/Promocion_Reintegro_Estaciones_de_Servicio_2026_SEP_2026_0c00026515.pdf
loc-bnf-f9dbef6bfe48c37b,BNF,Combustible,COPETROL,Jacaranda esq. Algarrobo.,San Lorenzo,Central,,,,https://www.bnf.gov.py/uploads/Promocion_Reintegro_Estaciones_de_Servicio_2026_SEP_2026_0c00026515.pdf
loc-bnf-4d62fca3b465234c,BNF,Combustible,COPETROL,Ruta 1 km 14/6.,San Lorenzo,Central,,,,https://www.bnf.gov.py/uploads/Promocion_Reintegro_Estaciones_de_Servicio_2026_SEP_2026_0c00026515.pdf
loc-bnf-7ea7b0a5067d7a15,BNF,Combustible,COPETROL,Avda. Luis M. Argaña c/ Avda. Acceso Sur.,San Lorenzo,Central,,,,https://www.bnf.gov.py/uploads/Promocion_Reintegro_Estaciones_de_Servicio_2026_SEP_2026_0c00026515.pdf
loc-bnf-fbd485906338f201,BNF,Combustible,COPETROL,Gral. Eugenio A. Garay y Felix Bernie.,San Lorenzo,Central,,,,https://www.bnf.gov.py/uploads/Promocion_Reintegro_Estaciones_de_Servicio_2026_SEP_2026_0c00026515.pdf
loc-bnf-cd4ef9f8a15ca946,BNF,Combustible,COPETROL,Gral. Eugenio A. Garay y Floresta.,San Lorenzo,Central,,,,https://www.bnf.gov.py/uploads/Promocion_Reintegro_Estaciones_de_Servicio_2026_SEP_2026_0c00026515.pdf
loc-bnf-6f42edc6cb3011fa,BNF,Combustible,PETROCHACO,Tte. Benítez esq. Pedro J. Carles.,San Lorenzo,Central,,,,https://www.bnf.gov.py/uploads/Promocion_Reintegro_Estaciones_de_Servicio_2026_SEP_2026_0c00026515.pdf
loc-bnf-d22aefd4adb61065,BNF,Combustible,PETROCHACO,Juan Pablo Ocampos esq. Curuzu Mbocaya.,San Lorenzo,Central,,,,https://www.bnf.gov.py/uploads/Promocion_Reintegro_Estaciones_de_Servicio_2026_SEP_2026_0c00026515.pdf
loc-bnf-d79b61a5bc39bfbe,BNF,Combustible,PETROCHACO,Mcal. López esq. Colinas del Norte.,San Lorenzo,Central,,,,https://www.bnf.gov.py/uploads/Promocion_Reintegro_Estaciones_de_Servicio_2026_SEP_2026_0c00026515.pdf
loc-bnf-14fb57b64cfe7fde,BNF,Combustible,PETROCHACO,Avda. San Pedro c/ Gioconda.,San Lorenzo,Central,,,,https://www.bnf.gov.py/uploads/Promocion_Reintegro_Estaciones_de_Servicio_2026_SEP_2026_0c00026515.pdf
loc-bnf-1d561b06f75ce4e2,BNF,Combustible,PUMA ENERGY,Tte. Ángel Molas esq. Huerta,San Lorenzo,Central,,,,https://www.bnf.gov.py/uploads/Promocion_Reintegro_Estaciones_de_Servicio_2026_SEP_2026_0c00026515.pdf
loc-bnf-880b75779a1f9713,BNF,Combustible,PUMA ENERGY,Avda. San Isidro y Juan Pablo Ocampos.,San Lorenzo,Central,,,,https://www.bnf.gov.py/uploads/Promocion_Reintegro_Estaciones_de_Servicio_2026_SEP_2026_0c00026515.pdf
loc-bnf-ee85c6b28f1633d5,BNF,Combustible,PUMA ENERGY,Avda. Mariscal López - Shopping Pinedo.,San Lorenzo,Central,,,,https://www.bnf.gov.py/uploads/Promocion_Reintegro_Estaciones_de_Servicio_2026_SEP_2026_0c00026515.pdf
loc-bnf-77bd46e9994d8053,BNF,Combustible,PUMA ENERGY,Mariscal Estigarribia c/ Azara.,San Lorenzo,Central,,,,https://www.bnf.gov.py/uploads/Promocion_Reintegro_Estaciones_de_Servicio_2026_SEP_2026_0c00026515.pdf
loc-bnf-7fa2f2e9f8d9a994,BNF,Combustible,COPETROL,Ruta 1 Mcal. Lopez km. 178,San Miguel,Misiones,,,,https://www.bnf.gov.py/uploads/Promocion_Reintegro_Estaciones_de_Servicio_2026_SEP_2026_0c00026515.pdf
loc-bnf-f6619d8e7a4a6f76,BNF,Combustible,COPETROL,"Desvío a cruce Cerro Largo (Ruta 6, Km. 47).",Santa Rita,Alto Paraná,,,,https://www.bnf.gov.py/uploads/Promocion_Reintegro_Estaciones_de_Servicio_2026_SEP_2026_0c00026515.pdf
loc-bnf-0271e0f48e8d4c72,BNF,Combustible,PUMA ENERGY,Ruta VI Km. 199. Nueva Asunción - Santa Rita.,Santa Rita,Alto Paraná,,,,https://www.bnf.gov.py/uploads/Promocion_Reintegro_Estaciones_de_Servicio_2026_SEP_2026_0c00026515.pdf
loc-bnf-1a9f1f388532fecf,BNF,Combustible,PUMA ENERGY,Tte. Joel Estigarribia y de los Inmigrantes - Esquina Gaucha.,Santa Rita,Alto Paraná,,,,https://www.bnf.gov.py/uploads/Promocion_Reintegro_Estaciones_de_Servicio_2026_SEP_2026_0c00026515.pdf
loc-bnf-da214c1a99ed8c5b,BNF,Combustible,COPETROL,"Ruta 11, Km. 260.",Santa Rosa del Aguaray,San Pedro,,,,https://www.bnf.gov.py/uploads/Promocion_Reintegro_Estaciones_de_Servicio_2026_SEP_2026_0c00026515.pdf
loc-bnf-49ba8477fb4c2f62,BNF,Combustible,COPETROL,"Ruta 3, Km. 260.",Santa Rosa del Aguaray,San Pedro,,,,https://www.bnf.gov.py/uploads/Promocion_Reintegro_Estaciones_de_Servicio_2026_SEP_2026_0c00026515.pdf
loc-bnf-57422ae34d7b0145,BNF,Combustible,PUMA ENERGY,"Km. 275, Ruta 3 Colonia Rio Verde.",Santa Rosa del Aguaray,San Pedro,,,,https://www.bnf.gov.py/uploads/Promocion_Reintegro_Estaciones_de_Servicio_2026_SEP_2026_0c00026515.pdf
loc-bnf-196943866ae3ebf5,BNF,Combustible,PUMA ENERGY,"Santa Rosa del Monday, individualizado con la Finca Nº 6.733 Distrito de Irala.",Santa Rosa del Monday,Alto Paraná,,,,https://www.bnf.gov.py/uploads/Promocion_Reintegro_Estaciones_de_Servicio_2026_SEP_2026_0c00026515.pdf
loc-bnf-519b82a29fc5d46b,BNF,Combustible,PUMA ENERGY,Colonia Manitoba a 10 km del cruce Santa Clara.,Tacuati,Concepción,,,,https://www.bnf.gov.py/uploads/Promocion_Reintegro_Estaciones_de_Servicio_2026_SEP_2026_0c00026515.pdf
loc-bnf-c370903a1007af35,BNF,Combustible,COPETROL,Ruta Caacupé – Tobatí y Calle 10.,Tobati,Cordillera,,,,https://www.bnf.gov.py/uploads/Promocion_Reintegro_Estaciones_de_Servicio_2026_SEP_2026_0c00026515.pdf
loc-bnf-b638f179a80d2aec,BNF,Combustible,PETROCHACO,Ruta Tobati – Barrero entre 21 de Julio y Sta. Rosalía.,Tobati,Cordillera,,,,https://www.bnf.gov.py/uploads/Promocion_Reintegro_Estaciones_de_Servicio_2026_SEP_2026_0c00026515.pdf
loc-bnf-06d81d51357f0598,BNF,Combustible,PUMA ENERGY,Km. 117 Ruta N° 6 – María Auxiliadora.,Tomás Romero Pereira,Itapúa,,,,https://www.bnf.gov.py/uploads/Promocion_Reintegro_Estaciones_de_Servicio_2026_SEP_2026_0c00026515.pdf
loc-bnf-79c6b6b2cbd5bffc,BNF,Combustible,COMPASA,Avda. Carlos Antonio López.,Vallemi,Concepción,,,,https://www.bnf.gov.py/uploads/Promocion_Reintegro_Estaciones_de_Servicio_2026_SEP_2026_0c00026515.pdf
loc-bnf-79a39580af689caa,BNF,Combustible,COMPASA,Avda. Río Paraguay.,Vallemi,Concepción,,,,https://www.bnf.gov.py/uploads/Promocion_Reintegro_Estaciones_de_Servicio_2026_SEP_2026_0c00026515.pdf
loc-bnf-4987d60b4f719b1c,BNF,Combustible,COMPASA,Calle 9 N° 3582 c/ Colonia San Blas.,Vaquería,Caaguazú,,,,https://www.bnf.gov.py/uploads/Promocion_Reintegro_Estaciones_de_Servicio_2026_SEP_2026_0c00026515.pdf
loc-bnf-99661200b4d790e8,BNF,Combustible,PUMA ENERGY,Vaquería salida del pueblo.,Vaquería,Caaguazú,,,,https://www.bnf.gov.py/uploads/Promocion_Reintegro_Estaciones_de_Servicio_2026_SEP_2026_0c00026515.pdf
loc-bnf-36d58b8ec69d2c37,BNF,Combustible,3MG,Avda. Américo Picco esq. Yvapovo.,Villa Elisa,Central,,,,https://www.bnf.gov.py/uploads/Promocion_Reintegro_Estaciones_de_Servicio_2026_SEP_2026_0c00026515.pdf
loc-bnf-ff440833f2215175,BNF,Combustible,3MG,Cnel. Martínez esq. Mcal. Estigarribia.,Villa Elisa,Central,,,,https://www.bnf.gov.py/uploads/Promocion_Reintegro_Estaciones_de_Servicio_2026_SEP_2026_0c00026515.pdf
loc-bnf-85eb3d912c218b52,BNF,Combustible,3MG,Avda. Von Polesky esq. Hungría.,Villa Elisa,Central,,,,https://www.bnf.gov.py/uploads/Promocion_Reintegro_Estaciones_de_Servicio_2026_SEP_2026_0c00026515.pdf
loc-bnf-19b41d053291208c,BNF,Combustible,COMPASA,Avda. Von Poleski esq. Paraguarí.,Villa Elisa,Central,,,,https://www.bnf.gov.py/uploads/Promocion_Reintegro_Estaciones_de_Servicio_2026_SEP_2026_0c00026515.pdf
loc-bnf-ead5f2da46ccea78,BNF,Combustible,COPETROL,Avda. Enirque Von Poleski esq. Mandyjupekua.,Villa Elisa,Central,,,,https://www.bnf.gov.py/uploads/Promocion_Reintegro_Estaciones_de_Servicio_2026_SEP_2026_0c00026515.pdf
loc-bnf-ceda0266c616f910,BNF,Combustible,COPETROL,Avda. Acceso Sur esq. Boquerón.,Villa Elisa,Central,,,,https://www.bnf.gov.py/uploads/Promocion_Reintegro_Estaciones_de_Servicio_2026_SEP_2026_0c00026515.pdf
loc-bnf-47509e718c2de6ee,BNF,Combustible,PETROCHACO,Palma esq. Mcal. Estigarribia.,Villa Elisa,Central,,,,https://www.bnf.gov.py/uploads/Promocion_Reintegro_Estaciones_de_Servicio_2026_SEP_2026_0c00026515.pdf
loc-bnf-5b94caf29bf6d830,BNF,Combustible,PUMA ENERGY,Avda. Defensores del Chaco y Azahares.,Villa Elisa,Central,,,,https://www.bnf.gov.py/uploads/Promocion_Reintegro_Estaciones_de_Servicio_2026_SEP_2026_0c00026515.pdf
loc-bnf-acc360c5a8de7851,BNF,Combustible,PUMA ENERGY,"Avda. Von Poleski e/ Ingavi, Barrio Mbocayaty.",Villa Elisa,Central,,,,https://www.bnf.gov.py/uploads/Promocion_Reintegro_Estaciones_de_Servicio_2026_SEP_2026_0c00026515.pdf
loc-bnf-d171ed0498fed68b,BNF,Combustible,PETROCHACO,Ruta PY01 esq. Jóvenes Mártires por la Patria.,Villa Florida,Paraguarí,,,,https://www.bnf.gov.py/uploads/Promocion_Reintegro_Estaciones_de_Servicio_2026_SEP_2026_0c00026515.pdf
loc-bnf-6f9040d3c161bf96,BNF,Combustible,COPETROL,Ruta 9 (Transchaco) y Gral. José E. Díaz.,Villa Hayes,Presidente Hayes,,,,https://www.bnf.gov.py/uploads/Promocion_Reintegro_Estaciones_de_Servicio_2026_SEP_2026_0c00026515.pdf
loc-bnf-8ba91aac3ee44a4e,BNF,Combustible,PETROCHACO,"Ruta Transchaco Km. 24,5.",Villa Hayes,Presidente Hayes,,,,https://www.bnf.gov.py/uploads/Promocion_Reintegro_Estaciones_de_Servicio_2026_SEP_2026_0c00026515.pdf
loc-bnf-64275015258c2af1,BNF,Combustible,PETROCHACO,Ruta Transchaco Km. 36.,Villa Hayes,Presidente Hayes,,,,https://www.bnf.gov.py/uploads/Promocion_Reintegro_Estaciones_de_Servicio_2026_SEP_2026_0c00026515.pdf
loc-bnf-daf523cbc0d8cfe3,BNF,Combustible,COPETROL,Nuestra Señora del Rosario y 15 Proyectadas.,Villa del Rosario,San Pedro,,,,https://www.bnf.gov.py/uploads/Promocion_Reintegro_Estaciones_de_Servicio_2026_SEP_2026_0c00026515.pdf
loc-bnf-cea0b1a134fa14d2,BNF,Combustible,COPETROL,"Ruta Paraguarí - Villarrica y Ruta 8, Dr. Blas Garay.",Villarrica,Guairá,,,,https://www.bnf.gov.py/uploads/Promocion_Reintegro_Estaciones_de_Servicio_2026_SEP_2026_0c00026515.pdf
loc-bnf-da79a54cec8f3371,BNF,Combustible,COPETROL,Bvar. Caballero c/ Spezzini,Villarrica,Villarrica,,,,https://www.bnf.gov.py/uploads/Promocion_Reintegro_Estaciones_de_Servicio_2026_SEP_2026_0c00026515.pdf
loc-bnf-30f4e294f586d86c,BNF,Combustible,COPETROL,Padre Carlos Anasagasti y Rio Aquidaban,Villarrica,Villarrica,,,,https://www.bnf.gov.py/uploads/Promocion_Reintegro_Estaciones_de_Servicio_2026_SEP_2026_0c00026515.pdf
loc-bnf-35bb6ee36a279427,BNF,Combustible,PETROCHACO,Dr. Blas Garay esq. Blvd. Yegros.,Villarrica,Guairá,,,,https://www.bnf.gov.py/uploads/Promocion_Reintegro_Estaciones_de_Servicio_2026_SEP_2026_0c00026515.pdf
loc-bnf-0b2416bd8a06103f,BNF,Combustible,PETROCHACO,Carlos Antonio López c/ Dr. Botrell.,Villarrica,Guairá,,,,https://www.bnf.gov.py/uploads/Promocion_Reintegro_Estaciones_de_Servicio_2026_SEP_2026_0c00026515.pdf
loc-bnf-72e250db3cb6718e,BNF,Combustible,PUMA ENERGY,Ciudad de Villarrica sobre Ruta 8.,Villarrica,Guairá,,,,https://www.bnf.gov.py/uploads/Promocion_Reintegro_Estaciones_de_Servicio_2026_SEP_2026_0c00026515.pdf
loc-bnf-f2d5654a2e03513c,BNF,Combustible,3MG,Ruta Villeta c/ Paraguay.,Villeta,Central,,,,https://www.bnf.gov.py/uploads/Promocion_Reintegro_Estaciones_de_Servicio_2026_SEP_2026_0c00026515.pdf
loc-bnf-2ea4fd71203fc1e6,BNF,Combustible,COPETROL,Ruta Guarambaré esq. Gral. Diaz.,Villeta,Central,,,,https://www.bnf.gov.py/uploads/Promocion_Reintegro_Estaciones_de_Servicio_2026_SEP_2026_0c00026515.pdf
loc-bnf-702b4e3895d73a4e,BNF,Combustible,PETROCHACO,Ruta Guarambaré – Villeta c/ Virgen del Rosario.,Villeta,Central,,,,https://www.bnf.gov.py/uploads/Promocion_Reintegro_Estaciones_de_Servicio_2026_SEP_2026_0c00026515.pdf
loc-bnf-b11742d4cb53c38a,BNF,Combustible,PETROCHACO,Ruta PY01 – Km. 51.,Yaguarón,Paraguarí,,,,https://www.bnf.gov.py/uploads/Promocion_Reintegro_Estaciones_de_Servicio_2026_SEP_2026_0c00026515.pdf
loc-bnf-e70771786fdce774,BNF,Combustible,PUMA ENERGY,"Km 225, Ruta 10 Yasy Cañy.",Yasy Cañy,Canindeyú,,,,https://www.bnf.gov.py/uploads/Promocion_Reintegro_Estaciones_de_Servicio_2026_SEP_2026_0c00026515.pdf
loc-bnf-42ed971a8140d997,BNF,Combustible,COPETROL,Ruta 5 y Ruta 3 (Cruce Yby Yau).,Yby Yaú,Concepción,,,,https://www.bnf.gov.py/uploads/Promocion_Reintegro_Estaciones_de_Servicio_2026_SEP_2026_0c00026515.pdf
loc-bnf-1d3d2c9c31fe98e7,BNF,Combustible,COPETROL,Ruta 3 y Mcal. Estigarribia.,Yby Yaú,Concepción,,,,https://www.bnf.gov.py/uploads/Promocion_Reintegro_Estaciones_de_Servicio_2026_SEP_2026_0c00026515.pdf
loc-bnf-7e434c67cd05ffd1,BNF,Combustible,COPETROL,Ruta 2 Km. 37.,Ypacaraí,Central,,,,https://www.bnf.gov.py/uploads/Promocion_Reintegro_Estaciones_de_Servicio_2026_SEP_2026_0c00026515.pdf
loc-bnf-029de1226ea2c2d0,BNF,Combustible,PUMA ENERGY,Ruta 2 Mcal. Estigarribia Km. 41.,Ypacaraí,Central,,,,https://www.bnf.gov.py/uploads/Promocion_Reintegro_Estaciones_de_Servicio_2026_SEP_2026_0c00026515.pdf
loc-bnf-4d6842b90262770f,BNF,Combustible,PUMA ENERGY,"Ruta 2 Km. 38, Mcal Estigarribia y Sebastian Gaboto.",Ypacaraí,Central,,,,https://www.bnf.gov.py/uploads/Promocion_Reintegro_Estaciones_de_Servicio_2026_SEP_2026_0c00026515.pdf
loc-bnf-c4344386223b46c0,BNF,Combustible,COMPASA,Ruta Colonia Thompson - Ypané (ex parada 47).,Ypané,Central,,,,https://www.bnf.gov.py/uploads/Promocion_Reintegro_Estaciones_de_Servicio_2026_SEP_2026_0c00026515.pdf
loc-bnf-1a125c3a2a1ac056,BNF,Combustible,COMPASA,Avda. Acceso Sur.,Ypané,Central,,,,https://www.bnf.gov.py/uploads/Promocion_Reintegro_Estaciones_de_Servicio_2026_SEP_2026_0c00026515.pdf
loc-bnf-bea5c5103c1de663,BNF,Combustible,PETROCHACO,Juan Bautista Egusquiza.,Ypané,Central,,,,https://www.bnf.gov.py/uploads/Promocion_Reintegro_Estaciones_de_Servicio_2026_SEP_2026_0c00026515.pdf
loc-bnf-c82a54e76ac46043,BNF,Combustible,PETROCHACO,Ruta Yuty c/ Tebicuary.,Yuty,Caazapá,,,,https://www.bnf.gov.py/uploads/Promocion_Reintegro_Estaciones_de_Servicio_2026_SEP_2026_0c00026515.pdf
loc-bnf-96b32e258ac7bf24,BNF,Combustible,3MG,Avda. Manuel Ortiz Guerrero esq. Rosa Mística.,Ñemby,Central,,,,https://www.bnf.gov.py/uploads/Promocion_Reintegro_Estaciones_de_Servicio_2026_SEP_2026_0c00026515.pdf
loc-bnf-4d04820a9a7de88d,BNF,Combustible,3MG,Tte. Fariña.,Ñemby,Central,,,,https://www.bnf.gov.py/uploads/Promocion_Reintegro_Estaciones_de_Servicio_2026_SEP_2026_0c00026515.pdf
loc-bnf-d88f0632fe7ae37f,BNF,Combustible,COMPASA,"Ruta Acceso Sur Km 17,5, e/ Calle Zenteno y Fortín Toledo.",Ñemby,Central,,,,https://www.bnf.gov.py/uploads/Promocion_Reintegro_Estaciones_de_Servicio_2026_SEP_2026_0c00026515.pdf
loc-bnf-3a6037c1a9156503,BNF,Combustible,COPETROL,Acceso Sur 2575 casi Maria Auxiliadora.,Ñemby,Central,,,,https://www.bnf.gov.py/uploads/Promocion_Reintegro_Estaciones_de_Servicio_2026_SEP_2026_0c00026515.pdf
loc-bnf-b5407b462591769c,BNF,Combustible,COPETROL,Manuel O. Guerrero esq. Sierra Leona.,Ñemby,Central,,,,https://www.bnf.gov.py/uploads/Promocion_Reintegro_Estaciones_de_Servicio_2026_SEP_2026_0c00026515.pdf
loc-bnf-56e9b18ca9523938,BNF,Combustible,COPETROL,Ruta 1 esquina Eduardo Vasconsellos.,Ñemby,Central,,,,https://www.bnf.gov.py/uploads/Promocion_Reintegro_Estaciones_de_Servicio_2026_SEP_2026_0c00026515.pdf
loc-bnf-4448189044e42866,BNF,Combustible,COPETROL,Acceso Sur y 29 de Setiembre.,Ñemby,Central,,,,https://www.bnf.gov.py/uploads/Promocion_Reintegro_Estaciones_de_Servicio_2026_SEP_2026_0c00026515.pdf
loc-bnf-5ccd60ddce53c386,BNF,Combustible,PETROCHACO,1° de Mayo esq. Félix Pérez Cardozo.,Ñemby,Central,,,,https://www.bnf.gov.py/uploads/Promocion_Reintegro_Estaciones_de_Servicio_2026_SEP_2026_0c00026515.pdf
loc-bnf-4d06939e7201c3ab,BNF,Combustible,PUMA ENERGY,Avda. Manuel Ortiz Guerrero antes de la entrada al Cerro Ñemby.,Ñemby,Central,,,,https://www.bnf.gov.py/uploads/Promocion_Reintegro_Estaciones_de_Servicio_2026_SEP_2026_0c00026515.pdf
loc-bnf-a7371a97548a3b5b,BNF,Farmacias,FARMACENTER,Avda. Gobernador Irala N° 413.,Areguá,Central,,,,https://www.bnf.gov.py/uploads/Promocion_Reintegro_Farmacias_2026_SEP_2026_3ca4b62e69.pdf
loc-bnf-88230c235600983f,BNF,Farmacias,FARMACIAS CATEDRAL,Avda. Mcal. Solano López y Mcal. José Félix Estigarribia.,Areguá,Central,,,,https://www.bnf.gov.py/uploads/Promocion_Reintegro_Farmacias_2026_SEP_2026_3ca4b62e69.pdf
loc-bnf-4e5c1ccacc979b05,BNF,Farmacias,FARMACENTER,Ruta PY03 Gral. Elizardo Aquino Km. 68.,Arroyos y Esteros,Cordillera,,,,https://www.bnf.gov.py/uploads/Promocion_Reintegro_Farmacias_2026_SEP_2026_3ca4b62e69.pdf
loc-bnf-f4f9741d6b94165a,BNF,Farmacias,FARMACIAS CATEDRAL,Ruta PY03 esq Ruta Caraguatay D036,Arroyos y Esteros,Cordillera,,,,https://www.bnf.gov.py/uploads/Promocion_Reintegro_Farmacias_2026_SEP_2026_3ca4b62e69.pdf
loc-bnf-2d97a7377b8e3306,BNF,Farmacias,ASISMED DRUGSTORE,Av. Mariscal López 441,Asunción,Capital,,,,https://www.bnf.gov.py/uploads/Promocion_Reintegro_Farmacias_2026_SEP_2026_3ca4b62e69.pdf
loc-bnf-f42ab5fc3ee20ff8,BNF,Farmacias,ASISMED DRUGSTORE,Av. Artigas 1500,Asunción,Capital,,,,https://www.bnf.gov.py/uploads/Promocion_Reintegro_Farmacias_2026_SEP_2026_3ca4b62e69.pdf
loc-bnf-474b07c31aa0247d,BNF,Farmacias,ASISMED DRUGSTORE,Concepción Leyes de Chávez,Asunción,Capital,,,,https://www.bnf.gov.py/uploads/Promocion_Reintegro_Farmacias_2026_SEP_2026_3ca4b62e69.pdf
loc-bnf-ef619d3783ae7b8d,BNF,Farmacias,ASISMED DRUGSTORE,Tte. Insaurralde y Diego Silva,Asunción,Capital,,,,https://www.bnf.gov.py/uploads/Promocion_Reintegro_Farmacias_2026_SEP_2026_3ca4b62e69.pdf
loc-bnf-a5bb668b34c685ed,BNF,Farmacias,ASISMED DRUGSTORE,Av. Madame Lynch y Victor Heyn,Asunción,Capital,,,,https://www.bnf.gov.py/uploads/Promocion_Reintegro_Farmacias_2026_SEP_2026_3ca4b62e69.pdf
loc-bnf-fd04eff060b37b70,BNF,Farmacias,FARMACENTER,Avda. Carlos A. López 933 e/ Dr. Paiva y Testanova.,Asunción,Capital,,,,https://www.bnf.gov.py/uploads/Promocion_Reintegro_Farmacias_2026_SEP_2026_3ca4b62e69.pdf
loc-bnf-c5f4b05957f58ddf,BNF,Farmacias,FARMACENTER,Estrella N° 526 y 14 de Mayo.,Asunción,Capital,,,,https://www.bnf.gov.py/uploads/Promocion_Reintegro_Farmacias_2026_SEP_2026_3ca4b62e69.pdf
loc-bnf-0d2f8cf5954bf392,BNF,Farmacias,FARMACENTER,Avda. Sta. y Caballero.,Asunción,Capital,,,,https://www.bnf.gov.py/uploads/Promocion_Reintegro_Farmacias_2026_SEP_2026_3ca4b62e69.pdf
loc-bnf-b1837dd988764230,BNF,Farmacias,FARMACENTER,España y Pitiantuta.,Asunción,Capital,,,,https://www.bnf.gov.py/uploads/Promocion_Reintegro_Farmacias_2026_SEP_2026_3ca4b62e69.pdf
loc-bnf-edf2eb62cfdbba85,BNF,Farmacias,FARMACENTER,Pettirossi N° 675 y Rca. Francesa.,Asunción,Capital,,,,https://www.bnf.gov.py/uploads/Promocion_Reintegro_Farmacias_2026_SEP_2026_3ca4b62e69.pdf
loc-bnf-2ec185cf1060bbd7,BNF,Farmacias,FARMACENTER,Avda. Eusebio Ayala c/ Bernardino Caballero.,Asunción,Capital,,,,https://www.bnf.gov.py/uploads/Promocion_Reintegro_Farmacias_2026_SEP_2026_3ca4b62e69.pdf
loc-bnf-ba59d6ae69791e35,BNF,Farmacias,FARMACENTER,Avda. Gral. Santos y Pirizal.,Asunción,Capital,,,,https://www.bnf.gov.py/uploads/Promocion_Reintegro_Farmacias_2026_SEP_2026_3ca4b62e69.pdf
loc-bnf-64ca72b1d3734d89,BNF,Farmacias,FARMACENTER,Avda. Próceres de Mayo y Suecia.,Asunción,Capital,,,,https://www.bnf.gov.py/uploads/Promocion_Reintegro_Farmacias_2026_SEP_2026_3ca4b62e69.pdf
loc-bnf-619b041f248e7312,BNF,Farmacias,FARMACENTER,Avda. Rca. Argentina N° 343 c/ Hassler.,Asunción,Capital,,,,https://www.bnf.gov.py/uploads/Promocion_Reintegro_Farmacias_2026_SEP_2026_3ca4b62e69.pdf
loc-bnf-a3b5ec6ed1849b3c,BNF,Farmacias,FARMACENTER,Avda. Mcal. López N° 3683 c/ Senador Long.,Asunción,Capital,,,,https://www.bnf.gov.py/uploads/Promocion_Reintegro_Farmacias_2026_SEP_2026_3ca4b62e69.pdf
loc-bnf-b71fc4f477f293d9,BNF,Farmacias,FARMACENTER,Aviadores del Chaco N° 3308 e/ Mayor Merlo.,Asunción,Capital,,,,https://www.bnf.gov.py/uploads/Promocion_Reintegro_Farmacias_2026_SEP_2026_3ca4b62e69.pdf
loc-bnf-fbdaa9a405026df0,BNF,Farmacias,FARMACENTER,Avda. Artigas N° 3810 esq. Molas López.,Asunción,Capital,,,,https://www.bnf.gov.py/uploads/Promocion_Reintegro_Farmacias_2026_SEP_2026_3ca4b62e69.pdf
loc-bnf-23db8cd8b692eaef,BNF,Farmacias,FARMACENTER,Ruta Transchaco Km. 12 c/ Tte. Lombardo.,Asunción,Capital,,,,https://www.bnf.gov.py/uploads/Promocion_Reintegro_Farmacias_2026_SEP_2026_3ca4b62e69.pdf
loc-bnf-55238e730e784af6,BNF,Farmacias,FARMACENTER,Avda. España N° 1294 y Senador Long.,Asunción,Capital,,,,https://www.bnf.gov.py/uploads/Promocion_Reintegro_Farmacias_2026_SEP_2026_3ca4b62e69.pdf
loc-bnf-60a10761cb27461c,BNF,Farmacias,FARMACENTER,Venezuela y Diagonal Molas.,Asunción,Capital,,,,https://www.bnf.gov.py/uploads/Promocion_Reintegro_Farmacias_2026_SEP_2026_3ca4b62e69.pdf
loc-bnf-fea81003f8f2fd11,BNF,Farmacias,FARMACENTER,San Martín esq. Federación Rusa.,Asunción,Capital,,,,https://www.bnf.gov.py/uploads/Promocion_Reintegro_Farmacias_2026_SEP_2026_3ca4b62e69.pdf
loc-bnf-0e84936446784928,BNF,Farmacias,FARMACENTER,Choferes del Chaco N° 1908.,Asunción,Capital,,,,https://www.bnf.gov.py/uploads/Promocion_Reintegro_Farmacias_2026_SEP_2026_3ca4b62e69.pdf
loc-bnf-f06cacfed08391a9,BNF,Farmacias,FARMACENTER,Tacuary esq. 25 de Mayo.,Asunción,Capital,,,,https://www.bnf.gov.py/uploads/Promocion_Reintegro_Farmacias_2026_SEP_2026_3ca4b62e69.pdf
loc-bnf-0dc06eff7b7b4b4a,BNF,Farmacias,FARMACENTER,Eusebio Ayala esq. Tte. López.,Asunción,Capital,,,,https://www.bnf.gov.py/uploads/Promocion_Reintegro_Farmacias_2026_SEP_2026_3ca4b62e69.pdf
loc-bnf-1a67789e48e37772,BNF,Farmacias,FARMACENTER,Félix Bogado y Capitán Bado.,Asunción,Capital,,,,https://www.bnf.gov.py/uploads/Promocion_Reintegro_Farmacias_2026_SEP_2026_3ca4b62e69.pdf
loc-bnf-09dcd0572e9c26b5,BNF,Farmacias,FARMACENTER,Avda. Mcal. López esq. Cnel. Carrera.,Asunción,Capital,,,,https://www.bnf.gov.py/uploads/Promocion_Reintegro_Farmacias_2026_SEP_2026_3ca4b62e69.pdf
loc-bnf-ad8bcebfdad04b83,BNF,Farmacias,FARMACENTER,Avda. Mcal. López esq. R.I.4 Curupayty.,Asunción,Capital,,,,https://www.bnf.gov.py/uploads/Promocion_Reintegro_Farmacias_2026_SEP_2026_3ca4b62e69.pdf
loc-bnf-d5207f5ab0ad59bb,BNF,Farmacias,FARMACENTER,Avda. Fernando c/ Dr. Venza.,Asunción,Capital,,,,https://www.bnf.gov.py/uploads/Promocion_Reintegro_Farmacias_2026_SEP_2026_3ca4b62e69.pdf
loc-bnf-a2cf217b1d8b16c3,BNF,Farmacias,FARMACENTER,Shopping del Sol - Delia González c/ Aviadores.,Asunción,Capital,,,,https://www.bnf.gov.py/uploads/Promocion_Reintegro_Farmacias_2026_SEP_2026_3ca4b62e69.pdf
loc-bnf-fed2e76c51254244,BNF,Farmacias,FARMACENTER,Mcal. López esq. Caballero y México.,Asunción,Capital,,,,https://www.bnf.gov.py/uploads/Promocion_Reintegro_Farmacias_2026_SEP_2026_3ca4b62e69.pdf
loc-bnf-47e83ec1783915be,BNF,Farmacias,FARMACENTER,Avda. España c/ Washington.,Asunción,Capital,,,,https://www.bnf.gov.py/uploads/Promocion_Reintegro_Farmacias_2026_SEP_2026_3ca4b62e69.pdf
loc-bnf-1426d70c4c0d6e4b,BNF,Farmacias,FARMACENTER,Avda. Brasilia c/ Juan de Salazar.,Asunción,Capital,,,,https://www.bnf.gov.py/uploads/Promocion_Reintegro_Farmacias_2026_SEP_2026_3ca4b62e69.pdf
loc-bnf-1ea8b1b42ffaa1ec,BNF,Farmacias,FARMACENTER,Julio Correa y Tte. César R. Velázquez.,Asunción,Capital,,,,https://www.bnf.gov.py/uploads/Promocion_Reintegro_Farmacias_2026_SEP_2026_3ca4b62e69.pdf
loc-bnf-c828359a10d6c0b4,BNF,Farmacias,FARMACENTER,Avda. Santísima Trinidad c/ Tte. Sánchez.,Asunción,Capital,,,,https://www.bnf.gov.py/uploads/Promocion_Reintegro_Farmacias_2026_SEP_2026_3ca4b62e69.pdf
loc-bnf-55ab013eb82eb66b,BNF,Farmacias,FARMACENTER,Madame Lynch y Liberato Rojas.,Asunción,Capital,,,,https://www.bnf.gov.py/uploads/Promocion_Reintegro_Farmacias_2026_SEP_2026_3ca4b62e69.pdf
loc-bnf-90b1645aebedefc5,BNF,Farmacias,FARMACENTER,Avda. Stmo. Sacramento esq. Roque Miranda.,Asunción,Capital,,,,https://www.bnf.gov.py/uploads/Promocion_Reintegro_Farmacias_2026_SEP_2026_3ca4b62e69.pdf
loc-bnf-cf36fb237e8f4a76,BNF,Farmacias,FARMACENTER,Itapúa c/ Mayo Albertino Zayas.,Asunción,Capital,,,,https://www.bnf.gov.py/uploads/Promocion_Reintegro_Farmacias_2026_SEP_2026_3ca4b62e69.pdf
loc-bnf-14d15a4f49b4086b,BNF,Farmacias,FARMACENTER,Rca. Argentina c/ Alberto de Souza y Fernando de la Mora.,Asunción,Capital,,,,https://www.bnf.gov.py/uploads/Promocion_Reintegro_Farmacias_2026_SEP_2026_3ca4b62e69.pdf
loc-bnf-41e80ea2d095eece,BNF,Farmacias,FARMACENTER,Aviadores del Chaco c/ Rigoberto Fontao.,Asunción,Capital,,,,https://www.bnf.gov.py/uploads/Promocion_Reintegro_Farmacias_2026_SEP_2026_3ca4b62e69.pdf
loc-bnf-807b546666ae5dd7,BNF,Farmacias,FARMACENTER,Boggiani N° 7443.,Asunción,Capital,,,,https://www.bnf.gov.py/uploads/Promocion_Reintegro_Farmacias_2026_SEP_2026_3ca4b62e69.pdf
loc-bnf-b16159a231b7e0f1,BNF,Farmacias,FARMACENTER,Choferes del Chaco y Las Perlas.,Asunción,Capital,,,,https://www.bnf.gov.py/uploads/Promocion_Reintegro_Farmacias_2026_SEP_2026_3ca4b62e69.pdf
loc-bnf-160544472d79ced8,BNF,Farmacias,FARMACENTER,Avda. Fernando de la Mora esq. Bartolomé de las Casas.,Asunción,Capital,,,,https://www.bnf.gov.py/uploads/Promocion_Reintegro_Farmacias_2026_SEP_2026_3ca4b62e69.pdf
loc-bnf-cd114fa7bdda52a5,BNF,Farmacias,FARMACENTER,Avda. Mcal. López c/ Santa Teresa.,Asunción,Capital,,,,https://www.bnf.gov.py/uploads/Promocion_Reintegro_Farmacias_2026_SEP_2026_3ca4b62e69.pdf
loc-bnf-f12960d775bafef2,BNF,Farmacias,FARMACENTER,Avda. Félix Bogado esq. 24 de Mayo.,Asunción,Capital,,,,https://www.bnf.gov.py/uploads/Promocion_Reintegro_Farmacias_2026_SEP_2026_3ca4b62e69.pdf
loc-bnf-3feaaaf94d4673e7,BNF,Farmacias,FARMACENTER,Avda. Aviadores del Chaco esq. Mayor Leandro.,Asunción,Capital,,,,https://www.bnf.gov.py/uploads/Promocion_Reintegro_Farmacias_2026_SEP_2026_3ca4b62e69.pdf
loc-bnf-73b9d436f8bbd68a,BNF,Farmacias,FARMACENTER,Avda. España y General Santos.,Asunción,Capital,,,,https://www.bnf.gov.py/uploads/Promocion_Reintegro_Farmacias_2026_SEP_2026_3ca4b62e69.pdf
loc-bnf-1343a833853c0b61,BNF,Farmacias,FARMACENTER,Avda. Pettirossi esq. Perú.,Asunción,Capital,,,,https://www.bnf.gov.py/uploads/Promocion_Reintegro_Farmacias_2026_SEP_2026_3ca4b62e69.pdf
loc-bnf-fda13709fed2af42,BNF,Farmacias,FARMACENTER,Francisco Acuña de Figueroa esq. Parapití.,Asunción,Capital,,,,https://www.bnf.gov.py/uploads/Promocion_Reintegro_Farmacias_2026_SEP_2026_3ca4b62e69.pdf
loc-bnf-04e622b2eace1496,BNF,Farmacias,FARMACENTER,Avda. Santa Teresa esq. Madame Lynch.,Asunción,Capital,,,,https://www.bnf.gov.py/uploads/Promocion_Reintegro_Farmacias_2026_SEP_2026_3ca4b62e69.pdf
loc-bnf-8f7762e05f4a0403,BNF,Farmacias,FARMACENTER,Avda. Defensores del Chaco c/ De las Llanas.,Asunción,Capital,,,,https://www.bnf.gov.py/uploads/Promocion_Reintegro_Farmacias_2026_SEP_2026_3ca4b62e69.pdf
loc-bnf-13952dfa9bc6bfc8,BNF,Farmacias,FARMACENTER,Avda. Mcal. López esq. Valdez Verón.,Asunción,Capital,,,,https://www.bnf.gov.py/uploads/Promocion_Reintegro_Farmacias_2026_SEP_2026_3ca4b62e69.pdf
loc-bnf-6be644b683024a23,BNF,Farmacias,FARMACENTER,Máximo Caballero c/ Navío Humberto.,Asunción,Capital,,,,https://www.bnf.gov.py/uploads/Promocion_Reintegro_Farmacias_2026_SEP_2026_3ca4b62e69.pdf
loc-bnf-9f9fbc4f2779c330,BNF,Farmacias,FARMACENTER,Avda. Denis Roa esq. Dr. Antolín Irala.,Asunción,Capital,,,,https://www.bnf.gov.py/uploads/Promocion_Reintegro_Farmacias_2026_SEP_2026_3ca4b62e69.pdf
loc-bnf-7b44aff20ab89587,BNF,Farmacias,FARMACENTER,Avda. Primer Presidente.,Asunción,Capital,,,,https://www.bnf.gov.py/uploads/Promocion_Reintegro_Farmacias_2026_SEP_2026_3ca4b62e69.pdf
loc-bnf-e3bfdaa7dd808ea8,BNF,Farmacias,FARMACENTER,Molas López N° 1250 c/ Lorenzo Pérez.,Asunción,Capital,,,,https://www.bnf.gov.py/uploads/Promocion_Reintegro_Farmacias_2026_SEP_2026_3ca4b62e69.pdf
loc-bnf-8895de1c33bf4396,BNF,Farmacias,FARMACIA VICENTE SCAVONE,Avda. Artigas y Entre Rios.,Asunción,Capital,,,,https://www.bnf.gov.py/uploads/Promocion_Reintegro_Farmacias_2026_SEP_2026_3ca4b62e69.pdf
loc-bnf-084d0f8b5b8be75f,BNF,Farmacias,FARMACIA VICENTE SCAVONE,Avda. Bruno Guggiari esq. Avda. Fdo. De la Mora.,Asunción,Capital,,,,https://www.bnf.gov.py/uploads/Promocion_Reintegro_Farmacias_2026_SEP_2026_3ca4b62e69.pdf
loc-bnf-eedd6e750e445ae9,BNF,Farmacias,FARMACIA VICENTE SCAVONE,Cerro Corá esq. Brasil.,Asunción,Capital,,,,https://www.bnf.gov.py/uploads/Promocion_Reintegro_Farmacias_2026_SEP_2026_3ca4b62e69.pdf
loc-bnf-a8c1b75bdc99ddc0,BNF,Farmacias,FARMACIA VICENTE SCAVONE,Ruta PY03 Gral. Elizardo Aquino y Máxima Lugo.,Asunción,Capital,,,,https://www.bnf.gov.py/uploads/Promocion_Reintegro_Farmacias_2026_SEP_2026_3ca4b62e69.pdf
loc-bnf-08264c0933bc6709,BNF,Farmacias,FARMACIA VICENTE SCAVONE,Avda. España esq. Cassianoff.,Asunción,Capital,,,,https://www.bnf.gov.py/uploads/Promocion_Reintegro_Farmacias_2026_SEP_2026_3ca4b62e69.pdf
loc-bnf-445a2e4af7c98404,BNF,Farmacias,FARMACIA VICENTE SCAVONE,Avda. Eusebio Ayala esq. Lapacho.,Asunción,Capital,,,,https://www.bnf.gov.py/uploads/Promocion_Reintegro_Farmacias_2026_SEP_2026_3ca4b62e69.pdf
loc-bnf-1819d1da19b44fc6,BNF,Farmacias,FARMACIA VICENTE SCAVONE,Eusebio Lillo c/ Consejal Vargas,Asunción,Capital,,,,https://www.bnf.gov.py/uploads/Promocion_Reintegro_Farmacias_2026_SEP_2026_3ca4b62e69.pdf
loc-bnf-dcf760d56dea054e,BNF,Farmacias,FARMACIA VICENTE SCAVONE,11 de Septiembre esq. Emiliano R. Fernández.,Asunción,Capital,,,,https://www.bnf.gov.py/uploads/Promocion_Reintegro_Farmacias_2026_SEP_2026_3ca4b62e69.pdf
loc-bnf-d72937dce595602e,BNF,Farmacias,FARMACIA VICENTE SCAVONE,11 de Septiembre esq. Fulgencio Yegros.,Asunción,Capital,,,,https://www.bnf.gov.py/uploads/Promocion_Reintegro_Farmacias_2026_SEP_2026_3ca4b62e69.pdf
loc-bnf-5b13107c11278c54,BNF,Farmacias,FARMACIA VICENTE SCAVONE,Gral. Santos esq. Teodoro S. Mongelós.,Asunción,Capital,,,,https://www.bnf.gov.py/uploads/Promocion_Reintegro_Farmacias_2026_SEP_2026_3ca4b62e69.pdf
loc-bnf-ff219697b1459696,BNF,Farmacias,FARMACIA VICENTE SCAVONE,Avda. Eusebio Ayala c/ R.I.3 Corrales.,Asunción,Capital,,,,https://www.bnf.gov.py/uploads/Promocion_Reintegro_Farmacias_2026_SEP_2026_3ca4b62e69.pdf
loc-bnf-8e71c6168beebcd7,BNF,Farmacias,FARMACIA VICENTE SCAVONE,Avda. Félix Bogado c/ Campo Vía.,Asunción,Capital,,,,https://www.bnf.gov.py/uploads/Promocion_Reintegro_Farmacias_2026_SEP_2026_3ca4b62e69.pdf
loc-bnf-1c4db8b50edb3841,BNF,Farmacias,FARMACIA VICENTE SCAVONE,Avda. Mcal. López esq. Bernardino Caballero.,Asunción,Capital,,,,https://www.bnf.gov.py/uploads/Promocion_Reintegro_Farmacias_2026_SEP_2026_3ca4b62e69.pdf
loc-bnf-e2cfbca22dd9f5f7,BNF,Farmacias,FARMACIA VICENTE SCAVONE,Molas López esq. Avda. San Martín.,Asunción,Capital,,,,https://www.bnf.gov.py/uploads/Promocion_Reintegro_Farmacias_2026_SEP_2026_3ca4b62e69.pdf
loc-bnf-9c215badb4cf1bf1,BNF,Farmacias,FARMACIA VICENTE SCAVONE,Palma esq. 15 de Agosto.,Asunción,Capital,,,,https://www.bnf.gov.py/uploads/Promocion_Reintegro_Farmacias_2026_SEP_2026_3ca4b62e69.pdf
loc-bnf-3fa3f7ab6a16e775,BNF,Farmacias,FARMACIA VICENTE SCAVONE,Avda. Sacramento esq. Dr. Argaña.,Asunción,Capital,,,,https://www.bnf.gov.py/uploads/Promocion_Reintegro_Farmacias_2026_SEP_2026_3ca4b62e69.pdf
loc-bnf-18709b9d1f8a1c59,BNF,Farmacias,FARMACIA VICENTE SCAVONE,Avda. Carlos A. López y De la Conquista.,Asunción,Capital,,,,https://www.bnf.gov.py/uploads/Promocion_Reintegro_Farmacias_2026_SEP_2026_3ca4b62e69.pdf
loc-bnf-d13a91883bb4a771,BNF,Farmacias,FARMACIA VICENTE SCAVONE,Avda. Santa Teresa y Cnel. Francisco Martínez.,Asunción,Capital,,,,https://www.bnf.gov.py/uploads/Promocion_Reintegro_Farmacias_2026_SEP_2026_3ca4b62e69.pdf
loc-bnf-25b5e056d8cdf3c9,BNF,Farmacias,FARMACIA VICENTE SCAVONE,"Cap. H. C. Boris Dedoff esq. Aureliano Gonzalez, Loma Pyta.",Asunción,Capital,,,,https://www.bnf.gov.py/uploads/Promocion_Reintegro_Farmacias_2026_SEP_2026_3ca4b62e69.pdf
loc-bnf-92a367c9b6f41613,BNF,Farmacias,FARMACIAS CATEDRAL,21 Proyectadas y Tte. Rojas Silva.,Asunción,Capital,,,,https://www.bnf.gov.py/uploads/Promocion_Reintegro_Farmacias_2026_SEP_2026_3ca4b62e69.pdf
loc-bnf-d3d7e7dd07c04007,BNF,Farmacias,FARMACIAS CATEDRAL,Artigas y Tte. Merardo Moreno.,Asunción,Capital,,,,https://www.bnf.gov.py/uploads/Promocion_Reintegro_Farmacias_2026_SEP_2026_3ca4b62e69.pdf
loc-bnf-0091e1c21577c0cd,BNF,Farmacias,FARMACIAS CATEDRAL,Avda. Gral. Gervasio Artigas y Calle Enrique Solano López.,Asunción,Capital,,,,https://www.bnf.gov.py/uploads/Promocion_Reintegro_Farmacias_2026_SEP_2026_3ca4b62e69.pdf
loc-bnf-a14b33ccc659a7ff,BNF,Farmacias,FARMACIAS CATEDRAL,Calle Aviadores del Chaco c/ Juez Pino.,Asunción,Capital,,,,https://www.bnf.gov.py/uploads/Promocion_Reintegro_Farmacias_2026_SEP_2026_3ca4b62e69.pdf
loc-bnf-772c88d0bfc4b58d,BNF,Farmacias,FARMACIAS CATEDRAL,Nuestra Señora de la Asunción N° 2391 esq. 12 Proyectadas.,Asunción,Capital,,,,https://www.bnf.gov.py/uploads/Promocion_Reintegro_Farmacias_2026_SEP_2026_3ca4b62e69.pdf
loc-bnf-77dba0f2b1be97e0,BNF,Farmacias,FARMACIAS CATEDRAL,Ind. Nacional N° 2372 entre Juan Centurión e Itapirú.,Asunción,Capital,,,,https://www.bnf.gov.py/uploads/Promocion_Reintegro_Farmacias_2026_SEP_2026_3ca4b62e69.pdf
loc-bnf-50dfc82ecd8a2cd3,BNF,Farmacias,FARMACIAS CATEDRAL,Federación Rusa y Augusto Roa Bastos.,Asunción,Capital,,,,https://www.bnf.gov.py/uploads/Promocion_Reintegro_Farmacias_2026_SEP_2026_3ca4b62e69.pdf
loc-bnf-2eb0368edc50e93c,BNF,Farmacias,FARMACIAS CATEDRAL,Brasilia N° 799 y Patria.,Asunción,Capital,,,,https://www.bnf.gov.py/uploads/Promocion_Reintegro_Farmacias_2026_SEP_2026_3ca4b62e69.pdf
loc-bnf-cd4744e744d11a84,BNF,Farmacias,FARMACIAS CATEDRAL,Avda. España esq Gral. Santiviago.,Asunción,Capital,,,,https://www.bnf.gov.py/uploads/Promocion_Reintegro_Farmacias_2026_SEP_2026_3ca4b62e69.pdf
loc-bnf-7145bb4c009aa54a,BNF,Farmacias,FARMACIAS CATEDRAL,Palma e Ind. Nacional Nº 102.,Asunción,Capital,,,,https://www.bnf.gov.py/uploads/Promocion_Reintegro_Farmacias_2026_SEP_2026_3ca4b62e69.pdf
loc-bnf-1e8bbbc719210c07,BNF,Farmacias,FARMACIAS CATEDRAL,Gral. Diaz N° 1210 y Don Bosco.,Asunción,Capital,,,,https://www.bnf.gov.py/uploads/Promocion_Reintegro_Farmacias_2026_SEP_2026_3ca4b62e69.pdf
loc-bnf-aa25dbcb9944efbe,BNF,Farmacias,FARMACIAS CATEDRAL,España y Kubistchek.,Asunción,Capital,,,,https://www.bnf.gov.py/uploads/Promocion_Reintegro_Farmacias_2026_SEP_2026_3ca4b62e69.pdf
loc-bnf-afd9036a3394e305,BNF,Farmacias,FARMACIAS CATEDRAL,Avda. Felix Bogado y Calle Tte. Aguirre.,Asunción,Capital,,,,https://www.bnf.gov.py/uploads/Promocion_Reintegro_Farmacias_2026_SEP_2026_3ca4b62e69.pdf
loc-bnf-0f0d2ba324bf2a43,BNF,Farmacias,FARMACIAS CATEDRAL,Avda. Gral. Santos N° 824 y Teodoro S. Mongelos.,Asunción,Capital,,,,https://www.bnf.gov.py/uploads/Promocion_Reintegro_Farmacias_2026_SEP_2026_3ca4b62e69.pdf
loc-bnf-6cf34716a2b0e3a3,BNF,Farmacias,FARMACIAS CATEDRAL,Avda. Gral. Santos N° 145 Tte. Brugada.,Asunción,Capital,,,,https://www.bnf.gov.py/uploads/Promocion_Reintegro_Farmacias_2026_SEP_2026_3ca4b62e69.pdf
loc-bnf-362b03e922bf9d43,BNF,Farmacias,FARMACIAS CATEDRAL,Bruno Guggiari N° 412 esq. 29 de Septiembre.,Asunción,Capital,,,,https://www.bnf.gov.py/uploads/Promocion_Reintegro_Farmacias_2026_SEP_2026_3ca4b62e69.pdf
loc-bnf-42f41c723b893522,BNF,Farmacias,FARMACIAS CATEDRAL,Constitución esq. Luis Alberto de Herrera.,Asunción,Capital,,,,https://www.bnf.gov.py/uploads/Promocion_Reintegro_Farmacias_2026_SEP_2026_3ca4b62e69.pdf
loc-bnf-36e240a5689e0ea9,BNF,Farmacias,FARMACIAS CATEDRAL,Julio Correa esq. Tte. Velazquez.,Asunción,Capital,,,,https://www.bnf.gov.py/uploads/Promocion_Reintegro_Farmacias_2026_SEP_2026_3ca4b62e69.pdf
loc-bnf-6c094d5ab5d4de3a,BNF,Farmacias,FARMACIAS CATEDRAL,Lillo c/ Herminio Maldonado.,Asunción,Capital,,,,https://www.bnf.gov.py/uploads/Promocion_Reintegro_Farmacias_2026_SEP_2026_3ca4b62e69.pdf
loc-bnf-f024c320b9d5e312,BNF,Farmacias,FARMACIAS CATEDRAL,Eusebio Lillo Robles c/ Cnel. Cabrera.,Asunción,Capital,,,,https://www.bnf.gov.py/uploads/Promocion_Reintegro_Farmacias_2026_SEP_2026_3ca4b62e69.pdf
loc-bnf-2958d28f96ac78a8,BNF,Farmacias,FARMACIAS CATEDRAL,Ruta Transchaco e Tte. Gadea Km. 11.,Asunción,Capital,,,,https://www.bnf.gov.py/uploads/Promocion_Reintegro_Farmacias_2026_SEP_2026_3ca4b62e69.pdf
loc-bnf-f3df0e8f47aeb232,BNF,Farmacias,FARMACIAS CATEDRAL,Calle Transchaco Dr. Carlos A. López.,Asunción,Capital,,,,https://www.bnf.gov.py/uploads/Promocion_Reintegro_Farmacias_2026_SEP_2026_3ca4b62e69.pdf
loc-bnf-bc828930440e0795,BNF,Farmacias,FARMACIAS CATEDRAL,Capitán Lombardo N° 2222 c/ Vía Férrea.,Asunción,Capital,,,,https://www.bnf.gov.py/uploads/Promocion_Reintegro_Farmacias_2026_SEP_2026_3ca4b62e69.pdf
loc-bnf-fc2865932c337c5d,BNF,Farmacias,FARMACIAS CATEDRAL,Avda. Eusebio Ayala esq. Tte. 1ro. Ángel Espinoza.,Asunción,Capital,,,,https://www.bnf.gov.py/uploads/Promocion_Reintegro_Farmacias_2026_SEP_2026_3ca4b62e69.pdf
loc-bnf-756a79cf531cd87c,BNF,Farmacias,FARMACIAS CATEDRAL,"Calle, Teniente Zubizarreta e Hipólito Carrón.",Asunción,Capital,,,,https://www.bnf.gov.py/uploads/Promocion_Reintegro_Farmacias_2026_SEP_2026_3ca4b62e69.pdf
loc-bnf-010b4502067f2a3f,BNF,Farmacias,FARMACIAS CATEDRAL,Eligio Ayala N° 1321 esq. Curupayty.,Asunción,Capital,,,,https://www.bnf.gov.py/uploads/Promocion_Reintegro_Farmacias_2026_SEP_2026_3ca4b62e69.pdf
loc-bnf-153132f097516fc9,BNF,Farmacias,FARMACIAS CATEDRAL,Pacheco N° 9999 y Charles de Gaulle.,Asunción,Capital,,,,https://www.bnf.gov.py/uploads/Promocion_Reintegro_Farmacias_2026_SEP_2026_3ca4b62e69.pdf
loc-bnf-d6a0f3535567767e,BNF,Farmacias,FARMACIAS CATEDRAL,Perú N° 255 casi José Berges.,Asunción,Capital,,,,https://www.bnf.gov.py/uploads/Promocion_Reintegro_Farmacias_2026_SEP_2026_3ca4b62e69.pdf
loc-bnf-e6a6aa14ae880ff6,BNF,Farmacias,FARMACIAS CATEDRAL,Rca. Argentina N° 2650.,Asunción,Capital,,,,https://www.bnf.gov.py/uploads/Promocion_Reintegro_Farmacias_2026_SEP_2026_3ca4b62e69.pdf
loc-bnf-27ec11d8a8ead900,BNF,Farmacias,FARMACIAS CATEDRAL,Avda. Rca. Argentina esq. Diego Garcia.,Asunción,Capital,,,,https://www.bnf.gov.py/uploads/Promocion_Reintegro_Farmacias_2026_SEP_2026_3ca4b62e69.pdf
loc-bnf-e8474d8a53db6f0e,BNF,Farmacias,FARMACIAS CATEDRAL,Sacramento y Cap. Lombardo.,Asunción,Capital,,,,https://www.bnf.gov.py/uploads/Promocion_Reintegro_Farmacias_2026_SEP_2026_3ca4b62e69.pdf
loc-bnf-d4cf5d40b78574e5,BNF,Farmacias,FARMACIAS CATEDRAL,Avda. Carlos A. López N° 920.,Asunción,Capital,,,,https://www.bnf.gov.py/uploads/Promocion_Reintegro_Farmacias_2026_SEP_2026_3ca4b62e69.pdf
loc-bnf-4abfcc0a7786febd,BNF,Farmacias,FARMACIAS CATEDRAL,Carlos Antonio López Esquina Testanova.,Asunción,Capital,,,,https://www.bnf.gov.py/uploads/Promocion_Reintegro_Farmacias_2026_SEP_2026_3ca4b62e69.pdf
loc-bnf-f57e20905e827b1b,BNF,Farmacias,FARMACIAS CATEDRAL,Del Maestro 2924 c/ Dr. Caballero.,Asunción,Capital,,,,https://www.bnf.gov.py/uploads/Promocion_Reintegro_Farmacias_2026_SEP_2026_3ca4b62e69.pdf
loc-bnf-df2dda54c5b87233,BNF,Farmacias,FARMACIAS CATEDRAL,De la Victoria esq. Maestro Fermín López.,Asunción,Capital,,,,https://www.bnf.gov.py/uploads/Promocion_Reintegro_Farmacias_2026_SEP_2026_3ca4b62e69.pdf
loc-bnf-13444ef5feb42b72,BNF,Farmacias,FARMACIAS CATEDRAL,Avda. La Victoria esq/ Ybyrayu y Tobati.,Asunción,Capital,,,,https://www.bnf.gov.py/uploads/Promocion_Reintegro_Farmacias_2026_SEP_2026_3ca4b62e69.pdf
loc-bnf-d196868339acfbd2,BNF,Farmacias,FARMACIAS CATEDRAL,José Asunción Flores esq. Tte. Martínez.,Asunción,Capital,,,,https://www.bnf.gov.py/uploads/Promocion_Reintegro_Farmacias_2026_SEP_2026_3ca4b62e69.pdf
loc-bnf-146732380e338235,BNF,Farmacias,FARMACIAS CATEDRAL,Chile y Manduvirá. Local 9. Primer Nivel.,Asunción,Capital,,,,https://www.bnf.gov.py/uploads/Promocion_Reintegro_Farmacias_2026_SEP_2026_3ca4b62e69.pdf
loc-bnf-6fb2ddd46e8315f5,BNF,Farmacias,FARMACIAS CATEDRAL,San Roque Gonzalez y Quesada.,Asunción,Capital,,,,https://www.bnf.gov.py/uploads/Promocion_Reintegro_Farmacias_2026_SEP_2026_3ca4b62e69.pdf
loc-bnf-b138f93c9aabaaca,BNF,Farmacias,FARMACIAS CATEDRAL,Avda. Venezuela / Tte. Escurra N° 1195.,Asunción,Capital,,,,https://www.bnf.gov.py/uploads/Promocion_Reintegro_Farmacias_2026_SEP_2026_3ca4b62e69.pdf
loc-bnf-3817e1013dc1911f,BNF,Farmacias,FARMACIAS CATEDRAL,Avda. España esq. Santa Ana N° 429.,Asunción,Capital,,,,https://www.bnf.gov.py/uploads/Promocion_Reintegro_Farmacias_2026_SEP_2026_3ca4b62e69.pdf
loc-bnf-856cc1ceb6cc77d6,BNF,Farmacias,FARMACENTER,Avda. Mcal. Francisco Solano López.,Ayolas,Misiones,,,,https://www.bnf.gov.py/uploads/Promocion_Reintegro_Farmacias_2026_SEP_2026_3ca4b62e69.pdf
loc-bnf-6a8624d363c5e928,BNF,Farmacias,FARMACIAS CATEDRAL,Carlos A. López N° 1770 c/ Humaitá.,Benjamín Aceval,Presidente Hayes,,,,https://www.bnf.gov.py/uploads/Promocion_Reintegro_Farmacias_2026_SEP_2026_3ca4b62e69.pdf
loc-bnf-797c233838d91447,BNF,Farmacias,FARMACENTER,"Ruta 2 Km. 52,5 c/ León Mallorquín.",Caacupé,Cordillera,,,,https://www.bnf.gov.py/uploads/Promocion_Reintegro_Farmacias_2026_SEP_2026_3ca4b62e69.pdf
loc-bnf-4655aa5536f95379,BNF,Farmacias,FARMACENTER,Mcal. Estigarribia esq. 8 de Diciembre.,Caacupé,Cordillera,,,,https://www.bnf.gov.py/uploads/Promocion_Reintegro_Farmacias_2026_SEP_2026_3ca4b62e69.pdf
loc-bnf-bc6077a1487f1c6a,BNF,Farmacias,FARMACIAS CATEDRAL,Calle Intendente Parquet entre 8 de Diciembre y Concepción.,Caacupé,Cordillera,,,,https://www.bnf.gov.py/uploads/Promocion_Reintegro_Farmacias_2026_SEP_2026_3ca4b62e69.pdf
loc-bnf-1c31f45295a07edf,BNF,Farmacias,FARMACIAS CATEDRAL,Eligio Ayala esq. Asunción.,Caacupé,Cordillera,,,,https://www.bnf.gov.py/uploads/Promocion_Reintegro_Farmacias_2026_SEP_2026_3ca4b62e69.pdf
loc-bnf-b74334d9fd2d2775,BNF,Farmacias,FARMACIAS CATEDRAL,8 De Diciembre esq. 14 de Mayo.,Caacupé,Cordillera,,,,https://www.bnf.gov.py/uploads/Promocion_Reintegro_Farmacias_2026_SEP_2026_3ca4b62e69.pdf
loc-bnf-0c57c3699d66d8b5,BNF,Farmacias,FARMACENTER,Bernardino Caballero e/ Delfín Chamorro.,Caaguazú,Caaguazú,,,,https://www.bnf.gov.py/uploads/Promocion_Reintegro_Farmacias_2026_SEP_2026_3ca4b62e69.pdf
loc-bnf-1003d8c5f9c9ad71,BNF,Farmacias,FARMACENTER,Ruta PY02 Km. 177.,Caaguazú,Caaguazú,,,,https://www.bnf.gov.py/uploads/Promocion_Reintegro_Farmacias_2026_SEP_2026_3ca4b62e69.pdf
loc-bnf-d0b9711d50492211,BNF,Farmacias,FARMACENTER,Ruta 14 esq. Los Inmigrantes.,Cambyretá,Itapúa,,,,https://www.bnf.gov.py/uploads/Promocion_Reintegro_Farmacias_2026_SEP_2026_3ca4b62e69.pdf
loc-bnf-23afa28ce6c6159e,BNF,Farmacias,FARMACENTER,Ruta Mcal. Estigarribia N° 1903 c/ Sgto. Ferreira.,Capiatá,Central,,,,https://www.bnf.gov.py/uploads/Promocion_Reintegro_Farmacias_2026_SEP_2026_3ca4b62e69.pdf
loc-bnf-f320a7b4df9e1f16,BNF,Farmacias,FARMACENTER,Mcal. Estigarribia c/ P. Moreno Km. 19.,Capiatá,Central,,,,https://www.bnf.gov.py/uploads/Promocion_Reintegro_Farmacias_2026_SEP_2026_3ca4b62e69.pdf
loc-bnf-b764c53ef20835c9,BNF,Farmacias,FARMACENTER,Ruta 1 KM. 17.,Capiatá,Central,,,,https://www.bnf.gov.py/uploads/Promocion_Reintegro_Farmacias_2026_SEP_2026_3ca4b62e69.pdf
loc-bnf-928719399650d677,BNF,Farmacias,FARMACENTER,Ruta 1 Km. 23.,Capiatá,Central,,,,https://www.bnf.gov.py/uploads/Promocion_Reintegro_Farmacias_2026_SEP_2026_3ca4b62e69.pdf
loc-bnf-1f8e51e093f2a126,BNF,Farmacias,FARMACENTER,Ruta PY01 e/ Virgen del Carmen y Río Paraguay.,Capiatá,Central,,,,https://www.bnf.gov.py/uploads/Promocion_Reintegro_Farmacias_2026_SEP_2026_3ca4b62e69.pdf
loc-bnf-c4932782efed1294,BNF,Farmacias,FARMACENTER,"Ruta PY02 Km. 18,5. - Sgto. Octaviano c/ Curupayty.",Capiatá,Central,,,,https://www.bnf.gov.py/uploads/Promocion_Reintegro_Farmacias_2026_SEP_2026_3ca4b62e69.pdf
loc-bnf-a61d06b86b20c53b,BNF,Farmacias,FARMACENTER,Avda. López Godoy y 8 de Diciembre.,Capiatá,Central,,,,https://www.bnf.gov.py/uploads/Promocion_Reintegro_Farmacias_2026_SEP_2026_3ca4b62e69.pdf
loc-bnf-c4c015f0d15c6a4e,BNF,Farmacias,FARMACENTER,Compañía 8 Yvyraro.,Capiatá,Central,,,,https://www.bnf.gov.py/uploads/Promocion_Reintegro_Farmacias_2026_SEP_2026_3ca4b62e69.pdf
loc-bnf-cfab9be2913261c1,BNF,Farmacias,FARMACIA VICENTE SCAVONE,Dr. Andrés Barbero entre Ruta 2 y 1 de Noviembre.,Capiatá,Central,,,,https://www.bnf.gov.py/uploads/Promocion_Reintegro_Farmacias_2026_SEP_2026_3ca4b62e69.pdf
loc-bnf-5ff35b8de4557004,BNF,Farmacias,FARMACIAS CATEDRAL,Km. 22 Ruta PY02 Mcal. José Félix Estigarribia c/ Ramal Areguá.,Capiatá,Central,,,,https://www.bnf.gov.py/uploads/Promocion_Reintegro_Farmacias_2026_SEP_2026_3ca4b62e69.pdf
loc-bnf-72ce7b73901245a4,BNF,Farmacias,FARMACIAS CATEDRAL,12 de Octubre e/ Ramón Elias y Pbro. P.J. Moreno.,Capiatá,Central,,,,https://www.bnf.gov.py/uploads/Promocion_Reintegro_Farmacias_2026_SEP_2026_3ca4b62e69.pdf
loc-bnf-b247e3ab1833a273,BNF,Farmacias,FARMACIAS CATEDRAL,"Ruta Departamental D027 Km 22,5 entre 14 de Mayo y Juana de Lara.",Capiatá,Central,,,,https://www.bnf.gov.py/uploads/Promocion_Reintegro_Farmacias_2026_SEP_2026_3ca4b62e69.pdf
loc-bnf-57f38e8c190da0a9,BNF,Farmacias,FARMACIAS CATEDRAL,Ruta 2 Mcal. Estigarribia casi Ramón Elias.,Capiatá,Central,,,,https://www.bnf.gov.py/uploads/Promocion_Reintegro_Farmacias_2026_SEP_2026_3ca4b62e69.pdf
loc-bnf-6209f89548635939,BNF,Farmacias,FARMACIAS CATEDRAL,Ruta 1 Km. 16.,Capiatá,Central,,,,https://www.bnf.gov.py/uploads/Promocion_Reintegro_Farmacias_2026_SEP_2026_3ca4b62e69.pdf
loc-bnf-d1fc6a5f0d813fb8,BNF,Farmacias,FARMACIAS CATEDRAL,Ruta PY06 Doctor Juan León Mallorquín Km. 15.,Capitán Miranda,Itapúa,,,,https://www.bnf.gov.py/uploads/Promocion_Reintegro_Farmacias_2026_SEP_2026_3ca4b62e69.pdf
loc-bnf-dc0479347e89bcc4,BNF,Farmacias,FARMACENTER,Mcal. Francisco Solano López Km. 83.,Carapeguá,Paraguarí,,,,https://www.bnf.gov.py/uploads/Promocion_Reintegro_Farmacias_2026_SEP_2026_3ca4b62e69.pdf
loc-bnf-b3720bd86e39cda7,BNF,Farmacias,FARMACIAS CATEDRAL,"Avda. Mariscal López esq. Agustín Pio Barrios, N° 300.",Choré,San Pedro,,,,https://www.bnf.gov.py/uploads/Promocion_Reintegro_Farmacias_2026_SEP_2026_3ca4b62e69.pdf
loc-bnf-abfd481a4eec47d8,BNF,Farmacias,FARMACIAS CATEDRAL,Calle Rio Acaray -Mi.,Ciudad de Este,Alto Paraná,,,,https://www.bnf.gov.py/uploads/Promocion_Reintegro_Farmacias_2026_SEP_2026_3ca4b62e69.pdf
loc-bnf-74fae806cdb2f460,BNF,Farmacias,FARMACIAS CATEDRAL,Avda. San Jose esq. Cnel. Panchito Lopez.,Ciudad de Este,Alto Paraná,,,,https://www.bnf.gov.py/uploads/Promocion_Reintegro_Farmacias_2026_SEP_2026_3ca4b62e69.pdf
loc-bnf-72c84f0ea55cd5a2,BNF,Farmacias,FARMACIAS CATEDRAL,"Avda. San Blas y Tte. Rojas Silva Km. 3,5.",Ciudad de Este,Alto Paraná,,,,https://www.bnf.gov.py/uploads/Promocion_Reintegro_Farmacias_2026_SEP_2026_3ca4b62e69.pdf
loc-bnf-f66f9c92fbf67d6c,BNF,Farmacias,FARMACENTER,Avda. Adrián Jara y Pioneros del Este.,Ciudad del Este,Alto Paraná,,,,https://www.bnf.gov.py/uploads/Promocion_Reintegro_Farmacias_2026_SEP_2026_3ca4b62e69.pdf
loc-bnf-8c1ffe5a31fa0582,BNF,Farmacias,FARMACENTER,Avda. Mcal. López c/ Trebol Km. 4.,Ciudad del Este,Alto Paraná,,,,https://www.bnf.gov.py/uploads/Promocion_Reintegro_Farmacias_2026_SEP_2026_3ca4b62e69.pdf
loc-bnf-fc40e973e12f72c3,BNF,Farmacias,FARMACENTER,Avda. San José 9070 esq. Calle 2.,Ciudad del Este,Alto Paraná,,,,https://www.bnf.gov.py/uploads/Promocion_Reintegro_Farmacias_2026_SEP_2026_3ca4b62e69.pdf
loc-bnf-a44470a3071ce44f,BNF,Farmacias,FARMACENTER,Julio César Riquelme c/ Pampa.,Ciudad del Este,Alto Paraná,,,,https://www.bnf.gov.py/uploads/Promocion_Reintegro_Farmacias_2026_SEP_2026_3ca4b62e69.pdf
loc-bnf-d4cac9fbbfecf4ea,BNF,Farmacias,FARMACENTER,Avda. Perú c/ Carmelitas.,Ciudad del Este,Alto Paraná,,,,https://www.bnf.gov.py/uploads/Promocion_Reintegro_Farmacias_2026_SEP_2026_3ca4b62e69.pdf
loc-bnf-e04762c1250d8d12,BNF,Farmacias,FARMACENTER,Carlos Antonio López esq. Paso de Patria.,Ciudad del Este,Alto Paraná,,,,https://www.bnf.gov.py/uploads/Promocion_Reintegro_Farmacias_2026_SEP_2026_3ca4b62e69.pdf
loc-bnf-e157a58a1e5ff9b4,BNF,Farmacias,FARMACENTER,Avda. Santiago Leguizamón e/ Antequera y Humaitá.,Ciudad del Este,Alto Paraná,,,,https://www.bnf.gov.py/uploads/Promocion_Reintegro_Farmacias_2026_SEP_2026_3ca4b62e69.pdf
loc-bnf-fe0a1df1f93181f8,BNF,Farmacias,FARMACENTER,Km. 10 Akaray.,Ciudad del Este,Alto Paraná,,,,https://www.bnf.gov.py/uploads/Promocion_Reintegro_Farmacias_2026_SEP_2026_3ca4b62e69.pdf
loc-bnf-a0aea1576b4a9d47,BNF,Farmacias,FARMACENTER,Avda. San José N° 9039.,Ciudad del Este,Alto Paraná,,,,https://www.bnf.gov.py/uploads/Promocion_Reintegro_Farmacias_2026_SEP_2026_3ca4b62e69.pdf
loc-bnf-6317e9d2334003bd,BNF,Farmacias,FARMACENTER,Rca. de Colombia 1311.,Ciudad del Este,Alto Paraná,,,,https://www.bnf.gov.py/uploads/Promocion_Reintegro_Farmacias_2026_SEP_2026_3ca4b62e69.pdf
loc-bnf-0aff41dc43b8ed53,BNF,Farmacias,FARMACENTER,Avda. Peur e/ Primavera y Los Lapachos.,Ciudad del Este,Alto Paraná,,,,https://www.bnf.gov.py/uploads/Promocion_Reintegro_Farmacias_2026_SEP_2026_3ca4b62e69.pdf
loc-bnf-e1bed8515b95a630,BNF,Farmacias,FARMACENTER,Avda. Monseñor Rodríguez.,Ciudad del Este,Alto Paraná,,,,https://www.bnf.gov.py/uploads/Promocion_Reintegro_Farmacias_2026_SEP_2026_3ca4b62e69.pdf
loc-bnf-2e023d26c80974d9,BNF,Farmacias,FARMACIA VICENTE SCAVONE,Avda. América y Padre José Kenetich.,Ciudad del Este,Alto Paraná,,,,https://www.bnf.gov.py/uploads/Promocion_Reintegro_Farmacias_2026_SEP_2026_3ca4b62e69.pdf
loc-bnf-6b28b6664ecba831,BNF,Farmacias,FARMACIA VICENTE SCAVONE,Avda. San José esq. Ignacio A. Pane.,Ciudad del Este,Alto Paraná,,,,https://www.bnf.gov.py/uploads/Promocion_Reintegro_Farmacias_2026_SEP_2026_3ca4b62e69.pdf
loc-bnf-225120f7e2a8f06a,BNF,Farmacias,FARMACIA VICENTE SCAVONE,Cerro León c/ Alejo García.,Ciudad del Este,Alto Paraná,,,,https://www.bnf.gov.py/uploads/Promocion_Reintegro_Farmacias_2026_SEP_2026_3ca4b62e69.pdf
loc-bnf-4adb7928e382956e,BNF,Farmacias,FARMA KOKE,Dr. Marcial Roig Bernal.,Concepción,Concepción,,,,https://www.bnf.gov.py/uploads/Promocion_Reintegro_Farmacias_2026_SEP_2026_3ca4b62e69.pdf
loc-bnf-b0beadd651bfbe14,BNF,Farmacias,FARMA KOKE,Juan Queiros Candia,Concepción,Concepción,,,,https://www.bnf.gov.py/uploads/Promocion_Reintegro_Farmacias_2026_SEP_2026_3ca4b62e69.pdf
loc-bnf-e35b2428b71b1a21,BNF,Farmacias,FARMA KOKE,Avda. Agustín Fernando de Pinedo.,Concepción,Concepción,,,,https://www.bnf.gov.py/uploads/Promocion_Reintegro_Farmacias_2026_SEP_2026_3ca4b62e69.pdf
loc-bnf-dff60ed2b3a4bc53,BNF,Farmacias,FARMA KOKE,Pa’i Pérez esq. Médicos del Chaco.,Concepción,Concepción,,,,https://www.bnf.gov.py/uploads/Promocion_Reintegro_Farmacias_2026_SEP_2026_3ca4b62e69.pdf
loc-bnf-8b1d2fe7235c291b,BNF,Farmacias,FARMA KOKE,Avda. 2000.,Concepción,Concepción,,,,https://www.bnf.gov.py/uploads/Promocion_Reintegro_Farmacias_2026_SEP_2026_3ca4b62e69.pdf
loc-bnf-8ce9f9b95429196b,BNF,Farmacias,FARMA KOKE,Ruta Transchaco.,Concepción,Concepción,,,,https://www.bnf.gov.py/uploads/Promocion_Reintegro_Farmacias_2026_SEP_2026_3ca4b62e69.pdf
loc-bnf-f287a7f9a3adecd8,BNF,Farmacias,FARMA KOKE,Avda. Boquerón.,Concepción,Concepción,,,,https://www.bnf.gov.py/uploads/Promocion_Reintegro_Farmacias_2026_SEP_2026_3ca4b62e69.pdf
loc-bnf-e709caae07d7e447,BNF,Farmacias,FARMACENTER,Agustín Fernando esq. Bno. Caballero.,Concepción,Concepción,,,,https://www.bnf.gov.py/uploads/Promocion_Reintegro_Farmacias_2026_SEP_2026_3ca4b62e69.pdf
loc-bnf-b5535ab985e7f7a9,BNF,Farmacias,FARMACIA VICENTE SCAVONE,Pdte. Franco esq. Eugenio A. Garay.,Concepción,Concepción,,,,https://www.bnf.gov.py/uploads/Promocion_Reintegro_Farmacias_2026_SEP_2026_3ca4b62e69.pdf
loc-bnf-519373ceff4d6dcc,BNF,Farmacias,FARMACIA VICENTE SCAVONE,Avda. Agustín Fernando de Pinedo esq. Intendente Rufino Spika.,Concepción,Concepción,,,,https://www.bnf.gov.py/uploads/Promocion_Reintegro_Farmacias_2026_SEP_2026_3ca4b62e69.pdf
loc-bnf-d4301debaa8b8493,BNF,Farmacias,FARMACIAS CATEDRAL,Avda. De Pinedo y Don Bosco.,Concepción,Concepción,,,,https://www.bnf.gov.py/uploads/Promocion_Reintegro_Farmacias_2026_SEP_2026_3ca4b62e69.pdf
loc-bnf-4dd2088184100f82,BNF,Farmacias,FARMACENTER,General Díaz y Padre Maíz.,Coronel Bogado,Itapúa,,,,https://www.bnf.gov.py/uploads/Promocion_Reintegro_Farmacias_2026_SEP_2026_3ca4b62e69.pdf
loc-bnf-cd54c2714fd18576,BNF,Farmacias,FARMACIAS CATEDRAL,Ruta PY01 entre Misiones y José Félix Bogado.,Coronel Bogado,Itapúa,,,,https://www.bnf.gov.py/uploads/Promocion_Reintegro_Farmacias_2026_SEP_2026_3ca4b62e69.pdf
loc-bnf-3f52cecb9d0093be,BNF,Farmacias,FARMACENTER,Mcal. Estigarribia 887 e/ Yrendagüe.,Coronel Oviedo,Caaguazú,,,,https://www.bnf.gov.py/uploads/Promocion_Reintegro_Farmacias_2026_SEP_2026_3ca4b62e69.pdf
loc-bnf-7c809b061290777e,BNF,Farmacias,FARMACENTER,Mcal. Estigarribia esq. Agustín Barrios.,Coronel Oviedo,Caaguazú,,,,https://www.bnf.gov.py/uploads/Promocion_Reintegro_Farmacias_2026_SEP_2026_3ca4b62e69.pdf
loc-bnf-f693e9db104e913e,BNF,Farmacias,FARMACIA VICENTE SCAVONE,Dr. Ignacio A. Pane esq. Pdte. Stroessner.,Coronel Oviedo,Caaguazú,,,,https://www.bnf.gov.py/uploads/Promocion_Reintegro_Farmacias_2026_SEP_2026_3ca4b62e69.pdf
loc-bnf-c7a010b7e0db1af8,BNF,Farmacias,FARMACIAS CATEDRAL,Dr. Blas Garay c/ Ita Ybate.,Coronel Oviedo,Caaguazú,,,,https://www.bnf.gov.py/uploads/Promocion_Reintegro_Farmacias_2026_SEP_2026_3ca4b62e69.pdf
loc-bnf-aa88fdf59eb31502,BNF,Farmacias,FARMACENTER,14 de Mayo esq. Carlos A. López.,Curuguaty,Canindeyú,,,,https://www.bnf.gov.py/uploads/Promocion_Reintegro_Farmacias_2026_SEP_2026_3ca4b62e69.pdf
loc-bnf-eb9edda00e1a6cd8,BNF,Farmacias,FARMACIAS CATEDRAL,14 de Mayo entre Juan José Ramos.,Curuguaty,Canindeyú,,,,https://www.bnf.gov.py/uploads/Promocion_Reintegro_Farmacias_2026_SEP_2026_3ca4b62e69.pdf
loc-bnf-032ad26d8d5690fb,BNF,Farmacias,FARMACENTER,Juan L. Mallorquín esq. Mon. Weissen.,Encarnación,Itapúa,,,,https://www.bnf.gov.py/uploads/Promocion_Reintegro_Farmacias_2026_SEP_2026_3ca4b62e69.pdf
loc-bnf-f34c400cebc5f45a,BNF,Farmacias,FARMACENTER,Avda. Caballero c/ Juan León Mallorquín.,Encarnación,Itapúa,,,,https://www.bnf.gov.py/uploads/Promocion_Reintegro_Farmacias_2026_SEP_2026_3ca4b62e69.pdf
loc-bnf-d518280c9c85e9da,BNF,Farmacias,FARMACENTER,Avda. Irrazabal e/ Gral. Bruguez y Japón.,Encarnación,Itapúa,,,,https://www.bnf.gov.py/uploads/Promocion_Reintegro_Farmacias_2026_SEP_2026_3ca4b62e69.pdf
loc-bnf-e67f5729fa62bfe0,BNF,Farmacias,FARMACENTER,Avda. Matiauda y Calle 2.,Encarnación,Itapúa,,,,https://www.bnf.gov.py/uploads/Promocion_Reintegro_Farmacias_2026_SEP_2026_3ca4b62e69.pdf
loc-bnf-cec00737320d2037,BNF,Farmacias,FARMACIA VICENTE SCAVONE,Gral. Artigas e/ Constitución y Bernardino Caballero.,Encarnación,Itapúa,,,,https://www.bnf.gov.py/uploads/Promocion_Reintegro_Farmacias_2026_SEP_2026_3ca4b62e69.pdf
loc-bnf-3b89736062d38ae7,BNF,Farmacias,FARMACIAS CATEDRAL,Avda. Caballero esq. Lomas Valentinas.,Encarnación,Itapúa,,,,https://www.bnf.gov.py/uploads/Promocion_Reintegro_Farmacias_2026_SEP_2026_3ca4b62e69.pdf
loc-bnf-9a26099a6532876f,BNF,Farmacias,FARMACIAS CATEDRAL,Avda. Victor Matiauda.,Encarnación,Itapúa,,,,https://www.bnf.gov.py/uploads/Promocion_Reintegro_Farmacias_2026_SEP_2026_3ca4b62e69.pdf
loc-bnf-cfd380d7c6a09f19,BNF,Farmacias,FARMACIAS CATEDRAL,Calle Padre Kreusser 427 c/ Mcal. Estigarribia.,Encarnación,Itapúa,,,,https://www.bnf.gov.py/uploads/Promocion_Reintegro_Farmacias_2026_SEP_2026_3ca4b62e69.pdf
loc-bnf-a1fa5540dc1332cf,BNF,Farmacias,FARMACIAS CATEDRAL,Mcal. Estigarribia y 25 de Mayo.,Encarnación,Itapúa,,,,https://www.bnf.gov.py/uploads/Promocion_Reintegro_Farmacias_2026_SEP_2026_3ca4b62e69.pdf
loc-bnf-9306871852daf3fb,BNF,Farmacias,FARMACIAS CATEDRAL,Gral. Artigas N° 2216 entre Constitución Nacional y Avda. Caballero.,Encarnación,Itapúa,,,,https://www.bnf.gov.py/uploads/Promocion_Reintegro_Farmacias_2026_SEP_2026_3ca4b62e69.pdf
loc-bnf-675b80dc26885deb,BNF,Farmacias,FARMACIAS CATEDRAL,Avda. San Roque González de Santacruz esq. Avda. Perimetral Sur.,Encarnación,Itapúa,,,,https://www.bnf.gov.py/uploads/Promocion_Reintegro_Farmacias_2026_SEP_2026_3ca4b62e69.pdf
loc-bnf-ec9c9ae42e9369b9,BNF,Farmacias,FARMACENTER,Independencia Nacional c/ 1ro. de Marzo.,Eusebio Ayala,Cordillera,,,,https://www.bnf.gov.py/uploads/Promocion_Reintegro_Farmacias_2026_SEP_2026_3ca4b62e69.pdf
loc-bnf-2396491bff6d0feb,BNF,Farmacias,FARMACENTER,"Ruta PY02 Mcal. Estigarribia Km. 7,5 esq. Mcal. López.",Fernando de la Mora,Central,,,,https://www.bnf.gov.py/uploads/Promocion_Reintegro_Farmacias_2026_SEP_2026_3ca4b62e69.pdf
loc-bnf-3da0d41c9405be7b,BNF,Farmacias,FARMACENTER,Avda. Mcal. López N° 3130 c/ Don Bosco.,Fernando de la Mora,Central,,,,https://www.bnf.gov.py/uploads/Promocion_Reintegro_Farmacias_2026_SEP_2026_3ca4b62e69.pdf
loc-bnf-4923679981df9fd8,BNF,Farmacias,FARMACENTER,Leopardi esq. 11 de Septiembre.,Fernando de la Mora,Central,,,,https://www.bnf.gov.py/uploads/Promocion_Reintegro_Farmacias_2026_SEP_2026_3ca4b62e69.pdf
loc-bnf-d7d2f9395c1896ba,BNF,Farmacias,FARMACENTER,11 de Septiembre esq. Zavalas Cué.,Fernando de la Mora,Central,,,,https://www.bnf.gov.py/uploads/Promocion_Reintegro_Farmacias_2026_SEP_2026_3ca4b62e69.pdf
loc-bnf-e8d130e94f78e1fb,BNF,Farmacias,FARMACENTER,Zavalas Cué e/ Marcos Riera y Prof. Morales.,Fernando de la Mora,Central,,,,https://www.bnf.gov.py/uploads/Promocion_Reintegro_Farmacias_2026_SEP_2026_3ca4b62e69.pdf
loc-bnf-c398875ebadc5cf8,BNF,Farmacias,FARMACENTER,Soldado Ovelar esq. Progreso.,Fernando de la Mora,Central,,,,https://www.bnf.gov.py/uploads/Promocion_Reintegro_Farmacias_2026_SEP_2026_3ca4b62e69.pdf
loc-bnf-a63b132cd5452876,BNF,Farmacias,FARMACENTER,Mcal. Estigarribia c/ Usher Ríos.,Fernando de la Mora,Central,,,,https://www.bnf.gov.py/uploads/Promocion_Reintegro_Farmacias_2026_SEP_2026_3ca4b62e69.pdf
loc-bnf-7ac30cab170de1e2,BNF,Farmacias,FARMACENTER,Avda. Laguna Grande esq. Ka'arendy.,Fernando de la Mora,Central,,,,https://www.bnf.gov.py/uploads/Promocion_Reintegro_Farmacias_2026_SEP_2026_3ca4b62e69.pdf
loc-bnf-e89c329e86b0a138,BNF,Farmacias,FARMACENTER,Avda. San Francisco c/ Tte. Ettiene.,Fernando de la Mora,Central,,,,https://www.bnf.gov.py/uploads/Promocion_Reintegro_Farmacias_2026_SEP_2026_3ca4b62e69.pdf
loc-bnf-4ebd32f5b929e459,BNF,Farmacias,FARMACENTER,Defensores del Chaco esq. 11 de Septiembre.,Fernando de la Mora,Central,,,,https://www.bnf.gov.py/uploads/Promocion_Reintegro_Farmacias_2026_SEP_2026_3ca4b62e69.pdf
loc-bnf-9ad6756b926c6a31,BNF,Farmacias,FARMACIAS CATEDRAL,Junta Municipal N° 232 c/ Tomás R. Pereira.,Fernando de la Mora,Central,,,,https://www.bnf.gov.py/uploads/Promocion_Reintegro_Farmacias_2026_SEP_2026_3ca4b62e69.pdf
loc-bnf-11329d581d51721f,BNF,Farmacias,FARMACIAS CATEDRAL,Juan Leopardi esq. 11 de Septiembre.,Fernando de la Mora,Central,,,,https://www.bnf.gov.py/uploads/Promocion_Reintegro_Farmacias_2026_SEP_2026_3ca4b62e69.pdf
loc-bnf-fd991f99dd7e8ee8,BNF,Farmacias,FARMACIAS CATEDRAL,Centenario de la Epopeya Nacional esq. Cerro Corá.,Fernando de la Mora,Central,,,,https://www.bnf.gov.py/uploads/Promocion_Reintegro_Farmacias_2026_SEP_2026_3ca4b62e69.pdf
loc-bnf-a4aa1e3b3cc4907c,BNF,Farmacias,FARMACIAS CATEDRAL,11 de Septiembre e/ Isla Poi.,Fernando de la Mora,Central,,,,https://www.bnf.gov.py/uploads/Promocion_Reintegro_Farmacias_2026_SEP_2026_3ca4b62e69.pdf
loc-bnf-4be9517edbdb536a,BNF,Farmacias,FARMACIAS CATEDRAL,Calle Tte. Ettiene y Primera.,Fernando de la Mora,Central,,,,https://www.bnf.gov.py/uploads/Promocion_Reintegro_Farmacias_2026_SEP_2026_3ca4b62e69.pdf
loc-bnf-d5475faccd4a2aad,BNF,Farmacias,FARMACIAS CATEDRAL,Santa Teresa c/ Tacuary.,Fernando de la Mora,Central,,,,https://www.bnf.gov.py/uploads/Promocion_Reintegro_Farmacias_2026_SEP_2026_3ca4b62e69.pdf
loc-bnf-aea054ecad97c222,BNF,Farmacias,FARMACIAS CATEDRAL,Ruta PY02 esq. Juan Leopardi.,Fernando de la Mora,Central,,,,https://www.bnf.gov.py/uploads/Promocion_Reintegro_Farmacias_2026_SEP_2026_3ca4b62e69.pdf
loc-bnf-057e4e37f693673d,BNF,Farmacias,FARMACIAS CATEDRAL,Avda. 11 de Septiembre esq. 15 de Agosto.,Fernando de la Mora,Central,,,,https://www.bnf.gov.py/uploads/Promocion_Reintegro_Farmacias_2026_SEP_2026_3ca4b62e69.pdf
loc-bnf-9b88cffffc940e5c,BNF,Farmacias,FARMACIAS CATEDRAL,Luis Alberto del Paraná esq. Jacaranda.,Fernando de la Mora,Central,,,,https://www.bnf.gov.py/uploads/Promocion_Reintegro_Farmacias_2026_SEP_2026_3ca4b62e69.pdf
loc-bnf-aade40dae60de943,BNF,Farmacias,FARMACIAS CATEDRAL,Mcal. López esq. Guyra Campana.,Fernando de la Mora,Central,,,,https://www.bnf.gov.py/uploads/Promocion_Reintegro_Farmacias_2026_SEP_2026_3ca4b62e69.pdf
loc-bnf-b38a185106722bf2,BNF,Farmacias,FARMACIAS CATEDRAL,Paraguay esq. Padre Jesús Daniel López.,Fram,Itapúa,,,,https://www.bnf.gov.py/uploads/Promocion_Reintegro_Farmacias_2026_SEP_2026_3ca4b62e69.pdf
loc-bnf-96d557f0df299ad2,BNF,Farmacias,FARMACIAS CATEDRAL,Gral. Isidoro Resquín N° 5699.,Gral. Resquín,San Pedro,,,,https://www.bnf.gov.py/uploads/Promocion_Reintegro_Farmacias_2026_SEP_2026_3ca4b62e69.pdf
loc-bnf-088af18fee63d848,BNF,Farmacias,FARMACENTER,Mcal. López c/ 14 de Mayo.,Hernandarias,Alto Paraná,,,,https://www.bnf.gov.py/uploads/Promocion_Reintegro_Farmacias_2026_SEP_2026_3ca4b62e69.pdf
loc-bnf-bd6a12665ba29cad,BNF,Farmacias,FARMACENTER,Avda. Mensu esq. Acosta Ñu.,Hernandarias,Alto Paraná,,,,https://www.bnf.gov.py/uploads/Promocion_Reintegro_Farmacias_2026_SEP_2026_3ca4b62e69.pdf
loc-bnf-379e4c55b430ed0a,BNF,Farmacias,FARMACENTER,Avda. Mcal. López y Paraná.,Hernandarias,Alto Paraná,,,,https://www.bnf.gov.py/uploads/Promocion_Reintegro_Farmacias_2026_SEP_2026_3ca4b62e69.pdf
loc-bnf-2cf7f41d5664fa58,BNF,Farmacias,FARMACIA VICENTE SCAVONE,Avda. Paraná esq. Augusto Roa Bastos.,Hernandarias,Alto Paraná,,,,https://www.bnf.gov.py/uploads/Promocion_Reintegro_Farmacias_2026_SEP_2026_3ca4b62e69.pdf
loc-bnf-e0e45c300e9e6255,BNF,Farmacias,FARMACIAS CATEDRAL,Avda. El Mensú c/ 3 de Noviembre.,Hernandarias,Alto Paraná,,,,https://www.bnf.gov.py/uploads/Promocion_Reintegro_Farmacias_2026_SEP_2026_3ca4b62e69.pdf
loc-bnf-571b2d4998d3a3b4,BNF,Farmacias,FARMACENTER,Avda. Osvaldo Tishler esq. Luis A. Herrera.,Hohenau,Itapúa,,,,https://www.bnf.gov.py/uploads/Promocion_Reintegro_Farmacias_2026_SEP_2026_3ca4b62e69.pdf
loc-bnf-56533ff028ddbe87,BNF,Farmacias,FARMACENTER,Avda. Mariscal Francisco Solano López.,Horqueta,Concepción,,,,https://www.bnf.gov.py/uploads/Promocion_Reintegro_Farmacias_2026_SEP_2026_3ca4b62e69.pdf
loc-bnf-deb3d8bb220a33f7,BNF,Farmacias,FARMACENTER,Mcal. José Félix Estigarribia c/ Villa Alta.,Itauguá,Central,,,,https://www.bnf.gov.py/uploads/Promocion_Reintegro_Farmacias_2026_SEP_2026_3ca4b62e69.pdf
loc-bnf-d842eaf8905ab359,BNF,Farmacias,FARMACENTER,Ruta 2 Mcal. Estigarribia esq. Jóvenes Por La Democracia.,Itauguá,Central,,,,https://www.bnf.gov.py/uploads/Promocion_Reintegro_Farmacias_2026_SEP_2026_3ca4b62e69.pdf
loc-bnf-e6083025a13f538c,BNF,Farmacias,FARMACENTER,Gral. Marcial Samaniego esq. Defensores.,Itauguá,Central,,,,https://www.bnf.gov.py/uploads/Promocion_Reintegro_Farmacias_2026_SEP_2026_3ca4b62e69.pdf
loc-bnf-cf9335bca0b00118,BNF,Farmacias,FARMACIA VICENTE SCAVONE,Ttte. Esteban Martinez esq. Gral. Delgado.,Itauguá,Central,,,,https://www.bnf.gov.py/uploads/Promocion_Reintegro_Farmacias_2026_SEP_2026_3ca4b62e69.pdf
loc-bnf-a6c066697731b6f3,BNF,Farmacias,FARMACIAS CATEDRAL,Ruta Mcal. José Félix Estigarribia y Martín de Barúa.,Itauguá,Central,,,,https://www.bnf.gov.py/uploads/Promocion_Reintegro_Farmacias_2026_SEP_2026_3ca4b62e69.pdf
loc-bnf-c32c2040496bff15,BNF,Farmacias,FARMACIAS CATEDRAL,Ruta2 Mcal Estigarribia Km. 28.,Itauguá,Central,,,,https://www.bnf.gov.py/uploads/Promocion_Reintegro_Farmacias_2026_SEP_2026_3ca4b62e69.pdf
loc-bnf-3c17d7a18e750bfb,BNF,Farmacias,FARMACIAS CATEDRAL,Ruta 2 Mcal. Estigarribia y Virgen del Rosario N° 548.,Itauguá,Central,,,,https://www.bnf.gov.py/uploads/Promocion_Reintegro_Farmacias_2026_SEP_2026_3ca4b62e69.pdf
loc-bnf-cbeee386d70d5068,BNF,Farmacias,FARMACENTER,Ruta 1 Domingo Martínez de Irala.,Itá,Central,,,,https://www.bnf.gov.py/uploads/Promocion_Reintegro_Farmacias_2026_SEP_2026_3ca4b62e69.pdf
loc-bnf-e67dd6a4e9f99888,BNF,Farmacias,FARMACIAS CATEDRAL,Gral. Díaz esq. Curupayty.,Itá,Central,,,,https://www.bnf.gov.py/uploads/Promocion_Reintegro_Farmacias_2026_SEP_2026_3ca4b62e69.pdf
loc-bnf-73228c153484140f,BNF,Farmacias,FARMACENTER,Ruta 2 Km. 27.,J. Augusto Saldivar,Central,,,,https://www.bnf.gov.py/uploads/Promocion_Reintegro_Farmacias_2026_SEP_2026_3ca4b62e69.pdf
loc-bnf-c21b5f3e5ee6e7d9,BNF,Farmacias,FARMACENTER,Ruta 027 c/ Ramal Vaesken.,J. Augusto Saldivar,Central,,,,https://www.bnf.gov.py/uploads/Promocion_Reintegro_Farmacias_2026_SEP_2026_3ca4b62e69.pdf
loc-bnf-7f2e1d2e4cb489f5,BNF,Farmacias,FARMACIAS CATEDRAL,Ruta Ramal Guarambaré.,J. Augusto Saldivar,Central,,,,https://www.bnf.gov.py/uploads/Promocion_Reintegro_Farmacias_2026_SEP_2026_3ca4b62e69.pdf
loc-bnf-b0f7ac8a57c615c5,BNF,Farmacias,FARMACENTER,José Asunción Flores esq. Emiliano R. Fernández.,J. Eulogio Estigarribia,Caaguazú,,,,https://www.bnf.gov.py/uploads/Promocion_Reintegro_Farmacias_2026_SEP_2026_3ca4b62e69.pdf
loc-bnf-3021a0642d198e53,BNF,Farmacias,FARMACENTER,Ruta Independencia Nacional 1ra. Junta Municipal.,J. Eulogio Estigarribia,Caaguazú,,,,https://www.bnf.gov.py/uploads/Promocion_Reintegro_Farmacias_2026_SEP_2026_3ca4b62e69.pdf
loc-bnf-6f35f9753ffd3775,BNF,Farmacias,FARMACIA VICENTE SCAVONE,José A. Flores e/ Carlos A. López y 15 de Agosto.,J. Eulogio Estigarribia,Caaguazú,,,,https://www.bnf.gov.py/uploads/Promocion_Reintegro_Farmacias_2026_SEP_2026_3ca4b62e69.pdf
loc-bnf-91b30631f4d9970d,BNF,Farmacias,FARMACIA VICENTE SCAVONE,Tajy y San José.,J. Eulogio Estigarribia,Caaguazú,,,,https://www.bnf.gov.py/uploads/Promocion_Reintegro_Farmacias_2026_SEP_2026_3ca4b62e69.pdf
loc-bnf-b7565a1256ca1ea8,BNF,Farmacias,FARMACIAS CATEDRAL,Independencia Nacional Entre Panchito Lopez y San José.,J. Eulogio Estigarribia,Caaguazú,,,,https://www.bnf.gov.py/uploads/Promocion_Reintegro_Farmacias_2026_SEP_2026_3ca4b62e69.pdf
loc-bnf-7c1c19e2f468a888,BNF,Farmacias,FARMACENTER,Ruta PY03 N° 445 c/ Batalla de Raichuelo.,Katueté,Canindeyú,,,,https://www.bnf.gov.py/uploads/Promocion_Reintegro_Farmacias_2026_SEP_2026_3ca4b62e69.pdf
loc-bnf-1ed9d0bad923cd3a,BNF,Farmacias,FARMACIAS CATEDRAL,Ruta Nacional PY10 Las Residentas esq. Calle Primavera.,Katueté,Canindeyú,,,,https://www.bnf.gov.py/uploads/Promocion_Reintegro_Farmacias_2026_SEP_2026_3ca4b62e69.pdf
loc-bnf-101e012874cd408b,BNF,Farmacias,FARMACENTER,Avda. Fernando de la Mora y Cacique Lambaré.,Lambaré,Central,,,,https://www.bnf.gov.py/uploads/Promocion_Reintegro_Farmacias_2026_SEP_2026_3ca4b62e69.pdf
loc-bnf-736a56b33ea4eacf,BNF,Farmacias,FARMACENTER,Cacique Lambaré N° 1180 c/ San Vicente.,Lambaré,Central,,,,https://www.bnf.gov.py/uploads/Promocion_Reintegro_Farmacias_2026_SEP_2026_3ca4b62e69.pdf
loc-bnf-2d11fcfcd344e9d6,BNF,Farmacias,FARMACENTER,Cacique Lambaré c/ Hernán Cortés.,Lambaré,Central,,,,https://www.bnf.gov.py/uploads/Promocion_Reintegro_Farmacias_2026_SEP_2026_3ca4b62e69.pdf
loc-bnf-c367a9f981cd4b2a,BNF,Farmacias,FARMACENTER,Cacique Lambaré esq. Pedro Juan Caballero.,Lambaré,Central,,,,https://www.bnf.gov.py/uploads/Promocion_Reintegro_Farmacias_2026_SEP_2026_3ca4b62e69.pdf
loc-bnf-f5718e1dbfceddd6,BNF,Farmacias,FARMACENTER,Avda. Defensores del Chaco y San Isidro.,Lambaré,Central,,,,https://www.bnf.gov.py/uploads/Promocion_Reintegro_Farmacias_2026_SEP_2026_3ca4b62e69.pdf
loc-bnf-39a2fb01cbcbe4e2,BNF,Farmacias,FARMACENTER,Avda. Luis María Argaña c/ Porvenir.,Lambaré,Central,,,,https://www.bnf.gov.py/uploads/Promocion_Reintegro_Farmacias_2026_SEP_2026_3ca4b62e69.pdf
loc-bnf-3a9ff8b3d5a227ed,BNF,Farmacias,FARMACENTER,Primero de Marzo e/ Nanawa y Francisco Wisner.,Lambaré,Central,,,,https://www.bnf.gov.py/uploads/Promocion_Reintegro_Farmacias_2026_SEP_2026_3ca4b62e69.pdf
loc-bnf-a78c3a8b224805e2,BNF,Farmacias,FARMACENTER,Bruno Guggiari e/ San Rafael y Guatambu.,Lambaré,Central,,,,https://www.bnf.gov.py/uploads/Promocion_Reintegro_Farmacias_2026_SEP_2026_3ca4b62e69.pdf
loc-bnf-816273923d6550ff,BNF,Farmacias,FARMACENTER,Avda. San Isidro N° 2424.,Lambaré,Central,,,,https://www.bnf.gov.py/uploads/Promocion_Reintegro_Farmacias_2026_SEP_2026_3ca4b62e69.pdf
loc-bnf-735d1de4c396bfc4,BNF,Farmacias,FARMACENTER,Avda. Cacique Lambaré c/ Choferes del 70.,Lambaré,Central,,,,https://www.bnf.gov.py/uploads/Promocion_Reintegro_Farmacias_2026_SEP_2026_3ca4b62e69.pdf
loc-bnf-0883571e78ef2e4a,BNF,Farmacias,FARMACIA VICENTE SCAVONE,Avda. Rca. Argentina e/ Paseo del Solar y Paz del Chaco.,Lambaré,Central,,,,https://www.bnf.gov.py/uploads/Promocion_Reintegro_Farmacias_2026_SEP_2026_3ca4b62e69.pdf
loc-bnf-5a4022424198550d,BNF,Farmacias,FARMACIA VICENTE SCAVONE,Avda. Rca. Argentina esq. San Esteban.,Lambaré,Central,,,,https://www.bnf.gov.py/uploads/Promocion_Reintegro_Farmacias_2026_SEP_2026_3ca4b62e69.pdf
loc-bnf-9a30d1ad0ce42189,BNF,Farmacias,FARMACIAS CATEDRAL,Avda. Cacique Lambaré y Tte. Ruíz.,Lambaré,Central,,,,https://www.bnf.gov.py/uploads/Promocion_Reintegro_Farmacias_2026_SEP_2026_3ca4b62e69.pdf
loc-bnf-b408efed94d05215,BNF,Farmacias,FARMACIAS CATEDRAL,Avda. Cacique Lambaré esq. María Auxiliadora y Justo Pastor.,Lambaré,Central,,,,https://www.bnf.gov.py/uploads/Promocion_Reintegro_Farmacias_2026_SEP_2026_3ca4b62e69.pdf
loc-bnf-f2999135d727d035,BNF,Farmacias,FARMACIAS CATEDRAL,Calle Carretera López esq. De La Burrerita.,Lambaré,Central,,,,https://www.bnf.gov.py/uploads/Promocion_Reintegro_Farmacias_2026_SEP_2026_3ca4b62e69.pdf
loc-bnf-6aab152a8511cf53,BNF,Farmacias,FARMACIAS CATEDRAL,Avda. San Isidro esq. Juan del Castillo.,Lambaré,Central,,,,https://www.bnf.gov.py/uploads/Promocion_Reintegro_Farmacias_2026_SEP_2026_3ca4b62e69.pdf
loc-bnf-324c5c6bee057733,BNF,Farmacias,FARMACIAS CATEDRAL,Avda. Cacique Lambaré N° 1034 Casi Cerro Corá.,Lambaré,Central,,,,https://www.bnf.gov.py/uploads/Promocion_Reintegro_Farmacias_2026_SEP_2026_3ca4b62e69.pdf
loc-bnf-17da4f824e1a9986,BNF,Farmacias,FARMACIAS CATEDRAL,Avda. Las Palmas esq. Bruno Guggiari.,Lambaré,Central,,,,https://www.bnf.gov.py/uploads/Promocion_Reintegro_Farmacias_2026_SEP_2026_3ca4b62e69.pdf
loc-bnf-237cb50f26c64373,BNF,Farmacias,FARMACENTER,Ruta 3 Liberación.,Liberación,San Pedro,,,,https://www.bnf.gov.py/uploads/Promocion_Reintegro_Farmacias_2026_SEP_2026_3ca4b62e69.pdf
loc-bnf-134e028f7f85f096,BNF,Farmacias,FARMACIAS CATEDRAL,"Ruta PY08 Dr. Blas Garay Km. 282,5.",Liberación,San Pedro,,,,https://www.bnf.gov.py/uploads/Promocion_Reintegro_Farmacias_2026_SEP_2026_3ca4b62e69.pdf
loc-bnf-8b6e79bde2520b55,BNF,Farmacias,FARMACENTER,Avda. Colón esq. Roberto Benítez.,Limpio,Central,,,,https://www.bnf.gov.py/uploads/Promocion_Reintegro_Farmacias_2026_SEP_2026_3ca4b62e69.pdf
loc-bnf-138a641c452b252c,BNF,Farmacias,FARMACENTER,Avda. San José y Desvío Salado.,Limpio,Central,,,,https://www.bnf.gov.py/uploads/Promocion_Reintegro_Farmacias_2026_SEP_2026_3ca4b62e69.pdf
loc-bnf-c50a70e6768b22b7,BNF,Farmacias,FARMACENTER,Ruta PY03 Gral. Elizardo Aquino N° 294 esq. Choferes del Chaco.,Limpio,Central,,,,https://www.bnf.gov.py/uploads/Promocion_Reintegro_Farmacias_2026_SEP_2026_3ca4b62e69.pdf
loc-bnf-3269adba34dd0240,BNF,Farmacias,FARMACIA VICENTE SCAVONE,Avda. San José e/ Carlos A. López y Boquerón.,Limpio,Central,,,,https://www.bnf.gov.py/uploads/Promocion_Reintegro_Farmacias_2026_SEP_2026_3ca4b62e69.pdf
loc-bnf-25e7e224b5bd50df,BNF,Farmacias,FARMACIAS CATEDRAL,Km. 23 Ruta N° 3 Gral. Aquino y Carlos Antonio López.,Limpio,Central,,,,https://www.bnf.gov.py/uploads/Promocion_Reintegro_Farmacias_2026_SEP_2026_3ca4b62e69.pdf
loc-bnf-a1a99ba43f888ed5,BNF,Farmacias,FARMACIAS CATEDRAL,General Díaz y Pedro Melo De Portugal.,Limpio,Central,,,,https://www.bnf.gov.py/uploads/Promocion_Reintegro_Farmacias_2026_SEP_2026_3ca4b62e69.pdf
loc-bnf-70d3701c8eebe8d2,BNF,Farmacias,FARMACIAS CATEDRAL,Calle La Amistad esq. 2do. Barrio.,Limpio,Central,,,,https://www.bnf.gov.py/uploads/Promocion_Reintegro_Farmacias_2026_SEP_2026_3ca4b62e69.pdf
loc-bnf-9f4b5e1d57bd4b52,BNF,Farmacias,FARMACENTER,Ruta Gral. Aquino y Bernardino Caballero.,Luque,Central,,,,https://www.bnf.gov.py/uploads/Promocion_Reintegro_Farmacias_2026_SEP_2026_3ca4b62e69.pdf
loc-bnf-16d11b65de021cf1,BNF,Farmacias,FARMACENTER,Gral. Aquino esq. José Bonifacio.,Luque,Central,,,,https://www.bnf.gov.py/uploads/Promocion_Reintegro_Farmacias_2026_SEP_2026_3ca4b62e69.pdf
loc-bnf-2ee333f4c1915204,BNF,Farmacias,FARMACENTER,14 de Mayo esq. Moisés Bertoni.,Luque,Central,,,,https://www.bnf.gov.py/uploads/Promocion_Reintegro_Farmacias_2026_SEP_2026_3ca4b62e69.pdf
loc-bnf-7d7fe4643b55c7bf,BNF,Farmacias,FARMACENTER,14 de Mayo esq. Carlos A. López.,Luque,Central,,,,https://www.bnf.gov.py/uploads/Promocion_Reintegro_Farmacias_2026_SEP_2026_3ca4b62e69.pdf
loc-bnf-202cb1912dc68c4d,BNF,Farmacias,FARMACENTER,Cerro Corá c/ Azara.,Luque,Central,,,,https://www.bnf.gov.py/uploads/Promocion_Reintegro_Farmacias_2026_SEP_2026_3ca4b62e69.pdf
loc-bnf-7bc6c4b115497bbb,BNF,Farmacias,FARMACENTER,"Capitán Andrés Insfran, Ruta Luque - San Lorenzo.",Luque,Central,,,,https://www.bnf.gov.py/uploads/Promocion_Reintegro_Farmacias_2026_SEP_2026_3ca4b62e69.pdf
loc-bnf-965ade8c7528501a,BNF,Farmacias,FARMACENTER,"Avda. Rosario, Ruta Luque Mora Cué - Limpio.",Luque,Central,,,,https://www.bnf.gov.py/uploads/Promocion_Reintegro_Farmacias_2026_SEP_2026_3ca4b62e69.pdf
loc-bnf-87e0bbe4e0f0124c,BNF,Farmacias,FARMACENTER,Ruta Luque - San Bernardino y Hernandarias.,Luque,Central,,,,https://www.bnf.gov.py/uploads/Promocion_Reintegro_Farmacias_2026_SEP_2026_3ca4b62e69.pdf
loc-bnf-377f3e6c94fda2e4,BNF,Farmacias,FARMACENTER,Avda. Ramos Alfaro esq. Samukiay.,Luque,Central,,,,https://www.bnf.gov.py/uploads/Promocion_Reintegro_Farmacias_2026_SEP_2026_3ca4b62e69.pdf
loc-bnf-6a3770ea1bfaea59,BNF,Farmacias,FARMACENTER,2da. Capital c/ Mcal. Sucre.,Luque,Central,,,,https://www.bnf.gov.py/uploads/Promocion_Reintegro_Farmacias_2026_SEP_2026_3ca4b62e69.pdf
loc-bnf-d21fdbd68e4049ba,BNF,Farmacias,FARMACENTER,Calle Rosario y Mcal. Estigarribia.,Luque,Central,,,,https://www.bnf.gov.py/uploads/Promocion_Reintegro_Farmacias_2026_SEP_2026_3ca4b62e69.pdf
loc-bnf-bc97f132acf4f8e0,BNF,Farmacias,FARMACENTER,Coronel Martínez esq. Prof. Inés Figueredo.,Luque,Central,,,,https://www.bnf.gov.py/uploads/Promocion_Reintegro_Farmacias_2026_SEP_2026_3ca4b62e69.pdf
loc-bnf-92be91b4eb9a7595,BNF,Farmacias,FARMACENTER,Cnel. Martínez c/ Dr. Andrés.,Luque,Central,,,,https://www.bnf.gov.py/uploads/Promocion_Reintegro_Farmacias_2026_SEP_2026_3ca4b62e69.pdf
loc-bnf-90c570d7d6140a41,BNF,Farmacias,FARMACENTER,Cornelio López esq. Dora de Acuña.,Luque,Central,,,,https://www.bnf.gov.py/uploads/Promocion_Reintegro_Farmacias_2026_SEP_2026_3ca4b62e69.pdf
loc-bnf-5fcbfbda64296d89,BNF,Farmacias,FARMACENTER,Avda. Silvio Petirossi y América.,Luque,Central,,,,https://www.bnf.gov.py/uploads/Promocion_Reintegro_Farmacias_2026_SEP_2026_3ca4b62e69.pdf
loc-bnf-cb30fc3e646022bd,BNF,Farmacias,FARMACENTER,Avda. Artigas c/ Bernardino Caballero.,Luque,Central,,,,https://www.bnf.gov.py/uploads/Promocion_Reintegro_Farmacias_2026_SEP_2026_3ca4b62e69.pdf
loc-bnf-c058d5c5109f1277,BNF,Farmacias,FARMACIA VICENTE SCAVONE,Avda. Corrales y Tte. Rojas Silva.,Luque,Central,,,,https://www.bnf.gov.py/uploads/Promocion_Reintegro_Farmacias_2026_SEP_2026_3ca4b62e69.pdf
loc-bnf-581e1dc170045422,BNF,Farmacias,FARMACIA VICENTE SCAVONE,Cerro Corá y Fulgencio Yegros.,Luque,Central,,,,https://www.bnf.gov.py/uploads/Promocion_Reintegro_Farmacias_2026_SEP_2026_3ca4b62e69.pdf
loc-bnf-c414958eb47e7110,BNF,Farmacias,FARMACIA VICENTE SCAVONE,Britez Borges y Avda. Nanawa.,Luque,Central,,,,https://www.bnf.gov.py/uploads/Promocion_Reintegro_Farmacias_2026_SEP_2026_3ca4b62e69.pdf
loc-bnf-30b09422c5658003,BNF,Farmacias,FARMACIA VICENTE SCAVONE,Avda. Humaita esq. 14 de Mayo.,Luque,Central,,,,https://www.bnf.gov.py/uploads/Promocion_Reintegro_Farmacias_2026_SEP_2026_3ca4b62e69.pdf
loc-bnf-98a71c504c2e9d96,BNF,Farmacias,FARMACIAS CATEDRAL,Avda. Gral. Elizardo Aquino N° 999 esq. Tte. Rivas.,Luque,Central,,,,https://www.bnf.gov.py/uploads/Promocion_Reintegro_Farmacias_2026_SEP_2026_3ca4b62e69.pdf
loc-bnf-a7247b6a54c00053,BNF,Farmacias,FARMACIAS CATEDRAL,Cnel. Martínez e/ Paso Esperanza.,Luque,Central,,,,https://www.bnf.gov.py/uploads/Promocion_Reintegro_Farmacias_2026_SEP_2026_3ca4b62e69.pdf
loc-bnf-dde302d5f91c53b2,BNF,Farmacias,FARMACIAS CATEDRAL,Avda. Corrales y Ruta Luque San Bernardino.,Luque,Central,,,,https://www.bnf.gov.py/uploads/Promocion_Reintegro_Farmacias_2026_SEP_2026_3ca4b62e69.pdf
loc-bnf-83d45b851384c2a1,BNF,Farmacias,FARMACIAS CATEDRAL,Digno García esq. Santo Tomás.,Luque,Central,,,,https://www.bnf.gov.py/uploads/Promocion_Reintegro_Farmacias_2026_SEP_2026_3ca4b62e69.pdf
loc-bnf-1943373727c414ac,BNF,Farmacias,FARMACIAS CATEDRAL,Avda. Gral. Aquino esq. Alberdi.,Luque,Central,,,,https://www.bnf.gov.py/uploads/Promocion_Reintegro_Farmacias_2026_SEP_2026_3ca4b62e69.pdf
loc-bnf-9e003fdd0be4c13e,BNF,Farmacias,FARMACIAS CATEDRAL,Carlos Antonio López esq. 14 de Mayo.,Luque,Central,,,,https://www.bnf.gov.py/uploads/Promocion_Reintegro_Farmacias_2026_SEP_2026_3ca4b62e69.pdf
loc-bnf-7f946ddaf40806a0,BNF,Farmacias,FARMACIAS CATEDRAL,Ruta Luque - Limpio c/ San Gabriel.,Luque,Central,,,,https://www.bnf.gov.py/uploads/Promocion_Reintegro_Farmacias_2026_SEP_2026_3ca4b62e69.pdf
loc-bnf-61d9584e8c5bc8ab,BNF,Farmacias,FARMACIAS CATEDRAL,Capitán Bado N° 498 y Avenida Humaitá.,Luque,Central,,,,https://www.bnf.gov.py/uploads/Promocion_Reintegro_Farmacias_2026_SEP_2026_3ca4b62e69.pdf
loc-bnf-f37094f46b26f97d,BNF,Farmacias,FARMACIAS CATEDRAL,Calle América y Karandayty Loma Merlo Luque.,Luque,Central,,,,https://www.bnf.gov.py/uploads/Promocion_Reintegro_Farmacias_2026_SEP_2026_3ca4b62e69.pdf
loc-bnf-9682db5c1e9980a6,BNF,Farmacias,FARMACIAS CATEDRAL,Gral. Elizardo Aquino esq. Adrián Jara.,Luque,Central,,,,https://www.bnf.gov.py/uploads/Promocion_Reintegro_Farmacias_2026_SEP_2026_3ca4b62e69.pdf
loc-bnf-4191e658e9806991,BNF,Farmacias,FARMACIAS CATEDRAL,Humaitá N° 260.,Luque,Central,,,,https://www.bnf.gov.py/uploads/Promocion_Reintegro_Farmacias_2026_SEP_2026_3ca4b62e69.pdf
loc-bnf-52f2cf7c42f58f57,BNF,Farmacias,FARMACIAS CATEDRAL,Calle Coronel Martínez c/ Calle L.,Luque,Central,,,,https://www.bnf.gov.py/uploads/Promocion_Reintegro_Farmacias_2026_SEP_2026_3ca4b62e69.pdf
loc-bnf-9d86e461b3edcab9,BNF,Farmacias,FARMACENTER,"Ruta Transchaco KM. 14,5.",Mariano Roque Alonso,Central,,,,https://www.bnf.gov.py/uploads/Promocion_Reintegro_Farmacias_2026_SEP_2026_3ca4b62e69.pdf
loc-bnf-fd622756dbb485a1,BNF,Farmacias,FARMACENTER,Transchaco esq. Zenteno.,Mariano Roque Alonso,Central,,,,https://www.bnf.gov.py/uploads/Promocion_Reintegro_Farmacias_2026_SEP_2026_3ca4b62e69.pdf
loc-bnf-96371e0da14533ac,BNF,Farmacias,FARMACENTER,Gral. Bernardino Caballero esq. Guavirá.,Mariano Roque Alonso,Central,,,,https://www.bnf.gov.py/uploads/Promocion_Reintegro_Farmacias_2026_SEP_2026_3ca4b62e69.pdf
loc-bnf-98e06a24b293a02f,BNF,Farmacias,FARMACENTER,Eligio Ayala e/ Soldado Robustiano y Herrera.,Mariano Roque Alonso,Central,,,,https://www.bnf.gov.py/uploads/Promocion_Reintegro_Farmacias_2026_SEP_2026_3ca4b62e69.pdf
loc-bnf-bedd4930e487e7ca,BNF,Farmacias,FARMACENTER,Ruta PY03 Gral. Elizardo Aquino esq. Gral. Caballero.,Mariano Roque Alonso,Central,,,,https://www.bnf.gov.py/uploads/Promocion_Reintegro_Farmacias_2026_SEP_2026_3ca4b62e69.pdf
loc-bnf-bbb907c6414e5b10,BNF,Farmacias,FARMACENTER,Avda. Nanawa esq. Paredes.,Mariano Roque Alonso,Central,,,,https://www.bnf.gov.py/uploads/Promocion_Reintegro_Farmacias_2026_SEP_2026_3ca4b62e69.pdf
loc-bnf-571bd1849ef288d8,BNF,Farmacias,FARMACIA VICENTE SCAVONE,Boquerón c/ Cañada Tarija.,Mariano Roque Alonso,Central,,,,https://www.bnf.gov.py/uploads/Promocion_Reintegro_Farmacias_2026_SEP_2026_3ca4b62e69.pdf
loc-bnf-bb4332d08187fdc3,BNF,Farmacias,FARMACIA VICENTE SCAVONE,Ruta PY03 c/ Dr. Telemaco Silvera.,Mariano Roque Alonso,Central,,,,https://www.bnf.gov.py/uploads/Promocion_Reintegro_Farmacias_2026_SEP_2026_3ca4b62e69.pdf
loc-bnf-6e523b640b7e7d23,BNF,Farmacias,FARMACIAS CATEDRAL,Gral. Bernardino Caballero entre Pedro Juan Caballero e Ignacio Iturbe.,Mariano Roque Alonso,Central,,,,https://www.bnf.gov.py/uploads/Promocion_Reintegro_Farmacias_2026_SEP_2026_3ca4b62e69.pdf
loc-bnf-3c81aea34a3d77f0,BNF,Farmacias,FARMACIAS CATEDRAL,Calle Nanawa esq. Saavedra.,Mariano Roque Alonso,Central,,,,https://www.bnf.gov.py/uploads/Promocion_Reintegro_Farmacias_2026_SEP_2026_3ca4b62e69.pdf
loc-bnf-22547c8fb1fdf650,BNF,Farmacias,FARMACIAS CATEDRAL,Avda. General Bernardino Caballero esq. Autopista Silvio Pettirosi.,Mariano Roque Alonso,Central,,,,https://www.bnf.gov.py/uploads/Promocion_Reintegro_Farmacias_2026_SEP_2026_3ca4b62e69.pdf
loc-bnf-1a2bd799d27cd91d,BNF,Farmacias,FARMACIAS CATEDRAL,Ruta PY03 esq. Cnel. Irrazabal.,Mariano Roque Alonso,Central,,,,https://www.bnf.gov.py/uploads/Promocion_Reintegro_Farmacias_2026_SEP_2026_3ca4b62e69.pdf
loc-bnf-8daabd1541bb339e,BNF,Farmacias,FARMACIAS CATEDRAL,Ruta PY03 Transchaco c/ Waldino Lovera.,Mariano Roque Alonso,Central,,,,https://www.bnf.gov.py/uploads/Promocion_Reintegro_Farmacias_2026_SEP_2026_3ca4b62e69.pdf
loc-bnf-1d8ae8414dec16bf,BNF,Farmacias,FARMACIAS CATEDRAL,Ruta Transchaco c/ Manuel Irala Fernández.,Mariano Roque Alonso,Central,,,,https://www.bnf.gov.py/uploads/Promocion_Reintegro_Farmacias_2026_SEP_2026_3ca4b62e69.pdf
loc-bnf-162f2f398bd1f4cd,BNF,Farmacias,FARMACIAS CATEDRAL,Ruta 3 General Aquino N° 5959.,Mariano Roque Alonso,Central,,,,https://www.bnf.gov.py/uploads/Promocion_Reintegro_Farmacias_2026_SEP_2026_3ca4b62e69.pdf
loc-bnf-bd142e2dc1ba3887,BNF,Farmacias,FARMACIAS CATEDRAL,Defensores Del Chaco c/ Félix Pérez Cardozo.,María Auxiliadora,Itapúa,,,,https://www.bnf.gov.py/uploads/Promocion_Reintegro_Farmacias_2026_SEP_2026_3ca4b62e69.pdf
loc-bnf-e79b83ed83556e19,BNF,Farmacias,FARMACENTER,Don Bosco c/ Las Mingueros.,Minga Guazú,Alto Paraná,,,,https://www.bnf.gov.py/uploads/Promocion_Reintegro_Farmacias_2026_SEP_2026_3ca4b62e69.pdf
loc-bnf-433a4bbcb1ae8e36,BNF,Farmacias,FARMACENTER,Avda. Rodríguez De Francia c/ Pilcomayo.,Obligado,Itapúa,,,,https://www.bnf.gov.py/uploads/Promocion_Reintegro_Farmacias_2026_SEP_2026_3ca4b62e69.pdf
loc-bnf-d7a91cc2000b5d7d,BNF,Farmacias,FARMACENTER,14 de Mayo esq. Gral. Morínigo.,Paraguarí,Paraguarí,,,,https://www.bnf.gov.py/uploads/Promocion_Reintegro_Farmacias_2026_SEP_2026_3ca4b62e69.pdf
loc-bnf-6f89010cec69efd2,BNF,Farmacias,FARMACIA VICENTE SCAVONE,Gral. Bernardino Caballero esq. Pa'i Gómez,Paraguarí,Paraguarí,,,,https://www.bnf.gov.py/uploads/Promocion_Reintegro_Farmacias_2026_SEP_2026_3ca4b62e69.pdf
loc-bnf-e35198572e8b6cb0,BNF,Farmacias,FARMACIAS CATEDRAL,Ruta 1 esq. Tte. Derlis Caceres.,Paraguarí,Paraguarí,,,,https://www.bnf.gov.py/uploads/Promocion_Reintegro_Farmacias_2026_SEP_2026_3ca4b62e69.pdf
loc-bnf-3a80b3980d8544cb,BNF,Farmacias,FARMACIAS CATEDRAL,Ruta Pirayú - Caacupé c/ 22 de Setiembre.,Paraguarí,Paraguarí,,,,https://www.bnf.gov.py/uploads/Promocion_Reintegro_Farmacias_2026_SEP_2026_3ca4b62e69.pdf
loc-bnf-e753f35f8e5fef03,BNF,Farmacias,FARMACENTER,Carlos A. López esq. 14 de Mayo.,Pedro Juan Caballero,Amambay,,,,https://www.bnf.gov.py/uploads/Promocion_Reintegro_Farmacias_2026_SEP_2026_3ca4b62e69.pdf
loc-bnf-84d4c38bc4f2cf2f,BNF,Farmacias,FARMACENTER,Avda. Gobernador Irala esq. Sgto. Azzarini.,Pilar,Ñeembucú,,,,https://www.bnf.gov.py/uploads/Promocion_Reintegro_Farmacias_2026_SEP_2026_3ca4b62e69.pdf
loc-bnf-250be076e48ee356,BNF,Farmacias,FARMACIA VICENTE SCAVONE,Avda. Gobernador Irala c/ Cerro Corá.,Pilar,Ñeembucú,,,,https://www.bnf.gov.py/uploads/Promocion_Reintegro_Farmacias_2026_SEP_2026_3ca4b62e69.pdf
loc-bnf-047be7dc802f7a6a,BNF,Farmacias,FARMACIAS CATEDRAL,Gral. Díaz y Pedro Juan Caballero.,Piribebuy,Cordillera,,,,https://www.bnf.gov.py/uploads/Promocion_Reintegro_Farmacias_2026_SEP_2026_3ca4b62e69.pdf
loc-bnf-a7f37520b59d5c12,BNF,Farmacias,FARMACENTER,Avda. Monday esq. Dr. Montanaro.,Presidente Franco,Alto Paraná,,,,https://www.bnf.gov.py/uploads/Promocion_Reintegro_Farmacias_2026_SEP_2026_3ca4b62e69.pdf
loc-bnf-70d7ca857662a1aa,BNF,Farmacias,FARMACENTER,Avda. Monday y Saltos del Monday.,Presidente Franco,Alto Paraná,,,,https://www.bnf.gov.py/uploads/Promocion_Reintegro_Farmacias_2026_SEP_2026_3ca4b62e69.pdf
loc-bnf-d0b19e29b0c59f47,BNF,Farmacias,FARMACENTER,Avda. Monday Km. 5.,Presidente Franco,Alto Paraná,,,,https://www.bnf.gov.py/uploads/Promocion_Reintegro_Farmacias_2026_SEP_2026_3ca4b62e69.pdf
loc-bnf-1e5f6ba8c6b19ca0,BNF,Farmacias,FARMACIA VICENTE SCAVONE,"Avda. Monday Km. 4,5 - Área 5.",Presidente Franco,Alto Paraná,,,,https://www.bnf.gov.py/uploads/Promocion_Reintegro_Farmacias_2026_SEP_2026_3ca4b62e69.pdf
loc-bnf-30c308fb8b62d112,BNF,Farmacias,FARMACIAS CATEDRAL,Avda. Monday esq. Dr. Sabino Montanaro.,Presidente Franco,Alto Paraná,,,,https://www.bnf.gov.py/uploads/Promocion_Reintegro_Farmacias_2026_SEP_2026_3ca4b62e69.pdf
loc-bnf-bcb6ba0cfd433d57,BNF,Farmacias,FARMACIAS CATEDRAL,Ruta 1 c/ San Lorenzo.,Quiindy,Paraguarí,,,,https://www.bnf.gov.py/uploads/Promocion_Reintegro_Farmacias_2026_SEP_2026_3ca4b62e69.pdf
loc-bnf-5e6c13c4ea146980,BNF,Farmacias,FARMACENTER,Avda. Paraguay c/ Paulo VI.,Salto del Guairá,Canindeyú,,,,https://www.bnf.gov.py/uploads/Promocion_Reintegro_Farmacias_2026_SEP_2026_3ca4b62e69.pdf
loc-bnf-4e3bdfbfc5c177cd,BNF,Farmacias,FARMACENTER,Cerro Corá esq. Padre Bruno Otte.,Salto del Guairá,Canindeyú,,,,https://www.bnf.gov.py/uploads/Promocion_Reintegro_Farmacias_2026_SEP_2026_3ca4b62e69.pdf
loc-bnf-db44491262ff88b5,BNF,Farmacias,FARMACENTER,Río Ypané esq. Río Monday.,San Antonio,Central,,,,https://www.bnf.gov.py/uploads/Promocion_Reintegro_Farmacias_2026_SEP_2026_3ca4b62e69.pdf
loc-bnf-d8fd63cd2be4fef7,BNF,Farmacias,FARMACENTER,Avda. Paraguay c/ Cadete de Boquerón.,San Antonio,Central,,,,https://www.bnf.gov.py/uploads/Promocion_Reintegro_Farmacias_2026_SEP_2026_3ca4b62e69.pdf
loc-bnf-4c89055bea3d06f0,BNF,Farmacias,FARMACENTER,Avelino Martínez esq. José Ortiz.,San Antonio,Central,,,,https://www.bnf.gov.py/uploads/Promocion_Reintegro_Farmacias_2026_SEP_2026_3ca4b62e69.pdf
loc-bnf-5abd08aa5c912e09,BNF,Farmacias,FARMACIAS CATEDRAL,Avda. San Antonio c/ De la Residenta N° 1628.,San Antonio,Central,,,,https://www.bnf.gov.py/uploads/Promocion_Reintegro_Farmacias_2026_SEP_2026_3ca4b62e69.pdf
loc-bnf-ff94f0904228c650,BNF,Farmacias,FARMACIAS CATEDRAL,Avda. San Antonio entre Rio Parapití y Río Aquidaban.,San Antonio,Central,,,,https://www.bnf.gov.py/uploads/Promocion_Reintegro_Farmacias_2026_SEP_2026_3ca4b62e69.pdf
loc-bnf-f2cdc3b94ccab7a2,BNF,Farmacias,FARMACENTER,Colonos Alemanes N° 304 c/ Nuestra Señora.,San Bernardino,Cordillera,,,,https://www.bnf.gov.py/uploads/Promocion_Reintegro_Farmacias_2026_SEP_2026_3ca4b62e69.pdf
loc-bnf-11d8d07dc79de659,BNF,Farmacias,FARMACENTER,Avda. Guillermo Neumann esq. Sominers.,San Bernardino,Cordillera,,,,https://www.bnf.gov.py/uploads/Promocion_Reintegro_Farmacias_2026_SEP_2026_3ca4b62e69.pdf
loc-bnf-a72bb3c1325fa702,BNF,Farmacias,FARMACENTER,Calle 25 de Diciembre.,San Bernardino,Cordillera,,,,https://www.bnf.gov.py/uploads/Promocion_Reintegro_Farmacias_2026_SEP_2026_3ca4b62e69.pdf
loc-bnf-e19bd4f4836490d9,BNF,Farmacias,FARMACIA VICENTE SCAVONE,Avda. Mcal. López esq. José Dolores Vera.,San Bernardino,Cordillera,,,,https://www.bnf.gov.py/uploads/Promocion_Reintegro_Farmacias_2026_SEP_2026_3ca4b62e69.pdf
loc-bnf-cf6ad7df1d6e4197,BNF,Farmacias,FARMACIAS CATEDRAL,Mariscal Lopez N° 414 entre Primera y Segunda Proyectada.,San Bernardino,Cordillera,,,,https://www.bnf.gov.py/uploads/Promocion_Reintegro_Farmacias_2026_SEP_2026_3ca4b62e69.pdf
loc-bnf-c717998cb435d077,BNF,Farmacias,FARMACIAS CATEDRAL,Dr. Federico Chávez Ruta San Bernardino - Altos.,San Bernardino,Cordillera,,,,https://www.bnf.gov.py/uploads/Promocion_Reintegro_Farmacias_2026_SEP_2026_3ca4b62e69.pdf
loc-bnf-cc678a1395005b8c,BNF,Farmacias,FARMACIAS CATEDRAL,Avda. Guillermo Neuman y Mainumby Km. 45.,San Bernardino,Cordillera,,,,https://www.bnf.gov.py/uploads/Promocion_Reintegro_Farmacias_2026_SEP_2026_3ca4b62e69.pdf
loc-bnf-c6d92a4bb1d6e19d,BNF,Farmacias,FARMACENTER,San Estanislao c/ Coronel Z. González.,San Estanislao,San Pedro,,,,https://www.bnf.gov.py/uploads/Promocion_Reintegro_Farmacias_2026_SEP_2026_3ca4b62e69.pdf
loc-bnf-e19b27fad4403785,BNF,Farmacias,FARMACIA VICENTE SCAVONE,Ruta 10 esq. Capitán R. Zenteno.,San Estanislao,San Pedro,,,,https://www.bnf.gov.py/uploads/Promocion_Reintegro_Farmacias_2026_SEP_2026_3ca4b62e69.pdf
loc-bnf-2a9ad10229113e18,BNF,Farmacias,FARMACIAS CATEDRAL,Avda. Cnel. Zoilo Gonzalez esq. Tte. Adolfo Mello.,San Estanislao,San Pedro,,,,https://www.bnf.gov.py/uploads/Promocion_Reintegro_Farmacias_2026_SEP_2026_3ca4b62e69.pdf
loc-bnf-766e7b216eb3f74d,BNF,Farmacias,FARMACENTER,Ruta Mcal. Estigarribia esq. Mcal. López.,San Ignacio,Misiones,,,,https://www.bnf.gov.py/uploads/Promocion_Reintegro_Farmacias_2026_SEP_2026_3ca4b62e69.pdf
loc-bnf-3580d084cdb5a0ff,BNF,Farmacias,FARMACIA VICENTE SCAVONE,Avda. Mcal. Estigarribia y Gral. Bernardino Caballero.,San Ignacio,Misiones,,,,https://www.bnf.gov.py/uploads/Promocion_Reintegro_Farmacias_2026_SEP_2026_3ca4b62e69.pdf
loc-bnf-fa0cfb174cfb3620,BNF,Farmacias,FARMACIAS CATEDRAL,Mcal. Estigarribia e/ Cerro Cora y Mcal. López.,San Ignacio,Misiones,,,,https://www.bnf.gov.py/uploads/Promocion_Reintegro_Farmacias_2026_SEP_2026_3ca4b62e69.pdf
loc-bnf-f4597491372530d6,BNF,Farmacias,FARMACIAS CATEDRAL,Calle José Félix Bogado N° 1102.,San Ignacio,Misiones,,,,https://www.bnf.gov.py/uploads/Promocion_Reintegro_Farmacias_2026_SEP_2026_3ca4b62e69.pdf
loc-bnf-1d652e00acf0560c,BNF,Farmacias,FARMACENTER,Hernandarias N° 1638.,San Lorenzo,Central,,,,https://www.bnf.gov.py/uploads/Promocion_Reintegro_Farmacias_2026_SEP_2026_3ca4b62e69.pdf
loc-bnf-79f73d5fa2d2bdd9,BNF,Farmacias,FARMACENTER,Ruta Mcal. Estigarribia y Ruta 1.,San Lorenzo,Central,,,,https://www.bnf.gov.py/uploads/Promocion_Reintegro_Farmacias_2026_SEP_2026_3ca4b62e69.pdf
loc-bnf-4a612d43ade52396,BNF,Farmacias,FARMACENTER,España N° 747 c/ 10 de Agosto.,San Lorenzo,Central,,,,https://www.bnf.gov.py/uploads/Promocion_Reintegro_Farmacias_2026_SEP_2026_3ca4b62e69.pdf
loc-bnf-5f2562db94db12a8,BNF,Farmacias,FARMACENTER,Tte. Benítez y Gral. Caballero.,San Lorenzo,Central,,,,https://www.bnf.gov.py/uploads/Promocion_Reintegro_Farmacias_2026_SEP_2026_3ca4b62e69.pdf
loc-bnf-bdd22203ca3a4b8b,BNF,Farmacias,FARMACENTER,Avelino Martínez c/ Leopardi.,San Lorenzo,Central,,,,https://www.bnf.gov.py/uploads/Promocion_Reintegro_Farmacias_2026_SEP_2026_3ca4b62e69.pdf
loc-bnf-52db75a9302918b5,BNF,Farmacias,FARMACENTER,San Lorenzo Shopping.,San Lorenzo,Central,,,,https://www.bnf.gov.py/uploads/Promocion_Reintegro_Farmacias_2026_SEP_2026_3ca4b62e69.pdf
loc-bnf-f9c5a6957d2d934f,BNF,Farmacias,FARMACENTER,Julio Franco c/ Delfín Chamorro.,San Lorenzo,Central,,,,https://www.bnf.gov.py/uploads/Promocion_Reintegro_Farmacias_2026_SEP_2026_3ca4b62e69.pdf
loc-bnf-443dea8c0e0f003e,BNF,Farmacias,FARMACENTER,Avda. Gabriel Perlon c/ Los Concejales.,San Lorenzo,Central,,,,https://www.bnf.gov.py/uploads/Promocion_Reintegro_Farmacias_2026_SEP_2026_3ca4b62e69.pdf
loc-bnf-5813500f86a18e77,BNF,Farmacias,FARMACENTER,Campo Jordan esq. Bandera de la Patria.,San Lorenzo,Central,,,,https://www.bnf.gov.py/uploads/Promocion_Reintegro_Farmacias_2026_SEP_2026_3ca4b62e69.pdf
loc-bnf-8937c8e09e437bba,BNF,Farmacias,FARMACENTER,De La Victoria esq. Lilian Baruja.,San Lorenzo,Central,,,,https://www.bnf.gov.py/uploads/Promocion_Reintegro_Farmacias_2026_SEP_2026_3ca4b62e69.pdf
loc-bnf-fedd04a11e4807f6,BNF,Farmacias,FARMACENTER,Avda. De La Victoria esq. Lilian Baruja.,San Lorenzo,Central,,,,https://www.bnf.gov.py/uploads/Promocion_Reintegro_Farmacias_2026_SEP_2026_3ca4b62e69.pdf
loc-bnf-4baa1d2d95299f2b,BNF,Farmacias,FARMACENTER,Avda. Manuel Ortiz Guerrero N° 631.,San Lorenzo,Central,,,,https://www.bnf.gov.py/uploads/Promocion_Reintegro_Farmacias_2026_SEP_2026_3ca4b62e69.pdf
loc-bnf-89920f5a41563439,BNF,Farmacias,FARMACIA VICENTE SCAVONE,Dr. Gabriel Pellón N° 980.,San Lorenzo,Central,,,,https://www.bnf.gov.py/uploads/Promocion_Reintegro_Farmacias_2026_SEP_2026_3ca4b62e69.pdf
loc-bnf-973e7a0ada606262,BNF,Farmacias,FARMACIA VICENTE SCAVONE,"Avda. Mcal. Jose F. Estigarribia Km. 9,5.",San Lorenzo,Central,,,,https://www.bnf.gov.py/uploads/Promocion_Reintegro_Farmacias_2026_SEP_2026_3ca4b62e69.pdf
loc-bnf-2f4d7914ca920a02,BNF,Farmacias,FARMACIA VICENTE SCAVONE,10 de Agosto esq. Cap. Pedro J. Carles.,San Lorenzo,Central,,,,https://www.bnf.gov.py/uploads/Promocion_Reintegro_Farmacias_2026_SEP_2026_3ca4b62e69.pdf
loc-bnf-40d16dfcd3b912d6,BNF,Farmacias,FARMACIA VICENTE SCAVONE,Cnel. Romero c/ Julia Miranda Cueto.,San Lorenzo,Central,,,,https://www.bnf.gov.py/uploads/Promocion_Reintegro_Farmacias_2026_SEP_2026_3ca4b62e69.pdf
loc-bnf-69d93228f77f1170,BNF,Farmacias,FARMACIA VICENTE SCAVONE,Manuel Ortiz G. esq. Lombardo.,San Lorenzo,Central,,,,https://www.bnf.gov.py/uploads/Promocion_Reintegro_Farmacias_2026_SEP_2026_3ca4b62e69.pdf
loc-bnf-217ae3c7302aa2a3,BNF,Farmacias,FARMACIAS CATEDRAL,Avda. del Agrónomo.,San Lorenzo,Central,,,,https://www.bnf.gov.py/uploads/Promocion_Reintegro_Farmacias_2026_SEP_2026_3ca4b62e69.pdf
loc-bnf-b85958610d9b5806,BNF,Farmacias,FARMACIAS CATEDRAL,Av. E. A. Garay e/ Félix Bernie y Vice Pte. Sánchez.,San Lorenzo,Central,,,,https://www.bnf.gov.py/uploads/Promocion_Reintegro_Farmacias_2026_SEP_2026_3ca4b62e69.pdf
loc-bnf-1e6414ad25b5daa2,BNF,Farmacias,FARMACIAS CATEDRAL,La Victoria esq. Trinidad.,San Lorenzo,Central,,,,https://www.bnf.gov.py/uploads/Promocion_Reintegro_Farmacias_2026_SEP_2026_3ca4b62e69.pdf
loc-bnf-62df52fd46f18cdf,BNF,Farmacias,FARMACIAS CATEDRAL,Libertad esq. Luis Andrada.,San Lorenzo,Central,,,,https://www.bnf.gov.py/uploads/Promocion_Reintegro_Farmacias_2026_SEP_2026_3ca4b62e69.pdf
loc-bnf-13a4c2565ae15840,BNF,Farmacias,FARMACIAS CATEDRAL,Avenida Manuel Ortíz Guerrero N° 1217.,San Lorenzo,Central,,,,https://www.bnf.gov.py/uploads/Promocion_Reintegro_Farmacias_2026_SEP_2026_3ca4b62e69.pdf
loc-bnf-72cf60babf292302,BNF,Farmacias,FARMACIAS CATEDRAL,Cnel. Feliciano Duarte c/ 12 de Octubre.,San Lorenzo,Central,,,,https://www.bnf.gov.py/uploads/Promocion_Reintegro_Farmacias_2026_SEP_2026_3ca4b62e69.pdf
loc-bnf-f087666678d8230e,BNF,Farmacias,FARMACIAS CATEDRAL,Jacaranda esq. Las Bahuinias.,San Lorenzo,Central,,,,https://www.bnf.gov.py/uploads/Promocion_Reintegro_Farmacias_2026_SEP_2026_3ca4b62e69.pdf
loc-bnf-d98f4deef807a977,BNF,Farmacias,FARMACIAS CATEDRAL,Calle del Maestro c/ Del Pilar.,San Lorenzo,Central,,,,https://www.bnf.gov.py/uploads/Promocion_Reintegro_Farmacias_2026_SEP_2026_3ca4b62e69.pdf
loc-bnf-0100efa37bfdbff3,BNF,Farmacias,FARMACIAS CATEDRAL,Ruta Departamental D027 esq. España.,San Lorenzo,Central,,,,https://www.bnf.gov.py/uploads/Promocion_Reintegro_Farmacias_2026_SEP_2026_3ca4b62e69.pdf
loc-bnf-666e09e8c261c1e7,BNF,Farmacias,FARMACIAS CATEDRAL,Ruta Mcal. Estigarribia y Azara.,San Lorenzo,Central,,,,https://www.bnf.gov.py/uploads/Promocion_Reintegro_Farmacias_2026_SEP_2026_3ca4b62e69.pdf
loc-bnf-62f13ecbf3050090,BNF,Farmacias,FARMACIAS CATEDRAL,Avda. Eugenio A. Garay esq. Guillermo Molinas.,San Lorenzo,Central,,,,https://www.bnf.gov.py/uploads/Promocion_Reintegro_Farmacias_2026_SEP_2026_3ca4b62e69.pdf
loc-bnf-3fec316f39bf9062,BNF,Farmacias,FARMACIAS CATEDRAL,Avda. Manuel Ortiz Guerrero y Salim Giubi.,San Lorenzo,Central,,,,https://www.bnf.gov.py/uploads/Promocion_Reintegro_Farmacias_2026_SEP_2026_3ca4b62e69.pdf
loc-bnf-88a5fa49f18eb684,BNF,Farmacias,FARMACIAS CATEDRAL,Dr. Vitorio Curiel.,San Lorenzo,Central,,,,https://www.bnf.gov.py/uploads/Promocion_Reintegro_Farmacias_2026_SEP_2026_3ca4b62e69.pdf
loc-bnf-e8fe14d3205a9aab,BNF,Farmacias,FARMACIAS CATEDRAL,"Ruta 2 Km. 14,5.",San Lorenzo,Central,,,,https://www.bnf.gov.py/uploads/Promocion_Reintegro_Farmacias_2026_SEP_2026_3ca4b62e69.pdf
loc-bnf-32d867f117a66118,BNF,Farmacias,FARMACIA VICENTE SCAVONE,Avda. Los Inmigrantes esq. Nanawa.,Santa Rita,Alto Paraná,,,,https://www.bnf.gov.py/uploads/Promocion_Reintegro_Farmacias_2026_SEP_2026_3ca4b62e69.pdf
loc-bnf-ace18f29967524bd,BNF,Farmacias,FARMACIAS CATEDRAL,Calle Pte. Franco Esquina Avenida Florida N° 696.,Santa Rosa,Misiones,,,,https://www.bnf.gov.py/uploads/Promocion_Reintegro_Farmacias_2026_SEP_2026_3ca4b62e69.pdf
loc-bnf-407dbc65748922eb,BNF,Farmacias,FARMACENTER,Ruta Blas Garay y Ruta 11 Juana María.,Santa Rosa del Aguaray,San Pedro,,,,https://www.bnf.gov.py/uploads/Promocion_Reintegro_Farmacias_2026_SEP_2026_3ca4b62e69.pdf
loc-bnf-077c08adb6c4d2d3,BNF,Farmacias,FARMACENTER,"Padre Fidel Maíz, Ruta Caacupé.",Tobati,Cordillera,,,,https://www.bnf.gov.py/uploads/Promocion_Reintegro_Farmacias_2026_SEP_2026_3ca4b62e69.pdf
loc-bnf-068099b7e5cfd56a,BNF,Farmacias,FARMACENTER,Acceso Sur c/ Lomas Valentinas.,Villa Elisa,Central,,,,https://www.bnf.gov.py/uploads/Promocion_Reintegro_Farmacias_2026_SEP_2026_3ca4b62e69.pdf
loc-bnf-56dc02f353d9c5fa,BNF,Farmacias,FARMACENTER,Virgen del Carmen e/ 16 de Julio y Mcal. López.,Villa Elisa,Central,,,,https://www.bnf.gov.py/uploads/Promocion_Reintegro_Farmacias_2026_SEP_2026_3ca4b62e69.pdf
loc-bnf-2a3b10773c26584c,BNF,Farmacias,FARMACIA VICENTE SCAVONE,Alama esq. Nogales.,Villa Elisa,Central,,,,https://www.bnf.gov.py/uploads/Promocion_Reintegro_Farmacias_2026_SEP_2026_3ca4b62e69.pdf
loc-bnf-84b7dbaae59a2872,BNF,Farmacias,FARMACIAS CATEDRAL,Avda. Von Poleski c/ Ntra. Sra. De La Asunción.,Villa Elisa,Central,,,,https://www.bnf.gov.py/uploads/Promocion_Reintegro_Farmacias_2026_SEP_2026_3ca4b62e69.pdf
loc-bnf-42cfa5e7be5710dc,BNF,Farmacias,FARMACIAS CATEDRAL,Los Nogales esq. Los Alamos.,Villa Elisa,Central,,,,https://www.bnf.gov.py/uploads/Promocion_Reintegro_Farmacias_2026_SEP_2026_3ca4b62e69.pdf
loc-bnf-eb18a05447edfe10,BNF,Farmacias,FARMACIAS CATEDRAL,Avda. Defensores del Chaco N° 2.333 c/ Von Poleski.,Villa Elisa,Central,,,,https://www.bnf.gov.py/uploads/Promocion_Reintegro_Farmacias_2026_SEP_2026_3ca4b62e69.pdf
loc-bnf-45244f42c79a9d12,BNF,Farmacias,FARMACENTER,"Ruta 9 Km. 26,5 Carlos Antonio López.",Villa Hayes,Presidente Hayes,,,,https://www.bnf.gov.py/uploads/Promocion_Reintegro_Farmacias_2026_SEP_2026_3ca4b62e69.pdf
loc-bnf-049271e306ce5b55,BNF,Farmacias,FARMACIAS CATEDRAL,Laudo Hayes N° 624 c/ La Victoria.,Villa Hayes,Presidente Hayes,,,,https://www.bnf.gov.py/uploads/Promocion_Reintegro_Farmacias_2026_SEP_2026_3ca4b62e69.pdf
loc-bnf-af0c3a19df8e1e48,BNF,Farmacias,FARMACIAS CATEDRAL,Ruta Nacional Carlos A. Lopez PY09 entre Laudo y España.,Villa Hayes,Presidente Hayes,,,,https://www.bnf.gov.py/uploads/Promocion_Reintegro_Farmacias_2026_SEP_2026_3ca4b62e69.pdf
loc-bnf-dcd7840299911d30,BNF,Farmacias,FARMACENTER,Mcal. Estigarribia esq. Cnel. Bogado.,Villarrica,Guairá,,,,https://www.bnf.gov.py/uploads/Promocion_Reintegro_Farmacias_2026_SEP_2026_3ca4b62e69.pdf
loc-bnf-35d1f6450a13bec3,BNF,Farmacias,FARMACENTER,Calle Pa'i Anasagasti c/ José A. Flores.,Villarrica,Guairá,,,,https://www.bnf.gov.py/uploads/Promocion_Reintegro_Farmacias_2026_SEP_2026_3ca4b62e69.pdf
loc-bnf-cf9096c3525ec98e,BNF,Farmacias,FARMACENTER,Calle Gral. José Díaz esq. Dr. Bottrel.,Villarrica,Guairá,,,,https://www.bnf.gov.py/uploads/Promocion_Reintegro_Farmacias_2026_SEP_2026_3ca4b62e69.pdf
loc-bnf-07392a9140a52097,BNF,Farmacias,FARMACENTER,Ruta N° 8 Dr. Blas Garay c/ Boulevard Río Apa.,Villarrica,Guairá,,,,https://www.bnf.gov.py/uploads/Promocion_Reintegro_Farmacias_2026_SEP_2026_3ca4b62e69.pdf
loc-bnf-c5ff84c0c1eeaa5f,BNF,Farmacias,FARMACIA SANTA VICTORIA,Colón y Gral. Caballero.,Villarrica,Guairá,,,,https://www.bnf.gov.py/uploads/Promocion_Reintegro_Farmacias_2026_SEP_2026_3ca4b62e69.pdf
loc-bnf-c39432bde54bba1f,BNF,Farmacias,FARMACIA SANTA VICTORIA,Avda. Ruta 8 y Curupayty.,Villarrica,Guairá,,,,https://www.bnf.gov.py/uploads/Promocion_Reintegro_Farmacias_2026_SEP_2026_3ca4b62e69.pdf
loc-bnf-5b707438750b0b09,BNF,Farmacias,FARMACIA SANTA VICTORIA,Blvd. Yegros y Blvd. Caballero.,Villarrica,Guairá,,,,https://www.bnf.gov.py/uploads/Promocion_Reintegro_Farmacias_2026_SEP_2026_3ca4b62e69.pdf
loc-bnf-2c14a90db041f363,BNF,Farmacias,FARMACIA SANTA VICTORIA,BLvd. Bicentenario c/ Gral. Aquino.,Villarrica,Guairá,,,,https://www.bnf.gov.py/uploads/Promocion_Reintegro_Farmacias_2026_SEP_2026_3ca4b62e69.pdf
loc-bnf-ab50bf76e026ca07,BNF,Farmacias,FARMACIA SANTA VICTORIA,"Fracción Parque del Guairá, Ruta de la Fe.",Villarrica,Guairá,,,,https://www.bnf.gov.py/uploads/Promocion_Reintegro_Farmacias_2026_SEP_2026_3ca4b62e69.pdf
loc-bnf-cd8c9411442a9177,BNF,Farmacias,FARMACIA SANTA VICTORIA,Avda. Ruta 8 desvío Colonia Independencia.,Villarrica,Guairá,,,,https://www.bnf.gov.py/uploads/Promocion_Reintegro_Farmacias_2026_SEP_2026_3ca4b62e69.pdf
loc-bnf-e96a5aad57ca9e6f,BNF,Farmacias,FARMACIA SANTA VICTORIA,Sergio Cuevas c/ Benjamín Aceval.,Villarrica,Guairá,,,,https://www.bnf.gov.py/uploads/Promocion_Reintegro_Farmacias_2026_SEP_2026_3ca4b62e69.pdf
loc-bnf-cbae664050d3682a,BNF,Farmacias,FARMACIA SANTA VICTORIA,Acceso a Melgarejo c/ Ruta PY10.,Villarrica,Guairá,,,,https://www.bnf.gov.py/uploads/Promocion_Reintegro_Farmacias_2026_SEP_2026_3ca4b62e69.pdf
loc-bnf-0ea0d604b9086a9f,BNF,Farmacias,FARMACIA SANTA VICTORIA,Avda. Ruta 8 y Blvd. Pirapó.,Villarrica,Guairá,,,,https://www.bnf.gov.py/uploads/Promocion_Reintegro_Farmacias_2026_SEP_2026_3ca4b62e69.pdf
loc-bnf-53c3a955b45c1f1c,BNF,Farmacias,FARMACIA VICENTE SCAVONE,Boulevard Bicentenario esq. Pa'i Anasagasti.,Villarrica,Guairá,,,,https://www.bnf.gov.py/uploads/Promocion_Reintegro_Farmacias_2026_SEP_2026_3ca4b62e69.pdf
loc-bnf-554c079113a3007b,BNF,Farmacias,FARMACIA VICENTE SCAVONE,General Díaz esq. Mcal. López.,Villarrica,Guairá,,,,https://www.bnf.gov.py/uploads/Promocion_Reintegro_Farmacias_2026_SEP_2026_3ca4b62e69.pdf
loc-bnf-5029b19e31c39526,BNF,Farmacias,FARMACIAS CATEDRAL,Ruy Diaz de Melgarejo y Carlos Antonio López.,Villarrica,Guairá,,,,https://www.bnf.gov.py/uploads/Promocion_Reintegro_Farmacias_2026_SEP_2026_3ca4b62e69.pdf
loc-bnf-696db611b523ee08,BNF,Farmacias,FARMACENTER,Mcal. López y Julio Miranda Cueto.,Yaguarón,Paraguarí,,,,https://www.bnf.gov.py/uploads/Promocion_Reintegro_Farmacias_2026_SEP_2026_3ca4b62e69.pdf
loc-bnf-637001e0d41f3f26,BNF,Farmacias,FARMACENTER,Avda. Bernardino Caballero.,Ypané,Central,,,,https://www.bnf.gov.py/uploads/Promocion_Reintegro_Farmacias_2026_SEP_2026_3ca4b62e69.pdf
loc-bnf-fd562bb0f08159f8,BNF,Farmacias,FARMACIAS CATEDRAL,Avda. Félix Godoy.,Ypané,Central,,,,https://www.bnf.gov.py/uploads/Promocion_Reintegro_Farmacias_2026_SEP_2026_3ca4b62e69.pdf
loc-bnf-d294a891ebd1b73f,BNF,Farmacias,FARMACENTER,Acceso Sur esq. Defensores del Chaco.,Ñemby,Central,,,,https://www.bnf.gov.py/uploads/Promocion_Reintegro_Farmacias_2026_SEP_2026_3ca4b62e69.pdf
loc-bnf-d47c63bba6431a46,BNF,Farmacias,FARMACENTER,Manuel Ortiz Guerrero c/ Lombardo.,Ñemby,Central,,,,https://www.bnf.gov.py/uploads/Promocion_Reintegro_Farmacias_2026_SEP_2026_3ca4b62e69.pdf
loc-bnf-42f765215a558a17,BNF,Farmacias,FARMACENTER,Prof. Curiel c/ Moisés Bertoni.,Ñemby,Central,,,,https://www.bnf.gov.py/uploads/Promocion_Reintegro_Farmacias_2026_SEP_2026_3ca4b62e69.pdf
loc-bnf-d8a9b59230cdb5f3,BNF,Farmacias,FARMACENTER,Acceso Sur y Perpetuo Socorro.,Ñemby,Central,,,,https://www.bnf.gov.py/uploads/Promocion_Reintegro_Farmacias_2026_SEP_2026_3ca4b62e69.pdf
loc-bnf-3af338966f47eee2,BNF,Farmacias,FARMACIAS CATEDRAL,"Acceso Sur 2 Km 19,5 Ñemby.",Ñemby,Central,,,,https://www.bnf.gov.py/uploads/Promocion_Reintegro_Farmacias_2026_SEP_2026_3ca4b62e69.pdf
loc-bnf-bccf04a3c78f6037,BNF,Farmacias,FARMACIAS CATEDRAL,Teniente Rivas c/ Defensores del Chaco N° 111.,Ñemby,Central,,,,https://www.bnf.gov.py/uploads/Promocion_Reintegro_Farmacias_2026_SEP_2026_3ca4b62e69.pdf
loc-bnf-adadee4937595663,BNF,Farmacias,FARMACIAS CATEDRAL,Independencia Nacional esq. Defensores del Chaco,Ñemby,Central,,,,https://www.bnf.gov.py/uploads/Promocion_Reintegro_Farmacias_2026_SEP_2026_3ca4b62e69.pdf
loc-bnf-8fd93d02bc27c482,BNF,Mayoristas,BOX Mayorista,Avda. San José c/ Coronel Panchito López.,Ciudad del Este,Alto Paraná,,,,https://www.bnf.gov.py/uploads/Promocion_Reintegro_Mayoristas_2026_SEP_2026_5bc6ee5563.pdf
loc-bnf-01b4b6c247a994f8,BNF,Mayoristas,BOX Mayorista,Sor Serafina Rodríguez (Dentro del Mercado Abasto Este).,Minga Guazú,Alto Paraná,,,,https://www.bnf.gov.py/uploads/Promocion_Reintegro_Mayoristas_2026_SEP_2026_5bc6ee5563.pdf
loc-bnf-baa6cf9acf421a99,BNF,Supermercados,COOPERATIVA CHORTITZER,Avda. Artigas 2006 c/ Altos.,Asunción,Capital,,,,https://www.bnf.gov.py/uploads/Promocion_Reintegro_Frigorificos_2026_SEP_2026_f798717e14.pdf
loc-bnf-78e173815dd92a3e,BNF,Supermercados,COOPERATIVA CHORTITZER,Avda. Peru c/ Dr. Francia.,Asunción,Capital,,,,https://www.bnf.gov.py/uploads/Promocion_Reintegro_Frigorificos_2026_SEP_2026_f798717e14.pdf
loc-bnf-85bff2757ef2f9fa,BNF,Supermercados,COOPERATIVA CHORTITZER,"Avda. Defensores del Chaco c/ Pycasu, Mercado de Abasto, Bloque B, Salon 1 y 2.",Asunción,Capital,,,,https://www.bnf.gov.py/uploads/Promocion_Reintegro_Frigorificos_2026_SEP_2026_f798717e14.pdf
loc-bnf-3ac727225e24be8f,BNF,Supermercados,COOPERATIVA CHORTITZER,Avda. Ita Ybate (21 proyectada) c/ Jose Maria Morelos.,Asunción,Capital,,,,https://www.bnf.gov.py/uploads/Promocion_Reintegro_Frigorificos_2026_SEP_2026_f798717e14.pdf
loc-bnf-af7799fd39da4838,BNF,Supermercados,COOPERATIVA CHORTITZER,Avda. Brasilia esq. Fray Luis de Granada.,Asunción,Capital,,,,https://www.bnf.gov.py/uploads/Promocion_Reintegro_Frigorificos_2026_SEP_2026_f798717e14.pdf
loc-bnf-2ee9cd19ef00737f,BNF,Supermercados,COOPERATIVA CHORTITZER,Avda. Carlos Antonio Lopez esq. Ramón de las Llanas.,Asunción,Capital,,,,https://www.bnf.gov.py/uploads/Promocion_Reintegro_Frigorificos_2026_SEP_2026_f798717e14.pdf
loc-bnf-41d9e19c461956a0,BNF,Supermercados,COOPERATIVA CHORTITZER,Avda. Stma. Trinidad c/ Américo Merlo.,Asunción,Capital,,,,https://www.bnf.gov.py/uploads/Promocion_Reintegro_Frigorificos_2026_SEP_2026_f798717e14.pdf
loc-bnf-59a15609435c16bc,BNF,Supermercados,COOPERATIVA CHORTITZER,Senador Long e/ Andrade y Del Maestro.,Asunción,Capital,,,,https://www.bnf.gov.py/uploads/Promocion_Reintegro_Frigorificos_2026_SEP_2026_f798717e14.pdf
loc-bnf-0cf3113cb0819ef5,BNF,Supermercados,COOPERATIVA CHORTITZER,Avda. Fernando de la Mora 2589 c/ Universitarios del Chaco.,Asunción,Capital,,,,https://www.bnf.gov.py/uploads/Promocion_Reintegro_Frigorificos_2026_SEP_2026_f798717e14.pdf
loc-bnf-0dc1f4912fddbb84,BNF,Supermercados,POLLOS DON JUAN,Avda. Guido Boggiani 5928 c/ R.I. 6 Boquerón.,Asunción,Capital,,,,https://www.bnf.gov.py/uploads/Promocion_Reintegro_Frigorificos_2026_SEP_2026_f798717e14.pdf
loc-bnf-b2c3e66b8a6999a7,BNF,Supermercados,POLLOS DON JUAN,Avda. Sta. Teresa esq. San Jorge.,Asunción,Capital,,,,https://www.bnf.gov.py/uploads/Promocion_Reintegro_Frigorificos_2026_SEP_2026_f798717e14.pdf
loc-bnf-ff7beaf972f63a84,BNF,Supermercados,POLLOS DON JUAN,Avda. Artigas esq. Cnel. Manuel José Montiel.,Asunción,Capital,,,,https://www.bnf.gov.py/uploads/Promocion_Reintegro_Frigorificos_2026_SEP_2026_f798717e14.pdf
loc-bnf-6363974b8f965810,BNF,Supermercados,POLLOS DON JUAN,Avda. Artigas 2320 (a 2 cuadras de Avda. Brasilia).,Asunción,Capital,,,,https://www.bnf.gov.py/uploads/Promocion_Reintegro_Frigorificos_2026_SEP_2026_f798717e14.pdf
loc-bnf-40b233f9ff3453c6,BNF,Supermercados,POLLOS DON JUAN,"Cial. Santa Teresa, Bloque F, Local 14 y 15. Avda. Defensores del Chaco 1512 c/ Incas.",Asunción,Capital,,,,https://www.bnf.gov.py/uploads/Promocion_Reintegro_Frigorificos_2026_SEP_2026_f798717e14.pdf
loc-bnf-7e38a8fa1a40c8f9,BNF,Supermercados,Superseis Express,RI6 Boquerón y Dr. Benigni Ferreira.,Asunción,Capital,,,,https://www.bnf.gov.py/uploads/Promocion_Reintegro_Supermercados_2026_SEP_2026_d048e2b720.pdf
loc-bnf-9c11e600836cf584,BNF,Supermercados,Casa Paraná,Ruta PY02 Mariscal José Felix Estigarribia Km 51.,Caacupé,Cordillera,,,,https://www.bnf.gov.py/uploads/Promocion_Reintegro_Supermercados_2026_SEP_2026_d048e2b720.pdf
loc-bnf-c8da48d1108cbcf1,BNF,Supermercados,Superseis,Ruta Mcal. Estigarribia esq. El Agricultor.,Caacupé,Cordillera,,,,https://www.bnf.gov.py/uploads/Promocion_Reintegro_Supermercados_2026_SEP_2026_d048e2b720.pdf
loc-bnf-984437370f8c874b,BNF,Supermercados,A Punto Market,Av. Mcal. López esq. Fulgencio Yegros.,Caaguazú,Caaguazú,,,,https://www.bnf.gov.py/uploads/Promocion_Reintegro_Supermercados_2026_SEP_2026_d048e2b720.pdf
loc-bnf-678fe097f8216dff,BNF,Supermercados,A Punto Tienda del Asadero,Avda. Mcal. López esq. Roberto L. Pettit.,Caaguazú,Caaguazú,,,,https://www.bnf.gov.py/uploads/Promocion_Reintegro_Supermercados_2026_SEP_2026_d048e2b720.pdf
loc-bnf-79fa31176155945d,BNF,Supermercados,COOPERATIVA CHORTITZER,"Ruta VI Km 7,5.",Cambyretá,Itapúa,,,,https://www.bnf.gov.py/uploads/Promocion_Reintegro_Frigorificos_2026_SEP_2026_f798717e14.pdf
loc-bnf-f8fcad3335bc96ba,BNF,Supermercados,POLLOS DON JUAN,"Ruta 6, Km. 12 – Arroyo Porá.",Cambyretá,Itapúa,,,,https://www.bnf.gov.py/uploads/Promocion_Reintegro_Frigorificos_2026_SEP_2026_f798717e14.pdf
loc-bnf-50e8a2274ca28721,BNF,Supermercados,POLLOS DON JUAN,Ruta D027 (ex Ruta 1) Km. 23.,Capiatá,Central,,,,https://www.bnf.gov.py/uploads/Promocion_Reintegro_Frigorificos_2026_SEP_2026_f798717e14.pdf
loc-bnf-e0c00785b9e1f879,BNF,Supermercados,POLLOS DON JUAN,"Ruta 2 Km. 17,5 – Ruta Mcal. Estigarribia esq. Buenaventura Castillo.",Capiatá,Central,,,,https://www.bnf.gov.py/uploads/Promocion_Reintegro_Frigorificos_2026_SEP_2026_f798717e14.pdf
loc-bnf-fb3b3bc5fc979e06,BNF,Supermercados,Comercial Armin,Ruta PY 07 Dr. Gaspar R. de Francia – Capitán Meza Km. 16,Capitán Meza,Itapúa,,,,https://www.bnf.gov.py/uploads/Promocion_Reintegro_Supermercados_2026_SEP_2026_d048e2b720.pdf
loc-bnf-ac29eba03527a57e,BNF,Supermercados,COOPERATIVA CHORTITZER,Bernardino Caballero c/ Paso de Patria.,Ciudad del Este,Alto Paraná,,,,https://www.bnf.gov.py/uploads/Promocion_Reintegro_Frigorificos_2026_SEP_2026_f798717e14.pdf
loc-bnf-cbe485c6a8f312f0,BNF,Supermercados,Superseis,Avda. Gral. Bernardino Caballero y Cañadon Chaqueño.,Ciudad del Este,Alto Paraná,,,,https://www.bnf.gov.py/uploads/Promocion_Reintegro_Supermercados_2026_SEP_2026_d048e2b720.pdf
loc-bnf-3707dd6904e38332,BNF,Supermercados,Superseis,Super Carretera c/ Palmera Pte Franco.,Ciudad del Este,Alto Paraná,,,,https://www.bnf.gov.py/uploads/Promocion_Reintegro_Supermercados_2026_SEP_2026_d048e2b720.pdf
loc-bnf-87d12eab8d118d04,BNF,Supermercados,Casa Yasy,Santos Canillas esq. Ytororó.,Concepción,Concepción,,,,https://www.bnf.gov.py/uploads/Promocion_Reintegro_Supermercados_2026_SEP_2026_d048e2b720.pdf
loc-bnf-738a0aeca04fe2cd,BNF,Supermercados,Casa Yasy,Avda. Bernardino Caballero esq. Ytororó.,Concepción,Concepción,,,,https://www.bnf.gov.py/uploads/Promocion_Reintegro_Supermercados_2026_SEP_2026_d048e2b720.pdf
loc-bnf-36c2891482fc6492,BNF,Supermercados,Casa Yasy,Avda. Pinedo esq. Mcal Estigarribia.,Concepción,Concepción,,,,https://www.bnf.gov.py/uploads/Promocion_Reintegro_Supermercados_2026_SEP_2026_d048e2b720.pdf
loc-bnf-07ee58614e23d034,BNF,Supermercados,Casa Yasy,Avda. Herminio Mendoza c/ Juana F. de Alonso.,Concepción,Concepción,,,,https://www.bnf.gov.py/uploads/Promocion_Reintegro_Supermercados_2026_SEP_2026_d048e2b720.pdf
loc-bnf-cea642d6d6114f50,BNF,Supermercados,Casa Yasy,Avda. Gualberto Carduz Huerta c/ Carlos Grosso Sosa.,Concepción,Concepción,,,,https://www.bnf.gov.py/uploads/Promocion_Reintegro_Supermercados_2026_SEP_2026_d048e2b720.pdf
loc-bnf-4b51dbaab9fd5039,BNF,Supermercados,Casa Yasy,Rufino Pampliega esq. Cerro Corá.,Concepción,Concepción,,,,https://www.bnf.gov.py/uploads/Promocion_Reintegro_Supermercados_2026_SEP_2026_d048e2b720.pdf
loc-bnf-65c0ad3abede6635,BNF,Supermercados,Multi Carnes Supermercado,Teniente Agüero e/ General Garay y 14 de Mayo.,Concepción,Concepción,,,,https://www.bnf.gov.py/uploads/Promocion_Reintegro_Supermercados_2026_SEP_2026_d048e2b720.pdf
loc-bnf-12c65cd64f564f02,BNF,Supermercados,Supermercado Gran Avenida,Avda. Pinedo esq. Padre Sarmiento.,Concepción,Concepción,,,,https://www.bnf.gov.py/uploads/Promocion_Reintegro_Supermercados_2026_SEP_2026_d048e2b720.pdf
loc-bnf-5be9c6381bf03f9f,BNF,Supermercados,Supermercado S&M,Emilio sosa Gaona e/ Padre Queiroz Candia y Isla Po’i – Barrio San Luis.,Concepción,Concepción,,,,https://www.bnf.gov.py/uploads/Promocion_Reintegro_Supermercados_2026_SEP_2026_d048e2b720.pdf
loc-bnf-fa2bfc6803bbc7ed,BNF,Supermercados,COOPERATIVA CHORTITZER,Mcal. Felix Estigarribia esq. Boquerón,Coronel Oviedo,Caaguazú,,,,https://www.bnf.gov.py/uploads/Promocion_Reintegro_Frigorificos_2026_SEP_2026_f798717e14.pdf
loc-bnf-01df7c4a0fb215ac,BNF,Supermercados,Comercial Elena,Prof. Indalecio Flores c/ Luis Soto,Coronel Oviedo,Caaguazú,,,,https://www.bnf.gov.py/uploads/Promocion_Reintegro_Supermercados_2026_SEP_2026_d048e2b720.pdf
loc-bnf-989bc14f64f3b29e,BNF,Supermercados,POLLOS DON JUAN,Avda. Defensores del Chaco esq. Cañada del Carmen.,Coronel Oviedo,Caaguazú,,,,https://www.bnf.gov.py/uploads/Promocion_Reintegro_Frigorificos_2026_SEP_2026_f798717e14.pdf
loc-bnf-d423fcfcda180267,BNF,Supermercados,Superseis Express,"D Shopping: Ruta 7, Km. 133.",Coronel Oviedo,Caaguazú,,,,https://www.bnf.gov.py/uploads/Promocion_Reintegro_Supermercados_2026_SEP_2026_d048e2b720.pdf
loc-bnf-ece0ed7677b3bc29,BNF,Supermercados,COOPERATIVA CHORTITZER,Avda 14 de Mayo c/ 1° de Marzo.,Curuguaty,Canindeyú,,,,https://www.bnf.gov.py/uploads/Promocion_Reintegro_Frigorificos_2026_SEP_2026_f798717e14.pdf
loc-bnf-0b21c1fd57ad811d,BNF,Supermercados,Comercial Armin,Ruta PY 07 Dr. Gaspar R. de Francia – Edelira Km. 20,Edelira,Itapúa,,,,https://www.bnf.gov.py/uploads/Promocion_Reintegro_Supermercados_2026_SEP_2026_d048e2b720.pdf
loc-bnf-7aab9e613b9fb865,BNF,Supermercados,Comercial Armin,Ruta Itapúa Poty – Edelira Km. 30,Edelira,Itapúa,,,,https://www.bnf.gov.py/uploads/Promocion_Reintegro_Supermercados_2026_SEP_2026_d048e2b720.pdf
loc-bnf-5e8114a0f2176385,BNF,Supermercados,COOPERATIVA CHORTITZER,Avda. Irrazabal esq. Ruta 14.,Encarnación,Itapúa,,,,https://www.bnf.gov.py/uploads/Promocion_Reintegro_Frigorificos_2026_SEP_2026_f798717e14.pdf
loc-bnf-9ee86ee6aa3055d6,BNF,Supermercados,Superseis,Avda. Ruta 1 Mcal. Francisco Solano López esq. 3ra. Proyectada.,Encarnación,Itapúa,,,,https://www.bnf.gov.py/uploads/Promocion_Reintegro_Supermercados_2026_SEP_2026_d048e2b720.pdf
loc-bnf-e4d9a24027c39e07,BNF,Supermercados,Superseis,Avda. Irrazabal c/ Dr. Memmel.,Encarnación,Itapúa,,,,https://www.bnf.gov.py/uploads/Promocion_Reintegro_Supermercados_2026_SEP_2026_d048e2b720.pdf
loc-bnf-595e6f914a6c745d,BNF,Supermercados,COOPERATIVA CHORTITZER,11 de Setiembre 2168 c/ Isla Po'i.,Fernando de la Mora,Central,,,,https://www.bnf.gov.py/uploads/Promocion_Reintegro_Frigorificos_2026_SEP_2026_f798717e14.pdf
loc-bnf-103dc987f5747418,BNF,Supermercados,COOPERATIVA CHORTITZER,Manuel Gamarra y Mcal. López,Itá,Central,,,,https://www.bnf.gov.py/uploads/Promocion_Reintegro_Frigorificos_2026_SEP_2026_f798717e14.pdf
loc-bnf-fe465d019f916fbf,BNF,Supermercados,POLLOS DON JUAN,Ruta D027 (ex Ruta 1) Km. 8.,Itá,Central,,,,https://www.bnf.gov.py/uploads/Promocion_Reintegro_Frigorificos_2026_SEP_2026_f798717e14.pdf
loc-bnf-9cc91eda45660a1e,BNF,Supermercados,COOPERATIVA CHORTITZER,Avda. Cacique Lambaré 3755 c/ Domingo Martínez de Irala.,Lambaré,Central,,,,https://www.bnf.gov.py/uploads/Promocion_Reintegro_Frigorificos_2026_SEP_2026_f798717e14.pdf
loc-bnf-5ed3750cd550edf7,BNF,Supermercados,COOPERATIVA CHORTITZER,"Paseo San Isidro, Avda. San Isidro esq. Carretera de López.",Lambaré,Central,,,,https://www.bnf.gov.py/uploads/Promocion_Reintegro_Frigorificos_2026_SEP_2026_f798717e14.pdf
loc-bnf-ba9d7d9c47e47089,BNF,Supermercados,COOPERATIVA CHORTITZER,"Ruta 3 Gral. Elizardo Aquino, KM 22,5, Abasto Norte, Bloque C, Salon 1 y 2.",Limpio,Central,,,,https://www.bnf.gov.py/uploads/Promocion_Reintegro_Frigorificos_2026_SEP_2026_f798717e14.pdf
loc-bnf-2fb77adb832086a2,BNF,Supermercados,Hipermercados Luisito,San José c/ Boquerón.,Limpio,Central,,,,https://www.bnf.gov.py/uploads/Promocion_Reintegro_Supermercados_2026_SEP_2026_d048e2b720.pdf
loc-bnf-255bdf34239c5437,BNF,Supermercados,POLLOS DON JUAN,"Abasto Norte Bloque B, Ruta 3 Km. 22.",Limpio,Central,,,,https://www.bnf.gov.py/uploads/Promocion_Reintegro_Frigorificos_2026_SEP_2026_f798717e14.pdf
loc-bnf-e401d974ee0cd358,BNF,Supermercados,COOPERATIVA CHORTITZER,"Av. Central, Loma Plata.",Loma Plata,Boquerón,,,,https://www.bnf.gov.py/uploads/Promocion_Reintegro_Frigorificos_2026_SEP_2026_f798717e14.pdf
loc-bnf-51854d18b85be466,BNF,Supermercados,COOPERATIVA CHORTITZER,"Av. Central esq. Comercial, Hochstadt.",Loma Plata,Boquerón,,,,https://www.bnf.gov.py/uploads/Promocion_Reintegro_Frigorificos_2026_SEP_2026_f798717e14.pdf
loc-bnf-f6d21976e826cc27,BNF,Supermercados,COOPERATIVA CHORTITZER,"Avda. Central esq. Pioneros, Lolita.",Loma Plata,Boquerón,,,,https://www.bnf.gov.py/uploads/Promocion_Reintegro_Frigorificos_2026_SEP_2026_f798717e14.pdf
loc-bnf-bae896a8eb0e9b41,BNF,Supermercados,COOPERATIVA CHORTITZER,"Avda. Central, Campo León.",Loma Plata,Boquerón,,,,https://www.bnf.gov.py/uploads/Promocion_Reintegro_Frigorificos_2026_SEP_2026_f798717e14.pdf
loc-bnf-6034449cbbe6d28e,BNF,Supermercados,COOPERATIVA CHORTITZER,"Avda. Central, Loma Plata.",Loma Plata,Boquerón,,,,https://www.bnf.gov.py/uploads/Promocion_Reintegro_Frigorificos_2026_SEP_2026_f798717e14.pdf
loc-bnf-66ddf2bfc7904b78,BNF,Supermercados,COOPERATIVA CHORTITZER,"Avda. Central, Buena Vista.",Loma Plata,Boquerón,,,,https://www.bnf.gov.py/uploads/Promocion_Reintegro_Frigorificos_2026_SEP_2026_f798717e14.pdf
loc-bnf-ee48396515142f87,BNF,Supermercados,COOPERATIVA CHORTITZER,Las Palmas – Chaco.,Loma Plata,Boquerón,,,,https://www.bnf.gov.py/uploads/Promocion_Reintegro_Frigorificos_2026_SEP_2026_f798717e14.pdf
loc-bnf-662c05a24a14ef91,BNF,Supermercados,Casa Yasy,Padre M de Mendoza esq. B Caballero.,Loreto,Concepción,,,,https://www.bnf.gov.py/uploads/Promocion_Reintegro_Supermercados_2026_SEP_2026_d048e2b720.pdf
loc-bnf-786221bb1562d926,BNF,Supermercados,COOPERATIVA CHORTITZER,Dr. Francia e/ Capitán Bado.,Luque,Central,,,,https://www.bnf.gov.py/uploads/Promocion_Reintegro_Frigorificos_2026_SEP_2026_f798717e14.pdf
loc-bnf-4310427c84b8ef7e,BNF,Supermercados,COOPERATIVA CHORTITZER,Balneario Camboriú esq. Fulgencio R. Moreno.,Luque,Central,,,,https://www.bnf.gov.py/uploads/Promocion_Reintegro_Frigorificos_2026_SEP_2026_f798717e14.pdf
loc-bnf-3ff516dde4e31a6f,BNF,Supermercados,POLLOS DON JUAN,Cap. Andrés Insfrán y Sandra Rosalía.,Luque,Central,,,,https://www.bnf.gov.py/uploads/Promocion_Reintegro_Frigorificos_2026_SEP_2026_f798717e14.pdf
loc-bnf-7cfacbbff4ca93a7,BNF,Supermercados,COOPERATIVA CHORTITZER,"Ruta III Km 17,5, MRA.",Mariano R. Alonso,Central,,,,https://www.bnf.gov.py/uploads/Promocion_Reintegro_Frigorificos_2026_SEP_2026_f798717e14.pdf
loc-bnf-6f5998932700155a,BNF,Supermercados,Comercial Armin,Avda. San Juan – Mayor Otaño,Mayor Otaño,Itapúa,,,,https://www.bnf.gov.py/uploads/Promocion_Reintegro_Supermercados_2026_SEP_2026_d048e2b720.pdf
loc-bnf-f2508fda6b0c275b,BNF,Supermercados,COOPERATIVA CHORTITZER,"Km 14,5 Ruta PY 02. Abasto Este.",Minga Guazú,Alto Paraná,,,,https://www.bnf.gov.py/uploads/Promocion_Reintegro_Frigorificos_2026_SEP_2026_f798717e14.pdf
loc-bnf-3a7a5061d5728518,BNF,Supermercados,POLLOS DON JUAN,"Ruta 2, Km. 13,5 – Acaray.",Minga Guazú,Alto Paraná,,,,https://www.bnf.gov.py/uploads/Promocion_Reintegro_Frigorificos_2026_SEP_2026_f798717e14.pdf
loc-bnf-cdb4aeea254a7962,BNF,Supermercados,Superseis,Ruta San Bernardino Altos c/ Curupayty.,San Bernardino,Cordillera,,,,https://www.bnf.gov.py/uploads/Promocion_Reintegro_Supermercados_2026_SEP_2026_d048e2b720.pdf
loc-bnf-92d798711ea38902,BNF,Supermercados,Superseis Express,Avda. Guillermo Naumann en cruce con Avda. Mbocaya.,San Bernardino,Cordillera,,,,https://www.bnf.gov.py/uploads/Promocion_Reintegro_Supermercados_2026_SEP_2026_d048e2b720.pdf
loc-bnf-6da83b7dca7846d2,BNF,Supermercados,Superseis Express,Avda. Luis F. Vache c/ Avda. Guillermo Naumann.,San Bernardino,Cordillera,,,,https://www.bnf.gov.py/uploads/Promocion_Reintegro_Supermercados_2026_SEP_2026_d048e2b720.pdf
loc-bnf-6c0a8e9d5bc191b5,BNF,Supermercados,COOPERATIVA CHORTITZER,"10 de Agosto c/ Hernandarias, Zona Mercado.",San Lorenzo,Central,,,,https://www.bnf.gov.py/uploads/Promocion_Reintegro_Frigorificos_2026_SEP_2026_f798717e14.pdf
loc-bnf-11ab017cdb0790ac,BNF,Supermercados,POLLOS DON JUAN,Avda. Eugenio Garay 9091 esq. Las Mercedes B° Sagrada Familia.,San Lorenzo,Central,,,,https://www.bnf.gov.py/uploads/Promocion_Reintegro_Frigorificos_2026_SEP_2026_f798717e14.pdf
loc-bnf-f4843cf7da7b22d0,BNF,Supermercados,Supermercado Cardoso,Ntra. Señora de la Asunción y José de Antequera. – Barrio San Pauli.,Santa Rita,Alto Paraná,,,,https://www.bnf.gov.py/uploads/Promocion_Reintegro_Supermercados_2026_SEP_2026_d048e2b720.pdf
loc-bnf-938e95f0e4f7deb9,BNF,Supermercados,Super Santa Rosa,Ruta PY08 Dr. Blas Garay Km. 324.,Santa Roda del Aguaray,San Pedro,,,,https://www.bnf.gov.py/uploads/Promocion_Reintegro_Supermercados_2026_SEP_2026_d048e2b720.pdf
loc-bnf-f5be8af93bd9a7ea,BNF,Supermercados,Comercial Armin,Calle Independencia Nacional – María Auxiliadora.,Tomas Romero Pereira,Itapúa,,,,https://www.bnf.gov.py/uploads/Promocion_Reintegro_Supermercados_2026_SEP_2026_d048e2b720.pdf
loc-bnf-0bd9f639c92f3b5d,BNF,Supermercados,POLLOS DON JUAN,Avda. Enrique Von Polesky 1605.,Villa Elisa,Central,,,,https://www.bnf.gov.py/uploads/Promocion_Reintegro_Frigorificos_2026_SEP_2026_f798717e14.pdf
loc-bnf-d82b6521184a58d2,BNF,Supermercados,Superseis,Acuña de Figueroa y Boulevard Rio Apa.,Villarrica,Guairá,,,,https://www.bnf.gov.py/uploads/Promocion_Reintegro_Supermercados_2026_SEP_2026_d048e2b720.pdf
loc-bnf-db698721b2e7ebd8,BNF,Supermercados,Comercial Armin,Avda. San Roque González de Santa Cruz.,Yatytay,Itapúa,,,,https://www.bnf.gov.py/uploads/Promocion_Reintegro_Supermercados_2026_SEP_2026_d048e2b720.pdf
loc-bnf-f9e6eab10fb89ac6,BNF,Supermercados,POLLOS DON JUAN,Acceso Sur c/ 29 de Setiembre.,Ñemby,Central,,,,https://www.bnf.gov.py/uploads/Promocion_Reintegro_Frigorificos_2026_SEP_2026_f798717e14.pdf
loc-ueno-162ac38dc6,ueno bank,Combustible,3MG 4 MOJONES,Fortín Toledo esq. Herminio Giménez,,,,,,https://www.ueno.com.py/wp-content/uploads/2026/08/Beneficio-de-Reintegro-COMBUSTIBLES-_-SEP-2026v5.pdf
loc-ueno-dd7a6cb597,ueno bank,Combustible,3MG AMERICO PICO,Avda. Américo Picco esq. Yvapovo,,,,,,https://www.ueno.com.py/wp-content/uploads/2026/08/Beneficio-de-Reintegro-COMBUSTIBLES-_-SEP-2026v5.pdf
loc-ueno-d37aa498e7,ueno bank,Combustible,3MG AREGUA,Ruta Areguá esq. Camino Estación Terrena,,,,,,https://www.ueno.com.py/wp-content/uploads/2026/08/Beneficio-de-Reintegro-COMBUSTIBLES-_-SEP-2026v5.pdf
loc-ueno-1ee1f6807c,ueno bank,Combustible,3MG DOBLE AVENIDA,Avda. Gral. Díaz esq. Gral. Vicente Barrios,,,,,,https://www.ueno.com.py/wp-content/uploads/2026/08/Beneficio-de-Reintegro-COMBUSTIBLES-_-SEP-2026v5.pdf
loc-ueno-c928f6b2a4,ueno bank,Combustible,3MG LAMBARE,Mauricio José Troche esq. Francisco Acuña de Figueroa,,,,,,https://www.ueno.com.py/wp-content/uploads/2026/08/Beneficio-de-Reintegro-COMBUSTIBLES-_-SEP-2026v5.pdf
loc-ueno-d378541321,ueno bank,Combustible,3MG LIMPIO,Avda. San Francisco Solano,,,,,,https://www.ueno.com.py/wp-content/uploads/2026/08/Beneficio-de-Reintegro-COMBUSTIBLES-_-SEP-2026v5.pdf
loc-ueno-11dba8974d,ueno bank,Combustible,3MG MEDICOS DEL CHACO,Médicos del Chaco esq. Dr. Alfonso Belisario Campos,,,,,,https://www.ueno.com.py/wp-content/uploads/2026/08/Beneficio-de-Reintegro-COMBUSTIBLES-_-SEP-2026v5.pdf
loc-ueno-fc4888c616,ueno bank,Combustible,3MG NEMBY LUISITO,Avda. Manuel Ortiz Guerrero esq. Rosa Mística,,,,,,https://www.ueno.com.py/wp-content/uploads/2026/08/Beneficio-de-Reintegro-COMBUSTIBLES-_-SEP-2026v5.pdf
loc-ueno-e6f01160dd,ueno bank,Combustible,3MG SAN BERNARDINO,Avda. Guillermo Neumann esq. Villa Delfina,,,,,,https://www.ueno.com.py/wp-content/uploads/2026/08/Beneficio-de-Reintegro-COMBUSTIBLES-_-SEP-2026v5.pdf
loc-ueno-283d3c8a11,ueno bank,Combustible,3MG SAN ISIDRO,Avda. San Isidro esq. La Fortuna,,,,,,https://www.ueno.com.py/wp-content/uploads/2026/08/Beneficio-de-Reintegro-COMBUSTIBLES-_-SEP-2026v5.pdf
loc-ueno-dfb5795570,ueno bank,Combustible,3MG SAN LORENZO YBERA,Saturios Ríos esq. Avda. Dr. Gabriel Pellón,,,,,,https://www.ueno.com.py/wp-content/uploads/2026/08/Beneficio-de-Reintegro-COMBUSTIBLES-_-SEP-2026v5.pdf
loc-ueno-8d381fa521,ueno bank,Combustible,3MG SAN LORENZO YVERA,Saturios Ríos esq. Avda. Dr. Gabriel Pellón,,,,,,https://www.ueno.com.py/wp-content/uploads/2026/08/Beneficio-de-Reintegro-COMBUSTIBLES-_-SEP-2026v5.pdf
loc-ueno-bd21fcedd5,ueno bank,Combustible,3MG USHER,Usher Ríos esq. Cererino Ruiz,,,,,,https://www.ueno.com.py/wp-content/uploads/2026/08/Beneficio-de-Reintegro-COMBUSTIBLES-_-SEP-2026v5.pdf
loc-ueno-ef51bb8e67,ueno bank,Combustible,3MG USHER RIOS,Usher Ríos esq. Cererino Ruiz,,,,,,https://www.ueno.com.py/wp-content/uploads/2026/08/Beneficio-de-Reintegro-COMBUSTIBLES-_-SEP-2026v5.pdf
loc-ueno-5846e52705,ueno bank,Combustible,3MG VILLA ELISA,Cnel. Martínez esq. Mariscal Estigarribia,,,,,,https://www.ueno.com.py/wp-content/uploads/2026/08/Beneficio-de-Reintegro-COMBUSTIBLES-_-SEP-2026v5.pdf
loc-ueno-4f476ffabc,ueno bank,Combustible,3MG VILLETA,Ruta Villeta,,,,,,https://www.ueno.com.py/wp-content/uploads/2026/08/Beneficio-de-Reintegro-COMBUSTIBLES-_-SEP-2026v5.pdf
loc-ueno-b6eb159bab,ueno bank,Combustible,3MG VON POLESKI,Avda. Von Polesky esq. Hungría,,,,,,https://www.ueno.com.py/wp-content/uploads/2026/08/Beneficio-de-Reintegro-COMBUSTIBLES-_-SEP-2026v5.pdf
loc-ueno-e0209924a5,ueno bank,Combustible,3MG VON POLESKY,Avda. Von Polesky esq. Hungría,,,,,,https://www.ueno.com.py/wp-content/uploads/2026/08/Beneficio-de-Reintegro-COMBUSTIBLES-_-SEP-2026v5.pdf
loc-ueno-9469df90f1,ueno bank,Combustible,3MG ÑEMBY,Avda. Manuel Ortiz Guerrero esq. Rosa Mística,,,,,,https://www.ueno.com.py/wp-content/uploads/2026/08/Beneficio-de-Reintegro-COMBUSTIBLES-_-SEP-2026v5.pdf
loc-ueno-5a869c25f4,ueno bank,Combustible,3MG ÑEMBY PULP,Tte. Fariña esq.,,,,,,https://www.ueno.com.py/wp-content/uploads/2026/08/Beneficio-de-Reintegro-COMBUSTIBLES-_-SEP-2026v5.pdf
loc-ueno-38146e9278,ueno bank,Combustible,ENEX 1ER.PDTE.,Avda. Primer presidente esq. Marcelo Onieva,,,,,,https://www.ueno.com.py/wp-content/uploads/2026/08/Beneficio-de-Reintegro-COMBUSTIBLES-_-SEP-2026v5.pdf
loc-ueno-36c1683d7e,ueno bank,Combustible,ENEX ACCESO SUR,Acceso sur esq. Perpetuo socorro,,,,,,https://www.ueno.com.py/wp-content/uploads/2026/08/Beneficio-de-Reintegro-COMBUSTIBLES-_-SEP-2026v5.pdf
loc-ueno-6069ff5bed,ueno bank,Combustible,ENEX B.CABALLERO,Avda. Bernardino Caballero esq. Teodoro S Mongelos,,,,,,https://www.ueno.com.py/wp-content/uploads/2026/08/Beneficio-de-Reintegro-COMBUSTIBLES-_-SEP-2026v5.pdf
loc-ueno-69c4a25ce9,ueno bank,Combustible,ENEX CAPIATA,Ruta 2 km 25,,,,,,https://www.ueno.com.py/wp-content/uploads/2026/08/Beneficio-de-Reintegro-COMBUSTIBLES-_-SEP-2026v5.pdf
loc-ueno-907448a6c0,ueno bank,Combustible,ENEX CDE AREA 4,Avda. Choferes del Chaco esq. Comuneros,,,,,,https://www.ueno.com.py/wp-content/uploads/2026/08/Beneficio-de-Reintegro-COMBUSTIBLES-_-SEP-2026v5.pdf
loc-ueno-8a0855f38b,ueno bank,Combustible,ENEX DEFENSORES,Avda. Defensores del Chaco esq. Facundo Candia,,,,,,https://www.ueno.com.py/wp-content/uploads/2026/08/Beneficio-de-Reintegro-COMBUSTIBLES-_-SEP-2026v5.pdf
loc-ueno-6f56c72d06,ueno bank,Combustible,ENEX ENCARNACION,"Ruta 6, ruta Juan Leon Mallorquin km 2,5",,,,,,https://www.ueno.com.py/wp-content/uploads/2026/08/Beneficio-de-Reintegro-COMBUSTIBLES-_-SEP-2026v5.pdf
loc-ueno-a9b2ac5284,ueno bank,Combustible,ENEX GABANA ARROYOS Y ESTEROS,Ruta 3 Elizardo Aquino km 68,,,,,,https://www.ueno.com.py/wp-content/uploads/2026/08/Beneficio-de-Reintegro-COMBUSTIBLES-_-SEP-2026v5.pdf
loc-ueno-a116c51cdc,ueno bank,Combustible,ENEX GABANA ARTIGAS,Avda. Artigas esq. Solano Lopez,,,,,,https://www.ueno.com.py/wp-content/uploads/2026/08/Beneficio-de-Reintegro-COMBUSTIBLES-_-SEP-2026v5.pdf
loc-ueno-5869963c4a,ueno bank,Combustible,ENEX GABANA BRASILIA,Avda. Mariscal Lopez esq. Brasilia,,,,,,https://www.ueno.com.py/wp-content/uploads/2026/08/Beneficio-de-Reintegro-COMBUSTIBLES-_-SEP-2026v5.pdf
loc-ueno-7512d77d61,ueno bank,Combustible,ENEX GABANA BRUNO GUGGIARI,Avda. Fernando de la Mora esq. Bruno Guggiari,,,,,,https://www.ueno.com.py/wp-content/uploads/2026/08/Beneficio-de-Reintegro-COMBUSTIBLES-_-SEP-2026v5.pdf
loc-ueno-ee6d9102e3,ueno bank,Combustible,ENEX GABANA FELIX BOGADO,Avda. Felix Bogado esq. Madrinas del Chaco,,,,,,https://www.ueno.com.py/wp-content/uploads/2026/08/Beneficio-de-Reintegro-COMBUSTIBLES-_-SEP-2026v5.pdf
loc-ueno-7649b6fb08,ueno bank,Combustible,ENEX GABANA GUARAMBARE,Ruta 1 km 14 - Acceso Sur,,,,,,https://www.ueno.com.py/wp-content/uploads/2026/08/Beneficio-de-Reintegro-COMBUSTIBLES-_-SEP-2026v5.pdf
loc-ueno-00b61c9b9c,ueno bank,Combustible,ENEX GABANA LILLO,Lillo esq. Concejal Vargas,,,,,,https://www.ueno.com.py/wp-content/uploads/2026/08/Beneficio-de-Reintegro-COMBUSTIBLES-_-SEP-2026v5.pdf
loc-ueno-55d6e995a3,ueno bank,Combustible,ENEX GABANA LIMPIO,Avda. San José esq. 29 de septiembre,,,,,,https://www.ueno.com.py/wp-content/uploads/2026/08/Beneficio-de-Reintegro-COMBUSTIBLES-_-SEP-2026v5.pdf
loc-ueno-68e9b2b65c,ueno bank,Combustible,ENEX GABANA LIMPIO RUTA 3,Ruta 3 km 24,,,,,,https://www.ueno.com.py/wp-content/uploads/2026/08/Beneficio-de-Reintegro-COMBUSTIBLES-_-SEP-2026v5.pdf
loc-ueno-a33bcf043f,ueno bank,Combustible,ENEX GABANA LUQUE CENTRO,Avda. Gral Aquino esq. Alberdi,,,,,,https://www.ueno.com.py/wp-content/uploads/2026/08/Beneficio-de-Reintegro-COMBUSTIBLES-_-SEP-2026v5.pdf
loc-ueno-633ba6417f,ueno bank,Combustible,ENEX GABANA SACRAMENTO,Avda. España esq. Avda. Sacramento,,,,,,https://www.ueno.com.py/wp-content/uploads/2026/08/Beneficio-de-Reintegro-COMBUSTIBLES-_-SEP-2026v5.pdf
loc-ueno-fed17a04e0,ueno bank,Combustible,ENEX GABANA SAN ANTONIO,Avda. San Antonio c/ Rio Parapiti,,,,,,https://www.ueno.com.py/wp-content/uploads/2026/08/Beneficio-de-Reintegro-COMBUSTIBLES-_-SEP-2026v5.pdf
loc-ueno-8e77ddb179,ueno bank,Combustible,ENEX GABANA SB CENTRO,Avda. Marsical Lopez esq. Guillermo Neumann,,,,,,https://www.ueno.com.py/wp-content/uploads/2026/08/Beneficio-de-Reintegro-COMBUSTIBLES-_-SEP-2026v5.pdf
loc-ueno-05a207835e,ueno bank,Combustible,ENEX GABANA VILLA AURELIA,Avda. Mariscal Lopez esq. Tte. Casco,,,,,,https://www.ueno.com.py/wp-content/uploads/2026/08/Beneficio-de-Reintegro-COMBUSTIBLES-_-SEP-2026v5.pdf
loc-ueno-4c4953bbd3,ueno bank,Combustible,ENEX GABANA ÑEMBY,Avda. Manuel Ortiz Guerrero esq. Avda. De la Victoria,,,,,,https://www.ueno.com.py/wp-content/uploads/2026/08/Beneficio-de-Reintegro-COMBUSTIBLES-_-SEP-2026v5.pdf
loc-ueno-9cb0508855,ueno bank,Combustible,ENEX GABANA-HERRERA,Avda. Perú esq. Herrera,,,,,,https://www.ueno.com.py/wp-content/uploads/2026/08/Beneficio-de-Reintegro-COMBUSTIBLES-_-SEP-2026v5.pdf
loc-ueno-8f1b521f65,ueno bank,Combustible,ENEX GABANA-LEOPARDI,Avda. Marsical Estigarribia esq. Juan Leopardi,,,,,,https://www.ueno.com.py/wp-content/uploads/2026/08/Beneficio-de-Reintegro-COMBUSTIBLES-_-SEP-2026v5.pdf
loc-ueno-4377e0d065,ueno bank,Combustible,ENEX GABANA-LUQUE CIT,Ybyturusu esq. Abdón Caballero,,,,,,https://www.ueno.com.py/wp-content/uploads/2026/08/Beneficio-de-Reintegro-COMBUSTIBLES-_-SEP-2026v5.pdf
loc-ueno-e433a33041,ueno bank,Combustible,ENEX GABANA-MANUEL DEL CASTILLO,Avda. República Argentina esq. Manuel del Castillo,,,,,,https://www.ueno.com.py/wp-content/uploads/2026/08/Beneficio-de-Reintegro-COMBUSTIBLES-_-SEP-2026v5.pdf
loc-ueno-532e546492,ueno bank,Combustible,ENEX GABANA-SANTA TERESA,Avda. Santa Teresa esq. Tacuary,,,,,,https://www.ueno.com.py/wp-content/uploads/2026/08/Beneficio-de-Reintegro-COMBUSTIBLES-_-SEP-2026v5.pdf
loc-ueno-c362888880,ueno bank,Combustible,ENEX GABANA-VON POLESKI,Avda. Von Poleski esq. Villa Florida,,,,,,https://www.ueno.com.py/wp-content/uploads/2026/08/Beneficio-de-Reintegro-COMBUSTIBLES-_-SEP-2026v5.pdf
loc-ueno-a87dbed40d,ueno bank,Combustible,ENEX HORQUETA,Gral Bernardino Caballero y Mcal Lopez,,,,,,https://www.ueno.com.py/wp-content/uploads/2026/08/Beneficio-de-Reintegro-COMBUSTIBLES-_-SEP-2026v5.pdf
loc-ueno-08a6362f46,ueno bank,Combustible,ENEX LUQUE,Campo via esq. Republica de Colombia,,,,,,https://www.ueno.com.py/wp-content/uploads/2026/08/Beneficio-de-Reintegro-COMBUSTIBLES-_-SEP-2026v5.pdf
loc-ueno-d6e45ad06f,ueno bank,Combustible,ENEX LUQUE,Avda gral Aquino y San Martín,,,,,,https://www.ueno.com.py/wp-content/uploads/2026/08/Beneficio-de-Reintegro-COMBUSTIBLES-_-SEP-2026v5.pdf
loc-ueno-350ab7f87a,ueno bank,Combustible,ENEX SAN LORENZO UNA,Avda. Marsical Lopez esq. Valdez Veron,,,,,,https://www.ueno.com.py/wp-content/uploads/2026/08/Beneficio-de-Reintegro-COMBUSTIBLES-_-SEP-2026v5.pdf
loc-ueno-1da83120ee,ueno bank,Combustible,ENEX TACUARY,Tacuary esq. 2da proyectada,,,,,,https://www.ueno.com.py/wp-content/uploads/2026/08/Beneficio-de-Reintegro-COMBUSTIBLES-_-SEP-2026v5.pdf
loc-ueno-3cbf8a7bba,ueno bank,Combustible,ENEX VILLA HAYES,"Ruta 9 km 26,5",,,,,,https://www.ueno.com.py/wp-content/uploads/2026/08/Beneficio-de-Reintegro-COMBUSTIBLES-_-SEP-2026v5.pdf
loc-ueno-e0712896b6,ueno bank,Combustible,PETROCHACO ACARAY,Minga Guazú km 14 Acaray,,,,,,https://www.ueno.com.py/wp-content/uploads/2026/08/Beneficio-de-Reintegro-COMBUSTIBLES-_-SEP-2026v5.pdf
loc-ueno-e298b809ac,ueno bank,Combustible,PETROCHACO ALTOS,Ruta Altos - Loma Grande esq. 10 de Agosto,,,,,,https://www.ueno.com.py/wp-content/uploads/2026/08/Beneficio-de-Reintegro-COMBUSTIBLES-_-SEP-2026v5.pdf
loc-ueno-435ea66d96,ueno bank,Combustible,PETROCHACO AREGUA,Ruta Areguá esq. Camino Estación Terrena,,,,,,https://www.ueno.com.py/wp-content/uploads/2026/08/Beneficio-de-Reintegro-COMBUSTIBLES-_-SEP-2026v5.pdf
loc-ueno-e0f24282da,ueno bank,Combustible,PETROCHACO AREGUA,"Ramal Areguá-Capiatá km 4,5",,,,,,https://www.ueno.com.py/wp-content/uploads/2026/08/Beneficio-de-Reintegro-COMBUSTIBLES-_-SEP-2026v5.pdf
loc-ueno-3154b1f0f8,ueno bank,Combustible,PETROCHACO BARTOLOME,Fernando de la Mora y Bartolomé de las Casas,,,,,,https://www.ueno.com.py/wp-content/uploads/2026/08/Beneficio-de-Reintegro-COMBUSTIBLES-_-SEP-2026v5.pdf
loc-ueno-8702bc2ba5,ueno bank,Combustible,PETROCHACO BENJAMIN,Ruta Transchaco km 35,,,,,,https://www.ueno.com.py/wp-content/uploads/2026/08/Beneficio-de-Reintegro-COMBUSTIBLES-_-SEP-2026v5.pdf
loc-ueno-5e51bbc53a,ueno bank,Combustible,PETROCHACO BOQUEREON,Avda. Rogelio Benítez y Lomas Valentinas,,,,,,https://www.ueno.com.py/wp-content/uploads/2026/08/Beneficio-de-Reintegro-COMBUSTIBLES-_-SEP-2026v5.pdf
loc-ueno-9d0fad4dfd,ueno bank,Combustible,PETROCHACO BOQUERON,Avda. Rogelio Benítez y Lomas Valentinas,,,,,,https://www.ueno.com.py/wp-content/uploads/2026/08/Beneficio-de-Reintegro-COMBUSTIBLES-_-SEP-2026v5.pdf
loc-ueno-1325d3192c,ueno bank,Combustible,PETROCHACO BRITEZ BORGES,Avda. Gral. Brítez Borges esq. Avda. Ita Yvaté,,,,,,https://www.ueno.com.py/wp-content/uploads/2026/08/Beneficio-de-Reintegro-COMBUSTIBLES-_-SEP-2026v5.pdf
loc-ueno-ac26ee0fa6,ueno bank,Combustible,PETROCHACO CAAGUAZU KM 190,Ruta N 2 km 190,,,,,,https://www.ueno.com.py/wp-content/uploads/2026/08/Beneficio-de-Reintegro-COMBUSTIBLES-_-SEP-2026v5.pdf
loc-ueno-59ea9a153e,ueno bank,Combustible,PETROCHACO CABAÑAS,Gaudioso Núñez esq. San Isidro,,,,,,https://www.ueno.com.py/wp-content/uploads/2026/08/Beneficio-de-Reintegro-COMBUSTIBLES-_-SEP-2026v5.pdf
loc-ueno-c92fa57387,ueno bank,Combustible,PETROCHACO CAMPESTRE,Km 10 Acaray,,,,,,https://www.ueno.com.py/wp-content/uploads/2026/08/Beneficio-de-Reintegro-COMBUSTIBLES-_-SEP-2026v5.pdf
loc-ueno-69f0c37c52,ueno bank,Combustible,PETROCHACO CAMPO 9,Independencia Nacional y Maracaná 1,,,,,,https://www.ueno.com.py/wp-content/uploads/2026/08/Beneficio-de-Reintegro-COMBUSTIBLES-_-SEP-2026v5.pdf
loc-ueno-2112c4af16,ueno bank,Combustible,PETROCHACO CAPIATA,Avda. Doctor López esq. Los Lagos,,,,,,https://www.ueno.com.py/wp-content/uploads/2026/08/Beneficio-de-Reintegro-COMBUSTIBLES-_-SEP-2026v5.pdf
loc-ueno-0b95afbdb0,ueno bank,Combustible,PETROCHACO CARAPEGUA,Ruta Departamental D027 esq. Ruta Carapeguá - Acahay,,,,,,https://www.ueno.com.py/wp-content/uploads/2026/08/Beneficio-de-Reintegro-COMBUSTIBLES-_-SEP-2026v5.pdf
loc-ueno-04eca91684,ueno bank,Combustible,PETROCHACO CNEL OVIEDO,Calle Marista c/ Loteadora Fracción 2,,,,,,https://www.ueno.com.py/wp-content/uploads/2026/08/Beneficio-de-Reintegro-COMBUSTIBLES-_-SEP-2026v5.pdf
loc-ueno-76a7fbf081,ueno bank,Combustible,PETROCHACO CONCEPCION,Padre Fermín Sarmiento esq. Sargento Pirelli,,,,,,https://www.ueno.com.py/wp-content/uploads/2026/08/Beneficio-de-Reintegro-COMBUSTIBLES-_-SEP-2026v5.pdf
loc-ueno-ec5bec47d6,ueno bank,Combustible,PETROCHACO COSTA PUCU,Avda. Cristo Rey c/ Calle 5,,,,,,https://www.ueno.com.py/wp-content/uploads/2026/08/Beneficio-de-Reintegro-COMBUSTIBLES-_-SEP-2026v5.pdf
loc-ueno-283d0fe8e3,ueno bank,Combustible,PETROCHACO CRUCE LIBERACION,Ruta Blas Garay n° 8 km 381 - Cruce Liberación,,,,,,https://www.ueno.com.py/wp-content/uploads/2026/08/Beneficio-de-Reintegro-COMBUSTIBLES-_-SEP-2026v5.pdf
loc-ueno-814a226b44,ueno bank,Combustible,PETROCHACO EMBOSCADA,Ruta n° 3 Gral. Elizardo Aquino km 35,,,,,,https://www.ueno.com.py/wp-content/uploads/2026/08/Beneficio-de-Reintegro-COMBUSTIBLES-_-SEP-2026v5.pdf
loc-ueno-382c6659d4,ueno bank,Combustible,PETROCHACO ENCARNACION,Nuestra Señora de Fátima esq. Santa Lucía,,,,,,https://www.ueno.com.py/wp-content/uploads/2026/08/Beneficio-de-Reintegro-COMBUSTIBLES-_-SEP-2026v5.pdf
loc-ueno-7385cb49f0,ueno bank,Combustible,PETROCHACO FDM,1° de Mayo esq. Panchito López,,,,,,https://www.ueno.com.py/wp-content/uploads/2026/08/Beneficio-de-Reintegro-COMBUSTIBLES-_-SEP-2026v5.pdf
loc-ueno-56718513c1,ueno bank,Combustible,PETROCHACO FDO DE LA MORA,1° de Mayo esq. Panchito López,,,,,,https://www.ueno.com.py/wp-content/uploads/2026/08/Beneficio-de-Reintegro-COMBUSTIBLES-_-SEP-2026v5.pdf
loc-ueno-4aa18edd88,ueno bank,Combustible,PETROCHACO FRAM,Ruta Fram - La Paz c/ Rep. San Salvador,,,,,,https://www.ueno.com.py/wp-content/uploads/2026/08/Beneficio-de-Reintegro-COMBUSTIBLES-_-SEP-2026v5.pdf
loc-ueno-88980f0f5f,ueno bank,Combustible,PETROCHACO GUARAMBARE,Ruta n° 1 - Desvío Villeta,,,,,,https://www.ueno.com.py/wp-content/uploads/2026/08/Beneficio-de-Reintegro-COMBUSTIBLES-_-SEP-2026v5.pdf
loc-ueno-fea3a3a743,ueno bank,Combustible,PETROCHACO HERNANDARIAS,O'Leary esq. José Asunción Flores,,,,,,https://www.ueno.com.py/wp-content/uploads/2026/08/Beneficio-de-Reintegro-COMBUSTIBLES-_-SEP-2026v5.pdf
loc-ueno-2279a1cb24,ueno bank,Combustible,PETROCHACO KAPI I,Tte. Facundo Almada esq. Avda. Capitán del Puerto,,,,,,https://www.ueno.com.py/wp-content/uploads/2026/08/Beneficio-de-Reintegro-COMBUSTIBLES-_-SEP-2026v5.pdf
loc-ueno-c6869c8473,ueno bank,Combustible,PETROCHACO KM 5,Avda. Fortín Toledo esq. O'Higgins,,,,,,https://www.ueno.com.py/wp-content/uploads/2026/08/Beneficio-de-Reintegro-COMBUSTIBLES-_-SEP-2026v5.pdf
loc-ueno-287abcd301,ueno bank,Combustible,PETROCHACO KM 5 - CDE,Avda. Fortín Toledo esq. O'Higgins,,,,,,https://www.ueno.com.py/wp-content/uploads/2026/08/Beneficio-de-Reintegro-COMBUSTIBLES-_-SEP-2026v5.pdf
loc-ueno-d7c60811ab,ueno bank,Combustible,PETROCHACO KM 8,Monseñor Rodríguez esq. Rafael Barret,,,,,,https://www.ueno.com.py/wp-content/uploads/2026/08/Beneficio-de-Reintegro-COMBUSTIBLES-_-SEP-2026v5.pdf
loc-ueno-5e07603704,ueno bank,Combustible,PETROCHACO KM 8 - CDE,Monseñor Rodríguez esq. Rafael Barret,,,,,,https://www.ueno.com.py/wp-content/uploads/2026/08/Beneficio-de-Reintegro-COMBUSTIBLES-_-SEP-2026v5.pdf
loc-ueno-f740432807,ueno bank,Combustible,PETROCHACO LA PALOMA,Ruta 3 - km 379,,,,,,https://www.ueno.com.py/wp-content/uploads/2026/08/Beneficio-de-Reintegro-COMBUSTIBLES-_-SEP-2026v5.pdf
loc-ueno-d78f12ac8d,ueno bank,Combustible,PETROCHACO LAMBARE,Mauricio José Troche esq. Francisco Acuña de Figueroa,,,,,,https://www.ueno.com.py/wp-content/uploads/2026/08/Beneficio-de-Reintegro-COMBUSTIBLES-_-SEP-2026v5.pdf
loc-ueno-6c806b9206,ueno bank,Combustible,PETROCHACO LAMBARE,Paz del Chaco esq. San Lucas,,,,,,https://www.ueno.com.py/wp-content/uploads/2026/08/Beneficio-de-Reintegro-COMBUSTIBLES-_-SEP-2026v5.pdf
loc-ueno-eee036290c,ueno bank,Combustible,PETROCHACO LILLO,Avda. Lillo c/ Cnel. Felix Cabrera,,,,,,https://www.ueno.com.py/wp-content/uploads/2026/08/Beneficio-de-Reintegro-COMBUSTIBLES-_-SEP-2026v5.pdf
loc-ueno-3d81b4610d,ueno bank,Combustible,PETROCHACO LIM ISLA ARANDA,Prof. Rita Etelvina Gómez (Limpio 1),,,,,,https://www.ueno.com.py/wp-content/uploads/2026/08/Beneficio-de-Reintegro-COMBUSTIBLES-_-SEP-2026v5.pdf
loc-ueno-3cfc229bd9,ueno bank,Combustible,PETROCHACO LIMPIO,Avda. San Francisco Solano esq.,,,,,,https://www.ueno.com.py/wp-content/uploads/2026/08/Beneficio-de-Reintegro-COMBUSTIBLES-_-SEP-2026v5.pdf
loc-ueno-2fe0e98fec,ueno bank,Combustible,PETROCHACO LIMPIO 1,Prof. Rita Etelvina Gómez,,,,,,https://www.ueno.com.py/wp-content/uploads/2026/08/Beneficio-de-Reintegro-COMBUSTIBLES-_-SEP-2026v5.pdf
loc-ueno-c57f654a40,ueno bank,Combustible,PETROCHACO LIMPIO 2,Avda. San José esq. Tsunesaburo,,,,,,https://www.ueno.com.py/wp-content/uploads/2026/08/Beneficio-de-Reintegro-COMBUSTIBLES-_-SEP-2026v5.pdf
loc-ueno-e003f060fe,ueno bank,Combustible,PETROCHACO LUQ B VIS,Cnel. Bogado esq.,,,,,,https://www.ueno.com.py/wp-content/uploads/2026/08/Beneficio-de-Reintegro-COMBUSTIBLES-_-SEP-2026v5.pdf
loc-ueno-1b33f82e4f,ueno bank,Combustible,PETROCHACO LUQ MARAMBURE,Hernandarias esq. Sargento Leonardo Cabrera,,,,,,https://www.ueno.com.py/wp-content/uploads/2026/08/Beneficio-de-Reintegro-COMBUSTIBLES-_-SEP-2026v5.pdf
loc-ueno-a505d98970,ueno bank,Combustible,PETROCHACO LUQ RESID,Las Residentas esq. Lapachal 1,,,,,,https://www.ueno.com.py/wp-content/uploads/2026/08/Beneficio-de-Reintegro-COMBUSTIBLES-_-SEP-2026v5.pdf
loc-ueno-b2c3c731d0,ueno bank,Combustible,PETROCHACO LUQ SANBE,Ruta Luque - San Bernardino y San Juan,,,,,,https://www.ueno.com.py/wp-content/uploads/2026/08/Beneficio-de-Reintegro-COMBUSTIBLES-_-SEP-2026v5.pdf
loc-ueno-7b3efa3b40,ueno bank,Combustible,PETROCHACO LUQUE BELLA VISTA,Cnel. Bogado esq.,,,,,,https://www.ueno.com.py/wp-content/uploads/2026/08/Beneficio-de-Reintegro-COMBUSTIBLES-_-SEP-2026v5.pdf
loc-ueno-b9c3e5b3e8,ueno bank,Combustible,PETROCHACO LUQUE RESIDENTAS,Las Residentas esq. Lapachal 1,,,,,,https://www.ueno.com.py/wp-content/uploads/2026/08/Beneficio-de-Reintegro-COMBUSTIBLES-_-SEP-2026v5.pdf
loc-ueno-f1eed6cce6,ueno bank,Combustible,PETROCHACO LUQUE SANBER,Ruta Luque - San Bernardino,,,,,,https://www.ueno.com.py/wp-content/uploads/2026/08/Beneficio-de-Reintegro-COMBUSTIBLES-_-SEP-2026v5.pdf
loc-ueno-a006449c55,ueno bank,Combustible,PETROCHACO LUQUE SANBER 2,Ruta Luque - San Bernardino y San Juan,,,,,,https://www.ueno.com.py/wp-content/uploads/2026/08/Beneficio-de-Reintegro-COMBUSTIBLES-_-SEP-2026v5.pdf
loc-ueno-5edf7f33f7,ueno bank,Combustible,PETROCHACO LUQUE YKUA,Avda. Ykua Karanday,,,,,,https://www.ueno.com.py/wp-content/uploads/2026/08/Beneficio-de-Reintegro-COMBUSTIBLES-_-SEP-2026v5.pdf
loc-ueno-395f4a66a3,ueno bank,Combustible,PETROCHACO MAKAI - LUQUE,Coronel Martinez c/ Melo de Portugal,,,,,,https://www.ueno.com.py/wp-content/uploads/2026/08/Beneficio-de-Reintegro-COMBUSTIBLES-_-SEP-2026v5.pdf
loc-ueno-2cae25af61,ueno bank,Combustible,PETROCHACO MARAMBURE,Hernandarias esq. Sargento Leonardo Cabrera,,,,,,https://www.ueno.com.py/wp-content/uploads/2026/08/Beneficio-de-Reintegro-COMBUSTIBLES-_-SEP-2026v5.pdf
loc-ueno-ed245100e8,ueno bank,Combustible,PETROCHACO MARIANO DS,Avda. Gral. Eugenio Alejandrino Garay esq. Tte. Wenceslao,,,,,,https://www.ueno.com.py/wp-content/uploads/2026/08/Beneficio-de-Reintegro-COMBUSTIBLES-_-SEP-2026v5.pdf
loc-ueno-95bda93945,ueno bank,Combustible,PETROCHACO MARIANO R. ALONSO,Avda. Gral. Eugenio Alejandrino Garay esq. Tte. Wenceslao,,,,,,https://www.ueno.com.py/wp-content/uploads/2026/08/Beneficio-de-Reintegro-COMBUSTIBLES-_-SEP-2026v5.pdf
loc-ueno-07da4627e1,ueno bank,Combustible,PETROCHACO MED DEL C,Médicos del Chaco esq. Ecuador,,,,,,https://www.ueno.com.py/wp-content/uploads/2026/08/Beneficio-de-Reintegro-COMBUSTIBLES-_-SEP-2026v5.pdf
loc-ueno-20b9b6e233,ueno bank,Combustible,PETROCHACO MEDICOS DEL CHACO,Médicos del Chaco esq. Ecuador,,,,,,https://www.ueno.com.py/wp-content/uploads/2026/08/Beneficio-de-Reintegro-COMBUSTIBLES-_-SEP-2026v5.pdf
loc-ueno-3b33c0ccd9,ueno bank,Combustible,PETROCHACO MONDAY,Km 14 - Ruta Los Cedrales,,,,,,https://www.ueno.com.py/wp-content/uploads/2026/08/Beneficio-de-Reintegro-COMBUSTIBLES-_-SEP-2026v5.pdf
loc-ueno-7d1b093a50,ueno bank,Combustible,PETROCHACO MORA CUE,Avda. San José,,,,,,https://www.ueno.com.py/wp-content/uploads/2026/08/Beneficio-de-Reintegro-COMBUSTIBLES-_-SEP-2026v5.pdf
loc-ueno-b94f2f9b8e,ueno bank,Combustible,PETROCHACO NARANJAL,Avda. Naranjal esq. Nuestra Señora de la Asunción,,,,,,https://www.ueno.com.py/wp-content/uploads/2026/08/Beneficio-de-Reintegro-COMBUSTIBLES-_-SEP-2026v5.pdf
loc-ueno-ea9a838f3e,ueno bank,Combustible,PETROCHACO NEMBY PA I NU,1° de Mayo esq. Félix Pérez Cardozo,,,,,,https://www.ueno.com.py/wp-content/uploads/2026/08/Beneficio-de-Reintegro-COMBUSTIBLES-_-SEP-2026v5.pdf
loc-ueno-3215120f62,ueno bank,Combustible,PETROCHACO NUEVA ITALIA,"Ruta Carapeguá - Nueva Italia km 5,5",,,,,,https://www.ueno.com.py/wp-content/uploads/2026/08/Beneficio-de-Reintegro-COMBUSTIBLES-_-SEP-2026v5.pdf
loc-ueno-b155a38696,ueno bank,Combustible,PETROCHACO OLEARY,Ruta O'Leary camino a San Cristóbal,,,,,,https://www.ueno.com.py/wp-content/uploads/2026/08/Beneficio-de-Reintegro-COMBUSTIBLES-_-SEP-2026v5.pdf
loc-ueno-e02c6c68f1,ueno bank,Combustible,PETROCHACO OVIEDO,Calle Marista c/ Loteadora Fracción 2,,,,,,https://www.ueno.com.py/wp-content/uploads/2026/08/Beneficio-de-Reintegro-COMBUSTIBLES-_-SEP-2026v5.pdf
loc-ueno-fc86fee470,ueno bank,Combustible,PETROCHACO PABLO ROJAS,Avda. Tte. Rojas Silva c/ Gral. Juan Ayala,,,,,,https://www.ueno.com.py/wp-content/uploads/2026/08/Beneficio-de-Reintegro-COMBUSTIBLES-_-SEP-2026v5.pdf
loc-ueno-790ff59d2a,ueno bank,Combustible,PETROCHACO POTRERO YBATE,Ruta n° 3 - km 132,,,,,,https://www.ueno.com.py/wp-content/uploads/2026/08/Beneficio-de-Reintegro-COMBUSTIBLES-_-SEP-2026v5.pdf
loc-ueno-148acfa772,ueno bank,Combustible,PETROCHACO POTRERO YVATE,Ruta n° 3 - km 132,,,,,,https://www.ueno.com.py/wp-content/uploads/2026/08/Beneficio-de-Reintegro-COMBUSTIBLES-_-SEP-2026v5.pdf
loc-ueno-780eac6bc7,ueno bank,Combustible,PETROCHACO PUERTO ROSARIO,Mcal Estigarribia c/ Humaitá,,,,,,https://www.ueno.com.py/wp-content/uploads/2026/08/Beneficio-de-Reintegro-COMBUSTIBLES-_-SEP-2026v5.pdf
loc-ueno-bd98fd8df0,ueno bank,Combustible,PETROCHACO REDUCTO 1,Juan Pablo Ocampos esq. Curuzú Mbocayá,,,,,,https://www.ueno.com.py/wp-content/uploads/2026/08/Beneficio-de-Reintegro-COMBUSTIBLES-_-SEP-2026v5.pdf
loc-ueno-31cafef95c,ueno bank,Combustible,PETROCHACO REMANSITO,"Ruta Transchaco km 24,5",,,,,,https://www.ueno.com.py/wp-content/uploads/2026/08/Beneficio-de-Reintegro-COMBUSTIBLES-_-SEP-2026v5.pdf
loc-ueno-f79fa41bc2,ueno bank,Combustible,PETROCHACO REMANSO,Ruta Transchaco y Capellán Idoyaga,,,,,,https://www.ueno.com.py/wp-content/uploads/2026/08/Beneficio-de-Reintegro-COMBUSTIBLES-_-SEP-2026v5.pdf
loc-ueno-6a92d1c6c1,ueno bank,Combustible,PETROCHACO SAN ANTONIO,Cadete de Boquerón esq. 15 de Agosto,,,,,,https://www.ueno.com.py/wp-content/uploads/2026/08/Beneficio-de-Reintegro-COMBUSTIBLES-_-SEP-2026v5.pdf
loc-ueno-a24487a005,ueno bank,Combustible,PETROCHACO SAN LORENZO,Saturios Ríos esq. Avda. Dr. Gabriel Pellón,,,,,,https://www.ueno.com.py/wp-content/uploads/2026/08/Beneficio-de-Reintegro-COMBUSTIBLES-_-SEP-2026v5.pdf
loc-ueno-f791b7218e,ueno bank,Combustible,PETROCHACO SAN LORENZO CENTRO,Tte. Benítez esq. Pedro J. Carles,,,,,,https://www.ueno.com.py/wp-content/uploads/2026/08/Beneficio-de-Reintegro-COMBUSTIBLES-_-SEP-2026v5.pdf
loc-ueno-16ad28b07d,ueno bank,Combustible,PETROCHACO SAN LORENZO KM 15,Ruta 1 (Mariscal López) esq. Colinas del Norte,,,,,,https://www.ueno.com.py/wp-content/uploads/2026/08/Beneficio-de-Reintegro-COMBUSTIBLES-_-SEP-2026v5.pdf
loc-ueno-21dc5a4bc6,ueno bank,Combustible,PETROCHACO SAN LORENZO KM 16,Avda. San Pedro c/ Gioconda,,,,,,https://www.ueno.com.py/wp-content/uploads/2026/08/Beneficio-de-Reintegro-COMBUSTIBLES-_-SEP-2026v5.pdf
loc-ueno-dc2aa36802,ueno bank,Combustible,PETROCHACO SANTA ANA I,Super Carretera Carlos Antonio López esq.,,,,,,https://www.ueno.com.py/wp-content/uploads/2026/08/Beneficio-de-Reintegro-COMBUSTIBLES-_-SEP-2026v5.pdf
loc-ueno-ac4686edc4,ueno bank,Combustible,PETROCHACO SANTA ANA II,Avda. Amado Benítez Gamarra frente al Seminario,,,,,,https://www.ueno.com.py/wp-content/uploads/2026/08/Beneficio-de-Reintegro-COMBUSTIBLES-_-SEP-2026v5.pdf
loc-ueno-74dd40511e,ueno bank,Combustible,PETROCHACO SANTA TERESA,Avda. Santa Teresa esq. Julio César Franco,,,,,,https://www.ueno.com.py/wp-content/uploads/2026/08/Beneficio-de-Reintegro-COMBUSTIBLES-_-SEP-2026v5.pdf
loc-ueno-48061dc35d,ueno bank,Combustible,PETROCHACO SHELL REMAN CDE,Av. Manuel Ortiz Guerrero esq. Natalicio Talavera,,,,,,https://www.ueno.com.py/wp-content/uploads/2026/08/Beneficio-de-Reintegro-COMBUSTIBLES-_-SEP-2026v5.pdf
loc-ueno-5a3058592a,ueno bank,Combustible,PETROCHACO SHELL REMANSITO CDE,Av. Manuel Ortiz Guerrero esq. Natalicio Talavera,,,,,,https://www.ueno.com.py/wp-content/uploads/2026/08/Beneficio-de-Reintegro-COMBUSTIBLES-_-SEP-2026v5.pdf
loc-ueno-382bfffec9,ueno bank,Combustible,PETROCHACO SL KM 16,Avda. San Pedro c/ Gioconda,,,,,,https://www.ueno.com.py/wp-content/uploads/2026/08/Beneficio-de-Reintegro-COMBUSTIBLES-_-SEP-2026v5.pdf
loc-ueno-88ed6151b6,ueno bank,Combustible,PETROCHACO STA ANA,Super Carretera Carlos Antonio López esq.,,,,,,https://www.ueno.com.py/wp-content/uploads/2026/08/Beneficio-de-Reintegro-COMBUSTIBLES-_-SEP-2026v5.pdf
loc-ueno-f5728ad4b3,ueno bank,Combustible,PETROCHACO STA ANA SEMINA,Avda. Amado Benítez Gamarra frente al Seminario,,,,,,https://www.ueno.com.py/wp-content/uploads/2026/08/Beneficio-de-Reintegro-COMBUSTIBLES-_-SEP-2026v5.pdf
loc-ueno-2acb27ebac,ueno bank,Combustible,PETROCHACO STA TERESA,Avda. Santa Teresa esq. Julio César Franco,,,,,,https://www.ueno.com.py/wp-content/uploads/2026/08/Beneficio-de-Reintegro-COMBUSTIBLES-_-SEP-2026v5.pdf
loc-ueno-6963a4f65f,ueno bank,Combustible,PETROCHACO TERMINAL,Avda. Fernando de la Mora esq. Rpca. Argentina,,,,,,https://www.ueno.com.py/wp-content/uploads/2026/08/Beneficio-de-Reintegro-COMBUSTIBLES-_-SEP-2026v5.pdf
loc-ueno-11eee9937a,ueno bank,Combustible,PETROCHACO TERMINAL AFUERA,Avda. Fernando de la Mora esq. Rpca. Argentina,,,,,,https://www.ueno.com.py/wp-content/uploads/2026/08/Beneficio-de-Reintegro-COMBUSTIBLES-_-SEP-2026v5.pdf
loc-ueno-d4a277954d,ueno bank,Combustible,PETROCHACO TOBATI,Ruta Tobatí - Barrero entre 21 de Julio y Sta. Rosalía,,,,,,https://www.ueno.com.py/wp-content/uploads/2026/08/Beneficio-de-Reintegro-COMBUSTIBLES-_-SEP-2026v5.pdf
loc-ueno-b2a01ff31e,ueno bank,Combustible,PETROCHACO TORIN,Ruta n° 2 km 235,,,,,,https://www.ueno.com.py/wp-content/uploads/2026/08/Beneficio-de-Reintegro-COMBUSTIBLES-_-SEP-2026v5.pdf
loc-ueno-eb04a65e9b,ueno bank,Combustible,PETROCHACO TORO BLANCO,Ruta n° 2 km 188,,,,,,https://www.ueno.com.py/wp-content/uploads/2026/08/Beneficio-de-Reintegro-COMBUSTIBLES-_-SEP-2026v5.pdf
loc-ueno-c868fcead3,ueno bank,Combustible,PETROCHACO VILLA DEL ROSARIO,Carlos A. López c/ 14 de Mayo,,,,,,https://www.ueno.com.py/wp-content/uploads/2026/08/Beneficio-de-Reintegro-COMBUSTIBLES-_-SEP-2026v5.pdf
loc-ueno-f01ff87406,ueno bank,Combustible,PETROCHACO VILLA ELISA,Palma esq. Mariscal Estigarribia,,,,,,https://www.ueno.com.py/wp-content/uploads/2026/08/Beneficio-de-Reintegro-COMBUSTIBLES-_-SEP-2026v5.pdf
loc-ueno-e7b038d221,ueno bank,Combustible,PETROCHACO VILLA FLORIDA,Ruta 1 esq. Jóvenes Mártires por la Patria,,,,,,https://www.ueno.com.py/wp-content/uploads/2026/08/Beneficio-de-Reintegro-COMBUSTIBLES-_-SEP-2026v5.pdf
loc-ueno-e0d3a8fcc5,ueno bank,Combustible,PETROCHACO VILLA HAYES,Ruta Transchaco km 36,,,,,,https://www.ueno.com.py/wp-content/uploads/2026/08/Beneficio-de-Reintegro-COMBUSTIBLES-_-SEP-2026v5.pdf
loc-ueno-86ac537e88,ueno bank,Combustible,PETROCHACO VILLARICA CENTRO,Carlos Antonio López c/ Dr. Botrell,,,,,,https://www.ueno.com.py/wp-content/uploads/2026/08/Beneficio-de-Reintegro-COMBUSTIBLES-_-SEP-2026v5.pdf
loc-ueno-475ea36c10,ueno bank,Combustible,PETROCHACO VILLARICA PASO PE,Dr. Blas Garay esq. Blvd. Yegros,,,,,,https://www.ueno.com.py/wp-content/uploads/2026/08/Beneficio-de-Reintegro-COMBUSTIBLES-_-SEP-2026v5.pdf
loc-ueno-8d2036117d,ueno bank,Combustible,PETROCHACO VILLARRICA 1,Carlos Antonio López c/ Dr. Botrell,,,,,,https://www.ueno.com.py/wp-content/uploads/2026/08/Beneficio-de-Reintegro-COMBUSTIBLES-_-SEP-2026v5.pdf
loc-ueno-640a940e94,ueno bank,Combustible,PETROCHACO VILLARRICA 2,Dr. Blas Garay esq. Blvd. Yegros,,,,,,https://www.ueno.com.py/wp-content/uploads/2026/08/Beneficio-de-Reintegro-COMBUSTIBLES-_-SEP-2026v5.pdf
loc-ueno-dfb46050fd,ueno bank,Combustible,PETROCHACO VILLETA,Ruta Guarambaré - Villeta c/ Virgen del Rosario,,,,,,https://www.ueno.com.py/wp-content/uploads/2026/08/Beneficio-de-Reintegro-COMBUSTIBLES-_-SEP-2026v5.pdf
loc-ueno-4577e5f07e,ueno bank,Combustible,PETROCHACO VILLETA,Ruta Villeta c/ Paraguay,,,,,,https://www.ueno.com.py/wp-content/uploads/2026/08/Beneficio-de-Reintegro-COMBUSTIBLES-_-SEP-2026v5.pdf
loc-ueno-d8f107f091,ueno bank,Combustible,PETROCHACO YAGUARON,Ruta 1 - km 51,,,,,,https://www.ueno.com.py/wp-content/uploads/2026/08/Beneficio-de-Reintegro-COMBUSTIBLES-_-SEP-2026v5.pdf
loc-ueno-bc3792e7b2,ueno bank,Combustible,PETROCHACO YPANE,Juan Bautista Egusquiza,,,,,,https://www.ueno.com.py/wp-content/uploads/2026/08/Beneficio-de-Reintegro-COMBUSTIBLES-_-SEP-2026v5.pdf
loc-ueno-05290b4657,ueno bank,Combustible,PETROCHACO YUTY,Ruta Yuty c/ Tebicuary,,,,,,https://www.ueno.com.py/wp-content/uploads/2026/08/Beneficio-de-Reintegro-COMBUSTIBLES-_-SEP-2026v5.pdf
loc-ueno-ba2afeefe8,ueno bank,Combustible,PETROCHACO ÑEMBY PAI ÑU,1° de Mayo esq. Félix Pérez Cardozo,,,,,,https://www.ueno.com.py/wp-content/uploads/2026/08/Beneficio-de-Reintegro-COMBUSTIBLES-_-SEP-2026v5.pdf
loc-ueno-66912d4903,ueno bank,Combustible,PETROCHACO-SL TTE.BENITEZ,Tte. Benítez esq. Pedro J. Carles,,,,,,https://www.ueno.com.py/wp-content/uploads/2026/08/Beneficio-de-Reintegro-COMBUSTIBLES-_-SEP-2026v5.pdf
loc-ueno-12e255b0aa,ueno bank,Combustible,PETROCHACO-V.FLORIDA,Ruta 1 esq. Jóvenes Mártires por la Patria,,,,,,https://www.ueno.com.py/wp-content/uploads/2026/08/Beneficio-de-Reintegro-COMBUSTIBLES-_-SEP-2026v5.pdf
loc-ueno-abeb1502df,ueno bank,Combustible,PUMA ENERGY PUMA BERNARDINO CABA Asuncion,AV BERNARDINO CABALLERO Alto Parana CDE,,,,,,https://www.ueno.com.py/wp-content/uploads/2026/08/Beneficio-de-Reintegro-COMBUSTIBLES-_-SEP-2026v5.pdf
loc-ueno-ad91f9227a,ueno bank,Combustible,PUMA ENERGY PUMA CAEL,MCAL ESTIGARRIBIA Y SILVIO PETTIROSSI,,,,,,https://www.ueno.com.py/wp-content/uploads/2026/08/Beneficio-de-Reintegro-COMBUSTIBLES-_-SEP-2026v5.pdf
loc-ueno-6e6561e6ac,ueno bank,Combustible,PUMA ENERGY PUMA CALLE 2,Calle 2 Independencia Nacional J Eulogio Estigarribia,,,,,,https://www.ueno.com.py/wp-content/uploads/2026/08/Beneficio-de-Reintegro-COMBUSTIBLES-_-SEP-2026v5.pdf
loc-ueno-2da7c05222,ueno bank,Combustible,PUMA ENERGY PUMA CNEL BOGADO,Ruta 1 y Av Jose Felix Bogado Cnel Bogado Itapua,,,,,,https://www.ueno.com.py/wp-content/uploads/2026/08/Beneficio-de-Reintegro-COMBUSTIBLES-_-SEP-2026v5.pdf
loc-ueno-91cde383eb,ueno bank,Combustible,PUMA ENERGY PUMA CYE KA AVO SA,PY03 San Estanislao San Pedro,,,,,,https://www.ueno.com.py/wp-content/uploads/2026/08/Beneficio-de-Reintegro-COMBUSTIBLES-_-SEP-2026v5.pdf
loc-ueno-01daeac54f,ueno bank,Combustible,PUMA ENERGY PUMA EL SHAH 44 Asuncion,AVDA EMILIO GABRIAGUEZ Capiata,,,,,,https://www.ueno.com.py/wp-content/uploads/2026/08/Beneficio-de-Reintegro-COMBUSTIBLES-_-SEP-2026v5.pdf
loc-ueno-4c64a333d0,ueno bank,Combustible,PUMA ENERGY PUMA RB BOCA 1 Asunción,Ruta 1 Capiata,,,,,,https://www.ueno.com.py/wp-content/uploads/2026/08/Beneficio-de-Reintegro-COMBUSTIBLES-_-SEP-2026v5.pdf
loc-ueno-92e9642524,ueno bank,Combustible,PUMA ENERGY PUMA RV BOCA 2 Capiatá,Ruta 1 Capiata,,,,,,https://www.ueno.com.py/wp-content/uploads/2026/08/Beneficio-de-Reintegro-COMBUSTIBLES-_-SEP-2026v5.pdf
loc-ueno-40f9d676f9,ueno bank,Combustible,PUMA ENERGY Puma ALTO PARANA,Supercarretera Marginal - Minga Pora,,,,,,https://www.ueno.com.py/wp-content/uploads/2026/08/Beneficio-de-Reintegro-COMBUSTIBLES-_-SEP-2026v5.pdf
loc-ueno-0215e129af,ueno bank,Combustible,PUMA ENERGY Puma ALTO PARANA,"Ruta Nº 7, Km, 16 del Distrito de Minga Guazu",,,,,,https://www.ueno.com.py/wp-content/uploads/2026/08/Beneficio-de-Reintegro-COMBUSTIBLES-_-SEP-2026v5.pdf
loc-ueno-25eab52355,ueno bank,Combustible,PUMA ENERGY Puma ALTO PARANA,Avda. Amado Benitez y 25 de Agosto - Barrio Santa Ana,,,,,,https://www.ueno.com.py/wp-content/uploads/2026/08/Beneficio-de-Reintegro-COMBUSTIBLES-_-SEP-2026v5.pdf
loc-ueno-94cece36f2,ueno bank,Combustible,PUMA ENERGY Puma ALTO PARANA,"Ruta 7, Km. 4,5 - Ciudad del Este",,,,,,https://www.ueno.com.py/wp-content/uploads/2026/08/Beneficio-de-Reintegro-COMBUSTIBLES-_-SEP-2026v5.pdf
loc-ueno-27b5a9ce72,ueno bank,Combustible,PUMA ENERGY Puma ALTO PARANA,"RUTA N° 7 KM 248, DISTRITO HERNANDARIAS",,,,,,https://www.ueno.com.py/wp-content/uploads/2026/08/Beneficio-de-Reintegro-COMBUSTIBLES-_-SEP-2026v5.pdf
loc-ueno-7e3951df66,ueno bank,Combustible,PUMA ENERGY Puma ALTO PARANA,Iturbe y Azara,,,,,,https://www.ueno.com.py/wp-content/uploads/2026/08/Beneficio-de-Reintegro-COMBUSTIBLES-_-SEP-2026v5.pdf
loc-ueno-aebab3516f,ueno bank,Combustible,PUMA ENERGY Puma ALTO PARANA,Km 9 - Acaray - Ciudad del Este,,,,,,https://www.ueno.com.py/wp-content/uploads/2026/08/Beneficio-de-Reintegro-COMBUSTIBLES-_-SEP-2026v5.pdf
loc-ueno-14d6b56016,ueno bank,Combustible,PUMA ENERGY Puma ALTO PARANA,AV. MONSEÑOR RODRIGUEZ Y M. FRANCO KM 9 CDE,,,,,,https://www.ueno.com.py/wp-content/uploads/2026/08/Beneficio-de-Reintegro-COMBUSTIBLES-_-SEP-2026v5.pdf
loc-ueno-a1e2c23c31,ueno bank,Combustible,PUMA ENERGY Puma ALTO VERA,"CARONAY, DISTRITO ALTO VERA-CENTRO",,,,,,https://www.ueno.com.py/wp-content/uploads/2026/08/Beneficio-de-Reintegro-COMBUSTIBLES-_-SEP-2026v5.pdf
loc-ueno-9c65354a0b,ueno bank,Combustible,PUMA ENERGY Puma ALTOS,Ramal Altos a San Bernardino - km 69 . Altos,,,,,,https://www.ueno.com.py/wp-content/uploads/2026/08/Beneficio-de-Reintegro-COMBUSTIBLES-_-SEP-2026v5.pdf
loc-ueno-3f47078c5c,ueno bank,Combustible,PUMA ENERGY Puma ASUNCIÓN,Avda Medicos del Chaco y Virgen del Pilar - Asuncion,,,,,,https://www.ueno.com.py/wp-content/uploads/2026/08/Beneficio-de-Reintegro-COMBUSTIBLES-_-SEP-2026v5.pdf
loc-ueno-bbb325deaa,ueno bank,Combustible,PUMA ENERGY Puma CAACUPE,Ruta 2 Mcal Estigarribia - Km 52 - Caacupe,,,,,,https://www.ueno.com.py/wp-content/uploads/2026/08/Beneficio-de-Reintegro-COMBUSTIBLES-_-SEP-2026v5.pdf
loc-ueno-7d582f7927,ueno bank,Combustible,PUMA ENERGY Puma CAAGUAZU,15 de Agosto casi Guillermo Arias,,,,,,https://www.ueno.com.py/wp-content/uploads/2026/08/Beneficio-de-Reintegro-COMBUSTIBLES-_-SEP-2026v5.pdf
loc-ueno-49a4e86c1a,ueno bank,Combustible,PUMA ENERGY Puma CAAGUAZU,RUTA 7 KM 175 - Caaguazu,,,,,,https://www.ueno.com.py/wp-content/uploads/2026/08/Beneficio-de-Reintegro-COMBUSTIBLES-_-SEP-2026v5.pdf
loc-ueno-29dbcbc9b6,ueno bank,Combustible,PUMA ENERGY Puma CAAGUAZU,RUTA 2 KM 102 SAN JOSE DE LOS ARROYOS,,,,,,https://www.ueno.com.py/wp-content/uploads/2026/08/Beneficio-de-Reintegro-COMBUSTIBLES-_-SEP-2026v5.pdf
loc-ueno-000ad66209,ueno bank,Combustible,PUMA ENERGY Puma CAPIATA,JOSE ASUNCION FLORES E/ CNEL TOLEDO KM 20 CAPIATA,,,,,,https://www.ueno.com.py/wp-content/uploads/2026/08/Beneficio-de-Reintegro-COMBUSTIBLES-_-SEP-2026v5.pdf
loc-ueno-45b4cc14c2,ueno bank,Combustible,PUMA ENERGY Puma CAPIATA,Diego Lopez casi Curupayty - Capiatá,,,,,,https://www.ueno.com.py/wp-content/uploads/2026/08/Beneficio-de-Reintegro-COMBUSTIBLES-_-SEP-2026v5.pdf
loc-ueno-d5e10d03ce,ueno bank,Combustible,PUMA ENERGY Puma CAPIATA,JOSE ASUNCION FLORES Y ADAN RAMIREZ,,,,,,https://www.ueno.com.py/wp-content/uploads/2026/08/Beneficio-de-Reintegro-COMBUSTIBLES-_-SEP-2026v5.pdf
loc-ueno-978cfc13b5,ueno bank,Combustible,PUMA ENERGY Puma CENTRAL,Avenida defensores del chaco y Azahares,,,,,,https://www.ueno.com.py/wp-content/uploads/2026/08/Beneficio-de-Reintegro-COMBUSTIBLES-_-SEP-2026v5.pdf
loc-ueno-c723187636,ueno bank,Combustible,PUMA ENERGY Puma CENTRAL,Avda. Manuel Ortiz Guerrero antes de la entrada al Cerro Ñemby,,,,,,https://www.ueno.com.py/wp-content/uploads/2026/08/Beneficio-de-Reintegro-COMBUSTIBLES-_-SEP-2026v5.pdf
loc-ueno-76aa0d0796,ueno bank,Combustible,PUMA ENERGY Puma CENTRAL,Ruta Luque Limpio - 4 vientos,,,,,,https://www.ueno.com.py/wp-content/uploads/2026/08/Beneficio-de-Reintegro-COMBUSTIBLES-_-SEP-2026v5.pdf
loc-ueno-977fbd5731,ueno bank,Combustible,PUMA ENERGY Puma CENTRAL,Avenida San José 817. LIMPIO,,,,,,https://www.ueno.com.py/wp-content/uploads/2026/08/Beneficio-de-Reintegro-COMBUSTIBLES-_-SEP-2026v5.pdf
loc-ueno-aed9c6959a,ueno bank,Combustible,PUMA ENERGY Puma CENTRAL,Avda. Cacique Lambare Esq. Panchito López - Lambare,,,,,,https://www.ueno.com.py/wp-content/uploads/2026/08/Beneficio-de-Reintegro-COMBUSTIBLES-_-SEP-2026v5.pdf
loc-ueno-598e268e6c,ueno bank,Combustible,PUMA ENERGY Puma CENTRAL,Tte. Beniigno gonzalez esq. Rojas Silva - Luque,,,,,,https://www.ueno.com.py/wp-content/uploads/2026/08/Beneficio-de-Reintegro-COMBUSTIBLES-_-SEP-2026v5.pdf
loc-ueno-e2126215cf,ueno bank,Combustible,PUMA ENERGY Puma CENTRAL,Avenida Las residentas - Aregua,,,,,,https://www.ueno.com.py/wp-content/uploads/2026/08/Beneficio-de-Reintegro-COMBUSTIBLES-_-SEP-2026v5.pdf
loc-ueno-053bede5fc,ueno bank,Combustible,PUMA ENERGY Puma CENTRAL,JULIO MIRANDA CUETO Y CARLOS ANTONIO LOPEZ,,,,,,https://www.ueno.com.py/wp-content/uploads/2026/08/Beneficio-de-Reintegro-COMBUSTIBLES-_-SEP-2026v5.pdf
loc-ueno-64a9272423,ueno bank,Combustible,PUMA ENERGY Puma CENTRAL,AVDA. FERNANDO DE LA MORA Y TTE. ROLON VIERA,,,,,,https://www.ueno.com.py/wp-content/uploads/2026/08/Beneficio-de-Reintegro-COMBUSTIBLES-_-SEP-2026v5.pdf
loc-ueno-75829ef617,ueno bank,Combustible,PUMA ENERGY Puma CIUDAD DEL ESTE,Primero de mayo casi Guillermo Arias- CDE,,,,,,https://www.ueno.com.py/wp-content/uploads/2026/08/Beneficio-de-Reintegro-COMBUSTIBLES-_-SEP-2026v5.pdf
loc-ueno-b45f51511e,ueno bank,Combustible,PUMA ENERGY Puma CIUDAD DEL ESTE,ALEJO GARCIA Y SGTO RIVAS ORTELLADO - BO. CATEDRAL,,,,,,https://www.ueno.com.py/wp-content/uploads/2026/08/Beneficio-de-Reintegro-COMBUSTIBLES-_-SEP-2026v5.pdf
loc-ueno-55bcc319d1,ueno bank,Combustible,PUMA ENERGY Puma CIUDAD DEL ESTE,Avda. Bernardino Caballero entre Av. América y Julio Correa,,,,,,https://www.ueno.com.py/wp-content/uploads/2026/08/Beneficio-de-Reintegro-COMBUSTIBLES-_-SEP-2026v5.pdf
loc-ueno-3dd5b2068c,ueno bank,Combustible,PUMA ENERGY Puma CONCEPCION,"FINCA N° 12.943, LUGAR DENOMINADO ABASTO CUE. CONCEPCIÓN",,,,,,https://www.ueno.com.py/wp-content/uploads/2026/08/Beneficio-de-Reintegro-COMBUSTIBLES-_-SEP-2026v5.pdf
loc-ueno-40e1571387,ueno bank,Combustible,PUMA ENERGY Puma COORDILLERA,"Cruce Ramal Piribebuy, Ruta PY 02 y Ruta Paraguari",,,,,,https://www.ueno.com.py/wp-content/uploads/2026/08/Beneficio-de-Reintegro-COMBUSTIBLES-_-SEP-2026v5.pdf
loc-ueno-1421669c11,ueno bank,Combustible,PUMA ENERGY Puma CORDILLERA,Ruta 2 km 75 - Eusebio Ayala,,,,,,https://www.ueno.com.py/wp-content/uploads/2026/08/Beneficio-de-Reintegro-COMBUSTIBLES-_-SEP-2026v5.pdf
loc-ueno-68ea67d626,ueno bank,Combustible,PUMA ENERGY Puma CORDILLERA,Ruta 3 Km 61 - Arroyos y Esteros,,,,,,https://www.ueno.com.py/wp-content/uploads/2026/08/Beneficio-de-Reintegro-COMBUSTIBLES-_-SEP-2026v5.pdf
loc-ueno-6e43bd91a0,ueno bank,Combustible,PUMA ENERGY Puma CRUCE GUARANI,"RUTA 3 LAS RESIDENTAS, KM. 340 - CRUCE GUARANI",,,,,,https://www.ueno.com.py/wp-content/uploads/2026/08/Beneficio-de-Reintegro-COMBUSTIBLES-_-SEP-2026v5.pdf
loc-ueno-10f814a181,ueno bank,Combustible,PUMA ENERGY Puma Capiibary,Ruta D06 CAPIIBARY SAN PEDRO,,,,,,https://www.ueno.com.py/wp-content/uploads/2026/08/Beneficio-de-Reintegro-COMBUSTIBLES-_-SEP-2026v5.pdf
loc-ueno-7a16b0746c,ueno bank,Combustible,PUMA ENERGY Puma Curuguaty,Avda 14 de Mayo y Silvio Petirossi,,,,,,https://www.ueno.com.py/wp-content/uploads/2026/08/Beneficio-de-Reintegro-COMBUSTIBLES-_-SEP-2026v5.pdf
loc-ueno-dcde29b9bc,ueno bank,Combustible,PUMA ENERGY Puma DISTRITO DE CURUGUATY,Defensores del Chaco y Eligio Ayala,,,,,,https://www.ueno.com.py/wp-content/uploads/2026/08/Beneficio-de-Reintegro-COMBUSTIBLES-_-SEP-2026v5.pdf
loc-ueno-6b35f2eaf8,ueno bank,Combustible,PUMA ENERGY Puma DISTRITO DE KATUETE,Ruta 3 km 150 - Santani,,,,,,https://www.ueno.com.py/wp-content/uploads/2026/08/Beneficio-de-Reintegro-COMBUSTIBLES-_-SEP-2026v5.pdf
loc-ueno-cb99701eef,ueno bank,Combustible,PUMA ENERGY Puma ENCARNACIÓN,Avenida Irrazabal esq. General Cabañas - Encarnacion,,,,,,https://www.ueno.com.py/wp-content/uploads/2026/08/Beneficio-de-Reintegro-COMBUSTIBLES-_-SEP-2026v5.pdf
loc-ueno-f4b6548c5d,ueno bank,Combustible,PUMA ENERGY Puma ENCARNACIÓN,Ruta 1 km 12,,,,,,https://www.ueno.com.py/wp-content/uploads/2026/08/Beneficio-de-Reintegro-COMBUSTIBLES-_-SEP-2026v5.pdf
loc-ueno-a21f27abf2,ueno bank,Combustible,PUMA ENERGY Puma ENCARNACIÓN,Ruta 6 Km 2 - Entrada Chaipe,,,,,,https://www.ueno.com.py/wp-content/uploads/2026/08/Beneficio-de-Reintegro-COMBUSTIBLES-_-SEP-2026v5.pdf
loc-ueno-3798ba181c,ueno bank,Combustible,PUMA ENERGY Puma HERNANDARIAS,Km. 2 Supercarretera c/ Avda. Rodrigues de Francia - Hernandarias,,,,,,https://www.ueno.com.py/wp-content/uploads/2026/08/Beneficio-de-Reintegro-COMBUSTIBLES-_-SEP-2026v5.pdf
loc-ueno-99fa997522,ueno bank,Combustible,PUMA ENERGY Puma HOHENAU,Hohenau- ruta 6 km 38,,,,,,https://www.ueno.com.py/wp-content/uploads/2026/08/Beneficio-de-Reintegro-COMBUSTIBLES-_-SEP-2026v5.pdf
loc-ueno-d671239956,ueno bank,Combustible,PUMA ENERGY Puma ITAPUA,RUTA 1 KM 202,,,,,,https://www.ueno.com.py/wp-content/uploads/2026/08/Beneficio-de-Reintegro-COMBUSTIBLES-_-SEP-2026v5.pdf
loc-ueno-522010f4d7,ueno bank,Combustible,PUMA ENERGY Puma ITAPUA,Avenida Caballero casi Avd. Irrazabal - Encarnacion,,,,,,https://www.ueno.com.py/wp-content/uploads/2026/08/Beneficio-de-Reintegro-COMBUSTIBLES-_-SEP-2026v5.pdf
loc-ueno-320ae1bc65,ueno bank,Combustible,PUMA ENERGY Puma ITAPUA,Ciudad de Natalio - Dpto de Itapua - Triunfo KM13,,,,,,https://www.ueno.com.py/wp-content/uploads/2026/08/Beneficio-de-Reintegro-COMBUSTIBLES-_-SEP-2026v5.pdf
loc-ueno-70174ad43a,ueno bank,Combustible,PUMA ENERGY Puma Juan O leary,Juan O Leary ruta py,,,,,,https://www.ueno.com.py/wp-content/uploads/2026/08/Beneficio-de-Reintegro-COMBUSTIBLES-_-SEP-2026v5.pdf
loc-ueno-2c4438616d,ueno bank,Combustible,PUMA ENERGY Puma LIMPIO,Ruta 3 km 23 - Limpio,,,,,,https://www.ueno.com.py/wp-content/uploads/2026/08/Beneficio-de-Reintegro-COMBUSTIBLES-_-SEP-2026v5.pdf
loc-ueno-ef2da833da,ueno bank,Combustible,PUMA ENERGY Puma LOMA PYTA,Ruta Trans Chaco y Tte Gadea - Loma Pyta - Asuncion,,,,,,https://www.ueno.com.py/wp-content/uploads/2026/08/Beneficio-de-Reintegro-COMBUSTIBLES-_-SEP-2026v5.pdf
loc-ueno-c82a87d0da,ueno bank,Combustible,PUMA ENERGY Puma LUQUE,"Km. 20 Ruta Yuquyry, Dis. Luque",,,,,,https://www.ueno.com.py/wp-content/uploads/2026/08/Beneficio-de-Reintegro-COMBUSTIBLES-_-SEP-2026v5.pdf
loc-ueno-948c1cae48,ueno bank,Combustible,PUMA ENERGY Puma LUQUE,"Ruta Luque - Aregua y De las Residentas, Barrio Ycua Duré - Luque",,,,,,https://www.ueno.com.py/wp-content/uploads/2026/08/Beneficio-de-Reintegro-COMBUSTIBLES-_-SEP-2026v5.pdf
loc-ueno-c8fa97e5ff,ueno bank,Combustible,PUMA ENERGY Puma MARIA AUXILIADORA,KM 117 RUTA N° 6,,,,,,https://www.ueno.com.py/wp-content/uploads/2026/08/Beneficio-de-Reintegro-COMBUSTIBLES-_-SEP-2026v5.pdf
loc-ueno-fc60a34a02,ueno bank,Combustible,PUMA ENERGY Puma MINGA GUAZU,Ruta 7 Km. 30 - Minga Guazu,,,,,,https://www.ueno.com.py/wp-content/uploads/2026/08/Beneficio-de-Reintegro-COMBUSTIBLES-_-SEP-2026v5.pdf
loc-ueno-11d77c42b4,ueno bank,Combustible,PUMA ENERGY Puma PARAGUARI,"Ruta 1 km 61,5 - Paraguari",,,,,,https://www.ueno.com.py/wp-content/uploads/2026/08/Beneficio-de-Reintegro-COMBUSTIBLES-_-SEP-2026v5.pdf
loc-ueno-ee3c3e2b0e,ueno bank,Combustible,PUMA ENERGY Puma PARAGUARI,Ruta Acahay- La Colmena km 120,,,,,,https://www.ueno.com.py/wp-content/uploads/2026/08/Beneficio-de-Reintegro-COMBUSTIBLES-_-SEP-2026v5.pdf
loc-ueno-4a77455f6d,ueno bank,Combustible,PUMA ENERGY Puma PARAGUARI,CALLE OCCIDENTAL Y DEFENSORES DEL CHACO,,,,,,https://www.ueno.com.py/wp-content/uploads/2026/08/Beneficio-de-Reintegro-COMBUSTIBLES-_-SEP-2026v5.pdf
loc-ueno-f0b55d3fd3,ueno bank,Combustible,PUMA ENERGY Puma PARAGUARI,"Calle Colón Sinforino Rodriguez, Carapegua",,,,,,https://www.ueno.com.py/wp-content/uploads/2026/08/Beneficio-de-Reintegro-COMBUSTIBLES-_-SEP-2026v5.pdf
loc-ueno-2cd4a13bfd,ueno bank,Combustible,PUMA ENERGY Puma PARAGUARI,"Ruta Carapegua - Acahay - Calle Tte. Rogelio Cardozo y Mons. Bogarin, Km 100 Acahay",,,,,,https://www.ueno.com.py/wp-content/uploads/2026/08/Beneficio-de-Reintegro-COMBUSTIBLES-_-SEP-2026v5.pdf
loc-ueno-97eb532de5,ueno bank,Combustible,PUMA ENERGY Puma PTE FRANCO,AVDA MONDAY KM.5 - PTE. FRANCO,,,,,,https://www.ueno.com.py/wp-content/uploads/2026/08/Beneficio-de-Reintegro-COMBUSTIBLES-_-SEP-2026v5.pdf
loc-ueno-1dc6d3be3b,ueno bank,Combustible,PUMA ENERGY Puma Paraná Service,Silvio Pettirossi y Córdoba,,,,,,https://www.ueno.com.py/wp-content/uploads/2026/08/Beneficio-de-Reintegro-COMBUSTIBLES-_-SEP-2026v5.pdf
loc-ueno-8445891cf2,ueno bank,Combustible,PUMA ENERGY Puma RIO VERDE,"Km. 275, Ruta 3 Colonia Rio Verde",,,,,,https://www.ueno.com.py/wp-content/uploads/2026/08/Beneficio-de-Reintegro-COMBUSTIBLES-_-SEP-2026v5.pdf
loc-ueno-2130eef0a8,ueno bank,Combustible,PUMA ENERGY Puma SAN LORENZO,Avenida Mariscal Lopez - Shopping Pinedo,,,,,,https://www.ueno.com.py/wp-content/uploads/2026/08/Beneficio-de-Reintegro-COMBUSTIBLES-_-SEP-2026v5.pdf
loc-ueno-d2c38c361c,ueno bank,Combustible,PUMA ENERGY Puma Salto del Guairá,Avenida Paraguay Salto del Guaira,,,,,,https://www.ueno.com.py/wp-content/uploads/2026/08/Beneficio-de-Reintegro-COMBUSTIBLES-_-SEP-2026v5.pdf
loc-ueno-2e4f78539d,ueno bank,Combustible,PUMA ENERGY Puma San Antonio Asunción,AV SAN ANTONIO,,,,,,https://www.ueno.com.py/wp-content/uploads/2026/08/Beneficio-de-Reintegro-COMBUSTIBLES-_-SEP-2026v5.pdf
loc-ueno-881c9c45fc,ueno bank,Combustible,PUMA ENERGY Puma San Juan Nepomuceno,Ruta 18 Avda Pai Farina Central,,,,,,https://www.ueno.com.py/wp-content/uploads/2026/08/Beneficio-de-Reintegro-COMBUSTIBLES-_-SEP-2026v5.pdf
loc-ueno-d9ed259a2f,ueno bank,Combustible,PUMA ENERGY Puma San Juan Nepomuceno,Avda PAI FARINA CENTRAL,,,,,,https://www.ueno.com.py/wp-content/uploads/2026/08/Beneficio-de-Reintegro-COMBUSTIBLES-_-SEP-2026v5.pdf
loc-ueno-f6d223ed7f,ueno bank,Combustible,PUMA ENERGY Puma San Rafael Luque,Cap Andres Insfran,,,,,,https://www.ueno.com.py/wp-content/uploads/2026/08/Beneficio-de-Reintegro-COMBUSTIBLES-_-SEP-2026v5.pdf
loc-ueno-5eefa4c43d,ueno bank,Combustible,PUMA ENERGY Puma Santa Maria,Independencia y Dr Francia Misiones Ciudad de Santa Maria,,,,,,https://www.ueno.com.py/wp-content/uploads/2026/08/Beneficio-de-Reintegro-COMBUSTIBLES-_-SEP-2026v5.pdf
loc-ueno-2c68e6accc,ueno bank,Combustible,PUMA ENERGY Puma Soldado Ovelar,Soldado Ovelar c/ Andres Barbero,,,,,,https://www.ueno.com.py/wp-content/uploads/2026/08/Beneficio-de-Reintegro-COMBUSTIBLES-_-SEP-2026v5.pdf
loc-ueno-c646dca2fd,ueno bank,Combustible,PUMA ENERGY Puma Villa Elisa,"Avda Von Poleski e/Ingavi, Bo Mbocayaty - V. Elisa",,,,,,https://www.ueno.com.py/wp-content/uploads/2026/08/Beneficio-de-Reintegro-COMBUSTIBLES-_-SEP-2026v5.pdf
loc-ueno-6a821c22e6,ueno bank,Combustible,PUMA ENERGY Puma Ypacarai,"Ruta 2 km 38, Mcal Estigarribia y Sebastian Gaboto, Ypacarai,",,,,,,https://www.ueno.com.py/wp-content/uploads/2026/08/Beneficio-de-Reintegro-COMBUSTIBLES-_-SEP-2026v5.pdf
loc-ueno-ef8e4dc10f,ueno bank,Combustible,Petromax - Tosa,"Ruta 12 km 3,5 Villa Hayes",,,,,,https://www.ueno.com.py/wp-content/uploads/2026/08/Beneficio-de-Reintegro-COMBUSTIBLES-_-SEP-2026v5.pdf
loc-ueno-ab594e9960,ueno bank,Combustible,Petromax Artigas,"Avda. Artigas y Venezuela, Asunción",,,,,,https://www.ueno.com.py/wp-content/uploads/2026/08/Beneficio-de-Reintegro-COMBUSTIBLES-_-SEP-2026v5.pdf
loc-ueno-ce4dfb92a9,ueno bank,Combustible,Petromax Artigas,Artigas y Venezuela,,,,,,https://www.ueno.com.py/wp-content/uploads/2026/08/Beneficio-de-Reintegro-COMBUSTIBLES-_-SEP-2026v5.pdf
loc-ueno-67e9d88742,ueno bank,Combustible,Petromax Bella Vista Sur,Avda. Marcial Samaniego,,,,,,https://www.ueno.com.py/wp-content/uploads/2026/08/Beneficio-de-Reintegro-COMBUSTIBLES-_-SEP-2026v5.pdf
loc-ueno-44c0e7b45b,ueno bank,Combustible,Petromax Boggiani,Avda. Boggiani y Teresa Lamas Carissimo,,,,,,https://www.ueno.com.py/wp-content/uploads/2026/08/Beneficio-de-Reintegro-COMBUSTIBLES-_-SEP-2026v5.pdf
loc-ueno-280f062210,ueno bank,Combustible,Petromax CDE,"Dr. José Gaspar Rodríguez de Francia, RUTA 2 KM 303 Minga Guazú",,,,,,https://www.ueno.com.py/wp-content/uploads/2026/08/Beneficio-de-Reintegro-COMBUSTIBLES-_-SEP-2026v5.pdf
loc-ueno-8a3c360989,ueno bank,Combustible,Petromax CDE Abasto,"Avda. Defensores del Chaco 1512, Abasto, Ciudad del Este",,,,,,https://www.ueno.com.py/wp-content/uploads/2026/08/Beneficio-de-Reintegro-COMBUSTIBLES-_-SEP-2026v5.pdf
loc-ueno-41d3c8259a,ueno bank,Combustible,Petromax CDE II,Bernardino Caballero y Luis A. Del Parana,,,,,,https://www.ueno.com.py/wp-content/uploads/2026/08/Beneficio-de-Reintegro-COMBUSTIBLES-_-SEP-2026v5.pdf
loc-ueno-7d79a32292,ueno bank,Combustible,Petromax CDE Remansito,Ruta 9 Dr. Carlos Antonio Lopez (Transchaco) Km. 25 1/2,,,,,,https://www.ueno.com.py/wp-content/uploads/2026/08/Beneficio-de-Reintegro-COMBUSTIBLES-_-SEP-2026v5.pdf
loc-ueno-65f24fab2f,ueno bank,Combustible,Petromax CDE Riquelme,Bernardino Caballero y Luis A. Del Parana,,,,,,https://www.ueno.com.py/wp-content/uploads/2026/08/Beneficio-de-Reintegro-COMBUSTIBLES-_-SEP-2026v5.pdf
loc-ueno-4235461608,ueno bank,Combustible,Petromax Caaguazú,"Ruta Caaguazú - Repatriación,",,,,,,https://www.ueno.com.py/wp-content/uploads/2026/08/Beneficio-de-Reintegro-COMBUSTIBLES-_-SEP-2026v5.pdf
loc-ueno-dea7e98beb,ueno bank,Combustible,Petromax Capiata,"Avda. Dr. López km 23, Ruta 2, Capiatá",,,,,,https://www.ueno.com.py/wp-content/uploads/2026/08/Beneficio-de-Reintegro-COMBUSTIBLES-_-SEP-2026v5.pdf
loc-ueno-333f3f2de6,ueno bank,Combustible,Petromax Capiatá,"Calle Pedro Lopez Godoy, que une Ruta 2 y Ruta 1",,,,,,https://www.ueno.com.py/wp-content/uploads/2026/08/Beneficio-de-Reintegro-COMBUSTIBLES-_-SEP-2026v5.pdf
loc-ueno-d2cf2aa0d4,ueno bank,Combustible,Petromax Capiatá II,San Pedro c/ Virgen de Caacupé,,,,,,https://www.ueno.com.py/wp-content/uploads/2026/08/Beneficio-de-Reintegro-COMBUSTIBLES-_-SEP-2026v5.pdf
loc-ueno-768ab3f5a9,ueno bank,Combustible,Petromax Centro,"Ruta 7 Dr. Jose G. Rodriguez De Francia, KM. 213,",,,,,,https://www.ueno.com.py/wp-content/uploads/2026/08/Beneficio-de-Reintegro-COMBUSTIBLES-_-SEP-2026v5.pdf
loc-ueno-29c9b2a9bf,ueno bank,Combustible,Petromax Centro II,"Km. 26 Ruta 1,",,,,,,https://www.ueno.com.py/wp-content/uploads/2026/08/Beneficio-de-Reintegro-COMBUSTIBLES-_-SEP-2026v5.pdf
loc-ueno-54a89aa703,ueno bank,Combustible,Petromax Ciervo Cua,Ruta Luque Sanber,,,,,,https://www.ueno.com.py/wp-content/uploads/2026/08/Beneficio-de-Reintegro-COMBUSTIBLES-_-SEP-2026v5.pdf
loc-ueno-39a886977c,ueno bank,Combustible,Petromax Expo,Ruta transchaco km 13 1/2,,,,,,https://www.ueno.com.py/wp-content/uploads/2026/08/Beneficio-de-Reintegro-COMBUSTIBLES-_-SEP-2026v5.pdf
loc-ueno-631870c476,ueno bank,Combustible,Petromax Falcon,PETROMAX - FALCON,,,,,,https://www.ueno.com.py/wp-content/uploads/2026/08/Beneficio-de-Reintegro-COMBUSTIBLES-_-SEP-2026v5.pdf
loc-ueno-1dd663aecf,ueno bank,Combustible,Petromax Itaugua,Felix Fernandez c/ Antolin Irala,,,,,,https://www.ueno.com.py/wp-content/uploads/2026/08/Beneficio-de-Reintegro-COMBUSTIBLES-_-SEP-2026v5.pdf
loc-ueno-d0091cc6eb,ueno bank,Combustible,Petromax J.A. Saldivar,"Avda. Arsenio Vaesken, Julián Augusto Saldívar",,,,,,https://www.ueno.com.py/wp-content/uploads/2026/08/Beneficio-de-Reintegro-COMBUSTIBLES-_-SEP-2026v5.pdf
loc-ueno-ca899fa29c,ueno bank,Combustible,Petromax Loreto,Eusebio Ayala Gral. Marcial Caballero,,,,,,https://www.ueno.com.py/wp-content/uploads/2026/08/Beneficio-de-Reintegro-COMBUSTIBLES-_-SEP-2026v5.pdf
loc-ueno-a596eb0aba,ueno bank,Combustible,Petromax Mcal Lopez,Avda. Mariscal Lopez c/ Ingavi,,,,,,https://www.ueno.com.py/wp-content/uploads/2026/08/Beneficio-de-Reintegro-COMBUSTIBLES-_-SEP-2026v5.pdf
loc-ueno-fab3fc0184,ueno bank,Combustible,Petromax Mcal. Lopez,Mcal Lopez c/ Luis Irrazabal,,,,,,https://www.ueno.com.py/wp-content/uploads/2026/08/Beneficio-de-Reintegro-COMBUSTIBLES-_-SEP-2026v5.pdf
loc-ueno-69ba481ea5,ueno bank,Combustible,Petromax Minga Guazu,"MINGA GUAZU, Mcal. Estigarribia y C. 16 ACARAY",,,,,,https://www.ueno.com.py/wp-content/uploads/2026/08/Beneficio-de-Reintegro-COMBUSTIBLES-_-SEP-2026v5.pdf
loc-ueno-19c8f55849,ueno bank,Combustible,Petromax Minga Guazú,Mcal. Jose F. Estigarribia y C. 16 Acaray,,,,,,https://www.ueno.com.py/wp-content/uploads/2026/08/Beneficio-de-Reintegro-COMBUSTIBLES-_-SEP-2026v5.pdf
loc-ueno-9dc73960b7,ueno bank,Combustible,Petromax Natalio,Natalio 10 FRENTE A A LA ROTONDA,,,,,,https://www.ueno.com.py/wp-content/uploads/2026/08/Beneficio-de-Reintegro-COMBUSTIBLES-_-SEP-2026v5.pdf
loc-ueno-5a93ac67b9,ueno bank,Combustible,Petromax Nueva Asuncion,Estación KM 0 “Nueva Asunción”,,,,,,https://www.ueno.com.py/wp-content/uploads/2026/08/Beneficio-de-Reintegro-COMBUSTIBLES-_-SEP-2026v5.pdf
loc-ueno-bff48e8437,ueno bank,Combustible,Petromax Picaflor,"Ruta PY02 ""Mariscal Jose Felix Estigarribia""",,,,,,https://www.ueno.com.py/wp-content/uploads/2026/08/Beneficio-de-Reintegro-COMBUSTIBLES-_-SEP-2026v5.pdf
loc-ueno-21d07f98a5,ueno bank,Combustible,Petromax Rodo,Mcal. López y Rodo,,,,,,https://www.ueno.com.py/wp-content/uploads/2026/08/Beneficio-de-Reintegro-COMBUSTIBLES-_-SEP-2026v5.pdf
loc-ueno-8c1dc9d3ab,ueno bank,Combustible,Petromax Roma,"Calle Roma, entre Independencia Nacional y Nuestra Señora de la Asunción",,,,,,https://www.ueno.com.py/wp-content/uploads/2026/08/Beneficio-de-Reintegro-COMBUSTIBLES-_-SEP-2026v5.pdf
loc-ueno-d0bb64d6ac,ueno bank,Combustible,Petromax San Antonio,Ruta Acceso Sur y Pai Americo Ferreira. Fraccion Puerta Del Sol,,,,,,https://www.ueno.com.py/wp-content/uploads/2026/08/Beneficio-de-Reintegro-COMBUSTIBLES-_-SEP-2026v5.pdf
loc-ueno-c3706c619e,ueno bank,Combustible,Petromax Talavera,Avda. Mcal López esquina Talavera,,,,,,https://www.ueno.com.py/wp-content/uploads/2026/08/Beneficio-de-Reintegro-COMBUSTIBLES-_-SEP-2026v5.pdf
loc-ueno-a784f8c340,ueno bank,Combustible,Petromax Terminal,Zona Terminal de Ómnibus de Asunción,,,,,,https://www.ueno.com.py/wp-content/uploads/2026/08/Beneficio-de-Reintegro-COMBUSTIBLES-_-SEP-2026v5.pdf
loc-ueno-23cc8590a2,ueno bank,Combustible,Petromax Terminal,Republica Argentina y Caaguazu,,,,,,https://www.ueno.com.py/wp-content/uploads/2026/08/Beneficio-de-Reintegro-COMBUSTIBLES-_-SEP-2026v5.pdf
loc-ueno-c432b2f099,ueno bank,Combustible,Petromax Ñemby,"Ruta Acceso Sur esq. Pratt Gill, Barrio Pa’i Ñu, Ñemby",,,,,,https://www.ueno.com.py/wp-content/uploads/2026/08/Beneficio-de-Reintegro-COMBUSTIBLES-_-SEP-2026v5.pdf
loc-ueno-7e81b97051,ueno bank,Combustible,Petromax Ñemby,Sta. Rosa - Camino a Salinas,,,,,,https://www.ueno.com.py/wp-content/uploads/2026/08/Beneficio-de-Reintegro-COMBUSTIBLES-_-SEP-2026v5.pdf
loc-ueno-4a42901342,ueno bank,Combustible,PETROPAR ABAÍ,AVDA. CÉSAR SANTIAGO MOREL ESQ. PROF. ANASTACIA A. ALFONSO,ABAÍ,,,,,https://www.ueno.com.py/wp-content/uploads/2026/08/Promocion-Reintegro-Petropar-_-SEP-2026v3.pdf
loc-ueno-599a65977f,ueno bank,Combustible,PETROPAR ANTEQUERA,"AVENIDA COSTANERA Y JOSÉ DE ANTEQUERA, BARRIO SAN ROQUE",ANTEQUERA,,,,,https://www.ueno.com.py/wp-content/uploads/2026/08/Promocion-Reintegro-Petropar-_-SEP-2026v3.pdf
loc-ueno-75c8e861a3,ueno bank,Combustible,PETROPAR AREGUA,PETROPAR AREGUA DE LA CANDELARIA ESQ EEUU,AREGUA,,,,,https://www.ueno.com.py/wp-content/uploads/2026/08/Promocion-Reintegro-Petropar-_-SEP-2026v3.pdf
loc-ueno-a526053a0d,ueno bank,Combustible,PETROPAR ARROYITO,RUTA N°5 BERNARDINO CABALLERO KM 74,ARROYITO,,,,,https://www.ueno.com.py/wp-content/uploads/2026/08/Promocion-Reintegro-Petropar-_-SEP-2026v3.pdf
loc-ueno-71c0c486f9,ueno bank,Combustible,PETROPAR ARROYOS Y ESTEROS,"RUTA III GENERAL ELIZARDO AQUINO, KM. 61",ARROYOS Y ESTEROS,,,,,https://www.ueno.com.py/wp-content/uploads/2026/08/Promocion-Reintegro-Petropar-_-SEP-2026v3.pdf
loc-ueno-3d232c9c99,ueno bank,Combustible,PETROPAR TROCHE G SA ASUNCIÓN,Ruta Juan Ramon Chavez,ASUNCION,,,,,https://www.ueno.com.py/wp-content/uploads/2026/08/Promocion-Reintegro-Petropar-_-SEP-2026v3.pdf
loc-ueno-a20444dc9c,ueno bank,Combustible,PETROPAR 5TA AVENIDA,AVDA. FRANCISCO ACUÑA DE FIGUEROA ESQ. AVDA. ESTADOS UNIDOS,ASUNCIÓN,,,,,https://www.ueno.com.py/wp-content/uploads/2026/08/Promocion-Reintegro-Petropar-_-SEP-2026v3.pdf
loc-ueno-30b60684df,ueno bank,Combustible,PETROPAR APP ASUNCIÓN,PIRIBEBUY ESQ. ALBERDI,ASUNCIÓN,,,,,https://www.ueno.com.py/wp-content/uploads/2026/08/Promocion-Reintegro-Petropar-_-SEP-2026v3.pdf
loc-ueno-013373c4a3,ueno bank,Combustible,PETROPAR APP ASUNCIÓN,AUTOPISTA ÑU GUAZÚ A 300 MTS DEL COMITÉ OLIMPICO PARAGUAYO,ASUNCIÓN,,,,,https://www.ueno.com.py/wp-content/uploads/2026/08/Promocion-Reintegro-Petropar-_-SEP-2026v3.pdf
loc-ueno-3cde41be0e,ueno bank,Combustible,PETROPAR APP ASUNCIÓN,LUIS A. DE HERRERA ESQ. CURUPAYTY,ASUNCIÓN,,,,,https://www.ueno.com.py/wp-content/uploads/2026/08/Promocion-Reintegro-Petropar-_-SEP-2026v3.pdf
loc-ueno-0a8315f62d,ueno bank,Combustible,PETROPAR APP ASUNCIÓN,CAPITAN ARANDA Y ARSENALES BARRIO SAJONIA,ASUNCIÓN,,,,,https://www.ueno.com.py/wp-content/uploads/2026/08/Promocion-Reintegro-Petropar-_-SEP-2026v3.pdf
loc-ueno-3ed521a132,ueno bank,Combustible,PETROPAR APP ASUNCIÓN,AVDA. FRANCISCO ACUÑA DE FIGUEROA ESQ. AVDA. ESTADOS UNIDOS,ASUNCIÓN,,,,,https://www.ueno.com.py/wp-content/uploads/2026/08/Promocion-Reintegro-Petropar-_-SEP-2026v3.pdf
loc-ueno-5ea11b63e6,ueno bank,Combustible,PETROPAR APP ASUNCIÓN,HERNANDARIAS ESQ. ESTRELLA,ASUNCIÓN,,,,,https://www.ueno.com.py/wp-content/uploads/2026/08/Promocion-Reintegro-Petropar-_-SEP-2026v3.pdf
loc-ueno-8f317171ac,ueno bank,Combustible,PETROPAR APP ASUNCIÓN,AVENIDA DEFENSORES DEL CHACO ESQ. PYCASU,ASUNCIÓN,,,,,https://www.ueno.com.py/wp-content/uploads/2026/08/Promocion-Reintegro-Petropar-_-SEP-2026v3.pdf
loc-ueno-62b9555af7,ueno bank,Combustible,PETROPAR APP ASUNCIÓN,TENIENTE FARIÑA Y PARAGUARÍ,ASUNCIÓN,,,,,https://www.ueno.com.py/wp-content/uploads/2026/08/Promocion-Reintegro-Petropar-_-SEP-2026v3.pdf
loc-ueno-8e8379780b,ueno bank,Combustible,PETROPAR APP ASUNCIÓN,JAPÓN Y DESIDERIO VILLALÓN,ASUNCIÓN,,,,,https://www.ueno.com.py/wp-content/uploads/2026/08/Promocion-Reintegro-Petropar-_-SEP-2026v3.pdf
loc-ueno-82ff1e71b5,ueno bank,Combustible,PETROPAR APP ASUNCIÓN,AVENIDA DR. FELIPE MOLAS LÓPEZ ESQ. LORENZO PÉREZ VELLOSO,ASUNCIÓN,,,,,https://www.ueno.com.py/wp-content/uploads/2026/08/Promocion-Reintegro-Petropar-_-SEP-2026v3.pdf
loc-ueno-a448e11e4c,ueno bank,Combustible,PETROPAR AVDA. JAPÓN,JAPÓN Y DESIDERIO VILLALÓN,ASUNCIÓN,,,,,https://www.ueno.com.py/wp-content/uploads/2026/08/Promocion-Reintegro-Petropar-_-SEP-2026v3.pdf
loc-ueno-c6c767ae80,ueno bank,Combustible,PETROPAR BAHIA-ALBERDI,PIRIBEBUY ESQ. ALBERDI,ASUNCIÓN,,,,,https://www.ueno.com.py/wp-content/uploads/2026/08/Promocion-Reintegro-Petropar-_-SEP-2026v3.pdf
loc-ueno-d502bbf9d0,ueno bank,Combustible,PETROPAR CURUPAYTY,LUIS A. DE HERRERA ESQ. CURUPAYTY,ASUNCIÓN,,,,,https://www.ueno.com.py/wp-content/uploads/2026/08/Promocion-Reintegro-Petropar-_-SEP-2026v3.pdf
loc-ueno-40a7a578c2,ueno bank,Combustible,PETROPAR EMPENAROL,HERNANDARIAS ESQ. ESTRELLA,ASUNCIÓN,,,,,https://www.ueno.com.py/wp-content/uploads/2026/08/Promocion-Reintegro-Petropar-_-SEP-2026v3.pdf
loc-ueno-17d84bf37a,ueno bank,Combustible,PETROPAR MOLAS LÓPEZ,AVENIDA DR. FELIPE MOLAS LÓPEZ ESQ. LORENZO PÉREZ VELLOSO,ASUNCIÓN,,,,,https://www.ueno.com.py/wp-content/uploads/2026/08/Promocion-Reintegro-Petropar-_-SEP-2026v3.pdf
loc-ueno-1e27ad2dd3,ueno bank,Combustible,PETROPAR PERÓN,"AVDA. PERÓN Y CALLE 3, SANTA MARÍA DE LA ASUNCIÓN",ASUNCIÓN,,,,,https://www.ueno.com.py/wp-content/uploads/2026/08/Promocion-Reintegro-Petropar-_-SEP-2026v3.pdf
loc-ueno-4f5f773b9f,ueno bank,Combustible,PETROPAR SAJONIA,CAPITAN ARANDA Y ARSENALES BARRIO SAJONIA,ASUNCIÓN,,,,,https://www.ueno.com.py/wp-content/uploads/2026/08/Promocion-Reintegro-Petropar-_-SEP-2026v3.pdf
loc-ueno-41c38670d8,ueno bank,Combustible,PETROPAR TERMINAL,AVDA. FDO. DE LA MORA C/ YVAPURÚ,ASUNCIÓN,,,,,https://www.ueno.com.py/wp-content/uploads/2026/08/Promocion-Reintegro-Petropar-_-SEP-2026v3.pdf
loc-ueno-82e2f39517,ueno bank,Combustible,PETROPAR TTE FARINA,TENIENTE FARIÑA Y PARAGUARÍ,ASUNCIÓN,,,,,https://www.ueno.com.py/wp-content/uploads/2026/08/Promocion-Reintegro-Petropar-_-SEP-2026v3.pdf
loc-ueno-8f85b8a5a8,ueno bank,Combustible,PETROPAR ÑU GUASU,AUTOPISTA ÑU GUAZÚ A 300 MTS DEL COMITÉ OLÍMPICO PARAGUAYO,ASUNCIÓN,,,,,https://www.ueno.com.py/wp-content/uploads/2026/08/Promocion-Reintegro-Petropar-_-SEP-2026v3.pdf
loc-ueno-9430bb57af,ueno bank,Combustible,PETROPAR ATYRA,AVDA. SAN ANTONIO CASI YGATIMI,ATYRA,,,,,https://www.ueno.com.py/wp-content/uploads/2026/08/Promocion-Reintegro-Petropar-_-SEP-2026v3.pdf
loc-ueno-c0d5746c43,ueno bank,Combustible,PETROPAR AYOLAS,"AVENIDA ARARY, VILLA PERMANENTE",AYOLAS,,,,,https://www.ueno.com.py/wp-content/uploads/2026/08/Promocion-Reintegro-Petropar-_-SEP-2026v3.pdf
loc-ueno-d3e3339ae2,ueno bank,Combustible,ENEX ARROYOS Y ESTEROS,Ruta 3 Elizardo Aquino km 68,Arroyos,,,,,https://www.ueno.com.py/wp-content/uploads/2026/08/Beneficio-de-Reintegro-COMBUSTIBLES-_-SEP-2026v5.pdf
loc-ueno-10c82d9c29,ueno bank,Combustible,Copetrol 25 de Mayo,Avda. 25 de Mayo esq. Choferes del Chaco,Asunción,,,,,https://www.ueno.com.py/wp-content/uploads/2026/08/Beneficio-de-Reintegro-COMBUSTIBLES-_-SEP-2026v5.pdf
loc-ueno-23463bb256,ueno bank,Combustible,Copetrol Artigas,Av. Artigas esq. La Candelaria,Asunción,,,,,https://www.ueno.com.py/wp-content/uploads/2026/08/Beneficio-de-Reintegro-COMBUSTIBLES-_-SEP-2026v5.pdf
loc-ueno-23942b706b,ueno bank,Combustible,Copetrol Botánico,Av. 1er. Presidente esq. Yrendague,Asunción,,,,,https://www.ueno.com.py/wp-content/uploads/2026/08/Beneficio-de-Reintegro-COMBUSTIBLES-_-SEP-2026v5.pdf
loc-ueno-1f4980cd9a,ueno bank,Combustible,Copetrol Colón,Av. Colón esq. Gral. Díaz,Asunción,,,,,https://www.ueno.com.py/wp-content/uploads/2026/08/Beneficio-de-Reintegro-COMBUSTIBLES-_-SEP-2026v5.pdf
loc-ueno-d10347cdac,ueno bank,Combustible,Copetrol Facundo Machain,Facundo Machain y RI 18 Pitiantuta,Asunción,,,,,https://www.ueno.com.py/wp-content/uploads/2026/08/Beneficio-de-Reintegro-COMBUSTIBLES-_-SEP-2026v5.pdf
loc-ueno-f1e5f46154,ueno bank,Combustible,Copetrol Ferrocarril,Av. Mcal. Lopez e/ Caballero y Mexico,Asunción,,,,,https://www.ueno.com.py/wp-content/uploads/2026/08/Beneficio-de-Reintegro-COMBUSTIBLES-_-SEP-2026v5.pdf
loc-ueno-8ed5cf50b5,ueno bank,Combustible,Copetrol Jose A. Flores,Av. Kubistchek y JAF,Asunción,,,,,https://www.ueno.com.py/wp-content/uploads/2026/08/Beneficio-de-Reintegro-COMBUSTIBLES-_-SEP-2026v5.pdf
loc-ueno-e7752ab840,ueno bank,Combustible,Copetrol Maitei,Av. Madame L. esq. Tte. Victor Valdez,Asunción,,,,,https://www.ueno.com.py/wp-content/uploads/2026/08/Beneficio-de-Reintegro-COMBUSTIBLES-_-SEP-2026v5.pdf
loc-ueno-314548489a,ueno bank,Combustible,Copetrol Mcal.Lopez,Av. Mcal. López esq. Madame Lynch,Asunción,,,,,https://www.ueno.com.py/wp-content/uploads/2026/08/Beneficio-de-Reintegro-COMBUSTIBLES-_-SEP-2026v5.pdf
loc-ueno-089c99de7e,ueno bank,Combustible,Copetrol República Argentina,Av. República Argentina casi Indio Francisco,Asunción,,,,,https://www.ueno.com.py/wp-content/uploads/2026/08/Beneficio-de-Reintegro-COMBUSTIBLES-_-SEP-2026v5.pdf
loc-ueno-5b97b06ae4,ueno bank,Combustible,Copetrol Sajonia,Dr. Paiva c/ Dr. Montero,Asunción,,,,,https://www.ueno.com.py/wp-content/uploads/2026/08/Beneficio-de-Reintegro-COMBUSTIBLES-_-SEP-2026v5.pdf
loc-ueno-f715cc1c82,ueno bank,Combustible,Copetrol Villa Morra,Mcal. Lopez y San Martin,Asunción,,,,,https://www.ueno.com.py/wp-content/uploads/2026/08/Beneficio-de-Reintegro-COMBUSTIBLES-_-SEP-2026v5.pdf
loc-ueno-69ef086ac0,ueno bank,Combustible,ENEX ACCESO SUR,Acceso sur esq. Perpetuo socorro,Asunción,,,,,https://www.ueno.com.py/wp-content/uploads/2026/08/Beneficio-de-Reintegro-COMBUSTIBLES-_-SEP-2026v5.pdf
loc-ueno-844d53d559,ueno bank,Combustible,ENEX ARTIGAS,Avda. Artigas esq. Solano López,Asunción,,,,,https://www.ueno.com.py/wp-content/uploads/2026/08/Beneficio-de-Reintegro-COMBUSTIBLES-_-SEP-2026v5.pdf
loc-ueno-6ba56dc834,ueno bank,Combustible,ENEX B.CABALLERO,Avda. Bernardino Caballero esq. Teodoro S Mongelos,Asunción,,,,,https://www.ueno.com.py/wp-content/uploads/2026/08/Beneficio-de-Reintegro-COMBUSTIBLES-_-SEP-2026v5.pdf
loc-ueno-bec09a24ab,ueno bank,Combustible,ENEX BRASILIA,"Avda. Mariscal López esquina Brasilia, Asunción",Asunción,,,,,https://www.ueno.com.py/wp-content/uploads/2026/08/Beneficio-de-Reintegro-COMBUSTIBLES-_-SEP-2026v5.pdf
loc-ueno-06f5039a01,ueno bank,Combustible,ENEX FELIX BOGADO,Avda. Félix Bogado esq. Madrinas del Chaco,Asunción,,,,,https://www.ueno.com.py/wp-content/uploads/2026/08/Beneficio-de-Reintegro-COMBUSTIBLES-_-SEP-2026v5.pdf
loc-ueno-efc7a2b282,ueno bank,Combustible,ENEX LEOPARDI,Avda. Mariscal Estigarribia esq. Juan Leopardi,Asunción,,,,,https://www.ueno.com.py/wp-content/uploads/2026/08/Beneficio-de-Reintegro-COMBUSTIBLES-_-SEP-2026v5.pdf
loc-ueno-10b86055dc,ueno bank,Combustible,ENEX LILLO,Lillo esq. Concejal Vargas,Asunción,,,,,https://www.ueno.com.py/wp-content/uploads/2026/08/Beneficio-de-Reintegro-COMBUSTIBLES-_-SEP-2026v5.pdf
loc-ueno-b5ada75fa2,ueno bank,Combustible,ENEX LUQUE CIT,Ybyturusu esq. Abdón Caballero,Asunción,,,,,https://www.ueno.com.py/wp-content/uploads/2026/08/Beneficio-de-Reintegro-COMBUSTIBLES-_-SEP-2026v5.pdf
loc-ueno-3ee0b66517,ueno bank,Combustible,ENEX PERU Y HERRERA,Avda. Perú esq. Herrera,Asunción,,,,,https://www.ueno.com.py/wp-content/uploads/2026/08/Beneficio-de-Reintegro-COMBUSTIBLES-_-SEP-2026v5.pdf
loc-ueno-7eee8b5451,ueno bank,Combustible,ENEX PRIMER PDTE,Avda. Primer presidente esq. Marcelo Onieva,Asunción,,,,,https://www.ueno.com.py/wp-content/uploads/2026/08/Beneficio-de-Reintegro-COMBUSTIBLES-_-SEP-2026v5.pdf
loc-ueno-679dfdfe11,ueno bank,Combustible,ENEX RCA ARGENTINA,Avda. República Argentina esq. Manuel del Castillo,Asunción,,,,,https://www.ueno.com.py/wp-content/uploads/2026/08/Beneficio-de-Reintegro-COMBUSTIBLES-_-SEP-2026v5.pdf
loc-ueno-d693d5e73e,ueno bank,Combustible,ENEX SACRAMENTO,Avda. España esq. Avda. Sacramento,Asunción,,,,,https://www.ueno.com.py/wp-content/uploads/2026/08/Beneficio-de-Reintegro-COMBUSTIBLES-_-SEP-2026v5.pdf
loc-ueno-e90d207b0c,ueno bank,Combustible,ENEX SANTA TERESA,Avda. Santa Teresa esq. Tacuary,Asunción,,,,,https://www.ueno.com.py/wp-content/uploads/2026/08/Beneficio-de-Reintegro-COMBUSTIBLES-_-SEP-2026v5.pdf
loc-ueno-1598ba2dd7,ueno bank,Combustible,ENEX TACUARY,Tacuary esq. 2da proyectada,Asunción,,,,,https://www.ueno.com.py/wp-content/uploads/2026/08/Beneficio-de-Reintegro-COMBUSTIBLES-_-SEP-2026v5.pdf
loc-ueno-e595de750a,ueno bank,Combustible,ENEX VILLA AURELIA,Avda. Mariscal López esq. Tte. Casco,Asunción,,,,,https://www.ueno.com.py/wp-content/uploads/2026/08/Beneficio-de-Reintegro-COMBUSTIBLES-_-SEP-2026v5.pdf
loc-ueno-a35a2b41fc,ueno bank,Combustible,PETROBRAS Copetrol Asunción,Avda. Santa Teresa y Delfín Chamorro,Asunción,,,,,https://www.ueno.com.py/wp-content/uploads/2026/08/Beneficio-de-Reintegro-COMBUSTIBLES-_-SEP-2026v5.pdf
loc-ueno-9e23a16755,ueno bank,Combustible,PETROBRAS Copetrol Asunción,Avda. Azara,Asunción,,,,,https://www.ueno.com.py/wp-content/uploads/2026/08/Beneficio-de-Reintegro-COMBUSTIBLES-_-SEP-2026v5.pdf
loc-ueno-d07049e532,ueno bank,Combustible,PETROBRAS Copetrol Asunción,Avda. Felix Bogado,Asunción,,,,,https://www.ueno.com.py/wp-content/uploads/2026/08/Beneficio-de-Reintegro-COMBUSTIBLES-_-SEP-2026v5.pdf
loc-ueno-10ae48a6bc,ueno bank,Combustible,PETROBRAS Copetrol Asunción,Pitiantuta y Asunción,Asunción,,,,,https://www.ueno.com.py/wp-content/uploads/2026/08/Beneficio-de-Reintegro-COMBUSTIBLES-_-SEP-2026v5.pdf
loc-ueno-4b7ac8c8f4,ueno bank,Combustible,PETROBRAS Copetrol Asunción,Avda. Félix Bogado y Costa Rica,Asunción,,,,,https://www.ueno.com.py/wp-content/uploads/2026/08/Beneficio-de-Reintegro-COMBUSTIBLES-_-SEP-2026v5.pdf
loc-ueno-63e51366b8,ueno bank,Combustible,PETROBRAS Copetrol Asunción,Sargento Tomás Lombardo y Tatáre (Loma Pyta),Asunción,,,,,https://www.ueno.com.py/wp-content/uploads/2026/08/Beneficio-de-Reintegro-COMBUSTIBLES-_-SEP-2026v5.pdf
loc-ueno-a31d773c29,ueno bank,Combustible,PETROBRAS Copetrol Asunción,Fernando de la Mora esq. Gral. Santos,Asunción,,,,,https://www.ueno.com.py/wp-content/uploads/2026/08/Beneficio-de-Reintegro-COMBUSTIBLES-_-SEP-2026v5.pdf
loc-ueno-0fe314ed63,ueno bank,Combustible,PETROBRAS Copetrol Asunción,La Victoria esq. Joasy'y,Asunción,,,,,https://www.ueno.com.py/wp-content/uploads/2026/08/Beneficio-de-Reintegro-COMBUSTIBLES-_-SEP-2026v5.pdf
loc-ueno-97454ba2e4,ueno bank,Combustible,PETROBRAS Copetrol Asunción,Rca. Argentina c/ Indio Francisco,Asunción,,,,,https://www.ueno.com.py/wp-content/uploads/2026/08/Beneficio-de-Reintegro-COMBUSTIBLES-_-SEP-2026v5.pdf
loc-ueno-5f2c1a5644,ueno bank,Combustible,PETROBRAS Copetrol Asunción,Pilar esq. Lapacho,Asunción,,,,,https://www.ueno.com.py/wp-content/uploads/2026/08/Beneficio-de-Reintegro-COMBUSTIBLES-_-SEP-2026v5.pdf
loc-ueno-1c34b4d6ba,ueno bank,Combustible,PETROBRAS Copetrol Asunción,Rca. Dominicana esq. Libertad,Asunción,,,,,https://www.ueno.com.py/wp-content/uploads/2026/08/Beneficio-de-Reintegro-COMBUSTIBLES-_-SEP-2026v5.pdf
loc-ueno-4c2bcf528d,ueno bank,Combustible,PETROBRAS Copetrol Asunción,Avda. Eusebio Ayala esq. Gral. Bernardino Caballero,Asunción,,,,,https://www.ueno.com.py/wp-content/uploads/2026/08/Beneficio-de-Reintegro-COMBUSTIBLES-_-SEP-2026v5.pdf
loc-ueno-03e08603ee,ueno bank,Combustible,PETROBRAS Copetrol Asunción,Eusebio Lillo esq. Capitán Emeterio Miranda,Asunción,,,,,https://www.ueno.com.py/wp-content/uploads/2026/08/Beneficio-de-Reintegro-COMBUSTIBLES-_-SEP-2026v5.pdf
loc-ueno-7097961d98,ueno bank,Combustible,PETROBRAS EESS ANTEQUERA,Av. Dr. José Gaspar Rodríguez de Francia y Antequera,Asunción,,,,,https://www.ueno.com.py/wp-content/uploads/2026/08/Beneficio-de-Reintegro-COMBUSTIBLES-_-SEP-2026v5.pdf
loc-ueno-139a1acafa,ueno bank,Combustible,PETROBRAS EESS AVIADORES Y SANTISIMA TRINIDAD,AVIADORES DEL CHACO c/SANTA TERESA,Asunción,,,,,https://www.ueno.com.py/wp-content/uploads/2026/08/Beneficio-de-Reintegro-COMBUSTIBLES-_-SEP-2026v5.pdf
loc-ueno-71bf39a2b0,ueno bank,Combustible,PETROBRAS EESS AVIADORES Y STA TERESA,Avda. Aviadores del Chaco y Avda. Sta. Teresa,Asunción,,,,,https://www.ueno.com.py/wp-content/uploads/2026/08/Beneficio-de-Reintegro-COMBUSTIBLES-_-SEP-2026v5.pdf
loc-ueno-8d6f18ab64,ueno bank,Combustible,PETROBRAS EESS AYOLAS Y CUARTA - PESA,Ayolas y 4a. Proyectada,Asunción,,,,,https://www.ueno.com.py/wp-content/uploads/2026/08/Beneficio-de-Reintegro-COMBUSTIBLES-_-SEP-2026v5.pdf
loc-ueno-37be487ee1,ueno bank,Combustible,PETROBRAS EESS BOGGIANI,Avda. Eusebio Ayala y Avda Dr. Guido Boggiani,Asunción,,,,,https://www.ueno.com.py/wp-content/uploads/2026/08/Beneficio-de-Reintegro-COMBUSTIBLES-_-SEP-2026v5.pdf
loc-ueno-874332ca0a,ueno bank,Combustible,PETROBRAS EESS BOQUERÓN,Avda. Bernardino Caballero y Rogelio Benítez,Asunción,,,,,https://www.ueno.com.py/wp-content/uploads/2026/08/Beneficio-de-Reintegro-COMBUSTIBLES-_-SEP-2026v5.pdf
loc-ueno-427b838d8d,ueno bank,Combustible,PETROBRAS EESS CENTENARIO,Avda. Mcal. López y Venezuela,Asunción,,,,,https://www.ueno.com.py/wp-content/uploads/2026/08/Beneficio-de-Reintegro-COMBUSTIBLES-_-SEP-2026v5.pdf
loc-ueno-a26d42f945,ueno bank,Combustible,PETROBRAS EESS COLON,Avda. Cristóbal Colón y Portugal,Asunción,,,,,https://www.ueno.com.py/wp-content/uploads/2026/08/Beneficio-de-Reintegro-COMBUSTIBLES-_-SEP-2026v5.pdf
loc-ueno-dbbb6ac479,ueno bank,Combustible,PETROBRAS EESS DENIS ROA,Denis Roa esq. 4 de Julio,Asunción,,,,,https://www.ueno.com.py/wp-content/uploads/2026/08/Beneficio-de-Reintegro-COMBUSTIBLES-_-SEP-2026v5.pdf
loc-ueno-efc026cd03,ueno bank,Combustible,PETROBRAS EESS EL PORTAL,"Ruta Nro. 9 ""Don Carfos Antonio Lopez"" (Transchaco) y calle Maxima Lugo",Asunción,,,,,https://www.ueno.com.py/wp-content/uploads/2026/08/Beneficio-de-Reintegro-COMBUSTIBLES-_-SEP-2026v5.pdf
loc-ueno-6568182d26,ueno bank,Combustible,PETROBRAS EESS GRAL SANTOS Y SCHININI,Avda. Gral. Santos esq. Schinini,Asunción,,,,,https://www.ueno.com.py/wp-content/uploads/2026/08/Beneficio-de-Reintegro-COMBUSTIBLES-_-SEP-2026v5.pdf
loc-ueno-e8624b9f00,ueno bank,Combustible,PETROBRAS EESS GRAL. SANTOS Y PIRIZAL,Gral. Santos y Pirizal,Asunción,,,,,https://www.ueno.com.py/wp-content/uploads/2026/08/Beneficio-de-Reintegro-COMBUSTIBLES-_-SEP-2026v5.pdf
loc-ueno-11088b136a,ueno bank,Combustible,PETROBRAS EESS GUARANI,Chile esquina General Díaz,Asunción,,,,,https://www.ueno.com.py/wp-content/uploads/2026/08/Beneficio-de-Reintegro-COMBUSTIBLES-_-SEP-2026v5.pdf
loc-ueno-91192e7aad,ueno bank,Combustible,PETROBRAS EESS JOCKEY CLUB,Av. Eusebio Ayala y M. Mellones,Asunción,,,,,https://www.ueno.com.py/wp-content/uploads/2026/08/Beneficio-de-Reintegro-COMBUSTIBLES-_-SEP-2026v5.pdf
loc-ueno-4a0aee363a,ueno bank,Combustible,PETROBRAS EESS KM 5,"Av. Eusebio Ayala y Tte. J. L, Km.5",Asunción,,,,,https://www.ueno.com.py/wp-content/uploads/2026/08/Beneficio-de-Reintegro-COMBUSTIBLES-_-SEP-2026v5.pdf
loc-ueno-b321da80d4,ueno bank,Combustible,PETROBRAS EESS LA VICTORIA MATERNO,Av. De la Victoria,Asunción,,,,,https://www.ueno.com.py/wp-content/uploads/2026/08/Beneficio-de-Reintegro-COMBUSTIBLES-_-SEP-2026v5.pdf
loc-ueno-235adad66b,ueno bank,Combustible,PETROBRAS EESS LILLO Y BRIZUELA,Lillo y Capitán Brizuela,Asunción,,,,,https://www.ueno.com.py/wp-content/uploads/2026/08/Beneficio-de-Reintegro-COMBUSTIBLES-_-SEP-2026v5.pdf
loc-ueno-1ff2626e20,ueno bank,Combustible,PETROBRAS EESS LOMA PYTA,Ruta Transchaco y Tte. Gregorio Villalba,Asunción,,,,,https://www.ueno.com.py/wp-content/uploads/2026/08/Beneficio-de-Reintegro-COMBUSTIBLES-_-SEP-2026v5.pdf
loc-ueno-35a4f93702,ueno bank,Combustible,PETROBRAS EESS LUA J. A. FLORES,José A. Flores esq. Tte. Alvarenga,Asunción,,,,,https://www.ueno.com.py/wp-content/uploads/2026/08/Beneficio-de-Reintegro-COMBUSTIBLES-_-SEP-2026v5.pdf
loc-ueno-edf5c9f949,ueno bank,Combustible,PETROBRAS EESS MAG MARISCAL LÓPEZ,Avda. Mcal. López y Gumercindo Sosa,Asunción,,,,,https://www.ueno.com.py/wp-content/uploads/2026/08/Beneficio-de-Reintegro-COMBUSTIBLES-_-SEP-2026v5.pdf
loc-ueno-d5455d9993,ueno bank,Combustible,PETROBRAS EESS MANORÁ,Santísimo Sacramento y Prof. Francisco Chávez,Asunción,,,,,https://www.ueno.com.py/wp-content/uploads/2026/08/Beneficio-de-Reintegro-COMBUSTIBLES-_-SEP-2026v5.pdf
loc-ueno-be565a3c13,ueno bank,Combustible,PETROBRAS EESS MBURICAO,Avda. Eusebio Ayala y Tte. 1ro. Julián Riquelme,Asunción,,,,,https://www.ueno.com.py/wp-content/uploads/2026/08/Beneficio-de-Reintegro-COMBUSTIBLES-_-SEP-2026v5.pdf
loc-ueno-2b6bbf13dd,ueno bank,Combustible,PETROBRAS EESS MBURUCUYA,Avda. Santísima Trinidad y la calle Julio Correa,Asunción,,,,,https://www.ueno.com.py/wp-content/uploads/2026/08/Beneficio-de-Reintegro-COMBUSTIBLES-_-SEP-2026v5.pdf
loc-ueno-02e24af766,ueno bank,Combustible,PETROBRAS EESS MCAL. LÓPEZ Y PITIANTUTA,Mcal. Lopéz esquina R.I.18 Pitiantuta,Asunción,,,,,https://www.ueno.com.py/wp-content/uploads/2026/08/Beneficio-de-Reintegro-COMBUSTIBLES-_-SEP-2026v5.pdf
loc-ueno-0fb87ec63f,ueno bank,Combustible,PETROBRAS EESS MEDICOS DEL CHACO (TARUMA),Fernando de la Mora y Médicos del Chaco,Asunción,,,,,https://www.ueno.com.py/wp-content/uploads/2026/08/Beneficio-de-Reintegro-COMBUSTIBLES-_-SEP-2026v5.pdf
loc-ueno-9e41108914,ueno bank,Combustible,PETROBRAS EESS MERCADO 4,Av. Rodríguez de Francia y Proceres de Mayo,Asunción,,,,,https://www.ueno.com.py/wp-content/uploads/2026/08/Beneficio-de-Reintegro-COMBUSTIBLES-_-SEP-2026v5.pdf
loc-ueno-bdef290c00,ueno bank,Combustible,PETROBRAS EESS MOLAS LOPEZ,Avda. Gral. José de San Martin y Dr. Molas López,Asunción,,,,,https://www.ueno.com.py/wp-content/uploads/2026/08/Beneficio-de-Reintegro-COMBUSTIBLES-_-SEP-2026v5.pdf
loc-ueno-a3918b4d92,ueno bank,Combustible,PETROBRAS EESS NICOLAS BO,Montevideo y Piribebuy,Asunción,,,,,https://www.ueno.com.py/wp-content/uploads/2026/08/Beneficio-de-Reintegro-COMBUSTIBLES-_-SEP-2026v5.pdf
loc-ueno-ea233c8ade,ueno bank,Combustible,PETROBRAS EESS NTRA. SRA DE LA ASUNCIÓN,Ntra. Sra. de la Asunción y 9a Proyectada,Asunción,,,,,https://www.ueno.com.py/wp-content/uploads/2026/08/Beneficio-de-Reintegro-COMBUSTIBLES-_-SEP-2026v5.pdf
loc-ueno-04d5663c41,ueno bank,Combustible,PETROBRAS EESS OFICIAL 1,Av. Mariscal. López y Bernardino Caballero,Asunción,,,,,https://www.ueno.com.py/wp-content/uploads/2026/08/Beneficio-de-Reintegro-COMBUSTIBLES-_-SEP-2026v5.pdf
loc-ueno-a24cad7cf2,ueno bank,Combustible,PETROBRAS EESS PASO DE PATRIA,Paso de Patria esquina Timbo,Asunción,,,,,https://www.ueno.com.py/wp-content/uploads/2026/08/Beneficio-de-Reintegro-COMBUSTIBLES-_-SEP-2026v5.pdf
loc-ueno-fee420830d,ueno bank,Combustible,PETROBRAS EESS PERÓN,Avda Perón y Cacique Lambaré,Asunción,,,,,https://www.ueno.com.py/wp-content/uploads/2026/08/Beneficio-de-Reintegro-COMBUSTIBLES-_-SEP-2026v5.pdf
loc-ueno-33b32a1162,ueno bank,Combustible,PETROBRAS EESS PRIMER PRESIDENTE ACCESO,Primer Presidente y Américo Perenciolo Merlo,Asunción,,,,,https://www.ueno.com.py/wp-content/uploads/2026/08/Beneficio-de-Reintegro-COMBUSTIBLES-_-SEP-2026v5.pdf
loc-ueno-584868f1bf,ueno bank,Combustible,PETROBRAS EESS SAN SILVERIO IV,Avda. Félix Bogado y Tatayiva (16a. Proyectada),Asunción,,,,,https://www.ueno.com.py/wp-content/uploads/2026/08/Beneficio-de-Reintegro-COMBUSTIBLES-_-SEP-2026v5.pdf
loc-ueno-0bb44d0015,ueno bank,Combustible,PETROBRAS EESS TACPY CENTRAL PESA,Brasil entre Cerro Cora y 25 de Mayo,Asunción,,,,,https://www.ueno.com.py/wp-content/uploads/2026/08/Beneficio-de-Reintegro-COMBUSTIBLES-_-SEP-2026v5.pdf
loc-ueno-8b51ba3f6f,ueno bank,Combustible,PETROBRAS EESS TRINIDAD,Av. Santísima Trinidad y Avda. Gral. Artigas,Asunción,,,,,https://www.ueno.com.py/wp-content/uploads/2026/08/Beneficio-de-Reintegro-COMBUSTIBLES-_-SEP-2026v5.pdf
loc-ueno-1914301207,ueno bank,Combustible,PETROBRAS EESS VENEZUELA,Venezuela y Tte. 2do. Benigno Villamayor,Asunción,,,,,https://www.ueno.com.py/wp-content/uploads/2026/08/Beneficio-de-Reintegro-COMBUSTIBLES-_-SEP-2026v5.pdf
loc-ueno-f7e2f03231,ueno bank,Combustible,PETROBRAS EESS WASHINGTON,España esq. Washington,Asunción,,,,,https://www.ueno.com.py/wp-content/uploads/2026/08/Beneficio-de-Reintegro-COMBUSTIBLES-_-SEP-2026v5.pdf
loc-ueno-445853b02c,ueno bank,Combustible,PETROBRAS EESS ÑU GUAZU,Avda. Aviadores del Chaco y Avda. Madame Lynch,Asunción,,,,,https://www.ueno.com.py/wp-content/uploads/2026/08/Beneficio-de-Reintegro-COMBUSTIBLES-_-SEP-2026v5.pdf
loc-ueno-7ef9975468,ueno bank,Combustible,PETROBRAS EESS AYOLAS ACCESO,Ruta Acceso Obras Yacyretá- Km. 43,Ayolas,,,,,https://www.ueno.com.py/wp-content/uploads/2026/08/Beneficio-de-Reintegro-COMBUSTIBLES-_-SEP-2026v5.pdf
loc-ueno-b9d05b0605,ueno bank,Combustible,PETROBRAS EESS AYOLAS SAN ANTONIO,Aña Cua - Barrio San Antonio,Ayolas,,,,,https://www.ueno.com.py/wp-content/uploads/2026/08/Beneficio-de-Reintegro-COMBUSTIBLES-_-SEP-2026v5.pdf
loc-ueno-0ca41993e6,ueno bank,Combustible,PETROPAR NOR RAM BORJA,"MANZANA ZACARIAS GUAZÚ, COLONIA 20 DE JUNIO",BORJA,,,,,https://www.ueno.com.py/wp-content/uploads/2026/08/Promocion-Reintegro-Petropar-_-SEP-2026v3.pdf
loc-ueno-498f7bedb0,ueno bank,Combustible,PETROBRAS EESS BELLA VISTA,Ruta 6 Dr. Juan L. Mallorquín Km. 46,Bella Vista,,,,,https://www.ueno.com.py/wp-content/uploads/2026/08/Beneficio-de-Reintegro-COMBUSTIBLES-_-SEP-2026v5.pdf
loc-ueno-e924b230de,ueno bank,Combustible,PETROBRAS Copetrol Bella Vista Sur,"Ruta 6, Km. 50",Bella Vista Sur,,,,,https://www.ueno.com.py/wp-content/uploads/2026/08/Beneficio-de-Reintegro-COMBUSTIBLES-_-SEP-2026v5.pdf
loc-ueno-7fcb7ad359,ueno bank,Combustible,PETROPAR CUMBRE DEL SOL,FRACCIÓN CUMBRE DEL SOL,CAACUPÉ,,,,,https://www.ueno.com.py/wp-content/uploads/2026/08/Promocion-Reintegro-Petropar-_-SEP-2026v3.pdf
loc-ueno-e7338a1edb,ueno bank,Combustible,PETROPAR MBARETE CENTRO,15 DE AGOSTO ESQUINA NANAWA,CAAGUAZU,,,,,https://www.ueno.com.py/wp-content/uploads/2026/08/Promocion-Reintegro-Petropar-_-SEP-2026v3.pdf
loc-ueno-aa5650ffc1,ueno bank,Combustible,PETROPAR PUNTO COM,"RUTA N°7, KM 171",CAAGUAZÚ,,,,,https://www.ueno.com.py/wp-content/uploads/2026/08/Promocion-Reintegro-Petropar-_-SEP-2026v3.pdf
loc-ueno-0889aa6e2a,ueno bank,Combustible,PETROPAR SAN JOSE,RUTA N°7 JOSÉ GASPAR RODRÍGUEZ DE FRANCIA KM 182,CAAGUAZÚ,,,,,https://www.ueno.com.py/wp-content/uploads/2026/08/Promocion-Reintegro-Petropar-_-SEP-2026v3.pdf
loc-ueno-7b47e04be8,ueno bank,Combustible,PETROPAR SAN JOSE 3,"CALLE 6° A 5KM DE LA RUTA INTERNACIONAL N°II, COMPAÑÍA KURUSU ARAUJO",CAAGUAZÚ,,,,,https://www.ueno.com.py/wp-content/uploads/2026/08/Promocion-Reintegro-Petropar-_-SEP-2026v3.pdf
loc-ueno-d370a01c2b,ueno bank,Combustible,PETROPAR SAN JOSE II,RUTA N°7 KM 174,CAAGUAZÚ,,,,,https://www.ueno.com.py/wp-content/uploads/2026/08/Promocion-Reintegro-Petropar-_-SEP-2026v3.pdf
loc-ueno-0bd164c243,ueno bank,Combustible,PETROPAR CAAPUCU,RUTA N°1 KM 141,CAAPUCÚ,,,,,https://www.ueno.com.py/wp-content/uploads/2026/08/Promocion-Reintegro-Petropar-_-SEP-2026v3.pdf
loc-ueno-483b3aef89,ueno bank,Combustible,PETROPAR-CAMBYRETA,"RUTA N°14 Y CALLE VIRGEN DEL CARMEN, KM 4",CAMBYRETA,,,,,https://www.ueno.com.py/wp-content/uploads/2026/08/Promocion-Reintegro-Petropar-_-SEP-2026v3.pdf
loc-ueno-a13d5e23ff,ueno bank,Combustible,PETROPAR CAPIATA KM1,RUTA Nº 1 KM. 19.,CAPIATA,,,,,https://www.ueno.com.py/wp-content/uploads/2026/08/Promocion-Reintegro-Petropar-_-SEP-2026v3.pdf
loc-ueno-329f398a45,ueno bank,Combustible,EESS PETROPAR KM 18 5,RUTA N°2 MCAL. JOSÉ FELIX ESTIGARRIBIA ESQ. SANTA CRUZ ADORNO,CAPIATÁ,,,,,https://www.ueno.com.py/wp-content/uploads/2026/08/Promocion-Reintegro-Petropar-_-SEP-2026v3.pdf
loc-ueno-0acfefb03b,ueno bank,Combustible,PETROPAR CAPIATÁ,"RUTA N°2 MCAL. ESTIGARRIBIA KM 17,5",CAPIATÁ,,,,,https://www.ueno.com.py/wp-content/uploads/2026/08/Promocion-Reintegro-Petropar-_-SEP-2026v3.pdf
loc-ueno-aae5c626eb,ueno bank,Combustible,PETROPAR COMPAÑIA 5TA,"AVDA. PEDRO LÓPEZ GODOY N°925, LUGAR DENOMINADO YATAITY",CAPIATÁ,,,,,https://www.ueno.com.py/wp-content/uploads/2026/08/Promocion-Reintegro-Petropar-_-SEP-2026v3.pdf
loc-ueno-774bac81b4,ueno bank,Combustible,PETROPAR MBOIY,"RUTA N°2 “MCAL. ESTIGARRIBIA”, KM 24",CAPIATÁ,,,,,https://www.ueno.com.py/wp-content/uploads/2026/08/Promocion-Reintegro-Petropar-_-SEP-2026v3.pdf
loc-ueno-833663a0e3,ueno bank,Combustible,PETROPAR SILVIO PETTIROSSI,CALLE DR. LÓPEZ GODOY Y 3 DE FEBRERO,CAPIATÁ,,,,,https://www.ueno.com.py/wp-content/uploads/2026/08/Promocion-Reintegro-Petropar-_-SEP-2026v3.pdf
loc-ueno-8c838ec2e8,ueno bank,Combustible,PETROPAR GRUPO PRENDECKI,RUTA N°6 DR. JUAN L. MALLORQUIN ESQ. CALLE B,CAPITÁN MIRANDA,,,,,https://www.ueno.com.py/wp-content/uploads/2026/08/Promocion-Reintegro-Petropar-_-SEP-2026v3.pdf
loc-ueno-695fafac79,ueno bank,Combustible,PETROPAR CARAPEGUA,RUTA CARAPEGUÁ – NUEVA ITALIA,CARAPEGUÁ,,,,,https://www.ueno.com.py/wp-content/uploads/2026/08/Promocion-Reintegro-Petropar-_-SEP-2026v3.pdf
loc-ueno-679416eb82,ueno bank,Combustible,PETROPAR REDONDO,RUTA N°1 KM 87,CARAPEGUÁ,,,,,https://www.ueno.com.py/wp-content/uploads/2026/08/Promocion-Reintegro-Petropar-_-SEP-2026v3.pdf
loc-ueno-a74455c6e8,ueno bank,Combustible,PETROPAR CARAYAÓ,LUGAR DENOMINADO TIQUITO Y POTRERO,CARAYAÓ,,,,,https://www.ueno.com.py/wp-content/uploads/2026/08/Promocion-Reintegro-Petropar-_-SEP-2026v3.pdf
loc-ueno-58088597db,ueno bank,Combustible,ENEX CDE AREA 4,Avda. Choferes del Chaco esq. Comuneros,CDE,,,,,https://www.ueno.com.py/wp-content/uploads/2026/08/Beneficio-de-Reintegro-COMBUSTIBLES-_-SEP-2026v5.pdf
loc-ueno-0efe549ce5,ueno bank,Combustible,PETROPAR CDE,RUTA PY 18 KM 22 GRAL EUGENIO A GARAY,CDE,,,,,https://www.ueno.com.py/wp-content/uploads/2026/08/Promocion-Reintegro-Petropar-_-SEP-2026v3.pdf
loc-ueno-14b236b0e0,ueno bank,Combustible,PETROPAR,CALLE SAN MARTIN KM 4 1/2 LADO ACARAY,CIUDAD DEL ESTE,,,,,https://www.ueno.com.py/wp-content/uploads/2026/08/Promocion-Reintegro-Petropar-_-SEP-2026v3.pdf
loc-ueno-f3a3bd64d9,ueno bank,Combustible,PETROPAR,AV. 2000 A 500 MTS DE LA AV. JULIO CESAR RIQUELME,CIUDAD DEL ESTE,,,,,https://www.ueno.com.py/wp-content/uploads/2026/08/Promocion-Reintegro-Petropar-_-SEP-2026v3.pdf
loc-ueno-19e7bea287,ueno bank,Combustible,PETROPAR 2H GUAYAIBI PRY,"AVDA. TTE. ALMADA Y CARRETEROS DEL CHACO, BARRIO BERNARDINO CABALLERO",CIUDAD DEL ESTE,,,,,https://www.ueno.com.py/wp-content/uploads/2026/08/Promocion-Reintegro-Petropar-_-SEP-2026v3.pdf
loc-ueno-45855acb35,ueno bank,Combustible,PETROPAR 3 J,CARRETEROS DEL CHACO C/ ARTURO GARCETE,CIUDAD DEL ESTE,,,,,https://www.ueno.com.py/wp-content/uploads/2026/08/Promocion-Reintegro-Petropar-_-SEP-2026v3.pdf
loc-ueno-f2202ab295,ueno bank,Combustible,PETROPAR 3J,"AVDA. TTE. ALMADA Y CARRETEROS DEL CHACO, BARRIO BERNARDINO CABALLERO",CIUDAD DEL ESTE,,,,,https://www.ueno.com.py/wp-content/uploads/2026/08/Promocion-Reintegro-Petropar-_-SEP-2026v3.pdf
loc-ueno-fe73b34ea5,ueno bank,Combustible,PETROPAR 3J,AVDA TTE ALMADA Y CARRETEROS DEL CHACO,CIUDAD DEL ESTE,,,,,https://www.ueno.com.py/wp-content/uploads/2026/08/Promocion-Reintegro-Petropar-_-SEP-2026v3.pdf
loc-ueno-166902b561,ueno bank,Combustible,PETROPAR CAAZAPA,CIUDAD DEL ESTE KM 22,CIUDAD DEL ESTE,,,,,https://www.ueno.com.py/wp-content/uploads/2026/08/Promocion-Reintegro-Petropar-_-SEP-2026v3.pdf
loc-ueno-ad616cfe86,ueno bank,Combustible,PETROPAR CDE,KM 12 LADO ACARAY,CIUDAD DEL ESTE,,,,,https://www.ueno.com.py/wp-content/uploads/2026/08/Promocion-Reintegro-Petropar-_-SEP-2026v3.pdf
loc-ueno-5cb9f6c133,ueno bank,Combustible,PETROPAR CDE,AVDA MONDAY,CIUDAD DEL ESTE,,,,,https://www.ueno.com.py/wp-content/uploads/2026/08/Promocion-Reintegro-Petropar-_-SEP-2026v3.pdf
loc-ueno-0547a4902b,ueno bank,Combustible,PETROPAR CDE,AV. 2000 A 500 MTS DE LA AV. JULIO CESAR RIQUELME,CIUDAD DEL ESTE,,,,,https://www.ueno.com.py/wp-content/uploads/2026/08/Promocion-Reintegro-Petropar-_-SEP-2026v3.pdf
loc-ueno-028c3016ba,ueno bank,Combustible,PETROPAR GRAL SANTOS,RUTA N°7 KM 10 ACARAY,CIUDAD DEL ESTE,,,,,https://www.ueno.com.py/wp-content/uploads/2026/08/Promocion-Reintegro-Petropar-_-SEP-2026v3.pdf
loc-ueno-ec78924d85,ueno bank,Combustible,PETROPAR JMA,Avda. Carlos A. Lopez c/ Epifabio Mendez Fleitas - CDE,CIUDAD DEL ESTE,,,,,https://www.ueno.com.py/wp-content/uploads/2026/08/Promocion-Reintegro-Petropar-_-SEP-2026v3.pdf
loc-ueno-bbf3b235fd,ueno bank,Combustible,PETROPAR LAS RESIDE,KM 4 ACARAY CALLE SAN MARTIN,CIUDAD DEL ESTE,,,,,https://www.ueno.com.py/wp-content/uploads/2026/08/Promocion-Reintegro-Petropar-_-SEP-2026v3.pdf
loc-ueno-d2870ee904,ueno bank,Combustible,PETROPAR PETROESTE,AVDA. ALEJO GARCÍA CASI AVDA. CONSTITUCIÓN NACIONAL,CIUDAD DEL ESTE,,,,,https://www.ueno.com.py/wp-content/uploads/2026/08/Promocion-Reintegro-Petropar-_-SEP-2026v3.pdf
loc-ueno-dc5aa2767a,ueno bank,Combustible,PETROPAR SAN LORENZO,"CALLE RAFAEL BARRET, BARRIO CIUDAD NUEVA",CIUDAD DEL ESTE,,,,,https://www.ueno.com.py/wp-content/uploads/2026/08/Promocion-Reintegro-Petropar-_-SEP-2026v3.pdf
loc-ueno-68502e0af1,ueno bank,Combustible,PETROBRAS EESS CONCEPCION AVENIDA,"Agustín Fernando de Pinedo y Tte. Eugenio R. Agüero, Concepción",CONCEPCIÓN,,,,,https://www.ueno.com.py/wp-content/uploads/2026/08/Beneficio-de-Reintegro-COMBUSTIBLES-_-SEP-2026v5.pdf
loc-ueno-ef696a353a,ueno bank,Combustible,PETROPAR CENTRO,CALLE CARLOS ANTONIO LÓPEZ Y MCAL. JOSÉ FÉLIX ESTIGARRIBIA,CONCEPCIÓN,,,,,https://www.ueno.com.py/wp-content/uploads/2026/08/Promocion-Reintegro-Petropar-_-SEP-2026v3.pdf
loc-ueno-d102898552,ueno bank,Combustible,PETROPAR SAN AGUSTIN,"RUTA N°5 ""GRAL. BERNARDINO CABALLERO"" ACCESO A CONCEPCIÓN",CONCEPCIÓN,,,,,https://www.ueno.com.py/wp-content/uploads/2026/08/Promocion-Reintegro-Petropar-_-SEP-2026v3.pdf
loc-ueno-6f9e64caef,ueno bank,Combustible,PETROPAR-CNEL.BOGADO,"RUTA N°1 ""MCAL. LÓPEZ"", KM 317",CORONEL BOGADO,,,,,https://www.ueno.com.py/wp-content/uploads/2026/08/Promocion-Reintegro-Petropar-_-SEP-2026v3.pdf
loc-ueno-0c0607114c,ueno bank,Combustible,PETROPAR CORONEL OVIEDO,RUTA N°2 KM 132,CORONEL OVIEDO,,,,,https://www.ueno.com.py/wp-content/uploads/2026/08/Promocion-Reintegro-Petropar-_-SEP-2026v3.pdf
loc-ueno-67a2d3a83f,ueno bank,Combustible,PETROPAR CURUGUATY,"RUTA N°10 ""LAS RESIDENTAS"" ROTONDA DE ACCESO",CURUGUATY,,,,,https://www.ueno.com.py/wp-content/uploads/2026/08/Promocion-Reintegro-Petropar-_-SEP-2026v3.pdf
loc-ueno-fd23a17ae1,ueno bank,Combustible,PETROPAR RADIO CURUGUATY,AVDA. CURUGUATEÑOS ESQ. RODRÍGUEZ DE FRANCIA,CURUGUATY,,,,,https://www.ueno.com.py/wp-content/uploads/2026/08/Promocion-Reintegro-Petropar-_-SEP-2026v3.pdf
loc-ueno-5f202426a5,ueno bank,Combustible,PETROBRAS Copetrol Caacupé,Teniente Godoy y Alberdi,Caacupé,,,,,https://www.ueno.com.py/wp-content/uploads/2026/08/Beneficio-de-Reintegro-COMBUSTIBLES-_-SEP-2026v5.pdf
loc-ueno-52d24d7a42,ueno bank,Combustible,PETROBRAS Copetrol Caaguazu,"Ruta 2, Km. 181,5",Caaguazu,,,,,https://www.ueno.com.py/wp-content/uploads/2026/08/Beneficio-de-Reintegro-COMBUSTIBLES-_-SEP-2026v5.pdf
loc-ueno-8fa4e8dbd0,ueno bank,Combustible,PETROBRAS Copetrol Caazapa,Avda. Cesar Santiago,Caazapa,,,,,https://www.ueno.com.py/wp-content/uploads/2026/08/Beneficio-de-Reintegro-COMBUSTIBLES-_-SEP-2026v5.pdf
loc-ueno-277daef362,ueno bank,Combustible,PETROBRAS Copetrol Caazapá,Ruta 9 esq. Madame Lynch,Caazapá,,,,,https://www.ueno.com.py/wp-content/uploads/2026/08/Beneficio-de-Reintegro-COMBUSTIBLES-_-SEP-2026v5.pdf
loc-ueno-947b0233dc,ueno bank,Combustible,PETROBRAS Copetrol Campo 9,"Ruta 7, Km. 213",Campo 9,,,,,https://www.ueno.com.py/wp-content/uploads/2026/08/Beneficio-de-Reintegro-COMBUSTIBLES-_-SEP-2026v5.pdf
loc-ueno-a75a6a49f3,ueno bank,Combustible,PETROBRAS EESS CAMPO 9 KM 211,Ruta 7 Dr. G.Rodríguez de Francia- Km. 211,Campo 9,,,,,https://www.ueno.com.py/wp-content/uploads/2026/08/Beneficio-de-Reintegro-COMBUSTIBLES-_-SEP-2026v5.pdf
loc-ueno-a0dac7cc3b,ueno bank,Combustible,ENEX CAPIATA,Ruta 2 km 25,Capiata,,,,,https://www.ueno.com.py/wp-content/uploads/2026/08/Beneficio-de-Reintegro-COMBUSTIBLES-_-SEP-2026v5.pdf
loc-ueno-78914e6398,ueno bank,Combustible,PETROBRAS EESS ARATIRI,Ruta 2 Mcal.Estigarribia - Km. 18,Capiatá,,,,,https://www.ueno.com.py/wp-content/uploads/2026/08/Beneficio-de-Reintegro-COMBUSTIBLES-_-SEP-2026v5.pdf
loc-ueno-63fda3f42e,ueno bank,Combustible,PETROBRAS EESS CAPIATA,Ruta PY02 Mariscal José Felix Estigarribia km 16 FORTIS,Capiatá,,,,,https://www.ueno.com.py/wp-content/uploads/2026/08/Beneficio-de-Reintegro-COMBUSTIBLES-_-SEP-2026v5.pdf
loc-ueno-3268917aa9,ueno bank,Combustible,PETROBRAS EESS CRUCE AREGUA,Ruta PY02 Mariscal José Felix Estigarribia km 20 Cruce Aregua,Capiatá,,,,,https://www.ueno.com.py/wp-content/uploads/2026/08/Beneficio-de-Reintegro-COMBUSTIBLES-_-SEP-2026v5.pdf
loc-ueno-fc43944292,ueno bank,Combustible,PETROBRAS Copetrol Capitan Meza,Ruta py 07 km 16,Capitan Meza,,,,,https://www.ueno.com.py/wp-content/uploads/2026/08/Beneficio-de-Reintegro-COMBUSTIBLES-_-SEP-2026v5.pdf
loc-ueno-e7e0e3f516,ueno bank,Combustible,PETROBRAS EESS CAP. MIRANDA KM 12,Ruta 6 Dr. Juan L. Mallorquín Km. 12,Capitán Miranda,,,,,https://www.ueno.com.py/wp-content/uploads/2026/08/Beneficio-de-Reintegro-COMBUSTIBLES-_-SEP-2026v5.pdf
loc-ueno-dfefeaa362,ueno bank,Combustible,PETROBRAS Copetrol Paraguari,"Ruta PY18, Carapeguá camino a Nueva Italia",Carapegua,,,,,https://www.ueno.com.py/wp-content/uploads/2026/08/Beneficio-de-Reintegro-COMBUSTIBLES-_-SEP-2026v5.pdf
loc-ueno-4d61c4d7cb,ueno bank,Combustible,PETROBRAS Copetrol Carapeguá,"Ruta 1, Km. 84",Carapeguá,,,,,https://www.ueno.com.py/wp-content/uploads/2026/08/Beneficio-de-Reintegro-COMBUSTIBLES-_-SEP-2026v5.pdf
loc-ueno-a001f19881,ueno bank,Combustible,PETROBRAS EESS CARAPEGUA,"Ruta 1 km 83,5. Cruce Acahay",Carapeguá,,,,,https://www.ueno.com.py/wp-content/uploads/2026/08/Beneficio-de-Reintegro-COMBUSTIBLES-_-SEP-2026v5.pdf
loc-ueno-6dad136972,ueno bank,Combustible,PETROBRAS EESS GRANEROS DEL SUR,Ruta 1 Mcal. Francisco S. López y Ruta Graneros del Sur,Carmen del Paraná,,,,,https://www.ueno.com.py/wp-content/uploads/2026/08/Beneficio-de-Reintegro-COMBUSTIBLES-_-SEP-2026v5.pdf
loc-ueno-87615c118a,ueno bank,Combustible,PETROPAR GRUPO MARINO,Ruta PY 18 - Camino Nueva Italia - Carapeguá - Ciudad de Nueva Italia,Ciudad de Nueva Italia,,,,,https://www.ueno.com.py/wp-content/uploads/2026/08/Promocion-Reintegro-Petropar-_-SEP-2026v3.pdf
loc-ueno-9feffa6411,ueno bank,Combustible,"Copetrol Km 6,5 C.D.E.",Blas Garay y Monseñor Rodriguez,Ciudad del Este,,,,,https://www.ueno.com.py/wp-content/uploads/2026/08/Beneficio-de-Reintegro-COMBUSTIBLES-_-SEP-2026v5.pdf
loc-ueno-2e592b68dc,ueno bank,Combustible,PETROBRAS EESS ACARAY,Supercarretera a Hernandarias esq. Tte. Rojas Silva,Ciudad del Este,,,,,https://www.ueno.com.py/wp-content/uploads/2026/08/Beneficio-de-Reintegro-COMBUSTIBLES-_-SEP-2026v5.pdf
loc-ueno-551a82a913,ueno bank,Combustible,PETROBRAS EESS AVDA SAN JOSE CDE,Avda. San José esq Calle José Hernandez,Ciudad del Este,,,,,https://www.ueno.com.py/wp-content/uploads/2026/08/Beneficio-de-Reintegro-COMBUSTIBLES-_-SEP-2026v5.pdf
loc-ueno-667285f9bc,ueno bank,Combustible,PETROBRAS EESS BOQUERÓN,Avda. Bernardino Caballero y Rogelio Benítez,Ciudad del Este,,,,,https://www.ueno.com.py/wp-content/uploads/2026/08/Beneficio-de-Reintegro-COMBUSTIBLES-_-SEP-2026v5.pdf
loc-ueno-10a6a1b800,ueno bank,Combustible,PETROBRAS EESS EL SOL,Tte. Almada y Eugenio A. Garay,Ciudad del Este,,,,,https://www.ueno.com.py/wp-content/uploads/2026/08/Beneficio-de-Reintegro-COMBUSTIBLES-_-SEP-2026v5.pdf
loc-ueno-57fc95d97e,ueno bank,Combustible,PETROBRAS EESS ITAIPU,"Supercarretera Itaipu, km 16,5 Area 10 Villa San Francisco",Ciudad del Este,,,,,https://www.ueno.com.py/wp-content/uploads/2026/08/Beneficio-de-Reintegro-COMBUSTIBLES-_-SEP-2026v5.pdf
loc-ueno-bc8e00d7cb,ueno bank,Combustible,"PETROBRAS EESS KM 6,5 CDE","Ruta 7 Dr.J.Rodríguez de Francia - Km. 6,5",Ciudad del Este,,,,,https://www.ueno.com.py/wp-content/uploads/2026/08/Beneficio-de-Reintegro-COMBUSTIBLES-_-SEP-2026v5.pdf
loc-ueno-13d92bcb28,ueno bank,Combustible,PETROBRAS EESS LA BLANCA,Avenidas Fortin Toledo y Bicentenario,Ciudad del Este,,,,,https://www.ueno.com.py/wp-content/uploads/2026/08/Beneficio-de-Reintegro-COMBUSTIBLES-_-SEP-2026v5.pdf
loc-ueno-2cb4cc174c,ueno bank,Combustible,PETROBRAS EESS OASIS CDE,Gral Bernardino Caballero esq Monseñor Rodríguez,Ciudad del Este,,,,,https://www.ueno.com.py/wp-content/uploads/2026/08/Beneficio-de-Reintegro-COMBUSTIBLES-_-SEP-2026v5.pdf
loc-ueno-0bb50a1d92,ueno bank,Combustible,PETROBRAS EESS PETRO 5,Supercarretera Itaipú y Gral. Aquino,Ciudad del Este,,,,,https://www.ueno.com.py/wp-content/uploads/2026/08/Beneficio-de-Reintegro-COMBUSTIBLES-_-SEP-2026v5.pdf
loc-ueno-f244564b1a,ueno bank,Combustible,PETROBRAS EESS PTE. FRANCO,Mcal. Estigarribia y Monseñor Van Aaken,Ciudad del Este,,,,,https://www.ueno.com.py/wp-content/uploads/2026/08/Beneficio-de-Reintegro-COMBUSTIBLES-_-SEP-2026v5.pdf
loc-ueno-b59eed3e0a,ueno bank,Combustible,PETROBRAS EESS SUPERCARRETERA KM. 4,Supercarretera Itaipu y Calle Los Lapachos,Ciudad del Este,,,,,https://www.ueno.com.py/wp-content/uploads/2026/08/Beneficio-de-Reintegro-COMBUSTIBLES-_-SEP-2026v5.pdf
loc-ueno-c8dad69aea,ueno bank,Combustible,PETROBRAS EESS TACPY CDE,Avda. San Blas km.2 c/ P. Colman,Ciudad del Este,,,,,https://www.ueno.com.py/wp-content/uploads/2026/08/Beneficio-de-Reintegro-COMBUSTIBLES-_-SEP-2026v5.pdf
loc-ueno-fcd43c1f60,ueno bank,Combustible,PETROBRAS EESS ZUSA MBURUCUYA,Avda. San Blas y Avda. Rca. Del Perú Km. 7,Ciudad del Este,,,,,https://www.ueno.com.py/wp-content/uploads/2026/08/Beneficio-de-Reintegro-COMBUSTIBLES-_-SEP-2026v5.pdf
loc-ueno-31efd21a61,ueno bank,Combustible,PETROBRAS Copetrol Paraguari,"Paraguarí - Villarrica, Km. 130",Cnel Martinez,,,,,https://www.ueno.com.py/wp-content/uploads/2026/08/Beneficio-de-Reintegro-COMBUSTIBLES-_-SEP-2026v5.pdf
loc-ueno-d5fec03a6f,ueno bank,Combustible,PETROBRAS Copetrol Cnel Oviedo,Ruta 2 Km 132,Cnel Oviedo,,,,,https://www.ueno.com.py/wp-content/uploads/2026/08/Beneficio-de-Reintegro-COMBUSTIBLES-_-SEP-2026v5.pdf
loc-ueno-3e71594ee3,ueno bank,Combustible,Copetrol Cnel Oviedo 2,Avda. Jaime San Just y Dr. J.E. Estigarribia,Cnel. Oviedo,,,,,https://www.ueno.com.py/wp-content/uploads/2026/08/Beneficio-de-Reintegro-COMBUSTIBLES-_-SEP-2026v5.pdf
loc-ueno-dd72262de5,ueno bank,Combustible,Copetrol Cnel. Oviedo 3,Jose Alfonso Godoy y Arzobispo Juan Bogarin,Cnel. Oviedo,,,,,https://www.ueno.com.py/wp-content/uploads/2026/08/Beneficio-de-Reintegro-COMBUSTIBLES-_-SEP-2026v5.pdf
loc-ueno-99166da022,ueno bank,Combustible,PETROBRAS Copetrol Colonia Yatytay,"Colonia Yatytay, Km. 14",Colonia Yatytay,,,,,https://www.ueno.com.py/wp-content/uploads/2026/08/Beneficio-de-Reintegro-COMBUSTIBLES-_-SEP-2026v5.pdf
loc-ueno-d75669bc4e,ueno bank,Combustible,PETROBRAS Copetrol Cordillera,Avda Federico Chavez caso C.A. Lopez,Cordillera,,,,,https://www.ueno.com.py/wp-content/uploads/2026/08/Beneficio-de-Reintegro-COMBUSTIBLES-_-SEP-2026v5.pdf
loc-ueno-5c1c3b8dad,ueno bank,Combustible,PETROBRAS Copetrol Coronel Bogado,Ruta 1 c/ Tacuary,Coronel Bogado,,,,,https://www.ueno.com.py/wp-content/uploads/2026/08/Beneficio-de-Reintegro-COMBUSTIBLES-_-SEP-2026v5.pdf
loc-ueno-2a34837422,ueno bank,Combustible,PETROBRAS Copetrol Coronel Bogado,"Ruta 1, Km. 322",Coronel Bogado,,,,,https://www.ueno.com.py/wp-content/uploads/2026/08/Beneficio-de-Reintegro-COMBUSTIBLES-_-SEP-2026v5.pdf
loc-ueno-689b6e6fd1,ueno bank,Combustible,PETROBRAS EESS CNEL. OVIEDO CRUCE,Ruta 2 Mcal Estigarribia cruce,Coronel Oviedo,,,,,https://www.ueno.com.py/wp-content/uploads/2026/08/Beneficio-de-Reintegro-COMBUSTIBLES-_-SEP-2026v5.pdf
loc-ueno-516f272758,ueno bank,Combustible,PETROBRAS EESS OVIEDO KM 134,Ruta 2 Mcal Estigarribia km 134,Coronel Oviedo,,,,,https://www.ueno.com.py/wp-content/uploads/2026/08/Beneficio-de-Reintegro-COMBUSTIBLES-_-SEP-2026v5.pdf
loc-ueno-c632af1dfd,ueno bank,Combustible,PETROBRAS Copetrol Curuguaty,14 de Mayo esquina Rotela,Curuguaty,,,,,https://www.ueno.com.py/wp-content/uploads/2026/08/Beneficio-de-Reintegro-COMBUSTIBLES-_-SEP-2026v5.pdf
loc-ueno-4d9c210706,ueno bank,Combustible,PETROPAR EDELIRA,Ruta 06 c/ Acceso Edelira 21,EDELIRA,,,,,https://www.ueno.com.py/wp-content/uploads/2026/08/Promocion-Reintegro-Petropar-_-SEP-2026v3.pdf
loc-ueno-18e12b9c00,ueno bank,Combustible,PETROPAR ENCARNACIÓN,JORGE MEMMEL ESQ. INDEPENDENCIA NACIONAL,ENCARNACION,,,,,https://www.ueno.com.py/wp-content/uploads/2026/08/Promocion-Reintegro-Petropar-_-SEP-2026v3.pdf
loc-ueno-bd25b09eb9,ueno bank,Combustible,PETROPAR CARMEN DEL PARANA,RUTA 1 - KM 322,ENCARNACIÓN,,,,,https://www.ueno.com.py/wp-content/uploads/2026/08/Promocion-Reintegro-Petropar-_-SEP-2026v3.pdf
loc-ueno-490914f044,ueno bank,Combustible,PETROPAR CARMEN DEL PARANÁ,RUTA 1 - KM 323 - CARMEN DEL PARANÁ,ENCARNACIÓN,,,,,https://www.ueno.com.py/wp-content/uploads/2026/08/Promocion-Reintegro-Petropar-_-SEP-2026v3.pdf
loc-ueno-e6b8266e94,ueno bank,Combustible,PETROPAR JAMAB,RUTA N°2 KM 71,EUSEBIO AYALA,,,,,https://www.ueno.com.py/wp-content/uploads/2026/08/Promocion-Reintegro-Petropar-_-SEP-2026v3.pdf
loc-ueno-101bf59aa7,ueno bank,Combustible,PETROPAR RENÉ QUINTA,FINCA N° 1716. DEPARTAMENTO DE CORDILLERA,EUSEBIO AYALA,,,,,https://www.ueno.com.py/wp-content/uploads/2026/08/Promocion-Reintegro-Petropar-_-SEP-2026v3.pdf
loc-ueno-90463bd908,ueno bank,Combustible,Copetrol Encarnación Ruta 1,Ruta 1 Km 374,Encarnación,,,,,https://www.ueno.com.py/wp-content/uploads/2026/08/Beneficio-de-Reintegro-COMBUSTIBLES-_-SEP-2026v5.pdf
loc-ueno-b4115cf111,ueno bank,Combustible,Copetrol Irrazabal,Av. Irrazabal esq. Curupayty,Encarnación,,,,,https://www.ueno.com.py/wp-content/uploads/2026/08/Beneficio-de-Reintegro-COMBUSTIBLES-_-SEP-2026v5.pdf
loc-ueno-1adc3fad43,ueno bank,Combustible,Copetrol Matiauda,Av. Matiauta esq. Calle 5ta,Encarnación,,,,,https://www.ueno.com.py/wp-content/uploads/2026/08/Beneficio-de-Reintegro-COMBUSTIBLES-_-SEP-2026v5.pdf
loc-ueno-39b9198d3e,ueno bank,Combustible,Copetrol Puente,Av. San Roque e/ San Blas,Encarnación,,,,,https://www.ueno.com.py/wp-content/uploads/2026/08/Beneficio-de-Reintegro-COMBUSTIBLES-_-SEP-2026v5.pdf
loc-ueno-605ba88f02,ueno bank,Combustible,ENEX ENCARNACIÓN,"Ruta 6, ruta Juan Leon Mallorquin km 2,5",Encarnación,,,,,https://www.ueno.com.py/wp-content/uploads/2026/08/Beneficio-de-Reintegro-COMBUSTIBLES-_-SEP-2026v5.pdf
loc-ueno-70f07f316a,ueno bank,Combustible,PETROBRAS EESS BUENA VISTA ENCARNACION,Ruta Acceso Puente Internacional San Roque G. de SantaCruz,Encarnación,,,,,https://www.ueno.com.py/wp-content/uploads/2026/08/Beneficio-de-Reintegro-COMBUSTIBLES-_-SEP-2026v5.pdf
loc-ueno-844426f414,ueno bank,Combustible,PETROBRAS EESS ENCARNACION AVENIDA,Av. Bernardino Caballero casi Juan Leon Mallorquín,Encarnación,,,,,https://www.ueno.com.py/wp-content/uploads/2026/08/Beneficio-de-Reintegro-COMBUSTIBLES-_-SEP-2026v5.pdf
loc-ueno-88003ebbab,ueno bank,Combustible,PETROBRAS EESS ENCARNACION CENTRO,Mcal. Estigarribia esq. Cerro Corá,Encarnación,,,,,https://www.ueno.com.py/wp-content/uploads/2026/08/Beneficio-de-Reintegro-COMBUSTIBLES-_-SEP-2026v5.pdf
loc-ueno-9376fa6102,ueno bank,Combustible,PETROBRAS EESS ENCARNACION IRRAZABAL,Intersección de la avenida Irrazabal y la vía férrea,Encarnación,,,,,https://www.ueno.com.py/wp-content/uploads/2026/08/Beneficio-de-Reintegro-COMBUSTIBLES-_-SEP-2026v5.pdf
loc-ueno-acf24856db,ueno bank,Combustible,PETROBRAS EESS ENCARNACION LA SALIDA,"Ruta PY06 Dr. Juan L. Mallorquín - Km. 0,5",Encarnación,,,,,https://www.ueno.com.py/wp-content/uploads/2026/08/Beneficio-de-Reintegro-COMBUSTIBLES-_-SEP-2026v5.pdf
loc-ueno-a04944d513,ueno bank,Combustible,PETROBRAS EESS HOHENAU,Ruta 6 Dr. Juan L. Mallorquín - Km. 37,Encarnación,,,,,https://www.ueno.com.py/wp-content/uploads/2026/08/Beneficio-de-Reintegro-COMBUSTIBLES-_-SEP-2026v5.pdf
loc-ueno-4df55ff037,ueno bank,Combustible,PETROBRAS EESS ITACUA,Padre Juan Von Winkel camino a Itacua,Encarnación,,,,,https://www.ueno.com.py/wp-content/uploads/2026/08/Beneficio-de-Reintegro-COMBUSTIBLES-_-SEP-2026v5.pdf
loc-ueno-be28726a73,ueno bank,Combustible,PETROBRAS EESS QUITERIA ENCARNACION,Ruta 1 Mcal. Francisco S. López - Barrio Quiteria,Encarnación,,,,,https://www.ueno.com.py/wp-content/uploads/2026/08/Beneficio-de-Reintegro-COMBUSTIBLES-_-SEP-2026v5.pdf
loc-ueno-e2dbed6a9e,ueno bank,Combustible,PETROBRAS Copetrol Eusebio Ayala,"Avda. Independencia Nacional (Ruta 2, Km. 72,5, Barrero Grande)",Eusebio Ayala,,,,,https://www.ueno.com.py/wp-content/uploads/2026/08/Beneficio-de-Reintegro-COMBUSTIBLES-_-SEP-2026v5.pdf
loc-ueno-6ad8f543e8,ueno bank,Combustible,PETROPAR DEFENSORES,CERRO CORA ESQ. DE LA VICTORIA,FDO. DE LA MORA,,,,,https://www.ueno.com.py/wp-content/uploads/2026/08/Promocion-Reintegro-Petropar-_-SEP-2026v3.pdf
loc-ueno-c003df2960,ueno bank,Combustible,ESTACION 3 G PETROPAR,CAMPO VÍA ESQ. CURUPAYTY,FERNANDO DE LA MORA,,,,,https://www.ueno.com.py/wp-content/uploads/2026/08/Promocion-Reintegro-Petropar-_-SEP-2026v3.pdf
loc-ueno-ea29e3b7bb,ueno bank,Combustible,PETROPAR - MCAL LOPEZ,AVDA. MCAL. LÓPEZ Y ESTANZUELA,FERNANDO DE LA MORA,,,,,https://www.ueno.com.py/wp-content/uploads/2026/08/Promocion-Reintegro-Petropar-_-SEP-2026v3.pdf
loc-ueno-abab24b49c,ueno bank,Combustible,PETROPAR APP FERNANDO DE LA MORA,MCAL. ESTIGARRIBIA ESQ. USHER RIOS,FERNANDO DE LA MORA,,,,,https://www.ueno.com.py/wp-content/uploads/2026/08/Promocion-Reintegro-Petropar-_-SEP-2026v3.pdf
loc-ueno-314b8e3302,ueno bank,Combustible,PETROPAR APP FERNANDO DE LA MORA,AVDA. SANTA TERESA ESQ. JUAN E. O'LEARY,FERNANDO DE LA MORA,,,,,https://www.ueno.com.py/wp-content/uploads/2026/08/Promocion-Reintegro-Petropar-_-SEP-2026v3.pdf
loc-ueno-4ee1d558f1,ueno bank,Combustible,PETROPAR AV.11,11 DE SEPTIEMBRE ESQ. MÚSICOS DEL CHACO,FERNANDO DE LA MORA,,,,,https://www.ueno.com.py/wp-content/uploads/2026/08/Promocion-Reintegro-Petropar-_-SEP-2026v3.pdf
loc-ueno-8930b9becc,ueno bank,Combustible,PETROPAR ETTIENE,CALLE TTE. ETTIENE ESQ. CNEL. JOSÉ CAZAL,FERNANDO DE LA MORA,,,,,https://www.ueno.com.py/wp-content/uploads/2026/08/Promocion-Reintegro-Petropar-_-SEP-2026v3.pdf
loc-ueno-3537f2ddff,ueno bank,Combustible,PETROPAR FERNANDO DE LA MORA II,MCAL. ESTIGARRIBIA ESQ. USHER RIOS,FERNANDO DE LA MORA,,,,,https://www.ueno.com.py/wp-content/uploads/2026/08/Promocion-Reintegro-Petropar-_-SEP-2026v3.pdf
loc-ueno-c83a2ccbbe,ueno bank,Combustible,PETROPAR LAGUNA,LIBERTAD ESQ. LAGUNA GRANDE,FERNANDO DE LA MORA,,,,,https://www.ueno.com.py/wp-content/uploads/2026/08/Promocion-Reintegro-Petropar-_-SEP-2026v3.pdf
loc-ueno-3b0b7d5187,ueno bank,Combustible,PETROPAR LEOPARDI,AVDA. LEOPARDI E ITA YBATE,FERNANDO DE LA MORA,,,,,https://www.ueno.com.py/wp-content/uploads/2026/08/Promocion-Reintegro-Petropar-_-SEP-2026v3.pdf
loc-ueno-f33cc176dc,ueno bank,Combustible,PETROPAR STA.TERESA,AVDA. SANTA TERESA ESQ. JUAN E. O'LEARY,FERNANDO DE LA MORA,,,,,https://www.ueno.com.py/wp-content/uploads/2026/08/Promocion-Reintegro-Petropar-_-SEP-2026v3.pdf
loc-ueno-9f34968f4b,ueno bank,Combustible,PETROPAR TRES BOCAS,RUTA ACCESO SUR ESQ. ELSA ESCALANTE,FERNANDO DE LA MORA,,,,,https://www.ueno.com.py/wp-content/uploads/2026/08/Promocion-Reintegro-Petropar-_-SEP-2026v3.pdf
loc-ueno-bdb2f747c8,ueno bank,Combustible,Copetrol Guyra Campana,Calle Guyra Campana esq. Arasa.,Fdo. de la Mora,,,,,https://www.ueno.com.py/wp-content/uploads/2026/08/Beneficio-de-Reintegro-COMBUSTIBLES-_-SEP-2026v5.pdf
loc-ueno-150b049854,ueno bank,Combustible,Copetrol Leopardi,Av. Leopardi c/ Ayolas,Fdo. de la Mora,,,,,https://www.ueno.com.py/wp-content/uploads/2026/08/Beneficio-de-Reintegro-COMBUSTIBLES-_-SEP-2026v5.pdf
loc-ueno-0cac33d069,ueno bank,Combustible,Copetrol Libertad,Clemente Romero esq. Libertad,Fdo. de la Mora,,,,,https://www.ueno.com.py/wp-content/uploads/2026/08/Beneficio-de-Reintegro-COMBUSTIBLES-_-SEP-2026v5.pdf
loc-ueno-5557073151,ueno bank,Combustible,Copetrol Marangatu,Av. 10 de Julio esq. Ypané,Fdo. de la Mora,,,,,https://www.ueno.com.py/wp-content/uploads/2026/08/Beneficio-de-Reintegro-COMBUSTIBLES-_-SEP-2026v5.pdf
loc-ueno-e7eafbc7a3,ueno bank,Combustible,Copetrol Mundo,Mcal Lopez esq. Ingavi,Fdo. de la Mora,,,,,https://www.ueno.com.py/wp-content/uploads/2026/08/Beneficio-de-Reintegro-COMBUSTIBLES-_-SEP-2026v5.pdf
loc-ueno-e0eaee7a22,ueno bank,Combustible,ENEX DEFENSORES,Avda. Defensores del Chaco esq. Facundo Candia,Fernando de la Mora,,,,,https://www.ueno.com.py/wp-content/uploads/2026/08/Beneficio-de-Reintegro-COMBUSTIBLES-_-SEP-2026v5.pdf
loc-ueno-242b337be4,ueno bank,Combustible,PETROBRAS Copetrol Fernando de la Mora,Avda. Madame Lynch y Bernardino Caballero,Fernando de la Mora,,,,,https://www.ueno.com.py/wp-content/uploads/2026/08/Beneficio-de-Reintegro-COMBUSTIBLES-_-SEP-2026v5.pdf
loc-ueno-b4801c9b6d,ueno bank,Combustible,PETROBRAS Copetrol Fernando de la Mora,Avda. Santa Teresa y Delfín Chamorro,Fernando de la Mora,,,,,https://www.ueno.com.py/wp-content/uploads/2026/08/Beneficio-de-Reintegro-COMBUSTIBLES-_-SEP-2026v5.pdf
loc-ueno-2e30d4ab1f,ueno bank,Combustible,PETROBRAS Copetrol Fernando de la Mora,Pitiantuta y Asunción,Fernando de la Mora,,,,,https://www.ueno.com.py/wp-content/uploads/2026/08/Beneficio-de-Reintegro-COMBUSTIBLES-_-SEP-2026v5.pdf
loc-ueno-ebed328c14,ueno bank,Combustible,PETROBRAS Copetrol Fernando de la Mora,11 de Setiembre e/ 15 de Agosto y 16 de Julio,Fernando de la Mora,,,,,https://www.ueno.com.py/wp-content/uploads/2026/08/Beneficio-de-Reintegro-COMBUSTIBLES-_-SEP-2026v5.pdf
loc-ueno-9cee9ab2ee,ueno bank,Combustible,PETROBRAS Copetrol Fernando de la Mora,Avda. Zavalas Cué y Julia Miranda Cueto,Fernando de la Mora,,,,,https://www.ueno.com.py/wp-content/uploads/2026/08/Beneficio-de-Reintegro-COMBUSTIBLES-_-SEP-2026v5.pdf
loc-ueno-006bae66d0,ueno bank,Combustible,PETROBRAS Copetrol Fernando de la Mora,Avda. Zavalas Cué y Villa Hayes,Fernando de la Mora,,,,,https://www.ueno.com.py/wp-content/uploads/2026/08/Beneficio-de-Reintegro-COMBUSTIBLES-_-SEP-2026v5.pdf
loc-ueno-8473bfd2b3,ueno bank,Combustible,PETROBRAS Copetrol Fernando de la Mora,Ingavi y Campo Vía,Fernando de la Mora,,,,,https://www.ueno.com.py/wp-content/uploads/2026/08/Beneficio-de-Reintegro-COMBUSTIBLES-_-SEP-2026v5.pdf
loc-ueno-597a9fb29c,ueno bank,Combustible,PETROBRAS Copetrol Fernando de la Mora,Soldado Ovelar esq. Nueva Asunción,Fernando de la Mora,,,,,https://www.ueno.com.py/wp-content/uploads/2026/08/Beneficio-de-Reintegro-COMBUSTIBLES-_-SEP-2026v5.pdf
loc-ueno-eca9ab3af8,ueno bank,Combustible,PETROBRAS Copetrol Fernando de la Mora,Nueva Asunción y Boquerón,Fernando de la Mora,,,,,https://www.ueno.com.py/wp-content/uploads/2026/08/Beneficio-de-Reintegro-COMBUSTIBLES-_-SEP-2026v5.pdf
loc-ueno-4b3517dec7,ueno bank,Combustible,PETROBRAS Copetrol Fernando de la Mora,Laguna Grande c/ Eugenio A. Garay,Fernando de la Mora,,,,,https://www.ueno.com.py/wp-content/uploads/2026/08/Beneficio-de-Reintegro-COMBUSTIBLES-_-SEP-2026v5.pdf
loc-ueno-56135940f0,ueno bank,Combustible,PETROBRAS Copetrol Fernando de la Mora,Teniente Ettiene esq./ Las Residentas,Fernando de la Mora,,,,,https://www.ueno.com.py/wp-content/uploads/2026/08/Beneficio-de-Reintegro-COMBUSTIBLES-_-SEP-2026v5.pdf
loc-ueno-e0f5ae6202,ueno bank,Combustible,PETROBRAS Copetrol Fernando de la Mora,11 de septiembre,Fernando de la Mora,,,,,https://www.ueno.com.py/wp-content/uploads/2026/08/Beneficio-de-Reintegro-COMBUSTIBLES-_-SEP-2026v5.pdf
loc-ueno-97ef571f93,ueno bank,Combustible,PETROBRAS EESS 11 DE SEPTIEMBRE,11 de setiembre esq. Isla Poi,Fernando de la Mora,,,,,https://www.ueno.com.py/wp-content/uploads/2026/08/Beneficio-de-Reintegro-COMBUSTIBLES-_-SEP-2026v5.pdf
loc-ueno-9a5e99acb7,ueno bank,Combustible,PETROBRAS EESS ABASTO FERNANDO,Defensores del Chaco y 11 de Setiembre,Fernando de la Mora,,,,,https://www.ueno.com.py/wp-content/uploads/2026/08/Beneficio-de-Reintegro-COMBUSTIBLES-_-SEP-2026v5.pdf
loc-ueno-b8bdcf5a82,ueno bank,Combustible,PETROBRAS EESS ACCESO SUR,Intersección de las Avenidas Acceso Sur y Fortin Toledo,Fernando de la Mora,,,,,https://www.ueno.com.py/wp-content/uploads/2026/08/Beneficio-de-Reintegro-COMBUSTIBLES-_-SEP-2026v5.pdf
loc-ueno-7aca3b75db,ueno bank,Combustible,PETROBRAS EESS LAGUNA GRANDE,Laguna Grande esquina calle Brítez Borges,Fernando de la Mora,,,,,https://www.ueno.com.py/wp-content/uploads/2026/08/Beneficio-de-Reintegro-COMBUSTIBLES-_-SEP-2026v5.pdf
loc-ueno-79a1d85370,ueno bank,Combustible,PETROBRAS EESS MAG FERNANDO DE LA MORA,"Luis Alberto del Paraná,entre Cerro Porteño y Cañada del Carmen",Fernando de la Mora,,,,,https://www.ueno.com.py/wp-content/uploads/2026/08/Beneficio-de-Reintegro-COMBUSTIBLES-_-SEP-2026v5.pdf
loc-ueno-34455bbd3e,ueno bank,Combustible,PETROBRAS EESS MCAL. LÓPEZ,Avda Mariscal López esq calle Capitán Brizuela,Fernando de la Mora,,,,,https://www.ueno.com.py/wp-content/uploads/2026/08/Beneficio-de-Reintegro-COMBUSTIBLES-_-SEP-2026v5.pdf
loc-ueno-07419694da,ueno bank,Combustible,PETROBRAS EESS VILLA OLIMPIA,Avda. Mcal. López c/ Don Bosco,Fernando de la Mora,,,,,https://www.ueno.com.py/wp-content/uploads/2026/08/Beneficio-de-Reintegro-COMBUSTIBLES-_-SEP-2026v5.pdf
loc-ueno-0e789ccb82,ueno bank,Combustible,PETROPAR GRAL. GARAY,RUTA PY N° 18 COLONIA BEATO ROQUE GONZALEZ,GRAL. EUGENIO A. GARAY,,,,,https://www.ueno.com.py/wp-content/uploads/2026/08/Promocion-Reintegro-Petropar-_-SEP-2026v3.pdf
loc-ueno-31f37d1118,ueno bank,Combustible,PETROPAR GUAYAIBI,RUTA N°3 KM 243,GUAJAYVI,,,,,https://www.ueno.com.py/wp-content/uploads/2026/08/Promocion-Reintegro-Petropar-_-SEP-2026v3.pdf
loc-ueno-baf1e2e32f,ueno bank,Combustible,PETROPAR GUARAMBARÉ,RUTA GUARAMBARÉ - VILLETA,GUARAMBARÉ,,,,,https://www.ueno.com.py/wp-content/uploads/2026/08/Promocion-Reintegro-Petropar-_-SEP-2026v3.pdf
loc-ueno-75d77b00bc,ueno bank,Combustible,PETROPAR-MA.DE LOS ANGELES,RUTA ACCESO SUR,GUARAMBARÉ,,,,,https://www.ueno.com.py/wp-content/uploads/2026/08/Promocion-Reintegro-Petropar-_-SEP-2026v3.pdf
loc-ueno-aafc978fea,ueno bank,Combustible,PETROPAR COTOLENGO,"RUTA 3 GRAL ELIZARDO AQUINO, KM 170",GUAYAIVI,,,,,https://www.ueno.com.py/wp-content/uploads/2026/08/Promocion-Reintegro-Petropar-_-SEP-2026v3.pdf
loc-ueno-f1939d68b6,ueno bank,Combustible,PETROPAR LOS CORRALES,"RUTA 3 GRAL ELIZARDO AQUINO, KM 170",GUAYAIVI,,,,,https://www.ueno.com.py/wp-content/uploads/2026/08/Promocion-Reintegro-Petropar-_-SEP-2026v3.pdf
loc-ueno-455673fab4,ueno bank,Combustible,PETROBRAS Copetrol General Artigas,Cnel. Quintana y Mcal. Estigarribia,General Artigas,,,,,https://www.ueno.com.py/wp-content/uploads/2026/08/Beneficio-de-Reintegro-COMBUSTIBLES-_-SEP-2026v5.pdf
loc-ueno-c25fac5667,ueno bank,Combustible,ENEX GUARAMBARE,Ruta 1 km 14 - Acceso Sur,Guarambare,,,,,https://www.ueno.com.py/wp-content/uploads/2026/08/Beneficio-de-Reintegro-COMBUSTIBLES-_-SEP-2026v5.pdf
loc-ueno-b0b0d26667,ueno bank,Combustible,PETROBRAS Copetrol Guarambare,Ruta Guarambare/ Villeta,Guarambare,,,,,https://www.ueno.com.py/wp-content/uploads/2026/08/Beneficio-de-Reintegro-COMBUSTIBLES-_-SEP-2026v5.pdf
loc-ueno-4a2afe3c06,ueno bank,Combustible,PETROPAR HERNANDARIAS,CALLE 1 ESQ. CALLE ACOSTA ÑU ACARAYMI,HERNANDARIAS,,,,,https://www.ueno.com.py/wp-content/uploads/2026/08/Promocion-Reintegro-Petropar-_-SEP-2026v3.pdf
loc-ueno-749f2cd405,ueno bank,Combustible,PETROBRAS Copetrol Hohenau,"Ruta 6, Km. 35",Hohenau,,,,,https://www.ueno.com.py/wp-content/uploads/2026/08/Beneficio-de-Reintegro-COMBUSTIBLES-_-SEP-2026v5.pdf
loc-ueno-b702a1a34e,ueno bank,Combustible,PETROPAR ITAPÉ,RUTA TEBICUARY - ITAPE C/ DULCE NOMBRE,ITAPÉ,,,,,https://www.ueno.com.py/wp-content/uploads/2026/08/Promocion-Reintegro-Petropar-_-SEP-2026v3.pdf
loc-ueno-b83ac227de,ueno bank,Combustible,PETROPAR ITAUGUÁ,AVENIDA LONDRES ESQUINA LA DEMOCRACIA,ITAUGUÁ,,,,,https://www.ueno.com.py/wp-content/uploads/2026/08/Promocion-Reintegro-Petropar-_-SEP-2026v3.pdf
loc-ueno-ba2a0b49fa,ueno bank,Combustible,PETROPAR SAN FRANCISCO,"JUAN CRISÓSTOMO CENTURIÓN, CAÑADITA, BARRIO SAN FRANCISCO",ITAUGUÁ,,,,,https://www.ueno.com.py/wp-content/uploads/2026/08/Promocion-Reintegro-Petropar-_-SEP-2026v3.pdf
loc-ueno-aebea26e98,ueno bank,Combustible,PETROPAR SAN MIGUEL ITAUGUÁ,AVDA. GRAL. MARCIAL SAMANIEGO (ITAUGUÁ - ITÁ),ITAUGUÁ,,,,,https://www.ueno.com.py/wp-content/uploads/2026/08/Promocion-Reintegro-Petropar-_-SEP-2026v3.pdf
loc-ueno-2b7a80781c,ueno bank,Combustible,PETROPAR ITÁ,CALLE PO´I ESQ. AVEIRO C/ RUTA MARCIAL SAMANIEGO,ITÁ,,,,,https://www.ueno.com.py/wp-content/uploads/2026/08/Promocion-Reintegro-Petropar-_-SEP-2026v3.pdf
loc-ueno-6b8ff29aaf,ueno bank,Combustible,PETROPAR LAS PIEDRAS,RUTA LAS PIEDRAS,ITÁ,,,,,https://www.ueno.com.py/wp-content/uploads/2026/08/Promocion-Reintegro-Petropar-_-SEP-2026v3.pdf
loc-ueno-b3fb5452b6,ueno bank,Combustible,PETROBRAS Copetrol Isla Pucu,Calle Isla Pucu y 1° de Marzo,Isla Pucu,,,,,https://www.ueno.com.py/wp-content/uploads/2026/08/Beneficio-de-Reintegro-COMBUSTIBLES-_-SEP-2026v5.pdf
loc-ueno-a65dba5993,ueno bank,Combustible,PETROBRAS Copetrol Itacurubi,Ruta 2 km 89,Itacurubi,,,,,https://www.ueno.com.py/wp-content/uploads/2026/08/Beneficio-de-Reintegro-COMBUSTIBLES-_-SEP-2026v5.pdf
loc-ueno-b1906c5ad3,ueno bank,Combustible,PETROBRAS EESS ESTANZUELA,Ruta Aregua- Patiño,Itagua,,,,,https://www.ueno.com.py/wp-content/uploads/2026/08/Beneficio-de-Reintegro-COMBUSTIBLES-_-SEP-2026v5.pdf
loc-ueno-2e42d3f9ba,ueno bank,Combustible,PETROBRAS EESS ITAUGUA,Ruta PY02 Mcal. José Félix Estigarribia Km. 32,Itagua,,,,,https://www.ueno.com.py/wp-content/uploads/2026/08/Beneficio-de-Reintegro-COMBUSTIBLES-_-SEP-2026v5.pdf
loc-ueno-d61a4bcf27,ueno bank,Combustible,Copetrol Itaugua 2,Ruta Mcal Jose Felix Estigarribia c/ Gral. Delgado.,Itaugua,,,,,https://www.ueno.com.py/wp-content/uploads/2026/08/Beneficio-de-Reintegro-COMBUSTIBLES-_-SEP-2026v5.pdf
loc-ueno-e8c475611a,ueno bank,Combustible,Copetrol Itauguá 1,Ruta Marcial Samaniego 9997,Itaugua,,,,,https://www.ueno.com.py/wp-content/uploads/2026/08/Beneficio-de-Reintegro-COMBUSTIBLES-_-SEP-2026v5.pdf
loc-ueno-3ee968d4c6,ueno bank,Combustible,PETROBRAS Copetrol Itaugua,Ruta 2 km 29,Itaugua,,,,,https://www.ueno.com.py/wp-content/uploads/2026/08/Beneficio-de-Reintegro-COMBUSTIBLES-_-SEP-2026v5.pdf
loc-ueno-3a049887a9,ueno bank,Combustible,PETROBRAS Copetrol Itauguá,Gral. Samaniego y camino a Aveiro (Ruta Itá-Itaguá),Itauguá,,,,,https://www.ueno.com.py/wp-content/uploads/2026/08/Beneficio-de-Reintegro-COMBUSTIBLES-_-SEP-2026v5.pdf
loc-ueno-ad3e0b4919,ueno bank,Combustible,PETROBRAS Copetrol Itauguá,"PAI PEREZ Y GRAL CABALLERO 0, Asunción",Itauguá,,,,,https://www.ueno.com.py/wp-content/uploads/2026/08/Beneficio-de-Reintegro-COMBUSTIBLES-_-SEP-2026v5.pdf
loc-ueno-783b94f2c1,ueno bank,Combustible,PETROBRAS EESS ITAUGUA,Ruta 2 Mcal. Estigarribia - Km. 32,Itauguá,,,,,https://www.ueno.com.py/wp-content/uploads/2026/08/Beneficio-de-Reintegro-COMBUSTIBLES-_-SEP-2026v5.pdf
loc-ueno-2d572a0703,ueno bank,Combustible,PETROBRAS Copetrol Itá,"Ruta 1, Km. 36",Itá,,,,,https://www.ueno.com.py/wp-content/uploads/2026/08/Beneficio-de-Reintegro-COMBUSTIBLES-_-SEP-2026v5.pdf
loc-ueno-8161b3ef01,ueno bank,Combustible,PETROBRAS EESS ITA CRUCE,Ruta 1 km 37 caso desvío Itaugua,Itá,,,,,https://www.ueno.com.py/wp-content/uploads/2026/08/Beneficio-de-Reintegro-COMBUSTIBLES-_-SEP-2026v5.pdf
loc-ueno-71ee52fd1c,ueno bank,Combustible,PASEO PETROPAR JAS,"RUTA N°1, KM 24",J. AUGUSTO SALDÍVAR,,,,,https://www.ueno.com.py/wp-content/uploads/2026/08/Promocion-Reintegro-Petropar-_-SEP-2026v3.pdf
loc-ueno-09451d3614,ueno bank,Combustible,PETROPAR J. AUGUSTO SALDÍVAR,FRACCIÓN JESÚS MISERICORDIOSO.,J. AUGUSTO SALDÍVAR,,,,,https://www.ueno.com.py/wp-content/uploads/2026/08/Promocion-Reintegro-Petropar-_-SEP-2026v3.pdf
loc-ueno-b49acfe8ab,ueno bank,Combustible,PETROPAR GRUPO ISAN,CALLE INDEPENDENCIA NACIONAL,J. EULOGIO ESTIGARRIBIA,,,,,https://www.ueno.com.py/wp-content/uploads/2026/08/Promocion-Reintegro-Petropar-_-SEP-2026v3.pdf
loc-ueno-ab626cd583,ueno bank,Combustible,PETROPAR GRUPO ISAN CALLE 2,CALLE EMILIANO R. FERNÁNDEZ Y PANCHITO LÓPEZ,J. EULOGIO ESTIGARRIBIA,,,,,https://www.ueno.com.py/wp-content/uploads/2026/08/Promocion-Reintegro-Petropar-_-SEP-2026v3.pdf
loc-ueno-2325023281,ueno bank,Combustible,PETROPAR OLEARY,"RUTA PY02 KM 80, BARRIO SAN ISIDRO",JUAN E. OLEARY,,,,,https://www.ueno.com.py/wp-content/uploads/2026/08/Promocion-Reintegro-Petropar-_-SEP-2026v3.pdf
loc-ueno-eabb5f9233,ueno bank,Combustible,PETROPAR DORCAR KAARENDY,RUTA N°7 KM 270,JUAN LEÓN MALLORQUÍN,,,,,https://www.ueno.com.py/wp-content/uploads/2026/08/Promocion-Reintegro-Petropar-_-SEP-2026v3.pdf
loc-ueno-0717364d7a,ueno bank,Combustible,PETROPAR KATUETÉ,RUTA PY 03 GRAL. ELIZARDO AQUINO CASI CAM. A FACENDA PALOMA,KATUETE,,,,,https://www.ueno.com.py/wp-content/uploads/2026/08/Promocion-Reintegro-Petropar-_-SEP-2026v3.pdf
loc-ueno-87e2aecb06,ueno bank,Combustible,PETROPAR APP LAMBARÉ,AVENIDA CACIQUE LAMBARÉ ESQ. DOMINGO MARTÍNEZ DE IRALA,LAMBARÉ,,,,,https://www.ueno.com.py/wp-content/uploads/2026/08/Promocion-Reintegro-Petropar-_-SEP-2026v3.pdf
loc-ueno-2a17e15420,ueno bank,Combustible,PETROPAR APP LAMBARÉ,"CALLE MCAL. ESTIGARRIBIA ESQ. CERRO LAMBARÉ, LUGAR DONOMINADO VILLA KENNEDY II",LAMBARÉ,,,,,https://www.ueno.com.py/wp-content/uploads/2026/08/Promocion-Reintegro-Petropar-_-SEP-2026v3.pdf
loc-ueno-c70a1dbd27,ueno bank,Combustible,PETROPAR APP LAMBARÉ,CARRETERA DE LÓPEZ Y MOMPOX,LAMBARÉ,,,,,https://www.ueno.com.py/wp-content/uploads/2026/08/Promocion-Reintegro-Petropar-_-SEP-2026v3.pdf
loc-ueno-d375d37f3d,ueno bank,Combustible,PETROPAR CACIQUE,AVENIDA CACIQUE LAMBARÉ ESQ. DOMINGO MARTINEZ DE IRALA,LAMBARÉ,,,,,https://www.ueno.com.py/wp-content/uploads/2026/08/Promocion-Reintegro-Petropar-_-SEP-2026v3.pdf
loc-ueno-95ff44d50b,ueno bank,Combustible,PETROPAR IMOLA,MADRE RAVASCO Y SAN RAFAEL CASI ANTILLAS,LAMBARÉ,,,,,https://www.ueno.com.py/wp-content/uploads/2026/08/Promocion-Reintegro-Petropar-_-SEP-2026v3.pdf
loc-ueno-394cbc5992,ueno bank,Combustible,PETROPAR LAMBARE,CARRETERA DE LÓPEZ Y MOMPOX,LAMBARÉ,,,,,https://www.ueno.com.py/wp-content/uploads/2026/08/Promocion-Reintegro-Petropar-_-SEP-2026v3.pdf
loc-ueno-944246e9e4,ueno bank,Combustible,PETROPAR LAMBARE,"CALLE MCAL. ESTIGARRIBIA ESQ. CERRO LAMBARÉ, LUGAR DONOMINADO VILLA KENNEDY II",LAMBARÉ,,,,,https://www.ueno.com.py/wp-content/uploads/2026/08/Promocion-Reintegro-Petropar-_-SEP-2026v3.pdf
loc-ueno-fc29ae607e,ueno bank,Combustible,PETROPAR LAS BANDERAS,AVDA. SAN JOSÉ ZONA SUR DE LA COMPAÑÍA MBAYUE,LIMPIO,,,,,https://www.ueno.com.py/wp-content/uploads/2026/08/Promocion-Reintegro-Petropar-_-SEP-2026v3.pdf
loc-ueno-4cc3b19758,ueno bank,Combustible,PETROPAR LAS BANDERAS,RUTA LUQUE,LIMPIO,,,,,https://www.ueno.com.py/wp-content/uploads/2026/08/Promocion-Reintegro-Petropar-_-SEP-2026v3.pdf
loc-ueno-ddc156f532,ueno bank,Combustible,PETROPAR KUARAHY,"RUTA N°9 CARLOS A. LÓPEZ, KM 422, CRUCE LOMA PLATA",LOMA PLATA,,,,,https://www.ueno.com.py/wp-content/uploads/2026/08/Promocion-Reintegro-Petropar-_-SEP-2026v3.pdf
loc-ueno-6940c8a1b5,ueno bank,Combustible,PETROBRAS EESS AUTOPISTA PESA,AUTOPISTA SILVIO PETTIROSSI Y VIRGEN DE FATIMA,LUQUE,,,,,https://www.ueno.com.py/wp-content/uploads/2026/08/Beneficio-de-Reintegro-COMBUSTIBLES-_-SEP-2026v5.pdf
loc-ueno-2a573b312e,ueno bank,Combustible,PETROPAR APP LUQUE,AUTOPISTA SILVIO PETTIROSSI CASI TTE. CORONEL RAMOS,LUQUE,,,,,https://www.ueno.com.py/wp-content/uploads/2026/08/Promocion-Reintegro-Petropar-_-SEP-2026v3.pdf
loc-ueno-ff06993c22,ueno bank,Combustible,PETROPAR ISLA BOGADO,CAMPO VÍA Y LAS MONEDAS BARRIO ISLA BOGADO,LUQUE,,,,,https://www.ueno.com.py/wp-content/uploads/2026/08/Promocion-Reintegro-Petropar-_-SEP-2026v3.pdf
loc-ueno-5332cc36c4,ueno bank,Combustible,PETROPAR LUQUE,"RUTA LUQUE SAN BERNARDINO, COMPAÑÍA MARÍN CAAGUY",LUQUE,,,,,https://www.ueno.com.py/wp-content/uploads/2026/08/Promocion-Reintegro-Petropar-_-SEP-2026v3.pdf
loc-ueno-c3c4bae814,ueno bank,Combustible,PETROPAR LUQUE,"RUTA LUQUE - LIMPIO, MORA CUÉ",LUQUE,,,,,https://www.ueno.com.py/wp-content/uploads/2026/08/Promocion-Reintegro-Petropar-_-SEP-2026v3.pdf
loc-ueno-c044feb80e,ueno bank,Combustible,PETROPAR LUQUE,AVDA. PUERTO PINASCO Y CHILE,LUQUE,,,,,https://www.ueno.com.py/wp-content/uploads/2026/08/Promocion-Reintegro-Petropar-_-SEP-2026v3.pdf
loc-ueno-90b3e5aeda,ueno bank,Combustible,PETROPAR LUQUE,AVDA. ELIZARDO AQUINO ESQ. PEDRO MAYOR ECHAURI,LUQUE,,,,,https://www.ueno.com.py/wp-content/uploads/2026/08/Promocion-Reintegro-Petropar-_-SEP-2026v3.pdf
loc-ueno-69ec172a41,ueno bank,Combustible,PETROPAR LUQUE - FAP1,AUTOPISTA SILVIO PETTIROSSI CASI TTE. CORONEL RAMOS,LUQUE,,,,,https://www.ueno.com.py/wp-content/uploads/2026/08/Promocion-Reintegro-Petropar-_-SEP-2026v3.pdf
loc-ueno-d0e9d42ef1,ueno bank,Combustible,ENEX BRUNO GUGGIARI,Avda. Fernando de la Mora esq. Bruno Guggiari,Lambare,,,,,https://www.ueno.com.py/wp-content/uploads/2026/08/Beneficio-de-Reintegro-COMBUSTIBLES-_-SEP-2026v5.pdf
loc-ueno-9e15d268f3,ueno bank,Combustible,Copetrol Hernán Cortés,República Argentina y Augusto Roa Bastos,Lambaré,,,,,https://www.ueno.com.py/wp-content/uploads/2026/08/Beneficio-de-Reintegro-COMBUSTIBLES-_-SEP-2026v5.pdf
loc-ueno-82ae651d32,ueno bank,Combustible,PETROBRAS Copetrol Lambaré,Avda. Bruno Guggiari y Concejal Eliodoro R. González,Lambaré,,,,,https://www.ueno.com.py/wp-content/uploads/2026/08/Beneficio-de-Reintegro-COMBUSTIBLES-_-SEP-2026v5.pdf
loc-ueno-1d8516ee56,ueno bank,Combustible,PETROBRAS Copetrol Lambaré,Avda. Médicos del Chaco y Domínguez Martínez de Irala,Lambaré,,,,,https://www.ueno.com.py/wp-content/uploads/2026/08/Beneficio-de-Reintegro-COMBUSTIBLES-_-SEP-2026v5.pdf
loc-ueno-fdf92f2428,ueno bank,Combustible,PETROBRAS Copetrol Lambaré,Rca. Argentina c/ Guaraníes,Lambaré,,,,,https://www.ueno.com.py/wp-content/uploads/2026/08/Beneficio-de-Reintegro-COMBUSTIBLES-_-SEP-2026v5.pdf
loc-ueno-228f9054bb,ueno bank,Combustible,PETROBRAS Copetrol Lambaré,Avda. Defensores del Chaco y Rivarola Matto,Lambaré,,,,,https://www.ueno.com.py/wp-content/uploads/2026/08/Beneficio-de-Reintegro-COMBUSTIBLES-_-SEP-2026v5.pdf
loc-ueno-e013d3156b,ueno bank,Combustible,PETROBRAS EESS BERINO,Rca. Argentina y Augusto Ros Bastos,Lambaré,,,,,https://www.ueno.com.py/wp-content/uploads/2026/08/Beneficio-de-Reintegro-COMBUSTIBLES-_-SEP-2026v5.pdf
loc-ueno-8e44cbae1f,ueno bank,Combustible,PETROBRAS EESS CARRETERA DE LÓPEZ,Carretera de López y San Isidro,Lambaré,,,,,https://www.ueno.com.py/wp-content/uploads/2026/08/Beneficio-de-Reintegro-COMBUSTIBLES-_-SEP-2026v5.pdf
loc-ueno-ea2c020bf7,ueno bank,Combustible,PETROBRAS EESS LUA BRUNO GUGGIARI,Bruno Guggiari y San Rafael,Lambaré,,,,,https://www.ueno.com.py/wp-content/uploads/2026/08/Beneficio-de-Reintegro-COMBUSTIBLES-_-SEP-2026v5.pdf
loc-ueno-c0e3f267b9,ueno bank,Combustible,PETROBRAS EESS SAN SILVERIO CACIQUE,Avda. Cacique Lambaré y C. Colón,Lambaré,,,,,https://www.ueno.com.py/wp-content/uploads/2026/08/Beneficio-de-Reintegro-COMBUSTIBLES-_-SEP-2026v5.pdf
loc-ueno-76e07112de,ueno bank,Combustible,PETROBRAS EESS SAN SILVERIO CENTRAL,Avda. Cacique Lambaré y Dr. Luis Maria Argaña,Lambaré,,,,,https://www.ueno.com.py/wp-content/uploads/2026/08/Beneficio-de-Reintegro-COMBUSTIBLES-_-SEP-2026v5.pdf
loc-ueno-398427a4f2,ueno bank,Combustible,Copetrol Limpio 2,"Ruta III Gral. Aquino Km 21,5",Limpio,,,,,https://www.ueno.com.py/wp-content/uploads/2026/08/Beneficio-de-Reintegro-COMBUSTIBLES-_-SEP-2026v5.pdf
loc-ueno-fa7c4c5eb7,ueno bank,Combustible,Copetrol Limpio 3,Ruta III Gral. Aquino KM 23,Limpio,,,,,https://www.ueno.com.py/wp-content/uploads/2026/08/Beneficio-de-Reintegro-COMBUSTIBLES-_-SEP-2026v5.pdf
loc-ueno-46286d32ae,ueno bank,Combustible,Copetrol Salado,Av San Jose y Av. San Francisco Solano,Limpio,,,,,https://www.ueno.com.py/wp-content/uploads/2026/08/Beneficio-de-Reintegro-COMBUSTIBLES-_-SEP-2026v5.pdf
loc-ueno-9eb9422081,ueno bank,Combustible,ENEX LIMPIO,Avda. San José esq. 29 de septiembre,Limpio,,,,,https://www.ueno.com.py/wp-content/uploads/2026/08/Beneficio-de-Reintegro-COMBUSTIBLES-_-SEP-2026v5.pdf
loc-ueno-e394adff72,ueno bank,Combustible,ENEX LIMPIO R3,Ruta 3 km 24,Limpio,,,,,https://www.ueno.com.py/wp-content/uploads/2026/08/Beneficio-de-Reintegro-COMBUSTIBLES-_-SEP-2026v5.pdf
loc-ueno-5f0f3b4ecb,ueno bank,Combustible,PETROBRAS Copetrol Limpio,Calle San Isidro y Calle Pública,Limpio,,,,,https://www.ueno.com.py/wp-content/uploads/2026/08/Beneficio-de-Reintegro-COMBUSTIBLES-_-SEP-2026v5.pdf
loc-ueno-a4d251e37b,ueno bank,Combustible,Copetrol Autopista,Av.Silvio Pettirossi y Cochabamba,Luque,,,,,https://www.ueno.com.py/wp-content/uploads/2026/08/Beneficio-de-Reintegro-COMBUSTIBLES-_-SEP-2026v5.pdf
loc-ueno-e2fb8b9ff9,ueno bank,Combustible,Copetrol Luque 1,Av. San Martin c/Cnel. Oviedo,Luque,,,,,https://www.ueno.com.py/wp-content/uploads/2026/08/Beneficio-de-Reintegro-COMBUSTIBLES-_-SEP-2026v5.pdf
loc-ueno-ab3a7b67f9,ueno bank,Combustible,Copetrol Luque 2,Av. Corrales esq. Camboriú,Luque,,,,,https://www.ueno.com.py/wp-content/uploads/2026/08/Beneficio-de-Reintegro-COMBUSTIBLES-_-SEP-2026v5.pdf
loc-ueno-eb80a04563,ueno bank,Combustible,Copetrol Luque 5,Rosario esq. Paso Bogarin,Luque,,,,,https://www.ueno.com.py/wp-content/uploads/2026/08/Beneficio-de-Reintegro-COMBUSTIBLES-_-SEP-2026v5.pdf
loc-ueno-301f6c3a71,ueno bank,Combustible,Copetrol Luque 6,Libertad y Taruma,Luque,,,,,https://www.ueno.com.py/wp-content/uploads/2026/08/Beneficio-de-Reintegro-COMBUSTIBLES-_-SEP-2026v5.pdf
loc-ueno-deeea78861,ueno bank,Combustible,ENEX LUQUE CENTRO,Avda. Gral Aquino esq. Alberdi,Luque,,,,,https://www.ueno.com.py/wp-content/uploads/2026/08/Beneficio-de-Reintegro-COMBUSTIBLES-_-SEP-2026v5.pdf
loc-ueno-ff9e422de8,ueno bank,Combustible,PETROBRAS Copetrol Luque,Avda. Gral. Manuel Britez B. y La Victoria,Luque,,,,,https://www.ueno.com.py/wp-content/uploads/2026/08/Beneficio-de-Reintegro-COMBUSTIBLES-_-SEP-2026v5.pdf
loc-ueno-e4307595c6,ueno bank,Combustible,PETROBRAS Copetrol Luque,Iturbe y Valeriano Zeballos,Luque,,,,,https://www.ueno.com.py/wp-content/uploads/2026/08/Beneficio-de-Reintegro-COMBUSTIBLES-_-SEP-2026v5.pdf
loc-ueno-6ec306d53c,ueno bank,Combustible,PETROBRAS Copetrol Luque,Pedro Juan Caballero y Eugenio A. Garay (4º Barrio),Luque,,,,,https://www.ueno.com.py/wp-content/uploads/2026/08/Beneficio-de-Reintegro-COMBUSTIBLES-_-SEP-2026v5.pdf
loc-ueno-4abe50d2f7,ueno bank,Combustible,PETROBRAS Copetrol Luque,Capitán Andrés Insfran y Floresta,Luque,,,,,https://www.ueno.com.py/wp-content/uploads/2026/08/Beneficio-de-Reintegro-COMBUSTIBLES-_-SEP-2026v5.pdf
loc-ueno-e643c23f34,ueno bank,Combustible,PETROBRAS Copetrol Luque,Libertador de América y Felipe Gonzalez,Luque,,,,,https://www.ueno.com.py/wp-content/uploads/2026/08/Beneficio-de-Reintegro-COMBUSTIBLES-_-SEP-2026v5.pdf
loc-ueno-dd0415dc2b,ueno bank,Combustible,PETROBRAS Copetrol Luque,Coronel Martínez esq. Profesor Guillermo Leoz,Luque,,,,,https://www.ueno.com.py/wp-content/uploads/2026/08/Beneficio-de-Reintegro-COMBUSTIBLES-_-SEP-2026v5.pdf
loc-ueno-6cd38854b8,ueno bank,Combustible,PETROBRAS Copetrol Luque,Ruta Luque - San Bernardino,Luque,,,,,https://www.ueno.com.py/wp-content/uploads/2026/08/Beneficio-de-Reintegro-COMBUSTIBLES-_-SEP-2026v5.pdf
loc-ueno-e1cd48b01d,ueno bank,Combustible,PETROBRAS Copetrol Luque,"CLAUDIO ARRUA E UNANUE 0, Asunción",Luque,,,,,https://www.ueno.com.py/wp-content/uploads/2026/08/Beneficio-de-Reintegro-COMBUSTIBLES-_-SEP-2026v5.pdf
loc-ueno-3787b01628,ueno bank,Combustible,PETROBRAS Copetrol Luque,Avda General Aquino y Villa Aurelia,Luque,,,,,https://www.ueno.com.py/wp-content/uploads/2026/08/Beneficio-de-Reintegro-COMBUSTIBLES-_-SEP-2026v5.pdf
loc-ueno-6b07afcf29,ueno bank,Combustible,PETROBRAS Copetrol Luque,Avda Gral Aquino y Ladislao Orrego.,Luque,,,,,https://www.ueno.com.py/wp-content/uploads/2026/08/Beneficio-de-Reintegro-COMBUSTIBLES-_-SEP-2026v5.pdf
loc-ueno-466a5397cd,ueno bank,Combustible,PETROBRAS Copetrol Luque San Ber,Luque San Bernardino y calle Cirilla Luque,Luque,,,,,https://www.ueno.com.py/wp-content/uploads/2026/08/Beneficio-de-Reintegro-COMBUSTIBLES-_-SEP-2026v5.pdf
loc-ueno-fc9f4c8ca6,ueno bank,Combustible,PETROBRAS EESS AEROPUERTO,Autopista Silvio Pettirossi y callejón - Aeropuerto,Luque,,,,,https://www.ueno.com.py/wp-content/uploads/2026/08/Beneficio-de-Reintegro-COMBUSTIBLES-_-SEP-2026v5.pdf
loc-ueno-ceb9b07354,ueno bank,Combustible,PETROBRAS EESS LAURELTY URBANA,Campo Vía y Vapor Cue,Luque,,,,,https://www.ueno.com.py/wp-content/uploads/2026/08/Beneficio-de-Reintegro-COMBUSTIBLES-_-SEP-2026v5.pdf
loc-ueno-3de47354d1,ueno bank,Combustible,PETROBRAS EESS LUQUE AREGUA,Avda. De las Residentas y la Encarnación,Luque,,,,,https://www.ueno.com.py/wp-content/uploads/2026/08/Beneficio-de-Reintegro-COMBUSTIBLES-_-SEP-2026v5.pdf
loc-ueno-1c44188b5b,ueno bank,Combustible,PETROBRAS EESS PORTAL DE LUQUE,Av. Gral Elizardo Aquino y Av. Conf. Sudamericana de Fútbol.,Luque,,,,,https://www.ueno.com.py/wp-content/uploads/2026/08/Beneficio-de-Reintegro-COMBUSTIBLES-_-SEP-2026v5.pdf
loc-ueno-593936d3f0,ueno bank,Combustible,PETROPAR APP MARIANO R. ALONSO,RUTA NACIONAL PY-09 TRANSCHACO ESQ. LUIS A. DE HERRERA,MARIANO R. ALONSO,,,,,https://www.ueno.com.py/wp-content/uploads/2026/08/Promocion-Reintegro-Petropar-_-SEP-2026v3.pdf
loc-ueno-b08fb2e343,ueno bank,Combustible,PETROPAR APP MARIANO R. ALONSO,CALLE GRAL. BERNARDINO CABALLERO ESQUINA CONCORDIA,MARIANO R. ALONSO,,,,,https://www.ueno.com.py/wp-content/uploads/2026/08/Promocion-Reintegro-Petropar-_-SEP-2026v3.pdf
loc-ueno-5bfa751593,ueno bank,Combustible,PETROPAR MRA,RUTA NACIONAL PY-09 TRANSCHACO ESQ. LUIS A. DE HERRERA (LOS NIETOS),MARIANO R. ALONSO,,,,,https://www.ueno.com.py/wp-content/uploads/2026/08/Promocion-Reintegro-Petropar-_-SEP-2026v3.pdf
loc-ueno-adab6416fb,ueno bank,Combustible,PETROPAR MRA 2,RUTA NACIONAL PY-09 TRANSCHACO ESQ. JUAN DE AYOLAS,MARIANO R. ALONSO,,,,,https://www.ueno.com.py/wp-content/uploads/2026/08/Promocion-Reintegro-Petropar-_-SEP-2026v3.pdf
loc-ueno-495d7b8928,ueno bank,Combustible,PETROPAR MRA 3,SOLDADO ROBUSTIANO QUINTANA E/ ALBERDI Y M. DOMINGUEZ,MARIANO R. ALONSO,,,,,https://www.ueno.com.py/wp-content/uploads/2026/08/Promocion-Reintegro-Petropar-_-SEP-2026v3.pdf
loc-ueno-70be41664a,ueno bank,Combustible,PETROPAR-MJT,AVDA. JUAN R.CHAVEZ Y JUAN L. MALLORQUÍN.,MAURICIO JOSÉ TROCHE,,,,,https://www.ueno.com.py/wp-content/uploads/2026/08/Promocion-Reintegro-Petropar-_-SEP-2026v3.pdf
loc-ueno-54731de208,ueno bank,Combustible,PETROPAR MCAL ESTIGARRIBIA,RUTA TRANSCHACO KM 527,MCAL. ESTIGARRIBIA,,,,,https://www.ueno.com.py/wp-content/uploads/2026/08/Promocion-Reintegro-Petropar-_-SEP-2026v3.pdf
loc-ueno-7dd18884ee,ueno bank,Combustible,PETROPAR SERMAK,RUTA N°6 “DR. JUAN LEÓN MALLORQUÍN”,MINGA GUAZÚ,,,,,https://www.ueno.com.py/wp-content/uploads/2026/08/Promocion-Reintegro-Petropar-_-SEP-2026v3.pdf
loc-ueno-84fd901726,ueno bank,Combustible,Copetrol Mariano,Ruta Tranchaco esq. Cnel. Irrazábal.,MRA,,,,,https://www.ueno.com.py/wp-content/uploads/2026/08/Beneficio-de-Reintegro-COMBUSTIBLES-_-SEP-2026v5.pdf
loc-ueno-bc78807d41,ueno bank,Combustible,PETROBRAS Copetrol Mariano Roque Alonso,Ruta Transchaco Y Medalla Milagrosa,Mariano Roque Alonso,,,,,https://www.ueno.com.py/wp-content/uploads/2026/08/Beneficio-de-Reintegro-COMBUSTIBLES-_-SEP-2026v5.pdf
loc-ueno-1e5b5f79d2,ueno bank,Combustible,PETROBRAS Copetrol Mariano Roque Alonso,Calle 3 de Febrero e/ Calle 1 y Calle 2,Mariano Roque Alonso,,,,,https://www.ueno.com.py/wp-content/uploads/2026/08/Beneficio-de-Reintegro-COMBUSTIBLES-_-SEP-2026v5.pdf
loc-ueno-1f487018e6,ueno bank,Combustible,PETROBRAS EESS LA RURAL,Ruta Transchaco y Waldino Ramón Lovera,Mariano Roque Alonso,,,,,https://www.ueno.com.py/wp-content/uploads/2026/08/Beneficio-de-Reintegro-COMBUSTIBLES-_-SEP-2026v5.pdf
loc-ueno-f7fefc40c7,ueno bank,Combustible,PETROBRAS EESS LUA AEROPUERTO,Calle Gral. Bernardino Caballero y Arecayá,Mariano Roque Alonso,,,,,https://www.ueno.com.py/wp-content/uploads/2026/08/Beneficio-de-Reintegro-COMBUSTIBLES-_-SEP-2026v5.pdf
loc-ueno-055bcbc419,ueno bank,Combustible,PETROBRAS EESS PUENTE REMANSO,Ruta Transchaco- Km- 19 - Remanso Castillo,Mariano Roque Alonso,,,,,https://www.ueno.com.py/wp-content/uploads/2026/08/Beneficio-de-Reintegro-COMBUSTIBLES-_-SEP-2026v5.pdf
loc-ueno-ae2d4a2b7f,ueno bank,Combustible,PETROBRAS EESS RUTA 3 MRA,Ruta PY03 Gral. Elizardo Aquino C/ Gral. Bernardino Caballero,Mariano Roque Alonso,,,,,https://www.ueno.com.py/wp-content/uploads/2026/08/Beneficio-de-Reintegro-COMBUSTIBLES-_-SEP-2026v5.pdf
loc-ueno-2afedcaf0a,ueno bank,Combustible,Copetrol Aeropuerto,Ruta Departamental DO 25 y Mburucuya,Mariano Roque Alonso.,,,,,https://www.ueno.com.py/wp-content/uploads/2026/08/Beneficio-de-Reintegro-COMBUSTIBLES-_-SEP-2026v5.pdf
loc-ueno-070a08932f,ueno bank,Combustible,PETROBRAS Copetrol María Auxiliadora,"María Auxiliadora, Km. 43",María Auxiliadora,,,,,https://www.ueno.com.py/wp-content/uploads/2026/08/Beneficio-de-Reintegro-COMBUSTIBLES-_-SEP-2026v5.pdf
loc-ueno-226794f7da,ueno bank,Combustible,Copetrol San Ignacio,Av. Felix Bogado e/ Iturbe,Misiones,,,,,https://www.ueno.com.py/wp-content/uploads/2026/08/Beneficio-de-Reintegro-COMBUSTIBLES-_-SEP-2026v5.pdf
loc-ueno-52328df5d7,ueno bank,Combustible,PETROBRAS Copetrol Itapua,Ruta 6ta KM 140,Naranjita,,,,,https://www.ueno.com.py/wp-content/uploads/2026/08/Beneficio-de-Reintegro-COMBUSTIBLES-_-SEP-2026v5.pdf
loc-ueno-d6773cffbe,ueno bank,Combustible,PETROPAR OBLIGADO,RUTA 6,OBLIGADO,,,,,https://www.ueno.com.py/wp-content/uploads/2026/08/Promocion-Reintegro-Petropar-_-SEP-2026v3.pdf
loc-ueno-da0a59640d,ueno bank,Combustible,PETROPAR PETROSUR OBLIGADO,"RUTA N° 6 DR. JUAN LEÓN MALLORQUÍN, KM 39",OBLIGADO,,,,,https://www.ueno.com.py/wp-content/uploads/2026/08/Promocion-Reintegro-Petropar-_-SEP-2026v3.pdf
loc-ueno-f744cb5f0b,ueno bank,Combustible,PETROBRAS EESS COLONIAS UNIDAS,Ruta PY06 Dr. Juan L. Mallorquín - Km 40,Obligado,,,,,https://www.ueno.com.py/wp-content/uploads/2026/08/Beneficio-de-Reintegro-COMBUSTIBLES-_-SEP-2026v5.pdf
loc-ueno-946a99962f,ueno bank,Combustible,PETROPAR PJC,CAMPEONES DEL 65,P. J. CABALLERO,,,,,https://www.ueno.com.py/wp-content/uploads/2026/08/Promocion-Reintegro-Petropar-_-SEP-2026v3.pdf
loc-ueno-161f393c39,ueno bank,Combustible,PETROPAR PJC,URUNDEY,P. J. CABALLERO,,,,,https://www.ueno.com.py/wp-content/uploads/2026/08/Promocion-Reintegro-Petropar-_-SEP-2026v3.pdf
loc-ueno-52a72b4292,ueno bank,Combustible,PETROPAR COSTA PRIMERA,"RUTA TOMÁS ROMERO PEREIRA, RAMAL PARAGUARÍ - PIRAYÚ, KM3",PARAGUARÍ,,,,,https://www.ueno.com.py/wp-content/uploads/2026/08/Promocion-Reintegro-Petropar-_-SEP-2026v3.pdf
loc-ueno-5a0bccd957,ueno bank,Combustible,PETROPAR PARAGUARI,"RUTA N°1 KM 64, ENTRE COLÓN E YTORORÓ",PARAGUARÍ,,,,,https://www.ueno.com.py/wp-content/uploads/2026/08/Promocion-Reintegro-Petropar-_-SEP-2026v3.pdf
loc-ueno-ec6f21ac7f,ueno bank,Combustible,PETROPAR PEDRO JUAN,3SV SUC 03 PLAYA 1 Pedro Juan Ca-SUC 03 PLAYA 1 CAMPEONES DEL 65,PEDRO JUAN CABALLERO,,,,,https://www.ueno.com.py/wp-content/uploads/2026/08/Promocion-Reintegro-Petropar-_-SEP-2026v3.pdf
loc-ueno-d8e67ecac2,ueno bank,Combustible,PETROPAR PJC,AVENIDA JOSÉ BERGES ESQ. SILVIO PETIROSSI,PEDRO JUAN CABALLERO,,,,,https://www.ueno.com.py/wp-content/uploads/2026/08/Promocion-Reintegro-Petropar-_-SEP-2026v3.pdf
loc-ueno-9f0ac57f58,ueno bank,Combustible,PETROPAR PJC,AVDA. FERNANDO DE LA MORA ENTE URUNDEY Y YVRA PYTA,PEDRO JUAN CABALLERO,,,,,https://www.ueno.com.py/wp-content/uploads/2026/08/Promocion-Reintegro-Petropar-_-SEP-2026v3.pdf
loc-ueno-1b96913dc0,ueno bank,Combustible,PETROPAR PIRAYÚ,RUTA YPACARAI PIRAYU,PIRAYU,,,,,https://www.ueno.com.py/wp-content/uploads/2026/08/Promocion-Reintegro-Petropar-_-SEP-2026v3.pdf
loc-ueno-1056b4aaf0,ueno bank,Combustible,PETROPAR PEDRO JUAN,Urundey - PJC,PJC,,,,,https://www.ueno.com.py/wp-content/uploads/2026/08/Promocion-Reintegro-Petropar-_-SEP-2026v3.pdf
loc-ueno-f8de837bd5,ueno bank,Combustible,PETROPAR KB,AVDA. MARISCAL ESTIGARRIBIA ESQ. YTORORO,PRESIDENTE FRANCO,,,,,https://www.ueno.com.py/wp-content/uploads/2026/08/Promocion-Reintegro-Petropar-_-SEP-2026v3.pdf
loc-ueno-53f93f4b0a,ueno bank,Combustible,Copetrol Paraguari,Ruta 1 KM 65 desvio Villa Rica,Paraguari,,,,,https://www.ueno.com.py/wp-content/uploads/2026/08/Beneficio-de-Reintegro-COMBUSTIBLES-_-SEP-2026v5.pdf
loc-ueno-d53c6947bd,ueno bank,Combustible,PETROBRAS EESS CRUCE PARAGUARI VILLARRICA,Ruta 1 km 65 Cruce Paraguari Villarrica,Paraguari,,,,,https://www.ueno.com.py/wp-content/uploads/2026/08/Beneficio-de-Reintegro-COMBUSTIBLES-_-SEP-2026v5.pdf
loc-ueno-af17f058c0,ueno bank,Combustible,PETROBRAS EESS PARAGUARI,Ruta 1 Mcal. Francisco S. López Km. 65 esq. Asunción,Paraguari,,,,,https://www.ueno.com.py/wp-content/uploads/2026/08/Beneficio-de-Reintegro-COMBUSTIBLES-_-SEP-2026v5.pdf
loc-ueno-5708a82a26,ueno bank,Combustible,PETROBRAS Copetrol Pilar,Ruta Py 04 - Esquina Roberto Cabañas,Pilar,,,,,https://www.ueno.com.py/wp-content/uploads/2026/08/Beneficio-de-Reintegro-COMBUSTIBLES-_-SEP-2026v5.pdf
loc-ueno-a3d9c7b3c3,ueno bank,Combustible,PETROBRAS EESS PILAR,Calle 14 de Mayo,Pilar,,,,,https://www.ueno.com.py/wp-content/uploads/2026/08/Beneficio-de-Reintegro-COMBUSTIBLES-_-SEP-2026v5.pdf
loc-ueno-3d6a629a0d,ueno bank,Combustible,PETROBRAS Copetrol Pirapó,"Ruta 6, Km. 85",Pirapó,,,,,https://www.ueno.com.py/wp-content/uploads/2026/08/Beneficio-de-Reintegro-COMBUSTIBLES-_-SEP-2026v5.pdf
loc-ueno-0a63e3cf83,ueno bank,Combustible,PETROPAR QUIINDY,RUTA PY01 MARISCAL FRANCISCO SOLANO LÓPEZ KM 110,QUIINDY,,,,,https://www.ueno.com.py/wp-content/uploads/2026/08/Promocion-Reintegro-Petropar-_-SEP-2026v3.pdf
loc-ueno-9a595a712a,ueno bank,Combustible,PETROPAR QUINDY,RUTA N1 KM 120,QUIINDY,,,,,https://www.ueno.com.py/wp-content/uploads/2026/08/Promocion-Reintegro-Petropar-_-SEP-2026v3.pdf
loc-ueno-5f020717cb,ueno bank,Combustible,PETROPAR SAN BLAS,"RUTA N°1 KM 120, LUGAR DENOMINADO VALLE APUA",QUIINDY,,,,,https://www.ueno.com.py/wp-content/uploads/2026/08/Promocion-Reintegro-Petropar-_-SEP-2026v3.pdf
loc-ueno-d3cea0c990,ueno bank,Combustible,PETROPAR RAUL OVIEDO,"RUTA RAMAL CAMPO 9 , CONOCIDA COMO CRUCE SAN RAMÓN",RAÚL A. OVIEDO,,,,,https://www.ueno.com.py/wp-content/uploads/2026/08/Promocion-Reintegro-Petropar-_-SEP-2026v3.pdf
loc-ueno-d25b13f77b,ueno bank,Combustible,PETROPAR LOS HERMANOS,CARLOS A. LÓPEZ ESQ. JUAN MANUEL FRUTOS,REPATRIACIÓN,,,,,https://www.ueno.com.py/wp-content/uploads/2026/08/Promocion-Reintegro-Petropar-_-SEP-2026v3.pdf
loc-ueno-2f164f28f7,ueno bank,Combustible,PETROPAR SALTO DEL GUAIRÁ,"RUTA N°10 ""LAS RESIDENTAS"" KM 2",SALTO DEL GUAIRÁ,,,,,https://www.ueno.com.py/wp-content/uploads/2026/08/Promocion-Reintegro-Petropar-_-SEP-2026v3.pdf
loc-ueno-8e36d01f95,ueno bank,Combustible,PETROPAR TABOR SAN ANTONIO,CALLE MCAL. LÓPEZ CASI AVENIDA SAN ANTONIO,SAN ANTONIO,,,,,https://www.ueno.com.py/wp-content/uploads/2026/08/Promocion-Reintegro-Petropar-_-SEP-2026v3.pdf
loc-ueno-aec3cf4913,ueno bank,Combustible,PETROPAR TRES FRONTERAS,AVDA. LAS MERCEDES C/ STA. ROSA,SAN ANTONIO,,,,,https://www.ueno.com.py/wp-content/uploads/2026/08/Promocion-Reintegro-Petropar-_-SEP-2026v3.pdf
loc-ueno-56fa5ea383,ueno bank,Combustible,PETROPAR - GRUPO FAFRA,AVENIDA GUILLERMO Y ROSA AMENDOLA,SAN BERNARDINO,,,,,https://www.ueno.com.py/wp-content/uploads/2026/08/Promocion-Reintegro-Petropar-_-SEP-2026v3.pdf
loc-ueno-b3c1436908,ueno bank,Combustible,PETROPAR MONTE ALTO,BERNARDINO CABALLERO ESQ. ITURBE BARRIO MONTE ALTO,SAN ESTANISLAO,,,,,https://www.ueno.com.py/wp-content/uploads/2026/08/Promocion-Reintegro-Petropar-_-SEP-2026v3.pdf
loc-ueno-c50de44280,ueno bank,Combustible,PETROPAR SANTANI,BERNARDINO CABALLERO ESQ. ITURBE BARRIO MONTE ALTO,SAN ESTANISLAO,,,,,https://www.ueno.com.py/wp-content/uploads/2026/08/Promocion-Reintegro-Petropar-_-SEP-2026v3.pdf
loc-ueno-3b9c28992a,ueno bank,Combustible,PETROBRAS EESS SAN IGNACIO RUTA,Ruta 1 Mcal. Francisco S. López Km. 224,SAN IGNACIO,,,,,https://www.ueno.com.py/wp-content/uploads/2026/08/Beneficio-de-Reintegro-COMBUSTIBLES-_-SEP-2026v5.pdf
loc-ueno-9f28e38f4a,ueno bank,Combustible,PETROPAR SAN IGNACIO,RUTA N°4 GENERAL DÍAZ,SAN IGNACIO,,,,,https://www.ueno.com.py/wp-content/uploads/2026/08/Promocion-Reintegro-Petropar-_-SEP-2026v3.pdf
loc-ueno-56cfa2c06d,ueno bank,Combustible,PETROPAR SAN IGNACIO,RUTA 4 GENERAL DIAZ,SAN IGNACIO,,,,,https://www.ueno.com.py/wp-content/uploads/2026/08/Promocion-Reintegro-Petropar-_-SEP-2026v3.pdf
loc-ueno-3ca93c71fc,ueno bank,Combustible,PETROPAR-SAN IGNACIO,"RUTA N°1, KM 228",SAN IGNACIO,,,,,https://www.ueno.com.py/wp-content/uploads/2026/08/Promocion-Reintegro-Petropar-_-SEP-2026v3.pdf
loc-ueno-9dd33071f3,ueno bank,Combustible,PETROPAR SAN JOAQUIN,LUGAR DENOMINADO RAMAL RUTA 13,SAN JOAQUIN,,,,,https://www.ueno.com.py/wp-content/uploads/2026/08/Promocion-Reintegro-Petropar-_-SEP-2026v3.pdf
loc-ueno-9f7c2c46b8,ueno bank,Combustible,PETROPAR SAN ISIDRO,"RUTA N°2, KM 102",SAN JOSÉ DE LOS ARROYOS,,,,,https://www.ueno.com.py/wp-content/uploads/2026/08/Promocion-Reintegro-Petropar-_-SEP-2026v3.pdf
loc-ueno-0b87af5318,ueno bank,Combustible,PETROPAR SAN JUAN N.,"RUTA N°8 BLAS GARAY KM 230, RAMAL ÑUMI - SAN JUAN NEPOMUCENO",SAN JUAN NEPOMUCENO,,,,,https://www.ueno.com.py/wp-content/uploads/2026/08/Promocion-Reintegro-Petropar-_-SEP-2026v3.pdf
loc-ueno-e5a94f8f40,ueno bank,Combustible,PETROPAR ARASUNU,AVDA. PASTORA CÉSPEDES Y 11 DE SEPTIEMBRE,SAN LORENZO,,,,,https://www.ueno.com.py/wp-content/uploads/2026/08/Promocion-Reintegro-Petropar-_-SEP-2026v3.pdf
loc-ueno-34e13693eb,ueno bank,Combustible,PETROPAR CAPILLA DEL MONTE,TRIUNVIRATO ESQ. PROF. VITTORIO CURIEL,SAN LORENZO,,,,,https://www.ueno.com.py/wp-content/uploads/2026/08/Promocion-Reintegro-Petropar-_-SEP-2026v3.pdf
loc-ueno-34f21b9d4a,ueno bank,Combustible,PETROPAR EX SAN MARTÍN,"LUGAR DENOMINADO LAURELTY, BARRIO SAGRADA FAMILIA",SAN LORENZO,,,,,https://www.ueno.com.py/wp-content/uploads/2026/08/Promocion-Reintegro-Petropar-_-SEP-2026v3.pdf
loc-ueno-97ce1bf3bc,ueno bank,Combustible,PETROPAR LA VICTORIA,CALLE PORVENIR Y ALFREDO BOZZANO,SAN LORENZO,,,,,https://www.ueno.com.py/wp-content/uploads/2026/08/Promocion-Reintegro-Petropar-_-SEP-2026v3.pdf
loc-ueno-03e9159f5c,ueno bank,Combustible,PETROPAR SAN LORENZO,AVDA. MCAL. LÓPEZ ESQ. 1° DE MARZO,SAN LORENZO,,,,,https://www.ueno.com.py/wp-content/uploads/2026/08/Promocion-Reintegro-Petropar-_-SEP-2026v3.pdf
loc-ueno-bda8a53e0a,ueno bank,Combustible,PETROPAR SAN LORENZO,"11 DE SEPTIEMBRE ESQ. NILO MEYER, BARRIO SANTA ANA",SAN LORENZO,,,,,https://www.ueno.com.py/wp-content/uploads/2026/08/Promocion-Reintegro-Petropar-_-SEP-2026v3.pdf
loc-ueno-09d5dbe793,ueno bank,Combustible,PETROPAR SAN PEDRO,"AVDA. GABRIEL PELLON ESQ. TTE. ROCHOLL, LAURELTY, BARRIO SAGRADA FAMILIA",SAN LORENZO,,,,,https://www.ueno.com.py/wp-content/uploads/2026/08/Promocion-Reintegro-Petropar-_-SEP-2026v3.pdf
loc-ueno-61cf10cea1,ueno bank,Combustible,PETROPAR SANTA MARIA,"CALLE 16 ESQ. CALLE 9, BARRIO SANTA MARÍA",SAN LORENZO,,,,,https://www.ueno.com.py/wp-content/uploads/2026/08/Promocion-Reintegro-Petropar-_-SEP-2026v3.pdf
loc-ueno-8750bf0a0b,ueno bank,Combustible,PETROPAR TTE. MOLAS,TENIENTE MOLAS ESQ. JUAN A. MELGAREJO,SAN LORENZO,,,,,https://www.ueno.com.py/wp-content/uploads/2026/08/Promocion-Reintegro-Petropar-_-SEP-2026v3.pdf
loc-ueno-36b17fef66,ueno bank,Combustible,PETROPAR- GRUPO AREVE,AVDA. DE LA VICTORIA ENTRE LA CALLE AMAMBAY,SAN LORENZO,,,,,https://www.ueno.com.py/wp-content/uploads/2026/08/Promocion-Reintegro-Petropar-_-SEP-2026v3.pdf
loc-ueno-e0e70ff223,ueno bank,Combustible,PETROPAR SAN PEDRO,RUTA PYB06,SAN PEDRO,,,,,https://www.ueno.com.py/wp-content/uploads/2026/08/Promocion-Reintegro-Petropar-_-SEP-2026v3.pdf
loc-ueno-a4c55758d4,ueno bank,Combustible,PETROPAR SAN PEDRO DEL PARANA,RUTA PY08 DR. BLAS GARAY Y RUTA D048,SAN PEDRO DEL PARANA,,,,,https://www.ueno.com.py/wp-content/uploads/2026/08/Promocion-Reintegro-Petropar-_-SEP-2026v3.pdf
loc-ueno-ceb601df2d,ueno bank,Combustible,PETROPAR SAN PEDRO DEL YC,ENTRADA SAN PEDRO DEL YCYAMANDYJU,SAN PEDRO DEL YCYAMANDYJU,,,,,https://www.ueno.com.py/wp-content/uploads/2026/08/Promocion-Reintegro-Petropar-_-SEP-2026v3.pdf
loc-ueno-5529f4e151,ueno bank,Combustible,PETROBRAS EESS CRUCE SANTA ROSA,Ruta 1 Mcal. Francisco S. López - Km. 243 - Cruce Santa Rosa,SANTA ROSA,,,,,https://www.ueno.com.py/wp-content/uploads/2026/08/Beneficio-de-Reintegro-COMBUSTIBLES-_-SEP-2026v5.pdf
loc-ueno-0e984e80e9,ueno bank,Combustible,PETROPAR-SANTA ROSA LIMA,RUTA PY01 MARISCAL FRANCISCO SOLANO LÓPEZ Y FLORIDA,SANTA ROSA DE LIMA,,,,,https://www.ueno.com.py/wp-content/uploads/2026/08/Promocion-Reintegro-Petropar-_-SEP-2026v3.pdf
loc-ueno-45fe99838f,ueno bank,Combustible,PETROPAR SANTA ROSA DEL AG,RUTA 8 BLAS GARAY,SANTA ROSA DEL AGUARAY,,,,,https://www.ueno.com.py/wp-content/uploads/2026/08/Promocion-Reintegro-Petropar-_-SEP-2026v3.pdf
loc-ueno-9e16708234,ueno bank,Combustible,PETROPAR SANTA ROSA MK,RUTA 8 BLAS GARAY,SANTA ROSA DEL AGUARAY,,,,,https://www.ueno.com.py/wp-content/uploads/2026/08/Promocion-Reintegro-Petropar-_-SEP-2026v3.pdf
loc-ueno-29a1e53e55,ueno bank,Combustible,PETROPAR SANTANI,SANTANI - CRUCE TACUARA,SANTANI,,,,,https://www.ueno.com.py/wp-content/uploads/2026/08/Promocion-Reintegro-Petropar-_-SEP-2026v3.pdf
loc-ueno-a23817c93c,ueno bank,Combustible,PETROBRAS EESS SAN ALBERTO CENTRO,Avda. Mcal López c/ Simón Bolívar.,San Alberto,,,,,https://www.ueno.com.py/wp-content/uploads/2026/08/Beneficio-de-Reintegro-COMBUSTIBLES-_-SEP-2026v5.pdf
loc-ueno-2971a1018b,ueno bank,Combustible,Copetrol San Antonio,Av. San Antonio e/ Av. Central,San Antonio,,,,,https://www.ueno.com.py/wp-content/uploads/2026/08/Beneficio-de-Reintegro-COMBUSTIBLES-_-SEP-2026v5.pdf
loc-ueno-8123f0a433,ueno bank,Combustible,ENEX SAN ANTONIO,Avda. San Antonio c/ Río Parapití,San Antonio,,,,,https://www.ueno.com.py/wp-content/uploads/2026/08/Beneficio-de-Reintegro-COMBUSTIBLES-_-SEP-2026v5.pdf
loc-ueno-0e796a31ba,ueno bank,Combustible,PETROBRAS Copetrol San Antonio,Cadete Boquerón y 10 de Agosto,San Antonio,,,,,https://www.ueno.com.py/wp-content/uploads/2026/08/Beneficio-de-Reintegro-COMBUSTIBLES-_-SEP-2026v5.pdf
loc-ueno-f108c6ecc3,ueno bank,Combustible,Copetrol San Bernardino,Guillermo Nauman KM 45 1/2,San Bernardino,,,,,https://www.ueno.com.py/wp-content/uploads/2026/08/Beneficio-de-Reintegro-COMBUSTIBLES-_-SEP-2026v5.pdf
loc-ueno-5bdf1e3783,ueno bank,Combustible,ENEX SAN BERNARDINO,Avda. Mariscal López esq. Guillermo Neumann,San Bernardino,,,,,https://www.ueno.com.py/wp-content/uploads/2026/08/Beneficio-de-Reintegro-COMBUSTIBLES-_-SEP-2026v5.pdf
loc-ueno-45eefe7b99,ueno bank,Combustible,PETROBRAS Copetrol San Bernardino,Avda. Kennedy c/ Guillermo Nauman,San Bernardino,,,,,https://www.ueno.com.py/wp-content/uploads/2026/08/Beneficio-de-Reintegro-COMBUSTIBLES-_-SEP-2026v5.pdf
loc-ueno-56ea94d96b,ueno bank,Combustible,PETROBRAS Copetrol San Bernardino,Ruta Luque - San Bernardino,San Bernardino,,,,,https://www.ueno.com.py/wp-content/uploads/2026/08/Beneficio-de-Reintegro-COMBUSTIBLES-_-SEP-2026v5.pdf
loc-ueno-209428b0e9,ueno bank,Combustible,PETROBRAS EESS SAN BERNARDINO,Avda. Luis F. Vache esq. Avda. Santiago Schaerer,San Bernardino,,,,,https://www.ueno.com.py/wp-content/uploads/2026/08/Beneficio-de-Reintegro-COMBUSTIBLES-_-SEP-2026v5.pdf
loc-ueno-5619a660f3,ueno bank,Combustible,PETROBRAS Copetrol Misiones,"Avda Mcal Estigarribia 1, San Ignacio",San Ignacio,,,,,https://www.ueno.com.py/wp-content/uploads/2026/08/Beneficio-de-Reintegro-COMBUSTIBLES-_-SEP-2026v5.pdf
loc-ueno-cc06bddac6,ueno bank,Combustible,PETROBRAS Copetrol San Ignacio,Avda. Mariscal Estigarribia,San Ignacio,,,,,https://www.ueno.com.py/wp-content/uploads/2026/08/Beneficio-de-Reintegro-COMBUSTIBLES-_-SEP-2026v5.pdf
loc-ueno-b69460499f,ueno bank,Combustible,PETROBRAS Copetrol San Juan Bautista,Monseñor Bogarin Argaña y Rosalía Candia,San Juan Bautista,,,,,https://www.ueno.com.py/wp-content/uploads/2026/08/Beneficio-de-Reintegro-COMBUSTIBLES-_-SEP-2026v5.pdf
loc-ueno-02687b98b4,ueno bank,Combustible,PETROBRAS EESS SAN JUAN BAUTISTA RUTA,Calle Pedro Juan Caballero,San Juan Bautista,,,,,https://www.ueno.com.py/wp-content/uploads/2026/08/Beneficio-de-Reintegro-COMBUSTIBLES-_-SEP-2026v5.pdf
loc-ueno-aeb5986434,ueno bank,Combustible,PETROBRAS Copetrol San Juan Nepomuceno,Mcal. López y Estrella,San Juan Nepomuceno,,,,,https://www.ueno.com.py/wp-content/uploads/2026/08/Beneficio-de-Reintegro-COMBUSTIBLES-_-SEP-2026v5.pdf
loc-ueno-9abdad65fe,ueno bank,Combustible,PETROBRAS EESS SAN JUAN NEPOMUCENO,Pai Fariña esq. 15 de Agosto,San Juan Nepomuceno,,,,,https://www.ueno.com.py/wp-content/uploads/2026/08/Beneficio-de-Reintegro-COMBUSTIBLES-_-SEP-2026v5.pdf
loc-ueno-97435d2b25,ueno bank,Combustible,Copetrol Antares,Mcal. Estigarribia Esq. / Virge de Fatima - Ruta II,San Lorenzo,,,,,https://www.ueno.com.py/wp-content/uploads/2026/08/Beneficio-de-Reintegro-COMBUSTIBLES-_-SEP-2026v5.pdf
loc-ueno-bcfb1f5e45,ueno bank,Combustible,Copetrol Avelino,Av. Luis M. Argaña c/ Av. Acceso sur.,San Lorenzo,,,,,https://www.ueno.com.py/wp-content/uploads/2026/08/Beneficio-de-Reintegro-COMBUSTIBLES-_-SEP-2026v5.pdf
loc-ueno-110e29f351,ueno bank,Combustible,Copetrol Campo Jordan,Campo Jordan y Nicolás Bo,San Lorenzo,,,,,https://www.ueno.com.py/wp-content/uploads/2026/08/Beneficio-de-Reintegro-COMBUSTIBLES-_-SEP-2026v5.pdf
loc-ueno-3c52e1d9ba,ueno bank,Combustible,Copetrol Jacaranda,Jacaranda esq. Algarrobo,San Lorenzo,,,,,https://www.ueno.com.py/wp-content/uploads/2026/08/Beneficio-de-Reintegro-COMBUSTIBLES-_-SEP-2026v5.pdf
loc-ueno-ac8bc7d775,ueno bank,Combustible,Copetrol Km.11,Av. De los Agronomos Km 11 c/ Avelino Martinez,San Lorenzo,,,,,https://www.ueno.com.py/wp-content/uploads/2026/08/Beneficio-de-Reintegro-COMBUSTIBLES-_-SEP-2026v5.pdf
loc-ueno-d6ef1f3a39,ueno bank,Combustible,Copetrol Kurusu,Manuel O. Guerrero esq Edmundo Reyes,San Lorenzo,,,,,https://www.ueno.com.py/wp-content/uploads/2026/08/Beneficio-de-Reintegro-COMBUSTIBLES-_-SEP-2026v5.pdf
loc-ueno-1785ad2474,ueno bank,Combustible,Copetrol Laguna Grande,Avda Laguna Grande esq. Calle 1,San Lorenzo,,,,,https://www.ueno.com.py/wp-content/uploads/2026/08/Beneficio-de-Reintegro-COMBUSTIBLES-_-SEP-2026v5.pdf
loc-ueno-8b3cc2ada3,ueno bank,Combustible,Copetrol Porvenir,Ruta 1 km 14/6,San Lorenzo,,,,,https://www.ueno.com.py/wp-content/uploads/2026/08/Beneficio-de-Reintegro-COMBUSTIBLES-_-SEP-2026v5.pdf
loc-ueno-19f9816d8a,ueno bank,Combustible,Copetrol Ruta 1 Km.14,Ruta I esq. Bs.As. Km 14,San Lorenzo,,,,,https://www.ueno.com.py/wp-content/uploads/2026/08/Beneficio-de-Reintegro-COMBUSTIBLES-_-SEP-2026v5.pdf
loc-ueno-75aa8c0169,ueno bank,Combustible,Copetrol Santa Lucia,Mcal. Estigarribia y Patricio Colmán - Ruta II km 14,San Lorenzo,,,,,https://www.ueno.com.py/wp-content/uploads/2026/08/Beneficio-de-Reintegro-COMBUSTIBLES-_-SEP-2026v5.pdf
loc-ueno-2164c4b8bd,ueno bank,Combustible,Copetrol Tte. Molas,Av Tte Molas y Amistad,San Lorenzo,,,,,https://www.ueno.com.py/wp-content/uploads/2026/08/Beneficio-de-Reintegro-COMBUSTIBLES-_-SEP-2026v5.pdf
loc-ueno-34a13f9680,ueno bank,Combustible,PETROBRAS Copetrol San Lorenzo,Avda. Gral. Eugenio A. Garay (Frente subestática ANDE),San Lorenzo,,,,,https://www.ueno.com.py/wp-content/uploads/2026/08/Beneficio-de-Reintegro-COMBUSTIBLES-_-SEP-2026v5.pdf
loc-ueno-3e91c1e737,ueno bank,Combustible,PETROBRAS Copetrol San Lorenzo,Avda. Luis Maria Argaña (Ex Avelino Martinez) y San Blas,San Lorenzo,,,,,https://www.ueno.com.py/wp-content/uploads/2026/08/Beneficio-de-Reintegro-COMBUSTIBLES-_-SEP-2026v5.pdf
loc-ueno-8dce65f643,ueno bank,Combustible,PETROBRAS Copetrol San Lorenzo,Pastora Céspedes y Reconstrucción Nacional,San Lorenzo,,,,,https://www.ueno.com.py/wp-content/uploads/2026/08/Beneficio-de-Reintegro-COMBUSTIBLES-_-SEP-2026v5.pdf
loc-ueno-1fc9366d13,ueno bank,Combustible,PETROBRAS Copetrol San Lorenzo,Avda. Mcal. López esq. Victor Cáceres,San Lorenzo,,,,,https://www.ueno.com.py/wp-content/uploads/2026/08/Beneficio-de-Reintegro-COMBUSTIBLES-_-SEP-2026v5.pdf
loc-ueno-f29eec1ff2,ueno bank,Combustible,PETROBRAS Copetrol San Lorenzo,Dr. Gabriel Pellon (Calle'i) esq. Pedro J. Aponte,San Lorenzo,,,,,https://www.ueno.com.py/wp-content/uploads/2026/08/Beneficio-de-Reintegro-COMBUSTIBLES-_-SEP-2026v5.pdf
loc-ueno-33713d2a81,ueno bank,Combustible,PETROBRAS Copetrol San Lorenzo,Avda. Manuel Ortiz Guerrero esq./ Paseo Garibaldi,San Lorenzo,,,,,https://www.ueno.com.py/wp-content/uploads/2026/08/Beneficio-de-Reintegro-COMBUSTIBLES-_-SEP-2026v5.pdf
loc-ueno-b588090565,ueno bank,Combustible,PETROBRAS Copetrol San Lorenzo,Reducto,San Lorenzo,,,,,https://www.ueno.com.py/wp-content/uploads/2026/08/Beneficio-de-Reintegro-COMBUSTIBLES-_-SEP-2026v5.pdf
loc-ueno-ed91833fda,ueno bank,Combustible,PETROBRAS EESS AMIGO SAN LORENZO,Ruta Ñemby-San Lorenzo B° Villa Industrial,San Lorenzo,,,,,https://www.ueno.com.py/wp-content/uploads/2026/08/Beneficio-de-Reintegro-COMBUSTIBLES-_-SEP-2026v5.pdf
loc-ueno-7b3e35d3f5,ueno bank,Combustible,PETROBRAS EESS CURVA MEYER,Ruta 2 Mcal. Estigarribia y Hernandarias,San Lorenzo,,,,,https://www.ueno.com.py/wp-content/uploads/2026/08/Beneficio-de-Reintegro-COMBUSTIBLES-_-SEP-2026v5.pdf
loc-ueno-ee02083c07,ueno bank,Combustible,"PETROBRAS EESS KM 9,5","Ruta PY02 Mcal.Estigarribia - Km. 9, 5",San Lorenzo,,,,,https://www.ueno.com.py/wp-content/uploads/2026/08/Beneficio-de-Reintegro-COMBUSTIBLES-_-SEP-2026v5.pdf
loc-ueno-d0bd2b34be,ueno bank,Combustible,PETROBRAS EESS LUA LAGUNA GRANDE,Avenida Laguna Grande c/ Victor Cáceres,San Lorenzo,,,,,https://www.ueno.com.py/wp-content/uploads/2026/08/Beneficio-de-Reintegro-COMBUSTIBLES-_-SEP-2026v5.pdf
loc-ueno-c09552444a,ueno bank,Combustible,"PETROBRAS EESS RUTA I KM 15,2","Ruta I Km 15,2",San Lorenzo,,,,,https://www.ueno.com.py/wp-content/uploads/2026/08/Beneficio-de-Reintegro-COMBUSTIBLES-_-SEP-2026v5.pdf
loc-ueno-51a1ef4b90,ueno bank,Combustible,PETROBRAS EESS RUTA II KM 14,"Km 14,5 de la Ruta Nro. 2 ""Mariscal Jose Felix Estigarribia""",San Lorenzo,,,,,https://www.ueno.com.py/wp-content/uploads/2026/08/Beneficio-de-Reintegro-COMBUSTIBLES-_-SEP-2026v5.pdf
loc-ueno-f799a915b6,ueno bank,Combustible,PETROBRAS EESS RUTA II KM 15 PESA,Ruta 2 Mcal. Estigarribia- Km. 15,San Lorenzo,,,,,https://www.ueno.com.py/wp-content/uploads/2026/08/Beneficio-de-Reintegro-COMBUSTIBLES-_-SEP-2026v5.pdf
loc-ueno-bf2b2be410,ueno bank,Combustible,PETROBRAS EESS ZUSA BOQUERóN,Ruta 1 Mcal. Francisco S.López y Ruta 2 Mcal. Estigarribia,San Lorenzo,,,,,https://www.ueno.com.py/wp-content/uploads/2026/08/Beneficio-de-Reintegro-COMBUSTIBLES-_-SEP-2026v5.pdf
loc-ueno-3c1702b97a,ueno bank,Combustible,PETROBRAS EESS SANTA ROSA ACCESO,"Ruta PY08 Dr. Blas Garay Km 321, Barrio Santa Ana",San Pedro de Ycuamandyyú,,,,,https://www.ueno.com.py/wp-content/uploads/2026/08/Beneficio-de-Reintegro-COMBUSTIBLES-_-SEP-2026v5.pdf
loc-ueno-1122d6d5fb,ueno bank,Combustible,PETROBRAS EESS SAN IGNACIO CENTRO,Ruta 1 Mcal. Francisco S. López - Km. 225,San ignacio,,,,,https://www.ueno.com.py/wp-content/uploads/2026/08/Beneficio-de-Reintegro-COMBUSTIBLES-_-SEP-2026v5.pdf
loc-ueno-275f89baf1,ueno bank,Combustible,PETROBRAS EESS SANTA RITA CENTRO,Ruta 6 Dr. Juan.L. Mallorquín - Km. 42,Santa Rita,,,,,https://www.ueno.com.py/wp-content/uploads/2026/08/Beneficio-de-Reintegro-COMBUSTIBLES-_-SEP-2026v5.pdf
loc-ueno-1ee56459a1,ueno bank,Combustible,PETROBRAS Copetrol Santa Rosa,Florida esq. Silvio Petirossi,Santa Rosa,,,,,https://www.ueno.com.py/wp-content/uploads/2026/08/Beneficio-de-Reintegro-COMBUSTIBLES-_-SEP-2026v5.pdf
loc-ueno-72ec00af1b,ueno bank,Combustible,Copetrol Cruce Tacuara,Desvío a Tacuara Santani Km 175,Santaní,,,,,https://www.ueno.com.py/wp-content/uploads/2026/08/Beneficio-de-Reintegro-COMBUSTIBLES-_-SEP-2026v5.pdf
loc-ueno-2a18056318,ueno bank,Combustible,PETROPAR TRINIDAD,Ruta 06 esq. Ruta Jesús de Tavarangué,TRINIDAD,,,,,https://www.ueno.com.py/wp-content/uploads/2026/08/Promocion-Reintegro-Petropar-_-SEP-2026v3.pdf
loc-ueno-a5233ebb83,ueno bank,Combustible,PETROBRAS EESS TEBICUARY,Cruce Tebicuary-San Jose-Ruta Intersección Paraguari y Villa Rica,Tebicuary,,,,,https://www.ueno.com.py/wp-content/uploads/2026/08/Beneficio-de-Reintegro-COMBUSTIBLES-_-SEP-2026v5.pdf
loc-ueno-376b7c422e,ueno bank,Combustible,PETROBRAS Copetrol Tobati,Avda Pedro Juan Caballero,Tobati,,,,,https://www.ueno.com.py/wp-content/uploads/2026/08/Beneficio-de-Reintegro-COMBUSTIBLES-_-SEP-2026v5.pdf
loc-ueno-1e7da97dee,ueno bank,Combustible,PETROPAR VALENZUELA,TTE. ELIGIO MONTANIA ESQ. COLONIA STILICA,VALENZUELA,,,,,https://www.ueno.com.py/wp-content/uploads/2026/08/Promocion-Reintegro-Petropar-_-SEP-2026v3.pdf
loc-ueno-14e347e14a,ueno bank,Combustible,PETROPAR APP VILLA ELISA,BARRIO VILLA HERMOSA. AVDA. AMÉRICO PICCO ENTRE SANTÍSIMA TRINIDAD Y VIRGEN DE FÁTIMA,VILLA ELISA,,,,,https://www.ueno.com.py/wp-content/uploads/2026/08/Promocion-Reintegro-Petropar-_-SEP-2026v3.pdf
loc-ueno-a9fe940a6a,ueno bank,Combustible,PETROPAR BAHIA - V ELISA,BARRIO VILLA HERMOSA. AVDA. AMÉRICO PICCO ENTRE SANTÍSIMA TRINIDAD Y VIRGEN DE FÁTIMA,VILLA ELISA,,,,,https://www.ueno.com.py/wp-content/uploads/2026/08/Promocion-Reintegro-Petropar-_-SEP-2026v3.pdf
loc-ueno-9108a0a9b4,ueno bank,Combustible,PETROPAR VON POLESKI,AVENIDA VON POLESKI C/ AVENIDA DEFENSORES DEL CHACO,VILLA ELISA,,,,,https://www.ueno.com.py/wp-content/uploads/2026/08/Promocion-Reintegro-Petropar-_-SEP-2026v3.pdf
loc-ueno-b1d60be169,ueno bank,Combustible,PETROPAR VILLA FLORIDA,RUTA N°1 KM 163,VILLA FLORIDA,,,,,https://www.ueno.com.py/wp-content/uploads/2026/08/Promocion-Reintegro-Petropar-_-SEP-2026v3.pdf
loc-ueno-34fb6b7ef5,ueno bank,Combustible,PETROPAR VILLARICA CENTRO,RUTA 8 BLAS GARAY ESQ BVLAR PIRAPO,VILLARICA,,,,,https://www.ueno.com.py/wp-content/uploads/2026/08/Promocion-Reintegro-Petropar-_-SEP-2026v3.pdf
loc-ueno-d881d326f6,ueno bank,Combustible,PETROPAR FAHSEG,AVENIDA BOULEVARD C/ GENERAL DIAZ,VILLARRICA,,,,,https://www.ueno.com.py/wp-content/uploads/2026/08/Promocion-Reintegro-Petropar-_-SEP-2026v3.pdf
loc-ueno-0bd56ac216,ueno bank,Combustible,PETROPAR FAHSEG GROU,Bvar. Bicentenario y Gral. Díaz,VILLARRICA,,,,,https://www.ueno.com.py/wp-content/uploads/2026/08/Promocion-Reintegro-Petropar-_-SEP-2026v3.pdf
loc-ueno-cd9e2194ab,ueno bank,Combustible,PETROPAR FAHSEG GROUP 1,GRAL DIAZ Y BOULEVARD BICENTENARIO,VILLARRICA,,,,,https://www.ueno.com.py/wp-content/uploads/2026/08/Promocion-Reintegro-Petropar-_-SEP-2026v3.pdf
loc-ueno-0fd8d25c52,ueno bank,Combustible,PETROPAR VILLARRICA CENTRO,CURUPAYTY ESQ. PTE FRANCO,VILLARRICA,,,,,https://www.ueno.com.py/wp-content/uploads/2026/08/Promocion-Reintegro-Petropar-_-SEP-2026v3.pdf
loc-ueno-7e354fbccc,ueno bank,Combustible,PETROPAR APP VILLETA,RUTA VILLETA - ALBERDI,VILLETA,,,,,https://www.ueno.com.py/wp-content/uploads/2026/08/Promocion-Reintegro-Petropar-_-SEP-2026v3.pdf
loc-ueno-f47011436c,ueno bank,Combustible,PETROPAR VILLETA,CALLE AMAMBAY ESQ. GUANIPITAN,VILLETA,,,,,https://www.ueno.com.py/wp-content/uploads/2026/08/Promocion-Reintegro-Petropar-_-SEP-2026v3.pdf
loc-ueno-6129cdf7f4,ueno bank,Combustible,PETROPAR VILLETA,RUTA VILLETA - ALBERDI,VILLETA,,,,,https://www.ueno.com.py/wp-content/uploads/2026/08/Promocion-Reintegro-Petropar-_-SEP-2026v3.pdf
loc-ueno-fd3d3e8615,ueno bank,Combustible,Copetrol Acceso Sur 2,Av. Acceso Sur esq. Boquerón,Villa Elisa,,,,,https://www.ueno.com.py/wp-content/uploads/2026/08/Beneficio-de-Reintegro-COMBUSTIBLES-_-SEP-2026v5.pdf
loc-ueno-1fab6caf90,ueno bank,Combustible,ENEX VILLA ELISA,Avda. Von Poleski esq. Villa Florida,Villa Elisa,,,,,https://www.ueno.com.py/wp-content/uploads/2026/08/Beneficio-de-Reintegro-COMBUSTIBLES-_-SEP-2026v5.pdf
loc-ueno-a3aac6a6d3,ueno bank,Combustible,PETROBRAS Copetrol Villa Elisa,Américo Picco e/ Hungría y Otto,Villa Elisa,,,,,https://www.ueno.com.py/wp-content/uploads/2026/08/Beneficio-de-Reintegro-COMBUSTIBLES-_-SEP-2026v5.pdf
loc-ueno-02a865b5f8,ueno bank,Combustible,PETROBRAS EESS AMERICO PICO,Avda. Americo Pico esq. Von Polesky,Villa Elisa,,,,,https://www.ueno.com.py/wp-content/uploads/2026/08/Beneficio-de-Reintegro-COMBUSTIBLES-_-SEP-2026v5.pdf
loc-ueno-2fb659f03e,ueno bank,Combustible,PETROBRAS EESS VILLA FLORIDA,Km. 156 de la Ruta Nro. 1 Mcal. Francisco Solano López,Villa Florida,,,,,https://www.ueno.com.py/wp-content/uploads/2026/08/Beneficio-de-Reintegro-COMBUSTIBLES-_-SEP-2026v5.pdf
loc-ueno-7221d95569,ueno bank,Combustible,Copetrol Villa Hayes,Ruta 9 (Transchaco) y Gral. José E. Díaz,Villa Hayes,,,,,https://www.ueno.com.py/wp-content/uploads/2026/08/Beneficio-de-Reintegro-COMBUSTIBLES-_-SEP-2026v5.pdf
loc-ueno-f8cac0bbec,ueno bank,Combustible,ENEX VILLA HAYES,"Ruta 9 km 26,5",Villa Hayes,,,,,https://www.ueno.com.py/wp-content/uploads/2026/08/Beneficio-de-Reintegro-COMBUSTIBLES-_-SEP-2026v5.pdf
loc-ueno-db430a4f17,ueno bank,Combustible,PETROBRAS EESS VILLA HAYES,Ruta Transchaco Km. 31,Villa Hayes,,,,,https://www.ueno.com.py/wp-content/uploads/2026/08/Beneficio-de-Reintegro-COMBUSTIBLES-_-SEP-2026v5.pdf
loc-ueno-933488bc14,ueno bank,Combustible,PETROBRAS Copetrol Villa Oliva,Ruta Villeta - Alberti,Villa Oliva,,,,,https://www.ueno.com.py/wp-content/uploads/2026/08/Beneficio-de-Reintegro-COMBUSTIBLES-_-SEP-2026v5.pdf
loc-ueno-ce58efe831,ueno bank,Combustible,PETROBRAS Copetrol Paraguari,BVAR. CABALLERO C/ SPEZZINI,Villarica,,,,,https://www.ueno.com.py/wp-content/uploads/2026/08/Beneficio-de-Reintegro-COMBUSTIBLES-_-SEP-2026v5.pdf
loc-ueno-d9c1f195cf,ueno bank,Combustible,PETROBRAS Copetrol Paraguari,PADRE CARLOS ANASAGASTI Y RIO AQUIDABAN,Villarica,,,,,https://www.ueno.com.py/wp-content/uploads/2026/08/Beneficio-de-Reintegro-COMBUSTIBLES-_-SEP-2026v5.pdf
loc-ueno-15cce08b81,ueno bank,Combustible,Copetrol Villeta,Ruta Guarambare esq. Gral Diaz,Villeta,,,,,https://www.ueno.com.py/wp-content/uploads/2026/08/Beneficio-de-Reintegro-COMBUSTIBLES-_-SEP-2026v5.pdf
loc-ueno-3b983728f0,ueno bank,Combustible,PETROPAR YAGUARÓN,"RUTA N°1 ""CAPITÁN CABRAL"" Y CARLOS ANTONIO LÓPEZ",YAGUARÓN,,,,,https://www.ueno.com.py/wp-content/uploads/2026/08/Promocion-Reintegro-Petropar-_-SEP-2026v3.pdf
loc-ueno-d25029ef8c,ueno bank,Combustible,PETROPAR YATAITY,"RUTA N°8 BLAS GARAY KM 208, BARRIO SAN JOSÉ",YATAITY DEL NORTE,,,,,https://www.ueno.com.py/wp-content/uploads/2026/08/Promocion-Reintegro-Petropar-_-SEP-2026v3.pdf
loc-ueno-8b0b2c38a6,ueno bank,Combustible,PETROPAR YATAITY,RUTA PY 08 DR BLAS GARAY BARRIO SAN JOSE,YATAITY DEL NORTE,,,,,https://www.ueno.com.py/wp-content/uploads/2026/08/Promocion-Reintegro-Petropar-_-SEP-2026v3.pdf
loc-ueno-5879082f07,ueno bank,Combustible,PETROPAR APP YPACARAÍ,RUTA N°2 KM 40,YPACARAÍ,,,,,https://www.ueno.com.py/wp-content/uploads/2026/08/Promocion-Reintegro-Petropar-_-SEP-2026v3.pdf
loc-ueno-a447b80bd6,ueno bank,Combustible,PETROPAR YPAKARAI KM.38,RUTA N°2 KM 40,YPACARAÍ,,,,,https://www.ueno.com.py/wp-content/uploads/2026/08/Promocion-Reintegro-Petropar-_-SEP-2026v3.pdf
loc-ueno-cc27a71f95,ueno bank,Combustible,PETROPAR APP YPANÉ,RUTA ACCESO SUR ESQ. RUTA YPANÉ - VILLETA,YPANÉ,,,,,https://www.ueno.com.py/wp-content/uploads/2026/08/Promocion-Reintegro-Petropar-_-SEP-2026v3.pdf
loc-ueno-09d2e9ba62,ueno bank,Combustible,PETROPAR BAHIA-YPANE,RUTA ACCESO SUR ESQ. RUTA YPANÉ - VILLETA,YPANÉ,,,,,https://www.ueno.com.py/wp-content/uploads/2026/08/Promocion-Reintegro-Petropar-_-SEP-2026v3.pdf
loc-ueno-f2a64a9b7f,ueno bank,Combustible,PETROPAR-YPANE,"RUTA YPANÉ - GUARAMBARÉ, LUGAR DENOMINADO COSTA",YPANÉ,,,,,https://www.ueno.com.py/wp-content/uploads/2026/08/Promocion-Reintegro-Petropar-_-SEP-2026v3.pdf
loc-ueno-d78d1fbdbf,ueno bank,Combustible,PETROBRAS Copetrol Paraguari,Ruta Carapegua - Acahay,Ybicui,,,,,https://www.ueno.com.py/wp-content/uploads/2026/08/Beneficio-de-Reintegro-COMBUSTIBLES-_-SEP-2026v5.pdf
loc-ueno-4e85fc0907,ueno bank,Combustible,PETROBRAS EESS YGUAZU KM 41,Ruta 7 Dr. G.Rodríguez de Francia- Km. 41,Yguazú,,,,,https://www.ueno.com.py/wp-content/uploads/2026/08/Beneficio-de-Reintegro-COMBUSTIBLES-_-SEP-2026v5.pdf
loc-ueno-10da6ef7f5,ueno bank,Combustible,Copetrol Ypacarai,RUTA 2 KM 37,Ypacarai,,,,,https://www.ueno.com.py/wp-content/uploads/2026/08/Beneficio-de-Reintegro-COMBUSTIBLES-_-SEP-2026v5.pdf
loc-ueno-e7be414ed5,ueno bank,Combustible,PETROBRAS Copetrol Ypane,"Ministro Maciel 0, Asunción",Ypane,,,,,https://www.ueno.com.py/wp-content/uploads/2026/08/Beneficio-de-Reintegro-COMBUSTIBLES-_-SEP-2026v5.pdf
loc-ueno-eb521ca95d,ueno bank,Combustible,PETROBRAS EESS CRUCE YPANE-VILLETA,Ruta Acesso Sur y Cruce Ruta Villeta,Ypané,,,,,https://www.ueno.com.py/wp-content/uploads/2026/08/Beneficio-de-Reintegro-COMBUSTIBLES-_-SEP-2026v5.pdf
loc-ueno-97cf9301aa,ueno bank,Combustible,PETROBRAS Copetrol Yuty,"Ruta 8, Ciudad de Yuty",Yuty,,,,,https://www.ueno.com.py/wp-content/uploads/2026/08/Beneficio-de-Reintegro-COMBUSTIBLES-_-SEP-2026v5.pdf
loc-ueno-f9fd59827d,ueno bank,Combustible,PETROBRAS Copetrol Yuty,Madrigal Esquina Cnel. Martinez,Yuty,,,,,https://www.ueno.com.py/wp-content/uploads/2026/08/Beneficio-de-Reintegro-COMBUSTIBLES-_-SEP-2026v5.pdf
loc-ueno-a6b0e54316,ueno bank,Combustible,PETROPAR - LOS NARANJOS,BERNARDINO CABALLERO ESQ. PRIMER PRESIDENTE,ÑEMBY,,,,,https://www.ueno.com.py/wp-content/uploads/2026/08/Promocion-Reintegro-Petropar-_-SEP-2026v3.pdf
loc-ueno-28a3798806,ueno bank,Combustible,PETROPAR APP ÑEMBY,AVDA. ACCESO SUR,ÑEMBY,,,,,https://www.ueno.com.py/wp-content/uploads/2026/08/Promocion-Reintegro-Petropar-_-SEP-2026v3.pdf
loc-ueno-a7c085b4f0,ueno bank,Combustible,PETROPAR CAPIATÁ,"AVENIDA TENIENTE FARIÑA, LUGAR DENOMINADO VILLA ADRIANA II",ÑEMBY,,,,,https://www.ueno.com.py/wp-content/uploads/2026/08/Promocion-Reintegro-Petropar-_-SEP-2026v3.pdf
loc-ueno-f7bbe70290,ueno bank,Combustible,PETROPAR CRISMA,AVDA. MANUEL ORTIZ GUERRERO ESQ. SANTA LIBRADA,ÑEMBY,,,,,https://www.ueno.com.py/wp-content/uploads/2026/08/Promocion-Reintegro-Petropar-_-SEP-2026v3.pdf
loc-ueno-1f74058fb7,ueno bank,Combustible,PETROPAR ÑEMBY,AVDA. SANTA ROSA ESQ. LA UNIÓN,ÑEMBY,,,,,https://www.ueno.com.py/wp-content/uploads/2026/08/Promocion-Reintegro-Petropar-_-SEP-2026v3.pdf
loc-ueno-e37d341dae,ueno bank,Combustible,PETROPAR ÑEMBY,AVDA. PRATT GILL CASI PADRE CASANELLO,ÑEMBY,,,,,https://www.ueno.com.py/wp-content/uploads/2026/08/Promocion-Reintegro-Petropar-_-SEP-2026v3.pdf
loc-ueno-fad0134eeb,ueno bank,Combustible,PETROPAR ÑEMBY 2,AVDA. ACCESO SUR,ÑEMBY,,,,,https://www.ueno.com.py/wp-content/uploads/2026/08/Promocion-Reintegro-Petropar-_-SEP-2026v3.pdf
loc-ueno-4900999520,ueno bank,Combustible,PETROPAR ÑUMÍ,N° 8 - SAN LUIS ÑUMI,ÑUMI,,,,,https://www.ueno.com.py/wp-content/uploads/2026/08/Promocion-Reintegro-Petropar-_-SEP-2026v3.pdf
loc-ueno-694e6ba6b1,ueno bank,Combustible,Copetrol Acceso Sur 3,Acceso Sur 2575 casi Maria Auxiliadora,Ñemby,,,,,https://www.ueno.com.py/wp-content/uploads/2026/08/Beneficio-de-Reintegro-COMBUSTIBLES-_-SEP-2026v5.pdf
loc-ueno-56381d356d,ueno bank,Combustible,Copetrol Copetrol Ñemby,Ruta 1 esquina Eduardo Vanconsellos,Ñemby,,,,,https://www.ueno.com.py/wp-content/uploads/2026/08/Beneficio-de-Reintegro-COMBUSTIBLES-_-SEP-2026v5.pdf
loc-ueno-13a0c21450,ueno bank,Combustible,Copetrol M.O.G 2,Manuel O. Guerrero esq. Sierra Leona,Ñemby,,,,,https://www.ueno.com.py/wp-content/uploads/2026/08/Beneficio-de-Reintegro-COMBUSTIBLES-_-SEP-2026v5.pdf
loc-ueno-9dfd8c9ecb,ueno bank,Combustible,ENEX NEMBY MOG,Avda. Manuel Ortiz Guerrero esq. Avda. De la Victoria,Ñemby,,,,,https://www.ueno.com.py/wp-content/uploads/2026/08/Beneficio-de-Reintegro-COMBUSTIBLES-_-SEP-2026v5.pdf
loc-ueno-4c3736ce94,ueno bank,Combustible,PETROBRAS EESS AMIGO ÑEMBY,Ruta Acceso Sur casi 29 de Septiembre,Ñemby,,,,,https://www.ueno.com.py/wp-content/uploads/2026/08/Beneficio-de-Reintegro-COMBUSTIBLES-_-SEP-2026v5.pdf
loc-ueno-585aa12c76,ueno bank,Combustible,PETROBRAS EESS ÑEMBY KM. 6,Ruta Acceso Sur - Km. 6,Ñemby,,,,,https://www.ueno.com.py/wp-content/uploads/2026/08/Beneficio-de-Reintegro-COMBUSTIBLES-_-SEP-2026v5.pdf
