reason,bank,category,merchant_name,address,city,department,geocode_source,google_confidence,google_name,formatted_address,lat,lng,source_url
"Google encontro un resultado, pero el nombre/direccion requiere revision",BNF,Combustible,Estaciones de Servicio,Avda. Santa Teresa esq. Julio César Franco,Asunción,Capital,google_places_text_search,review,Estación de Servicio Shell Bahia - Centro,"Pdte. Franco 215 esquina, Asunción 001013",-25.278923,-57.6387698,https://www.bnf.gov.py/uploads/Promocion_Reintegro_Estaciones_de_Servicio_2026_AGOSTO_2026_fd2e476e47.pdf
"Google encontro un resultado, pero el nombre/direccion requiere revision",BNF,Combustible,Estaciones de Servicio,Médicos del Chaco esq. Dr. Alonso Belisario Campos,Asunción,Capital,google_places_text_search,review,Servicio Médico Familiar,"Tte. José María Fariña &, Paraguari, Asunción 001103",-25.2909297,-57.6339957,https://www.bnf.gov.py/uploads/Promocion_Reintegro_Estaciones_de_Servicio_2026_AGOSTO_2026_fd2e476e47.pdf
"Google encontro un resultado, pero el nombre/direccion requiere revision",BNF,Combustible,Estaciones de Servicio,Diego Lopez c/ Curupayty,Capiatá,Central,google_places_text_search,review,Ex combatiente Sgto. Diego López Godoy,"MH32+W5C, Capiatá 110207",-25.3451841,-57.4496073,https://www.bnf.gov.py/uploads/Promocion_Reintegro_Estaciones_de_Servicio_2026_AGOSTO_2026_fd2e476e47.pdf
"Google encontro un resultado, pero el nombre/direccion requiere revision",BNF,Combustible,Estaciones de Servicio,Avenida Primavera c/ Emilio Gab. Km. 20,Capiatá,Central,google_places_text_search,review,Estación de Servicios Copeg “La Primavera S.R.L”,"JHGR+96Q, Capiatá 110225",-25.3740391,-57.4093912,https://www.bnf.gov.py/uploads/Promocion_Reintegro_Estaciones_de_Servicio_2026_AGOSTO_2026_fd2e476e47.pdf
"Google encontro un resultado, pero el nombre/direccion requiere revision",BNF,Combustible,Estaciones de Servicio,Soldado Ovelar esq. Ceferino Ruiz,Fernando de la Mora,Central,google_places_text_search,review,Petrosur Soldado Ovelar,Fernando de la Mora 110322,-25.3265097,-57.5602534,https://www.bnf.gov.py/uploads/Promocion_Reintegro_Estaciones_de_Servicio_2026_AGOSTO_2026_fd2e476e47.pdf
"Google encontro un resultado, pero el nombre/direccion requiere revision",BNF,Combustible,Estaciones de Servicio,Fortín Toledo esq. Herminio Giménez,Fernando de la Mora,Central,google_places_text_search,review,Petropar JAT Avenida 11,"11 de Setiembre, &, Fernando de la Mora 110320",-25.3374345,-57.5606497,https://www.bnf.gov.py/uploads/Promocion_Reintegro_Estaciones_de_Servicio_2026_AGOSTO_2026_fd2e476e47.pdf
"Google encontro un resultado, pero el nombre/direccion requiere revision",BNF,Combustible,Estaciones de Servicio,Usher Ríos esq. Ceferino Ruiz,Fernando de la Mora,Central,google_places_text_search,review,3MG - FDO. DE LA MORA - USHER RIOS,"MC3F+HJP, Fernando de la Mora 110330",-25.3460439,-57.5759355,https://www.bnf.gov.py/uploads/Promocion_Reintegro_Estaciones_de_Servicio_2026_AGOSTO_2026_fd2e476e47.pdf
"Google encontro un resultado, pero el nombre/direccion requiere revision",BNF,Combustible,Estaciones de Servicio,San Isidro y Bonifacio Ovando,Lambaré,Central,google_places_text_search,review,ENERGY San Isidro - GRUPO CRISMA,"JCV2+FJF, Francisco Acuña de Figueroa, Lambaré 110717",-25.3563239,-57.5984383,https://www.bnf.gov.py/uploads/Promocion_Reintegro_Estaciones_de_Servicio_2026_AGOSTO_2026_fd2e476e47.pdf
"Google encontro un resultado, pero el nombre/direccion requiere revision",BNF,Combustible,Estaciones de Servicio,Avda. San Isidro esq. La Fortuna,Lambaré,Central,google_places_text_search,review,ENERGY San Isidro - GRUPO CRISMA,"JCV2+FJF, Francisco Acuña de Figueroa, Lambaré 110717",-25.3563239,-57.5984383,https://www.bnf.gov.py/uploads/Promocion_Reintegro_Estaciones_de_Servicio_2026_AGOSTO_2026_fd2e476e47.pdf
"Google encontro un resultado, pero el nombre/direccion requiere revision",BNF,Combustible,Estaciones de Servicio,Avda. San Joseé esq. Tsunesaburo,Limpio,Central,google_places_text_search,review,Copetrol Av. San José - Limpio,"RGRG+878, Limpio 110813",-25.1592146,-57.4743077,https://www.bnf.gov.py/uploads/Promocion_Reintegro_Estaciones_de_Servicio_2026_AGOSTO_2026_fd2e476e47.pdf
"Google encontro un resultado, pero el nombre/direccion requiere revision",BNF,Combustible,Estaciones de Servicio,Avda. Francisco Solano López,Limpio,Central,google_places_text_search,review,3MG LIMPIO - SAN FRANCISCO SOLANO,"RG7V+RWC, Limpio 110825",-25.1854339,-57.4552412,https://www.bnf.gov.py/uploads/Promocion_Reintegro_Estaciones_de_Servicio_2026_AGOSTO_2026_fd2e476e47.pdf
"Google encontro un resultado, pero el nombre/direccion requiere revision",BNF,Combustible,Estaciones de Servicio,Maestra Celsa Speratti y Andrés Insfran,Luque,Central,google_places_text_search,review,Shell,"Cap Andrés Insfrán Ruta Luque - San Lorenzo, Ntra. Sra. del Pilar, Luque 110947",-25.287726,-57.4999535,https://www.bnf.gov.py/uploads/Promocion_Reintegro_Estaciones_de_Servicio_2026_AGOSTO_2026_fd2e476e47.pdf
"Google encontro un resultado, pero el nombre/direccion requiere revision",BNF,Combustible,Estaciones de Servicio,Silvio Pettirsossi y Córdoba,Luque,Central,google_places_text_search,review,Petrobras,"PFWP+VQ, Avenida Autopista esquina, Luque 110917",-25.2528125,-57.5130625,https://www.bnf.gov.py/uploads/Promocion_Reintegro_Estaciones_de_Servicio_2026_AGOSTO_2026_fd2e476e47.pdf
"Google encontro un resultado, pero el nombre/direccion requiere revision",BNF,Combustible,Estaciones de Servicio,Avda. Carlos Antonio López esq. Manuel Irala Fernández,Mariano Roque Alonso,Central,google_places_text_search,review,Estación de Servicio Shell Bahia - Mariano Roque Alonso,"km 17,5, Capitán Hermosilla esquina, Mariano Roque Alonso 111009",-25.2173759,-57.5305155,https://www.bnf.gov.py/uploads/Promocion_Reintegro_Estaciones_de_Servicio_2026_AGOSTO_2026_fd2e476e47.pdf
"Google encontro un resultado, pero el nombre/direccion requiere revision",BNF,Combustible,Estaciones de Servicio,Avda. Gral. Eugenio Alejandrino Garay esq. Tte. Wenseslao,Mariano Roque Alonso,Central,google_places_text_search,review,Estación de Servicio Shell Bahia - Mariano Roque Alonso,"km 17,5, Capitán Hermosilla esquina, Mariano Roque Alonso 111009",-25.2173759,-57.5305155,https://www.bnf.gov.py/uploads/Promocion_Reintegro_Estaciones_de_Servicio_2026_AGOSTO_2026_fd2e476e47.pdf
"Google encontro un resultado, pero el nombre/direccion requiere revision",BNF,Combustible,Estaciones de Servicio,Ruta Transchaco y Capellán Idoyaga,Mariano Roque Alonso,Central,google_places_text_search,review,Copetrol ruta transchaco,"QFXF+GMF, Mariano Roque Alonso 111004",-25.2011874,-57.525841,https://www.bnf.gov.py/uploads/Promocion_Reintegro_Estaciones_de_Servicio_2026_AGOSTO_2026_fd2e476e47.pdf
"Google encontro un resultado, pero el nombre/direccion requiere revision",BNF,Combustible,Estaciones de Servicio,Avda. Gral. Díaz esq. Gral. Vicente Barrios,Mariano Roque Alonso,Central,google_places_text_search,review,Estación de servicio,"QFRH+3JJ, General Vicente Barrios, Mariano Roque Alonso 111008",-25.209799,-57.5209956,https://www.bnf.gov.py/uploads/Promocion_Reintegro_Estaciones_de_Servicio_2026_AGOSTO_2026_fd2e476e47.pdf
"Google encontro un resultado, pero el nombre/direccion requiere revision",BNF,Combustible,Estaciones de Servicio,1° de Mayo esq. Félix Pérez Cardozo,Nemby,Central,google_places_text_search,review,Copetrol Estrella,"JF62+QW7, Acceso Sur, Ñemby 111207",-25.3880907,-57.5477104,https://www.bnf.gov.py/uploads/Promocion_Reintegro_Estaciones_de_Servicio_2026_AGOSTO_2026_fd2e476e47.pdf
"Google encontro un resultado, pero el nombre/direccion requiere revision",BNF,Combustible,Estaciones de Servicio,Tte. Ángel Molas esq. Huerta,San Lorenzo,Central,google_places_text_search,review,FUELPAR TTE. MOLAS,"JGP3+G9X, San Lorenzo 111455",-25.3637104,-57.4966539,https://www.bnf.gov.py/uploads/Promocion_Reintegro_Estaciones_de_Servicio_2026_AGOSTO_2026_fd2e476e47.pdf
"Google encontro un resultado, pero el nombre/direccion requiere revision",BNF,Combustible,Estaciones de Servicio,Avda. De La Victoria y Pompeya - Ruta Nemby,San Lorenzo,Central,google_places_text_search,review,Estación De Servicios Calle Florida,"Acceso Sur 168, esquina, Ñemby 111216",-25.4017037,-57.5436365,https://www.bnf.gov.py/uploads/Promocion_Reintegro_Estaciones_de_Servicio_2026_AGOSTO_2026_fd2e476e47.pdf
"Google encontro un resultado, pero el nombre/direccion requiere revision",BNF,Combustible,Estaciones de Servicio,Juan Pablo Ocampos esq. Curuzu Mbocaya,San Lorenzo,Central,google_places_text_search,review,Petropar - Juan Pablo Ocampo,"Unnamed Road, JFFP+R29, San Lorenzo 111460",-25.3754511,-57.5148828,https://www.bnf.gov.py/uploads/Promocion_Reintegro_Estaciones_de_Servicio_2026_AGOSTO_2026_fd2e476e47.pdf
"Google encontro un resultado, pero el nombre/direccion requiere revision",BNF,Combustible,Estaciones de Servicio,Saturio Ríos esq. Avda. Dr. Gabriel Pellón,San Lorenzo,Central,google_places_text_search,review,"Regional Education Center ""Saturio Ríos""","10 de Agosto, e y, San Lorenzo 111431",-25.3502112,-57.5154662,https://www.bnf.gov.py/uploads/Promocion_Reintegro_Estaciones_de_Servicio_2026_AGOSTO_2026_fd2e476e47.pdf
"Google encontro un resultado, pero el nombre/direccion requiere revision",BNF,Combustible,Estaciones de Servicio,Palma esq. Mcal. Estigarribia,Villa Elisa,Central,google_places_text_search,review,Estación de Servicio ENERGY Villa Elisa,"Av. Defensores del Chaco, Villa Elisa 111504",-25.3503233,-57.5911719,https://www.bnf.gov.py/uploads/Promocion_Reintegro_Estaciones_de_Servicio_2026_AGOSTO_2026_fd2e476e47.pdf
"Google encontro un resultado, pero el nombre/direccion requiere revision",BNF,Combustible,Estaciones de Servicio,Cnel. Martínez esq. Mcal. Estigarribia,Villa Elisa,Central,google_places_text_search,review,Estación de Servicio ENERGY Villa Elisa,"Av. Defensores del Chaco, Villa Elisa 111504",-25.3503233,-57.5911719,https://www.bnf.gov.py/uploads/Promocion_Reintegro_Estaciones_de_Servicio_2026_AGOSTO_2026_fd2e476e47.pdf
"Google encontro un resultado, pero el nombre/direccion requiere revision",BNF,Combustible,Estaciones de Servicio,Avda. Von Polesky esq. Hungría,Villa Elisa,Central,google_places_text_search,review,3MG VON POLESKY,"JCH8+H97, Villa Elisa 111510",-25.3710799,-57.5840829,https://www.bnf.gov.py/uploads/Promocion_Reintegro_Estaciones_de_Servicio_2026_AGOSTO_2026_fd2e476e47.pdf
"Google encontro un resultado, pero el nombre/direccion requiere revision",BNF,Farmacias,Farmacias,21 Proyectadas y Tte. Rojas Silva,Asunción,Capital,google_places_text_search,review,Farmacia Catedral Suc. 21 proyectadas,Asunción 001107,-25.3096647,-57.6391908,https://www.bnf.gov.py/uploads/Promocion_Reintegro_Farmacias_2026_AGOSTO_2026_297be5ea2b.pdf
"Google encontro un resultado, pero el nombre/direccion requiere revision",BNF,Farmacias,Farmacias,Ind. Nacional N° 2372 entre Juan Centurión e Itapirú,Asunción,Capital,google_places_text_search,review,Distribuidora Daniel's,"Brasil 1092, Asunción 001221",-25.2946914,-57.6291811,https://www.bnf.gov.py/uploads/Promocion_Reintegro_Farmacias_2026_AGOSTO_2026_297be5ea2b.pdf
"Google encontro un resultado, pero el nombre/direccion requiere revision",BNF,Farmacias,Farmacias,Federación Rusa y Augusto Roa Bastos,Asunción,Capital,google_places_text_search,review,Catedral Drugstore,"Sta. Ana 1473, Asunción 001529",-25.2856304,-57.5739576,https://www.bnf.gov.py/uploads/Promocion_Reintegro_Farmacias_2026_AGOSTO_2026_297be5ea2b.pdf
"Google encontro un resultado, pero el nombre/direccion requiere revision",BNF,Farmacias,Farmacias,Avda. Felix Bogado y Calle Tte. Aguirre,Asunción,Capital,google_places_text_search,review,Farmacia Catedral Suc. Felix Bogado,"Teniente Aguirre 2298, Asunción 001109",-25.3126716,-57.6311157,https://www.bnf.gov.py/uploads/Promocion_Reintegro_Farmacias_2026_AGOSTO_2026_297be5ea2b.pdf
"Google encontro un resultado, pero el nombre/direccion requiere revision",BNF,Farmacias,Farmacias,Rca. Argentina N° 2650,Asunción,Capital,google_places_text_search,review,Farmacia Catedral Suc. Rca. Argentina 2,"MCJ4+4R2, Asunción 001423",-25.319785,-57.5929823,https://www.bnf.gov.py/uploads/Promocion_Reintegro_Farmacias_2026_AGOSTO_2026_297be5ea2b.pdf
"Google encontro un resultado, pero el nombre/direccion requiere revision",BNF,Farmacias,Farmacias,Avda. Rca. Argentina esq. Diego Garcia,Asunción,Capital,google_places_text_search,review,Farmacia Amigo Rodríguez de Francia,"Rodríguez de Francia 1654, entre Battilana y, Asunción 001223",-25.2995022,-57.624389,https://www.bnf.gov.py/uploads/Promocion_Reintegro_Farmacias_2026_AGOSTO_2026_297be5ea2b.pdf
"Google encontro un resultado, pero el nombre/direccion requiere revision",BNF,Farmacias,Farmacias,Sacramento y Cap. Lombardo,Asunción,Capital,google_places_text_search,review,Farmacia Catedral Suc. Sacramento,Asunción 001532,-25.2707271,-57.5841317,https://www.bnf.gov.py/uploads/Promocion_Reintegro_Farmacias_2026_AGOSTO_2026_297be5ea2b.pdf
"Google encontro un resultado, pero el nombre/direccion requiere revision",BNF,Farmacias,Farmacias,Del Maestro 2924 c/ Dr. Caballero,Asunción,Capital,google_places_text_search,review,Farmacenter Mcal. Lopez 1,"PC4C+C2V, Av. Mariscal López 3683 casi, Asunción 1411",-25.2938838,-57.5799747,https://www.bnf.gov.py/uploads/Promocion_Reintegro_Farmacias_2026_AGOSTO_2026_297be5ea2b.pdf
"Google encontro un resultado, pero el nombre/direccion requiere revision",BNF,Farmacias,Farmacias,San Roque Gonzalez y Quesada,Asunción,Capital,google_places_text_search,review,Catedral Drugstore,"Sta. Ana 1473, Asunción 001529",-25.2856304,-57.5739576,https://www.bnf.gov.py/uploads/Promocion_Reintegro_Farmacias_2026_AGOSTO_2026_297be5ea2b.pdf
"Google encontro un resultado, pero el nombre/direccion requiere revision",BNF,Farmacias,Farmacias,Avda. España esq. Santa Ana N° 429,Asunción,Capital,google_places_text_search,review,Catedral Drugstore,"Sta. Ana 1473, Asunción 001529",-25.2856304,-57.5739576,https://www.bnf.gov.py/uploads/Promocion_Reintegro_Farmacias_2026_AGOSTO_2026_297be5ea2b.pdf
"Google encontro un resultado, pero el nombre/direccion requiere revision",BNF,Farmacias,Farmacias,11 de Septiembre esq. Fulgencio Yegros,Asunción,Capital,google_places_text_search,review,Farmacia Catedral General Santos Teodoro S. Mongelos,"Avda. Gral Santos, Teodoro S. Mongelós esq, Asunción 001226",-25.3005949,-57.6134351,https://www.bnf.gov.py/uploads/Promocion_Reintegro_Farmacias_2026_AGOSTO_2026_297be5ea2b.pdf
"Google encontro un resultado, pero el nombre/direccion requiere revision",BNF,Farmacias,Farmacias,Avda. Sacramento esq. Dr. Argaña,Asunción,Capital,google_places_text_search,review,Farmacia Catedral Suc. Sacramento,Asunción 001532,-25.2707271,-57.5841317,https://www.bnf.gov.py/uploads/Promocion_Reintegro_Farmacias_2026_AGOSTO_2026_297be5ea2b.pdf
"Google encontro un resultado, pero el nombre/direccion requiere revision",BNF,Farmacias,Farmacias,Avda. Carlos A. López y De la Conquista,Asunción,Capital,google_places_text_search,review,Farmacia Catedral Carlos Antonio López 2,"P86W+CFV, Asunción 001008",-25.2888892,-57.6538263,https://www.bnf.gov.py/uploads/Promocion_Reintegro_Farmacias_2026_AGOSTO_2026_297be5ea2b.pdf
"Google encontro un resultado, pero el nombre/direccion requiere revision",BNF,Farmacias,Farmacias,Avda. España c/ Washington,Asunción,Capital,google_places_text_search,review,Punto Farma - Superseis España,"P97H+QG5, Asunción 001218",-25.2856564,-57.6212163,https://www.bnf.gov.py/uploads/Promocion_Reintegro_Farmacias_2026_AGOSTO_2026_297be5ea2b.pdf
"Google encontro un resultado, pero el nombre/direccion requiere revision",BNF,Farmacias,Farmacias,Madame Lynch y Liberato Rojas,Asunción,Capital,google_places_text_search,review,Farmacia Catedral Suc. Centro,"Palma, Asunción 001101",-25.2826077,-57.6338627,https://www.bnf.gov.py/uploads/Promocion_Reintegro_Farmacias_2026_AGOSTO_2026_297be5ea2b.pdf
"Google encontro un resultado, pero el nombre/direccion requiere revision",BNF,Farmacias,Farmacias,Avda. Stmo. Sacramento esq. Roque Miranda,Asunción,Capital,google_places_text_search,review,Farmacia Catedral Suc. Sacramento,Asunción 001532,-25.2707271,-57.5841317,https://www.bnf.gov.py/uploads/Promocion_Reintegro_Farmacias_2026_AGOSTO_2026_297be5ea2b.pdf
"Google encontro un resultado, pero el nombre/direccion requiere revision",BNF,Farmacias,Farmacias,Itapúa c/ Mayo Albertino Zayas,Asunción,Capital,google_places_text_search,review,Farmacia y Perfumería Mayo,"MCMC+WJ8, Av. Eusebio Ayala 1910, Asunción 001426",-25.3152087,-57.5785826,https://www.bnf.gov.py/uploads/Promocion_Reintegro_Farmacias_2026_AGOSTO_2026_297be5ea2b.pdf
"Google encontro un resultado, pero el nombre/direccion requiere revision",BNF,Farmacias,Farmacias,Boggiani N° 7443,Asunción,Capital,google_places_text_search,review,Punto Farma - Boggiani,"Alas Paraguayas 316, Asunción 001416",-25.2991401,-57.5738131,https://www.bnf.gov.py/uploads/Promocion_Reintegro_Farmacias_2026_AGOSTO_2026_297be5ea2b.pdf
"Google encontro un resultado, pero el nombre/direccion requiere revision",BNF,Farmacias,Farmacias,Avda. España y General Santos,Asunción,Capital,google_places_text_search,review,Farmacenter España 3,"Av Gral Máximo Santos esq, Asunción 1208",-25.2878471,-57.6094342,https://www.bnf.gov.py/uploads/Promocion_Reintegro_Farmacias_2026_AGOSTO_2026_297be5ea2b.pdf
"Google encontro un resultado, pero el nombre/direccion requiere revision",BNF,Farmacias,Farmacias,Máximo Caballero c/ Navío Humberto,Asunción,Capital,google_places_text_search,review,Farmacia Vicente Scavone - Suc. Palma,"15 De Agosto, Asunción 001013",-25.28065,-57.6375307,https://www.bnf.gov.py/uploads/Promocion_Reintegro_Farmacias_2026_AGOSTO_2026_297be5ea2b.pdf
"Google encontro un resultado, pero el nombre/direccion requiere revision",BNF,Farmacias,Farmacias,Av. Mariscal López 441,Asunción,Capital,google_places_text_search,review,Drugstore Asismed Mcal Lopez,"P96J+F25, Asunción 001218",-25.2888708,-57.6198764,https://www.bnf.gov.py/uploads/Promocion_Reintegro_Farmacias_2026_AGOSTO_2026_297be5ea2b.pdf
"Google encontro un resultado, pero el nombre/direccion requiere revision",BNF,Farmacias,Farmacias,12 de Octubre e/ Ramón Elias y Pbro. P.J. Moreno,Capiatá,Central,google_places_text_search,review,Farmacenter Capiata 2,"Ruta Mcal. Jose Felix Estigarribia Esq. Prebistero.P.J.Moreno Capiata PY 2560, PY02, San Lorenzo 110217",-25.3515165,-57.4464845,https://www.bnf.gov.py/uploads/Promocion_Reintegro_Farmacias_2026_AGOSTO_2026_297be5ea2b.pdf
"Google encontro un resultado, pero el nombre/direccion requiere revision",BNF,Farmacias,Farmacias,Compañía 8 Yvyraro,Capiatá,Central,google_places_text_search,review,Punto Farma 207,"Ruta nro 1 km 20 casi Avda Pedro Lopez Godoy, Capiatá 110239",-25.3933241,-57.4679071,https://www.bnf.gov.py/uploads/Promocion_Reintegro_Farmacias_2026_AGOSTO_2026_297be5ea2b.pdf
"Google encontro un resultado, pero el nombre/direccion requiere revision",BNF,Farmacias,Farmacias,Junta Municipal N° 232 c/ Tomás R. Pereira,Fernando de la Mora,Central,google_places_text_search,review,Punto Farma - Punto 192,"10 de Julio casi, Fernando de la Mora 110307",-25.320487,-57.5515977,https://www.bnf.gov.py/uploads/Promocion_Reintegro_Farmacias_2026_AGOSTO_2026_297be5ea2b.pdf
"Google encontro un resultado, pero el nombre/direccion requiere revision",BNF,Farmacias,Farmacias,Calle Tte. Ettiene y Primera,Fernando de la Mora,Central,google_places_text_search,review,Farmacenter Ettiene,"San Francisco casi, Fernando de la Mora 110313",-25.3248887,-57.5426351,https://www.bnf.gov.py/uploads/Promocion_Reintegro_Farmacias_2026_AGOSTO_2026_297be5ea2b.pdf
"Google encontro un resultado, pero el nombre/direccion requiere revision",BNF,Farmacias,Farmacias,Avda. Mcal. López N° 3130 c/ Don Bosco,Fernando de la Mora,Central,google_places_text_search,review,Farmacia Catedral - Suc. Fdo. de la Mora 1,Fernando de la Mora 9485,-25.3215425,-57.5541942,https://www.bnf.gov.py/uploads/Promocion_Reintegro_Farmacias_2026_AGOSTO_2026_297be5ea2b.pdf
"Google encontro un resultado, pero el nombre/direccion requiere revision",BNF,Farmacias,Farmacias,Mcal. Estigarribia c/ Usher Ríos,Fernando de la Mora,Central,google_places_text_search,review,FarmaSur,"Soldado Ovelar 1832, Fernando de la Mora 110327",-25.3352238,-57.5682059,https://www.bnf.gov.py/uploads/Promocion_Reintegro_Farmacias_2026_AGOSTO_2026_297be5ea2b.pdf
"Google encontro un resultado, pero el nombre/direccion requiere revision",BNF,Farmacias,Farmacias,Avda. Las Palmas esq. Bruno Guggiari,Lambaré,Central,google_places_text_search,review,Farmacia Catedral Suc. Las Palmas,Lambaré 110706,-25.3331898,-57.6203503,https://www.bnf.gov.py/uploads/Promocion_Reintegro_Farmacias_2026_AGOSTO_2026_297be5ea2b.pdf
"Google encontro un resultado, pero el nombre/direccion requiere revision",BNF,Farmacias,Farmacias,Primero de Marzo e/ Nanawa y Francisco Wisner,Lambaré,Central,google_places_text_search,review,Farmacia Farma Sandra,"M92F+P6V, Nanawa, Lambaré 110724",-25.3481254,-57.6269461,https://www.bnf.gov.py/uploads/Promocion_Reintegro_Farmacias_2026_AGOSTO_2026_297be5ea2b.pdf
"Google encontro un resultado, pero el nombre/direccion requiere revision",BNF,Farmacias,Farmacias,Km. 23 Ruta N° 3 Gral. Aquino y Carlos Antonio López,Limpio,Central,google_places_text_search,review,Punto Farma Limpio,"Gral. Elizardo Aquino Esquina, Limpio 0000",-25.1748679,-57.483363,https://www.bnf.gov.py/uploads/Promocion_Reintegro_Farmacias_2026_AGOSTO_2026_297be5ea2b.pdf
"Google encontro un resultado, pero el nombre/direccion requiere revision",BNF,Farmacias,Farmacias,General Díaz y Pedro Melo De Portugal,Limpio,Central,google_places_text_search,review,Farmacia Fernández,"Gral. Elizardo Aquino, Limpio 110813",-25.1691314,-57.4779517,https://www.bnf.gov.py/uploads/Promocion_Reintegro_Farmacias_2026_AGOSTO_2026_297be5ea2b.pdf
"Google encontro un resultado, pero el nombre/direccion requiere revision",BNF,Farmacias,Farmacias,Calle La Amistad esq. 2do. Barrio,Limpio,Central,google_places_text_search,review,Punto Farma Limpio,"Gral. Elizardo Aquino Esquina, Limpio 0000",-25.1748679,-57.483363,https://www.bnf.gov.py/uploads/Promocion_Reintegro_Farmacias_2026_AGOSTO_2026_297be5ea2b.pdf
"Google encontro un resultado, pero el nombre/direccion requiere revision",BNF,Farmacias,Farmacias,Cnel. Martínez e/ Paso Esperanza,Luque,Central,google_places_text_search,review,FARMA NORTE,"Dora Gomez Bueno de Acuña, Luque 110921",-25.2676384,-57.4810256,https://www.bnf.gov.py/uploads/Promocion_Reintegro_Farmacias_2026_AGOSTO_2026_297be5ea2b.pdf
"Google encontro un resultado, pero el nombre/direccion requiere revision",BNF,Farmacias,Farmacias,Digno García esq. Santo Tomás,Luque,Central,google_places_text_search,review,Digno García,"PGGH+J8F, Luque 110924",-25.2734421,-57.471716,https://www.bnf.gov.py/uploads/Promocion_Reintegro_Farmacias_2026_AGOSTO_2026_297be5ea2b.pdf
"Google encontro un resultado, pero el nombre/direccion requiere revision",BNF,Farmacias,Farmacias,Carlos Antonio López esq. 14 de Mayo,Luque,Central,google_places_text_search,review,FarmaInternacional,"14 De Mayo, Luque 110930",-25.2689562,-57.4922258,https://www.bnf.gov.py/uploads/Promocion_Reintegro_Farmacias_2026_AGOSTO_2026_297be5ea2b.pdf
"Google encontro un resultado, pero el nombre/direccion requiere revision",BNF,Farmacias,Farmacias,Capitán Bado N° 498 y Avenida Humaitá,Luque,Central,google_places_text_search,review,Farmacia catedral Suc. Luque 2,"Av. Humaita, Luque 110930",-25.2716213,-57.4866523,https://www.bnf.gov.py/uploads/Promocion_Reintegro_Farmacias_2026_AGOSTO_2026_297be5ea2b.pdf
"Google encontro un resultado, pero el nombre/direccion requiere revision",BNF,Farmacias,Farmacias,Calle América y Karandayty Loma Merlo Luque,Luque,Central,google_places_text_search,review,biggie farma luque america,"PFXW+RVG, Luque 110916",-25.2504462,-57.5028068,https://www.bnf.gov.py/uploads/Promocion_Reintegro_Farmacias_2026_AGOSTO_2026_297be5ea2b.pdf
"Google encontro un resultado, pero el nombre/direccion requiere revision",BNF,Farmacias,Farmacias,"Capitán Andrés Insfran, Ruta Luque - San Lorenzo",Luque,Central,google_places_text_search,review,Club Capitán Andrés Insfrán,"PG4H+PV8, Luque 110953",-25.2932077,-57.4703116,https://www.bnf.gov.py/uploads/Promocion_Reintegro_Farmacias_2026_AGOSTO_2026_297be5ea2b.pdf
"Google encontro un resultado, pero el nombre/direccion requiere revision",BNF,Farmacias,Farmacias,Avda. Ramos Alfaro esq. Samukiay,Luque,Central,google_places_text_search,review,Farmacenter Luque 1,"Av. Gral. Aquino esq, Luque 0932",-25.2673297,-57.4933437,https://www.bnf.gov.py/uploads/Promocion_Reintegro_Farmacias_2026_AGOSTO_2026_297be5ea2b.pdf
"Google encontro un resultado, pero el nombre/direccion requiere revision",BNF,Farmacias,Farmacias,2da. Capital c/ Mcal. Sucre,Luque,Central,google_places_text_search,review,Farmacia Catedral Suc: Luque 3,Luque 110919,-25.2552086,-57.4994338,https://www.bnf.gov.py/uploads/Promocion_Reintegro_Farmacias_2026_AGOSTO_2026_297be5ea2b.pdf
"Google encontro un resultado, pero el nombre/direccion requiere revision",BNF,Farmacias,Farmacias,Coronel Martínez esq. Prof. Inés Figueredo,Luque,Central,google_places_text_search,review,Farmacenter Luque 2,"14 De Mayo esq, Luque 0930",-25.269799,-57.4876717,https://www.bnf.gov.py/uploads/Promocion_Reintegro_Farmacias_2026_AGOSTO_2026_297be5ea2b.pdf
"Google encontro un resultado, pero el nombre/direccion requiere revision",BNF,Farmacias,Farmacias,Cnel. Martínez c/ Dr. Andrés,Luque,Central,google_places_text_search,review,Farmacia Luque,"Moises Bertoni, Lúke 110930",-25.2715136,-57.4881232,https://www.bnf.gov.py/uploads/Promocion_Reintegro_Farmacias_2026_AGOSTO_2026_297be5ea2b.pdf
"Google encontro un resultado, pero el nombre/direccion requiere revision",BNF,Farmacias,Farmacias,Avda. Artigas c/ Bernardino Caballero,Luque,Central,google_places_text_search,review,Farmacenter Luque 1,"Av. Gral. Aquino esq, Luque 0932",-25.2673297,-57.4933437,https://www.bnf.gov.py/uploads/Promocion_Reintegro_Farmacias_2026_AGOSTO_2026_297be5ea2b.pdf
"Google encontro un resultado, pero el nombre/direccion requiere revision",BNF,Farmacias,Farmacias,Gral. Bernardino Caballero entre Pedro Juan Caballero e Ignacio Iturbe,Mariano Roque Alonso,Central,google_places_text_search,review,Farmacenter Mariano 2,"Ruta Transchaco c/ Centeno Mariano Roque Alonso, Mariano Roque Alonso 1010",-25.214851,-57.5300811,https://www.bnf.gov.py/uploads/Promocion_Reintegro_Farmacias_2026_AGOSTO_2026_297be5ea2b.pdf
"Google encontro un resultado, pero el nombre/direccion requiere revision",BNF,Farmacias,Farmacias,Avda. General Bernardino Caballero esq. Autopista Silvio Pettirosi,Mariano Roque Alonso,Central,google_places_text_search,review,FARMAOLIVA MARIANO ROQUE ALONSO,"Boqueron 293 casi, Mariano Roque Alonso 111010",-25.2127162,-57.5325127,https://www.bnf.gov.py/uploads/Promocion_Reintegro_Farmacias_2026_AGOSTO_2026_297be5ea2b.pdf
"Google encontro un resultado, pero el nombre/direccion requiere revision",BNF,Farmacias,Farmacias,Ruta PY03 esq. Cnel. Irrazabal,Mariano Roque Alonso,Central,google_places_text_search,review,Punto Farma Punto 28 Stock Transchaco,"M. ROQUE. A Av. Transchaco, Mcal. López, Mariano Roque Alonso 111009",-25.2124801,-57.5288524,https://www.bnf.gov.py/uploads/Promocion_Reintegro_Farmacias_2026_AGOSTO_2026_297be5ea2b.pdf
"Google encontro un resultado, pero el nombre/direccion requiere revision",BNF,Farmacias,Farmacias,Ruta 3 General Aquino N° 5959,Mariano Roque Alonso,Central,google_places_text_search,review,Farmacia San José Suc. 3 Mariano Roque Alonso,"Boquerón casi Cañada Tarija Mariano Roque Alonso, Mariano Roque Alonso 2040",-25.2119304,-57.5365229,https://www.bnf.gov.py/uploads/Promocion_Reintegro_Farmacias_2026_AGOSTO_2026_297be5ea2b.pdf
"Google encontro un resultado, pero el nombre/direccion requiere revision",BNF,Farmacias,Farmacias,Gral. Bernardino Caballero esq. Guavirá,Mariano Roque Alonso,Central,google_places_text_search,review,Farmacia Franci,"QFRH+JVJ, Mariano Roque Alonso 111008",-25.2084239,-57.5203614,https://www.bnf.gov.py/uploads/Promocion_Reintegro_Farmacias_2026_AGOSTO_2026_297be5ea2b.pdf
"Google encontro un resultado, pero el nombre/direccion requiere revision",BNF,Farmacias,Farmacias,Ruta PY03 Gral. Elizardo Aquino esq. Gral. Caballero,Mariano Roque Alonso,Central,google_places_text_search,review,Punto Farma Punto 28 Stock Transchaco,"M. ROQUE. A Av. Transchaco, Mcal. López, Mariano Roque Alonso 111009",-25.2124801,-57.5288524,https://www.bnf.gov.py/uploads/Promocion_Reintegro_Farmacias_2026_AGOSTO_2026_297be5ea2b.pdf
"Google encontro un resultado, pero el nombre/direccion requiere revision",BNF,Farmacias,Farmacias,Teniente Rivas c/ Defensores del Chaco N° 111,Nemby,Central,google_places_text_search,review,Punto Farma,"Ruta Acceso Sur casi, Ñemby 111226",-25.3885271,-57.5480354,https://www.bnf.gov.py/uploads/Promocion_Reintegro_Farmacias_2026_AGOSTO_2026_297be5ea2b.pdf
"Google encontro un resultado, pero el nombre/direccion requiere revision",BNF,Farmacias,Farmacias,Manuel Ortiz Guerrero c/ Lombardo,Nemby,Central,google_places_text_search,review,FARMATOTAL - Suc. Manuel Ortiz Guerrero esq. La Lomita,"JF4C+HXH, La Lomita, Ñemby 111219",-25.3935519,-57.5275257,https://www.bnf.gov.py/uploads/Promocion_Reintegro_Farmacias_2026_AGOSTO_2026_297be5ea2b.pdf
"Google encontro un resultado, pero el nombre/direccion requiere revision",BNF,Farmacias,Farmacias,Avda. Paraguay c/ Cadete de Boquerón,San Antonio,Central,google_places_text_search,review,Biggie Farma san Antonio cadete de boquerón,"HCMV+QJQ, San Antonio 111310",-25.4152793,-57.5560477,https://www.bnf.gov.py/uploads/Promocion_Reintegro_Farmacias_2026_AGOSTO_2026_297be5ea2b.pdf
"Google encontro un resultado, pero el nombre/direccion requiere revision",BNF,Farmacias,Farmacias,Avelino Martínez esq. José Ortiz,San Antonio,Central,google_places_text_search,review,Farmacenter Avelino Martinez 2,"JFW6+VV3, San Lorenzo 111434",-25.3528744,-57.537823,https://www.bnf.gov.py/uploads/Promocion_Reintegro_Farmacias_2026_AGOSTO_2026_297be5ea2b.pdf
"Google encontro un resultado, pero el nombre/direccion requiere revision",BNF,Farmacias,Farmacias,Cnel. Feliciano Duarte c/ 12 de Octubre,San Lorenzo,Central,google_places_text_search,review,Farma Life 2 Feliciano Duarte,"MFXC+P3W, San Lorenzo 111401",-25.3006453,-57.5298096,https://www.bnf.gov.py/uploads/Promocion_Reintegro_Farmacias_2026_AGOSTO_2026_297be5ea2b.pdf
"Google encontro un resultado, pero el nombre/direccion requiere revision",BNF,Farmacias,Farmacias,"Avda. Mcal. Jose F. Estigarribia Km. 9,5",San Lorenzo,Central,google_places_text_search,review,Farmacia campo9,"Avda .e.a.garay casi, MFGR+792, San Lorenzo 111406",-25.3243531,-57.509108,https://www.bnf.gov.py/uploads/Promocion_Reintegro_Farmacias_2026_AGOSTO_2026_297be5ea2b.pdf
"Google encontro un resultado, pero el nombre/direccion requiere revision",BNF,Farmacias,Farmacias,10 de Agosto esq. Cap. Pedro J. Carles,San Lorenzo,Central,google_places_text_search,review,Farmacenter San Lorenzo 4,"Tte. Benitez esquina General Caballero San Lorenzo, San Lorenzo 1430",-25.3485967,-57.5085237,https://www.bnf.gov.py/uploads/Promocion_Reintegro_Farmacias_2026_AGOSTO_2026_297be5ea2b.pdf
"Google encontro un resultado, pero el nombre/direccion requiere revision",BNF,Farmacias,Farmacias,Cnel. Romero c/ Julia Miranda Cueto,San Lorenzo,Central,google_places_text_search,review,FARMAOLIVA JULIA MIRANDA CUETO SAN LORENZO,"MF4V+H5R, Gaspar R De Francia, San Lorenzo 111423",-25.3435084,-57.507097,https://www.bnf.gov.py/uploads/Promocion_Reintegro_Farmacias_2026_AGOSTO_2026_297be5ea2b.pdf
"Google encontro un resultado, pero el nombre/direccion requiere revision",BNF,Farmacias,Farmacias,Julio Franco c/ Delfín Chamorro,San Lorenzo,Central,google_places_text_search,review,Farmacia La Merced,"Cnel. Cazal 1947 casi, Fernando de la Mora 110312",-25.3220448,-57.524928,https://www.bnf.gov.py/uploads/Promocion_Reintegro_Farmacias_2026_AGOSTO_2026_297be5ea2b.pdf
"Google encontro un resultado, pero el nombre/direccion requiere revision",BNF,Farmacias,Farmacias,Los Nogales esq. Los Alamos,Villa Elisa,Central,google_places_text_search,review,Más Farmacia,"JCM6+X69, Villa Elisa 111507",-25.3650989,-57.5894036,https://www.bnf.gov.py/uploads/Promocion_Reintegro_Farmacias_2026_AGOSTO_2026_297be5ea2b.pdf
"Google encontro un resultado, pero el nombre/direccion requiere revision",BNF,Farmacias,Farmacias,Alama esq. Nogales,Villa Elisa,Central,google_places_text_search,review,Farmacia Zalmar,"JCRG+826, Villa Elisa 111508",-25.3592098,-57.5749718,https://www.bnf.gov.py/uploads/Promocion_Reintegro_Farmacias_2026_AGOSTO_2026_297be5ea2b.pdf
"Google encontro un resultado, pero el nombre/direccion requiere revision",BNF,Farmacias,Farmacias,Virgen del Carmen e/ 16 de Julio y Mcal. López,Villa Elisa,Central,google_places_text_search,review,Lavanderia virgen del carmen,"16 de Julio casi, Villa Elisa 111510",-25.3746916,-57.5824425,https://www.bnf.gov.py/uploads/Promocion_Reintegro_Farmacias_2026_AGOSTO_2026_297be5ea2b.pdf
"Google encontro un resultado, pero el nombre/direccion requiere revision",BNF,Mayoristas,Aho Aho Comercial,Javier Bogarín N° 264 c/ Sportivo Luqueño,Luque,Central,google_places_text_search,review,AHÓ AHÓ,"Sportivo Luqueño, Luque 110930",-25.271454,-57.49035,https://www.bnf.gov.py/uploads/Promocion_Reintegro_Mayoristas_2026_AGOSTO_fb99dd53e5.pdf
"Google encontro un resultado, pero el nombre/direccion requiere revision",BNF,Mayoristas,BOX Mayorista,Avda. Defensores del Chaco N° 1512 c/ Dr. Montanaro,Asunción,Capital,google_places_text_search,review,BOX SUPERMAYORISTA ABASTO,"MCGH+25M, Unnamed Road, Asunción 001428",-25.3249021,-57.5720697,https://www.bnf.gov.py/uploads/Promocion_Reintegro_Mayoristas_2026_AGOSTO_fb99dd53e5.pdf
"Google encontro un resultado, pero el nombre/direccion requiere revision",BNF,Supermercados,Cadena Real,Avda. Félix Bogado esq. 18 de Julio,Asunción,Capital,google_places_text_search,review,Supermercado Real Félix Bogado,Asunción 001240,-25.3239925,-57.6273226,https://www.bnf.gov.py/uploads/Promocion_Reintegro_Supermercados_2026_AGOSTO_2e7bd73fa2.pdf
"Google encontro un resultado, pero el nombre/direccion requiere revision",BNF,Supermercados,Cadena Real,Ruta Departamental D027 c/ San Roque González,Capiatá,Central,google_places_text_search,review,Real supermarket Capiatá 2,"Mariscal Francisco Solano López, Kapi'atã 110207",-25.3502433,-57.4477089,https://www.bnf.gov.py/uploads/Promocion_Reintegro_Supermercados_2026_AGOSTO_2e7bd73fa2.pdf
"Google encontro un resultado, pero el nombre/direccion requiere revision",BNF,Supermercados,Cadena Real,Ruta PY02 c/ Prof. Carlos A. Rachit,Capiatá,Central,google_places_text_search,review,Real supermarket Capiatá 2,"Mariscal Francisco Solano López, Kapi'atã 110207",-25.3502433,-57.4477089,https://www.bnf.gov.py/uploads/Promocion_Reintegro_Supermercados_2026_AGOSTO_2e7bd73fa2.pdf
"Google encontro un resultado, pero el nombre/direccion requiere revision",BNF,Supermercados,Cadena Real,Ruta Mcal. Estigarribia esq. Corrales,Fernando de la Mora,Central,google_places_text_search,review,Supermarket Real Fernando,Fernando de la Mora 110318,-25.3278468,-57.5474224,https://www.bnf.gov.py/uploads/Promocion_Reintegro_Supermercados_2026_AGOSTO_2e7bd73fa2.pdf
"Google encontro un resultado, pero el nombre/direccion requiere revision",BNF,Supermercados,Copemarket,Avda. Eusebio Ayala esq. Bartolomé,Asunción,Capital,google_places_text_search,review,SUPERMERCADO COPE MARKET FULL KM 2,"M9VX+44J, &, Asunción 001231",-25.3071693,-57.602236,https://www.bnf.gov.py/uploads/Promocion_Reintegro_Supermercados_2026_AGOSTO_2e7bd73fa2.pdf
"Google encontro un resultado, pero el nombre/direccion requiere revision",BNF,Supermercados,Copemarket,Avda. 25 de Mayo c/ Choferes del Chaco,Asunción,Capital,google_places_text_search,review,SUPERMERCADO COPE MARKET FULL KM 2,"M9VX+44J, &, Asunción 001231",-25.3071693,-57.602236,https://www.bnf.gov.py/uploads/Promocion_Reintegro_Supermercados_2026_AGOSTO_2e7bd73fa2.pdf
"Google encontro un resultado, pero el nombre/direccion requiere revision",BNF,Supermercados,Copemarket,Ecommerce: www.copefull.com.py,Asunción,Capital,google_places_text_search,review,SUPERMERCADO COPE MARKET FULL KM 2,"M9VX+44J, &, Asunción 001231",-25.3071693,-57.602236,https://www.bnf.gov.py/uploads/Promocion_Reintegro_Supermercados_2026_AGOSTO_2e7bd73fa2.pdf
"Google encontro un resultado, pero el nombre/direccion requiere revision",BNF,Supermercados,Frigoríficos,Avda. Peru c/ Dr. Francia,Asunción,Capital,google_places_text_search,review,Frigorífico Z-Carne,"Teniente 124, Asunción 1517",-25.2564086,-57.5928823,https://www.bnf.gov.py/uploads/Promocion_Reintegro_Frigorificos_2026_AGOSTO_33175dc92c.pdf
"Google encontro un resultado, pero el nombre/direccion requiere revision",BNF,Supermercados,Frigoríficos,Avda. Ita Ybate (21 proyectada) c/ Jose Maria Morelos,Asunción,Capital,google_places_text_search,review,Frigorífico Z-Carne,"Teniente 124, Asunción 1517",-25.2564086,-57.5928823,https://www.bnf.gov.py/uploads/Promocion_Reintegro_Frigorificos_2026_AGOSTO_33175dc92c.pdf
"Google encontro un resultado, pero el nombre/direccion requiere revision",BNF,Supermercados,Frigoríficos,Avda. Brasilia esq. Fray Luis de Granada,Asunción,Capital,google_places_text_search,review,Frigorifico Lombardo,"PCR4+GV5, Asunción 001517",-25.2587266,-57.5927768,https://www.bnf.gov.py/uploads/Promocion_Reintegro_Frigorificos_2026_AGOSTO_33175dc92c.pdf
"Google encontro un resultado, pero el nombre/direccion requiere revision",BNF,Supermercados,Frigoríficos,Avda. Carlos Antonio Lopez esq. Ramón de las Llanas,Asunción,Capital,google_places_text_search,review,Frigorífico Concepción SA - Ciclo 1,"RF3J+3FC, Gral. Elizardo Aquino, Mariano Roque Alonso 111001",-25.1973012,-57.5188458,https://www.bnf.gov.py/uploads/Promocion_Reintegro_Frigorificos_2026_AGOSTO_33175dc92c.pdf
"Google encontro un resultado, pero el nombre/direccion requiere revision",BNF,Supermercados,Frigoríficos,Avda. Stma. Trinidad c/ Américo Merlo,Asunción,Capital,google_places_text_search,review,Frigorífico Frigomerc,"Capitán José Domingo Lombardo, Asunción 1705",-25.258536,-57.5927785,https://www.bnf.gov.py/uploads/Promocion_Reintegro_Frigorificos_2026_AGOSTO_33175dc92c.pdf
"Google encontro un resultado, pero el nombre/direccion requiere revision",BNF,Supermercados,Frigoríficos,Senador Long e/ Andrade y Del Maestro,Asunción,Capital,google_places_text_search,review,Frigorífico Frigomerc,"Capitán José Domingo Lombardo, Asunción 1705",-25.258536,-57.5927785,https://www.bnf.gov.py/uploads/Promocion_Reintegro_Frigorificos_2026_AGOSTO_33175dc92c.pdf
"Google encontro un resultado, pero el nombre/direccion requiere revision",BNF,Supermercados,Frigoríficos,Avda. Fernando de la Mora 2589 c/ Universitarios del Chaco,Asunción,Capital,google_places_text_search,review,Frigorífico Z-Carne,"Teniente 124, Asunción 1517",-25.2564086,-57.5928823,https://www.bnf.gov.py/uploads/Promocion_Reintegro_Frigorificos_2026_AGOSTO_33175dc92c.pdf
"Google encontro un resultado, pero el nombre/direccion requiere revision",BNF,Supermercados,Frigoríficos,Avda. Guido Boggiani 5928 c/ R.I. 6 Boquerón,Asunción,Capital,google_places_text_search,review,Frigorífico Concepción SA,"Piso 17 y 18, Edificio Torres del Paseo, Torre 1, Av. Sta. Teresa esq, Asunción 1816",-25.2848311,-57.5641465,https://www.bnf.gov.py/uploads/Promocion_Reintegro_Frigorificos_2026_AGOSTO_33175dc92c.pdf
"Google encontro un resultado, pero el nombre/direccion requiere revision",BNF,Supermercados,Frigoríficos,Avda. Artigas esq. Cnel. Manuel José Montiel,Asunción,Capital,google_places_text_search,review,Frigorifico Concepción Ciclo II,"PCX8+2W5, Asunción 001518",-25.2523772,-57.5821503,https://www.bnf.gov.py/uploads/Promocion_Reintegro_Frigorificos_2026_AGOSTO_33175dc92c.pdf
"Google encontro un resultado, pero el nombre/direccion requiere revision",BNF,Supermercados,Frigoríficos,"Cial. Santa Teresa, Bloque F, Local 14 y 15. Avda. Defensores del Chaco 1512 c/ Incas",Asunción,Capital,google_places_text_search,review,Frigorífico Concepción SA,"Piso 17 y 18, Edificio Torres del Paseo, Torre 1, Av. Sta. Teresa esq, Asunción 1816",-25.2848311,-57.5641465,https://www.bnf.gov.py/uploads/Promocion_Reintegro_Frigorificos_2026_AGOSTO_33175dc92c.pdf
"Google encontro un resultado, pero el nombre/direccion requiere revision",BNF,Supermercados,Frigoríficos,"Abasto Norte Bloque B, Ruta 3 Km. 22",Limpio,Central,google_places_text_search,review,"Abasto Norte, Limpio","km 22,5, Ruta III Aquino, Limpio 110821",-25.1780731,-57.4833457,https://www.bnf.gov.py/uploads/Promocion_Reintegro_Frigorificos_2026_AGOSTO_33175dc92c.pdf
"Google encontro un resultado, pero el nombre/direccion requiere revision",BNF,Supermercados,Frigoríficos,Dr. Francia e/ Capitán Bado,Luque,Central,google_places_text_search,review,Frigoluque,"QG36+36R, Luque 110903",-25.2472562,-57.4894696,https://www.bnf.gov.py/uploads/Promocion_Reintegro_Frigorificos_2026_AGOSTO_33175dc92c.pdf
"Google encontro un resultado, pero el nombre/direccion requiere revision",BNF,Supermercados,Frigoríficos,Cap. Andrés Insfrán y Sandra Rosalía,Luque,Central,google_places_text_search,review,Club Capitán Andrés Insfrán,"PG4H+PV8, Luque 110953",-25.2932077,-57.4703116,https://www.bnf.gov.py/uploads/Promocion_Reintegro_Frigorificos_2026_AGOSTO_33175dc92c.pdf
"Google encontro un resultado, pero el nombre/direccion requiere revision",BNF,Supermercados,Frigoríficos,Acceso Sur c/ 29 de Setiembre,Nemby,Central,google_places_text_search,review,Friomax Ñemby,"Jose Asuncion Flores 496, Ñemby 111203",-25.3675754,-57.5613363,https://www.bnf.gov.py/uploads/Promocion_Reintegro_Frigorificos_2026_AGOSTO_33175dc92c.pdf
"Google encontro un resultado, pero el nombre/direccion requiere revision",BNF,Supermercados,Frigoríficos,"10 de Agosto c/ Hernandarias, Zona Mercado",San Lorenzo,Central,google_places_text_search,review,Frigorifico San Lorenzo S.R.L.,"MF4X+5VW, San Lorenzo 111429",-25.3445145,-57.5003084,https://www.bnf.gov.py/uploads/Promocion_Reintegro_Frigorificos_2026_AGOSTO_33175dc92c.pdf
"Google encontro un resultado, pero el nombre/direccion requiere revision",BNF,Supermercados,Frigoríficos,Avda. Eugenio Garay 9091 esq. Las Mercedes B° Sagrada Familia,San Lorenzo,Central,google_places_text_search,review,Frigorifico San Lorenzo S.R.L.,"MF4X+5VW, San Lorenzo 111429",-25.3445145,-57.5003084,https://www.bnf.gov.py/uploads/Promocion_Reintegro_Frigorificos_2026_AGOSTO_33175dc92c.pdf
"Google encontro un resultado, pero el nombre/direccion requiere revision",BNF,Supermercados,Frigoríficos,Avda. Enrique Von Polesky 1605,Villa Elisa,Central,google_places_text_search,review,IBERICA S.A.,"JCXF+CG3, Villa Elisa 111503",-25.3514958,-57.5762096,https://www.bnf.gov.py/uploads/Promocion_Reintegro_Frigorificos_2026_AGOSTO_33175dc92c.pdf
"Google encontro un resultado, pero el nombre/direccion requiere revision",BNF,Supermercados,Hipermercados Luisito,Avda. Dr. Pedro López esq. Bernardino Caballero,Capiatá,Central,google_places_text_search,review,Hipermercado Luisito Capiatá,"JG8P+9XH, Capiatá 110239",-25.3840546,-57.4625076,https://www.bnf.gov.py/uploads/Promocion_Reintegro_Supermercados_2026_AGOSTO_2e7bd73fa2.pdf
"Google encontro un resultado, pero el nombre/direccion requiere revision",BNF,Supermercados,Hipermercados Luisito,Dr. Ceferino Ruíz esq. Algodonal,Fernando de la Mora,Central,google_places_text_search,review,Luisito,"MC68+6PV, Acceso Sur, Fernando de la Mora 110329",-25.3393839,-57.5832067,https://www.bnf.gov.py/uploads/Promocion_Reintegro_Supermercados_2026_AGOSTO_2e7bd73fa2.pdf
"Google encontro un resultado, pero el nombre/direccion requiere revision",BNF,Supermercados,Hipermercados Luisito,San Joseé c/ Boquerón,Limpio,Central,google_places_text_search,review,Hipermercado Luisito Limpio,Limpio 110821,-25.1727305,-57.4712012,https://www.bnf.gov.py/uploads/Promocion_Reintegro_Supermercados_2026_AGOSTO_2e7bd73fa2.pdf
"Google encontro un resultado, pero el nombre/direccion requiere revision",BNF,Supermercados,Hipermercados Luisito,Ruta Transchaco esq. Augusto Roa Bastos,Mariano Roque Alonso,Central,google_places_text_search,review,Luisito,"QF76+527, Avenida Mcal. José F. Estigarribia, Asunción 001506",-25.237051,-57.5396194,https://www.bnf.gov.py/uploads/Promocion_Reintegro_Supermercados_2026_AGOSTO_2e7bd73fa2.pdf
"Google encontro un resultado, pero el nombre/direccion requiere revision",BNF,Supermercados,Los Jardines Supermercado,Luis Alberto del Paraná y Jacaranda,Fernando de la Mora,Central,google_places_text_search,review,Supermercado Los Jardines - Fernando de la Mora,"Jacaranda esq, Fernando de la Mora 110304",-25.3126704,-57.5421227,https://www.bnf.gov.py/uploads/Promocion_Reintegro_Supermercados_2026_AGOSTO_2e7bd73fa2.pdf
"Google encontro un resultado, pero el nombre/direccion requiere revision",BNF,Supermercados,Supermercados Gran Vía,Avda. Eusebio Ayala y Choferes del Chaco,Asunción,Capital,google_places_text_search,review,Supermarket Gran Vía,"&, Asunción 001230",-25.3081601,-57.5967149,https://www.bnf.gov.py/uploads/Promocion_Reintegro_Supermercados_2026_AGOSTO_2e7bd73fa2.pdf
"Google encontro un resultado, pero el nombre/direccion requiere revision",BNF,Supermercados,Supermercados Gran Vía,Ruta Gral. Aquino N° 2.400 esq. Nanawa,Luque,Central,google_places_text_search,review,Gran Vía,"PF9F+QM7, Av. Nanawa, Luque 110937",-25.2805841,-57.5258219,https://www.bnf.gov.py/uploads/Promocion_Reintegro_Supermercados_2026_AGOSTO_2e7bd73fa2.pdf
"Google encontro un resultado, pero el nombre/direccion requiere revision",BNF,Supermercados,Superseis,Autopista Silvio Pettirossi y Torokay,Luque,Central,google_places_text_search,review,Super Seis - Plaza Madero,"PFVQ+Q3, Luque 110917",-25.2554613,-57.5124199,https://www.bnf.gov.py/uploads/Promocion_Reintegro_Supermercados_2026_AGOSTO_2e7bd73fa2.pdf
"Google encontro un resultado, pero el nombre/direccion requiere revision",BNF,Supermercados,Superseis Express,Avda. Primer Presidente esq. Gabriel Casaccia,Asunción,Capital,google_places_text_search,review,Superseis - Primer Presidente,"PCPR+9X6, Asunción 001525",-25.2641078,-57.5575124,https://www.bnf.gov.py/uploads/Promocion_Reintegro_Supermercados_2026_AGOSTO_2e7bd73fa2.pdf
"Google encontro un resultado, pero el nombre/direccion requiere revision",BNF,Supermercados,Superseis Express,Avda. Molas López esq. Veteranos del 70,Asunción,Capital,google_places_text_search,review,S6 Express Molas López,"PCJG+JJJ, Asunción 001520",-25.2684194,-57.5734754,https://www.bnf.gov.py/uploads/Promocion_Reintegro_Supermercados_2026_AGOSTO_2e7bd73fa2.pdf
"Google encontro un resultado, pero el nombre/direccion requiere revision",BNF,Supermercados,Supersies,Ruta Transchaco y Capitán Alianza. – Shopping El Portal,Mariano Roque Alonso,Central,google_places_text_search,review,Superseis - Portal,"QF65+F3X, Don Aurelio González, Asunción 001507",-25.2387517,-57.5422655,https://www.bnf.gov.py/uploads/Promocion_Reintegro_Supermercados_2026_AGOSTO_2e7bd73fa2.pdf
Coordenada aproximada o faltante,BNF,Combustible,11 de Setiembre e/ 15 de Agosto y 16 de Julio,Fernando de la Mora,Central,✓,,,,,,,https://www.bnf.gov.py/uploads/Promocion_Reintegro_Estaciones_de_Servicio_2026_AGOSTO_2026_fd2e476e47.pdf
Coordenada aproximada o faltante,BNF,Combustible,14 de Mayo esquina Rotela,Curuguaty,Canindeyú,-,,,,,,,https://www.bnf.gov.py/uploads/Promocion_Reintegro_Estaciones_de_Servicio_2026_AGOSTO_2026_fd2e476e47.pdf
Coordenada aproximada o faltante,BNF,Combustible,Acceso Sur 2575 casi Maria Auxiliadora,Nemby,Central,✓,,,,,,,https://www.bnf.gov.py/uploads/Promocion_Reintegro_Estaciones_de_Servicio_2026_AGOSTO_2026_fd2e476e47.pdf
Coordenada aproximada o faltante,BNF,Combustible,Acceso Sur y 29 de Setiembre,Nemby,Central,✓,,,,,,,https://www.bnf.gov.py/uploads/Promocion_Reintegro_Estaciones_de_Servicio_2026_AGOSTO_2026_fd2e476e47.pdf
Coordenada aproximada o faltante,BNF,Combustible,Agustín Fernando de Pinedo y Capitán Herminio Mendoza,Concepción,Concepción,-,,,,,,,https://www.bnf.gov.py/uploads/Promocion_Reintegro_Estaciones_de_Servicio_2026_AGOSTO_2026_fd2e476e47.pdf
Coordenada aproximada o faltante,BNF,Combustible,Augusto Roa Bastos y Antillas,Lambaré,Central,-,,,,,,,https://www.bnf.gov.py/uploads/Promocion_Reintegro_Estaciones_de_Servicio_2026_AGOSTO_2026_fd2e476e47.pdf
Coordenada aproximada o faltante,BNF,Combustible,Av. Corrales esq. Camboriú,Luque,Central,✓,,,,,,,https://www.bnf.gov.py/uploads/Promocion_Reintegro_Estaciones_de_Servicio_2026_AGOSTO_2026_fd2e476e47.pdf
Coordenada aproximada o faltante,BNF,Combustible,Av. Leopardi c/ Ayolas,Fernando de la Mora,Central,-,,,,,,,https://www.bnf.gov.py/uploads/Promocion_Reintegro_Estaciones_de_Servicio_2026_AGOSTO_2026_fd2e476e47.pdf
Coordenada aproximada o faltante,BNF,Combustible,Av. San Martin c/ Cnel. Oviedo,Luque,Central,✓,,,,,,,https://www.bnf.gov.py/uploads/Promocion_Reintegro_Estaciones_de_Servicio_2026_AGOSTO_2026_fd2e476e47.pdf
Coordenada aproximada o faltante,BNF,Combustible,Azara y Brasil,Asunción,Capital,✓,,,,,,,https://www.bnf.gov.py/uploads/Promocion_Reintegro_Estaciones_de_Servicio_2026_AGOSTO_2026_fd2e476e47.pdf
Coordenada aproximada o faltante,BNF,Combustible,Blas Garay y Monseñor Rodríguez,Ciudad del Este,Alto Paraná,✓,,,,,,,https://www.bnf.gov.py/uploads/Promocion_Reintegro_Estaciones_de_Servicio_2026_AGOSTO_2026_fd2e476e47.pdf
Coordenada aproximada o faltante,BNF,Combustible,Bvar. Caballero c/ Spezzini,Villarrica,Villarrica,-,city_approximation,,,,-25.7416,-56.4381,https://www.bnf.gov.py/uploads/Promocion_Reintegro_Estaciones_de_Servicio_2026_AGOSTO_2026_fd2e476e47.pdf
Coordenada aproximada o faltante,BNF,Combustible,Cap. Guermencindo Sosa esq. Hermanos Luis Arbues,Horqueta,Concepción,-,,,,,,,https://www.bnf.gov.py/uploads/Promocion_Reintegro_Estaciones_de_Servicio_2026_AGOSTO_2026_fd2e476e47.pdf
Coordenada aproximada o faltante,BNF,Combustible,Clemente Romero esq. Libertad,Fernando de la Mora,Central,-,,,,,,,https://www.bnf.gov.py/uploads/Promocion_Reintegro_Estaciones_de_Servicio_2026_AGOSTO_2026_fd2e476e47.pdf
Coordenada aproximada o faltante,BNF,Combustible,Cnel. Quintana y Mcal. Estigarribia,General Artigas,Itapúa,-,,,,,,,https://www.bnf.gov.py/uploads/Promocion_Reintegro_Estaciones_de_Servicio_2026_AGOSTO_2026_fd2e476e47.pdf
Coordenada aproximada o faltante,BNF,Combustible,Coronel Martinez y Profesor Leoz,Luque,Central,-,,,,,,,https://www.bnf.gov.py/uploads/Promocion_Reintegro_Estaciones_de_Servicio_2026_AGOSTO_2026_fd2e476e47.pdf
Coordenada aproximada o faltante,BNF,Combustible,Cruce Horqueta y Ruta 5,Horqueta,Concepción,-,,,,,,,https://www.bnf.gov.py/uploads/Promocion_Reintegro_Estaciones_de_Servicio_2026_AGOSTO_2026_fd2e476e47.pdf
Coordenada aproximada o faltante,BNF,Combustible,Desvío a Tacuara Santani Km. 175,San Estanislao,San Pedro,✓,,,,,,,https://www.bnf.gov.py/uploads/Promocion_Reintegro_Estaciones_de_Servicio_2026_AGOSTO_2026_fd2e476e47.pdf
Coordenada aproximada o faltante,BNF,Combustible,"Desvío a cruce Cerro Largo (Ruta 6, Km. 47)",Santa Rita,Alto Paraná,-,,,,,,,https://www.bnf.gov.py/uploads/Promocion_Reintegro_Estaciones_de_Servicio_2026_AGOSTO_2026_fd2e476e47.pdf
Coordenada aproximada o faltante,BNF,Combustible,EE.SS Parador Carapeguá,Carapeguá,Paraguarí,-,,,,,,,https://www.bnf.gov.py/uploads/Promocion_Reintegro_Estaciones_de_Servicio_2026_AGOSTO_2026_fd2e476e47.pdf
Coordenada aproximada o faltante,BNF,Combustible,Estaciones de Servicio,Ruta 7 Km. 124,Caaguazú,Caaguazú,city_approximation,,,,-25.4672,-56.0263,https://www.bnf.gov.py/uploads/Promocion_Reintegro_Estaciones_de_Servicio_2026_AGOSTO_2026_fd2e476e47.pdf
Coordenada aproximada o faltante,BNF,Combustible,Estaciones de Servicio,Ruta 7 Km. 175,Caaguazú,Caaguazú,city_approximation,,,,-25.4636,-56.0143,https://www.bnf.gov.py/uploads/Promocion_Reintegro_Estaciones_de_Servicio_2026_AGOSTO_2026_fd2e476e47.pdf
Coordenada aproximada o faltante,BNF,Combustible,Estaciones de Servicio,15 de Agosto c/ Guillermo Arias,Caaguazú,Caaguazú,city_approximation,,,,-25.4708,-56.0167,https://www.bnf.gov.py/uploads/Promocion_Reintegro_Estaciones_de_Servicio_2026_AGOSTO_2026_fd2e476e47.pdf
Coordenada aproximada o faltante,BNF,Combustible,Estaciones de Servicio,Ruta PY02 Km. 160,Caaguazú,Caaguazú,city_approximation,,,,-25.4612,-56.0203,https://www.bnf.gov.py/uploads/Promocion_Reintegro_Estaciones_de_Servicio_2026_AGOSTO_2026_fd2e476e47.pdf
Coordenada aproximada o faltante,BNF,Combustible,Estaciones de Servicio,Avda. Acosta Ñu c/ Delfín Chamorro,Caaguazú,Caaguazú,city_approximation,,,,-25.4636,-56.0191,https://www.bnf.gov.py/uploads/Promocion_Reintegro_Estaciones_de_Servicio_2026_AGOSTO_2026_fd2e476e47.pdf
Coordenada aproximada o faltante,BNF,Combustible,Estaciones de Servicio,Gral. Bernardino Caballero esq. Pte. Carlos Antonio López,Caaguazú,Caaguazú,city_approximation,,,,-25.466,-56.0179,https://www.bnf.gov.py/uploads/Promocion_Reintegro_Estaciones_de_Servicio_2026_AGOSTO_2026_fd2e476e47.pdf
Coordenada aproximada o faltante,BNF,Combustible,Estaciones de Servicio,Ruta PY02 Km. 190,Caaguazú,Caaguazú,city_approximation,,,,-25.4612,-56.0263,https://www.bnf.gov.py/uploads/Promocion_Reintegro_Estaciones_de_Servicio_2026_AGOSTO_2026_fd2e476e47.pdf
Coordenada aproximada o faltante,BNF,Combustible,Estaciones de Servicio,Ruta PY02 Km. 188,Caaguazú,Caaguazú,city_approximation,,,,-25.4588,-56.0215,https://www.bnf.gov.py/uploads/Promocion_Reintegro_Estaciones_de_Servicio_2026_AGOSTO_2026_fd2e476e47.pdf
Coordenada aproximada o faltante,BNF,Combustible,Estaciones de Servicio,Km. 9 – Acaray,Ciudad del Este,Alto Paraná,city_approximation,,,,-25.5203,-54.6095,https://www.bnf.gov.py/uploads/Promocion_Reintegro_Estaciones_de_Servicio_2026_AGOSTO_2026_fd2e476e47.pdf
Coordenada aproximada o faltante,BNF,Combustible,Estaciones de Servicio,Avenida Julio Cesar Riquelme,Ciudad del Este,Alto Paraná,city_approximation,,,,-25.5179,-54.6215,https://www.bnf.gov.py/uploads/Promocion_Reintegro_Estaciones_de_Servicio_2026_AGOSTO_2026_fd2e476e47.pdf
Coordenada aproximada o faltante,BNF,Combustible,Estaciones de Servicio,Alejo García y Sgto. Rivas Ortellado - Barrio Catedral,Ciudad del Este,Alto Paraná,city_approximation,,,,-25.5251,-54.6251,https://www.bnf.gov.py/uploads/Promocion_Reintegro_Estaciones_de_Servicio_2026_AGOSTO_2026_fd2e476e47.pdf
Coordenada aproximada o faltante,BNF,Combustible,Estaciones de Servicio,Avda. Bernardino Caballero entre Av. América y Julio Correa,Ciudad del Este,Alto Paraná,city_approximation,,,,-25.5251,-54.6251,https://www.bnf.gov.py/uploads/Promocion_Reintegro_Estaciones_de_Servicio_2026_AGOSTO_2026_fd2e476e47.pdf
Coordenada aproximada o faltante,BNF,Combustible,Estaciones de Servicio,Avda. Amado Benitez y 25 de Agosto - Barrio Santa Ana,Ciudad del Este,Alto Paraná,city_approximation,,,,-25.5215,-54.6191,https://www.bnf.gov.py/uploads/Promocion_Reintegro_Estaciones_de_Servicio_2026_AGOSTO_2026_fd2e476e47.pdf
Coordenada aproximada o faltante,BNF,Combustible,Estaciones de Servicio,"Ruta 7, Km. 4,5 - Ciudad del Este",Ciudad del Este,Alto Paraná,city_approximation,,,,-25.5203,-54.6239,https://www.bnf.gov.py/uploads/Promocion_Reintegro_Estaciones_de_Servicio_2026_AGOSTO_2026_fd2e476e47.pdf
Coordenada aproximada o faltante,BNF,Combustible,Estaciones de Servicio,Avda. Peru esq. Fortin Toledo,Ciudad del Este,Alto Paraná,city_approximation,,,,-25.5131,-54.6143,https://www.bnf.gov.py/uploads/Promocion_Reintegro_Estaciones_de_Servicio_2026_AGOSTO_2026_fd2e476e47.pdf
Coordenada aproximada o faltante,BNF,Combustible,Estaciones de Servicio,Jose Marti y Av. Benigno Ferreira - Barrio Ciudad Nueva,Ciudad del Este,Alto Paraná,city_approximation,,,,-25.5191,-54.6095,https://www.bnf.gov.py/uploads/Promocion_Reintegro_Estaciones_de_Servicio_2026_AGOSTO_2026_fd2e476e47.pdf
Coordenada aproximada o faltante,BNF,Combustible,Estaciones de Servicio,Primero de Mayo c/ Guillermo Arias,Ciudad del Este,Alto Paraná,city_approximation,,,,-25.5263,-54.6119,https://www.bnf.gov.py/uploads/Promocion_Reintegro_Estaciones_de_Servicio_2026_AGOSTO_2026_fd2e476e47.pdf
Coordenada aproximada o faltante,BNF,Combustible,Estaciones de Servicio,Iturbe y Azara,Ciudad del Este,Alto Paraná,city_approximation,,,,-25.5155,-54.6071,https://www.bnf.gov.py/uploads/Promocion_Reintegro_Estaciones_de_Servicio_2026_AGOSTO_2026_fd2e476e47.pdf
Coordenada aproximada o faltante,BNF,Combustible,Estaciones de Servicio,Minga Guazú Km. 14,Ciudad del Este,Alto Paraná,city_approximation,,,,-25.5083,-54.6143,https://www.bnf.gov.py/uploads/Promocion_Reintegro_Estaciones_de_Servicio_2026_AGOSTO_2026_fd2e476e47.pdf
Coordenada aproximada o faltante,BNF,Combustible,Estaciones de Servicio,Avda. Rogelio Benítez y Lomas Valentinas,Ciudad del Este,Alto Paraná,city_approximation,,,,-25.5107,-54.6215,https://www.bnf.gov.py/uploads/Promocion_Reintegro_Estaciones_de_Servicio_2026_AGOSTO_2026_fd2e476e47.pdf
Coordenada aproximada o faltante,BNF,Combustible,Estaciones de Servicio,Km. 10 Acaray,Ciudad del Este,Alto Paraná,city_approximation,,,,-25.5179,-54.6155,https://www.bnf.gov.py/uploads/Promocion_Reintegro_Estaciones_de_Servicio_2026_AGOSTO_2026_fd2e476e47.pdf
Coordenada aproximada o faltante,BNF,Combustible,Estaciones de Servicio,O’Leary esq. José Asunción Flores,Ciudad del Este,Alto Paraná,city_approximation,,,,-25.5143,-54.6083,https://www.bnf.gov.py/uploads/Promocion_Reintegro_Estaciones_de_Servicio_2026_AGOSTO_2026_fd2e476e47.pdf
Coordenada aproximada o faltante,BNF,Combustible,Estaciones de Servicio,Tte. Facundo Almada esq. Avda. Capitán del Puerto,Ciudad del Este,Alto Paraná,city_approximation,,,,-25.5119,-54.6131,https://www.bnf.gov.py/uploads/Promocion_Reintegro_Estaciones_de_Servicio_2026_AGOSTO_2026_fd2e476e47.pdf
Coordenada aproximada o faltante,BNF,Combustible,Estaciones de Servicio,Avda. Fortín Toledo esq. O’Higgins,Ciudad del Este,Alto Paraná,city_approximation,,,,-25.5215,-54.6131,https://www.bnf.gov.py/uploads/Promocion_Reintegro_Estaciones_de_Servicio_2026_AGOSTO_2026_fd2e476e47.pdf
Coordenada aproximada o faltante,BNF,Combustible,Estaciones de Servicio,Monseñor Rodríguez esq. Rafael Barret,Ciudad del Este,Alto Paraná,city_approximation,,,,-25.5119,-54.6083,https://www.bnf.gov.py/uploads/Promocion_Reintegro_Estaciones_de_Servicio_2026_AGOSTO_2026_fd2e476e47.pdf
Coordenada aproximada o faltante,BNF,Combustible,Estaciones de Servicio,Km. 14 – Ruta Los Cedrales,Ciudad del Este,Alto Paraná,city_approximation,,,,-25.5083,-54.6095,https://www.bnf.gov.py/uploads/Promocion_Reintegro_Estaciones_de_Servicio_2026_AGOSTO_2026_fd2e476e47.pdf
Coordenada aproximada o faltante,BNF,Combustible,Estaciones de Servicio,Avda. Naranjal esq. Nuestra Señora de la Asunción,Ciudad del Este,Alto Paraná,city_approximation,,,,-25.5071,-54.6131,https://www.bnf.gov.py/uploads/Promocion_Reintegro_Estaciones_de_Servicio_2026_AGOSTO_2026_fd2e476e47.pdf
Coordenada aproximada o faltante,BNF,Combustible,Estaciones de Servicio,Supercarretera Carlos Antonio López,Ciudad del Este,Alto Paraná,city_approximation,,,,-25.5083,-54.6107,https://www.bnf.gov.py/uploads/Promocion_Reintegro_Estaciones_de_Servicio_2026_AGOSTO_2026_fd2e476e47.pdf
Coordenada aproximada o faltante,BNF,Combustible,Estaciones de Servicio,"Avda. Amado Benítez Gamarra, frente al Seminario",Ciudad del Este,Alto Paraná,city_approximation,,,,-25.5107,-54.6167,https://www.bnf.gov.py/uploads/Promocion_Reintegro_Estaciones_de_Servicio_2026_AGOSTO_2026_fd2e476e47.pdf
Coordenada aproximada o faltante,BNF,Combustible,Estaciones de Servicio,Avda. Manuel Ortiz Guerrero esq. Natalicio Talavera,Ciudad del Este,Alto Paraná,city_approximation,,,,-25.5263,-54.6107,https://www.bnf.gov.py/uploads/Promocion_Reintegro_Estaciones_de_Servicio_2026_AGOSTO_2026_fd2e476e47.pdf
Coordenada aproximada o faltante,BNF,Combustible,Estaciones de Servicio,Defensores del Chaco esq. Canindeyú,Coronel Oviedo,Caaguazú,city_approximation,,,,-25.436,-56.4343,https://www.bnf.gov.py/uploads/Promocion_Reintegro_Estaciones_de_Servicio_2026_AGOSTO_2026_fd2e476e47.pdf
Coordenada aproximada o faltante,BNF,Combustible,Estaciones de Servicio,Avda. Mcal. Estigarribia entre Carmelo Peralta y Sargento 1ro. Florentino Benitez - Centro de Cnel. Oviedo,Coronel Oviedo,Caaguazú,city_approximation,,,,-25.4384,-56.4463,https://www.bnf.gov.py/uploads/Promocion_Reintegro_Estaciones_de_Servicio_2026_AGOSTO_2026_fd2e476e47.pdf
Coordenada aproximada o faltante,BNF,Combustible,Estaciones de Servicio,Avenida Defensores del Chaco Nº 120,Coronel Oviedo,Caaguazú,city_approximation,,,,-25.4528,-56.4463,https://www.bnf.gov.py/uploads/Promocion_Reintegro_Estaciones_de_Servicio_2026_AGOSTO_2026_fd2e476e47.pdf
Coordenada aproximada o faltante,BNF,Combustible,Estaciones de Servicio,Nanawa e/ Ayolas,Coronel Oviedo,Caaguazú,city_approximation,,,,-25.4408,-56.4403,https://www.bnf.gov.py/uploads/Promocion_Reintegro_Estaciones_de_Servicio_2026_AGOSTO_2026_fd2e476e47.pdf
Coordenada aproximada o faltante,BNF,Combustible,Estaciones de Servicio,Calle Marista c/ Loteadora Fracción 2,Coronel Oviedo,Caaguazú,city_approximation,,,,-25.4516,-56.4415,https://www.bnf.gov.py/uploads/Promocion_Reintegro_Estaciones_de_Servicio_2026_AGOSTO_2026_fd2e476e47.pdf
Coordenada aproximada o faltante,BNF,Combustible,Estaciones de Servicio,Avenida Caballero c/ Avda. Irrazabal,Encarnación,Itapúa,city_approximation,,,,-27.3366,-55.8751,https://www.bnf.gov.py/uploads/Promocion_Reintegro_Estaciones_de_Servicio_2026_AGOSTO_2026_fd2e476e47.pdf
Coordenada aproximada o faltante,BNF,Combustible,Estaciones de Servicio,Ruta 6 Km. 2 - Entrada Chaipe,Encarnación,Itapúa,city_approximation,,,,-27.327,-55.8679,https://www.bnf.gov.py/uploads/Promocion_Reintegro_Estaciones_de_Servicio_2026_AGOSTO_2026_fd2e476e47.pdf
Coordenada aproximada o faltante,BNF,Combustible,Estaciones de Servicio,Calle Carlos A. López y Gral. Cabañas,Encarnación,Itapúa,city_approximation,,,,-27.3342,-55.8691,https://www.bnf.gov.py/uploads/Promocion_Reintegro_Estaciones_de_Servicio_2026_AGOSTO_2026_fd2e476e47.pdf
Coordenada aproximada o faltante,BNF,Combustible,Estaciones de Servicio,Avenida Irrazabal esq. General Cabañas,Encarnación,Itapúa,city_approximation,,,,-27.3342,-55.8607,https://www.bnf.gov.py/uploads/Promocion_Reintegro_Estaciones_de_Servicio_2026_AGOSTO_2026_fd2e476e47.pdf
Coordenada aproximada o faltante,BNF,Combustible,Estaciones de Servicio,Ruta 1 Km. 12,Encarnación,Itapúa,city_approximation,,,,-27.3246,-55.8715,https://www.bnf.gov.py/uploads/Promocion_Reintegro_Estaciones_de_Servicio_2026_AGOSTO_2026_fd2e476e47.pdf
Coordenada aproximada o faltante,BNF,Combustible,Estaciones de Servicio,Carlos Hrase y Ruta 1,Encarnación,Itapúa,city_approximation,,,,-27.3234,-55.8583,https://www.bnf.gov.py/uploads/Promocion_Reintegro_Estaciones_de_Servicio_2026_AGOSTO_2026_fd2e476e47.pdf
Coordenada aproximada o faltante,BNF,Combustible,Estaciones de Servicio,Ntra. Sra. de Fátima esq. Santa Lucía,Encarnación,Itapúa,city_approximation,,,,-27.3306,-55.8595,https://www.bnf.gov.py/uploads/Promocion_Reintegro_Estaciones_de_Servicio_2026_AGOSTO_2026_fd2e476e47.pdf
Coordenada aproximada o faltante,BNF,Combustible,Estaciones de Servicio,Km. 2 Supercarretera c/ Avda. Rodríguez de Francia,Hernandarias,Alto Paraná,city_approximation,,,,-25.3982,-54.65,https://www.bnf.gov.py/uploads/Promocion_Reintegro_Estaciones_de_Servicio_2026_AGOSTO_2026_fd2e476e47.pdf
Coordenada aproximada o faltante,BNF,Combustible,Estaciones de Servicio,Avda. Juan E. O’Leary c/ Cesar Gianotti (Centro),Hernandarias,Alto Paraná,city_approximation,,,,-25.415,-54.644,https://www.bnf.gov.py/uploads/Promocion_Reintegro_Estaciones_de_Servicio_2026_AGOSTO_2026_fd2e476e47.pdf
Coordenada aproximada o faltante,BNF,Combustible,Estaciones de Servicio,Supercarretera camino a Salto del Guaira Km 384 - Colonia Fortuna,Hernandarias,Alto Paraná,city_approximation,,,,-25.403,-54.6464,https://www.bnf.gov.py/uploads/Promocion_Reintegro_Estaciones_de_Servicio_2026_AGOSTO_2026_fd2e476e47.pdf
Coordenada aproximada o faltante,BNF,Combustible,Estaciones de Servicio,"Ruta Nº 7, Km, 16 del Distrito de Minga Guazú",Minga Guazú,Alto Paraná,city_approximation,,,,-25.4908,-54.7659,https://www.bnf.gov.py/uploads/Promocion_Reintegro_Estaciones_de_Servicio_2026_AGOSTO_2026_fd2e476e47.pdf
Coordenada aproximada o faltante,BNF,Combustible,Estaciones de Servicio,Ruta 7 km 14 - Desvio Cedrales - Minga Guazú,Minga Guazú,Alto Paraná,city_approximation,,,,-25.4944,-54.7551,https://www.bnf.gov.py/uploads/Promocion_Reintegro_Estaciones_de_Servicio_2026_AGOSTO_2026_fd2e476e47.pdf
Coordenada aproximada o faltante,BNF,Combustible,Estaciones de Servicio,Ruta 7 Km. 30 - Minga Guazú,Minga Guazú,Alto Paraná,city_approximation,,,,-25.4908,-54.7527,https://www.bnf.gov.py/uploads/Promocion_Reintegro_Estaciones_de_Servicio_2026_AGOSTO_2026_fd2e476e47.pdf
Coordenada aproximada o faltante,BNF,Combustible,Estaciones de Servicio,Ruta PY07 Km 27 Monday,Minga Guazú,Alto Paraná,city_approximation,,,,-25.4812,-54.7515,https://www.bnf.gov.py/uploads/Promocion_Reintegro_Estaciones_de_Servicio_2026_AGOSTO_2026_fd2e476e47.pdf
Coordenada aproximada o faltante,BNF,Combustible,Estaciones de Servicio,"Avda. Monday Km. 51,5 – Barrio San Miguel",Presidente Franco,Alto Paraná,city_approximation,,,,-25.5297,-54.6143,https://www.bnf.gov.py/uploads/Promocion_Reintegro_Estaciones_de_Servicio_2026_AGOSTO_2026_fd2e476e47.pdf
Coordenada aproximada o faltante,BNF,Combustible,Estaciones de Servicio,Ciudad de Villarrica sobre Ruta 8,Villarrica,Guairá,city_approximation,,,,-25.7452,-56.4369,https://www.bnf.gov.py/uploads/Promocion_Reintegro_Estaciones_de_Servicio_2026_AGOSTO_2026_fd2e476e47.pdf
Coordenada aproximada o faltante,BNF,Combustible,Estaciones de Servicio,Dr. Blas Garay esq. Blvd. Yegros,Villarrica,Guairá,city_approximation,,,,-25.7488,-56.4345,https://www.bnf.gov.py/uploads/Promocion_Reintegro_Estaciones_de_Servicio_2026_AGOSTO_2026_fd2e476e47.pdf
Coordenada aproximada o faltante,BNF,Combustible,Estaciones de Servicio,Carlos Antonio López c/ Dr. Botrell,Villarrica,Guairá,city_approximation,,,,-25.7572,-56.4273,https://www.bnf.gov.py/uploads/Promocion_Reintegro_Estaciones_de_Servicio_2026_AGOSTO_2026_fd2e476e47.pdf
Coordenada aproximada o faltante,BNF,Combustible,Estaciones de Servicio,Ruta PY03 – Km. 132,25 de Diciembre,San Pedro,,,,,,,https://www.bnf.gov.py/uploads/Promocion_Reintegro_Estaciones_de_Servicio_2026_AGOSTO_2026_fd2e476e47.pdf
Coordenada aproximada o faltante,BNF,Combustible,Estaciones de Servicio,"Ruta Carapegua - Acahay - Calle Tte. Rogelio Cardozo y Mons. Bogarin, Km. 100",Acahay,Paraguarí,,,,,,,https://www.bnf.gov.py/uploads/Promocion_Reintegro_Estaciones_de_Servicio_2026_AGOSTO_2026_fd2e476e47.pdf
Coordenada aproximada o faltante,BNF,Combustible,Estaciones de Servicio,Caronay,Alto Verá,Itapúa,,,,,,,https://www.bnf.gov.py/uploads/Promocion_Reintegro_Estaciones_de_Servicio_2026_AGOSTO_2026_fd2e476e47.pdf
Coordenada aproximada o faltante,BNF,Combustible,Estaciones de Servicio,Ramal Altos a San Bernardino – Km. 69,Altos,Cordillera,,,,,,,https://www.bnf.gov.py/uploads/Promocion_Reintegro_Estaciones_de_Servicio_2026_AGOSTO_2026_fd2e476e47.pdf
Coordenada aproximada o faltante,BNF,Combustible,Estaciones de Servicio,Ruta Altos – Loma Grande esq. 10 de Agosto,Altos,Cordillera,,,,,,,https://www.bnf.gov.py/uploads/Promocion_Reintegro_Estaciones_de_Servicio_2026_AGOSTO_2026_fd2e476e47.pdf
Coordenada aproximada o faltante,BNF,Combustible,Estaciones de Servicio,Ruta 3 Km. 61,Arroyos y Esteros,Cordillera,,,,,,,https://www.bnf.gov.py/uploads/Promocion_Reintegro_Estaciones_de_Servicio_2026_AGOSTO_2026_fd2e476e47.pdf
Coordenada aproximada o faltante,BNF,Combustible,Estaciones de Servicio,Ruta Transchaco – Km 46 - Benjamin Aceval,Benjamín Aceval,Presidente Hayes,,,,,,,https://www.bnf.gov.py/uploads/Promocion_Reintegro_Estaciones_de_Servicio_2026_AGOSTO_2026_fd2e476e47.pdf
Coordenada aproximada o faltante,BNF,Combustible,Estaciones de Servicio,Ruta Transchaco Km. 35,Benjamín Aceval,Presidente Hayes,,,,,,,https://www.bnf.gov.py/uploads/Promocion_Reintegro_Estaciones_de_Servicio_2026_AGOSTO_2026_fd2e476e47.pdf
Coordenada aproximada o faltante,BNF,Combustible,Estaciones de Servicio,Ruta 2 Mcal. Estigarribia – Km. 52,Caacupé,Cordillera,,,,,,,https://www.bnf.gov.py/uploads/Promocion_Reintegro_Estaciones_de_Servicio_2026_AGOSTO_2026_fd2e476e47.pdf
Coordenada aproximada o faltante,BNF,Combustible,Estaciones de Servicio,Avda. Cristo Rey c/ Calle 5,Caacupé,Cordillera,,,,,,,https://www.bnf.gov.py/uploads/Promocion_Reintegro_Estaciones_de_Servicio_2026_AGOSTO_2026_fd2e476e47.pdf
Coordenada aproximada o faltante,BNF,Combustible,Estaciones de Servicio,Gaudioso Núñez esq. San Isidro – Cabañas,Caacupé,Cordillera,,,,,,,https://www.bnf.gov.py/uploads/Promocion_Reintegro_Estaciones_de_Servicio_2026_AGOSTO_2026_fd2e476e47.pdf
Coordenada aproximada o faltante,BNF,Combustible,Estaciones de Servicio,"Ruta 6 Km. 18,5",Capitán Miranda,Itapúa,,,,,,,https://www.bnf.gov.py/uploads/Promocion_Reintegro_Estaciones_de_Servicio_2026_AGOSTO_2026_fd2e476e47.pdf
Coordenada aproximada o faltante,BNF,Combustible,Estaciones de Servicio,Calle Colón Sinforino Rodríguez,Carapeguá,Paraguarí,,,,,,,https://www.bnf.gov.py/uploads/Promocion_Reintegro_Estaciones_de_Servicio_2026_AGOSTO_2026_fd2e476e47.pdf
Coordenada aproximada o faltante,BNF,Combustible,Estaciones de Servicio,Ruta D027 esq. Ruta Carapeguá – Acahay,Carapeguá,Paraguarí,,,,,,,https://www.bnf.gov.py/uploads/Promocion_Reintegro_Estaciones_de_Servicio_2026_AGOSTO_2026_fd2e476e47.pdf
Coordenada aproximada o faltante,BNF,Combustible,Estaciones de Servicio,Ruta P08 y Pte. Franco,Carayaó,Caaguazú,,,,,,,https://www.bnf.gov.py/uploads/Promocion_Reintegro_Estaciones_de_Servicio_2026_AGOSTO_2026_fd2e476e47.pdf
Coordenada aproximada o faltante,BNF,Combustible,Estaciones de Servicio,Popal al lado de la estancia Kuffel - Colonia Tirol,Carlos Antonio López,Itapúa,,,,,,,https://www.bnf.gov.py/uploads/Promocion_Reintegro_Estaciones_de_Servicio_2026_AGOSTO_2026_fd2e476e47.pdf
Coordenada aproximada o faltante,BNF,Combustible,Estaciones de Servicio,"Finca N° 12.943, Lugar Denominado Abasto Cué",Concepción,Concepción,,,,,,,https://www.bnf.gov.py/uploads/Promocion_Reintegro_Estaciones_de_Servicio_2026_AGOSTO_2026_fd2e476e47.pdf
Coordenada aproximada o faltante,BNF,Combustible,Estaciones de Servicio,Avda. Boquerón y Juan Carlos García,Concepción,Concepción,,,,,,,https://www.bnf.gov.py/uploads/Promocion_Reintegro_Estaciones_de_Servicio_2026_AGOSTO_2026_fd2e476e47.pdf
Coordenada aproximada o faltante,BNF,Combustible,Estaciones de Servicio,Avda. Agustín F. de Pinedo c/ Caballero Añazco,Concepción,Concepción,,,,,,,https://www.bnf.gov.py/uploads/Promocion_Reintegro_Estaciones_de_Servicio_2026_AGOSTO_2026_fd2e476e47.pdf
Coordenada aproximada o faltante,BNF,Combustible,Estaciones de Servicio,Padre Fermín Sarmiento esq. Sargento Pirelli,Concepción,Concepción,,,,,,,https://www.bnf.gov.py/uploads/Promocion_Reintegro_Estaciones_de_Servicio_2026_AGOSTO_2026_fd2e476e47.pdf
Coordenada aproximada o faltante,BNF,Combustible,Estaciones de Servicio,Ruta 10 Km 365 Cruce Guaraní,Corpus Christi,Canindeyú,,,,,,,https://www.bnf.gov.py/uploads/Promocion_Reintegro_Estaciones_de_Servicio_2026_AGOSTO_2026_fd2e476e47.pdf
Coordenada aproximada o faltante,BNF,Combustible,Estaciones de Servicio,"Ruta 10 Km 300, a KM 35 de Lugar Ybyra Pyta",Curuguaty,Canindeyú,,,,,,,https://www.bnf.gov.py/uploads/Promocion_Reintegro_Estaciones_de_Servicio_2026_AGOSTO_2026_fd2e476e47.pdf
Coordenada aproximada o faltante,BNF,Combustible,Estaciones de Servicio,Avda. 14 de mayo y Silvio Pettirossi,Curuguaty,Canindeyú,,,,,,,https://www.bnf.gov.py/uploads/Promocion_Reintegro_Estaciones_de_Servicio_2026_AGOSTO_2026_fd2e476e47.pdf
Coordenada aproximada o faltante,BNF,Combustible,Estaciones de Servicio,Crescencio Frutos c/ Ex Combatiente Gerónimo Paredes,Curuguaty,Canindeyú,,,,,,,https://www.bnf.gov.py/uploads/Promocion_Reintegro_Estaciones_de_Servicio_2026_AGOSTO_2026_fd2e476e47.pdf
Coordenada aproximada o faltante,BNF,Combustible,Estaciones de Servicio,Mcal. José Félix Estigarribia esq. 1ro. de Marzo,Curuguaty,Canindeyú,,,,,,,https://www.bnf.gov.py/uploads/Promocion_Reintegro_Estaciones_de_Servicio_2026_AGOSTO_2026_fd2e476e47.pdf
Coordenada aproximada o faltante,BNF,Combustible,Estaciones de Servicio,Colonia Edelira a Km. 30 de la Ruta 6,Edelira,Itapúa,,,,,,,https://www.bnf.gov.py/uploads/Promocion_Reintegro_Estaciones_de_Servicio_2026_AGOSTO_2026_fd2e476e47.pdf
Coordenada aproximada o faltante,BNF,Combustible,Estaciones de Servicio,Ruta 6 Km. 107 – Colonia Pirapey,Edelira,Itapúa,,,,,,,https://www.bnf.gov.py/uploads/Promocion_Reintegro_Estaciones_de_Servicio_2026_AGOSTO_2026_fd2e476e47.pdf
Coordenada aproximada o faltante,BNF,Combustible,Estaciones de Servicio,Ruta PY03 Gral. Elizardo Aquino Km. 35,Emboscada,Cordillera,,,,,,,https://www.bnf.gov.py/uploads/Promocion_Reintegro_Estaciones_de_Servicio_2026_AGOSTO_2026_fd2e476e47.pdf
Coordenada aproximada o faltante,BNF,Combustible,Estaciones de Servicio,Ruta 2 Km. 75,Eusebio Ayala,Cordillera,,,,,,,https://www.bnf.gov.py/uploads/Promocion_Reintegro_Estaciones_de_Servicio_2026_AGOSTO_2026_fd2e476e47.pdf
Coordenada aproximada o faltante,BNF,Combustible,Estaciones de Servicio,Ruta Graneros del Sur,Fram,Itapúa,,,,,,,https://www.bnf.gov.py/uploads/Promocion_Reintegro_Estaciones_de_Servicio_2026_AGOSTO_2026_fd2e476e47.pdf
Coordenada aproximada o faltante,BNF,Combustible,Estaciones de Servicio,"Calle 3 c/ Ruta Graneros del Sur, Fuji, Distrito de la Paz",Fram,Itapúa,,,,,,,https://www.bnf.gov.py/uploads/Promocion_Reintegro_Estaciones_de_Servicio_2026_AGOSTO_2026_fd2e476e47.pdf
Coordenada aproximada o faltante,BNF,Combustible,Estaciones de Servicio,Ruta Fram – La Paz c/ Rep. San Salvación,Fram,Itapúa,,,,,,,https://www.bnf.gov.py/uploads/Promocion_Reintegro_Estaciones_de_Servicio_2026_AGOSTO_2026_fd2e476e47.pdf
Coordenada aproximada o faltante,BNF,Combustible,Estaciones de Servicio,Ruta 3 Km. 222. - Gral. Resquín,General Resquín,San Pedro,,,,,,,https://www.bnf.gov.py/uploads/Promocion_Reintegro_Estaciones_de_Servicio_2026_AGOSTO_2026_fd2e476e47.pdf
Coordenada aproximada o faltante,BNF,Combustible,Estaciones de Servicio,Gral Francisco Alvarez c/ la Alborada,Gral. Francisco Caballero Álvarez,Canindeyú,,,,,,,https://www.bnf.gov.py/uploads/Promocion_Reintegro_Estaciones_de_Servicio_2026_AGOSTO_2026_fd2e476e47.pdf
Coordenada aproximada o faltante,BNF,Combustible,Estaciones de Servicio,Ruta 3 Km. 241 – Guayaiby,Guayaiby,San Pedro,,,,,,,https://www.bnf.gov.py/uploads/Promocion_Reintegro_Estaciones_de_Servicio_2026_AGOSTO_2026_fd2e476e47.pdf
Coordenada aproximada o faltante,BNF,Combustible,Estaciones de Servicio,Ruta 6 Km. 38,Hohenau,Itapúa,,,,,,,https://www.bnf.gov.py/uploads/Promocion_Reintegro_Estaciones_de_Servicio_2026_AGOSTO_2026_fd2e476e47.pdf
Coordenada aproximada o faltante,BNF,Combustible,Estaciones de Servicio,Ruta 2 Km. 84,Itacurubí de la Cordillera,Cordillera,,,,,,,https://www.bnf.gov.py/uploads/Promocion_Reintegro_Estaciones_de_Servicio_2026_AGOSTO_2026_fd2e476e47.pdf
Coordenada aproximada o faltante,BNF,Combustible,Estaciones de Servicio,Ruta 7 Km. 219 - Campo 8,J. Eulogio Estigarribia,Caaguazú,,,,,,,https://www.bnf.gov.py/uploads/Promocion_Reintegro_Estaciones_de_Servicio_2026_AGOSTO_2026_fd2e476e47.pdf
Coordenada aproximada o faltante,BNF,Combustible,Estaciones de Servicio,Ruta 7 Km 213 - Campo 9,J. Eulogio Estigarribia,Caaguazú,,,,,,,https://www.bnf.gov.py/uploads/Promocion_Reintegro_Estaciones_de_Servicio_2026_AGOSTO_2026_fd2e476e47.pdf
Coordenada aproximada o faltante,BNF,Combustible,Estaciones de Servicio,Calle 2 Campo 9,J. Eulogio Estigarribia,Caaguazú,,,,,,,https://www.bnf.gov.py/uploads/Promocion_Reintegro_Estaciones_de_Servicio_2026_AGOSTO_2026_fd2e476e47.pdf
Coordenada aproximada o faltante,BNF,Combustible,Estaciones de Servicio,Dr. Gaspar Rodríguez de Francia,José Domingo Ocampos,Caaguazú,,,,,,,https://www.bnf.gov.py/uploads/Promocion_Reintegro_Estaciones_de_Servicio_2026_AGOSTO_2026_fd2e476e47.pdf
Coordenada aproximada o faltante,BNF,Combustible,Estaciones de Servicio,Independencia Nacional y Maracaná 1,Juan E. O´Leary,Caaguazú,,,,,,,https://www.bnf.gov.py/uploads/Promocion_Reintegro_Estaciones_de_Servicio_2026_AGOSTO_2026_fd2e476e47.pdf
Coordenada aproximada o faltante,BNF,Combustible,Estaciones de Servicio,Ruta O´Leary camino a San Cristóbal,Juan E. O´Leary,Caaguazú,,,,,,,https://www.bnf.gov.py/uploads/Promocion_Reintegro_Estaciones_de_Servicio_2026_AGOSTO_2026_fd2e476e47.pdf
Coordenada aproximada o faltante,BNF,Combustible,Estaciones de Servicio,"Ruta 7 Km 248 , Juan E. O’leary",Juan E. O’leary,Alto Paraná,,,,,,,https://www.bnf.gov.py/uploads/Promocion_Reintegro_Estaciones_de_Servicio_2026_AGOSTO_2026_fd2e476e47.pdf
Coordenada aproximada o faltante,BNF,Combustible,Estaciones de Servicio,Ruta 7 Km. 262,Juan León Mallorquín,Alto Paraná,,,,,,,https://www.bnf.gov.py/uploads/Promocion_Reintegro_Estaciones_de_Servicio_2026_AGOSTO_2026_fd2e476e47.pdf
Coordenada aproximada o faltante,BNF,Combustible,Estaciones de Servicio,Pastoreo entrada,Juan Manuel Frutos,Caaguazú,,,,,,,https://www.bnf.gov.py/uploads/Promocion_Reintegro_Estaciones_de_Servicio_2026_AGOSTO_2026_fd2e476e47.pdf
Coordenada aproximada o faltante,BNF,Combustible,Estaciones de Servicio,Calle Independencia Nacional esq. Ceferino Rodríguez Finca N° 1700,Juan Manuel Frutos,Caaguazú,,,,,,,https://www.bnf.gov.py/uploads/Promocion_Reintegro_Estaciones_de_Servicio_2026_AGOSTO_2026_fd2e476e47.pdf
Coordenada aproximada o faltante,BNF,Combustible,Estaciones de Servicio,"Supercarretera Itaipu Km 140 Localidad de Nueva Esperanza, lugar denominado Troncal 4",Katueté,Canindeyú,,,,,,,https://www.bnf.gov.py/uploads/Promocion_Reintegro_Estaciones_de_Servicio_2026_AGOSTO_2026_fd2e476e47.pdf
Coordenada aproximada o faltante,BNF,Combustible,Estaciones de Servicio,Ruta 10 km. 370,Katueté,Canindeyú,,,,,,,https://www.bnf.gov.py/uploads/Promocion_Reintegro_Estaciones_de_Servicio_2026_AGOSTO_2026_fd2e476e47.pdf
Coordenada aproximada o faltante,BNF,Combustible,Estaciones de Servicio,Ruta Acahay – La Colmena Km. 120,La Colmena,Paraguarí,,,,,,,https://www.bnf.gov.py/uploads/Promocion_Reintegro_Estaciones_de_Servicio_2026_AGOSTO_2026_fd2e476e47.pdf
Coordenada aproximada o faltante,BNF,Combustible,Estaciones de Servicio,Ruta PY10 Las Residentas,La Paloma,Canindeyú,,,,,,,https://www.bnf.gov.py/uploads/Promocion_Reintegro_Estaciones_de_Servicio_2026_AGOSTO_2026_fd2e476e47.pdf
Coordenada aproximada o faltante,BNF,Combustible,Estaciones de Servicio,Ruta PY03 Km. 379,La Paloma,Canindeyú,,,,,,,https://www.bnf.gov.py/uploads/Promocion_Reintegro_Estaciones_de_Servicio_2026_AGOSTO_2026_fd2e476e47.pdf
Coordenada aproximada o faltante,BNF,Combustible,Estaciones de Servicio,Ruta N8 c/ Blas Garay,La Paz,Itapúa,,,,,,,https://www.bnf.gov.py/uploads/Promocion_Reintegro_Estaciones_de_Servicio_2026_AGOSTO_2026_fd2e476e47.pdf
Coordenada aproximada o faltante,BNF,Combustible,Estaciones de Servicio,Ruta 3 y Cruce Liberación - Cruce Liberación,Liberación,San Pedro,,,,,,,https://www.bnf.gov.py/uploads/Promocion_Reintegro_Estaciones_de_Servicio_2026_AGOSTO_2026_fd2e476e47.pdf
Coordenada aproximada o faltante,BNF,Combustible,Estaciones de Servicio,Ruta Blas Garay N° 8 Km. 381 – Cruce Liberación,Liberación,San Pedro,,,,,,,https://www.bnf.gov.py/uploads/Promocion_Reintegro_Estaciones_de_Servicio_2026_AGOSTO_2026_fd2e476e47.pdf
Coordenada aproximada o faltante,BNF,Combustible,Estaciones de Servicio,Calle Mcal. Estigarribia y Jose del Carmen Ríos,Loma Grande,Cordillera,,,,,,,https://www.bnf.gov.py/uploads/Promocion_Reintegro_Estaciones_de_Servicio_2026_AGOSTO_2026_fd2e476e47.pdf
Coordenada aproximada o faltante,BNF,Combustible,Estaciones de Servicio,Mayor Otaño,Mayor Otaño,Itapúa,,,,,,,https://www.bnf.gov.py/uploads/Promocion_Reintegro_Estaciones_de_Servicio_2026_AGOSTO_2026_fd2e476e47.pdf
Coordenada aproximada o faltante,BNF,Combustible,Estaciones de Servicio,Supercarretera Marginal - Minga Porá,Minga Porá,Alto Paraná,,,,,,,https://www.bnf.gov.py/uploads/Promocion_Reintegro_Estaciones_de_Servicio_2026_AGOSTO_2026_fd2e476e47.pdf
Coordenada aproximada o faltante,BNF,Combustible,Estaciones de Servicio,Distrito de Naranjal,Naranjal,Alto Paraná,,,,,,,https://www.bnf.gov.py/uploads/Promocion_Reintegro_Estaciones_de_Servicio_2026_AGOSTO_2026_fd2e476e47.pdf
Coordenada aproximada o faltante,BNF,Combustible,Estaciones de Servicio,Triunfo 13,Natalio,Itapúa,,,,,,,https://www.bnf.gov.py/uploads/Promocion_Reintegro_Estaciones_de_Servicio_2026_AGOSTO_2026_fd2e476e47.pdf
Coordenada aproximada o faltante,BNF,Combustible,Estaciones de Servicio,Calle Boquerón 1515,Nueva Colombia,Cordillera,,,,,,,https://www.bnf.gov.py/uploads/Promocion_Reintegro_Estaciones_de_Servicio_2026_AGOSTO_2026_fd2e476e47.pdf
Coordenada aproximada o faltante,BNF,Combustible,Estaciones de Servicio,"Ruta 1 Km. 61,5",Paraguarí,Paraguarí,,,,,,,https://www.bnf.gov.py/uploads/Promocion_Reintegro_Estaciones_de_Servicio_2026_AGOSTO_2026_fd2e476e47.pdf
Coordenada aproximada o faltante,BNF,Combustible,Estaciones de Servicio,Defensores del Chaco y Eligio Ayala,Paraguarí,Paraguarí,,,,,,,https://www.bnf.gov.py/uploads/Promocion_Reintegro_Estaciones_de_Servicio_2026_AGOSTO_2026_fd2e476e47.pdf
Coordenada aproximada o faltante,BNF,Combustible,Estaciones de Servicio,Ruta PY01 Km 61,Paraguarí,Paraguarí,,,,,,,https://www.bnf.gov.py/uploads/Promocion_Reintegro_Estaciones_de_Servicio_2026_AGOSTO_2026_fd2e476e47.pdf
Coordenada aproximada o faltante,BNF,Combustible,Estaciones de Servicio,Ruta Transchaco – Km. 249 – Pirahu,Pozo Colorado,Presidente Hayes,,,,,,,https://www.bnf.gov.py/uploads/Promocion_Reintegro_Estaciones_de_Servicio_2026_AGOSTO_2026_fd2e476e47.pdf
Coordenada aproximada o faltante,BNF,Combustible,Estaciones de Servicio,Colonia Toledo 3 Palmas,Raul A. Oviedo,Caaguazú,,,,,,,https://www.bnf.gov.py/uploads/Promocion_Reintegro_Estaciones_de_Servicio_2026_AGOSTO_2026_fd2e476e47.pdf
Coordenada aproximada o faltante,BNF,Combustible,Estaciones de Servicio,Colonia 11 de Septiembre,Raul A. Oviedo,Caaguazú,,,,,,,https://www.bnf.gov.py/uploads/Promocion_Reintegro_Estaciones_de_Servicio_2026_AGOSTO_2026_fd2e476e47.pdf
Coordenada aproximada o faltante,BNF,Combustible,Estaciones de Servicio,Avda. Paraguay esq. Bernardino Caballero,Salto del Guairá,Canindeyú,,,,,,,https://www.bnf.gov.py/uploads/Promocion_Reintegro_Estaciones_de_Servicio_2026_AGOSTO_2026_fd2e476e47.pdf
Coordenada aproximada o faltante,BNF,Combustible,Estaciones de Servicio,"Avda. Mcal. Francisco Solano Lopez, Ciudad de San Alberto",San Alberto,Alto Paraná,,,,,,,https://www.bnf.gov.py/uploads/Promocion_Reintegro_Estaciones_de_Servicio_2026_AGOSTO_2026_fd2e476e47.pdf
Coordenada aproximada o faltante,BNF,Combustible,Estaciones de Servicio,Ruta 3 Km. 150,San Estanislao,San Pedro,,,,,,,https://www.bnf.gov.py/uploads/Promocion_Reintegro_Estaciones_de_Servicio_2026_AGOSTO_2026_fd2e476e47.pdf
Coordenada aproximada o faltante,BNF,Combustible,Estaciones de Servicio,Avda. Coronel Zoilo González y Fulgencio Yegros Km. 152,San Estanislao,San Pedro,,,,,,,https://www.bnf.gov.py/uploads/Promocion_Reintegro_Estaciones_de_Servicio_2026_AGOSTO_2026_fd2e476e47.pdf
Coordenada aproximada o faltante,BNF,Combustible,Estaciones de Servicio,"Ruta 3 Km. 150,5 Tacuara",San Estanislao,San Pedro,,,,,,,https://www.bnf.gov.py/uploads/Promocion_Reintegro_Estaciones_de_Servicio_2026_AGOSTO_2026_fd2e476e47.pdf
Coordenada aproximada o faltante,BNF,Combustible,Estaciones de Servicio,Ruta 1 Km. 202,San Ignacio,Misiones,,,,,,,https://www.bnf.gov.py/uploads/Promocion_Reintegro_Estaciones_de_Servicio_2026_AGOSTO_2026_fd2e476e47.pdf
Coordenada aproximada o faltante,BNF,Combustible,Estaciones de Servicio,"Desvió Ruta 1, Ruta 4ta Ciudad de San Ignacio Misiones",San Ignacio,Misiones,,,,,,,https://www.bnf.gov.py/uploads/Promocion_Reintegro_Estaciones_de_Servicio_2026_AGOSTO_2026_fd2e476e47.pdf
Coordenada aproximada o faltante,BNF,Combustible,Estaciones de Servicio,San Ignacio Centro,San Ignacio,Misiones,,,,,,,https://www.bnf.gov.py/uploads/Promocion_Reintegro_Estaciones_de_Servicio_2026_AGOSTO_2026_fd2e476e47.pdf
Coordenada aproximada o faltante,BNF,Combustible,Estaciones de Servicio,Ruta PY02 Km. 102,San Joseé de los Arroyos,Caaguazú,,,,,,,https://www.bnf.gov.py/uploads/Promocion_Reintegro_Estaciones_de_Servicio_2026_AGOSTO_2026_fd2e476e47.pdf
Coordenada aproximada o faltante,BNF,Combustible,Estaciones de Servicio,Ruta PY02 Km. 104,San Joseé de los Arroyos,Caaguazú,,,,,,,https://www.bnf.gov.py/uploads/Promocion_Reintegro_Estaciones_de_Servicio_2026_AGOSTO_2026_fd2e476e47.pdf
Coordenada aproximada o faltante,BNF,Combustible,Estaciones de Servicio,Ruta VI Km. 199. Nueva Asunción - Santa Rita,Santa Rita,Alto Paraná,,,,,,,https://www.bnf.gov.py/uploads/Promocion_Reintegro_Estaciones_de_Servicio_2026_AGOSTO_2026_fd2e476e47.pdf
Coordenada aproximada o faltante,BNF,Combustible,Estaciones de Servicio,Tte. Joel Estigarribia y de los Inmigrantes - Esquina Gaucha,Santa Rita,Alto Paraná,,,,,,,https://www.bnf.gov.py/uploads/Promocion_Reintegro_Estaciones_de_Servicio_2026_AGOSTO_2026_fd2e476e47.pdf
Coordenada aproximada o faltante,BNF,Combustible,Estaciones de Servicio,"Km. 275, Ruta 3 Colonia Rio Verde",Santa Rosa del Aguaray,San Pedro,,,,,,,https://www.bnf.gov.py/uploads/Promocion_Reintegro_Estaciones_de_Servicio_2026_AGOSTO_2026_fd2e476e47.pdf
Coordenada aproximada o faltante,BNF,Combustible,Estaciones de Servicio,"Santa Rosa del Monday, individualizado con la Finca Nº 6.733 Distrito de Irala",Santa Rosa del Monday,Alto Paraná,,,,,,,https://www.bnf.gov.py/uploads/Promocion_Reintegro_Estaciones_de_Servicio_2026_AGOSTO_2026_fd2e476e47.pdf
Coordenada aproximada o faltante,BNF,Combustible,Estaciones de Servicio,Colonia Manitoba a 10 km del cruce Santa Clara,Tacuati,Concepción,,,,,,,https://www.bnf.gov.py/uploads/Promocion_Reintegro_Estaciones_de_Servicio_2026_AGOSTO_2026_fd2e476e47.pdf
Coordenada aproximada o faltante,BNF,Combustible,Estaciones de Servicio,Ruta Tobati – Barrero entre 21 de Julio y Sta. Rosalía,Tobati,Cordillera,,,,,,,https://www.bnf.gov.py/uploads/Promocion_Reintegro_Estaciones_de_Servicio_2026_AGOSTO_2026_fd2e476e47.pdf
Coordenada aproximada o faltante,BNF,Combustible,Estaciones de Servicio,Km. 117 Ruta N° 6 – María Auxiliadora,Tomás Romero Pereira,Itapúa,,,,,,,https://www.bnf.gov.py/uploads/Promocion_Reintegro_Estaciones_de_Servicio_2026_AGOSTO_2026_fd2e476e47.pdf
Coordenada aproximada o faltante,BNF,Combustible,Estaciones de Servicio,Avda. Carlos Antonio López,Vallemi,Concepción,,,,,,,https://www.bnf.gov.py/uploads/Promocion_Reintegro_Estaciones_de_Servicio_2026_AGOSTO_2026_fd2e476e47.pdf
Coordenada aproximada o faltante,BNF,Combustible,Estaciones de Servicio,Avda. Río Paraguay,Vallemi,Concepción,,,,,,,https://www.bnf.gov.py/uploads/Promocion_Reintegro_Estaciones_de_Servicio_2026_AGOSTO_2026_fd2e476e47.pdf
Coordenada aproximada o faltante,BNF,Combustible,Estaciones de Servicio,Vaquería salida del pueblo,Vaquería,Caaguazú,,,,,,,https://www.bnf.gov.py/uploads/Promocion_Reintegro_Estaciones_de_Servicio_2026_AGOSTO_2026_fd2e476e47.pdf
Coordenada aproximada o faltante,BNF,Combustible,Estaciones de Servicio,Calle 9 N° 3582 c/ Colonia San Blas,Vaquería,Caaguazú,,,,,,,https://www.bnf.gov.py/uploads/Promocion_Reintegro_Estaciones_de_Servicio_2026_AGOSTO_2026_fd2e476e47.pdf
Coordenada aproximada o faltante,BNF,Combustible,Estaciones de Servicio,Ruta PY01 esq. Jóvenes Mártires por la Patria,Villa Florida,Paraguarí,,,,,,,https://www.bnf.gov.py/uploads/Promocion_Reintegro_Estaciones_de_Servicio_2026_AGOSTO_2026_fd2e476e47.pdf
Coordenada aproximada o faltante,BNF,Combustible,Estaciones de Servicio,"Ruta Transchaco Km. 24,5",Villa Hayes,Presidente Hayes,,,,,,,https://www.bnf.gov.py/uploads/Promocion_Reintegro_Estaciones_de_Servicio_2026_AGOSTO_2026_fd2e476e47.pdf
Coordenada aproximada o faltante,BNF,Combustible,Estaciones de Servicio,Ruta Transchaco Km. 36,Villa Hayes,Presidente Hayes,,,,,,,https://www.bnf.gov.py/uploads/Promocion_Reintegro_Estaciones_de_Servicio_2026_AGOSTO_2026_fd2e476e47.pdf
Coordenada aproximada o faltante,BNF,Combustible,Estaciones de Servicio,Ruta PY01 – Km. 51,Yaguarón,Paraguarí,,,,,,,https://www.bnf.gov.py/uploads/Promocion_Reintegro_Estaciones_de_Servicio_2026_AGOSTO_2026_fd2e476e47.pdf
Coordenada aproximada o faltante,BNF,Combustible,Estaciones de Servicio,"Km 225, Ruta 10 Yasy Cañy",Yasy Cañy,Canindeyú,,,,,,,https://www.bnf.gov.py/uploads/Promocion_Reintegro_Estaciones_de_Servicio_2026_AGOSTO_2026_fd2e476e47.pdf
Coordenada aproximada o faltante,BNF,Combustible,Estaciones de Servicio,Ruta Yuty c/ Tebicuary,Yuty,Caazapá,,,,,,,https://www.bnf.gov.py/uploads/Promocion_Reintegro_Estaciones_de_Servicio_2026_AGOSTO_2026_fd2e476e47.pdf
Coordenada aproximada o faltante,BNF,Combustible,Eusebio Lillo y Capitán Emeterio Miranda,Asunción,Capital,-,,,,,,,https://www.bnf.gov.py/uploads/Promocion_Reintegro_Estaciones_de_Servicio_2026_AGOSTO_2026_fd2e476e47.pdf
Coordenada aproximada o faltante,BNF,Combustible,Facundo Machain y RI 18 Pitiantuta,Asunción,Capital,✓,,,,,,,https://www.bnf.gov.py/uploads/Promocion_Reintegro_Estaciones_de_Servicio_2026_AGOSTO_2026_fd2e476e47.pdf
Coordenada aproximada o faltante,BNF,Combustible,Felipe Gonzalez esq. Libertadores de América,Luque,Central,-,,,,,,,https://www.bnf.gov.py/uploads/Promocion_Reintegro_Estaciones_de_Servicio_2026_AGOSTO_2026_fd2e476e47.pdf
Coordenada aproximada o faltante,BNF,Combustible,Gaspar Rodriguez de Francia esq. 14 de Mayo,San Lorenzo,Central,✓,,,,,,,https://www.bnf.gov.py/uploads/Promocion_Reintegro_Estaciones_de_Servicio_2026_AGOSTO_2026_fd2e476e47.pdf
Coordenada aproximada o faltante,BNF,Combustible,Gral. Eugenio A. Garay y Felix Bernie,San Lorenzo,Central,-,,,,,,,https://www.bnf.gov.py/uploads/Promocion_Reintegro_Estaciones_de_Servicio_2026_AGOSTO_2026_fd2e476e47.pdf
Coordenada aproximada o faltante,BNF,Combustible,Gral. Eugenio A. Garay y Floresta,San Lorenzo,Central,-,,,,,,,https://www.bnf.gov.py/uploads/Promocion_Reintegro_Estaciones_de_Servicio_2026_AGOSTO_2026_fd2e476e47.pdf
Coordenada aproximada o faltante,BNF,Combustible,Gral. Manuel Britez B. y La Victoria,Luque,Central,✓,,,,,,,https://www.bnf.gov.py/uploads/Promocion_Reintegro_Estaciones_de_Servicio_2026_AGOSTO_2026_fd2e476e47.pdf
Coordenada aproximada o faltante,BNF,Combustible,Guillermo Nauman Km. 45 ½,San Bernardino,Cordillera,✓,,,,,,,https://www.bnf.gov.py/uploads/Promocion_Reintegro_Estaciones_de_Servicio_2026_AGOSTO_2026_fd2e476e47.pdf
Coordenada aproximada o faltante,BNF,Combustible,Heriberto Colombino y Ruta Transchaco Concepción,Concepción,Concepción,-,,,,,,,https://www.bnf.gov.py/uploads/Promocion_Reintegro_Estaciones_de_Servicio_2026_AGOSTO_2026_fd2e476e47.pdf
Coordenada aproximada o faltante,BNF,Combustible,Ing. Gustavo Crovato y Ciudad de Chiva,Asunción,Capital,✓,,,,,,,https://www.bnf.gov.py/uploads/Promocion_Reintegro_Estaciones_de_Servicio_2026_AGOSTO_2026_fd2e476e47.pdf
Coordenada aproximada o faltante,BNF,Combustible,Iturbe y Valeriano Zeballos,Luque,Central,✓,,,,,,,https://www.bnf.gov.py/uploads/Promocion_Reintegro_Estaciones_de_Servicio_2026_AGOSTO_2026_fd2e476e47.pdf
Coordenada aproximada o faltante,BNF,Combustible,Jacaranda esq. Algarrobo,San Lorenzo,Central,✓,,,,,,,https://www.bnf.gov.py/uploads/Promocion_Reintegro_Estaciones_de_Servicio_2026_AGOSTO_2026_fd2e476e47.pdf
Coordenada aproximada o faltante,BNF,Combustible,Jose Alfonso Godoy y Arzobispo Juan Bogarin,Coronel Oviedo,Caaguazú,✓,city_approximation,,,,-25.4612,-56.0143,https://www.bnf.gov.py/uploads/Promocion_Reintegro_Estaciones_de_Servicio_2026_AGOSTO_2026_fd2e476e47.pdf
Coordenada aproximada o faltante,BNF,Combustible,Lapacho y Pilar,Asunción,Capital,-,,,,,,,https://www.bnf.gov.py/uploads/Promocion_Reintegro_Estaciones_de_Servicio_2026_AGOSTO_2026_fd2e476e47.pdf
Coordenada aproximada o faltante,BNF,Combustible,Libertad y Taruma,Luque,Central,-,,,,,,,https://www.bnf.gov.py/uploads/Promocion_Reintegro_Estaciones_de_Servicio_2026_AGOSTO_2026_fd2e476e47.pdf
Coordenada aproximada o faltante,BNF,Combustible,Los Colonos y Avda. Los Pioneros,Capitán Meza,Itapúa,-,,,,,,,https://www.bnf.gov.py/uploads/Promocion_Reintegro_Estaciones_de_Servicio_2026_AGOSTO_2026_fd2e476e47.pdf
Coordenada aproximada o faltante,BNF,Combustible,Lugar denominado Cruce Melgarejo Ramal Ruta 8,Colonia Independencia,Guairá,-,,,,,,,https://www.bnf.gov.py/uploads/Promocion_Reintegro_Estaciones_de_Servicio_2026_AGOSTO_2026_fd2e476e47.pdf
Coordenada aproximada o faltante,BNF,Combustible,Madame Lynch y Bernardino Caballero,Fernando de la Mora,Central,✓,,,,,,,https://www.bnf.gov.py/uploads/Promocion_Reintegro_Estaciones_de_Servicio_2026_AGOSTO_2026_fd2e476e47.pdf
Coordenada aproximada o faltante,BNF,Combustible,Manuel O. Guerrero esq Edmundo Reyes,San Lorenzo,Central,✓,,,,,,,https://www.bnf.gov.py/uploads/Promocion_Reintegro_Estaciones_de_Servicio_2026_AGOSTO_2026_fd2e476e47.pdf
Coordenada aproximada o faltante,BNF,Combustible,Manuel O. Guerrero esq. Sierra Leona,Nemby,Central,✓,,,,,,,https://www.bnf.gov.py/uploads/Promocion_Reintegro_Estaciones_de_Servicio_2026_AGOSTO_2026_fd2e476e47.pdf
Coordenada aproximada o faltante,BNF,Combustible,"María Auxiliadora, Km. 43",María Auxiliadora,Itapúa,-,,,,,,,https://www.bnf.gov.py/uploads/Promocion_Reintegro_Estaciones_de_Servicio_2026_AGOSTO_2026_fd2e476e47.pdf
Coordenada aproximada o faltante,BNF,Combustible,Mcal. Estigarribia esq. Virgen de Fátima - Ruta II,San Lorenzo,Central,✓,,,,,,,https://www.bnf.gov.py/uploads/Promocion_Reintegro_Estaciones_de_Servicio_2026_AGOSTO_2026_fd2e476e47.pdf
Coordenada aproximada o faltante,BNF,Combustible,Mcal. Estigarribia y Patricio Colmán - Ruta II km 14,San Lorenzo,Central,✓,,,,,,,https://www.bnf.gov.py/uploads/Promocion_Reintegro_Estaciones_de_Servicio_2026_AGOSTO_2026_fd2e476e47.pdf
Coordenada aproximada o faltante,BNF,Combustible,Mcal. Estigarribia. Comandante Rafael Franco,Fernando de la Mora,Central,-,,,,,,,https://www.bnf.gov.py/uploads/Promocion_Reintegro_Estaciones_de_Servicio_2026_AGOSTO_2026_fd2e476e47.pdf
Coordenada aproximada o faltante,BNF,Combustible,Mcal. Lopez esq. Ingavi,Fernando de la Mora,Central,✓,,,,,,,https://www.bnf.gov.py/uploads/Promocion_Reintegro_Estaciones_de_Servicio_2026_AGOSTO_2026_fd2e476e47.pdf
Coordenada aproximada o faltante,BNF,Combustible,Mcal. Lopez y San Martin,Asunción,Capital,✓,,,,,,,https://www.bnf.gov.py/uploads/Promocion_Reintegro_Estaciones_de_Servicio_2026_AGOSTO_2026_fd2e476e47.pdf
Coordenada aproximada o faltante,BNF,Combustible,Mcal. López Esq. Victor Cáceres,San Lorenzo,Central,✓,,,,,,,https://www.bnf.gov.py/uploads/Promocion_Reintegro_Estaciones_de_Servicio_2026_AGOSTO_2026_fd2e476e47.pdf
Coordenada aproximada o faltante,BNF,Combustible,Monseñor Bogarín Argaña y Rosalía Candia,San Juan Bautista,Misiones,-,,,,,,,https://www.bnf.gov.py/uploads/Promocion_Reintegro_Estaciones_de_Servicio_2026_AGOSTO_2026_fd2e476e47.pdf
Coordenada aproximada o faltante,BNF,Combustible,Nuestra Señora del Rosario y 15 Proyectadas,Villa del Rosario,San Pedro,-,,,,,,,https://www.bnf.gov.py/uploads/Promocion_Reintegro_Estaciones_de_Servicio_2026_AGOSTO_2026_fd2e476e47.pdf
Coordenada aproximada o faltante,BNF,Combustible,Padre Carlos Anasagasti y Rio Aquidaban,Villarrica,Villarrica,-,city_approximation,,,,-25.7488,-56.4369,https://www.bnf.gov.py/uploads/Promocion_Reintegro_Estaciones_de_Servicio_2026_AGOSTO_2026_fd2e476e47.pdf
Coordenada aproximada o faltante,BNF,Combustible,Pedro Juan Caballero y Eugenio A. Garay (4º Barrio),Luque,Central,✓,,,,,,,https://www.bnf.gov.py/uploads/Promocion_Reintegro_Estaciones_de_Servicio_2026_AGOSTO_2026_fd2e476e47.pdf
Coordenada aproximada o faltante,BNF,Combustible,Pitiantuta y Asunción,Fernando de la Mora,Central,✓,,,,,,,https://www.bnf.gov.py/uploads/Promocion_Reintegro_Estaciones_de_Servicio_2026_AGOSTO_2026_fd2e476e47.pdf
Coordenada aproximada o faltante,BNF,Combustible,Puma; Copetrol; Compasa; Petrochaco; 3MG,Caaguazú,Caaguazú,-,city_approximation,,,,-25.4588,-56.0167,https://www.bnf.gov.py/uploads/Promocion_Reintegro_Estaciones_de_Servicio_2026_AGOSTO_2026_fd2e476e47.pdf
Coordenada aproximada o faltante,BNF,Combustible,Puma; Copetrol; Compasa; Petrochaco; 3MG,Coronel Oviedo,Caaguazú,✓,city_approximation,,,,-25.466,-56.0239,https://www.bnf.gov.py/uploads/Promocion_Reintegro_Estaciones_de_Servicio_2026_AGOSTO_2026_fd2e476e47.pdf
Coordenada aproximada o faltante,BNF,Combustible,Puma; Copetrol; Compasa; Petrochaco; 3MG,J. Eulogio Estigarribia,Caaguazú,-,city_approximation,,,,-25.4684,-56.0071,https://www.bnf.gov.py/uploads/Promocion_Reintegro_Estaciones_de_Servicio_2026_AGOSTO_2026_fd2e476e47.pdf
Coordenada aproximada o faltante,BNF,Combustible,Puma; Copetrol; Compasa; Petrochaco; 3MG,Ciudad del Este,Alto Paraná,-,,,,,,,https://www.bnf.gov.py/uploads/Promocion_Reintegro_Estaciones_de_Servicio_2026_AGOSTO_2026_fd2e476e47.pdf
Coordenada aproximada o faltante,BNF,Combustible,Puma; Copetrol; Compasa; Petrochaco; 3MG,Minga Guazú,Alto Paraná,-,,,,,,,https://www.bnf.gov.py/uploads/Promocion_Reintegro_Estaciones_de_Servicio_2026_AGOSTO_2026_fd2e476e47.pdf
Coordenada aproximada o faltante,BNF,Combustible,Puma; Copetrol; Compasa; Petrochaco; 3MG,Presidente Franco,Alto Paraná,-,,,,,,,https://www.bnf.gov.py/uploads/Promocion_Reintegro_Estaciones_de_Servicio_2026_AGOSTO_2026_fd2e476e47.pdf
Coordenada aproximada o faltante,BNF,Combustible,Puma; Copetrol; Compasa; Petrochaco; 3MG,Asunción,Capital,✓,,,,,,,https://www.bnf.gov.py/uploads/Promocion_Reintegro_Estaciones_de_Servicio_2026_AGOSTO_2026_fd2e476e47.pdf
Coordenada aproximada o faltante,BNF,Combustible,Puma; Copetrol; Compasa; Petrochaco; 3MG,Fernando de la Mora,Central,✓,,,,,,,https://www.bnf.gov.py/uploads/Promocion_Reintegro_Estaciones_de_Servicio_2026_AGOSTO_2026_fd2e476e47.pdf
Coordenada aproximada o faltante,BNF,Combustible,Puma; Copetrol; Compasa; Petrochaco; 3MG,Guarambaré,Central,-,,,,,,,https://www.bnf.gov.py/uploads/Promocion_Reintegro_Estaciones_de_Servicio_2026_AGOSTO_2026_fd2e476e47.pdf
Coordenada aproximada o faltante,BNF,Combustible,Puma; Copetrol; Compasa; Petrochaco; 3MG,Itá,Central,-,,,,,,,https://www.bnf.gov.py/uploads/Promocion_Reintegro_Estaciones_de_Servicio_2026_AGOSTO_2026_fd2e476e47.pdf
Coordenada aproximada o faltante,BNF,Combustible,Puma; Copetrol; Compasa; Petrochaco; 3MG,Itauguá,Central,-,,,,,,,https://www.bnf.gov.py/uploads/Promocion_Reintegro_Estaciones_de_Servicio_2026_AGOSTO_2026_fd2e476e47.pdf
Coordenada aproximada o faltante,BNF,Combustible,Puma; Copetrol; Compasa; Petrochaco; 3MG,Lambaré,Central,✓,,,,,,,https://www.bnf.gov.py/uploads/Promocion_Reintegro_Estaciones_de_Servicio_2026_AGOSTO_2026_fd2e476e47.pdf
Coordenada aproximada o faltante,BNF,Combustible,Puma; Copetrol; Compasa; Petrochaco; 3MG,Limpio,Central,✓,,,,,,,https://www.bnf.gov.py/uploads/Promocion_Reintegro_Estaciones_de_Servicio_2026_AGOSTO_2026_fd2e476e47.pdf
Coordenada aproximada o faltante,BNF,Combustible,Puma; Copetrol; Compasa; Petrochaco; 3MG,Luque,Central,-,,,,,,,https://www.bnf.gov.py/uploads/Promocion_Reintegro_Estaciones_de_Servicio_2026_AGOSTO_2026_fd2e476e47.pdf
Coordenada aproximada o faltante,BNF,Combustible,Puma; Copetrol; Compasa; Petrochaco; 3MG,Mariano Roque Alonso,Central,✓,,,,,,,https://www.bnf.gov.py/uploads/Promocion_Reintegro_Estaciones_de_Servicio_2026_AGOSTO_2026_fd2e476e47.pdf
Coordenada aproximada o faltante,BNF,Combustible,Puma; Copetrol; Compasa; Petrochaco; 3MG,Nemby,Central,✓,,,,,,,https://www.bnf.gov.py/uploads/Promocion_Reintegro_Estaciones_de_Servicio_2026_AGOSTO_2026_fd2e476e47.pdf
Coordenada aproximada o faltante,BNF,Combustible,Puma; Copetrol; Compasa; Petrochaco; 3MG,San Antonio,Central,✓,,,,,,,https://www.bnf.gov.py/uploads/Promocion_Reintegro_Estaciones_de_Servicio_2026_AGOSTO_2026_fd2e476e47.pdf
Coordenada aproximada o faltante,BNF,Combustible,Puma; Copetrol; Compasa; Petrochaco; 3MG,San Lorenzo,Central,✓,,,,,,,https://www.bnf.gov.py/uploads/Promocion_Reintegro_Estaciones_de_Servicio_2026_AGOSTO_2026_fd2e476e47.pdf
Coordenada aproximada o faltante,BNF,Combustible,Puma; Copetrol; Compasa; Petrochaco; 3MG,Villa Elisa,Central,-,,,,,,,https://www.bnf.gov.py/uploads/Promocion_Reintegro_Estaciones_de_Servicio_2026_AGOSTO_2026_fd2e476e47.pdf
Coordenada aproximada o faltante,BNF,Combustible,Puma; Copetrol; Compasa; Petrochaco; 3MG,Villeta,Central,-,,,,,,,https://www.bnf.gov.py/uploads/Promocion_Reintegro_Estaciones_de_Servicio_2026_AGOSTO_2026_fd2e476e47.pdf
Coordenada aproximada o faltante,BNF,Combustible,Puma; Copetrol; Compasa; Petrochaco; 3MG,Ypacaraí,Central,✓,,,,,,,https://www.bnf.gov.py/uploads/Promocion_Reintegro_Estaciones_de_Servicio_2026_AGOSTO_2026_fd2e476e47.pdf
Coordenada aproximada o faltante,BNF,Combustible,Puma; Copetrol; Compasa; Petrochaco; 3MG,Yby Yaú,Concepción,-,,,,,,,https://www.bnf.gov.py/uploads/Promocion_Reintegro_Estaciones_de_Servicio_2026_AGOSTO_2026_fd2e476e47.pdf
Coordenada aproximada o faltante,BNF,Combustible,Puma; Copetrol; Compasa; Petrochaco; 3MG,Caacupé,Cordillera,-,,,,,,,https://www.bnf.gov.py/uploads/Promocion_Reintegro_Estaciones_de_Servicio_2026_AGOSTO_2026_fd2e476e47.pdf
Coordenada aproximada o faltante,BNF,Combustible,Puma; Copetrol; Compasa; Petrochaco; 3MG,Piribebuy,Cordillera,-,,,,,,,https://www.bnf.gov.py/uploads/Promocion_Reintegro_Estaciones_de_Servicio_2026_AGOSTO_2026_fd2e476e47.pdf
Coordenada aproximada o faltante,BNF,Combustible,Puma; Copetrol; Compasa; Petrochaco; 3MG,Tobati,Cordillera,-,,,,,,,https://www.bnf.gov.py/uploads/Promocion_Reintegro_Estaciones_de_Servicio_2026_AGOSTO_2026_fd2e476e47.pdf
Coordenada aproximada o faltante,BNF,Combustible,Puma; Copetrol; Compasa; Petrochaco; 3MG,Altos,Cordillera,-,,,,,,,https://www.bnf.gov.py/uploads/Promocion_Reintegro_Estaciones_de_Servicio_2026_AGOSTO_2026_fd2e476e47.pdf
Coordenada aproximada o faltante,BNF,Combustible,Puma; Copetrol; Compasa; Petrochaco; 3MG,Villarrica,Guairá,-,,,,,,,https://www.bnf.gov.py/uploads/Promocion_Reintegro_Estaciones_de_Servicio_2026_AGOSTO_2026_fd2e476e47.pdf
Coordenada aproximada o faltante,BNF,Combustible,Puma; Copetrol; Compasa; Petrochaco; 3MG,Bella Vista,Itapúa,-,,,,,,,https://www.bnf.gov.py/uploads/Promocion_Reintegro_Estaciones_de_Servicio_2026_AGOSTO_2026_fd2e476e47.pdf
Coordenada aproximada o faltante,BNF,Combustible,Puma; Copetrol; Compasa; Petrochaco; 3MG,Coronel Bogado,Itapúa,-,,,,,,,https://www.bnf.gov.py/uploads/Promocion_Reintegro_Estaciones_de_Servicio_2026_AGOSTO_2026_fd2e476e47.pdf
Coordenada aproximada o faltante,BNF,Combustible,Puma; Copetrol; Compasa; Petrochaco; 3MG,Encarnación,Itapúa,✓,,,,,,,https://www.bnf.gov.py/uploads/Promocion_Reintegro_Estaciones_de_Servicio_2026_AGOSTO_2026_fd2e476e47.pdf
Coordenada aproximada o faltante,BNF,Combustible,Puma; Copetrol; Compasa; Petrochaco; 3MG,Hohenau,Itapúa,-,,,,,,,https://www.bnf.gov.py/uploads/Promocion_Reintegro_Estaciones_de_Servicio_2026_AGOSTO_2026_fd2e476e47.pdf
Coordenada aproximada o faltante,BNF,Combustible,Puma; Copetrol; Compasa; Petrochaco; 3MG,María Auxiliadora,Itapúa,-,,,,,,,https://www.bnf.gov.py/uploads/Promocion_Reintegro_Estaciones_de_Servicio_2026_AGOSTO_2026_fd2e476e47.pdf
Coordenada aproximada o faltante,BNF,Combustible,Puma; Copetrol; Compasa; Petrochaco; 3MG,San Ignacio,Misiones,✓,,,,,,,https://www.bnf.gov.py/uploads/Promocion_Reintegro_Estaciones_de_Servicio_2026_AGOSTO_2026_fd2e476e47.pdf
Coordenada aproximada o faltante,BNF,Combustible,Puma; Copetrol; Compasa; Petrochaco; 3MG,San Miguel,Misiones,-,,,,,,,https://www.bnf.gov.py/uploads/Promocion_Reintegro_Estaciones_de_Servicio_2026_AGOSTO_2026_fd2e476e47.pdf
Coordenada aproximada o faltante,BNF,Combustible,Puma; Copetrol; Compasa; Petrochaco; 3MG,Paraguarí,Paraguarí,✓,,,,,,,https://www.bnf.gov.py/uploads/Promocion_Reintegro_Estaciones_de_Servicio_2026_AGOSTO_2026_fd2e476e47.pdf
Coordenada aproximada o faltante,BNF,Combustible,Puma; Copetrol; Compasa; Petrochaco; 3MG,Villa Hayes,Presidente Hayes,✓,,,,,,,https://www.bnf.gov.py/uploads/Promocion_Reintegro_Estaciones_de_Servicio_2026_AGOSTO_2026_fd2e476e47.pdf
Coordenada aproximada o faltante,BNF,Combustible,Puma; Copetrol; Compasa; Petrochaco; 3MG,San Estanislao,San Pedro,-,,,,,,,https://www.bnf.gov.py/uploads/Promocion_Reintegro_Estaciones_de_Servicio_2026_AGOSTO_2026_fd2e476e47.pdf
Coordenada aproximada o faltante,BNF,Combustible,Puma; Copetrol; Compasa; Petrochaco; 3MG,Itacurubi del Rosario,San Pedro,-,,,,,,,https://www.bnf.gov.py/uploads/Promocion_Reintegro_Estaciones_de_Servicio_2026_AGOSTO_2026_fd2e476e47.pdf
Coordenada aproximada o faltante,BNF,Combustible,Puma; Copetrol; Compasa; Petrochaco; 3MG,Santa Rosa del Aguaray,San Pedro,-,,,,,,,https://www.bnf.gov.py/uploads/Promocion_Reintegro_Estaciones_de_Servicio_2026_AGOSTO_2026_fd2e476e47.pdf
Coordenada aproximada o faltante,BNF,Combustible,Rca. Argentina c/ Indio Francisco,Asunción,Capital,✓,,,,,,,https://www.bnf.gov.py/uploads/Promocion_Reintegro_Estaciones_de_Servicio_2026_AGOSTO_2026_fd2e476e47.pdf
Coordenada aproximada o faltante,BNF,Combustible,República Argentina y Augusto Roa Bastos,Lambaré,Central,✓,,,,,,,https://www.bnf.gov.py/uploads/Promocion_Reintegro_Estaciones_de_Servicio_2026_AGOSTO_2026_fd2e476e47.pdf
Coordenada aproximada o faltante,BNF,Combustible,República Dominicana y Libertad,Asunción,Capital,✓,,,,,,,https://www.bnf.gov.py/uploads/Promocion_Reintegro_Estaciones_de_Servicio_2026_AGOSTO_2026_fd2e476e47.pdf
Coordenada aproximada o faltante,BNF,Combustible,Rogelio R. Benitez esq. Hilario Amarilla,Piribebuy,Cordillera,-,,,,,,,https://www.bnf.gov.py/uploads/Promocion_Reintegro_Estaciones_de_Servicio_2026_AGOSTO_2026_fd2e476e47.pdf
Coordenada aproximada o faltante,BNF,Combustible,Rosario esq. Paso Bogarin,Luque,Central,✓,,,,,,,https://www.bnf.gov.py/uploads/Promocion_Reintegro_Estaciones_de_Servicio_2026_AGOSTO_2026_fd2e476e47.pdf
Coordenada aproximada o faltante,BNF,Combustible,Sargento Lombardo y Tataré – Loma Pyta,Asunción,Capital,✓,,,,,,,https://www.bnf.gov.py/uploads/Promocion_Reintegro_Estaciones_de_Servicio_2026_AGOSTO_2026_fd2e476e47.pdf
Coordenada aproximada o faltante,BNF,Combustible,Soldado Ovelar y Calle Asunción,Fernando de la Mora,Central,-,,,,,,,https://www.bnf.gov.py/uploads/Promocion_Reintegro_Estaciones_de_Servicio_2026_AGOSTO_2026_fd2e476e47.pdf
Coordenada aproximada o faltante,BNF,Farmacias,Farmacias,Bernardino Caballero e/ Delfín Chamorro,Caaguazú,Caaguazú,city_approximation,,,,-25.4648,-56.0251,https://www.bnf.gov.py/uploads/Promocion_Reintegro_Farmacias_2026_AGOSTO_2026_297be5ea2b.pdf
Coordenada aproximada o faltante,BNF,Farmacias,Farmacias,Ruta PY02 Km. 177,Caaguazú,Caaguazú,city_approximation,,,,-25.4708,-56.0251,https://www.bnf.gov.py/uploads/Promocion_Reintegro_Farmacias_2026_AGOSTO_2026_297be5ea2b.pdf
Coordenada aproximada o faltante,BNF,Farmacias,Farmacias,Calle Rio Acaray -Mi,Ciudad de Este,Alto Paraná,city_approximation,,,,-25.5215,-54.6095,https://www.bnf.gov.py/uploads/Promocion_Reintegro_Farmacias_2026_AGOSTO_2026_297be5ea2b.pdf
Coordenada aproximada o faltante,BNF,Farmacias,Farmacias,Avda. San Josee esq. Cnel. Panchito Lopez,Ciudad de Este,Alto Paraná,city_approximation,,,,-25.5251,-54.6083,https://www.bnf.gov.py/uploads/Promocion_Reintegro_Farmacias_2026_AGOSTO_2026_297be5ea2b.pdf
Coordenada aproximada o faltante,BNF,Farmacias,Farmacias,"Avda. San Blas y Tte. Rojas Silva Km. 3,5",Ciudad de Este,Alto Paraná,city_approximation,,,,-25.5155,-54.6167,https://www.bnf.gov.py/uploads/Promocion_Reintegro_Farmacias_2026_AGOSTO_2026_297be5ea2b.pdf
Coordenada aproximada o faltante,BNF,Farmacias,Farmacias,Avda. América y Padre José Kenetich,Ciudad del Este,Alto Paraná,city_approximation,,,,-25.5107,-54.6263,https://www.bnf.gov.py/uploads/Promocion_Reintegro_Farmacias_2026_AGOSTO_2026_297be5ea2b.pdf
Coordenada aproximada o faltante,BNF,Farmacias,Farmacias,Avda. San Joseé esq. Ignacio A. Pane,Ciudad del Este,Alto Paraná,city_approximation,,,,-25.5191,-54.6131,https://www.bnf.gov.py/uploads/Promocion_Reintegro_Farmacias_2026_AGOSTO_2026_297be5ea2b.pdf
Coordenada aproximada o faltante,BNF,Farmacias,Farmacias,Cerro León c/ Alejo García,Ciudad del Este,Alto Paraná,city_approximation,,,,-25.5239,-54.6143,https://www.bnf.gov.py/uploads/Promocion_Reintegro_Farmacias_2026_AGOSTO_2026_297be5ea2b.pdf
Coordenada aproximada o faltante,BNF,Farmacias,Farmacias,Avda. Adrián Jara y Pioneros del Este,Ciudad del Este,Alto Paraná,city_approximation,,,,-25.5227,-54.6239,https://www.bnf.gov.py/uploads/Promocion_Reintegro_Farmacias_2026_AGOSTO_2026_297be5ea2b.pdf
Coordenada aproximada o faltante,BNF,Farmacias,Farmacias,Avda. Mcal. López c/ Trebol Km. 4,Ciudad del Este,Alto Paraná,city_approximation,,,,-25.5155,-54.6215,https://www.bnf.gov.py/uploads/Promocion_Reintegro_Farmacias_2026_AGOSTO_2026_297be5ea2b.pdf
Coordenada aproximada o faltante,BNF,Farmacias,Farmacias,Avda. San Joseé 9070 esq. Calle 2,Ciudad del Este,Alto Paraná,city_approximation,,,,-25.5143,-54.6083,https://www.bnf.gov.py/uploads/Promocion_Reintegro_Farmacias_2026_AGOSTO_2026_297be5ea2b.pdf
Coordenada aproximada o faltante,BNF,Farmacias,Farmacias,Julio César Riquelme c/ Pampa,Ciudad del Este,Alto Paraná,city_approximation,,,,-25.5239,-54.6203,https://www.bnf.gov.py/uploads/Promocion_Reintegro_Farmacias_2026_AGOSTO_2026_297be5ea2b.pdf
Coordenada aproximada o faltante,BNF,Farmacias,Farmacias,Avda. Perú c/ Carmelitas,Ciudad del Este,Alto Paraná,city_approximation,,,,-25.5083,-54.6179,https://www.bnf.gov.py/uploads/Promocion_Reintegro_Farmacias_2026_AGOSTO_2026_297be5ea2b.pdf
Coordenada aproximada o faltante,BNF,Farmacias,Farmacias,Carlos Antonio López esq. Paso de Patria,Ciudad del Este,Alto Paraná,city_approximation,,,,-25.5215,-54.6143,https://www.bnf.gov.py/uploads/Promocion_Reintegro_Farmacias_2026_AGOSTO_2026_297be5ea2b.pdf
Coordenada aproximada o faltante,BNF,Farmacias,Farmacias,Avda. Santiago Leguizamón e/ Antequera y Humaitá,Ciudad del Este,Alto Paraná,city_approximation,,,,-25.5143,-54.6071,https://www.bnf.gov.py/uploads/Promocion_Reintegro_Farmacias_2026_AGOSTO_2026_297be5ea2b.pdf
Coordenada aproximada o faltante,BNF,Farmacias,Farmacias,Km. 10 Akaray,Ciudad del Este,Alto Paraná,city_approximation,,,,-25.5251,-54.6071,https://www.bnf.gov.py/uploads/Promocion_Reintegro_Farmacias_2026_AGOSTO_2026_297be5ea2b.pdf
Coordenada aproximada o faltante,BNF,Farmacias,Farmacias,Avda. San Joseé N° 9039,Ciudad del Este,Alto Paraná,city_approximation,,,,-25.5107,-54.6239,https://www.bnf.gov.py/uploads/Promocion_Reintegro_Farmacias_2026_AGOSTO_2026_297be5ea2b.pdf
Coordenada aproximada o faltante,BNF,Farmacias,Farmacias,Rca. de Colombia 1311,Ciudad del Este,Alto Paraná,city_approximation,,,,-25.5239,-54.6143,https://www.bnf.gov.py/uploads/Promocion_Reintegro_Farmacias_2026_AGOSTO_2026_297be5ea2b.pdf
Coordenada aproximada o faltante,BNF,Farmacias,Farmacias,Avda. Peur e/ Primavera y Los Lapachos,Ciudad del Este,Alto Paraná,city_approximation,,,,-25.5203,-54.6227,https://www.bnf.gov.py/uploads/Promocion_Reintegro_Farmacias_2026_AGOSTO_2026_297be5ea2b.pdf
Coordenada aproximada o faltante,BNF,Farmacias,Farmacias,Avda. Monseñor Rodríguez,Ciudad del Este,Alto Paraná,city_approximation,,,,-25.5167,-54.6179,https://www.bnf.gov.py/uploads/Promocion_Reintegro_Farmacias_2026_AGOSTO_2026_297be5ea2b.pdf
Coordenada aproximada o faltante,BNF,Farmacias,Farmacias,Dr. Blas Garay c/ Ita Ybate,Coronel Oviedo,Caaguazú,city_approximation,,,,-25.4456,-56.4451,https://www.bnf.gov.py/uploads/Promocion_Reintegro_Farmacias_2026_AGOSTO_2026_297be5ea2b.pdf
Coordenada aproximada o faltante,BNF,Farmacias,Farmacias,Dr. Ignacio A. Pane esq. Pdte. Stroessner,Coronel Oviedo,Caaguazú,city_approximation,,,,-25.4516,-56.4427,https://www.bnf.gov.py/uploads/Promocion_Reintegro_Farmacias_2026_AGOSTO_2026_297be5ea2b.pdf
Coordenada aproximada o faltante,BNF,Farmacias,Farmacias,Mcal. Estigarribia 887 e/ Yrendagüe,Coronel Oviedo,Caaguazú,city_approximation,,,,-25.4492,-56.4331,https://www.bnf.gov.py/uploads/Promocion_Reintegro_Farmacias_2026_AGOSTO_2026_297be5ea2b.pdf
Coordenada aproximada o faltante,BNF,Farmacias,Farmacias,Mcal. Estigarribia esq. Agustín Barrios,Coronel Oviedo,Caaguazú,city_approximation,,,,-25.4408,-56.4463,https://www.bnf.gov.py/uploads/Promocion_Reintegro_Farmacias_2026_AGOSTO_2026_297be5ea2b.pdf
Coordenada aproximada o faltante,BNF,Farmacias,Farmacias,Avda. Victor Matiauda,Encarnación,Itapúa,city_approximation,,,,-27.3402,-55.8643,https://www.bnf.gov.py/uploads/Promocion_Reintegro_Farmacias_2026_AGOSTO_2026_297be5ea2b.pdf
Coordenada aproximada o faltante,BNF,Farmacias,Farmacias,Calle Padre Kreusser 427 c/ Mcal. Estigarribia,Encarnación,Itapúa,city_approximation,,,,-27.3366,-55.8703,https://www.bnf.gov.py/uploads/Promocion_Reintegro_Farmacias_2026_AGOSTO_2026_297be5ea2b.pdf
Coordenada aproximada o faltante,BNF,Farmacias,Farmacias,Mcal. Estigarribia y 25 de Mayo,Encarnación,Itapúa,city_approximation,,,,-27.3282,-55.8763,https://www.bnf.gov.py/uploads/Promocion_Reintegro_Farmacias_2026_AGOSTO_2026_297be5ea2b.pdf
Coordenada aproximada o faltante,BNF,Farmacias,Farmacias,Gral. Artigas N° 2216 entre Constitución Nacional y Avda. Caballero,Encarnación,Itapúa,city_approximation,,,,-27.3306,-55.8667,https://www.bnf.gov.py/uploads/Promocion_Reintegro_Farmacias_2026_AGOSTO_2026_297be5ea2b.pdf
Coordenada aproximada o faltante,BNF,Farmacias,Farmacias,Avda. San Roque González de Santacruz esq. Avda. Perimetral Sur,Encarnación,Itapúa,city_approximation,,,,-27.3342,-55.8583,https://www.bnf.gov.py/uploads/Promocion_Reintegro_Farmacias_2026_AGOSTO_2026_297be5ea2b.pdf
Coordenada aproximada o faltante,BNF,Farmacias,Farmacias,Gral. Artigas e/ Constitución y Bernardino Caballero,Encarnación,Itapúa,city_approximation,,,,-27.3342,-55.8691,https://www.bnf.gov.py/uploads/Promocion_Reintegro_Farmacias_2026_AGOSTO_2026_297be5ea2b.pdf
Coordenada aproximada o faltante,BNF,Farmacias,Farmacias,Avda. Caballero c/ Juan León Mallorquín,Encarnación,Itapúa,city_approximation,,,,-27.3258,-55.8703,https://www.bnf.gov.py/uploads/Promocion_Reintegro_Farmacias_2026_AGOSTO_2026_297be5ea2b.pdf
Coordenada aproximada o faltante,BNF,Farmacias,Farmacias,Avda. Irrazabal e/ Gral. Bruguez y Japón,Encarnación,Itapúa,city_approximation,,,,-27.339,-55.8619,https://www.bnf.gov.py/uploads/Promocion_Reintegro_Farmacias_2026_AGOSTO_2026_297be5ea2b.pdf
Coordenada aproximada o faltante,BNF,Farmacias,Farmacias,Avda. Matiauda y Calle 2,Encarnación,Itapúa,city_approximation,,,,-27.3282,-55.8655,https://www.bnf.gov.py/uploads/Promocion_Reintegro_Farmacias_2026_AGOSTO_2026_297be5ea2b.pdf
Coordenada aproximada o faltante,BNF,Farmacias,Farmacias,Avda. El Mensú c/ 3 de Noviembre,Hernandarias,Alto Paraná,city_approximation,,,,-25.4018,-54.638,https://www.bnf.gov.py/uploads/Promocion_Reintegro_Farmacias_2026_AGOSTO_2026_297be5ea2b.pdf
Coordenada aproximada o faltante,BNF,Farmacias,Farmacias,Avda. Paraná esq. Augusto Roa Bastos,Hernandarias,Alto Paraná,city_approximation,,,,-25.4006,-54.65,https://www.bnf.gov.py/uploads/Promocion_Reintegro_Farmacias_2026_AGOSTO_2026_297be5ea2b.pdf
Coordenada aproximada o faltante,BNF,Farmacias,Farmacias,Mcal. López c/ 14 de Mayo,Hernandarias,Alto Paraná,city_approximation,,,,-25.4126,-54.6488,https://www.bnf.gov.py/uploads/Promocion_Reintegro_Farmacias_2026_AGOSTO_2026_297be5ea2b.pdf
Coordenada aproximada o faltante,BNF,Farmacias,Farmacias,Avda. Mensu esq. Acosta Ñu,Hernandarias,Alto Paraná,city_approximation,,,,-25.409,-54.638,https://www.bnf.gov.py/uploads/Promocion_Reintegro_Farmacias_2026_AGOSTO_2026_297be5ea2b.pdf
Coordenada aproximada o faltante,BNF,Farmacias,Farmacias,Avda. Mcal. López y Paraná,Hernandarias,Alto Paraná,city_approximation,,,,-25.4066,-54.638,https://www.bnf.gov.py/uploads/Promocion_Reintegro_Farmacias_2026_AGOSTO_2026_297be5ea2b.pdf
Coordenada aproximada o faltante,BNF,Farmacias,Farmacias,Don Bosco c/ Las Mingueros,Minga Guazú,Alto Paraná,city_approximation,,,,-25.4992,-54.7551,https://www.bnf.gov.py/uploads/Promocion_Reintegro_Farmacias_2026_AGOSTO_2026_297be5ea2b.pdf
Coordenada aproximada o faltante,BNF,Farmacias,Farmacias,Avda. Monday esq. Dr. Sabino Montanaro,Presidente Franco,Alto Paraná,city_approximation,,,,-25.5333,-54.6251,https://www.bnf.gov.py/uploads/Promocion_Reintegro_Farmacias_2026_AGOSTO_2026_297be5ea2b.pdf
Coordenada aproximada o faltante,BNF,Farmacias,Farmacias,"Avda. Monday Km. 4,5 - Área 5",Presidente Franco,Alto Paraná,city_approximation,,,,-25.5417,-54.6191,https://www.bnf.gov.py/uploads/Promocion_Reintegro_Farmacias_2026_AGOSTO_2026_297be5ea2b.pdf
Coordenada aproximada o faltante,BNF,Farmacias,Farmacias,Avda. Monday esq. Dr. Montanaro,Presidente Franco,Alto Paraná,city_approximation,,,,-25.5249,-54.6143,https://www.bnf.gov.py/uploads/Promocion_Reintegro_Farmacias_2026_AGOSTO_2026_297be5ea2b.pdf
Coordenada aproximada o faltante,BNF,Farmacias,Farmacias,Avda. Monday y Saltos del Monday,Presidente Franco,Alto Paraná,city_approximation,,,,-25.5429,-54.6083,https://www.bnf.gov.py/uploads/Promocion_Reintegro_Farmacias_2026_AGOSTO_2026_297be5ea2b.pdf
Coordenada aproximada o faltante,BNF,Farmacias,Farmacias,Avda. Monday Km. 5,Presidente Franco,Alto Paraná,city_approximation,,,,-25.5285,-54.6191,https://www.bnf.gov.py/uploads/Promocion_Reintegro_Farmacias_2026_AGOSTO_2026_297be5ea2b.pdf
Coordenada aproximada o faltante,BNF,Farmacias,Farmacias,Ruy Diaz de Melgarejo y Carlos Antonio López,Villarrica,Guairá,city_approximation,,,,-25.75,-56.4393,https://www.bnf.gov.py/uploads/Promocion_Reintegro_Farmacias_2026_AGOSTO_2026_297be5ea2b.pdf
Coordenada aproximada o faltante,BNF,Farmacias,Farmacias,Boulevard Bicentenario esq. Pa'i Anasagasti,Villarrica,Guairá,city_approximation,,,,-25.7524,-56.4345,https://www.bnf.gov.py/uploads/Promocion_Reintegro_Farmacias_2026_AGOSTO_2026_297be5ea2b.pdf
Coordenada aproximada o faltante,BNF,Farmacias,Farmacias,General Díaz esq. Mcal. López,Villarrica,Guairá,city_approximation,,,,-25.7584,-56.4405,https://www.bnf.gov.py/uploads/Promocion_Reintegro_Farmacias_2026_AGOSTO_2026_297be5ea2b.pdf
Coordenada aproximada o faltante,BNF,Farmacias,Farmacias,Mcal. Estigarribia esq. Cnel. Bogado,Villarrica,Guairá,city_approximation,,,,-25.7548,-56.4237,https://www.bnf.gov.py/uploads/Promocion_Reintegro_Farmacias_2026_AGOSTO_2026_297be5ea2b.pdf
Coordenada aproximada o faltante,BNF,Farmacias,Farmacias,Calle Pa'i Anasagasti c/ José A. Flores,Villarrica,Guairá,city_approximation,,,,-25.7584,-56.4369,https://www.bnf.gov.py/uploads/Promocion_Reintegro_Farmacias_2026_AGOSTO_2026_297be5ea2b.pdf
Coordenada aproximada o faltante,BNF,Farmacias,Farmacias,Calle Gral. José Díaz esq. Dr. Bottrel,Villarrica,Guairá,city_approximation,,,,-25.7404,-56.4237,https://www.bnf.gov.py/uploads/Promocion_Reintegro_Farmacias_2026_AGOSTO_2026_297be5ea2b.pdf
Coordenada aproximada o faltante,BNF,Farmacias,Farmacias,Ruta N° 8 Dr. Blas Garay c/ Boulevard Río Apa,Villarrica,Guairá,city_approximation,,,,-25.7404,-56.4429,https://www.bnf.gov.py/uploads/Promocion_Reintegro_Farmacias_2026_AGOSTO_2026_297be5ea2b.pdf
Coordenada aproximada o faltante,BNF,Farmacias,Farmacias,Colón y Gral. Caballero,Villarrica,Guairá,city_approximation,,,,-25.7536,-56.4405,https://www.bnf.gov.py/uploads/Promocion_Reintegro_Farmacias_2026_AGOSTO_2026_297be5ea2b.pdf
Coordenada aproximada o faltante,BNF,Farmacias,Farmacias,Avda. Ruta 8 y Curupayty,Villarrica,Guairá,city_approximation,,,,-25.7476,-56.4417,https://www.bnf.gov.py/uploads/Promocion_Reintegro_Farmacias_2026_AGOSTO_2026_297be5ea2b.pdf
Coordenada aproximada o faltante,BNF,Farmacias,Farmacias,Blvd. Yegros y Blvd. Caballero,Villarrica,Guairá,city_approximation,,,,-25.7536,-56.4429,https://www.bnf.gov.py/uploads/Promocion_Reintegro_Farmacias_2026_AGOSTO_2026_297be5ea2b.pdf
Coordenada aproximada o faltante,BNF,Farmacias,Farmacias,BLvd. Bicentenario c/ Gral. Aquino,Villarrica,Guairá,city_approximation,,,,-25.7464,-56.4405,https://www.bnf.gov.py/uploads/Promocion_Reintegro_Farmacias_2026_AGOSTO_2026_297be5ea2b.pdf
Coordenada aproximada o faltante,BNF,Farmacias,Farmacias,"Fracción Parque del Guairá, Ruta de la Fe",Villarrica,Guairá,city_approximation,,,,-25.756,-56.4369,https://www.bnf.gov.py/uploads/Promocion_Reintegro_Farmacias_2026_AGOSTO_2026_297be5ea2b.pdf
Coordenada aproximada o faltante,BNF,Farmacias,Farmacias,Avda. Ruta 8 desvío Colonia Independencia,Villarrica,Guairá,city_approximation,,,,-25.7452,-56.4357,https://www.bnf.gov.py/uploads/Promocion_Reintegro_Farmacias_2026_AGOSTO_2026_297be5ea2b.pdf
Coordenada aproximada o faltante,BNF,Farmacias,Farmacias,Sergio Cuevas c/ Benjamín Aceval,Villarrica,Guairá,city_approximation,,,,-25.7452,-56.4297,https://www.bnf.gov.py/uploads/Promocion_Reintegro_Farmacias_2026_AGOSTO_2026_297be5ea2b.pdf
Coordenada aproximada o faltante,BNF,Farmacias,Farmacias,Acceso a Melgarejo c/ Ruta PY10,Villarrica,Guairá,city_approximation,,,,-25.7548,-56.4297,https://www.bnf.gov.py/uploads/Promocion_Reintegro_Farmacias_2026_AGOSTO_2026_297be5ea2b.pdf
Coordenada aproximada o faltante,BNF,Farmacias,Farmacias,Avda. Ruta 8 y Blvd. Pirapó,Villarrica,Guairá,city_approximation,,,,-25.7416,-56.4393,https://www.bnf.gov.py/uploads/Promocion_Reintegro_Farmacias_2026_AGOSTO_2026_297be5ea2b.pdf
Coordenada aproximada o faltante,BNF,Farmacias,Farmacias,Ruta PY03 esq Ruta Caraguatay D036,Arroyos y Esteros,Cordillera,,,,,,,https://www.bnf.gov.py/uploads/Promocion_Reintegro_Farmacias_2026_AGOSTO_2026_297be5ea2b.pdf
Coordenada aproximada o faltante,BNF,Farmacias,Farmacias,Ruta PY03 Gral. Elizardo Aquino Km. 68,Arroyos y Esteros,Cordillera,,,,,,,https://www.bnf.gov.py/uploads/Promocion_Reintegro_Farmacias_2026_AGOSTO_2026_297be5ea2b.pdf
Coordenada aproximada o faltante,BNF,Farmacias,Farmacias,Avda. Mcal. Francisco Solano López,Ayolas,Misiones,,,,,,,https://www.bnf.gov.py/uploads/Promocion_Reintegro_Farmacias_2026_AGOSTO_2026_297be5ea2b.pdf
Coordenada aproximada o faltante,BNF,Farmacias,Farmacias,Carlos A. López N° 1770 c/ Humaitá,Benjamín Aceval,Presidente Hayes,,,,,,,https://www.bnf.gov.py/uploads/Promocion_Reintegro_Farmacias_2026_AGOSTO_2026_297be5ea2b.pdf
Coordenada aproximada o faltante,BNF,Farmacias,Farmacias,Calle Intendente Parquet entre 8 de Diciembre y Concepción,Caacupé,Cordillera,,,,,,,https://www.bnf.gov.py/uploads/Promocion_Reintegro_Farmacias_2026_AGOSTO_2026_297be5ea2b.pdf
Coordenada aproximada o faltante,BNF,Farmacias,Farmacias,Eligio Ayala esq. Asunción,Caacupé,Cordillera,,,,,,,https://www.bnf.gov.py/uploads/Promocion_Reintegro_Farmacias_2026_AGOSTO_2026_297be5ea2b.pdf
Coordenada aproximada o faltante,BNF,Farmacias,Farmacias,8 De Diciembre esq. 14 de Mayo,Caacupé,Cordillera,,,,,,,https://www.bnf.gov.py/uploads/Promocion_Reintegro_Farmacias_2026_AGOSTO_2026_297be5ea2b.pdf
Coordenada aproximada o faltante,BNF,Farmacias,Farmacias,"Ruta 2 Km. 52,5 c/ León Mallorquín",Caacupé,Cordillera,,,,,,,https://www.bnf.gov.py/uploads/Promocion_Reintegro_Farmacias_2026_AGOSTO_2026_297be5ea2b.pdf
Coordenada aproximada o faltante,BNF,Farmacias,Farmacias,Mcal. Estigarribia esq. 8 de Diciembre,Caacupé,Cordillera,,,,,,,https://www.bnf.gov.py/uploads/Promocion_Reintegro_Farmacias_2026_AGOSTO_2026_297be5ea2b.pdf
Coordenada aproximada o faltante,BNF,Farmacias,Farmacias,Ruta 14 esq. Los Inmigrantes,Cambyretá,Itapúa,,,,,,,https://www.bnf.gov.py/uploads/Promocion_Reintegro_Farmacias_2026_AGOSTO_2026_297be5ea2b.pdf
Coordenada aproximada o faltante,BNF,Farmacias,Farmacias,Ruta PY06 Doctor Juan León Mallorquín Km. 15,Capitán Miranda,Itapúa,,,,,,,https://www.bnf.gov.py/uploads/Promocion_Reintegro_Farmacias_2026_AGOSTO_2026_297be5ea2b.pdf
Coordenada aproximada o faltante,BNF,Farmacias,Farmacias,Mcal. Francisco Solano López Km. 83,Carapeguá,Paraguarí,,,,,,,https://www.bnf.gov.py/uploads/Promocion_Reintegro_Farmacias_2026_AGOSTO_2026_297be5ea2b.pdf
Coordenada aproximada o faltante,BNF,Farmacias,Farmacias,"Avda. Mariscal López esq. Agustín Pio Barrios, N° 300",Choré,San Pedro,,,,,,,https://www.bnf.gov.py/uploads/Promocion_Reintegro_Farmacias_2026_AGOSTO_2026_297be5ea2b.pdf
Coordenada aproximada o faltante,BNF,Farmacias,Farmacias,Avda. De Pinedo y Don Bosco,Concepción,Concepción,,,,,,,https://www.bnf.gov.py/uploads/Promocion_Reintegro_Farmacias_2026_AGOSTO_2026_297be5ea2b.pdf
Coordenada aproximada o faltante,BNF,Farmacias,Farmacias,Pdte. Franco esq. Eugenio A. Garay,Concepción,Concepción,,,,,,,https://www.bnf.gov.py/uploads/Promocion_Reintegro_Farmacias_2026_AGOSTO_2026_297be5ea2b.pdf
Coordenada aproximada o faltante,BNF,Farmacias,Farmacias,Avda. Agustín Fernando de Pinedo esq. Intendente Rufino Spika,Concepción,Concepción,,,,,,,https://www.bnf.gov.py/uploads/Promocion_Reintegro_Farmacias_2026_AGOSTO_2026_297be5ea2b.pdf
Coordenada aproximada o faltante,BNF,Farmacias,Farmacias,Agustín Fernando esq. Bno. Caballero,Concepción,Concepción,,,,,,,https://www.bnf.gov.py/uploads/Promocion_Reintegro_Farmacias_2026_AGOSTO_2026_297be5ea2b.pdf
Coordenada aproximada o faltante,BNF,Farmacias,Farmacias,Dr. Marcial Roig Bernal,Concepción,Concepción,,,,,,,https://www.bnf.gov.py/uploads/Promocion_Reintegro_Farmacias_2026_AGOSTO_2026_297be5ea2b.pdf
Coordenada aproximada o faltante,BNF,Farmacias,Farmacias,Juan Queiros Candia,Concepción,Concepción,,,,,,,https://www.bnf.gov.py/uploads/Promocion_Reintegro_Farmacias_2026_AGOSTO_2026_297be5ea2b.pdf
Coordenada aproximada o faltante,BNF,Farmacias,Farmacias,Avda. Agustín Fernando de Pinedo,Concepción,Concepción,,,,,,,https://www.bnf.gov.py/uploads/Promocion_Reintegro_Farmacias_2026_AGOSTO_2026_297be5ea2b.pdf
Coordenada aproximada o faltante,BNF,Farmacias,Farmacias,Pa’i Pérez esq. Médicos del Chaco,Concepción,Concepción,,,,,,,https://www.bnf.gov.py/uploads/Promocion_Reintegro_Farmacias_2026_AGOSTO_2026_297be5ea2b.pdf
Coordenada aproximada o faltante,BNF,Farmacias,Farmacias,Avda. 2000,Concepción,Concepción,,,,,,,https://www.bnf.gov.py/uploads/Promocion_Reintegro_Farmacias_2026_AGOSTO_2026_297be5ea2b.pdf
Coordenada aproximada o faltante,BNF,Farmacias,Farmacias,Ruta Transchaco,Concepción,Concepción,,,,,,,https://www.bnf.gov.py/uploads/Promocion_Reintegro_Farmacias_2026_AGOSTO_2026_297be5ea2b.pdf
Coordenada aproximada o faltante,BNF,Farmacias,Farmacias,Avda. Boquerón,Concepción,Concepción,,,,,,,https://www.bnf.gov.py/uploads/Promocion_Reintegro_Farmacias_2026_AGOSTO_2026_297be5ea2b.pdf
Coordenada aproximada o faltante,BNF,Farmacias,Farmacias,Ruta PY01 entre Misiones y José Félix Bogado,Coronel Bogado,Itapúa,,,,,,,https://www.bnf.gov.py/uploads/Promocion_Reintegro_Farmacias_2026_AGOSTO_2026_297be5ea2b.pdf
Coordenada aproximada o faltante,BNF,Farmacias,Farmacias,General Díaz y Padre Maíz,Coronel Bogado,Itapúa,,,,,,,https://www.bnf.gov.py/uploads/Promocion_Reintegro_Farmacias_2026_AGOSTO_2026_297be5ea2b.pdf
Coordenada aproximada o faltante,BNF,Farmacias,Farmacias,14 de Mayo entre Juan José Ramos,Curuguaty,Canindeyú,,,,,,,https://www.bnf.gov.py/uploads/Promocion_Reintegro_Farmacias_2026_AGOSTO_2026_297be5ea2b.pdf
Coordenada aproximada o faltante,BNF,Farmacias,Farmacias,14 de Mayo esq. Carlos A. López,Curuguaty,Canindeyú,,,,,,,https://www.bnf.gov.py/uploads/Promocion_Reintegro_Farmacias_2026_AGOSTO_2026_297be5ea2b.pdf
Coordenada aproximada o faltante,BNF,Farmacias,Farmacias,Independencia Nacional c/ 1ro. de Marzo,Eusebio Ayala,Cordillera,,,,,,,https://www.bnf.gov.py/uploads/Promocion_Reintegro_Farmacias_2026_AGOSTO_2026_297be5ea2b.pdf
Coordenada aproximada o faltante,BNF,Farmacias,Farmacias,Paraguay esq. Padre Jesús Daniel López,Fram,Itapúa,,,,,,,https://www.bnf.gov.py/uploads/Promocion_Reintegro_Farmacias_2026_AGOSTO_2026_297be5ea2b.pdf
Coordenada aproximada o faltante,BNF,Farmacias,Farmacias,Gral. Isidoro Resquín N° 5699,Gral. Resquín,San Pedro,,,,,,,https://www.bnf.gov.py/uploads/Promocion_Reintegro_Farmacias_2026_AGOSTO_2026_297be5ea2b.pdf
Coordenada aproximada o faltante,BNF,Farmacias,Farmacias,Avda. Osvaldo Tishler esq. Luis A. Herrera,Hohenau,Itapúa,,,,,,,https://www.bnf.gov.py/uploads/Promocion_Reintegro_Farmacias_2026_AGOSTO_2026_297be5ea2b.pdf
Coordenada aproximada o faltante,BNF,Farmacias,Farmacias,Avda. Mariscal Francisco Solano López,Horqueta,Concepción,,,,,,,https://www.bnf.gov.py/uploads/Promocion_Reintegro_Farmacias_2026_AGOSTO_2026_297be5ea2b.pdf
Coordenada aproximada o faltante,BNF,Farmacias,Farmacias,Independencia Nacional Entre Panchito Lopez y San Joseé,J. Eulogio Estigarribia,Caaguazú,,,,,,,https://www.bnf.gov.py/uploads/Promocion_Reintegro_Farmacias_2026_AGOSTO_2026_297be5ea2b.pdf
Coordenada aproximada o faltante,BNF,Farmacias,Farmacias,José A. Flores e/ Carlos A. López y 15 de Agosto,J. Eulogio Estigarribia,Caaguazú,,,,,,,https://www.bnf.gov.py/uploads/Promocion_Reintegro_Farmacias_2026_AGOSTO_2026_297be5ea2b.pdf
Coordenada aproximada o faltante,BNF,Farmacias,Farmacias,Tajy y San Joseé,J. Eulogio Estigarribia,Caaguazú,,,,,,,https://www.bnf.gov.py/uploads/Promocion_Reintegro_Farmacias_2026_AGOSTO_2026_297be5ea2b.pdf
Coordenada aproximada o faltante,BNF,Farmacias,Farmacias,José Asunción Flores esq. Emiliano R. Fernández,J. Eulogio Estigarribia,Caaguazú,,,,,,,https://www.bnf.gov.py/uploads/Promocion_Reintegro_Farmacias_2026_AGOSTO_2026_297be5ea2b.pdf
Coordenada aproximada o faltante,BNF,Farmacias,Farmacias,Ruta Independencia Nacional 1ra. Junta Municipal,J. Eulogio Estigarribia,Caaguazú,,,,,,,https://www.bnf.gov.py/uploads/Promocion_Reintegro_Farmacias_2026_AGOSTO_2026_297be5ea2b.pdf
Coordenada aproximada o faltante,BNF,Farmacias,Farmacias,Ruta Nacional PY10 Las Residentas esq. Calle Primavera,Katueté,Canindeyú,,,,,,,https://www.bnf.gov.py/uploads/Promocion_Reintegro_Farmacias_2026_AGOSTO_2026_297be5ea2b.pdf
Coordenada aproximada o faltante,BNF,Farmacias,Farmacias,Ruta PY03 N° 445 c/ Batalla de Raichuelo,Katueté,Canindeyú,,,,,,,https://www.bnf.gov.py/uploads/Promocion_Reintegro_Farmacias_2026_AGOSTO_2026_297be5ea2b.pdf
Coordenada aproximada o faltante,BNF,Farmacias,Farmacias,"Ruta PY08 Dr. Blas Garay Km. 282,5",Liberación,San Pedro,,,,,,,https://www.bnf.gov.py/uploads/Promocion_Reintegro_Farmacias_2026_AGOSTO_2026_297be5ea2b.pdf
Coordenada aproximada o faltante,BNF,Farmacias,Farmacias,Ruta 3 Liberación,Liberación,San Pedro,,,,,,,https://www.bnf.gov.py/uploads/Promocion_Reintegro_Farmacias_2026_AGOSTO_2026_297be5ea2b.pdf
Coordenada aproximada o faltante,BNF,Farmacias,Farmacias,Defensores Del Chaco c/ Félix Pérez Cardozo,María Auxiliadora,Itapúa,,,,,,,https://www.bnf.gov.py/uploads/Promocion_Reintegro_Farmacias_2026_AGOSTO_2026_297be5ea2b.pdf
Coordenada aproximada o faltante,BNF,Farmacias,Farmacias,Avda. Rodríguez De Francia c/ Pilcomayo,Obligado,Itapúa,,,,,,,https://www.bnf.gov.py/uploads/Promocion_Reintegro_Farmacias_2026_AGOSTO_2026_297be5ea2b.pdf
Coordenada aproximada o faltante,BNF,Farmacias,Farmacias,Ruta 1 esq. Tte. Derlis Caceres,Paraguarí,Paraguarí,,,,,,,https://www.bnf.gov.py/uploads/Promocion_Reintegro_Farmacias_2026_AGOSTO_2026_297be5ea2b.pdf
Coordenada aproximada o faltante,BNF,Farmacias,Farmacias,Ruta Pirayú - Caacupé c/ 22 de Setiembre,Paraguarí,Paraguarí,,,,,,,https://www.bnf.gov.py/uploads/Promocion_Reintegro_Farmacias_2026_AGOSTO_2026_297be5ea2b.pdf
Coordenada aproximada o faltante,BNF,Farmacias,Farmacias,Gral. Bernardino Caballero esq. Pa'i Gómez,Paraguarí,Paraguarí,,,,,,,https://www.bnf.gov.py/uploads/Promocion_Reintegro_Farmacias_2026_AGOSTO_2026_297be5ea2b.pdf
Coordenada aproximada o faltante,BNF,Farmacias,Farmacias,14 de Mayo esq. Gral. Morínigo,Paraguarí,Paraguarí,,,,,,,https://www.bnf.gov.py/uploads/Promocion_Reintegro_Farmacias_2026_AGOSTO_2026_297be5ea2b.pdf
Coordenada aproximada o faltante,BNF,Farmacias,Farmacias,Carlos A. López esq. 14 de Mayo,Pedro Juan Caballero,Amambay,,,,,,,https://www.bnf.gov.py/uploads/Promocion_Reintegro_Farmacias_2026_AGOSTO_2026_297be5ea2b.pdf
Coordenada aproximada o faltante,BNF,Farmacias,Farmacias,Avda. Gobernador Irala c/ Cerro Corá,Pilar,Ñeembucú,,,,,,,https://www.bnf.gov.py/uploads/Promocion_Reintegro_Farmacias_2026_AGOSTO_2026_297be5ea2b.pdf
Coordenada aproximada o faltante,BNF,Farmacias,Farmacias,Avda. Gobernador Irala esq. Sgto. Azzarini,Pilar,Ñeembucú,,,,,,,https://www.bnf.gov.py/uploads/Promocion_Reintegro_Farmacias_2026_AGOSTO_2026_297be5ea2b.pdf
Coordenada aproximada o faltante,BNF,Farmacias,Farmacias,Gral. Díaz y Pedro Juan Caballero,Piribebuy,Cordillera,,,,,,,https://www.bnf.gov.py/uploads/Promocion_Reintegro_Farmacias_2026_AGOSTO_2026_297be5ea2b.pdf
Coordenada aproximada o faltante,BNF,Farmacias,Farmacias,Ruta 1 c/ San Lorenzo,Quiindy,Paraguarí,,,,,,,https://www.bnf.gov.py/uploads/Promocion_Reintegro_Farmacias_2026_AGOSTO_2026_297be5ea2b.pdf
Coordenada aproximada o faltante,BNF,Farmacias,Farmacias,Avda. Paraguay c/ Paulo VI,Salto del Guairá,Canindeyú,,,,,,,https://www.bnf.gov.py/uploads/Promocion_Reintegro_Farmacias_2026_AGOSTO_2026_297be5ea2b.pdf
Coordenada aproximada o faltante,BNF,Farmacias,Farmacias,Cerro Corá esq. Padre Bruno Otte,Salto del Guairá,Canindeyú,,,,,,,https://www.bnf.gov.py/uploads/Promocion_Reintegro_Farmacias_2026_AGOSTO_2026_297be5ea2b.pdf
Coordenada aproximada o faltante,BNF,Farmacias,Farmacias,Mariscal Lopez N° 414 entre Primera y Segunda Proyectada,San Bernardino,Cordillera,,,,,,,https://www.bnf.gov.py/uploads/Promocion_Reintegro_Farmacias_2026_AGOSTO_2026_297be5ea2b.pdf
Coordenada aproximada o faltante,BNF,Farmacias,Farmacias,Dr. Federico Chávez Ruta San Bernardino - Altos,San Bernardino,Cordillera,,,,,,,https://www.bnf.gov.py/uploads/Promocion_Reintegro_Farmacias_2026_AGOSTO_2026_297be5ea2b.pdf
Coordenada aproximada o faltante,BNF,Farmacias,Farmacias,Avda. Guillermo Neuman y Mainumby Km. 45,San Bernardino,Cordillera,,,,,,,https://www.bnf.gov.py/uploads/Promocion_Reintegro_Farmacias_2026_AGOSTO_2026_297be5ea2b.pdf
Coordenada aproximada o faltante,BNF,Farmacias,Farmacias,Avda. Mcal. López esq. José Dolores Vera,San Bernardino,Cordillera,,,,,,,https://www.bnf.gov.py/uploads/Promocion_Reintegro_Farmacias_2026_AGOSTO_2026_297be5ea2b.pdf
Coordenada aproximada o faltante,BNF,Farmacias,Farmacias,Colonos Alemanes N° 304 c/ Nuestra Señora,San Bernardino,Cordillera,,,,,,,https://www.bnf.gov.py/uploads/Promocion_Reintegro_Farmacias_2026_AGOSTO_2026_297be5ea2b.pdf
Coordenada aproximada o faltante,BNF,Farmacias,Farmacias,Avda. Guillermo Neumann esq. Sominers,San Bernardino,Cordillera,,,,,,,https://www.bnf.gov.py/uploads/Promocion_Reintegro_Farmacias_2026_AGOSTO_2026_297be5ea2b.pdf
Coordenada aproximada o faltante,BNF,Farmacias,Farmacias,Calle 25 de Diciembre,San Bernardino,Cordillera,,,,,,,https://www.bnf.gov.py/uploads/Promocion_Reintegro_Farmacias_2026_AGOSTO_2026_297be5ea2b.pdf
Coordenada aproximada o faltante,BNF,Farmacias,Farmacias,Avda. Cnel. Zoilo Gonzalez esq. Tte. Adolfo Mello,San Estanislao,San Pedro,,,,,,,https://www.bnf.gov.py/uploads/Promocion_Reintegro_Farmacias_2026_AGOSTO_2026_297be5ea2b.pdf
Coordenada aproximada o faltante,BNF,Farmacias,Farmacias,Ruta 10 esq. Capitán R. Zenteno,San Estanislao,San Pedro,,,,,,,https://www.bnf.gov.py/uploads/Promocion_Reintegro_Farmacias_2026_AGOSTO_2026_297be5ea2b.pdf
Coordenada aproximada o faltante,BNF,Farmacias,Farmacias,San Estanislao c/ Coronel Z. González,San Estanislao,San Pedro,,,,,,,https://www.bnf.gov.py/uploads/Promocion_Reintegro_Farmacias_2026_AGOSTO_2026_297be5ea2b.pdf
Coordenada aproximada o faltante,BNF,Farmacias,Farmacias,Mcal. Estigarribia e/ Cerro Cora y Mcal. López,San Ignacio,Misiones,,,,,,,https://www.bnf.gov.py/uploads/Promocion_Reintegro_Farmacias_2026_AGOSTO_2026_297be5ea2b.pdf
Coordenada aproximada o faltante,BNF,Farmacias,Farmacias,Calle José Félix Bogado N° 1102,San Ignacio,Misiones,,,,,,,https://www.bnf.gov.py/uploads/Promocion_Reintegro_Farmacias_2026_AGOSTO_2026_297be5ea2b.pdf
Coordenada aproximada o faltante,BNF,Farmacias,Farmacias,Avda. Mcal. Estigarribia y Gral. Bernardino Caballero,San Ignacio,Misiones,,,,,,,https://www.bnf.gov.py/uploads/Promocion_Reintegro_Farmacias_2026_AGOSTO_2026_297be5ea2b.pdf
Coordenada aproximada o faltante,BNF,Farmacias,Farmacias,Ruta Mcal. Estigarribia esq. Mcal. López,San Ignacio,Misiones,,,,,,,https://www.bnf.gov.py/uploads/Promocion_Reintegro_Farmacias_2026_AGOSTO_2026_297be5ea2b.pdf
Coordenada aproximada o faltante,BNF,Farmacias,Farmacias,Avda. Los Inmigrantes esq. Nanawa,Santa Rita,Alto Paraná,,,,,,,https://www.bnf.gov.py/uploads/Promocion_Reintegro_Farmacias_2026_AGOSTO_2026_297be5ea2b.pdf
Coordenada aproximada o faltante,BNF,Farmacias,Farmacias,Calle Pte. Franco Esquina Avenida Florida N° 696,Santa Rosa,Misiones,,,,,,,https://www.bnf.gov.py/uploads/Promocion_Reintegro_Farmacias_2026_AGOSTO_2026_297be5ea2b.pdf
Coordenada aproximada o faltante,BNF,Farmacias,Farmacias,Ruta Blas Garay y Ruta 11 Juana María,Santa Rosa del Aguaray,San Pedro,,,,,,,https://www.bnf.gov.py/uploads/Promocion_Reintegro_Farmacias_2026_AGOSTO_2026_297be5ea2b.pdf
Coordenada aproximada o faltante,BNF,Farmacias,Farmacias,"Padre Fidel Maíz, Ruta Caacupé",Tobati,Cordillera,,,,,,,https://www.bnf.gov.py/uploads/Promocion_Reintegro_Farmacias_2026_AGOSTO_2026_297be5ea2b.pdf
Coordenada aproximada o faltante,BNF,Farmacias,Farmacias,Laudo Hayes N° 624 c/ La Victoria,Villa Hayes,Presidente Hayes,,,,,,,https://www.bnf.gov.py/uploads/Promocion_Reintegro_Farmacias_2026_AGOSTO_2026_297be5ea2b.pdf
Coordenada aproximada o faltante,BNF,Farmacias,Farmacias,Ruta Nacional Carlos A. Lopez PY09 entre Laudo y España,Villa Hayes,Presidente Hayes,,,,,,,https://www.bnf.gov.py/uploads/Promocion_Reintegro_Farmacias_2026_AGOSTO_2026_297be5ea2b.pdf
Coordenada aproximada o faltante,BNF,Farmacias,Farmacias,"Ruta 9 Km. 26,5 Carlos Antonio López",Villa Hayes,Presidente Hayes,,,,,,,https://www.bnf.gov.py/uploads/Promocion_Reintegro_Farmacias_2026_AGOSTO_2026_297be5ea2b.pdf
Coordenada aproximada o faltante,BNF,Farmacias,Farmacias,Mcal. López y Julio Miranda Cueto,Yaguarón,Paraguarí,,,,,,,https://www.bnf.gov.py/uploads/Promocion_Reintegro_Farmacias_2026_AGOSTO_2026_297be5ea2b.pdf
Coordenada aproximada o faltante,BNF,Mayoristas,BOX Mayorista,Avda. San Joseé c/ Coronel Panchito López,Ciudad del Este,Alto Paraná,city_approximation,,,,-25.5131,-54.6083,https://www.bnf.gov.py/uploads/Promocion_Reintegro_Mayoristas_2026_AGOSTO_fb99dd53e5.pdf
Coordenada aproximada o faltante,BNF,Mayoristas,BOX Mayorista,Sor Serafina Rodríguez (Dentro del Mercado Abasto Este),Minga Guazú,Alto Paraná,city_approximation,,,,-25.4884,-54.7683,https://www.bnf.gov.py/uploads/Promocion_Reintegro_Mayoristas_2026_AGOSTO_fb99dd53e5.pdf
Coordenada aproximada o faltante,BNF,Supermercados,A Punto Market,Av. Mcal. López esq. Fulgencio Yegros,Caaguazú,Caaguazú,city_approximation,,,,-25.4744,-56.0071,https://www.bnf.gov.py/uploads/Promocion_Reintegro_Supermercados_2026_AGOSTO_2e7bd73fa2.pdf
Coordenada aproximada o faltante,BNF,Supermercados,A Punto Tienda del Asadero,Avda. Mcal. López esq. Roberto L. Pettit,Caaguazú,Caaguazú,city_approximation,,,,-25.4636,-56.0119,https://www.bnf.gov.py/uploads/Promocion_Reintegro_Supermercados_2026_AGOSTO_2e7bd73fa2.pdf
Coordenada aproximada o faltante,BNF,Supermercados,Casa Paraná,Ruta PY02 Mariscal José Felix Estigarribia Km 51,Caacupé,Cordillera,,,,,,,https://www.bnf.gov.py/uploads/Promocion_Reintegro_Supermercados_2026_AGOSTO_2e7bd73fa2.pdf
Coordenada aproximada o faltante,BNF,Supermercados,Casa Yasy,Santos Canillas esq. Ytororó,Concepción,Concepción,,,,,,,https://www.bnf.gov.py/uploads/Promocion_Reintegro_Supermercados_2026_AGOSTO_2e7bd73fa2.pdf
Coordenada aproximada o faltante,BNF,Supermercados,Casa Yasy,Avda. Bernardino Caballero esq. Ytororó,Concepción,Concepción,,,,,,,https://www.bnf.gov.py/uploads/Promocion_Reintegro_Supermercados_2026_AGOSTO_2e7bd73fa2.pdf
Coordenada aproximada o faltante,BNF,Supermercados,Casa Yasy,Avda. Pinedo esq. Mcal Estigarribia,Concepción,Concepción,,,,,,,https://www.bnf.gov.py/uploads/Promocion_Reintegro_Supermercados_2026_AGOSTO_2e7bd73fa2.pdf
Coordenada aproximada o faltante,BNF,Supermercados,Casa Yasy,Avda. Herminio Mendoza c/ Juana F. de Alonso,Concepción,Concepción,,,,,,,https://www.bnf.gov.py/uploads/Promocion_Reintegro_Supermercados_2026_AGOSTO_2e7bd73fa2.pdf
Coordenada aproximada o faltante,BNF,Supermercados,Casa Yasy,Avda. Gualberto Carduz Huerta c/ Carlos Grosso Sosa,Concepción,Concepción,,,,,,,https://www.bnf.gov.py/uploads/Promocion_Reintegro_Supermercados_2026_AGOSTO_2e7bd73fa2.pdf
Coordenada aproximada o faltante,BNF,Supermercados,Casa Yasy,Rufino Pampliega esq. Cerro Corá,Concepción,Concepción,,,,,,,https://www.bnf.gov.py/uploads/Promocion_Reintegro_Supermercados_2026_AGOSTO_2e7bd73fa2.pdf
Coordenada aproximada o faltante,BNF,Supermercados,Casa Yasy,Padre M de Mendoza esq. B Caballero,Loreto,Concepción,,,,,,,https://www.bnf.gov.py/uploads/Promocion_Reintegro_Supermercados_2026_AGOSTO_2e7bd73fa2.pdf
Coordenada aproximada o faltante,BNF,Supermercados,Comercial Armin,Ruta PY 07 Dr. Gaspar R. de Francia – Capitán Meza Km. 16,Capitán Meza,Itapúa,,,,,,,https://www.bnf.gov.py/uploads/Promocion_Reintegro_Supermercados_2026_AGOSTO_2e7bd73fa2.pdf
Coordenada aproximada o faltante,BNF,Supermercados,Comercial Armin,Ruta PY 07 Dr. Gaspar R. de Francia – Edelira Km. 20,Edelira,Itapúa,,,,,,,https://www.bnf.gov.py/uploads/Promocion_Reintegro_Supermercados_2026_AGOSTO_2e7bd73fa2.pdf
Coordenada aproximada o faltante,BNF,Supermercados,Comercial Armin,Ruta Itapúa Poty – Edelira Km. 30,Edelira,Itapúa,,,,,,,https://www.bnf.gov.py/uploads/Promocion_Reintegro_Supermercados_2026_AGOSTO_2e7bd73fa2.pdf
Coordenada aproximada o faltante,BNF,Supermercados,Comercial Armin,Avda. San Juan – Mayor Otaño,Mayor Otaño,Itapúa,,,,,,,https://www.bnf.gov.py/uploads/Promocion_Reintegro_Supermercados_2026_AGOSTO_2e7bd73fa2.pdf
Coordenada aproximada o faltante,BNF,Supermercados,Comercial Armin,Calle Independencia Nacional – María Auxiliadora,Tomas Romero Pereira,Itapúa,,,,,,,https://www.bnf.gov.py/uploads/Promocion_Reintegro_Supermercados_2026_AGOSTO_2e7bd73fa2.pdf
Coordenada aproximada o faltante,BNF,Supermercados,Comercial Armin,Avda. San Roque González de Santa Cruz,Yatytay,Itapúa,,,,,,,https://www.bnf.gov.py/uploads/Promocion_Reintegro_Supermercados_2026_AGOSTO_2e7bd73fa2.pdf
Coordenada aproximada o faltante,BNF,Supermercados,Comercial Elena,Prof. Indalecio Flores c/ Luis Soto,Coronel Oviedo,Caaguazú,city_approximation,,,,-25.4396,-56.4487,https://www.bnf.gov.py/uploads/Promocion_Reintegro_Supermercados_2026_AGOSTO_2e7bd73fa2.pdf
Coordenada aproximada o faltante,BNF,Supermercados,Frigoríficos,Bernardino Caballero c/ Paso de Patria,Ciudad del Este,Alto Paraná,city_approximation,,,,-25.5083,-54.6107,https://www.bnf.gov.py/uploads/Promocion_Reintegro_Frigorificos_2026_AGOSTO_33175dc92c.pdf
Coordenada aproximada o faltante,BNF,Supermercados,Frigoríficos,Mcal. Felix Estigarribia esq. Boquerón,Coronel Oviedo,Caaguazú,city_approximation,,,,-25.4372,-56.4307,https://www.bnf.gov.py/uploads/Promocion_Reintegro_Frigorificos_2026_AGOSTO_33175dc92c.pdf
Coordenada aproximada o faltante,BNF,Supermercados,Frigoríficos,Avda. Defensores del Chaco esq. Cañada del Carmen,Coronel Oviedo,Caaguazú,city_approximation,,,,-25.4492,-56.4307,https://www.bnf.gov.py/uploads/Promocion_Reintegro_Frigorificos_2026_AGOSTO_33175dc92c.pdf
Coordenada aproximada o faltante,BNF,Supermercados,Frigoríficos,Avda. Irrazabal esq. Ruta 14,Encarnación,Itapúa,city_approximation,,,,-27.3366,-55.8727,https://www.bnf.gov.py/uploads/Promocion_Reintegro_Frigorificos_2026_AGOSTO_33175dc92c.pdf
Coordenada aproximada o faltante,BNF,Supermercados,Frigoríficos,"Av. Central, Loma Plata",Loma Plata,Boquerón,city_approximation,,,,-22.3924,-59.8326,https://www.bnf.gov.py/uploads/Promocion_Reintegro_Frigorificos_2026_AGOSTO_33175dc92c.pdf
Coordenada aproximada o faltante,BNF,Supermercados,Frigoríficos,"Av. Central esq. Comercial, Hochstadt",Loma Plata,Boquerón,city_approximation,,,,-22.3876,-59.8266,https://www.bnf.gov.py/uploads/Promocion_Reintegro_Frigorificos_2026_AGOSTO_33175dc92c.pdf
Coordenada aproximada o faltante,BNF,Supermercados,Frigoríficos,"Avda. Central esq. Pioneros, Lolita",Loma Plata,Boquerón,city_approximation,,,,-22.3828,-59.8446,https://www.bnf.gov.py/uploads/Promocion_Reintegro_Frigorificos_2026_AGOSTO_33175dc92c.pdf
Coordenada aproximada o faltante,BNF,Supermercados,Frigoríficos,"Avda. Central, Campo León",Loma Plata,Boquerón,city_approximation,,,,-22.3816,-59.8374,https://www.bnf.gov.py/uploads/Promocion_Reintegro_Frigorificos_2026_AGOSTO_33175dc92c.pdf
Coordenada aproximada o faltante,BNF,Supermercados,Frigoríficos,"Avda. Central, Loma Plata",Loma Plata,Boquerón,city_approximation,,,,-22.378,-59.8314,https://www.bnf.gov.py/uploads/Promocion_Reintegro_Frigorificos_2026_AGOSTO_33175dc92c.pdf
Coordenada aproximada o faltante,BNF,Supermercados,Frigoríficos,"Avda. Central, Buena Vista",Loma Plata,Boquerón,city_approximation,,,,-22.3888,-59.8446,https://www.bnf.gov.py/uploads/Promocion_Reintegro_Frigorificos_2026_AGOSTO_33175dc92c.pdf
Coordenada aproximada o faltante,BNF,Supermercados,Frigoríficos,Las Palmas – Chaco,Loma Plata,Boquerón,city_approximation,,,,-22.3792,-59.8374,https://www.bnf.gov.py/uploads/Promocion_Reintegro_Frigorificos_2026_AGOSTO_33175dc92c.pdf
Coordenada aproximada o faltante,BNF,Supermercados,Frigoríficos,"Km 14,5 Ruta PY 02. Abasto Este",Minga Guazú,Alto Paraná,city_approximation,,,,-25.4956,-54.7515,https://www.bnf.gov.py/uploads/Promocion_Reintegro_Frigorificos_2026_AGOSTO_33175dc92c.pdf
Coordenada aproximada o faltante,BNF,Supermercados,Frigoríficos,"Ruta 2, Km. 13,5 – Acaray",Minga Guazú,Alto Paraná,city_approximation,,,,-25.4956,-54.7647,https://www.bnf.gov.py/uploads/Promocion_Reintegro_Frigorificos_2026_AGOSTO_33175dc92c.pdf
Coordenada aproximada o faltante,BNF,Supermercados,Frigoríficos,"Ruta 6, Km. 12 – Arroyo Porá",Cambyretá,Itapúa,,,,,,,https://www.bnf.gov.py/uploads/Promocion_Reintegro_Frigorificos_2026_AGOSTO_33175dc92c.pdf
Coordenada aproximada o faltante,BNF,Supermercados,Frigoríficos,Avda 14 de Mayo c/ 1° de Marzo,Curuguaty,Canindeyú,,,,,,,https://www.bnf.gov.py/uploads/Promocion_Reintegro_Frigorificos_2026_AGOSTO_33175dc92c.pdf
Coordenada aproximada o faltante,BNF,Supermercados,Multi Carnes Supermercado,Teniente Agüero e/ General Garay y 14 de Mayo,Concepción,Concepción,,,,,,,https://www.bnf.gov.py/uploads/Promocion_Reintegro_Supermercados_2026_AGOSTO_2e7bd73fa2.pdf
Coordenada aproximada o faltante,BNF,Supermercados,Super Santa Rosa,Ruta PY08 Dr. Blas Garay Km. 324,Santa Roda del Aguaray,San Pedro,,,,,,,https://www.bnf.gov.py/uploads/Promocion_Reintegro_Supermercados_2026_AGOSTO_2e7bd73fa2.pdf
Coordenada aproximada o faltante,BNF,Supermercados,Supermercado Cardoso,Ntra. Señora de la Asunción y José de Antequera. – Barrio San Pauli,Santa Rita,Alto Paraná,,,,,,,https://www.bnf.gov.py/uploads/Promocion_Reintegro_Supermercados_2026_AGOSTO_2e7bd73fa2.pdf
Coordenada aproximada o faltante,BNF,Supermercados,Supermercado Gran Avenida,Avda. Pinedo esq. Padre Sarmiento,Concepción,Concepción,,,,,,,https://www.bnf.gov.py/uploads/Promocion_Reintegro_Supermercados_2026_AGOSTO_2e7bd73fa2.pdf
Coordenada aproximada o faltante,BNF,Supermercados,Supermercado S&M,Emilio sosa Gaona e/ Padre Queiroz Candia y Isla Po’i – Barrio San Luis,Concepción,Concepción,,,,,,,https://www.bnf.gov.py/uploads/Promocion_Reintegro_Supermercados_2026_AGOSTO_2e7bd73fa2.pdf
Coordenada aproximada o faltante,BNF,Supermercados,Superseis,Avda. Gral. Bernardino Caballero y Cañadon Chaqueño,Ciudad del Este,Alto Paraná,city_approximation,,,,-25.5215,-54.6203,https://www.bnf.gov.py/uploads/Promocion_Reintegro_Supermercados_2026_AGOSTO_2e7bd73fa2.pdf
Coordenada aproximada o faltante,BNF,Supermercados,Superseis,Super Carretera c/ Palmera Pte Franco,Ciudad del Este,Alto Paraná,city_approximation,,,,-25.5155,-54.6107,https://www.bnf.gov.py/uploads/Promocion_Reintegro_Supermercados_2026_AGOSTO_2e7bd73fa2.pdf
Coordenada aproximada o faltante,BNF,Supermercados,Superseis,Avda. Ruta 1 Mcal. Francisco Solano López esq. 3ra. Proyectada,Encarnación,Itapúa,city_approximation,,,,-27.3282,-55.8655,https://www.bnf.gov.py/uploads/Promocion_Reintegro_Supermercados_2026_AGOSTO_2e7bd73fa2.pdf
Coordenada aproximada o faltante,BNF,Supermercados,Superseis,Avda. Irrazabal c/ Dr. Memmel,Encarnación,Itapúa,city_approximation,,,,-27.3354,-55.8631,https://www.bnf.gov.py/uploads/Promocion_Reintegro_Supermercados_2026_AGOSTO_2e7bd73fa2.pdf
Coordenada aproximada o faltante,BNF,Supermercados,Superseis,Acuña de Figueroa y Boulevard Rio Apa,Villarrica,Guairá,city_approximation,,,,-25.7488,-56.4381,https://www.bnf.gov.py/uploads/Promocion_Reintegro_Supermercados_2026_AGOSTO_2e7bd73fa2.pdf
Coordenada aproximada o faltante,BNF,Supermercados,Superseis,Ruta Mcal. Estigarribia esq. El Agricultor,Caacupé,Cordillera,,,,,,,https://www.bnf.gov.py/uploads/Promocion_Reintegro_Supermercados_2026_AGOSTO_2e7bd73fa2.pdf
Coordenada aproximada o faltante,BNF,Supermercados,Superseis,Ruta San Bernardino Altos c/ Curupayty,San Bernardino,Cordillera,,,,,,,https://www.bnf.gov.py/uploads/Promocion_Reintegro_Supermercados_2026_AGOSTO_2e7bd73fa2.pdf
Coordenada aproximada o faltante,BNF,Supermercados,Superseis Express,"D Shopping: Ruta 7, Km. 133",Coronel Oviedo,Caaguazú,city_approximation,,,,-25.4516,-56.4307,https://www.bnf.gov.py/uploads/Promocion_Reintegro_Supermercados_2026_AGOSTO_2e7bd73fa2.pdf
Coordenada aproximada o faltante,BNF,Supermercados,Superseis Express,Avda. Guillermo Naumann en cruce con Avda. Mbocaya,San Bernardino,Cordillera,,,,,,,https://www.bnf.gov.py/uploads/Promocion_Reintegro_Supermercados_2026_AGOSTO_2e7bd73fa2.pdf
Coordenada aproximada o faltante,BNF,Supermercados,Superseis Express,Avda. Luis F. Vache c/ Avda. Guillermo Naumann,San Bernardino,Cordillera,,,,,,,https://www.bnf.gov.py/uploads/Promocion_Reintegro_Supermercados_2026_AGOSTO_2e7bd73fa2.pdf
"Google encontro un resultado, pero el nombre/direccion requiere revision",BNF,Combustible,Estaciones de Servicio,13 de Noviembre c/ Crescencio González,Areguá,Central,google_places_text_search,review,Petropar Areguá,"MH9X+J74, Areguá 110121",-25.3309884,-57.4017835,https://www.bnf.gov.py/uploads/Promocion_Reintegro_Estaciones_de_Servicio_2026_AGOSTO_2026_fd2e476e47.pdf
"Google encontro un resultado, pero el nombre/direccion requiere revision",BNF,Combustible,Estaciones de Servicio,"Ruta Carapeguá – Nueva Italia Km. 5,5",Nueva Italia,Central,google_places_text_search,review,Petropar Carapeguá Camino a Nueva Italia,4050,-25.7505914,-57.2650596,https://www.bnf.gov.py/uploads/Promocion_Reintegro_Estaciones_de_Servicio_2026_AGOSTO_2026_fd2e476e47.pdf
"Google encontro un resultado, pero el nombre/direccion requiere revision",BNF,Combustible,Estaciones de Servicio,Ruta Colonia Thompson - Ypané (ex parada 47),Ypané,Central,google_places_text_search,review,Petrobras,Ypané 111811,-25.4456258,-57.5292742,https://www.bnf.gov.py/uploads/Promocion_Reintegro_Estaciones_de_Servicio_2026_AGOSTO_2026_fd2e476e47.pdf
"Google encontro un resultado, pero el nombre/direccion requiere revision",BNF,Farmacias,Farmacias,Rca. Argentina c/ Alberto de Souza y Fernando de la Mora,A s u nción,Capital,google_places_text_search,review,Farmacia Catedral Suc. Rca. Argentina 2,"MCJ4+4R2, Asunción 001423",-25.319785,-57.5929823,https://www.bnf.gov.py/uploads/Promocion_Reintegro_Farmacias_2026_AGOSTO_2026_297be5ea2b.pdf
"Google encontro un resultado, pero el nombre/direccion requiere revision",BNF,Farmacias,Farmacias,Avda. Gobernador Irala N° 413,Areguá,Central,google_places_text_search,review,"FARMATOTAL - Suc. Ruta Gobernador Irala, zona Caacupemi","PH2Q+H2G, Areguá 110113",-25.2985583,-57.4124347,https://www.bnf.gov.py/uploads/Promocion_Reintegro_Farmacias_2026_AGOSTO_2026_297be5ea2b.pdf
"Google encontro un resultado, pero el nombre/direccion requiere revision",BNF,Farmacias,Farmacias,Gral. Díaz esq. Curupayty,Itá,Central,google_places_text_search,review,FARMACIA DEL FRENTE,"Enrique Doldanibieta, Itá 110504",-25.5155482,-57.3648328,https://www.bnf.gov.py/uploads/Promocion_Reintegro_Farmacias_2026_AGOSTO_2026_297be5ea2b.pdf
"Google encontro un resultado, pero el nombre/direccion requiere revision",BNF,Farmacias,Farmacias,Ruta 027 c/ Ramal Vaesken,J. Augusto Saldivar,Central,google_places_text_search,review,Punto Farma Stock Ruta Departamental DO27,"HH26+MMV, Juan Augusto Saldívar 111902",-25.4480578,-57.4382548,https://www.bnf.gov.py/uploads/Promocion_Reintegro_Farmacias_2026_AGOSTO_2026_297be5ea2b.pdf
"Google encontro un resultado, pero el nombre/direccion requiere revision",BNF,Farmacias,Farmacias,Avda. Félix Godoy,Ypané,Central,google_places_text_search,review,Unifarma DF Suc. 3 Ypane,"Av. General Caballero y, Ypané 111801",-25.4561867,-57.5079952,https://www.bnf.gov.py/uploads/Promocion_Reintegro_Farmacias_2026_AGOSTO_2026_297be5ea2b.pdf
"Google encontro un resultado, pero el nombre/direccion requiere revision",BNF,Supermercados,Frigoríficos,Manuel Gamarra y Mcal. López,Itá,Central,google_places_text_search,review,Escuela Nº 262 Presbitero Manuel Gamarra,"FJRW+V6M, Itá 110505",-25.5077826,-57.3544522,https://www.bnf.gov.py/uploads/Promocion_Reintegro_Frigorificos_2026_AGOSTO_33175dc92c.pdf
"Google encontro un resultado, pero el nombre/direccion requiere revision",BNF,Supermercados,Frigoríficos,"Ruta III Km 17,5, MRA",Mariano R. Alonso,Central,google_places_text_search,review,Frigorífico Concepción SA - Ciclo 1,"RF3J+3FC, Gral. Elizardo Aquino, Mariano Roque Alonso 111001",-25.1973012,-57.5188458,https://www.bnf.gov.py/uploads/Promocion_Reintegro_Frigorificos_2026_AGOSTO_33175dc92c.pdf
