Categoría,Banco,Comercio/Promoción,Cantidad de descuento / beneficio,Día de promoción,Vigencia,Detalle,URL,Montos / topes,Localidad
Combustible,Sudameris,COPETROL Y COPEMARKET 2026,20%,15 de cada mes; Todos los días,• 15 de cada mes. • Desde el 01 de julio hasta el 30 de septiembre 2026.,• 20% de reintegro directo pagando con tarjetas de crédito. COPEMARKET 2026,https://www.sudameris.com.py/beneficios/destacado/609/detalle,,
Combustible,Sudameris,ENEX Y APP MI ENEX,10%; 20%,primer lunes; Solo el primer lunes,• Desde el 01 de julio hasta el 30 de septiembre 2026. • Solo el primer lunes de cada mes. • 6 de julio. • 3 de agosto. • 7 de septiembre.,"• 10% de reintegro en estaciones físicas pagando con tarjetas de crédito de Sudameris. • 20% de reintegro a través de la app Mi Enex, pagando con tarjetas de crédito de Sudameris",https://www.sudameris.com.py/beneficios/destacado/307/detalle,,
Combustible,Sudameris,Estaciones de Servicio CCU,ECOP - Estaciones de Servicio CCU VIGENCIA • Desde el 01 de julio hasta el 31 de diciembre 2026. • Solo el primer jueves de cada mes. • 02 de julio. • 06 de agosto. • 03 de septiem,primer jueves; Solo el primer jueves,• Desde el 01 de julio hasta el 31 de diciembre 2026. • Solo el primer jueves de cada mes. • 02 de julio. • 06 de agosto. • 03 de septiembre. • 01 de octubre. • 05 de noviembre. • 03 de diciembre. PETROBRAS - Estaciones de Servicio CCU,ECOP - Estaciones de Servicio CCU VIGENCIA • Desde el 01 de julio hasta el 31 de diciembre 2026. • Solo el primer jueves de cada mes. • 02 de julio. • 06 de agosto. • 03 de septiembre. • 01 de octubre. • 05 de noviembre. • 03 de diciembre. PETROBRAS - Estaciones de Servicio CCU VIGENCIA • Desde el 01 de julio hasta el 31 de diciembre 2026. • Solo el primer jueves de cada mes. • 02 de julio. • 06 de agosto. • 03 de septiembre. • 01 de octubre. • 05 de noviembre. • 03 de diciembre.,https://www.sudameris.com.py/beneficios/destacado/679/detalle,,
Cuotas y tarjetas,Sudameris,6 CUOTAS SIN INTERÉS - COMPRAS EN EL EXTERIOR,6 cuotas sin interés,Todos los días,• Todos los días hasta el 31 de diciembre del 2026.,• 6 cuotas sin interés.,https://www.sudameris.com.py/beneficios/destacado/494/detalle,,
Cuotas y tarjetas,Sudameris,AMANO - PRIMAVERA,20%; 25%; Hasta 12 cuotas sin interés,No especificado,• Desde el 18 hasta el 22 de septiembre 2026.,• 20% de reintegro directo pagando con tarjetas de crédito de Sudameris. • 25% de reintegro directo pagando con tarjetas de crédito MasterCard Black y Visa Infinite de Sudameris. • Hasta 12 cuotas sin interés.,https://www.sudameris.com.py/beneficios/destacado/919/detalle,,
Cuotas y tarjetas,Sudameris,CECCONELLO,20%; 25%; Hasta 10 cuotas sin interés,No especificado,• Desde el 18 al 21 de septiembre 2026.,• 20% de reintegro directo pagando con tarjetas de crédito de Sudameris. • 25% de reintegro directo pagando con tarjetas de crédito MasterCard Black y Visa Infinite de Sudameris. • Hasta 10 cuotas sin interés.,https://www.sudameris.com.py/beneficios/destacado/923/detalle,,
Cuotas y tarjetas,Sudameris,COLEGIO SAN ANDRÉS,Hasta 15 cuotas sin interés,No especificado,• Desde el 07 de setiembre hasta el 31 de diciembre 2026.,• Hasta 15 cuotas sin interés.,https://www.sudameris.com.py/beneficios/destacado/916/detalle,,
Cuotas y tarjetas,Sudameris,HYDROCLEAN,20%; Hasta 12 cuotas sin interés,No especificado,• Desde el 01 al 25 de septiembre 2026.,"• 20% de descuento en caja, pagando con tarjetas de crédito de Sudameris. • Hasta 12 cuotas sin interés.",https://www.sudameris.com.py/beneficios/destacado/885/detalle,,
Cuotas y tarjetas,Sudameris,PRIMAVERA 2026 - THE TOWN,• Reintegro en extracto de tarjeta según aplicación de promoción [leer las,No especificado,• Desde el 18 hasta el 21 de septiembre de 2026.,• Reintegro en extracto de tarjeta según aplicación de promoción [leer las,https://www.sudameris.com.py/beneficios/destacado/921/detalle,,
Cuotas y tarjetas,Sudameris,PRIMAVERA 2026 – RUBRO FLORERÍAS,• Reintegro en extracto de tarjeta según aplicación de promoción (leer las,Todos los días,• Todos los días • Desde el 16 hasta el 21 de septiembre de 2026.,• Reintegro en extracto de tarjeta según aplicación de promoción (leer las,https://www.sudameris.com.py/beneficios/destacado/917/detalle,,
Cuotas y tarjetas,Sudameris,SASPY EXPRESS,20%; Hasta 10 cuotas sin interés; 6 CUOTAS SIN INTERÉS,Todos los días,• Desde el 06 de abril hasta el 30 de septiembre 2026.,• 20% de reintegro directo pagando con tarjetas de crédito de Sudameris. • Hasta 10 cuotas sin interés. COMPRAS EN EL EXTERIOR – 6 CUOTAS SIN INTERÉS,https://www.sudameris.com.py/beneficios/destacado/849/detalle,,
Cuotas y tarjetas,Sudameris,SUDAMERIS GO- CUOTAS,Hasta 18 cuotas sin intereses,No especificado,• Del 12 de febrero del 2026 al 31 de diciembre del 2026.,• Hasta 18 cuotas sin intereses.,https://www.sudameris.com.py/beneficios/destacado/820/detalle,,
Cuotas y tarjetas,Sudameris,TARJETAS EMPRESARIALES,Hasta 6 cuotas sin interés,Todos los días,• Todos los días. • Desde el 01 de enero hasta el 31 de diciembre de 2026.,• Hasta 6 cuotas sin interés.,https://www.sudameris.com.py/beneficios/destacado/742/detalle,,
Cuotas y tarjetas,Sudameris,TROVARI,20%; 25%; Hasta 10 cuotas sin interés,No especificado,• Desde el 17 de septiembre hasta el 24 de septiembre 2026.,• 20% de descuento en caja pagando con tarjetas de crédito de Sudameris. • 25% de descuento en caja pagando con tarjetas de crédito MasterCard Black y Visa Infinite de Sudameris. • Hasta 10 cuotas sin interés.,https://www.sudameris.com.py/beneficios/destacado/922/detalle,,
Cuotas y tarjetas,Sudameris,ULIKO STORE,20%; Hasta 10 cuotas sin interés,No especificado,• Desde el 21 al 24 de septiembre 2026.,• 20% de reintegro directo con tarjetas de crédito de Sudameris. • Hasta 10 cuotas sin interés.,https://www.sudameris.com.py/beneficios/destacado/832/detalle,,
Cuotas y tarjetas,Sudameris,ZEAL,25%; Hasta 10 cuotas sin interés,No especificado,• Desde el 21 de agosto hasta el 19 de septiembre 2026.,• 25% de descuento directo en caja pagando con tarjetas de crédito de Sudameris. • Hasta 10 cuotas sin interés.,https://www.sudameris.com.py/beneficios/destacado/914/detalle,,
Cuotas y tarjetas,Sudameris,ZONA NORTE,en tu zona,No especificado,• Verificar según aplicación de promoción (ver cuadro más abajo).,en tu zona,https://www.sudameris.com.py/beneficios/destacado/650/detalle,,
Deportes y clubes,Sudameris,CLUB DEPORTIVO ALEMÁN (DTA),10%; 20%; Hasta 12 cuotas sin intereses; Tope de compra mensual por cuenta de tarjeta de crédito: Gs. 500.000.; Gs. 500.000.,todos los días,No especificado,exclusivos de ser socio del Club Deportivo Alemán • 10% de reintegro para pago de las cuotas sociales a través de débito automático. Tope de compra mensual por cuenta de tarjeta de crédito: Gs. 500.000. • 20% de reintegro en los locales gastronómicos dentro del club todos los días. Tope de compra mensual por cuenta de tarjeta de crédito: Gs. 500.000. • Hasta 12 cuotas sin intereses para el pago de las cuotas sociales en caja del Club.,https://www.sudameris.com.py/beneficios/destacado/403/detalle,,
Deportes y clubes,Sudameris,CLUB PORVENIR GUAIREÑO,10%; Hasta 12 cuotas sin interés,Todos los días,No especificado,• 10% de reintegro en débitos automáticos del Club pagando con tarjetas de crédito de Sudameris • Hasta 12 cuotas sin interés • Todos los días desde el 21-05-24 al 15-03-27,https://www.sudameris.com.py/beneficios/destacado/451/detalle,,
Deportes y clubes,Sudameris,CLUB SOCIAL ÁREA 4 - CIUDAD DEL ESTE,10%; Hasta 12 cuotas sin interés; Tope de compra mensual: Gs. 300.000; Gs. 300.000,Todos los días,• Todos los días. • Desde el 11 de febrero hasta el 31 de diciembre 2026..,"• 10% de reintegro en el extracto y exclusivamente a compras realizadas con Tarjetas de Crédito MasterCard y Visa, para pagos vía débito automático de las cuotas sociales del club. Tope de compra mensual: Gs. 300.000 por cuenta de tarjeta de crédito. • Hasta 12 cuotas sin interés.",https://www.sudameris.com.py/beneficios/destacado/826/detalle,,
Deportes y clubes,Sudameris,LIVE FITNESS,10%; 15%; 20%; hasta 3 cuotas sin intereses; hasta 6 cuotas sin intereses; hasta 12 cuotas sin intereses,Todos los días,• Todos los días. • Desde el 27 de abril hasta el 31 de diciembre 2026.,• Membresía trimestral: 10% de descuento en caja y hasta 3 cuotas sin intereses. • Membresía semestral: 15% de descuento en caja y hasta 6 cuotas sin intereses. • Membresía anual: 20% de descuento en caja y hasta 12 cuotas sin intereses.,https://www.sudameris.com.py/beneficios/destacado/861/detalle,,
Entretenimiento y experiencias,Sudameris,DISTRITO PERSEVERANCIA - BENEFICIOS PERMANENTES,¡Disfrutá de Distrito Perseverancia todo el año! Aprovechá hasta 12 cuotas sin interés en locales adheridos. Vigencia: Del 03/08 al 31/12/2026.,No especificado,Del 03/08 al 31/12/2026.,¡Disfrutá de Distrito Perseverancia todo el año! Aprovechá hasta 12 cuotas sin interés en locales adheridos. Vigencia: Del 03/08 al 31/12/2026.,https://www.sudameris.com.py/beneficios/destacado/902/detalle,,
Entretenimiento y experiencias,Sudameris,McLaren Mastercard Formula 1®Team,Sudameris te acerca la emoción del simulador oficial del McLaren Mastercard Formula 1® Team por primera vez en Paraguay. 📍 Distrito Perseverancia 🗓️ Del 21 de septiembre hasta el 1,No especificado,No especificado,Sudameris te acerca la emoción del simulador oficial del McLaren Mastercard Formula 1® Team por primera vez en Paraguay. 📍 Distrito Perseverancia 🗓️ Del 21 de septiembre hasta el 1 de octubre de 2026 🕛 12:00 a 21:00 hs.,https://www.sudameris.com.py/beneficios/destacado/918/detalle,,
Entretenimiento y experiencias,Sudameris,PRIMAVERA 2026 – DISTRITO PERSEVERANCIA,• Reintegro en extracto de tarjeta según aplicación de promoción [leer las,No especificado,• Desde el 18 hasta el 21 de septiembre de 2026.,• Reintegro en extracto de tarjeta según aplicación de promoción [leer las,https://www.sudameris.com.py/beneficios/destacado/920/detalle,,
Entretenimiento y experiencias,Sudameris,PROMOCIÓN MCLAREN MASTERCARD F1 TEAM,Gs. 500.000,No especificado,"de la promoción y acumulá cupones digitales automáticamente para los sorteos, según las","Promoción McLaren Mastercard F1 Team Participá por la experiencia McLaren Mastercard F1 Team Viví la adrenalina de la Fórmula 1 con la posibilidad de viajar al Gran Premio de México o al Gran Premio de São Paulo, además de ganar merchandising oficial del McLaren Mastercard F1 Team: remeras, gorras y mochilas. ¿Cómo participar? Realizá compras desde Gs. 500.000 con tu Tarjeta de Crédito Sudameris Mastercard durante la vigencia de la promoción y acumulá cupones digitales automáticamente para los sorteos, según las bases y condiciones.",https://www.sudameris.com.py/beneficios/destacado/854/detalle,,
Farmacias,Sudameris,BIGGIE FARMA,10%; 20%; Hasta 12 cuotas sin interés,primer Jueves; Solo el primer Jueves,• Desde el 01 de julio hasta el 30 de septiembre 2026. • Solo el primer Jueves de cada mes: • 02 de julio. • 06 de agosto. • 03 de septiembre.,"• Desde 20% de descuento en caja. • +10% de reintegro directo adicional en extracto, pagando exclusivamente con tarjetas de crédito de Sudameris. • Hasta 12 cuotas sin interés.",https://www.sudameris.com.py/beneficios/destacado/708/detalle,,
Farmacias,Sudameris,DRUGSTORE ASISMED DESCUENTO EN CAJA,10%; 100%; 17%; 32%; Hasta 12 cuotas sin intereses,Todos los martes,• Todos los martes. • Desde el 01 de julio hasta el 30 de septiembre 2026.,"• 17% de descuento en caja en medicamentos importados o nacional con tratamiento de importado y varios, pagando con tarjetas de crédito de Sudameris. • 32% de descuento en caja en medicamentos de origen 100% nacional, pagando con tarjetas de crédito de Sudameris. • + 10% de reintegro directo en el extracto, pagando con tarjetas de crédito de Sudameris. • Hasta 12 cuotas sin intereses.",https://www.sudameris.com.py/beneficios/destacado/453/detalle,,
Farmacias,Sudameris,FARMACENTER,10%; 20%; Hasta 12 cuotas sin interés,primer miércoles; Solo el primer miércoles,• Desde el 01 de julio hasta el 31 de diciembre 2026. • Solo el primer miércoles de cada mes: • 01 de julio. • 05 de agosto. • 02 de septiembre. • 07 de octubre. • 04 de noviembre. • 02 de diciembre.,"• 20% de descuento directo en caja en todos los productos. • +10% de reintegro directo adicional en extracto, pagando exclusivamente con tarjetas de crédito de Sudameris. • Hasta 12 cuotas sin interés.",https://www.sudameris.com.py/beneficios/destacado/632/detalle,,
Farmacias,Sudameris,FARMACIA CATEDRAL,10%; 20%; 25%; Hasta 12 cuotas sin interés,Todos los lunes; Todos los Lunes,• Todos los lunes. • Desde el 1 de julio hasta el 31 de diciembre 2026.,"Todos los Lunes: • Hasta 25% de descuento directo en caja en todos los productos. • 25% de descuento en caja en medicamentos nacionales y preparados magistrales • 20% de descuento en caja en medicamentos importados/ medicamentos nacionales con tratamientos importados. • Hasta 12 cuotas sin interés. Solo el último lunes del mes: • Hasta 25% de descuento directo en caja en todos los productos. • 25% de descuento en caja en medicamentos nacionales y preparados magistrales • 20% de descuento en caja en medicamentos importados/ medicamentos nacionales con tratamientos importados. • +10% de reintegro directo adicional en extracto, pagando exclusivamente con tarjetas de crédito de Sudameris. • Hasta 12 cuotas sin interés.",https://www.sudameris.com.py/beneficios/destacado/270/detalle,,
Gastronomía,Sudameris,BIGGIE EXPRESS - PRIMERO DE CADA MES,30%,01 de cada mes,• 01 de cada mes. • Desde el 01 de julio hasta el 30 de septiembre 2026.,• 30% de reintegro directo en el extracto pagando con tarjetas de crédito de Sudameris.,https://www.sudameris.com.py/beneficios/destacado/891/detalle,,
Gastronomía,Sudameris,CAFÉ JARDIN,20% DE REINTEGRO + 5% PARA BLACK E INFINITE,JUEVES A DOMINGO,Desde 2026-08-06 hasta 2026-09-27,"20% DE REINTEGRO + 5% PARA BLACK E INFINITE.  1 GASTRONOMÍA VIGENCIA • Según aplicación de promoción (ver cuadro más abajo). BENEFICIO • Reintegro directo en el extracto para compras con tarjetas de crédito de Sudameris, según aplicación de promoción (ver cuadro más abajo). CONDICIONES • Tope de compra por comercio, por cuenta de tarjeta de crédito, según aplicación de promoción (ver cuadro más abajo). • Aplica a compras realizadas con tarjetas de crédito MasterCard y Visa de Sudameris Bank S.A.E.C.A, exclusivamente en los comercios adheridos a la promo. • Promoción válida única y exclusivamente para compras realizadas vía POS Bancard (Red Infonet), vía e-commerce según disponibilidad del comercio, V-POS (Bancard), Pagos QR Crédito (vía Sudameris App). • Las bases y condiciones están sujetas a modificaciones de acuerdo con las posibles variaciones del acuerdo con el comercio, por lo que el Banco se reserva el derecho de aplicar dichas modificaciones, sin previo aviso, y el cliente deberá verificar la versión actualizada de las Bases y condiciones antes de realizar la transacción. • Los reclamos se tomarán como válidos sobre el último documento actualizado y debe ser el documento vigente durante el día de la compra reclamada. EXCLUSIONES • Se excluyen del beneficio las tarjetas prepagas, Bancard Check, de débito, Gourmet Card, Móvil Card, Productivas y Empresariales. • No aplica a compras a través de otras procesadoras (Dinelco, Cabal, etc). • Se excluyen de la promoción las compras realizadas en plataformas ajenas a cada marca (Monchis, Pedidos Ya, Pedile a Charly, Gu, entre otros) • Esta promoción quedará inactiva automáticamente durante la vigencia de promociones puntuales, como por ejemplo “Día de los Enamorados”, “Día de la Madre”, “Día del Padre”, “Fin de año”, entre otras. Esta cláusula rige únicamente para los comercios que participen de una promoción habitual y a su vez de una puntual. https://www.sudameris.com.py/beneficios",https://www.sudameris.com.py/storage/app/uploads/public/6a7/376/af4/6a7376af4a2cc693462747.pdf,Tope de compra mensual: GS. 600.000,
Gastronomía,Sudameris,CAFÉ QUINTO,25% DE REINTEGRO,MARTES,Desde 2026-08-04 hasta 2026-09-30,"25% DE REINTEGRO. (Aplica para pedidos vía WhatsApp. No aplica a pedidos vía Web) 1 GASTRONOMÍA VIGENCIA • Según aplicación de promoción (ver cuadro más abajo). BENEFICIO • Reintegro directo en el extracto para compras con tarjetas de crédito de Sudameris, según aplicación de promoción (ver cuadro más abajo). CONDICIONES • Tope de compra por comercio, por cuenta de tarjeta de crédito, según aplicación de promoción (ver cuadro más abajo). • Aplica a compras realizadas con tarjetas de crédito MasterCard y Visa de Sudameris Bank S.A.E.C.A, exclusivamente en los comercios adheridos a la promo. • Promoción válida única y exclusivamente para compras realizadas vía POS Bancard (Red Infonet), vía e-commerce según disponibilidad del comercio, V-POS (Bancard), Pagos QR Crédito (vía Sudameris App). • Las bases y condiciones están sujetas a modificaciones de acuerdo con las posibles variaciones del acuerdo con el comercio, por lo que el Banco se reserva el derecho de aplicar dichas modificaciones, sin previo aviso, y el cliente deberá verificar la versión actualizada de las Bases y condiciones antes de realizar la transacción. • Los reclamos se tomarán como válidos sobre el último documento actualizado y debe ser el documento vigente durante el día de la compra reclamada. EXCLUSIONES • Se excluyen del beneficio las tarjetas prepagas, Bancard Check, de débito, Gourmet Card, Móvil Card, Productivas y Empresariales. • No aplica a compras a través de otras procesadoras (Dinelco, Cabal, etc). • Se excluyen de la promoción las compras realizadas en plataformas ajenas a cada marca (Monchis, Pedidos Ya, Pedile a Charly, Gu, entre otros) • Esta promoción quedará inactiva automáticamente durante la vigencia de promociones puntuales, como por ejemplo “Día de los Enamorados”, “Día de la Madre”, “Día del Padre”, “Fin de año”, entre otras. Esta cláusula rige únicamente para los comercios que participen de una promoción habitual y a su vez de una puntual. https://www.sudameris.com.py/beneficios",https://www.sudameris.com.py/storage/app/uploads/public/6a7/376/af4/6a7376af4a2cc693462747.pdf,Tope de compra mensual: GS. 800.000,
Gastronomía,Sudameris,CHAVAL,20% DE REINTEGRO + 5% PARA BLACK E INFINITE,JUEVES A SÁBADO,Desde 2026-08-06 hasta 2026-09-30,"20% DE REINTEGRO + 5% PARA BLACK E INFINITE.  1 GASTRONOMÍA VIGENCIA • Según aplicación de promoción (ver cuadro más abajo). BENEFICIO • Reintegro directo en el extracto para compras con tarjetas de crédito de Sudameris, según aplicación de promoción (ver cuadro más abajo). CONDICIONES • Tope de compra por comercio, por cuenta de tarjeta de crédito, según aplicación de promoción (ver cuadro más abajo). • Aplica a compras realizadas con tarjetas de crédito MasterCard y Visa de Sudameris Bank S.A.E.C.A, exclusivamente en los comercios adheridos a la promo. • Promoción válida única y exclusivamente para compras realizadas vía POS Bancard (Red Infonet), vía e-commerce según disponibilidad del comercio, V-POS (Bancard), Pagos QR Crédito (vía Sudameris App). • Las bases y condiciones están sujetas a modificaciones de acuerdo con las posibles variaciones del acuerdo con el comercio, por lo que el Banco se reserva el derecho de aplicar dichas modificaciones, sin previo aviso, y el cliente deberá verificar la versión actualizada de las Bases y condiciones antes de realizar la transacción. • Los reclamos se tomarán como válidos sobre el último documento actualizado y debe ser el documento vigente durante el día de la compra reclamada. EXCLUSIONES • Se excluyen del beneficio las tarjetas prepagas, Bancard Check, de débito, Gourmet Card, Móvil Card, Productivas y Empresariales. • No aplica a compras a través de otras procesadoras (Dinelco, Cabal, etc). • Se excluyen de la promoción las compras realizadas en plataformas ajenas a cada marca (Monchis, Pedidos Ya, Pedile a Charly, Gu, entre otros) • Esta promoción quedará inactiva automáticamente durante la vigencia de promociones puntuales, como por ejemplo “Día de los Enamorados”, “Día de la Madre”, “Día del Padre”, “Fin de año”, entre otras. Esta cláusula rige únicamente para los comercios que participen de una promoción habitual y a su vez de una puntual. https://www.sudameris.com.py/beneficios",https://www.sudameris.com.py/storage/app/uploads/public/6a7/376/af4/6a7376af4a2cc693462747.pdf,Tope de compra mensual: GS. 600.000,
Gastronomía,Sudameris,CLUB CENTRO SOCIAL ENCARNACIÓN,10%; 20%; Hasta 12 Cuotas sin interés,No especificado,• Hasta el 15 de enero 2027.,"• 10% de reintegro en el extracto exclusivamente vía debito automático en el pago de las cuotas sociales para compras realizadas con Tarjetas de Crédito MasterCard y Visa del banco Sudameris. • 20% de reintegro en el extracto exclusivamente en la cantina del club para compras realizadas con Tarjetas de Crédito MasterCard y Visa del banco Sudameris. • Hasta 12 Cuotas sin interés para pagos de cuotas sociales: Ingreso, atrasadas, adelantadas. En las cajas del club.",https://www.sudameris.com.py/beneficios/destacado/477/detalle,,
Gastronomía,Sudameris,CLUB CONCEPCIÓN,10%; 20%; Hasta 12 cuotas sin interés,Todos los días,• Todos los días desde el 9 de setiembre al 31 de agosto del 2028 • Todos los días desde el 31 de octubre al 31 de agosto del 2028 del débito automático del club,• 20% de reintegro con tarjetas de crédito en el restaurante del club • Hasta 12 cuotas sin interés. • 10% de reintegro exclusivo para pagos vía débito automático con tarjetas de crédito.,https://www.sudameris.com.py/beneficios/destacado/522/detalle,,
Gastronomía,Sudameris,CLUB DEPORTIVO PUERTO SAJONIA (CDPS),10%; 20%; Hasta 36 cuotas sin interés; Tope de compra mensual en cada restaurante Gs. 300.000; Tope mensual de compra Gs. 500.000; Gs. 300.000; Gs. 500.000,Todos los días,• Todos los días. • Hasta el 31 de julio de 2028.,"• 20% de reintegro en el extracto de tarjeta de crédito en los restaurantes del Club Deportivo de Puerto Sajonia (CDPS): Atípico, Cristo de las Redes, Arsenio Cantina Bar. Tope de compra mensual en cada restaurante Gs. 300.000 por cuenta de tarjeta. • 10% de reintegro aplica única y exclusivamente a compras realizadas con Tarjetas de Crédito MasterCard y Visa, para pagos vía débito automático de las cuotas sociales del club. Tope mensual de compra Gs. 500.000 por cuenta de tarjeta. • Hasta 36 cuotas sin interés para pago de las membresías (adelantadas o atrasadas), llamando al Call Center para indicar la cantidad de cuotas.",https://www.sudameris.com.py/beneficios/destacado/231/detalle,,
Gastronomía,Sudameris,CLUB NÁUTICO SAN BERNARDINO,10%; 20%; 12 cuotas sin intereses; Tope de pago mensual: Gs. 500.000; Tope de compra mensual: Gs. 3.000.000; Tope de compra mensual: Gs. 500.000; Gs. 500.000; Gs. 3.000.000,No especificado,• Hasta el 31 de octubre del 2026,• 10% de reintegro directo en débito automático por la cuota social. Tope de pago mensual: Gs. 500.000 por cuenta de tarjeta. • 20% de reintegro directo en restaurante del Club. Tope de compra mensual: Gs. 3.000.000 por cuenta de tarjeta. • 20% de reintegro directo en los locales gastronómicos dentro del Club*. • 10% de reintegro directo en combustibles dentro del Club. Tope de compra mensual: Gs. 500.000 por cuenta de tarjeta. • 12 cuotas sin intereses para los pagos en caja dentro del Club. FAN FEST – CLUB NAUTICO SAN BERNARDINO,https://www.sudameris.com.py/beneficios/destacado/142/detalle,,
Gastronomía,Sudameris,CLUB SOCIAL ÁREA 1 (CDE),10%; 20%; hasta 12 cuotas sin intereses; Tope de compra mensual: Gs. 440.000; Tope de compra mensual: Gs. 50.000; Tope de compra mensual: Gs. 300.000; Gs. 440.000; Gs. 50.000; Gs. 300.000,Todos los días; todos los días,• Todos los días. • Hasta el 30 de junio de 2028.,"• 10% de reintegro en el extracto y exclusivamente a compras realizadas con Tarjetas de Crédito MasterCard y Visa, para pagos vía débito automático de las cuotas sociales del club. Tope de compra mensual: Gs. 440.000 por cuenta de tarjeta de crédito. • 20% de reintegro en el extracto todos los días en el gimnasio del Club. Aplica única y exclusivamente a compras realizadas con Tarjetas de Crédito MasterCard y Visa. Tope de compra mensual: Gs. 50.000 por cuenta de tarjeta de crédito. • 20% de reintegro en el extracto todos los días en la cantina y el restaurante del Club. Aplica única y exclusivamente a compras realizadas con Tarjetas de Crédito MasterCard y Visa. Tope de compra mensual: Gs. 300.000 por cuenta de tarjeta de crédito. • Pagos de cuotas atrasadas en hasta 12 cuotas sin intereses.",https://www.sudameris.com.py/beneficios/destacado/297/detalle,,
Gastronomía,Sudameris,CONCEPTS LA CUADRITA,20%; 25%; Hasta 10 cuotas sin intereses,Miércoles a viernes,• Miércoles a viernes. • Desde el 04 de marzo hasta el 09 de octubre 2026.,• 20% de reintegro directo en extracto pagando con tarjetas de crédito de Sudameris. • 25% de reintegro directo en extracto pagando con tarjetas de crédito MasterCard Black y Visa Infinite de Sudameris. • Hasta 10 cuotas sin intereses,https://www.sudameris.com.py/beneficios/destacado/443/detalle,,
Gastronomía,Sudameris,DE LA PEQUE,20% DE REINTEGRO,JUEVES A SÁBADO,Desde 2026-08-06 hasta 2026-09-26,"20% DE REINTEGRO.  1 GASTRONOMÍA VIGENCIA • Según aplicación de promoción (ver cuadro más abajo). BENEFICIO • Reintegro directo en el extracto para compras con tarjetas de crédito de Sudameris, según aplicación de promoción (ver cuadro más abajo). CONDICIONES • Tope de compra por comercio, por cuenta de tarjeta de crédito, según aplicación de promoción (ver cuadro más abajo). • Aplica a compras realizadas con tarjetas de crédito MasterCard y Visa de Sudameris Bank S.A.E.C.A, exclusivamente en los comercios adheridos a la promo. • Promoción válida única y exclusivamente para compras realizadas vía POS Bancard (Red Infonet), vía e-commerce según disponibilidad del comercio, V-POS (Bancard), Pagos QR Crédito (vía Sudameris App). • Las bases y condiciones están sujetas a modificaciones de acuerdo con las posibles variaciones del acuerdo con el comercio, por lo que el Banco se reserva el derecho de aplicar dichas modificaciones, sin previo aviso, y el cliente deberá verificar la versión actualizada de las Bases y condiciones antes de realizar la transacción. • Los reclamos se tomarán como válidos sobre el último documento actualizado y debe ser el documento vigente durante el día de la compra reclamada. EXCLUSIONES • Se excluyen del beneficio las tarjetas prepagas, Bancard Check, de débito, Gourmet Card, Móvil Card, Productivas y Empresariales. • No aplica a compras a través de otras procesadoras (Dinelco, Cabal, etc). • Se excluyen de la promoción las compras realizadas en plataformas ajenas a cada marca (Monchis, Pedidos Ya, Pedile a Charly, Gu, entre otros) • Esta promoción quedará inactiva automáticamente durante la vigencia de promociones puntuales, como por ejemplo “Día de los Enamorados”, “Día de la Madre”, “Día del Padre”, “Fin de año”, entre otras. Esta cláusula rige únicamente para los comercios que participen de una promoción habitual y a su vez de una puntual. https://www.sudameris.com.py/beneficios",https://www.sudameris.com.py/storage/app/uploads/public/6a7/376/af4/6a7376af4a2cc693462747.pdf,Tope de compra mensual: GS. 500.000,
Gastronomía,Sudameris,GROSSO,20% DE REINTEGRO,MARTES A JUEVES,Desde 2026-08-04 hasta 2026-10-01,"20% DE REINTEGRO.  1 GASTRONOMÍA VIGENCIA • Según aplicación de promoción (ver cuadro más abajo). BENEFICIO • Reintegro directo en el extracto para compras con tarjetas de crédito de Sudameris, según aplicación de promoción (ver cuadro más abajo). CONDICIONES • Tope de compra por comercio, por cuenta de tarjeta de crédito, según aplicación de promoción (ver cuadro más abajo). • Aplica a compras realizadas con tarjetas de crédito MasterCard y Visa de Sudameris Bank S.A.E.C.A, exclusivamente en los comercios adheridos a la promo. • Promoción válida única y exclusivamente para compras realizadas vía POS Bancard (Red Infonet), vía e-commerce según disponibilidad del comercio, V-POS (Bancard), Pagos QR Crédito (vía Sudameris App). • Las bases y condiciones están sujetas a modificaciones de acuerdo con las posibles variaciones del acuerdo con el comercio, por lo que el Banco se reserva el derecho de aplicar dichas modificaciones, sin previo aviso, y el cliente deberá verificar la versión actualizada de las Bases y condiciones antes de realizar la transacción. • Los reclamos se tomarán como válidos sobre el último documento actualizado y debe ser el documento vigente durante el día de la compra reclamada. EXCLUSIONES • Se excluyen del beneficio las tarjetas prepagas, Bancard Check, de débito, Gourmet Card, Móvil Card, Productivas y Empresariales. • No aplica a compras a través de otras procesadoras (Dinelco, Cabal, etc). • Se excluyen de la promoción las compras realizadas en plataformas ajenas a cada marca (Monchis, Pedidos Ya, Pedile a Charly, Gu, entre otros) • Esta promoción quedará inactiva automáticamente durante la vigencia de promociones puntuales, como por ejemplo “Día de los Enamorados”, “Día de la Madre”, “Día del Padre”, “Fin de año”, entre otras. Esta cláusula rige únicamente para los comercios que participen de una promoción habitual y a su vez de una puntual. https://www.sudameris.com.py/beneficios",https://www.sudameris.com.py/storage/app/uploads/public/6a7/376/af4/6a7376af4a2cc693462747.pdf,Tope de compra mensual: GS. 800.000,
Gastronomía,Sudameris,JARDÍN URBANO,20% DE REINTEGRO,JUEVES A DOMINGO,Desde 2026-08-06 hasta 2026-09-27,"20% DE REINTEGRO.  1 GASTRONOMÍA VIGENCIA • Según aplicación de promoción (ver cuadro más abajo). BENEFICIO • Reintegro directo en el extracto para compras con tarjetas de crédito de Sudameris, según aplicación de promoción (ver cuadro más abajo). CONDICIONES • Tope de compra por comercio, por cuenta de tarjeta de crédito, según aplicación de promoción (ver cuadro más abajo). • Aplica a compras realizadas con tarjetas de crédito MasterCard y Visa de Sudameris Bank S.A.E.C.A, exclusivamente en los comercios adheridos a la promo. • Promoción válida única y exclusivamente para compras realizadas vía POS Bancard (Red Infonet), vía e-commerce según disponibilidad del comercio, V-POS (Bancard), Pagos QR Crédito (vía Sudameris App). • Las bases y condiciones están sujetas a modificaciones de acuerdo con las posibles variaciones del acuerdo con el comercio, por lo que el Banco se reserva el derecho de aplicar dichas modificaciones, sin previo aviso, y el cliente deberá verificar la versión actualizada de las Bases y condiciones antes de realizar la transacción. • Los reclamos se tomarán como válidos sobre el último documento actualizado y debe ser el documento vigente durante el día de la compra reclamada. EXCLUSIONES • Se excluyen del beneficio las tarjetas prepagas, Bancard Check, de débito, Gourmet Card, Móvil Card, Productivas y Empresariales. • No aplica a compras a través de otras procesadoras (Dinelco, Cabal, etc). • Se excluyen de la promoción las compras realizadas en plataformas ajenas a cada marca (Monchis, Pedidos Ya, Pedile a Charly, Gu, entre otros) • Esta promoción quedará inactiva automáticamente durante la vigencia de promociones puntuales, como por ejemplo “Día de los Enamorados”, “Día de la Madre”, “Día del Padre”, “Fin de año”, entre otras. Esta cláusula rige únicamente para los comercios que participen de una promoción habitual y a su vez de una puntual. https://www.sudameris.com.py/beneficios",https://www.sudameris.com.py/storage/app/uploads/public/6a7/376/af4/6a7376af4a2cc693462747.pdf,Tope de compra mensual: GS. 800.000,
Gastronomía,Sudameris,KAISEKI,20% DE REINTEGRO + 5% PARA BLACK E INFINITE,LUNES A VIERNES,Desde 2025-08-03 hasta 2026-10-02,"20% DE REINTEGRO + 5% PARA BLACK E INFINITE.  1 GASTRONOMÍA VIGENCIA • Según aplicación de promoción (ver cuadro más abajo). BENEFICIO • Reintegro directo en el extracto para compras con tarjetas de crédito de Sudameris, según aplicación de promoción (ver cuadro más abajo). CONDICIONES • Tope de compra por comercio, por cuenta de tarjeta de crédito, según aplicación de promoción (ver cuadro más abajo). • Aplica a compras realizadas con tarjetas de crédito MasterCard y Visa de Sudameris Bank S.A.E.C.A, exclusivamente en los comercios adheridos a la promo. • Promoción válida única y exclusivamente para compras realizadas vía POS Bancard (Red Infonet), vía e-commerce según disponibilidad del comercio, V-POS (Bancard), Pagos QR Crédito (vía Sudameris App). • Las bases y condiciones están sujetas a modificaciones de acuerdo con las posibles variaciones del acuerdo con el comercio, por lo que el Banco se reserva el derecho de aplicar dichas modificaciones, sin previo aviso, y el cliente deberá verificar la versión actualizada de las Bases y condiciones antes de realizar la transacción. • Los reclamos se tomarán como válidos sobre el último documento actualizado y debe ser el documento vigente durante el día de la compra reclamada. EXCLUSIONES • Se excluyen del beneficio las tarjetas prepagas, Bancard Check, de débito, Gourmet Card, Móvil Card, Productivas y Empresariales. • No aplica a compras a través de otras procesadoras (Dinelco, Cabal, etc). • Se excluyen de la promoción las compras realizadas en plataformas ajenas a cada marca (Monchis, Pedidos Ya, Pedile a Charly, Gu, entre otros) • Esta promoción quedará inactiva automáticamente durante la vigencia de promociones puntuales, como por ejemplo “Día de los Enamorados”, “Día de la Madre”, “Día del Padre”, “Fin de año”, entre otras. Esta cláusula rige únicamente para los comercios que participen de una promoción habitual y a su vez de una puntual. https://www.sudameris.com.py/beneficios",https://www.sudameris.com.py/storage/app/uploads/public/6a7/376/af4/6a7376af4a2cc693462747.pdf,Tope de compra mensual: GS. 1.000.000,
Gastronomía,Sudameris,LA CANDELARIA,20% DE REINTEGRO + 5% PARA BLACK E INFINITE,LUNES A VIERNES,Desde 2026-08-10 hasta 2026-10-30,"20% DE REINTEGRO + 5% PARA BLACK E INFINITE.  1 GASTRONOMÍA VIGENCIA • Según aplicación de promoción (ver cuadro más abajo). BENEFICIO • Reintegro directo en el extracto para compras con tarjetas de crédito de Sudameris, según aplicación de promoción (ver cuadro más abajo). CONDICIONES • Tope de compra por comercio, por cuenta de tarjeta de crédito, según aplicación de promoción (ver cuadro más abajo). • Aplica a compras realizadas con tarjetas de crédito MasterCard y Visa de Sudameris Bank S.A.E.C.A, exclusivamente en los comercios adheridos a la promo. • Promoción válida única y exclusivamente para compras realizadas vía POS Bancard (Red Infonet), vía e-commerce según disponibilidad del comercio, V-POS (Bancard), Pagos QR Crédito (vía Sudameris App). • Las bases y condiciones están sujetas a modificaciones de acuerdo con las posibles variaciones del acuerdo con el comercio, por lo que el Banco se reserva el derecho de aplicar dichas modificaciones, sin previo aviso, y el cliente deberá verificar la versión actualizada de las Bases y condiciones antes de realizar la transacción. • Los reclamos se tomarán como válidos sobre el último documento actualizado y debe ser el documento vigente durante el día de la compra reclamada. EXCLUSIONES • Se excluyen del beneficio las tarjetas prepagas, Bancard Check, de débito, Gourmet Card, Móvil Card, Productivas y Empresariales. • No aplica a compras a través de otras procesadoras (Dinelco, Cabal, etc). • Se excluyen de la promoción las compras realizadas en plataformas ajenas a cada marca (Monchis, Pedidos Ya, Pedile a Charly, Gu, entre otros) • Esta promoción quedará inactiva automáticamente durante la vigencia de promociones puntuales, como por ejemplo “Día de los Enamorados”, “Día de la Madre”, “Día del Padre”, “Fin de año”, entre otras. Esta cláusula rige únicamente para los comercios que participen de una promoción habitual y a su vez de una puntual. https://www.sudameris.com.py/beneficios",https://www.sudameris.com.py/storage/app/uploads/public/6a7/376/af4/6a7376af4a2cc693462747.pdf,Tope de compra mensual: GS. 600.000,
Gastronomía,Sudameris,LA PANERA ROSA,20% DE REINTEGRO,SÁBADOS,Desde 2025-01-01 hasta 2026-08-05,"20% DE REINTEGRO.  1 GASTRONOMÍA VIGENCIA • Según aplicación de promoción (ver cuadro más abajo). BENEFICIO • Reintegro directo en el extracto para compras con tarjetas de crédito de Sudameris, según aplicación de promoción (ver cuadro más abajo). CONDICIONES • Tope de compra por comercio, por cuenta de tarjeta de crédito, según aplicación de promoción (ver cuadro más abajo). • Aplica a compras realizadas con tarjetas de crédito MasterCard y Visa de Sudameris Bank S.A.E.C.A, exclusivamente en los comercios adheridos a la promo. • Promoción válida única y exclusivamente para compras realizadas vía POS Bancard (Red Infonet), vía e-commerce según disponibilidad del comercio, V-POS (Bancard), Pagos QR Crédito (vía Sudameris App). • Las bases y condiciones están sujetas a modificaciones de acuerdo con las posibles variaciones del acuerdo con el comercio, por lo que el Banco se reserva el derecho de aplicar dichas modificaciones, sin previo aviso, y el cliente deberá verificar la versión actualizada de las Bases y condiciones antes de realizar la transacción. • Los reclamos se tomarán como válidos sobre el último documento actualizado y debe ser el documento vigente durante el día de la compra reclamada. EXCLUSIONES • Se excluyen del beneficio las tarjetas prepagas, Bancard Check, de débito, Gourmet Card, Móvil Card, Productivas y Empresariales. • No aplica a compras a través de otras procesadoras (Dinelco, Cabal, etc). • Se excluyen de la promoción las compras realizadas en plataformas ajenas a cada marca (Monchis, Pedidos Ya, Pedile a Charly, Gu, entre otros) • Esta promoción quedará inactiva automáticamente durante la vigencia de promociones puntuales, como por ejemplo “Día de los Enamorados”, “Día de la Madre”, “Día del Padre”, “Fin de año”, entre otras. Esta cláusula rige únicamente para los comercios que participen de una promoción habitual y a su vez de una puntual. https://www.sudameris.com.py/beneficios",https://www.sudameris.com.py/storage/app/uploads/public/6a7/376/af4/6a7376af4a2cc693462747.pdf,Tope de compra mensual: GS. 600.000,
Gastronomía,Sudameris,LE BISTRO DE LA ROTONDE – DISTRITO PERSEVERANCIA,20%; 25%,lunes a miércoles,• De lunes a miércoles. • Desde el 06 de julio hasta el 30 de septiembre 2026.,"• 20% de reintegro directo en extracto, con tarjetas de crédito de Sudameris. • 25% de reintegro directo en extracto, con tarjetas de crédito MasterCard Black y Visa Infinite de Sudameris.",https://www.sudameris.com.py/beneficios/destacado/897/detalle,,
Gastronomía,Sudameris,LIDO BAR,30% DE REINTEGRO,MARTES,Desde 2025-11-11 hasta 2026-10-31,"30% DE REINTEGRO.  1 GASTRONOMÍA VIGENCIA • Según aplicación de promoción (ver cuadro más abajo). BENEFICIO • Reintegro directo en el extracto para compras con tarjetas de crédito de Sudameris, según aplicación de promoción (ver cuadro más abajo). CONDICIONES • Tope de compra por comercio, por cuenta de tarjeta de crédito, según aplicación de promoción (ver cuadro más abajo). • Aplica a compras realizadas con tarjetas de crédito MasterCard y Visa de Sudameris Bank S.A.E.C.A, exclusivamente en los comercios adheridos a la promo. • Promoción válida única y exclusivamente para compras realizadas vía POS Bancard (Red Infonet), vía e-commerce según disponibilidad del comercio, V-POS (Bancard), Pagos QR Crédito (vía Sudameris App). • Las bases y condiciones están sujetas a modificaciones de acuerdo con las posibles variaciones del acuerdo con el comercio, por lo que el Banco se reserva el derecho de aplicar dichas modificaciones, sin previo aviso, y el cliente deberá verificar la versión actualizada de las Bases y condiciones antes de realizar la transacción. • Los reclamos se tomarán como válidos sobre el último documento actualizado y debe ser el documento vigente durante el día de la compra reclamada. EXCLUSIONES • Se excluyen del beneficio las tarjetas prepagas, Bancard Check, de débito, Gourmet Card, Móvil Card, Productivas y Empresariales. • No aplica a compras a través de otras procesadoras (Dinelco, Cabal, etc). • Se excluyen de la promoción las compras realizadas en plataformas ajenas a cada marca (Monchis, Pedidos Ya, Pedile a Charly, Gu, entre otros) • Esta promoción quedará inactiva automáticamente durante la vigencia de promociones puntuales, como por ejemplo “Día de los Enamorados”, “Día de la Madre”, “Día del Padre”, “Fin de año”, entre otras. Esta cláusula rige únicamente para los comercios que participen de una promoción habitual y a su vez de una puntual. https://www.sudameris.com.py/beneficios",https://www.sudameris.com.py/storage/app/uploads/public/6a7/376/af4/6a7376af4a2cc693462747.pdf,Tope de compra mensual: GS. 600.000,
Gastronomía,Sudameris,PATIO COLONIAL,20% DE REINTEGRO,JUEVES A DOMINGO,Desde 2026-01-01 hasta 2026-08-02,"20% DE REINTEGRO.  1 GASTRONOMÍA VIGENCIA • Según aplicación de promoción (ver cuadro más abajo). BENEFICIO • Reintegro directo en el extracto para compras con tarjetas de crédito de Sudameris, según aplicación de promoción (ver cuadro más abajo). CONDICIONES • Tope de compra por comercio, por cuenta de tarjeta de crédito, según aplicación de promoción (ver cuadro más abajo). • Aplica a compras realizadas con tarjetas de crédito MasterCard y Visa de Sudameris Bank S.A.E.C.A, exclusivamente en los comercios adheridos a la promo. • Promoción válida única y exclusivamente para compras realizadas vía POS Bancard (Red Infonet), vía e-commerce según disponibilidad del comercio, V-POS (Bancard), Pagos QR Crédito (vía Sudameris App). • Las bases y condiciones están sujetas a modificaciones de acuerdo con las posibles variaciones del acuerdo con el comercio, por lo que el Banco se reserva el derecho de aplicar dichas modificaciones, sin previo aviso, y el cliente deberá verificar la versión actualizada de las Bases y condiciones antes de realizar la transacción. • Los reclamos se tomarán como válidos sobre el último documento actualizado y debe ser el documento vigente durante el día de la compra reclamada. EXCLUSIONES • Se excluyen del beneficio las tarjetas prepagas, Bancard Check, de débito, Gourmet Card, Móvil Card, Productivas y Empresariales. • No aplica a compras a través de otras procesadoras (Dinelco, Cabal, etc). • Se excluyen de la promoción las compras realizadas en plataformas ajenas a cada marca (Monchis, Pedidos Ya, Pedile a Charly, Gu, entre otros) • Esta promoción quedará inactiva automáticamente durante la vigencia de promociones puntuales, como por ejemplo “Día de los Enamorados”, “Día de la Madre”, “Día del Padre”, “Fin de año”, entre otras. Esta cláusula rige únicamente para los comercios que participen de una promoción habitual y a su vez de una puntual. https://www.sudameris.com.py/beneficios",https://www.sudameris.com.py/storage/app/uploads/public/6a7/376/af4/6a7376af4a2cc693462747.pdf,Tope de compra mensual: GS. 800.000,
Gastronomía,Sudameris,RESTAURANTE HOTEL VILLA MORRA SUITES,20% DE REINTEGRO + 5% PARA BLACK E INFINITE,SABADOS Y DOMINGOS,Desde 2026-03-07 hasta 2026-08-02,"20% DE REINTEGRO + 5% PARA BLACK E INFINITE. (Aplica a consumo y pago en el restaurante) 1 GASTRONOMÍA VIGENCIA • Según aplicación de promoción (ver cuadro más abajo). BENEFICIO • Reintegro directo en el extracto para compras con tarjetas de crédito de Sudameris, según aplicación de promoción (ver cuadro más abajo). CONDICIONES • Tope de compra por comercio, por cuenta de tarjeta de crédito, según aplicación de promoción (ver cuadro más abajo). • Aplica a compras realizadas con tarjetas de crédito MasterCard y Visa de Sudameris Bank S.A.E.C.A, exclusivamente en los comercios adheridos a la promo. • Promoción válida única y exclusivamente para compras realizadas vía POS Bancard (Red Infonet), vía e-commerce según disponibilidad del comercio, V-POS (Bancard), Pagos QR Crédito (vía Sudameris App). • Las bases y condiciones están sujetas a modificaciones de acuerdo con las posibles variaciones del acuerdo con el comercio, por lo que el Banco se reserva el derecho de aplicar dichas modificaciones, sin previo aviso, y el cliente deberá verificar la versión actualizada de las Bases y condiciones antes de realizar la transacción. • Los reclamos se tomarán como válidos sobre el último documento actualizado y debe ser el documento vigente durante el día de la compra reclamada. EXCLUSIONES • Se excluyen del beneficio las tarjetas prepagas, Bancard Check, de débito, Gourmet Card, Móvil Card, Productivas y Empresariales. • No aplica a compras a través de otras procesadoras (Dinelco, Cabal, etc). • Se excluyen de la promoción las compras realizadas en plataformas ajenas a cada marca (Monchis, Pedidos Ya, Pedile a Charly, Gu, entre otros) • Esta promoción quedará inactiva automáticamente durante la vigencia de promociones puntuales, como por ejemplo “Día de los Enamorados”, “Día de la Madre”, “Día del Padre”, “Fin de año”, entre otras. Esta cláusula rige únicamente para los comercios que participen de una promoción habitual y a su vez de una puntual. https://www.sudameris.com.py/beneficios",https://www.sudameris.com.py/storage/app/uploads/public/6a7/376/af4/6a7376af4a2cc693462747.pdf,Tope de compra mensual: GS. 1.000.000,
Gastronomía,Sudameris,RESTAURANTES FAMILIA PARU - LA CUADRITA,20%; 25%,No especificado,• Desde el 01 de enero hasta el 20 de septiembre 2026.,"• 20% de descuento en caja con tarjetas de crédito Visa Clásica, Oro, Signature y Platinum, MasterCard Clásica y Plus. • 25% de descuento en caja con tarjetas de crédito MasterCard Black y Visa Infinite. • Promoción cumpleaños: Exclusivamente para clientes Elite. El porcentaje de descuento en caja aplica según la edad que cumpla el cliente titular y solo válido el día de su cumpleaños. El",https://www.sudameris.com.py/beneficios/destacado/308/detalle,,
Gastronomía,Sudameris,SERENDIPITY - LA HORNALLA - CANTINA COLEGIOS,15%,Lunes a viernes,• Lunes a viernes. • Desde el 20 de abril hasta el 30 de noviembre 2026.,• 15% de reintegro directo en extracto pagando con tarjetas de crédito de Sudameris.,https://www.sudameris.com.py/beneficios/destacado/858/detalle,,
Gastronomía,Sudameris,TOTEM TOSTADORES,20% DE REINTEGRO + 5% PARA BLACK E INFINITE,MARTES A VIERNES,Desde 2026-03-05 hasta 2026-10-02,"20% DE REINTEGRO + 5% PARA BLACK E INFINITE.  1 GASTRONOMÍA VIGENCIA • Según aplicación de promoción (ver cuadro más abajo). BENEFICIO • Reintegro directo en el extracto para compras con tarjetas de crédito de Sudameris, según aplicación de promoción (ver cuadro más abajo). CONDICIONES • Tope de compra por comercio, por cuenta de tarjeta de crédito, según aplicación de promoción (ver cuadro más abajo). • Aplica a compras realizadas con tarjetas de crédito MasterCard y Visa de Sudameris Bank S.A.E.C.A, exclusivamente en los comercios adheridos a la promo. • Promoción válida única y exclusivamente para compras realizadas vía POS Bancard (Red Infonet), vía e-commerce según disponibilidad del comercio, V-POS (Bancard), Pagos QR Crédito (vía Sudameris App). • Las bases y condiciones están sujetas a modificaciones de acuerdo con las posibles variaciones del acuerdo con el comercio, por lo que el Banco se reserva el derecho de aplicar dichas modificaciones, sin previo aviso, y el cliente deberá verificar la versión actualizada de las Bases y condiciones antes de realizar la transacción. • Los reclamos se tomarán como válidos sobre el último documento actualizado y debe ser el documento vigente durante el día de la compra reclamada. EXCLUSIONES • Se excluyen del beneficio las tarjetas prepagas, Bancard Check, de débito, Gourmet Card, Móvil Card, Productivas y Empresariales. • No aplica a compras a través de otras procesadoras (Dinelco, Cabal, etc). • Se excluyen de la promoción las compras realizadas en plataformas ajenas a cada marca (Monchis, Pedidos Ya, Pedile a Charly, Gu, entre otros) • Esta promoción quedará inactiva automáticamente durante la vigencia de promociones puntuales, como por ejemplo “Día de los Enamorados”, “Día de la Madre”, “Día del Padre”, “Fin de año”, entre otras. Esta cláusula rige únicamente para los comercios que participen de una promoción habitual y a su vez de una puntual. https://www.sudameris.com.py/beneficios",https://www.sudameris.com.py/storage/app/uploads/public/6a7/376/af4/6a7376af4a2cc693462747.pdf,Tope de compra mensual: GS. 500.000,
Hogar,Sudameris,LINCOLN,20%; Hasta 12 cuotas sin interés,Todos los días,• Todos los días. • Desde el 01 de agosto hasta el 30 de septiembre 2026.,• 20% de reintegro directo pagando con tarjetas de crédito de Sudameris. • Hasta 12 cuotas sin interés.,https://www.sudameris.com.py/beneficios/destacado/797/detalle,,
Hogar,Sudameris,MATERASSI,10%; 30%; Hasta 12 cuotas sin interés,Miércoles a sábado,• Miércoles a sábado. • Desde el 19 de agosto hasta el 03 de octubre 2026.,• 30% de descuento directo en caja pagando con tarjetas de crédito de Sudameris. • 10% de reintegro directo pagando con tarjetas de crédito de Sudameris. • Hasta 12 cuotas sin interés.,https://www.sudameris.com.py/beneficios/destacado/476/detalle,,
Hogar,Sudameris,PARANA HOGAR / COLCHONES,30%; Hasta 12 cuotas sin intereses,Todos los viernes,• Todos los viernes. • Desde el 03 de agosto hasta el 31 de octubre 2026.,• 30% de reintegro directo en extracto pagando con tarjetas de crédito de Sudameris. • Hasta 12 cuotas sin intereses.,https://www.sudameris.com.py/beneficios/destacado/903/detalle,,
Moda,Sudameris,YOUNIQUE,25%; 30%; Hasta 12 cuotas sin interés,Todos los martes,• Todos los martes y miércoles. • Del 01 de setiembre hasta el 31 de octubre 2026.,"• 25% de descuento en caja pagando con tarjetas de crédito Clásicas, Oro, Platinum, Signature, Privilege de Sudameris. • 30% de descuento en caja pagando con tarjetas de crédito MasterCard Black y Visa Infinite de Sudameris. • Hasta 12 cuotas sin interés.",https://www.sudameris.com.py/beneficios/destacado/315/detalle,,
Otros,Sudameris,360 Consultores S.A.,20% de reintegro Hasta 12 cuotas sin interés,viernes y sábados,Desde 2026-03-06 hasta 2027-02-27,"20% de reintegro Hasta 12 cuotas sin interés.  1 ZONA ESTE – CIUDAD DEL ESTE VIGENCIA • Verificar según aplicación de promoción (ver cuadro más abajo). BENEFICIOS • Descuento en caja del comercio según aplicación de promoción (ver cuadro más abajo). • Reintegro en extracto según aplicación de promoción (ver cuadro más abajo). • Cuotas sin interés según aplicación de promoción (ver cuadro más abajo). CONDICIONES • Tope de compra por cuenta de tarjeta de crédito: según aplicación de promoción (ver cuadro más abajo). • Aplica a compras realizadas únicamente con tarjetas de crédito MasterCard y Visa de Sudameris Bank S.A.E.C.A, compras vía e-commerce y QR según aplicación de promoción (ver cuadro más abajo).. • Si un comercio tiene sucursales en diferentes ciudades, el tope de compra mensual se aplicará por comercio o marca, no por zona. El tope de compra mensual será único para la marca en su conjunto. • Aplica a compras realizadas con tarjetas de crédito MasterCard y Visa de Sudameris Bank S.A.E.C.A. • Promoción válida única y exclusivamente para compras realizadas vía POS de Bancard (Red Infonet). • Las bases y condiciones están sujetas a modificaciones de acuerdo con las posibles variaciones del acuerdo con el comercio, por lo que el Banco se reserva el derecho de aplicar dichas modificaciones, sin previo aviso, y el cliente deberá verificar la versión actualizada de las Bases y condiciones antes de realizar la transacción. • Los reclamos se tomarán como válidos sobre el último documento actualizado y debe ser el documento vigente durante el día de la compra reclamada. • El fraccionamiento en cuotas se debe solicitar al momento de la compra en caja del comercio. EXCLUSIONES • Se excluyen del beneficio las tarjetas prepagas, de débito, Bancard Check, Gourmet Card, Móvil Card, Productivas y Empresariales. • No aplica a compras vía otras procesadoras (Dinelco, Cabal, etc), sub redes y/o plataformas que no sean Infonet (Pagopar, etc.). • No acumulable/combinable con otras promociones. • Se excluyen del beneficio las compras realizadas con plataformas digitales ajenas a cada marca (Pedidos Ya, Monchis, Gu y/o Pedile a Charly). • Esta promoción quedará inactiva automáticamente durante la vigencia de promociones puntuales, como por ejemplo “Día de los Enamorados”, “Día de la Madre”, “Día del Padre”, “Fin de año”, entre otras. Esta cláusula rige únicamente para los comercios que participen de una promoción habitual y a su vez de una puntual. https://www.sudameris.com.py/beneficios",https://www.sudameris.com.py/storage/app/media/ByC/bc-zonaestecde-090926.pdf,Tope de compra mensual: GS. 1.000.000,Zona Este - Ciudad del Este
Otros,Sudameris,50 Calces,20% de reintegro Hasta 10 Cuotas sin interés,Viernes y sábados,Desde 2026-03-13 hasta 2027-02-27,"20% de reintegro Hasta 10 Cuotas sin interés. (NO APLICA A PAGINA WEB) 1 ZONA ESTE – CIUDAD DEL ESTE VIGENCIA • Verificar según aplicación de promoción (ver cuadro más abajo). BENEFICIOS • Descuento en caja del comercio según aplicación de promoción (ver cuadro más abajo). • Reintegro en extracto según aplicación de promoción (ver cuadro más abajo). • Cuotas sin interés según aplicación de promoción (ver cuadro más abajo). CONDICIONES • Tope de compra por cuenta de tarjeta de crédito: según aplicación de promoción (ver cuadro más abajo). • Aplica a compras realizadas únicamente con tarjetas de crédito MasterCard y Visa de Sudameris Bank S.A.E.C.A, compras vía e-commerce y QR según aplicación de promoción (ver cuadro más abajo).. • Si un comercio tiene sucursales en diferentes ciudades, el tope de compra mensual se aplicará por comercio o marca, no por zona. El tope de compra mensual será único para la marca en su conjunto. • Aplica a compras realizadas con tarjetas de crédito MasterCard y Visa de Sudameris Bank S.A.E.C.A. • Promoción válida única y exclusivamente para compras realizadas vía POS de Bancard (Red Infonet). • Las bases y condiciones están sujetas a modificaciones de acuerdo con las posibles variaciones del acuerdo con el comercio, por lo que el Banco se reserva el derecho de aplicar dichas modificaciones, sin previo aviso, y el cliente deberá verificar la versión actualizada de las Bases y condiciones antes de realizar la transacción. • Los reclamos se tomarán como válidos sobre el último documento actualizado y debe ser el documento vigente durante el día de la compra reclamada. • El fraccionamiento en cuotas se debe solicitar al momento de la compra en caja del comercio. EXCLUSIONES • Se excluyen del beneficio las tarjetas prepagas, de débito, Bancard Check, Gourmet Card, Móvil Card, Productivas y Empresariales. • No aplica a compras vía otras procesadoras (Dinelco, Cabal, etc), sub redes y/o plataformas que no sean Infonet (Pagopar, etc.). • No acumulable/combinable con otras promociones. • Se excluyen del beneficio las compras realizadas con plataformas digitales ajenas a cada marca (Pedidos Ya, Monchis, Gu y/o Pedile a Charly). • Esta promoción quedará inactiva automáticamente durante la vigencia de promociones puntuales, como por ejemplo “Día de los Enamorados”, “Día de la Madre”, “Día del Padre”, “Fin de año”, entre otras. Esta cláusula rige únicamente para los comercios que participen de una promoción habitual y a su vez de una puntual. https://www.sudameris.com.py/beneficios",https://www.sudameris.com.py/storage/app/media/ByC/bc-zonaestecde-090926.pdf,Tope de compra mensual: GS. 500.000,Zona Este - Ciudad del Este
Otros,Sudameris,America Chopp,20% de reintegro,Jueves a domingo,Desde 2026-06-11 hasta 2027-02-28,"20% de reintegro.  1 ZONA SUR – ENCARNACIÓN VIGENCIA • Verificar según aplicación de promoción (ver cuadro más abajo). BENEFICIOS • Descuento en caja del comercio según aplicación de promoción (ver cuadro más abajo). • Reintegro en extracto según aplicación de promoción (ver cuadro más abajo). • Cuotas sin interés según aplicación de promoción (ver cuadro más abajo). CONDICIONES • Tope de compra por cuenta de tarjeta de crédito: según aplicación de promoción (ver cuadro más abajo). • Aplica a compras realizadas únicamente con tarjetas de crédito MasterCard y Visa de Sudameris Bank S.A.E.C.A, compras vía e-commerce y QR según aplicación de promoción (ver cuadro más abajo).. • Si un comercio tiene sucursales en diferentes ciudades, el tope de compra mensual se aplicará por comercio o marca, no por zona. El tope de compra mensual será único para la marca en su conjunto. • Aplica a compras realizadas con tarjetas de crédito MasterCard y Visa de Sudameris Bank S.A.E.C.A. • Promoción válida única y exclusivamente para compras realizadas vía POS de Bancard (Red Infonet). • Las bases y condiciones están sujetas a modificaciones de acuerdo con las posibles variaciones del acuerdo con el comercio, por lo que el Banco se reserva el derecho de aplicar dichas modificaciones, sin previo aviso, y el cliente deberá verificar la versión actualizada de las Bases y condiciones antes de realizar la transacción. • Los reclamos se tomarán como válidos sobre el último documento actualizado y debe ser el documento vigente durante el día de la compra reclamada. EXCLUSIONES • Se excluyen del beneficio las tarjetas prepagas, de débito, Bancard Check, Gourmet Card, Móvil Card, Productivas y Empresariales. • No aplica a compras a través de otras procesadoras (Dinelco, Cabal, etc). • Se excluyen del beneficio las compras realizadas con plataformas digitales ajenas a cada marca (Pedidos Ya, Monchis, Gu y/o Pedile a Charly). • Esta promoción quedará inactiva automáticamente durante la vigencia de promociones puntuales, como por ejemplo “Día de los Enamorados”, “Día de la Madre”, “Día del Padre”, “Fin de año”, entre otras. Esta cláusula rige únicamente para los comercios que participen de una promoción habitual y a su vez de una puntual. https://www.sudameris.com.py/beneficios",https://www.sudameris.com.py/storage/app/media/ByC/bc-zonasurencarnacion-4926.pdf,Tope de compra mensual: Gs. 500.000,Zona Sur - Encarnación
Otros,Sudameris,America Grill,20% de reintegro,Jueves a domingo,Desde 2026-06-11 hasta 2027-02-28,"20% de reintegro.  1 ZONA SUR – ENCARNACIÓN VIGENCIA • Verificar según aplicación de promoción (ver cuadro más abajo). BENEFICIOS • Descuento en caja del comercio según aplicación de promoción (ver cuadro más abajo). • Reintegro en extracto según aplicación de promoción (ver cuadro más abajo). • Cuotas sin interés según aplicación de promoción (ver cuadro más abajo). CONDICIONES • Tope de compra por cuenta de tarjeta de crédito: según aplicación de promoción (ver cuadro más abajo). • Aplica a compras realizadas únicamente con tarjetas de crédito MasterCard y Visa de Sudameris Bank S.A.E.C.A, compras vía e-commerce y QR según aplicación de promoción (ver cuadro más abajo).. • Si un comercio tiene sucursales en diferentes ciudades, el tope de compra mensual se aplicará por comercio o marca, no por zona. El tope de compra mensual será único para la marca en su conjunto. • Aplica a compras realizadas con tarjetas de crédito MasterCard y Visa de Sudameris Bank S.A.E.C.A. • Promoción válida única y exclusivamente para compras realizadas vía POS de Bancard (Red Infonet). • Las bases y condiciones están sujetas a modificaciones de acuerdo con las posibles variaciones del acuerdo con el comercio, por lo que el Banco se reserva el derecho de aplicar dichas modificaciones, sin previo aviso, y el cliente deberá verificar la versión actualizada de las Bases y condiciones antes de realizar la transacción. • Los reclamos se tomarán como válidos sobre el último documento actualizado y debe ser el documento vigente durante el día de la compra reclamada. EXCLUSIONES • Se excluyen del beneficio las tarjetas prepagas, de débito, Bancard Check, Gourmet Card, Móvil Card, Productivas y Empresariales. • No aplica a compras a través de otras procesadoras (Dinelco, Cabal, etc). • Se excluyen del beneficio las compras realizadas con plataformas digitales ajenas a cada marca (Pedidos Ya, Monchis, Gu y/o Pedile a Charly). • Esta promoción quedará inactiva automáticamente durante la vigencia de promociones puntuales, como por ejemplo “Día de los Enamorados”, “Día de la Madre”, “Día del Padre”, “Fin de año”, entre otras. Esta cláusula rige únicamente para los comercios que participen de una promoción habitual y a su vez de una puntual. https://www.sudameris.com.py/beneficios",https://www.sudameris.com.py/storage/app/media/ByC/bc-zonasurencarnacion-4926.pdf,Tope de compra mensual: Gs. 800.000,Zona Sur - Encarnación
Otros,Sudameris,Bella Casa,20% de reintegro Hasta 12 cuotas sin interés,Viernes y sábado,Desde 2026-03-06 hasta 2027-02-28,"20% de reintegro Hasta 12 cuotas sin interés.  1 ZONA SUR – ENCARNACIÓN VIGENCIA • Verificar según aplicación de promoción (ver cuadro más abajo). BENEFICIOS • Descuento en caja del comercio según aplicación de promoción (ver cuadro más abajo). • Reintegro en extracto según aplicación de promoción (ver cuadro más abajo). • Cuotas sin interés según aplicación de promoción (ver cuadro más abajo). CONDICIONES • Tope de compra por cuenta de tarjeta de crédito: según aplicación de promoción (ver cuadro más abajo). • Aplica a compras realizadas únicamente con tarjetas de crédito MasterCard y Visa de Sudameris Bank S.A.E.C.A, compras vía e-commerce y QR según aplicación de promoción (ver cuadro más abajo).. • Si un comercio tiene sucursales en diferentes ciudades, el tope de compra mensual se aplicará por comercio o marca, no por zona. El tope de compra mensual será único para la marca en su conjunto. • Aplica a compras realizadas con tarjetas de crédito MasterCard y Visa de Sudameris Bank S.A.E.C.A. • Promoción válida única y exclusivamente para compras realizadas vía POS de Bancard (Red Infonet). • Las bases y condiciones están sujetas a modificaciones de acuerdo con las posibles variaciones del acuerdo con el comercio, por lo que el Banco se reserva el derecho de aplicar dichas modificaciones, sin previo aviso, y el cliente deberá verificar la versión actualizada de las Bases y condiciones antes de realizar la transacción. • Los reclamos se tomarán como válidos sobre el último documento actualizado y debe ser el documento vigente durante el día de la compra reclamada. EXCLUSIONES • Se excluyen del beneficio las tarjetas prepagas, de débito, Bancard Check, Gourmet Card, Móvil Card, Productivas y Empresariales. • No aplica a compras a través de otras procesadoras (Dinelco, Cabal, etc). • Se excluyen del beneficio las compras realizadas con plataformas digitales ajenas a cada marca (Pedidos Ya, Monchis, Gu y/o Pedile a Charly). • Esta promoción quedará inactiva automáticamente durante la vigencia de promociones puntuales, como por ejemplo “Día de los Enamorados”, “Día de la Madre”, “Día del Padre”, “Fin de año”, entre otras. Esta cláusula rige únicamente para los comercios que participen de una promoción habitual y a su vez de una puntual. https://www.sudameris.com.py/beneficios",https://www.sudameris.com.py/storage/app/media/ByC/bc-zonasurencarnacion-4926.pdf,Tope de compra mensual: Gs. 3.000.000,Zona Sur - Encarnación
Otros,Sudameris,Benditta Women Benditta Style For Man,20% de descuento en caja + 20% de reintegro Hasta 10 cuotas sin interés,viernes y sábado,Desde 2026-03-06 hasta 2027-02-28,"20% de descuento en caja + 20% de reintegro Hasta 10 cuotas sin interés. (No Aplica En La Tienda Outlet) 1 ZONA SUR – ENCARNACIÓN VIGENCIA • Verificar según aplicación de promoción (ver cuadro más abajo). BENEFICIOS • Descuento en caja del comercio según aplicación de promoción (ver cuadro más abajo). • Reintegro en extracto según aplicación de promoción (ver cuadro más abajo). • Cuotas sin interés según aplicación de promoción (ver cuadro más abajo). CONDICIONES • Tope de compra por cuenta de tarjeta de crédito: según aplicación de promoción (ver cuadro más abajo). • Aplica a compras realizadas únicamente con tarjetas de crédito MasterCard y Visa de Sudameris Bank S.A.E.C.A, compras vía e-commerce y QR según aplicación de promoción (ver cuadro más abajo).. • Si un comercio tiene sucursales en diferentes ciudades, el tope de compra mensual se aplicará por comercio o marca, no por zona. El tope de compra mensual será único para la marca en su conjunto. • Aplica a compras realizadas con tarjetas de crédito MasterCard y Visa de Sudameris Bank S.A.E.C.A. • Promoción válida única y exclusivamente para compras realizadas vía POS de Bancard (Red Infonet). • Las bases y condiciones están sujetas a modificaciones de acuerdo con las posibles variaciones del acuerdo con el comercio, por lo que el Banco se reserva el derecho de aplicar dichas modificaciones, sin previo aviso, y el cliente deberá verificar la versión actualizada de las Bases y condiciones antes de realizar la transacción. • Los reclamos se tomarán como válidos sobre el último documento actualizado y debe ser el documento vigente durante el día de la compra reclamada. EXCLUSIONES • Se excluyen del beneficio las tarjetas prepagas, de débito, Bancard Check, Gourmet Card, Móvil Card, Productivas y Empresariales. • No aplica a compras a través de otras procesadoras (Dinelco, Cabal, etc). • Se excluyen del beneficio las compras realizadas con plataformas digitales ajenas a cada marca (Pedidos Ya, Monchis, Gu y/o Pedile a Charly). • Esta promoción quedará inactiva automáticamente durante la vigencia de promociones puntuales, como por ejemplo “Día de los Enamorados”, “Día de la Madre”, “Día del Padre”, “Fin de año”, entre otras. Esta cláusula rige únicamente para los comercios que participen de una promoción habitual y a su vez de una puntual. https://www.sudameris.com.py/beneficios",https://www.sudameris.com.py/storage/app/media/ByC/bc-zonasurencarnacion-4926.pdf,Tope de compra mensual: Gs. 2.500.000 (por marca),Zona Sur - Encarnación
Otros,Sudameris,Bistro Del Centro,20% de reintegro,viernes y sábado,Desde 2026-03-06 hasta 2027-02-28,"20% de reintegro.  1 ZONA SUR – ENCARNACIÓN VIGENCIA • Verificar según aplicación de promoción (ver cuadro más abajo). BENEFICIOS • Descuento en caja del comercio según aplicación de promoción (ver cuadro más abajo). • Reintegro en extracto según aplicación de promoción (ver cuadro más abajo). • Cuotas sin interés según aplicación de promoción (ver cuadro más abajo). CONDICIONES • Tope de compra por cuenta de tarjeta de crédito: según aplicación de promoción (ver cuadro más abajo). • Aplica a compras realizadas únicamente con tarjetas de crédito MasterCard y Visa de Sudameris Bank S.A.E.C.A, compras vía e-commerce y QR según aplicación de promoción (ver cuadro más abajo).. • Si un comercio tiene sucursales en diferentes ciudades, el tope de compra mensual se aplicará por comercio o marca, no por zona. El tope de compra mensual será único para la marca en su conjunto. • Aplica a compras realizadas con tarjetas de crédito MasterCard y Visa de Sudameris Bank S.A.E.C.A. • Promoción válida única y exclusivamente para compras realizadas vía POS de Bancard (Red Infonet). • Las bases y condiciones están sujetas a modificaciones de acuerdo con las posibles variaciones del acuerdo con el comercio, por lo que el Banco se reserva el derecho de aplicar dichas modificaciones, sin previo aviso, y el cliente deberá verificar la versión actualizada de las Bases y condiciones antes de realizar la transacción. • Los reclamos se tomarán como válidos sobre el último documento actualizado y debe ser el documento vigente durante el día de la compra reclamada. EXCLUSIONES • Se excluyen del beneficio las tarjetas prepagas, de débito, Bancard Check, Gourmet Card, Móvil Card, Productivas y Empresariales. • No aplica a compras a través de otras procesadoras (Dinelco, Cabal, etc). • Se excluyen del beneficio las compras realizadas con plataformas digitales ajenas a cada marca (Pedidos Ya, Monchis, Gu y/o Pedile a Charly). • Esta promoción quedará inactiva automáticamente durante la vigencia de promociones puntuales, como por ejemplo “Día de los Enamorados”, “Día de la Madre”, “Día del Padre”, “Fin de año”, entre otras. Esta cláusula rige únicamente para los comercios que participen de una promoción habitual y a su vez de una puntual. https://www.sudameris.com.py/beneficios",https://www.sudameris.com.py/storage/app/media/ByC/bc-zonasurencarnacion-4926.pdf,Tope de compra mensual: Gs. 600.000,Zona Sur - Encarnación
Otros,Sudameris,Brave,20% de reintegro Hasta 10 cuotas sin interés,Viernes y sábado,Desde 2026-03-20 hasta 2027-02-28,"20% de reintegro Hasta 10 cuotas sin interés.  1 ZONA SUR – ENCARNACIÓN VIGENCIA • Verificar según aplicación de promoción (ver cuadro más abajo). BENEFICIOS • Descuento en caja del comercio según aplicación de promoción (ver cuadro más abajo). • Reintegro en extracto según aplicación de promoción (ver cuadro más abajo). • Cuotas sin interés según aplicación de promoción (ver cuadro más abajo). CONDICIONES • Tope de compra por cuenta de tarjeta de crédito: según aplicación de promoción (ver cuadro más abajo). • Aplica a compras realizadas únicamente con tarjetas de crédito MasterCard y Visa de Sudameris Bank S.A.E.C.A, compras vía e-commerce y QR según aplicación de promoción (ver cuadro más abajo).. • Si un comercio tiene sucursales en diferentes ciudades, el tope de compra mensual se aplicará por comercio o marca, no por zona. El tope de compra mensual será único para la marca en su conjunto. • Aplica a compras realizadas con tarjetas de crédito MasterCard y Visa de Sudameris Bank S.A.E.C.A. • Promoción válida única y exclusivamente para compras realizadas vía POS de Bancard (Red Infonet). • Las bases y condiciones están sujetas a modificaciones de acuerdo con las posibles variaciones del acuerdo con el comercio, por lo que el Banco se reserva el derecho de aplicar dichas modificaciones, sin previo aviso, y el cliente deberá verificar la versión actualizada de las Bases y condiciones antes de realizar la transacción. • Los reclamos se tomarán como válidos sobre el último documento actualizado y debe ser el documento vigente durante el día de la compra reclamada. EXCLUSIONES • Se excluyen del beneficio las tarjetas prepagas, de débito, Bancard Check, Gourmet Card, Móvil Card, Productivas y Empresariales. • No aplica a compras a través de otras procesadoras (Dinelco, Cabal, etc). • Se excluyen del beneficio las compras realizadas con plataformas digitales ajenas a cada marca (Pedidos Ya, Monchis, Gu y/o Pedile a Charly). • Esta promoción quedará inactiva automáticamente durante la vigencia de promociones puntuales, como por ejemplo “Día de los Enamorados”, “Día de la Madre”, “Día del Padre”, “Fin de año”, entre otras. Esta cláusula rige únicamente para los comercios que participen de una promoción habitual y a su vez de una puntual. https://www.sudameris.com.py/beneficios",https://www.sudameris.com.py/storage/app/media/ByC/bc-zonasurencarnacion-4926.pdf,Tope de compra mensual: Gs. 1.000.000,Zona Sur - Encarnación
Otros,Sudameris,Brown Burguer,20% de reintegro,Jueves a sábados,Desde 2026-04-02 hasta 2027-02-27,"20% de reintegro.  1 ZONA ESTE – CIUDAD DEL ESTE VIGENCIA • Verificar según aplicación de promoción (ver cuadro más abajo). BENEFICIOS • Descuento en caja del comercio según aplicación de promoción (ver cuadro más abajo). • Reintegro en extracto según aplicación de promoción (ver cuadro más abajo). • Cuotas sin interés según aplicación de promoción (ver cuadro más abajo). CONDICIONES • Tope de compra por cuenta de tarjeta de crédito: según aplicación de promoción (ver cuadro más abajo). • Aplica a compras realizadas únicamente con tarjetas de crédito MasterCard y Visa de Sudameris Bank S.A.E.C.A, compras vía e-commerce y QR según aplicación de promoción (ver cuadro más abajo).. • Si un comercio tiene sucursales en diferentes ciudades, el tope de compra mensual se aplicará por comercio o marca, no por zona. El tope de compra mensual será único para la marca en su conjunto. • Aplica a compras realizadas con tarjetas de crédito MasterCard y Visa de Sudameris Bank S.A.E.C.A. • Promoción válida única y exclusivamente para compras realizadas vía POS de Bancard (Red Infonet). • Las bases y condiciones están sujetas a modificaciones de acuerdo con las posibles variaciones del acuerdo con el comercio, por lo que el Banco se reserva el derecho de aplicar dichas modificaciones, sin previo aviso, y el cliente deberá verificar la versión actualizada de las Bases y condiciones antes de realizar la transacción. • Los reclamos se tomarán como válidos sobre el último documento actualizado y debe ser el documento vigente durante el día de la compra reclamada. • El fraccionamiento en cuotas se debe solicitar al momento de la compra en caja del comercio. EXCLUSIONES • Se excluyen del beneficio las tarjetas prepagas, de débito, Bancard Check, Gourmet Card, Móvil Card, Productivas y Empresariales. • No aplica a compras vía otras procesadoras (Dinelco, Cabal, etc), sub redes y/o plataformas que no sean Infonet (Pagopar, etc.). • No acumulable/combinable con otras promociones. • Se excluyen del beneficio las compras realizadas con plataformas digitales ajenas a cada marca (Pedidos Ya, Monchis, Gu y/o Pedile a Charly). • Esta promoción quedará inactiva automáticamente durante la vigencia de promociones puntuales, como por ejemplo “Día de los Enamorados”, “Día de la Madre”, “Día del Padre”, “Fin de año”, entre otras. Esta cláusula rige únicamente para los comercios que participen de una promoción habitual y a su vez de una puntual. https://www.sudameris.com.py/beneficios",https://www.sudameris.com.py/storage/app/media/ByC/bc-zonaestecde-090926.pdf,Tope de compra mensual: GS. 500.000,Zona Este - Ciudad del Este
Otros,Sudameris,Buono Market/Food,30% de reintegro,viernes y sábado,Desde 2026-04-03 hasta 2027-02-28,"30% de reintegro.  1 ZONA ESTE – CIUDAD DEL ESTE VIGENCIA • Verificar según aplicación de promoción (ver cuadro más abajo). BENEFICIOS • Descuento en caja del comercio según aplicación de promoción (ver cuadro más abajo). • Reintegro en extracto según aplicación de promoción (ver cuadro más abajo). • Cuotas sin interés según aplicación de promoción (ver cuadro más abajo). CONDICIONES • Tope de compra por cuenta de tarjeta de crédito: según aplicación de promoción (ver cuadro más abajo). • Aplica a compras realizadas únicamente con tarjetas de crédito MasterCard y Visa de Sudameris Bank S.A.E.C.A, compras vía e-commerce y QR según aplicación de promoción (ver cuadro más abajo).. • Si un comercio tiene sucursales en diferentes ciudades, el tope de compra mensual se aplicará por comercio o marca, no por zona. El tope de compra mensual será único para la marca en su conjunto. • Aplica a compras realizadas con tarjetas de crédito MasterCard y Visa de Sudameris Bank S.A.E.C.A. • Promoción válida única y exclusivamente para compras realizadas vía POS de Bancard (Red Infonet). • Las bases y condiciones están sujetas a modificaciones de acuerdo con las posibles variaciones del acuerdo con el comercio, por lo que el Banco se reserva el derecho de aplicar dichas modificaciones, sin previo aviso, y el cliente deberá verificar la versión actualizada de las Bases y condiciones antes de realizar la transacción. • Los reclamos se tomarán como válidos sobre el último documento actualizado y debe ser el documento vigente durante el día de la compra reclamada. • El fraccionamiento en cuotas se debe solicitar al momento de la compra en caja del comercio. EXCLUSIONES • Se excluyen del beneficio las tarjetas prepagas, de débito, Bancard Check, Gourmet Card, Móvil Card, Productivas y Empresariales. • No aplica a compras vía otras procesadoras (Dinelco, Cabal, etc), sub redes y/o plataformas que no sean Infonet (Pagopar, etc.). • No acumulable/combinable con otras promociones. • Se excluyen del beneficio las compras realizadas con plataformas digitales ajenas a cada marca (Pedidos Ya, Monchis, Gu y/o Pedile a Charly). • Esta promoción quedará inactiva automáticamente durante la vigencia de promociones puntuales, como por ejemplo “Día de los Enamorados”, “Día de la Madre”, “Día del Padre”, “Fin de año”, entre otras. Esta cláusula rige únicamente para los comercios que participen de una promoción habitual y a su vez de una puntual. https://www.sudameris.com.py/beneficios",https://www.sudameris.com.py/storage/app/media/ByC/bc-zonaestecde-090926.pdf,Tope de compra mensual: Gs. 800.000,Zona Este - Ciudad del Este
Otros,Sudameris,Busca Pies,20% de descuento en caja + 10% de reintegro Hasta 10 cuotas sin interés,Viernes y sábado,Desde 2026-09-04 hasta 2027-02-28,"20% de descuento en caja + 10% de reintegro Hasta 10 cuotas sin interés.  1 ZONA SUR – ENCARNACIÓN VIGENCIA • Verificar según aplicación de promoción (ver cuadro más abajo). BENEFICIOS • Descuento en caja del comercio según aplicación de promoción (ver cuadro más abajo). • Reintegro en extracto según aplicación de promoción (ver cuadro más abajo). • Cuotas sin interés según aplicación de promoción (ver cuadro más abajo). CONDICIONES • Tope de compra por cuenta de tarjeta de crédito: según aplicación de promoción (ver cuadro más abajo). • Aplica a compras realizadas únicamente con tarjetas de crédito MasterCard y Visa de Sudameris Bank S.A.E.C.A, compras vía e-commerce y QR según aplicación de promoción (ver cuadro más abajo).. • Si un comercio tiene sucursales en diferentes ciudades, el tope de compra mensual se aplicará por comercio o marca, no por zona. El tope de compra mensual será único para la marca en su conjunto. • Aplica a compras realizadas con tarjetas de crédito MasterCard y Visa de Sudameris Bank S.A.E.C.A. • Promoción válida única y exclusivamente para compras realizadas vía POS de Bancard (Red Infonet). • Las bases y condiciones están sujetas a modificaciones de acuerdo con las posibles variaciones del acuerdo con el comercio, por lo que el Banco se reserva el derecho de aplicar dichas modificaciones, sin previo aviso, y el cliente deberá verificar la versión actualizada de las Bases y condiciones antes de realizar la transacción. • Los reclamos se tomarán como válidos sobre el último documento actualizado y debe ser el documento vigente durante el día de la compra reclamada. EXCLUSIONES • Se excluyen del beneficio las tarjetas prepagas, de débito, Bancard Check, Gourmet Card, Móvil Card, Productivas y Empresariales. • No aplica a compras a través de otras procesadoras (Dinelco, Cabal, etc). • Se excluyen del beneficio las compras realizadas con plataformas digitales ajenas a cada marca (Pedidos Ya, Monchis, Gu y/o Pedile a Charly). • Esta promoción quedará inactiva automáticamente durante la vigencia de promociones puntuales, como por ejemplo “Día de los Enamorados”, “Día de la Madre”, “Día del Padre”, “Fin de año”, entre otras. Esta cláusula rige únicamente para los comercios que participen de una promoción habitual y a su vez de una puntual. https://www.sudameris.com.py/beneficios",https://www.sudameris.com.py/storage/app/media/ByC/bc-zonasurencarnacion-4926.pdf,Tope de compra mensual: Gs. 1.000.000,Zona Sur - Encarnación
Otros,Sudameris,CHEF’S KITCHEN,20%; 25%,No especificado,• Viernes y sábado. • Desde el 28 de agosto hasta el 30 de setiembre 2026.,• 20% de reintegro directo pagando con tarjetas de crédito. • 25% de reintegro directo pagando con tarjetas de crédito MasterCard Black y Visa Infinite.,https://www.sudameris.com.py/beneficios/destacado/738/detalle,,
Otros,Sudameris,Calzados Mellba,20% de reintegro Hasta 10 cuotas sin interés,viernes y sábado,Desde 2026-03-06 hasta 2027-02-28,"20% de reintegro Hasta 10 cuotas sin interés.  1 ZONA SUR – ENCARNACIÓN VIGENCIA • Verificar según aplicación de promoción (ver cuadro más abajo). BENEFICIOS • Descuento en caja del comercio según aplicación de promoción (ver cuadro más abajo). • Reintegro en extracto según aplicación de promoción (ver cuadro más abajo). • Cuotas sin interés según aplicación de promoción (ver cuadro más abajo). CONDICIONES • Tope de compra por cuenta de tarjeta de crédito: según aplicación de promoción (ver cuadro más abajo). • Aplica a compras realizadas únicamente con tarjetas de crédito MasterCard y Visa de Sudameris Bank S.A.E.C.A, compras vía e-commerce y QR según aplicación de promoción (ver cuadro más abajo).. • Si un comercio tiene sucursales en diferentes ciudades, el tope de compra mensual se aplicará por comercio o marca, no por zona. El tope de compra mensual será único para la marca en su conjunto. • Aplica a compras realizadas con tarjetas de crédito MasterCard y Visa de Sudameris Bank S.A.E.C.A. • Promoción válida única y exclusivamente para compras realizadas vía POS de Bancard (Red Infonet). • Las bases y condiciones están sujetas a modificaciones de acuerdo con las posibles variaciones del acuerdo con el comercio, por lo que el Banco se reserva el derecho de aplicar dichas modificaciones, sin previo aviso, y el cliente deberá verificar la versión actualizada de las Bases y condiciones antes de realizar la transacción. • Los reclamos se tomarán como válidos sobre el último documento actualizado y debe ser el documento vigente durante el día de la compra reclamada. EXCLUSIONES • Se excluyen del beneficio las tarjetas prepagas, de débito, Bancard Check, Gourmet Card, Móvil Card, Productivas y Empresariales. • No aplica a compras a través de otras procesadoras (Dinelco, Cabal, etc). • Se excluyen del beneficio las compras realizadas con plataformas digitales ajenas a cada marca (Pedidos Ya, Monchis, Gu y/o Pedile a Charly). • Esta promoción quedará inactiva automáticamente durante la vigencia de promociones puntuales, como por ejemplo “Día de los Enamorados”, “Día de la Madre”, “Día del Padre”, “Fin de año”, entre otras. Esta cláusula rige únicamente para los comercios que participen de una promoción habitual y a su vez de una puntual. https://www.sudameris.com.py/beneficios",https://www.sudameris.com.py/storage/app/media/ByC/bc-zonasurencarnacion-4926.pdf,Tope de compra mensual: Gs. 600.000,Zona Sur - Encarnación
Otros,Sudameris,Calzados Parana,20% de reintegro Hasta 10 cuotas sin interés,viernes y sábado,Desde 2026-03-06 hasta 2027-02-28,"20% de reintegro Hasta 10 cuotas sin interés.  1 ZONA SUR – ENCARNACIÓN VIGENCIA • Verificar según aplicación de promoción (ver cuadro más abajo). BENEFICIOS • Descuento en caja del comercio según aplicación de promoción (ver cuadro más abajo). • Reintegro en extracto según aplicación de promoción (ver cuadro más abajo). • Cuotas sin interés según aplicación de promoción (ver cuadro más abajo). CONDICIONES • Tope de compra por cuenta de tarjeta de crédito: según aplicación de promoción (ver cuadro más abajo). • Aplica a compras realizadas únicamente con tarjetas de crédito MasterCard y Visa de Sudameris Bank S.A.E.C.A, compras vía e-commerce y QR según aplicación de promoción (ver cuadro más abajo).. • Si un comercio tiene sucursales en diferentes ciudades, el tope de compra mensual se aplicará por comercio o marca, no por zona. El tope de compra mensual será único para la marca en su conjunto. • Aplica a compras realizadas con tarjetas de crédito MasterCard y Visa de Sudameris Bank S.A.E.C.A. • Promoción válida única y exclusivamente para compras realizadas vía POS de Bancard (Red Infonet). • Las bases y condiciones están sujetas a modificaciones de acuerdo con las posibles variaciones del acuerdo con el comercio, por lo que el Banco se reserva el derecho de aplicar dichas modificaciones, sin previo aviso, y el cliente deberá verificar la versión actualizada de las Bases y condiciones antes de realizar la transacción. • Los reclamos se tomarán como válidos sobre el último documento actualizado y debe ser el documento vigente durante el día de la compra reclamada. EXCLUSIONES • Se excluyen del beneficio las tarjetas prepagas, de débito, Bancard Check, Gourmet Card, Móvil Card, Productivas y Empresariales. • No aplica a compras a través de otras procesadoras (Dinelco, Cabal, etc). • Se excluyen del beneficio las compras realizadas con plataformas digitales ajenas a cada marca (Pedidos Ya, Monchis, Gu y/o Pedile a Charly). • Esta promoción quedará inactiva automáticamente durante la vigencia de promociones puntuales, como por ejemplo “Día de los Enamorados”, “Día de la Madre”, “Día del Padre”, “Fin de año”, entre otras. Esta cláusula rige únicamente para los comercios que participen de una promoción habitual y a su vez de una puntual. https://www.sudameris.com.py/beneficios",https://www.sudameris.com.py/storage/app/media/ByC/bc-zonasurencarnacion-4926.pdf,Tope de compra mensual: Gs. 1.000.000,Zona Sur - Encarnación
Otros,Sudameris,Casa Angela,20% de reintegro Hasta 12 cuotas sin interés,Viernes y sábados,Desde 2026-03-06 hasta 2027-02-27,"20% de reintegro Hasta 12 cuotas sin interés.  1 ZONA ESTE – CIUDAD DEL ESTE VIGENCIA • Verificar según aplicación de promoción (ver cuadro más abajo). BENEFICIOS • Descuento en caja del comercio según aplicación de promoción (ver cuadro más abajo). • Reintegro en extracto según aplicación de promoción (ver cuadro más abajo). • Cuotas sin interés según aplicación de promoción (ver cuadro más abajo). CONDICIONES • Tope de compra por cuenta de tarjeta de crédito: según aplicación de promoción (ver cuadro más abajo). • Aplica a compras realizadas únicamente con tarjetas de crédito MasterCard y Visa de Sudameris Bank S.A.E.C.A, compras vía e-commerce y QR según aplicación de promoción (ver cuadro más abajo).. • Si un comercio tiene sucursales en diferentes ciudades, el tope de compra mensual se aplicará por comercio o marca, no por zona. El tope de compra mensual será único para la marca en su conjunto. • Aplica a compras realizadas con tarjetas de crédito MasterCard y Visa de Sudameris Bank S.A.E.C.A. • Promoción válida única y exclusivamente para compras realizadas vía POS de Bancard (Red Infonet). • Las bases y condiciones están sujetas a modificaciones de acuerdo con las posibles variaciones del acuerdo con el comercio, por lo que el Banco se reserva el derecho de aplicar dichas modificaciones, sin previo aviso, y el cliente deberá verificar la versión actualizada de las Bases y condiciones antes de realizar la transacción. • Los reclamos se tomarán como válidos sobre el último documento actualizado y debe ser el documento vigente durante el día de la compra reclamada. • El fraccionamiento en cuotas se debe solicitar al momento de la compra en caja del comercio. EXCLUSIONES • Se excluyen del beneficio las tarjetas prepagas, de débito, Bancard Check, Gourmet Card, Móvil Card, Productivas y Empresariales. • No aplica a compras vía otras procesadoras (Dinelco, Cabal, etc), sub redes y/o plataformas que no sean Infonet (Pagopar, etc.). • No acumulable/combinable con otras promociones. • Se excluyen del beneficio las compras realizadas con plataformas digitales ajenas a cada marca (Pedidos Ya, Monchis, Gu y/o Pedile a Charly). • Esta promoción quedará inactiva automáticamente durante la vigencia de promociones puntuales, como por ejemplo “Día de los Enamorados”, “Día de la Madre”, “Día del Padre”, “Fin de año”, entre otras. Esta cláusula rige únicamente para los comercios que participen de una promoción habitual y a su vez de una puntual. https://www.sudameris.com.py/beneficios",https://www.sudameris.com.py/storage/app/media/ByC/bc-zonaestecde-090926.pdf,Tope de compra mensual: GS. 1.000.000,Zona Este - Ciudad del Este
Otros,Sudameris,Casa Bakunovich,20% de reintegro + 5% elite Hasta 10 cuotas sin interés,viernes y sábado,Desde 2026-03-06 hasta 2027-02-28,"20% de reintegro + 5% elite Hasta 10 cuotas sin interés.  1 ZONA SUR – ENCARNACIÓN VIGENCIA • Verificar según aplicación de promoción (ver cuadro más abajo). BENEFICIOS • Descuento en caja del comercio según aplicación de promoción (ver cuadro más abajo). • Reintegro en extracto según aplicación de promoción (ver cuadro más abajo). • Cuotas sin interés según aplicación de promoción (ver cuadro más abajo). CONDICIONES • Tope de compra por cuenta de tarjeta de crédito: según aplicación de promoción (ver cuadro más abajo). • Aplica a compras realizadas únicamente con tarjetas de crédito MasterCard y Visa de Sudameris Bank S.A.E.C.A, compras vía e-commerce y QR según aplicación de promoción (ver cuadro más abajo).. • Si un comercio tiene sucursales en diferentes ciudades, el tope de compra mensual se aplicará por comercio o marca, no por zona. El tope de compra mensual será único para la marca en su conjunto. • Aplica a compras realizadas con tarjetas de crédito MasterCard y Visa de Sudameris Bank S.A.E.C.A. • Promoción válida única y exclusivamente para compras realizadas vía POS de Bancard (Red Infonet). • Las bases y condiciones están sujetas a modificaciones de acuerdo con las posibles variaciones del acuerdo con el comercio, por lo que el Banco se reserva el derecho de aplicar dichas modificaciones, sin previo aviso, y el cliente deberá verificar la versión actualizada de las Bases y condiciones antes de realizar la transacción. • Los reclamos se tomarán como válidos sobre el último documento actualizado y debe ser el documento vigente durante el día de la compra reclamada. EXCLUSIONES • Se excluyen del beneficio las tarjetas prepagas, de débito, Bancard Check, Gourmet Card, Móvil Card, Productivas y Empresariales. • No aplica a compras a través de otras procesadoras (Dinelco, Cabal, etc). • Se excluyen del beneficio las compras realizadas con plataformas digitales ajenas a cada marca (Pedidos Ya, Monchis, Gu y/o Pedile a Charly). • Esta promoción quedará inactiva automáticamente durante la vigencia de promociones puntuales, como por ejemplo “Día de los Enamorados”, “Día de la Madre”, “Día del Padre”, “Fin de año”, entre otras. Esta cláusula rige únicamente para los comercios que participen de una promoción habitual y a su vez de una puntual. https://www.sudameris.com.py/beneficios",https://www.sudameris.com.py/storage/app/media/ByC/bc-zonasurencarnacion-4926.pdf,Tope de compra mensual: Gs. 2.000.000,Zona Sur - Encarnación
Otros,Sudameris,Casa Heri,20% de reintegro Hasta 10 cuotas sin interés,viernes y sábado,Desde 2026-03-06 hasta 2027-02-28,"20% de reintegro Hasta 10 cuotas sin interés.  1 ZONA SUR – ENCARNACIÓN VIGENCIA • Verificar según aplicación de promoción (ver cuadro más abajo). BENEFICIOS • Descuento en caja del comercio según aplicación de promoción (ver cuadro más abajo). • Reintegro en extracto según aplicación de promoción (ver cuadro más abajo). • Cuotas sin interés según aplicación de promoción (ver cuadro más abajo). CONDICIONES • Tope de compra por cuenta de tarjeta de crédito: según aplicación de promoción (ver cuadro más abajo). • Aplica a compras realizadas únicamente con tarjetas de crédito MasterCard y Visa de Sudameris Bank S.A.E.C.A, compras vía e-commerce y QR según aplicación de promoción (ver cuadro más abajo).. • Si un comercio tiene sucursales en diferentes ciudades, el tope de compra mensual se aplicará por comercio o marca, no por zona. El tope de compra mensual será único para la marca en su conjunto. • Aplica a compras realizadas con tarjetas de crédito MasterCard y Visa de Sudameris Bank S.A.E.C.A. • Promoción válida única y exclusivamente para compras realizadas vía POS de Bancard (Red Infonet). • Las bases y condiciones están sujetas a modificaciones de acuerdo con las posibles variaciones del acuerdo con el comercio, por lo que el Banco se reserva el derecho de aplicar dichas modificaciones, sin previo aviso, y el cliente deberá verificar la versión actualizada de las Bases y condiciones antes de realizar la transacción. • Los reclamos se tomarán como válidos sobre el último documento actualizado y debe ser el documento vigente durante el día de la compra reclamada. EXCLUSIONES • Se excluyen del beneficio las tarjetas prepagas, de débito, Bancard Check, Gourmet Card, Móvil Card, Productivas y Empresariales. • No aplica a compras a través de otras procesadoras (Dinelco, Cabal, etc). • Se excluyen del beneficio las compras realizadas con plataformas digitales ajenas a cada marca (Pedidos Ya, Monchis, Gu y/o Pedile a Charly). • Esta promoción quedará inactiva automáticamente durante la vigencia de promociones puntuales, como por ejemplo “Día de los Enamorados”, “Día de la Madre”, “Día del Padre”, “Fin de año”, entre otras. Esta cláusula rige únicamente para los comercios que participen de una promoción habitual y a su vez de una puntual. https://www.sudameris.com.py/beneficios",https://www.sudameris.com.py/storage/app/media/ByC/bc-zonasurencarnacion-4926.pdf,Tope de compra mensual: Gs. 800.000,Zona Sur - Encarnación
Otros,Sudameris,Cindy & Co,20% de reintegro Hasta 10 cuotas sin interés,viernes y sábado,Desde 2026-03-06 hasta 2027-02-28,"20% de reintegro Hasta 10 cuotas sin interés.  1 ZONA SUR – ENCARNACIÓN VIGENCIA • Verificar según aplicación de promoción (ver cuadro más abajo). BENEFICIOS • Descuento en caja del comercio según aplicación de promoción (ver cuadro más abajo). • Reintegro en extracto según aplicación de promoción (ver cuadro más abajo). • Cuotas sin interés según aplicación de promoción (ver cuadro más abajo). CONDICIONES • Tope de compra por cuenta de tarjeta de crédito: según aplicación de promoción (ver cuadro más abajo). • Aplica a compras realizadas únicamente con tarjetas de crédito MasterCard y Visa de Sudameris Bank S.A.E.C.A, compras vía e-commerce y QR según aplicación de promoción (ver cuadro más abajo).. • Si un comercio tiene sucursales en diferentes ciudades, el tope de compra mensual se aplicará por comercio o marca, no por zona. El tope de compra mensual será único para la marca en su conjunto. • Aplica a compras realizadas con tarjetas de crédito MasterCard y Visa de Sudameris Bank S.A.E.C.A. • Promoción válida única y exclusivamente para compras realizadas vía POS de Bancard (Red Infonet). • Las bases y condiciones están sujetas a modificaciones de acuerdo con las posibles variaciones del acuerdo con el comercio, por lo que el Banco se reserva el derecho de aplicar dichas modificaciones, sin previo aviso, y el cliente deberá verificar la versión actualizada de las Bases y condiciones antes de realizar la transacción. • Los reclamos se tomarán como válidos sobre el último documento actualizado y debe ser el documento vigente durante el día de la compra reclamada. EXCLUSIONES • Se excluyen del beneficio las tarjetas prepagas, de débito, Bancard Check, Gourmet Card, Móvil Card, Productivas y Empresariales. • No aplica a compras a través de otras procesadoras (Dinelco, Cabal, etc). • Se excluyen del beneficio las compras realizadas con plataformas digitales ajenas a cada marca (Pedidos Ya, Monchis, Gu y/o Pedile a Charly). • Esta promoción quedará inactiva automáticamente durante la vigencia de promociones puntuales, como por ejemplo “Día de los Enamorados”, “Día de la Madre”, “Día del Padre”, “Fin de año”, entre otras. Esta cláusula rige únicamente para los comercios que participen de una promoción habitual y a su vez de una puntual. https://www.sudameris.com.py/beneficios",https://www.sudameris.com.py/storage/app/media/ByC/bc-zonasurencarnacion-4926.pdf,Tope de compra mensual: Gs.1.000.000,Zona Sur - Encarnación
Otros,Sudameris,Consur Bike,20% de reintegro Hasta 12 cuotas sin interés,Viernes y sábado,Desde 2026-04-03 hasta 2026-12-31,"20% de reintegro Hasta 12 cuotas sin interés.  1 ZONA SUR – ENCARNACIÓN VIGENCIA • Verificar según aplicación de promoción (ver cuadro más abajo). BENEFICIOS • Descuento en caja del comercio según aplicación de promoción (ver cuadro más abajo). • Reintegro en extracto según aplicación de promoción (ver cuadro más abajo). • Cuotas sin interés según aplicación de promoción (ver cuadro más abajo). CONDICIONES • Tope de compra por cuenta de tarjeta de crédito: según aplicación de promoción (ver cuadro más abajo). • Aplica a compras realizadas únicamente con tarjetas de crédito MasterCard y Visa de Sudameris Bank S.A.E.C.A, compras vía e-commerce y QR según aplicación de promoción (ver cuadro más abajo).. • Si un comercio tiene sucursales en diferentes ciudades, el tope de compra mensual se aplicará por comercio o marca, no por zona. El tope de compra mensual será único para la marca en su conjunto. • Aplica a compras realizadas con tarjetas de crédito MasterCard y Visa de Sudameris Bank S.A.E.C.A. • Promoción válida única y exclusivamente para compras realizadas vía POS de Bancard (Red Infonet). • Las bases y condiciones están sujetas a modificaciones de acuerdo con las posibles variaciones del acuerdo con el comercio, por lo que el Banco se reserva el derecho de aplicar dichas modificaciones, sin previo aviso, y el cliente deberá verificar la versión actualizada de las Bases y condiciones antes de realizar la transacción. • Los reclamos se tomarán como válidos sobre el último documento actualizado y debe ser el documento vigente durante el día de la compra reclamada. EXCLUSIONES • Se excluyen del beneficio las tarjetas prepagas, de débito, Bancard Check, Gourmet Card, Móvil Card, Productivas y Empresariales. • No aplica a compras a través de otras procesadoras (Dinelco, Cabal, etc). • Se excluyen del beneficio las compras realizadas con plataformas digitales ajenas a cada marca (Pedidos Ya, Monchis, Gu y/o Pedile a Charly). • Esta promoción quedará inactiva automáticamente durante la vigencia de promociones puntuales, como por ejemplo “Día de los Enamorados”, “Día de la Madre”, “Día del Padre”, “Fin de año”, entre otras. Esta cláusula rige únicamente para los comercios que participen de una promoción habitual y a su vez de una puntual. https://www.sudameris.com.py/beneficios",https://www.sudameris.com.py/storage/app/media/ByC/bc-zonasurencarnacion-4926.pdf,Tope de compra mensual: Gs. 8.000.000,Zona Sur - Encarnación
Otros,Sudameris,Corazón De Melon,20% de reintegro + 5% elite Hasta 10 cuotas sin interés,viernes y sábados,Desde 2025-11-14 hasta 2027-02-28,"20% de reintegro + 5% elite Hasta 10 cuotas sin interés.  1 ZONA ESTE – CIUDAD DEL ESTE VIGENCIA • Verificar según aplicación de promoción (ver cuadro más abajo). BENEFICIOS • Descuento en caja del comercio según aplicación de promoción (ver cuadro más abajo). • Reintegro en extracto según aplicación de promoción (ver cuadro más abajo). • Cuotas sin interés según aplicación de promoción (ver cuadro más abajo). CONDICIONES • Tope de compra por cuenta de tarjeta de crédito: según aplicación de promoción (ver cuadro más abajo). • Aplica a compras realizadas únicamente con tarjetas de crédito MasterCard y Visa de Sudameris Bank S.A.E.C.A, compras vía e-commerce y QR según aplicación de promoción (ver cuadro más abajo).. • Si un comercio tiene sucursales en diferentes ciudades, el tope de compra mensual se aplicará por comercio o marca, no por zona. El tope de compra mensual será único para la marca en su conjunto. • Aplica a compras realizadas con tarjetas de crédito MasterCard y Visa de Sudameris Bank S.A.E.C.A. • Promoción válida única y exclusivamente para compras realizadas vía POS de Bancard (Red Infonet). • Las bases y condiciones están sujetas a modificaciones de acuerdo con las posibles variaciones del acuerdo con el comercio, por lo que el Banco se reserva el derecho de aplicar dichas modificaciones, sin previo aviso, y el cliente deberá verificar la versión actualizada de las Bases y condiciones antes de realizar la transacción. • Los reclamos se tomarán como válidos sobre el último documento actualizado y debe ser el documento vigente durante el día de la compra reclamada. • El fraccionamiento en cuotas se debe solicitar al momento de la compra en caja del comercio. EXCLUSIONES • Se excluyen del beneficio las tarjetas prepagas, de débito, Bancard Check, Gourmet Card, Móvil Card, Productivas y Empresariales. • No aplica a compras vía otras procesadoras (Dinelco, Cabal, etc), sub redes y/o plataformas que no sean Infonet (Pagopar, etc.). • No acumulable/combinable con otras promociones. • Se excluyen del beneficio las compras realizadas con plataformas digitales ajenas a cada marca (Pedidos Ya, Monchis, Gu y/o Pedile a Charly). • Esta promoción quedará inactiva automáticamente durante la vigencia de promociones puntuales, como por ejemplo “Día de los Enamorados”, “Día de la Madre”, “Día del Padre”, “Fin de año”, entre otras. Esta cláusula rige únicamente para los comercios que participen de una promoción habitual y a su vez de una puntual. https://www.sudameris.com.py/beneficios",https://www.sudameris.com.py/storage/app/media/ByC/bc-zonaestecde-090926.pdf,Tope de compra mensual: GS. 800.000,Zona Este - Ciudad del Este
Otros,Sudameris,Corazón de Melon,20% de reintegro + 5% elite Hasta 12 cuotas sin interés,Viernes y sábado,Desde 2025-11-14 hasta 2027-02-28,"20% de reintegro + 5% elite Hasta 12 cuotas sin interés.  1 ZONA SUR – ENCARNACIÓN VIGENCIA • Verificar según aplicación de promoción (ver cuadro más abajo). BENEFICIOS • Descuento en caja del comercio según aplicación de promoción (ver cuadro más abajo). • Reintegro en extracto según aplicación de promoción (ver cuadro más abajo). • Cuotas sin interés según aplicación de promoción (ver cuadro más abajo). CONDICIONES • Tope de compra por cuenta de tarjeta de crédito: según aplicación de promoción (ver cuadro más abajo). • Aplica a compras realizadas únicamente con tarjetas de crédito MasterCard y Visa de Sudameris Bank S.A.E.C.A, compras vía e-commerce y QR según aplicación de promoción (ver cuadro más abajo).. • Si un comercio tiene sucursales en diferentes ciudades, el tope de compra mensual se aplicará por comercio o marca, no por zona. El tope de compra mensual será único para la marca en su conjunto. • Aplica a compras realizadas con tarjetas de crédito MasterCard y Visa de Sudameris Bank S.A.E.C.A. • Promoción válida única y exclusivamente para compras realizadas vía POS de Bancard (Red Infonet). • Las bases y condiciones están sujetas a modificaciones de acuerdo con las posibles variaciones del acuerdo con el comercio, por lo que el Banco se reserva el derecho de aplicar dichas modificaciones, sin previo aviso, y el cliente deberá verificar la versión actualizada de las Bases y condiciones antes de realizar la transacción. • Los reclamos se tomarán como válidos sobre el último documento actualizado y debe ser el documento vigente durante el día de la compra reclamada. EXCLUSIONES • Se excluyen del beneficio las tarjetas prepagas, de débito, Bancard Check, Gourmet Card, Móvil Card, Productivas y Empresariales. • No aplica a compras a través de otras procesadoras (Dinelco, Cabal, etc). • Se excluyen del beneficio las compras realizadas con plataformas digitales ajenas a cada marca (Pedidos Ya, Monchis, Gu y/o Pedile a Charly). • Esta promoción quedará inactiva automáticamente durante la vigencia de promociones puntuales, como por ejemplo “Día de los Enamorados”, “Día de la Madre”, “Día del Padre”, “Fin de año”, entre otras. Esta cláusula rige únicamente para los comercios que participen de una promoción habitual y a su vez de una puntual. https://www.sudameris.com.py/beneficios",https://www.sudameris.com.py/storage/app/media/ByC/bc-zonasurencarnacion-4926.pdf,Tope de compra mensual: GS. 800.000,Zona Sur - Encarnación
Otros,Sudameris,Corazón de Melón,20% de reintegro + 5% elite Hasta 10 cuotas sin interés,Viernes y sábados,Desde 2026-03-06 hasta 2027-02-28,"20% de reintegro + 5% elite Hasta 10 cuotas sin interés.  1 ZONA SUR – ENCARNACIÓN VIGENCIA • Verificar según aplicación de promoción (ver cuadro más abajo). BENEFICIOS • Descuento en caja del comercio según aplicación de promoción (ver cuadro más abajo). • Reintegro en extracto según aplicación de promoción (ver cuadro más abajo). • Cuotas sin interés según aplicación de promoción (ver cuadro más abajo). CONDICIONES • Tope de compra por cuenta de tarjeta de crédito: según aplicación de promoción (ver cuadro más abajo). • Aplica a compras realizadas únicamente con tarjetas de crédito MasterCard y Visa de Sudameris Bank S.A.E.C.A, compras vía e-commerce y QR según aplicación de promoción (ver cuadro más abajo).. • Si un comercio tiene sucursales en diferentes ciudades, el tope de compra mensual se aplicará por comercio o marca, no por zona. El tope de compra mensual será único para la marca en su conjunto. • Aplica a compras realizadas con tarjetas de crédito MasterCard y Visa de Sudameris Bank S.A.E.C.A. • Promoción válida única y exclusivamente para compras realizadas vía POS de Bancard (Red Infonet). • Las bases y condiciones están sujetas a modificaciones de acuerdo con las posibles variaciones del acuerdo con el comercio, por lo que el Banco se reserva el derecho de aplicar dichas modificaciones, sin previo aviso, y el cliente deberá verificar la versión actualizada de las Bases y condiciones antes de realizar la transacción. • Los reclamos se tomarán como válidos sobre el último documento actualizado y debe ser el documento vigente durante el día de la compra reclamada. EXCLUSIONES • Se excluyen del beneficio las tarjetas prepagas, de débito, Bancard Check, Gourmet Card, Móvil Card, Productivas y Empresariales. • No aplica a compras a través de otras procesadoras (Dinelco, Cabal, etc). • Se excluyen del beneficio las compras realizadas con plataformas digitales ajenas a cada marca (Pedidos Ya, Monchis, Gu y/o Pedile a Charly). • Esta promoción quedará inactiva automáticamente durante la vigencia de promociones puntuales, como por ejemplo “Día de los Enamorados”, “Día de la Madre”, “Día del Padre”, “Fin de año”, entre otras. Esta cláusula rige únicamente para los comercios que participen de una promoción habitual y a su vez de una puntual. https://www.sudameris.com.py/beneficios",https://www.sudameris.com.py/storage/app/media/ByC/bc-zonasurencarnacion-4926.pdf,Tope de compra mensual: GS. 800.000,Zona Sur - Encarnación
Otros,Sudameris,Credipar Electrodomésticos,15% de descuento + 10% de reintegro Hasta 12 cuotas sin interés,Viernes y sábado,Desde 2026-03-05 hasta 2027-02-28,"15% de descuento + 10% de reintegro Hasta 12 cuotas sin interés. (Encarnación, San Isidro y Cambyreta) 1 ZONA SUR – ENCARNACIÓN VIGENCIA • Verificar según aplicación de promoción (ver cuadro más abajo). BENEFICIOS • Descuento en caja del comercio según aplicación de promoción (ver cuadro más abajo). • Reintegro en extracto según aplicación de promoción (ver cuadro más abajo). • Cuotas sin interés según aplicación de promoción (ver cuadro más abajo). CONDICIONES • Tope de compra por cuenta de tarjeta de crédito: según aplicación de promoción (ver cuadro más abajo). • Aplica a compras realizadas únicamente con tarjetas de crédito MasterCard y Visa de Sudameris Bank S.A.E.C.A, compras vía e-commerce y QR según aplicación de promoción (ver cuadro más abajo).. • Si un comercio tiene sucursales en diferentes ciudades, el tope de compra mensual se aplicará por comercio o marca, no por zona. El tope de compra mensual será único para la marca en su conjunto. • Aplica a compras realizadas con tarjetas de crédito MasterCard y Visa de Sudameris Bank S.A.E.C.A. • Promoción válida única y exclusivamente para compras realizadas vía POS de Bancard (Red Infonet). • Las bases y condiciones están sujetas a modificaciones de acuerdo con las posibles variaciones del acuerdo con el comercio, por lo que el Banco se reserva el derecho de aplicar dichas modificaciones, sin previo aviso, y el cliente deberá verificar la versión actualizada de las Bases y condiciones antes de realizar la transacción. • Los reclamos se tomarán como válidos sobre el último documento actualizado y debe ser el documento vigente durante el día de la compra reclamada. EXCLUSIONES • Se excluyen del beneficio las tarjetas prepagas, de débito, Bancard Check, Gourmet Card, Móvil Card, Productivas y Empresariales. • No aplica a compras a través de otras procesadoras (Dinelco, Cabal, etc). • Se excluyen del beneficio las compras realizadas con plataformas digitales ajenas a cada marca (Pedidos Ya, Monchis, Gu y/o Pedile a Charly). • Esta promoción quedará inactiva automáticamente durante la vigencia de promociones puntuales, como por ejemplo “Día de los Enamorados”, “Día de la Madre”, “Día del Padre”, “Fin de año”, entre otras. Esta cláusula rige únicamente para los comercios que participen de una promoción habitual y a su vez de una puntual. https://www.sudameris.com.py/beneficios",https://www.sudameris.com.py/storage/app/media/ByC/bc-zonasurencarnacion-4926.pdf,Tope de compra mensual: Gs. 3.000.000,Zona Sur - Encarnación
Otros,Sudameris,Creser Jugando,20% de reintegro Hasta 12 cuotas sin interés,viernes y sábado,Desde 2025-04-01 hasta 2026-02-28,"20% de reintegro Hasta 12 cuotas sin interés.  1 ZONA SUR – ENCARNACIÓN VIGENCIA • Verificar según aplicación de promoción (ver cuadro más abajo). BENEFICIOS • Descuento en caja del comercio según aplicación de promoción (ver cuadro más abajo). • Reintegro en extracto según aplicación de promoción (ver cuadro más abajo). • Cuotas sin interés según aplicación de promoción (ver cuadro más abajo). CONDICIONES • Tope de compra por cuenta de tarjeta de crédito: según aplicación de promoción (ver cuadro más abajo). • Aplica a compras realizadas únicamente con tarjetas de crédito MasterCard y Visa de Sudameris Bank S.A.E.C.A, compras vía e-commerce y QR según aplicación de promoción (ver cuadro más abajo).. • Si un comercio tiene sucursales en diferentes ciudades, el tope de compra mensual se aplicará por comercio o marca, no por zona. El tope de compra mensual será único para la marca en su conjunto. • Aplica a compras realizadas con tarjetas de crédito MasterCard y Visa de Sudameris Bank S.A.E.C.A. • Promoción válida única y exclusivamente para compras realizadas vía POS de Bancard (Red Infonet). • Las bases y condiciones están sujetas a modificaciones de acuerdo con las posibles variaciones del acuerdo con el comercio, por lo que el Banco se reserva el derecho de aplicar dichas modificaciones, sin previo aviso, y el cliente deberá verificar la versión actualizada de las Bases y condiciones antes de realizar la transacción. • Los reclamos se tomarán como válidos sobre el último documento actualizado y debe ser el documento vigente durante el día de la compra reclamada. EXCLUSIONES • Se excluyen del beneficio las tarjetas prepagas, de débito, Bancard Check, Gourmet Card, Móvil Card, Productivas y Empresariales. • No aplica a compras a través de otras procesadoras (Dinelco, Cabal, etc). • Se excluyen del beneficio las compras realizadas con plataformas digitales ajenas a cada marca (Pedidos Ya, Monchis, Gu y/o Pedile a Charly). • Esta promoción quedará inactiva automáticamente durante la vigencia de promociones puntuales, como por ejemplo “Día de los Enamorados”, “Día de la Madre”, “Día del Padre”, “Fin de año”, entre otras. Esta cláusula rige únicamente para los comercios que participen de una promoción habitual y a su vez de una puntual. https://www.sudameris.com.py/beneficios",https://www.sudameris.com.py/storage/app/media/ByC/bc-zonasurencarnacion-4926.pdf,Tope de compra mensual: Gs.800.000,Zona Sur - Encarnación
Otros,Sudameris,Deport Center,20% de reintegro + 5% elite Hasta 10 cuotas sin interés,viernes y sábado,Desde 2026-03-06 hasta 2027-02-28,"20% de reintegro + 5% elite Hasta 10 cuotas sin interés.  1 ZONA SUR – ENCARNACIÓN VIGENCIA • Verificar según aplicación de promoción (ver cuadro más abajo). BENEFICIOS • Descuento en caja del comercio según aplicación de promoción (ver cuadro más abajo). • Reintegro en extracto según aplicación de promoción (ver cuadro más abajo). • Cuotas sin interés según aplicación de promoción (ver cuadro más abajo). CONDICIONES • Tope de compra por cuenta de tarjeta de crédito: según aplicación de promoción (ver cuadro más abajo). • Aplica a compras realizadas únicamente con tarjetas de crédito MasterCard y Visa de Sudameris Bank S.A.E.C.A, compras vía e-commerce y QR según aplicación de promoción (ver cuadro más abajo).. • Si un comercio tiene sucursales en diferentes ciudades, el tope de compra mensual se aplicará por comercio o marca, no por zona. El tope de compra mensual será único para la marca en su conjunto. • Aplica a compras realizadas con tarjetas de crédito MasterCard y Visa de Sudameris Bank S.A.E.C.A. • Promoción válida única y exclusivamente para compras realizadas vía POS de Bancard (Red Infonet). • Las bases y condiciones están sujetas a modificaciones de acuerdo con las posibles variaciones del acuerdo con el comercio, por lo que el Banco se reserva el derecho de aplicar dichas modificaciones, sin previo aviso, y el cliente deberá verificar la versión actualizada de las Bases y condiciones antes de realizar la transacción. • Los reclamos se tomarán como válidos sobre el último documento actualizado y debe ser el documento vigente durante el día de la compra reclamada. EXCLUSIONES • Se excluyen del beneficio las tarjetas prepagas, de débito, Bancard Check, Gourmet Card, Móvil Card, Productivas y Empresariales. • No aplica a compras a través de otras procesadoras (Dinelco, Cabal, etc). • Se excluyen del beneficio las compras realizadas con plataformas digitales ajenas a cada marca (Pedidos Ya, Monchis, Gu y/o Pedile a Charly). • Esta promoción quedará inactiva automáticamente durante la vigencia de promociones puntuales, como por ejemplo “Día de los Enamorados”, “Día de la Madre”, “Día del Padre”, “Fin de año”, entre otras. Esta cláusula rige únicamente para los comercios que participen de una promoción habitual y a su vez de una puntual. https://www.sudameris.com.py/beneficios",https://www.sudameris.com.py/storage/app/media/ByC/bc-zonasurencarnacion-4926.pdf,Tope de compra mensual: Gs. 1.000.000,Zona Sur - Encarnación
Otros,Sudameris,Di Lara,20% de reintegro Hasta 10 cuotas sin interés,Viernes y sábado,Desde 2026-03-06 hasta 2027-02-28,"20% de reintegro Hasta 10 cuotas sin interés.  1 ZONA SUR – ENCARNACIÓN VIGENCIA • Verificar según aplicación de promoción (ver cuadro más abajo). BENEFICIOS • Descuento en caja del comercio según aplicación de promoción (ver cuadro más abajo). • Reintegro en extracto según aplicación de promoción (ver cuadro más abajo). • Cuotas sin interés según aplicación de promoción (ver cuadro más abajo). CONDICIONES • Tope de compra por cuenta de tarjeta de crédito: según aplicación de promoción (ver cuadro más abajo). • Aplica a compras realizadas únicamente con tarjetas de crédito MasterCard y Visa de Sudameris Bank S.A.E.C.A, compras vía e-commerce y QR según aplicación de promoción (ver cuadro más abajo).. • Si un comercio tiene sucursales en diferentes ciudades, el tope de compra mensual se aplicará por comercio o marca, no por zona. El tope de compra mensual será único para la marca en su conjunto. • Aplica a compras realizadas con tarjetas de crédito MasterCard y Visa de Sudameris Bank S.A.E.C.A. • Promoción válida única y exclusivamente para compras realizadas vía POS de Bancard (Red Infonet). • Las bases y condiciones están sujetas a modificaciones de acuerdo con las posibles variaciones del acuerdo con el comercio, por lo que el Banco se reserva el derecho de aplicar dichas modificaciones, sin previo aviso, y el cliente deberá verificar la versión actualizada de las Bases y condiciones antes de realizar la transacción. • Los reclamos se tomarán como válidos sobre el último documento actualizado y debe ser el documento vigente durante el día de la compra reclamada. EXCLUSIONES • Se excluyen del beneficio las tarjetas prepagas, de débito, Bancard Check, Gourmet Card, Móvil Card, Productivas y Empresariales. • No aplica a compras a través de otras procesadoras (Dinelco, Cabal, etc). • Se excluyen del beneficio las compras realizadas con plataformas digitales ajenas a cada marca (Pedidos Ya, Monchis, Gu y/o Pedile a Charly). • Esta promoción quedará inactiva automáticamente durante la vigencia de promociones puntuales, como por ejemplo “Día de los Enamorados”, “Día de la Madre”, “Día del Padre”, “Fin de año”, entre otras. Esta cláusula rige únicamente para los comercios que participen de una promoción habitual y a su vez de una puntual. https://www.sudameris.com.py/beneficios",https://www.sudameris.com.py/storage/app/media/ByC/bc-zonasurencarnacion-4926.pdf,Tope de compra mensual: Gs. 1.000.000,Zona Sur - Encarnación
Otros,Sudameris,Diana Apocada,20% de reintegro + 5% elite Hasta 12 cuotas sin interés,miércoles y jueves,Desde 2026-03-04 hasta 2027-02-28,"20% de reintegro + 5% elite Hasta 12 cuotas sin interés.  1 ZONA SUR – ENCARNACIÓN VIGENCIA • Verificar según aplicación de promoción (ver cuadro más abajo). BENEFICIOS • Descuento en caja del comercio según aplicación de promoción (ver cuadro más abajo). • Reintegro en extracto según aplicación de promoción (ver cuadro más abajo). • Cuotas sin interés según aplicación de promoción (ver cuadro más abajo). CONDICIONES • Tope de compra por cuenta de tarjeta de crédito: según aplicación de promoción (ver cuadro más abajo). • Aplica a compras realizadas únicamente con tarjetas de crédito MasterCard y Visa de Sudameris Bank S.A.E.C.A, compras vía e-commerce y QR según aplicación de promoción (ver cuadro más abajo).. • Si un comercio tiene sucursales en diferentes ciudades, el tope de compra mensual se aplicará por comercio o marca, no por zona. El tope de compra mensual será único para la marca en su conjunto. • Aplica a compras realizadas con tarjetas de crédito MasterCard y Visa de Sudameris Bank S.A.E.C.A. • Promoción válida única y exclusivamente para compras realizadas vía POS de Bancard (Red Infonet). • Las bases y condiciones están sujetas a modificaciones de acuerdo con las posibles variaciones del acuerdo con el comercio, por lo que el Banco se reserva el derecho de aplicar dichas modificaciones, sin previo aviso, y el cliente deberá verificar la versión actualizada de las Bases y condiciones antes de realizar la transacción. • Los reclamos se tomarán como válidos sobre el último documento actualizado y debe ser el documento vigente durante el día de la compra reclamada. EXCLUSIONES • Se excluyen del beneficio las tarjetas prepagas, de débito, Bancard Check, Gourmet Card, Móvil Card, Productivas y Empresariales. • No aplica a compras a través de otras procesadoras (Dinelco, Cabal, etc). • Se excluyen del beneficio las compras realizadas con plataformas digitales ajenas a cada marca (Pedidos Ya, Monchis, Gu y/o Pedile a Charly). • Esta promoción quedará inactiva automáticamente durante la vigencia de promociones puntuales, como por ejemplo “Día de los Enamorados”, “Día de la Madre”, “Día del Padre”, “Fin de año”, entre otras. Esta cláusula rige únicamente para los comercios que participen de una promoción habitual y a su vez de una puntual. https://www.sudameris.com.py/beneficios",https://www.sudameris.com.py/storage/app/media/ByC/bc-zonasurencarnacion-4926.pdf,Tope de compra mensual: Gs. 1.500.000,Zona Sur - Encarnación
Otros,Sudameris,Diva,20% de reintegro Hasta 12 cuotas sin interés,Jueves a sábado,Desde 2026-03-05 hasta 2027-02-27,"20% de reintegro Hasta 12 cuotas sin interés.  1 ZONA ESTE – CIUDAD DEL ESTE VIGENCIA • Verificar según aplicación de promoción (ver cuadro más abajo). BENEFICIOS • Descuento en caja del comercio según aplicación de promoción (ver cuadro más abajo). • Reintegro en extracto según aplicación de promoción (ver cuadro más abajo). • Cuotas sin interés según aplicación de promoción (ver cuadro más abajo). CONDICIONES • Tope de compra por cuenta de tarjeta de crédito: según aplicación de promoción (ver cuadro más abajo). • Aplica a compras realizadas únicamente con tarjetas de crédito MasterCard y Visa de Sudameris Bank S.A.E.C.A, compras vía e-commerce y QR según aplicación de promoción (ver cuadro más abajo).. • Si un comercio tiene sucursales en diferentes ciudades, el tope de compra mensual se aplicará por comercio o marca, no por zona. El tope de compra mensual será único para la marca en su conjunto. • Aplica a compras realizadas con tarjetas de crédito MasterCard y Visa de Sudameris Bank S.A.E.C.A. • Promoción válida única y exclusivamente para compras realizadas vía POS de Bancard (Red Infonet). • Las bases y condiciones están sujetas a modificaciones de acuerdo con las posibles variaciones del acuerdo con el comercio, por lo que el Banco se reserva el derecho de aplicar dichas modificaciones, sin previo aviso, y el cliente deberá verificar la versión actualizada de las Bases y condiciones antes de realizar la transacción. • Los reclamos se tomarán como válidos sobre el último documento actualizado y debe ser el documento vigente durante el día de la compra reclamada. • El fraccionamiento en cuotas se debe solicitar al momento de la compra en caja del comercio. EXCLUSIONES • Se excluyen del beneficio las tarjetas prepagas, de débito, Bancard Check, Gourmet Card, Móvil Card, Productivas y Empresariales. • No aplica a compras vía otras procesadoras (Dinelco, Cabal, etc), sub redes y/o plataformas que no sean Infonet (Pagopar, etc.). • No acumulable/combinable con otras promociones. • Se excluyen del beneficio las compras realizadas con plataformas digitales ajenas a cada marca (Pedidos Ya, Monchis, Gu y/o Pedile a Charly). • Esta promoción quedará inactiva automáticamente durante la vigencia de promociones puntuales, como por ejemplo “Día de los Enamorados”, “Día de la Madre”, “Día del Padre”, “Fin de año”, entre otras. Esta cláusula rige únicamente para los comercios que participen de una promoción habitual y a su vez de una puntual. https://www.sudameris.com.py/beneficios",https://www.sudameris.com.py/storage/app/media/ByC/bc-zonaestecde-090926.pdf,Tope de compra mensual: GS. 2.500.000,Zona Este - Ciudad del Este
Otros,Sudameris,Don Rey Resto Bar,20% de reintegro,Viernes y sábados,Desde 2026-03-06 hasta 2027-02-27,"20% de reintegro.  1 ZONA ESTE – CIUDAD DEL ESTE VIGENCIA • Verificar según aplicación de promoción (ver cuadro más abajo). BENEFICIOS • Descuento en caja del comercio según aplicación de promoción (ver cuadro más abajo). • Reintegro en extracto según aplicación de promoción (ver cuadro más abajo). • Cuotas sin interés según aplicación de promoción (ver cuadro más abajo). CONDICIONES • Tope de compra por cuenta de tarjeta de crédito: según aplicación de promoción (ver cuadro más abajo). • Aplica a compras realizadas únicamente con tarjetas de crédito MasterCard y Visa de Sudameris Bank S.A.E.C.A, compras vía e-commerce y QR según aplicación de promoción (ver cuadro más abajo).. • Si un comercio tiene sucursales en diferentes ciudades, el tope de compra mensual se aplicará por comercio o marca, no por zona. El tope de compra mensual será único para la marca en su conjunto. • Aplica a compras realizadas con tarjetas de crédito MasterCard y Visa de Sudameris Bank S.A.E.C.A. • Promoción válida única y exclusivamente para compras realizadas vía POS de Bancard (Red Infonet). • Las bases y condiciones están sujetas a modificaciones de acuerdo con las posibles variaciones del acuerdo con el comercio, por lo que el Banco se reserva el derecho de aplicar dichas modificaciones, sin previo aviso, y el cliente deberá verificar la versión actualizada de las Bases y condiciones antes de realizar la transacción. • Los reclamos se tomarán como válidos sobre el último documento actualizado y debe ser el documento vigente durante el día de la compra reclamada. • El fraccionamiento en cuotas se debe solicitar al momento de la compra en caja del comercio. EXCLUSIONES • Se excluyen del beneficio las tarjetas prepagas, de débito, Bancard Check, Gourmet Card, Móvil Card, Productivas y Empresariales. • No aplica a compras vía otras procesadoras (Dinelco, Cabal, etc), sub redes y/o plataformas que no sean Infonet (Pagopar, etc.). • No acumulable/combinable con otras promociones. • Se excluyen del beneficio las compras realizadas con plataformas digitales ajenas a cada marca (Pedidos Ya, Monchis, Gu y/o Pedile a Charly). • Esta promoción quedará inactiva automáticamente durante la vigencia de promociones puntuales, como por ejemplo “Día de los Enamorados”, “Día de la Madre”, “Día del Padre”, “Fin de año”, entre otras. Esta cláusula rige únicamente para los comercios que participen de una promoción habitual y a su vez de una puntual. https://www.sudameris.com.py/beneficios",https://www.sudameris.com.py/storage/app/media/ByC/bc-zonaestecde-090926.pdf,Tope de compra mensual: Gs. 500.000,Zona Este - Ciudad del Este
Otros,Sudameris,Doxamed,20% de reintegro + 5% elite Hasta 12 cuotas sin interés,jueves y viernes,Desde 2026-03-06 hasta 2027-02-28,"20% de reintegro + 5% elite Hasta 12 cuotas sin interés.  1 ZONA SUR – ENCARNACIÓN VIGENCIA • Verificar según aplicación de promoción (ver cuadro más abajo). BENEFICIOS • Descuento en caja del comercio según aplicación de promoción (ver cuadro más abajo). • Reintegro en extracto según aplicación de promoción (ver cuadro más abajo). • Cuotas sin interés según aplicación de promoción (ver cuadro más abajo). CONDICIONES • Tope de compra por cuenta de tarjeta de crédito: según aplicación de promoción (ver cuadro más abajo). • Aplica a compras realizadas únicamente con tarjetas de crédito MasterCard y Visa de Sudameris Bank S.A.E.C.A, compras vía e-commerce y QR según aplicación de promoción (ver cuadro más abajo).. • Si un comercio tiene sucursales en diferentes ciudades, el tope de compra mensual se aplicará por comercio o marca, no por zona. El tope de compra mensual será único para la marca en su conjunto. • Aplica a compras realizadas con tarjetas de crédito MasterCard y Visa de Sudameris Bank S.A.E.C.A. • Promoción válida única y exclusivamente para compras realizadas vía POS de Bancard (Red Infonet). • Las bases y condiciones están sujetas a modificaciones de acuerdo con las posibles variaciones del acuerdo con el comercio, por lo que el Banco se reserva el derecho de aplicar dichas modificaciones, sin previo aviso, y el cliente deberá verificar la versión actualizada de las Bases y condiciones antes de realizar la transacción. • Los reclamos se tomarán como válidos sobre el último documento actualizado y debe ser el documento vigente durante el día de la compra reclamada. EXCLUSIONES • Se excluyen del beneficio las tarjetas prepagas, de débito, Bancard Check, Gourmet Card, Móvil Card, Productivas y Empresariales. • No aplica a compras a través de otras procesadoras (Dinelco, Cabal, etc). • Se excluyen del beneficio las compras realizadas con plataformas digitales ajenas a cada marca (Pedidos Ya, Monchis, Gu y/o Pedile a Charly). • Esta promoción quedará inactiva automáticamente durante la vigencia de promociones puntuales, como por ejemplo “Día de los Enamorados”, “Día de la Madre”, “Día del Padre”, “Fin de año”, entre otras. Esta cláusula rige únicamente para los comercios que participen de una promoción habitual y a su vez de una puntual. https://www.sudameris.com.py/beneficios",https://www.sudameris.com.py/storage/app/media/ByC/bc-zonasurencarnacion-4926.pdf,Tope de compra mensual: Gs.1.000.000,Zona Sur - Encarnación
Otros,Sudameris,Dudalina,20% de descuento en caja + 20% de reintegro Hasta 10 cuotas sin interés,viernes y sábado,Desde 2026-03-06 hasta 2027-02-28,"20% de descuento en caja + 20% de reintegro Hasta 10 cuotas sin interés. (No Aplica En La Tienda Outlet) 1 ZONA SUR – ENCARNACIÓN VIGENCIA • Verificar según aplicación de promoción (ver cuadro más abajo). BENEFICIOS • Descuento en caja del comercio según aplicación de promoción (ver cuadro más abajo). • Reintegro en extracto según aplicación de promoción (ver cuadro más abajo). • Cuotas sin interés según aplicación de promoción (ver cuadro más abajo). CONDICIONES • Tope de compra por cuenta de tarjeta de crédito: según aplicación de promoción (ver cuadro más abajo). • Aplica a compras realizadas únicamente con tarjetas de crédito MasterCard y Visa de Sudameris Bank S.A.E.C.A, compras vía e-commerce y QR según aplicación de promoción (ver cuadro más abajo).. • Si un comercio tiene sucursales en diferentes ciudades, el tope de compra mensual se aplicará por comercio o marca, no por zona. El tope de compra mensual será único para la marca en su conjunto. • Aplica a compras realizadas con tarjetas de crédito MasterCard y Visa de Sudameris Bank S.A.E.C.A. • Promoción válida única y exclusivamente para compras realizadas vía POS de Bancard (Red Infonet). • Las bases y condiciones están sujetas a modificaciones de acuerdo con las posibles variaciones del acuerdo con el comercio, por lo que el Banco se reserva el derecho de aplicar dichas modificaciones, sin previo aviso, y el cliente deberá verificar la versión actualizada de las Bases y condiciones antes de realizar la transacción. • Los reclamos se tomarán como válidos sobre el último documento actualizado y debe ser el documento vigente durante el día de la compra reclamada. EXCLUSIONES • Se excluyen del beneficio las tarjetas prepagas, de débito, Bancard Check, Gourmet Card, Móvil Card, Productivas y Empresariales. • No aplica a compras a través de otras procesadoras (Dinelco, Cabal, etc). • Se excluyen del beneficio las compras realizadas con plataformas digitales ajenas a cada marca (Pedidos Ya, Monchis, Gu y/o Pedile a Charly). • Esta promoción quedará inactiva automáticamente durante la vigencia de promociones puntuales, como por ejemplo “Día de los Enamorados”, “Día de la Madre”, “Día del Padre”, “Fin de año”, entre otras. Esta cláusula rige únicamente para los comercios que participen de una promoción habitual y a su vez de una puntual. https://www.sudameris.com.py/beneficios",https://www.sudameris.com.py/storage/app/media/ByC/bc-zonasurencarnacion-4926.pdf,Tope de compra mensual: Gs. 2.500.000,Zona Sur - Encarnación
Otros,Sudameris,Emac,15% de descuento Hasta 12 cuotas sin interés,todos los días,Desde 2026-05-04 hasta 2027-02-28,"15% de descuento Hasta 12 cuotas sin interés.  1 ZONA SUR – ENCARNACIÓN VIGENCIA • Verificar según aplicación de promoción (ver cuadro más abajo). BENEFICIOS • Descuento en caja del comercio según aplicación de promoción (ver cuadro más abajo). • Reintegro en extracto según aplicación de promoción (ver cuadro más abajo). • Cuotas sin interés según aplicación de promoción (ver cuadro más abajo). CONDICIONES • Tope de compra por cuenta de tarjeta de crédito: según aplicación de promoción (ver cuadro más abajo). • Aplica a compras realizadas únicamente con tarjetas de crédito MasterCard y Visa de Sudameris Bank S.A.E.C.A, compras vía e-commerce y QR según aplicación de promoción (ver cuadro más abajo).. • Si un comercio tiene sucursales en diferentes ciudades, el tope de compra mensual se aplicará por comercio o marca, no por zona. El tope de compra mensual será único para la marca en su conjunto. • Aplica a compras realizadas con tarjetas de crédito MasterCard y Visa de Sudameris Bank S.A.E.C.A. • Promoción válida única y exclusivamente para compras realizadas vía POS de Bancard (Red Infonet). • Las bases y condiciones están sujetas a modificaciones de acuerdo con las posibles variaciones del acuerdo con el comercio, por lo que el Banco se reserva el derecho de aplicar dichas modificaciones, sin previo aviso, y el cliente deberá verificar la versión actualizada de las Bases y condiciones antes de realizar la transacción. • Los reclamos se tomarán como válidos sobre el último documento actualizado y debe ser el documento vigente durante el día de la compra reclamada. EXCLUSIONES • Se excluyen del beneficio las tarjetas prepagas, de débito, Bancard Check, Gourmet Card, Móvil Card, Productivas y Empresariales. • No aplica a compras a través de otras procesadoras (Dinelco, Cabal, etc). • Se excluyen del beneficio las compras realizadas con plataformas digitales ajenas a cada marca (Pedidos Ya, Monchis, Gu y/o Pedile a Charly). • Esta promoción quedará inactiva automáticamente durante la vigencia de promociones puntuales, como por ejemplo “Día de los Enamorados”, “Día de la Madre”, “Día del Padre”, “Fin de año”, entre otras. Esta cláusula rige únicamente para los comercios que participen de una promoción habitual y a su vez de una puntual. https://www.sudameris.com.py/beneficios",https://www.sudameris.com.py/storage/app/media/ByC/bc-zonasurencarnacion-4926.pdf,Tope de compra mensual: Sin tope,Zona Sur - Encarnación
Otros,Sudameris,Emporio Store,20% de reintegro Hasta 10 cuotas sin interés,viernes y sábados,Desde 2026-04-03 hasta 2027-02-27,"20% de reintegro Hasta 10 cuotas sin interés.  1 ZONA ESTE – CIUDAD DEL ESTE VIGENCIA • Verificar según aplicación de promoción (ver cuadro más abajo). BENEFICIOS • Descuento en caja del comercio según aplicación de promoción (ver cuadro más abajo). • Reintegro en extracto según aplicación de promoción (ver cuadro más abajo). • Cuotas sin interés según aplicación de promoción (ver cuadro más abajo). CONDICIONES • Tope de compra por cuenta de tarjeta de crédito: según aplicación de promoción (ver cuadro más abajo). • Aplica a compras realizadas únicamente con tarjetas de crédito MasterCard y Visa de Sudameris Bank S.A.E.C.A, compras vía e-commerce y QR según aplicación de promoción (ver cuadro más abajo).. • Si un comercio tiene sucursales en diferentes ciudades, el tope de compra mensual se aplicará por comercio o marca, no por zona. El tope de compra mensual será único para la marca en su conjunto. • Aplica a compras realizadas con tarjetas de crédito MasterCard y Visa de Sudameris Bank S.A.E.C.A. • Promoción válida única y exclusivamente para compras realizadas vía POS de Bancard (Red Infonet). • Las bases y condiciones están sujetas a modificaciones de acuerdo con las posibles variaciones del acuerdo con el comercio, por lo que el Banco se reserva el derecho de aplicar dichas modificaciones, sin previo aviso, y el cliente deberá verificar la versión actualizada de las Bases y condiciones antes de realizar la transacción. • Los reclamos se tomarán como válidos sobre el último documento actualizado y debe ser el documento vigente durante el día de la compra reclamada. • El fraccionamiento en cuotas se debe solicitar al momento de la compra en caja del comercio. EXCLUSIONES • Se excluyen del beneficio las tarjetas prepagas, de débito, Bancard Check, Gourmet Card, Móvil Card, Productivas y Empresariales. • No aplica a compras vía otras procesadoras (Dinelco, Cabal, etc), sub redes y/o plataformas que no sean Infonet (Pagopar, etc.). • No acumulable/combinable con otras promociones. • Se excluyen del beneficio las compras realizadas con plataformas digitales ajenas a cada marca (Pedidos Ya, Monchis, Gu y/o Pedile a Charly). • Esta promoción quedará inactiva automáticamente durante la vigencia de promociones puntuales, como por ejemplo “Día de los Enamorados”, “Día de la Madre”, “Día del Padre”, “Fin de año”, entre otras. Esta cláusula rige únicamente para los comercios que participen de una promoción habitual y a su vez de una puntual. https://www.sudameris.com.py/beneficios",https://www.sudameris.com.py/storage/app/media/ByC/bc-zonaestecde-090926.pdf,Tope de compra mensual: GS. 800.000,Zona Este - Ciudad del Este
Otros,Sudameris,Emy Express,20% de reintegro Hasta 12 cuotas sin interés,viernes y sábados,Desde 2026-03-06 hasta 2027-02-27,"20% de reintegro Hasta 12 cuotas sin interés.  1 ZONA ESTE – CIUDAD DEL ESTE VIGENCIA • Verificar según aplicación de promoción (ver cuadro más abajo). BENEFICIOS • Descuento en caja del comercio según aplicación de promoción (ver cuadro más abajo). • Reintegro en extracto según aplicación de promoción (ver cuadro más abajo). • Cuotas sin interés según aplicación de promoción (ver cuadro más abajo). CONDICIONES • Tope de compra por cuenta de tarjeta de crédito: según aplicación de promoción (ver cuadro más abajo). • Aplica a compras realizadas únicamente con tarjetas de crédito MasterCard y Visa de Sudameris Bank S.A.E.C.A, compras vía e-commerce y QR según aplicación de promoción (ver cuadro más abajo).. • Si un comercio tiene sucursales en diferentes ciudades, el tope de compra mensual se aplicará por comercio o marca, no por zona. El tope de compra mensual será único para la marca en su conjunto. • Aplica a compras realizadas con tarjetas de crédito MasterCard y Visa de Sudameris Bank S.A.E.C.A. • Promoción válida única y exclusivamente para compras realizadas vía POS de Bancard (Red Infonet). • Las bases y condiciones están sujetas a modificaciones de acuerdo con las posibles variaciones del acuerdo con el comercio, por lo que el Banco se reserva el derecho de aplicar dichas modificaciones, sin previo aviso, y el cliente deberá verificar la versión actualizada de las Bases y condiciones antes de realizar la transacción. • Los reclamos se tomarán como válidos sobre el último documento actualizado y debe ser el documento vigente durante el día de la compra reclamada. • El fraccionamiento en cuotas se debe solicitar al momento de la compra en caja del comercio. EXCLUSIONES • Se excluyen del beneficio las tarjetas prepagas, de débito, Bancard Check, Gourmet Card, Móvil Card, Productivas y Empresariales. • No aplica a compras vía otras procesadoras (Dinelco, Cabal, etc), sub redes y/o plataformas que no sean Infonet (Pagopar, etc.). • No acumulable/combinable con otras promociones. • Se excluyen del beneficio las compras realizadas con plataformas digitales ajenas a cada marca (Pedidos Ya, Monchis, Gu y/o Pedile a Charly). • Esta promoción quedará inactiva automáticamente durante la vigencia de promociones puntuales, como por ejemplo “Día de los Enamorados”, “Día de la Madre”, “Día del Padre”, “Fin de año”, entre otras. Esta cláusula rige únicamente para los comercios que participen de una promoción habitual y a su vez de una puntual. https://www.sudameris.com.py/beneficios",https://www.sudameris.com.py/storage/app/media/ByC/bc-zonaestecde-090926.pdf,Tope de compra mensual: GS. 800.000,Zona Este - Ciudad del Este
Otros,Sudameris,Estilo Sport,20% de reintegro + 5% elite Hasta 10 cuotas sin interés,miércoles y jueves,Desde 2026-03-04 hasta 2027-02-28,"20% de reintegro + 5% elite Hasta 10 cuotas sin interés.  1 ZONA SUR – ENCARNACIÓN VIGENCIA • Verificar según aplicación de promoción (ver cuadro más abajo). BENEFICIOS • Descuento en caja del comercio según aplicación de promoción (ver cuadro más abajo). • Reintegro en extracto según aplicación de promoción (ver cuadro más abajo). • Cuotas sin interés según aplicación de promoción (ver cuadro más abajo). CONDICIONES • Tope de compra por cuenta de tarjeta de crédito: según aplicación de promoción (ver cuadro más abajo). • Aplica a compras realizadas únicamente con tarjetas de crédito MasterCard y Visa de Sudameris Bank S.A.E.C.A, compras vía e-commerce y QR según aplicación de promoción (ver cuadro más abajo).. • Si un comercio tiene sucursales en diferentes ciudades, el tope de compra mensual se aplicará por comercio o marca, no por zona. El tope de compra mensual será único para la marca en su conjunto. • Aplica a compras realizadas con tarjetas de crédito MasterCard y Visa de Sudameris Bank S.A.E.C.A. • Promoción válida única y exclusivamente para compras realizadas vía POS de Bancard (Red Infonet). • Las bases y condiciones están sujetas a modificaciones de acuerdo con las posibles variaciones del acuerdo con el comercio, por lo que el Banco se reserva el derecho de aplicar dichas modificaciones, sin previo aviso, y el cliente deberá verificar la versión actualizada de las Bases y condiciones antes de realizar la transacción. • Los reclamos se tomarán como válidos sobre el último documento actualizado y debe ser el documento vigente durante el día de la compra reclamada. EXCLUSIONES • Se excluyen del beneficio las tarjetas prepagas, de débito, Bancard Check, Gourmet Card, Móvil Card, Productivas y Empresariales. • No aplica a compras a través de otras procesadoras (Dinelco, Cabal, etc). • Se excluyen del beneficio las compras realizadas con plataformas digitales ajenas a cada marca (Pedidos Ya, Monchis, Gu y/o Pedile a Charly). • Esta promoción quedará inactiva automáticamente durante la vigencia de promociones puntuales, como por ejemplo “Día de los Enamorados”, “Día de la Madre”, “Día del Padre”, “Fin de año”, entre otras. Esta cláusula rige únicamente para los comercios que participen de una promoción habitual y a su vez de una puntual. https://www.sudameris.com.py/beneficios",https://www.sudameris.com.py/storage/app/media/ByC/bc-zonasurencarnacion-4926.pdf,Tope de compra mensual: Gs.1.000.000,Zona Sur - Encarnación
Otros,Sudameris,Estilosa Boutique,20% de reintegro + 5% elite Hasta 10 cuotas sin interés,Viernes y sábado,Desde 2026-03-06 hasta 2027-02-28,"20% de reintegro + 5% elite Hasta 10 cuotas sin interés.  1 ZONA SUR – ENCARNACIÓN VIGENCIA • Verificar según aplicación de promoción (ver cuadro más abajo). BENEFICIOS • Descuento en caja del comercio según aplicación de promoción (ver cuadro más abajo). • Reintegro en extracto según aplicación de promoción (ver cuadro más abajo). • Cuotas sin interés según aplicación de promoción (ver cuadro más abajo). CONDICIONES • Tope de compra por cuenta de tarjeta de crédito: según aplicación de promoción (ver cuadro más abajo). • Aplica a compras realizadas únicamente con tarjetas de crédito MasterCard y Visa de Sudameris Bank S.A.E.C.A, compras vía e-commerce y QR según aplicación de promoción (ver cuadro más abajo).. • Si un comercio tiene sucursales en diferentes ciudades, el tope de compra mensual se aplicará por comercio o marca, no por zona. El tope de compra mensual será único para la marca en su conjunto. • Aplica a compras realizadas con tarjetas de crédito MasterCard y Visa de Sudameris Bank S.A.E.C.A. • Promoción válida única y exclusivamente para compras realizadas vía POS de Bancard (Red Infonet). • Las bases y condiciones están sujetas a modificaciones de acuerdo con las posibles variaciones del acuerdo con el comercio, por lo que el Banco se reserva el derecho de aplicar dichas modificaciones, sin previo aviso, y el cliente deberá verificar la versión actualizada de las Bases y condiciones antes de realizar la transacción. • Los reclamos se tomarán como válidos sobre el último documento actualizado y debe ser el documento vigente durante el día de la compra reclamada. EXCLUSIONES • Se excluyen del beneficio las tarjetas prepagas, de débito, Bancard Check, Gourmet Card, Móvil Card, Productivas y Empresariales. • No aplica a compras a través de otras procesadoras (Dinelco, Cabal, etc). • Se excluyen del beneficio las compras realizadas con plataformas digitales ajenas a cada marca (Pedidos Ya, Monchis, Gu y/o Pedile a Charly). • Esta promoción quedará inactiva automáticamente durante la vigencia de promociones puntuales, como por ejemplo “Día de los Enamorados”, “Día de la Madre”, “Día del Padre”, “Fin de año”, entre otras. Esta cláusula rige únicamente para los comercios que participen de una promoción habitual y a su vez de una puntual. https://www.sudameris.com.py/beneficios",https://www.sudameris.com.py/storage/app/media/ByC/bc-zonasurencarnacion-4926.pdf,Tope de compra mensual: GS 1.500.000,Zona Sur - Encarnación
Otros,Sudameris,FARMAVIP,20% de reintegro Hasta 12 cuotas sin interés,El primer lunes de Cada mes,Desde 2026-08-01 hasta 2026-12-31,"20% de reintegro Hasta 12 cuotas sin interés.  1 ZONA ESTE – CIUDAD DEL ESTE VIGENCIA • Verificar según aplicación de promoción (ver cuadro más abajo). BENEFICIOS • Descuento en caja del comercio según aplicación de promoción (ver cuadro más abajo). • Reintegro en extracto según aplicación de promoción (ver cuadro más abajo). • Cuotas sin interés según aplicación de promoción (ver cuadro más abajo). CONDICIONES • Tope de compra por cuenta de tarjeta de crédito: según aplicación de promoción (ver cuadro más abajo). • Aplica a compras realizadas únicamente con tarjetas de crédito MasterCard y Visa de Sudameris Bank S.A.E.C.A, compras vía e-commerce y QR según aplicación de promoción (ver cuadro más abajo).. • Si un comercio tiene sucursales en diferentes ciudades, el tope de compra mensual se aplicará por comercio o marca, no por zona. El tope de compra mensual será único para la marca en su conjunto. • Aplica a compras realizadas con tarjetas de crédito MasterCard y Visa de Sudameris Bank S.A.E.C.A. • Promoción válida única y exclusivamente para compras realizadas vía POS de Bancard (Red Infonet). • Las bases y condiciones están sujetas a modificaciones de acuerdo con las posibles variaciones del acuerdo con el comercio, por lo que el Banco se reserva el derecho de aplicar dichas modificaciones, sin previo aviso, y el cliente deberá verificar la versión actualizada de las Bases y condiciones antes de realizar la transacción. • Los reclamos se tomarán como válidos sobre el último documento actualizado y debe ser el documento vigente durante el día de la compra reclamada. • El fraccionamiento en cuotas se debe solicitar al momento de la compra en caja del comercio. EXCLUSIONES • Se excluyen del beneficio las tarjetas prepagas, de débito, Bancard Check, Gourmet Card, Móvil Card, Productivas y Empresariales. • No aplica a compras vía otras procesadoras (Dinelco, Cabal, etc), sub redes y/o plataformas que no sean Infonet (Pagopar, etc.). • No acumulable/combinable con otras promociones. • Se excluyen del beneficio las compras realizadas con plataformas digitales ajenas a cada marca (Pedidos Ya, Monchis, Gu y/o Pedile a Charly). • Esta promoción quedará inactiva automáticamente durante la vigencia de promociones puntuales, como por ejemplo “Día de los Enamorados”, “Día de la Madre”, “Día del Padre”, “Fin de año”, entre otras. Esta cláusula rige únicamente para los comercios que participen de una promoción habitual y a su vez de una puntual. https://www.sudameris.com.py/beneficios",https://www.sudameris.com.py/storage/app/media/ByC/bc-zonaestecde-090926.pdf,Tope de compra mensual: GS. 800.000,Zona Este - Ciudad del Este
Otros,Sudameris,Farmacia San Antonio,20% de descuento en caja Hasta 12 cuotas sin interés,Viernes,Desde 2026-08-07 hasta 2026-12-31,"20% de descuento en caja Hasta 12 cuotas sin interés. (San Miguel /Tavapy) 1 ZONA ESTE – CIUDAD DEL ESTE VIGENCIA • Verificar según aplicación de promoción (ver cuadro más abajo). BENEFICIOS • Descuento en caja del comercio según aplicación de promoción (ver cuadro más abajo). • Reintegro en extracto según aplicación de promoción (ver cuadro más abajo). • Cuotas sin interés según aplicación de promoción (ver cuadro más abajo). CONDICIONES • Tope de compra por cuenta de tarjeta de crédito: según aplicación de promoción (ver cuadro más abajo). • Aplica a compras realizadas únicamente con tarjetas de crédito MasterCard y Visa de Sudameris Bank S.A.E.C.A, compras vía e-commerce y QR según aplicación de promoción (ver cuadro más abajo).. • Si un comercio tiene sucursales en diferentes ciudades, el tope de compra mensual se aplicará por comercio o marca, no por zona. El tope de compra mensual será único para la marca en su conjunto. • Aplica a compras realizadas con tarjetas de crédito MasterCard y Visa de Sudameris Bank S.A.E.C.A. • Promoción válida única y exclusivamente para compras realizadas vía POS de Bancard (Red Infonet). • Las bases y condiciones están sujetas a modificaciones de acuerdo con las posibles variaciones del acuerdo con el comercio, por lo que el Banco se reserva el derecho de aplicar dichas modificaciones, sin previo aviso, y el cliente deberá verificar la versión actualizada de las Bases y condiciones antes de realizar la transacción. • Los reclamos se tomarán como válidos sobre el último documento actualizado y debe ser el documento vigente durante el día de la compra reclamada. • El fraccionamiento en cuotas se debe solicitar al momento de la compra en caja del comercio. EXCLUSIONES • Se excluyen del beneficio las tarjetas prepagas, de débito, Bancard Check, Gourmet Card, Móvil Card, Productivas y Empresariales. • No aplica a compras vía otras procesadoras (Dinelco, Cabal, etc), sub redes y/o plataformas que no sean Infonet (Pagopar, etc.). • No acumulable/combinable con otras promociones. • Se excluyen del beneficio las compras realizadas con plataformas digitales ajenas a cada marca (Pedidos Ya, Monchis, Gu y/o Pedile a Charly). • Esta promoción quedará inactiva automáticamente durante la vigencia de promociones puntuales, como por ejemplo “Día de los Enamorados”, “Día de la Madre”, “Día del Padre”, “Fin de año”, entre otras. Esta cláusula rige únicamente para los comercios que participen de una promoción habitual y a su vez de una puntual. https://www.sudameris.com.py/beneficios",https://www.sudameris.com.py/storage/app/media/ByC/bc-zonaestecde-090926.pdf,Tope de compra mensual: N/A,Zona Este - Ciudad del Este
Otros,Sudameris,Farmavida,20% de reintegro Hasta 12 cuotas sin interés,El primer lunes de cada mes,Desde 2026-08-01 hasta 2026-12-31,"20% de reintegro Hasta 12 cuotas sin interés.  1 ZONA SUR – ENCARNACIÓN VIGENCIA • Verificar según aplicación de promoción (ver cuadro más abajo). BENEFICIOS • Descuento en caja del comercio según aplicación de promoción (ver cuadro más abajo). • Reintegro en extracto según aplicación de promoción (ver cuadro más abajo). • Cuotas sin interés según aplicación de promoción (ver cuadro más abajo). CONDICIONES • Tope de compra por cuenta de tarjeta de crédito: según aplicación de promoción (ver cuadro más abajo). • Aplica a compras realizadas únicamente con tarjetas de crédito MasterCard y Visa de Sudameris Bank S.A.E.C.A, compras vía e-commerce y QR según aplicación de promoción (ver cuadro más abajo).. • Si un comercio tiene sucursales en diferentes ciudades, el tope de compra mensual se aplicará por comercio o marca, no por zona. El tope de compra mensual será único para la marca en su conjunto. • Aplica a compras realizadas con tarjetas de crédito MasterCard y Visa de Sudameris Bank S.A.E.C.A. • Promoción válida única y exclusivamente para compras realizadas vía POS de Bancard (Red Infonet). • Las bases y condiciones están sujetas a modificaciones de acuerdo con las posibles variaciones del acuerdo con el comercio, por lo que el Banco se reserva el derecho de aplicar dichas modificaciones, sin previo aviso, y el cliente deberá verificar la versión actualizada de las Bases y condiciones antes de realizar la transacción. • Los reclamos se tomarán como válidos sobre el último documento actualizado y debe ser el documento vigente durante el día de la compra reclamada. EXCLUSIONES • Se excluyen del beneficio las tarjetas prepagas, de débito, Bancard Check, Gourmet Card, Móvil Card, Productivas y Empresariales. • No aplica a compras a través de otras procesadoras (Dinelco, Cabal, etc). • Se excluyen del beneficio las compras realizadas con plataformas digitales ajenas a cada marca (Pedidos Ya, Monchis, Gu y/o Pedile a Charly). • Esta promoción quedará inactiva automáticamente durante la vigencia de promociones puntuales, como por ejemplo “Día de los Enamorados”, “Día de la Madre”, “Día del Padre”, “Fin de año”, entre otras. Esta cláusula rige únicamente para los comercios que participen de una promoción habitual y a su vez de una puntual. https://www.sudameris.com.py/beneficios",https://www.sudameris.com.py/storage/app/media/ByC/bc-zonasurencarnacion-4926.pdf,Tope de compra mensual: GS. 1.000.000,Zona Sur - Encarnación
Otros,Sudameris,Farmavida,20% de reintegro Hasta 12 cuotas sin interés,El primer lunes de cada mes,Desde 2026-08-01 hasta 2026-12-31,"20% de reintegro Hasta 12 cuotas sin interés.  1 ZONA ESTE – CIUDAD DEL ESTE VIGENCIA • Verificar según aplicación de promoción (ver cuadro más abajo). BENEFICIOS • Descuento en caja del comercio según aplicación de promoción (ver cuadro más abajo). • Reintegro en extracto según aplicación de promoción (ver cuadro más abajo). • Cuotas sin interés según aplicación de promoción (ver cuadro más abajo). CONDICIONES • Tope de compra por cuenta de tarjeta de crédito: según aplicación de promoción (ver cuadro más abajo). • Aplica a compras realizadas únicamente con tarjetas de crédito MasterCard y Visa de Sudameris Bank S.A.E.C.A, compras vía e-commerce y QR según aplicación de promoción (ver cuadro más abajo).. • Si un comercio tiene sucursales en diferentes ciudades, el tope de compra mensual se aplicará por comercio o marca, no por zona. El tope de compra mensual será único para la marca en su conjunto. • Aplica a compras realizadas con tarjetas de crédito MasterCard y Visa de Sudameris Bank S.A.E.C.A. • Promoción válida única y exclusivamente para compras realizadas vía POS de Bancard (Red Infonet). • Las bases y condiciones están sujetas a modificaciones de acuerdo con las posibles variaciones del acuerdo con el comercio, por lo que el Banco se reserva el derecho de aplicar dichas modificaciones, sin previo aviso, y el cliente deberá verificar la versión actualizada de las Bases y condiciones antes de realizar la transacción. • Los reclamos se tomarán como válidos sobre el último documento actualizado y debe ser el documento vigente durante el día de la compra reclamada. • El fraccionamiento en cuotas se debe solicitar al momento de la compra en caja del comercio. EXCLUSIONES • Se excluyen del beneficio las tarjetas prepagas, de débito, Bancard Check, Gourmet Card, Móvil Card, Productivas y Empresariales. • No aplica a compras vía otras procesadoras (Dinelco, Cabal, etc), sub redes y/o plataformas que no sean Infonet (Pagopar, etc.). • No acumulable/combinable con otras promociones. • Se excluyen del beneficio las compras realizadas con plataformas digitales ajenas a cada marca (Pedidos Ya, Monchis, Gu y/o Pedile a Charly). • Esta promoción quedará inactiva automáticamente durante la vigencia de promociones puntuales, como por ejemplo “Día de los Enamorados”, “Día de la Madre”, “Día del Padre”, “Fin de año”, entre otras. Esta cláusula rige únicamente para los comercios que participen de una promoción habitual y a su vez de una puntual. https://www.sudameris.com.py/beneficios",https://www.sudameris.com.py/storage/app/media/ByC/bc-zonaestecde-090926.pdf,Tope de compra mensual: GS. 1.000.000,Zona Este - Ciudad del Este
Otros,Sudameris,Fashion Calzados,20% de reintegro + 5% elite Hasta 10 cuotas sin interés,viernes y sábado,Desde 2026-03-06 hasta 2027-02-28,"20% de reintegro + 5% elite Hasta 10 cuotas sin interés.  1 ZONA SUR – ENCARNACIÓN VIGENCIA • Verificar según aplicación de promoción (ver cuadro más abajo). BENEFICIOS • Descuento en caja del comercio según aplicación de promoción (ver cuadro más abajo). • Reintegro en extracto según aplicación de promoción (ver cuadro más abajo). • Cuotas sin interés según aplicación de promoción (ver cuadro más abajo). CONDICIONES • Tope de compra por cuenta de tarjeta de crédito: según aplicación de promoción (ver cuadro más abajo). • Aplica a compras realizadas únicamente con tarjetas de crédito MasterCard y Visa de Sudameris Bank S.A.E.C.A, compras vía e-commerce y QR según aplicación de promoción (ver cuadro más abajo).. • Si un comercio tiene sucursales en diferentes ciudades, el tope de compra mensual se aplicará por comercio o marca, no por zona. El tope de compra mensual será único para la marca en su conjunto. • Aplica a compras realizadas con tarjetas de crédito MasterCard y Visa de Sudameris Bank S.A.E.C.A. • Promoción válida única y exclusivamente para compras realizadas vía POS de Bancard (Red Infonet). • Las bases y condiciones están sujetas a modificaciones de acuerdo con las posibles variaciones del acuerdo con el comercio, por lo que el Banco se reserva el derecho de aplicar dichas modificaciones, sin previo aviso, y el cliente deberá verificar la versión actualizada de las Bases y condiciones antes de realizar la transacción. • Los reclamos se tomarán como válidos sobre el último documento actualizado y debe ser el documento vigente durante el día de la compra reclamada. EXCLUSIONES • Se excluyen del beneficio las tarjetas prepagas, de débito, Bancard Check, Gourmet Card, Móvil Card, Productivas y Empresariales. • No aplica a compras a través de otras procesadoras (Dinelco, Cabal, etc). • Se excluyen del beneficio las compras realizadas con plataformas digitales ajenas a cada marca (Pedidos Ya, Monchis, Gu y/o Pedile a Charly). • Esta promoción quedará inactiva automáticamente durante la vigencia de promociones puntuales, como por ejemplo “Día de los Enamorados”, “Día de la Madre”, “Día del Padre”, “Fin de año”, entre otras. Esta cláusula rige únicamente para los comercios que participen de una promoción habitual y a su vez de una puntual. https://www.sudameris.com.py/beneficios",https://www.sudameris.com.py/storage/app/media/ByC/bc-zonasurencarnacion-4926.pdf,Tope de compra mensual: Gs. 1.000.000,Zona Sur - Encarnación
Otros,Sudameris,Galway,20% de reintegro,Viernes a Domingo,Desde 2026-03-06 hasta 2027-02-28,"20% de reintegro.  1 ZONA SUR – ENCARNACIÓN VIGENCIA • Verificar según aplicación de promoción (ver cuadro más abajo). BENEFICIOS • Descuento en caja del comercio según aplicación de promoción (ver cuadro más abajo). • Reintegro en extracto según aplicación de promoción (ver cuadro más abajo). • Cuotas sin interés según aplicación de promoción (ver cuadro más abajo). CONDICIONES • Tope de compra por cuenta de tarjeta de crédito: según aplicación de promoción (ver cuadro más abajo). • Aplica a compras realizadas únicamente con tarjetas de crédito MasterCard y Visa de Sudameris Bank S.A.E.C.A, compras vía e-commerce y QR según aplicación de promoción (ver cuadro más abajo).. • Si un comercio tiene sucursales en diferentes ciudades, el tope de compra mensual se aplicará por comercio o marca, no por zona. El tope de compra mensual será único para la marca en su conjunto. • Aplica a compras realizadas con tarjetas de crédito MasterCard y Visa de Sudameris Bank S.A.E.C.A. • Promoción válida única y exclusivamente para compras realizadas vía POS de Bancard (Red Infonet). • Las bases y condiciones están sujetas a modificaciones de acuerdo con las posibles variaciones del acuerdo con el comercio, por lo que el Banco se reserva el derecho de aplicar dichas modificaciones, sin previo aviso, y el cliente deberá verificar la versión actualizada de las Bases y condiciones antes de realizar la transacción. • Los reclamos se tomarán como válidos sobre el último documento actualizado y debe ser el documento vigente durante el día de la compra reclamada. EXCLUSIONES • Se excluyen del beneficio las tarjetas prepagas, de débito, Bancard Check, Gourmet Card, Móvil Card, Productivas y Empresariales. • No aplica a compras a través de otras procesadoras (Dinelco, Cabal, etc). • Se excluyen del beneficio las compras realizadas con plataformas digitales ajenas a cada marca (Pedidos Ya, Monchis, Gu y/o Pedile a Charly). • Esta promoción quedará inactiva automáticamente durante la vigencia de promociones puntuales, como por ejemplo “Día de los Enamorados”, “Día de la Madre”, “Día del Padre”, “Fin de año”, entre otras. Esta cláusula rige únicamente para los comercios que participen de una promoción habitual y a su vez de una puntual. https://www.sudameris.com.py/beneficios",https://www.sudameris.com.py/storage/app/media/ByC/bc-zonasurencarnacion-4926.pdf,Tope de compra mensual: Gs. 500.000,Zona Sur - Encarnación
Otros,Sudameris,Glamour By Sandri,20% de reintegro Hasta 10 cuotas sin interés,viernes y sábado,Desde 2026-03-06 hasta 2027-02-28,"20% de reintegro Hasta 10 cuotas sin interés.  1 ZONA SUR – ENCARNACIÓN VIGENCIA • Verificar según aplicación de promoción (ver cuadro más abajo). BENEFICIOS • Descuento en caja del comercio según aplicación de promoción (ver cuadro más abajo). • Reintegro en extracto según aplicación de promoción (ver cuadro más abajo). • Cuotas sin interés según aplicación de promoción (ver cuadro más abajo). CONDICIONES • Tope de compra por cuenta de tarjeta de crédito: según aplicación de promoción (ver cuadro más abajo). • Aplica a compras realizadas únicamente con tarjetas de crédito MasterCard y Visa de Sudameris Bank S.A.E.C.A, compras vía e-commerce y QR según aplicación de promoción (ver cuadro más abajo).. • Si un comercio tiene sucursales en diferentes ciudades, el tope de compra mensual se aplicará por comercio o marca, no por zona. El tope de compra mensual será único para la marca en su conjunto. • Aplica a compras realizadas con tarjetas de crédito MasterCard y Visa de Sudameris Bank S.A.E.C.A. • Promoción válida única y exclusivamente para compras realizadas vía POS de Bancard (Red Infonet). • Las bases y condiciones están sujetas a modificaciones de acuerdo con las posibles variaciones del acuerdo con el comercio, por lo que el Banco se reserva el derecho de aplicar dichas modificaciones, sin previo aviso, y el cliente deberá verificar la versión actualizada de las Bases y condiciones antes de realizar la transacción. • Los reclamos se tomarán como válidos sobre el último documento actualizado y debe ser el documento vigente durante el día de la compra reclamada. EXCLUSIONES • Se excluyen del beneficio las tarjetas prepagas, de débito, Bancard Check, Gourmet Card, Móvil Card, Productivas y Empresariales. • No aplica a compras a través de otras procesadoras (Dinelco, Cabal, etc). • Se excluyen del beneficio las compras realizadas con plataformas digitales ajenas a cada marca (Pedidos Ya, Monchis, Gu y/o Pedile a Charly). • Esta promoción quedará inactiva automáticamente durante la vigencia de promociones puntuales, como por ejemplo “Día de los Enamorados”, “Día de la Madre”, “Día del Padre”, “Fin de año”, entre otras. Esta cláusula rige únicamente para los comercios que participen de una promoción habitual y a su vez de una puntual. https://www.sudameris.com.py/beneficios",https://www.sudameris.com.py/storage/app/media/ByC/bc-zonasurencarnacion-4926.pdf,Tope de compra mensual: Gs.500.000,Zona Sur - Encarnación
Otros,Sudameris,Granel Mercado Natural,20% de reintegro + 5% elite,Último sábado de cada mes,Inicio no confirmado (0.07.26 en el PDF). Hasta 2026-12-31,"20% de reintegro + 5% elite.  1 ZONA ESTE – CIUDAD DEL ESTE VIGENCIA • Verificar según aplicación de promoción (ver cuadro más abajo). BENEFICIOS • Descuento en caja del comercio según aplicación de promoción (ver cuadro más abajo). • Reintegro en extracto según aplicación de promoción (ver cuadro más abajo). • Cuotas sin interés según aplicación de promoción (ver cuadro más abajo). CONDICIONES • Tope de compra por cuenta de tarjeta de crédito: según aplicación de promoción (ver cuadro más abajo). • Aplica a compras realizadas únicamente con tarjetas de crédito MasterCard y Visa de Sudameris Bank S.A.E.C.A, compras vía e-commerce y QR según aplicación de promoción (ver cuadro más abajo).. • Si un comercio tiene sucursales en diferentes ciudades, el tope de compra mensual se aplicará por comercio o marca, no por zona. El tope de compra mensual será único para la marca en su conjunto. • Aplica a compras realizadas con tarjetas de crédito MasterCard y Visa de Sudameris Bank S.A.E.C.A. • Promoción válida única y exclusivamente para compras realizadas vía POS de Bancard (Red Infonet). • Las bases y condiciones están sujetas a modificaciones de acuerdo con las posibles variaciones del acuerdo con el comercio, por lo que el Banco se reserva el derecho de aplicar dichas modificaciones, sin previo aviso, y el cliente deberá verificar la versión actualizada de las Bases y condiciones antes de realizar la transacción. • Los reclamos se tomarán como válidos sobre el último documento actualizado y debe ser el documento vigente durante el día de la compra reclamada. • El fraccionamiento en cuotas se debe solicitar al momento de la compra en caja del comercio. EXCLUSIONES • Se excluyen del beneficio las tarjetas prepagas, de débito, Bancard Check, Gourmet Card, Móvil Card, Productivas y Empresariales. • No aplica a compras vía otras procesadoras (Dinelco, Cabal, etc), sub redes y/o plataformas que no sean Infonet (Pagopar, etc.). • No acumulable/combinable con otras promociones. • Se excluyen del beneficio las compras realizadas con plataformas digitales ajenas a cada marca (Pedidos Ya, Monchis, Gu y/o Pedile a Charly). • Esta promoción quedará inactiva automáticamente durante la vigencia de promociones puntuales, como por ejemplo “Día de los Enamorados”, “Día de la Madre”, “Día del Padre”, “Fin de año”, entre otras. Esta cláusula rige únicamente para los comercios que participen de una promoción habitual y a su vez de una puntual. https://www.sudameris.com.py/beneficios",https://www.sudameris.com.py/storage/app/media/ByC/bc-zonaestecde-090926.pdf,Tope de compra mensual: GS. 500.000,Zona Este - Ciudad del Este
Otros,Sudameris,INTERCOLEGIAL TRINITY - FOODPARK,20%,No especificado,"• Fechas: 18, 19, 20 y 24, 25, 26, 27 de septiembre 2026.",• 20% de reintegro directo en extracto pagando con tarjetas de crédito de Sudameris.,https://www.sudameris.com.py/beneficios/destacado/924/detalle,,
Otros,Sudameris,Jakare La Tienda,20% de reintegro Hasta 10 cuotas sin interés,viernes y sábado,Desde 2026-05-08 hasta 2027-02-27,"20% de reintegro Hasta 10 cuotas sin interés.  1 ZONA SUR – ENCARNACIÓN VIGENCIA • Verificar según aplicación de promoción (ver cuadro más abajo). BENEFICIOS • Descuento en caja del comercio según aplicación de promoción (ver cuadro más abajo). • Reintegro en extracto según aplicación de promoción (ver cuadro más abajo). • Cuotas sin interés según aplicación de promoción (ver cuadro más abajo). CONDICIONES • Tope de compra por cuenta de tarjeta de crédito: según aplicación de promoción (ver cuadro más abajo). • Aplica a compras realizadas únicamente con tarjetas de crédito MasterCard y Visa de Sudameris Bank S.A.E.C.A, compras vía e-commerce y QR según aplicación de promoción (ver cuadro más abajo).. • Si un comercio tiene sucursales en diferentes ciudades, el tope de compra mensual se aplicará por comercio o marca, no por zona. El tope de compra mensual será único para la marca en su conjunto. • Aplica a compras realizadas con tarjetas de crédito MasterCard y Visa de Sudameris Bank S.A.E.C.A. • Promoción válida única y exclusivamente para compras realizadas vía POS de Bancard (Red Infonet). • Las bases y condiciones están sujetas a modificaciones de acuerdo con las posibles variaciones del acuerdo con el comercio, por lo que el Banco se reserva el derecho de aplicar dichas modificaciones, sin previo aviso, y el cliente deberá verificar la versión actualizada de las Bases y condiciones antes de realizar la transacción. • Los reclamos se tomarán como válidos sobre el último documento actualizado y debe ser el documento vigente durante el día de la compra reclamada. EXCLUSIONES • Se excluyen del beneficio las tarjetas prepagas, de débito, Bancard Check, Gourmet Card, Móvil Card, Productivas y Empresariales. • No aplica a compras a través de otras procesadoras (Dinelco, Cabal, etc). • Se excluyen del beneficio las compras realizadas con plataformas digitales ajenas a cada marca (Pedidos Ya, Monchis, Gu y/o Pedile a Charly). • Esta promoción quedará inactiva automáticamente durante la vigencia de promociones puntuales, como por ejemplo “Día de los Enamorados”, “Día de la Madre”, “Día del Padre”, “Fin de año”, entre otras. Esta cláusula rige únicamente para los comercios que participen de una promoción habitual y a su vez de una puntual. https://www.sudameris.com.py/beneficios",https://www.sudameris.com.py/storage/app/media/ByC/bc-zonasurencarnacion-4926.pdf,Tope de compra mensual: Gs. 1.000.000,Zona Sur - Encarnación
Otros,Sudameris,Javi Deportes,20% de reintegro Hasta 10 cuotas sin interés,miércoles,Desde 2025-01-15 hasta 2027-02-24,"20% de reintegro Hasta 10 cuotas sin interés.  1 ZONA SUR – ENCARNACIÓN VIGENCIA • Verificar según aplicación de promoción (ver cuadro más abajo). BENEFICIOS • Descuento en caja del comercio según aplicación de promoción (ver cuadro más abajo). • Reintegro en extracto según aplicación de promoción (ver cuadro más abajo). • Cuotas sin interés según aplicación de promoción (ver cuadro más abajo). CONDICIONES • Tope de compra por cuenta de tarjeta de crédito: según aplicación de promoción (ver cuadro más abajo). • Aplica a compras realizadas únicamente con tarjetas de crédito MasterCard y Visa de Sudameris Bank S.A.E.C.A, compras vía e-commerce y QR según aplicación de promoción (ver cuadro más abajo).. • Si un comercio tiene sucursales en diferentes ciudades, el tope de compra mensual se aplicará por comercio o marca, no por zona. El tope de compra mensual será único para la marca en su conjunto. • Aplica a compras realizadas con tarjetas de crédito MasterCard y Visa de Sudameris Bank S.A.E.C.A. • Promoción válida única y exclusivamente para compras realizadas vía POS de Bancard (Red Infonet). • Las bases y condiciones están sujetas a modificaciones de acuerdo con las posibles variaciones del acuerdo con el comercio, por lo que el Banco se reserva el derecho de aplicar dichas modificaciones, sin previo aviso, y el cliente deberá verificar la versión actualizada de las Bases y condiciones antes de realizar la transacción. • Los reclamos se tomarán como válidos sobre el último documento actualizado y debe ser el documento vigente durante el día de la compra reclamada. EXCLUSIONES • Se excluyen del beneficio las tarjetas prepagas, de débito, Bancard Check, Gourmet Card, Móvil Card, Productivas y Empresariales. • No aplica a compras a través de otras procesadoras (Dinelco, Cabal, etc). • Se excluyen del beneficio las compras realizadas con plataformas digitales ajenas a cada marca (Pedidos Ya, Monchis, Gu y/o Pedile a Charly). • Esta promoción quedará inactiva automáticamente durante la vigencia de promociones puntuales, como por ejemplo “Día de los Enamorados”, “Día de la Madre”, “Día del Padre”, “Fin de año”, entre otras. Esta cláusula rige únicamente para los comercios que participen de una promoción habitual y a su vez de una puntual. https://www.sudameris.com.py/beneficios",https://www.sudameris.com.py/storage/app/media/ByC/bc-zonasurencarnacion-4926.pdf,Tope de compra mensual: Gs. 1.000.000,Zona Sur - Encarnación
Otros,Sudameris,Joyeria Dominguez,20% de reintegro Hasta 12 cuotas sin interés,viernes y sábado,Desde 2026-03-06 hasta 2027-02-28,"20% de reintegro Hasta 12 cuotas sin interés.  1 ZONA SUR – ENCARNACIÓN VIGENCIA • Verificar según aplicación de promoción (ver cuadro más abajo). BENEFICIOS • Descuento en caja del comercio según aplicación de promoción (ver cuadro más abajo). • Reintegro en extracto según aplicación de promoción (ver cuadro más abajo). • Cuotas sin interés según aplicación de promoción (ver cuadro más abajo). CONDICIONES • Tope de compra por cuenta de tarjeta de crédito: según aplicación de promoción (ver cuadro más abajo). • Aplica a compras realizadas únicamente con tarjetas de crédito MasterCard y Visa de Sudameris Bank S.A.E.C.A, compras vía e-commerce y QR según aplicación de promoción (ver cuadro más abajo).. • Si un comercio tiene sucursales en diferentes ciudades, el tope de compra mensual se aplicará por comercio o marca, no por zona. El tope de compra mensual será único para la marca en su conjunto. • Aplica a compras realizadas con tarjetas de crédito MasterCard y Visa de Sudameris Bank S.A.E.C.A. • Promoción válida única y exclusivamente para compras realizadas vía POS de Bancard (Red Infonet). • Las bases y condiciones están sujetas a modificaciones de acuerdo con las posibles variaciones del acuerdo con el comercio, por lo que el Banco se reserva el derecho de aplicar dichas modificaciones, sin previo aviso, y el cliente deberá verificar la versión actualizada de las Bases y condiciones antes de realizar la transacción. • Los reclamos se tomarán como válidos sobre el último documento actualizado y debe ser el documento vigente durante el día de la compra reclamada. EXCLUSIONES • Se excluyen del beneficio las tarjetas prepagas, de débito, Bancard Check, Gourmet Card, Móvil Card, Productivas y Empresariales. • No aplica a compras a través de otras procesadoras (Dinelco, Cabal, etc). • Se excluyen del beneficio las compras realizadas con plataformas digitales ajenas a cada marca (Pedidos Ya, Monchis, Gu y/o Pedile a Charly). • Esta promoción quedará inactiva automáticamente durante la vigencia de promociones puntuales, como por ejemplo “Día de los Enamorados”, “Día de la Madre”, “Día del Padre”, “Fin de año”, entre otras. Esta cláusula rige únicamente para los comercios que participen de una promoción habitual y a su vez de una puntual. https://www.sudameris.com.py/beneficios",https://www.sudameris.com.py/storage/app/media/ByC/bc-zonasurencarnacion-4926.pdf,Tope de compra mensual: Gs.800.000,Zona Sur - Encarnación
Otros,Sudameris,Kyrios,20% de reintegro Hasta 10 cuotas sin interés,Viernes y sábado,Desde 2026-03-06 hasta 2026-08-01,"20% de reintegro Hasta 10 cuotas sin interés.  1 ZONA SUR – ENCARNACIÓN VIGENCIA • Verificar según aplicación de promoción (ver cuadro más abajo). BENEFICIOS • Descuento en caja del comercio según aplicación de promoción (ver cuadro más abajo). • Reintegro en extracto según aplicación de promoción (ver cuadro más abajo). • Cuotas sin interés según aplicación de promoción (ver cuadro más abajo). CONDICIONES • Tope de compra por cuenta de tarjeta de crédito: según aplicación de promoción (ver cuadro más abajo). • Aplica a compras realizadas únicamente con tarjetas de crédito MasterCard y Visa de Sudameris Bank S.A.E.C.A, compras vía e-commerce y QR según aplicación de promoción (ver cuadro más abajo).. • Si un comercio tiene sucursales en diferentes ciudades, el tope de compra mensual se aplicará por comercio o marca, no por zona. El tope de compra mensual será único para la marca en su conjunto. • Aplica a compras realizadas con tarjetas de crédito MasterCard y Visa de Sudameris Bank S.A.E.C.A. • Promoción válida única y exclusivamente para compras realizadas vía POS de Bancard (Red Infonet). • Las bases y condiciones están sujetas a modificaciones de acuerdo con las posibles variaciones del acuerdo con el comercio, por lo que el Banco se reserva el derecho de aplicar dichas modificaciones, sin previo aviso, y el cliente deberá verificar la versión actualizada de las Bases y condiciones antes de realizar la transacción. • Los reclamos se tomarán como válidos sobre el último documento actualizado y debe ser el documento vigente durante el día de la compra reclamada. EXCLUSIONES • Se excluyen del beneficio las tarjetas prepagas, de débito, Bancard Check, Gourmet Card, Móvil Card, Productivas y Empresariales. • No aplica a compras a través de otras procesadoras (Dinelco, Cabal, etc). • Se excluyen del beneficio las compras realizadas con plataformas digitales ajenas a cada marca (Pedidos Ya, Monchis, Gu y/o Pedile a Charly). • Esta promoción quedará inactiva automáticamente durante la vigencia de promociones puntuales, como por ejemplo “Día de los Enamorados”, “Día de la Madre”, “Día del Padre”, “Fin de año”, entre otras. Esta cláusula rige únicamente para los comercios que participen de una promoción habitual y a su vez de una puntual. https://www.sudameris.com.py/beneficios",https://www.sudameris.com.py/storage/app/media/ByC/bc-zonasurencarnacion-4926.pdf,Tope de compra mensual: Gs. 500.000,Zona Sur - Encarnación
Otros,Sudameris,LIDO BAR - APERTURA LOCAL LUQUE,20%,No especificado,• Lunes 21 de septiembre 2026.,• 20% de reintegro directo con tarjetas de crédito de Sudameris.,https://www.sudameris.com.py/beneficios/destacado/640/detalle,,
Otros,Sudameris,La Fabril Pizza,20% de reintegro,viernes y sábado,Desde 2026-03-06 hasta 2027-02-28,"20% de reintegro.  1 ZONA SUR – ENCARNACIÓN VIGENCIA • Verificar según aplicación de promoción (ver cuadro más abajo). BENEFICIOS • Descuento en caja del comercio según aplicación de promoción (ver cuadro más abajo). • Reintegro en extracto según aplicación de promoción (ver cuadro más abajo). • Cuotas sin interés según aplicación de promoción (ver cuadro más abajo). CONDICIONES • Tope de compra por cuenta de tarjeta de crédito: según aplicación de promoción (ver cuadro más abajo). • Aplica a compras realizadas únicamente con tarjetas de crédito MasterCard y Visa de Sudameris Bank S.A.E.C.A, compras vía e-commerce y QR según aplicación de promoción (ver cuadro más abajo).. • Si un comercio tiene sucursales en diferentes ciudades, el tope de compra mensual se aplicará por comercio o marca, no por zona. El tope de compra mensual será único para la marca en su conjunto. • Aplica a compras realizadas con tarjetas de crédito MasterCard y Visa de Sudameris Bank S.A.E.C.A. • Promoción válida única y exclusivamente para compras realizadas vía POS de Bancard (Red Infonet). • Las bases y condiciones están sujetas a modificaciones de acuerdo con las posibles variaciones del acuerdo con el comercio, por lo que el Banco se reserva el derecho de aplicar dichas modificaciones, sin previo aviso, y el cliente deberá verificar la versión actualizada de las Bases y condiciones antes de realizar la transacción. • Los reclamos se tomarán como válidos sobre el último documento actualizado y debe ser el documento vigente durante el día de la compra reclamada. EXCLUSIONES • Se excluyen del beneficio las tarjetas prepagas, de débito, Bancard Check, Gourmet Card, Móvil Card, Productivas y Empresariales. • No aplica a compras a través de otras procesadoras (Dinelco, Cabal, etc). • Se excluyen del beneficio las compras realizadas con plataformas digitales ajenas a cada marca (Pedidos Ya, Monchis, Gu y/o Pedile a Charly). • Esta promoción quedará inactiva automáticamente durante la vigencia de promociones puntuales, como por ejemplo “Día de los Enamorados”, “Día de la Madre”, “Día del Padre”, “Fin de año”, entre otras. Esta cláusula rige únicamente para los comercios que participen de una promoción habitual y a su vez de una puntual. https://www.sudameris.com.py/beneficios",https://www.sudameris.com.py/storage/app/media/ByC/bc-zonasurencarnacion-4926.pdf,Tope de compra mensual: Gs. 600.000,Zona Sur - Encarnación
Otros,Sudameris,La Guarania Gran Almacén,25% de reintegro Hasta 12 cuotas sin interés,Último sábado de cada mes,Desde 2026-07-01 hasta 2026-12-31,"25% de reintegro Hasta 12 cuotas sin interés.  1 ZONA SUR – ENCARNACIÓN VIGENCIA • Verificar según aplicación de promoción (ver cuadro más abajo). BENEFICIOS • Descuento en caja del comercio según aplicación de promoción (ver cuadro más abajo). • Reintegro en extracto según aplicación de promoción (ver cuadro más abajo). • Cuotas sin interés según aplicación de promoción (ver cuadro más abajo). CONDICIONES • Tope de compra por cuenta de tarjeta de crédito: según aplicación de promoción (ver cuadro más abajo). • Aplica a compras realizadas únicamente con tarjetas de crédito MasterCard y Visa de Sudameris Bank S.A.E.C.A, compras vía e-commerce y QR según aplicación de promoción (ver cuadro más abajo).. • Si un comercio tiene sucursales en diferentes ciudades, el tope de compra mensual se aplicará por comercio o marca, no por zona. El tope de compra mensual será único para la marca en su conjunto. • Aplica a compras realizadas con tarjetas de crédito MasterCard y Visa de Sudameris Bank S.A.E.C.A. • Promoción válida única y exclusivamente para compras realizadas vía POS de Bancard (Red Infonet). • Las bases y condiciones están sujetas a modificaciones de acuerdo con las posibles variaciones del acuerdo con el comercio, por lo que el Banco se reserva el derecho de aplicar dichas modificaciones, sin previo aviso, y el cliente deberá verificar la versión actualizada de las Bases y condiciones antes de realizar la transacción. • Los reclamos se tomarán como válidos sobre el último documento actualizado y debe ser el documento vigente durante el día de la compra reclamada. EXCLUSIONES • Se excluyen del beneficio las tarjetas prepagas, de débito, Bancard Check, Gourmet Card, Móvil Card, Productivas y Empresariales. • No aplica a compras a través de otras procesadoras (Dinelco, Cabal, etc). • Se excluyen del beneficio las compras realizadas con plataformas digitales ajenas a cada marca (Pedidos Ya, Monchis, Gu y/o Pedile a Charly). • Esta promoción quedará inactiva automáticamente durante la vigencia de promociones puntuales, como por ejemplo “Día de los Enamorados”, “Día de la Madre”, “Día del Padre”, “Fin de año”, entre otras. Esta cláusula rige únicamente para los comercios que participen de una promoción habitual y a su vez de una puntual. https://www.sudameris.com.py/beneficios",https://www.sudameris.com.py/storage/app/media/ByC/bc-zonasurencarnacion-4926.pdf,Tope de compra mensual: Gs. 800.000,Zona Sur - Encarnación
Otros,Sudameris,Le Chic,20% de reintegro + 5% elite Hasta 10 cuotas sin interés,Viernes y sábado,Desde 2026-03-06 hasta 2027-02-28,"20% de reintegro + 5% elite Hasta 10 cuotas sin interés.  1 ZONA SUR – ENCARNACIÓN VIGENCIA • Verificar según aplicación de promoción (ver cuadro más abajo). BENEFICIOS • Descuento en caja del comercio según aplicación de promoción (ver cuadro más abajo). • Reintegro en extracto según aplicación de promoción (ver cuadro más abajo). • Cuotas sin interés según aplicación de promoción (ver cuadro más abajo). CONDICIONES • Tope de compra por cuenta de tarjeta de crédito: según aplicación de promoción (ver cuadro más abajo). • Aplica a compras realizadas únicamente con tarjetas de crédito MasterCard y Visa de Sudameris Bank S.A.E.C.A, compras vía e-commerce y QR según aplicación de promoción (ver cuadro más abajo).. • Si un comercio tiene sucursales en diferentes ciudades, el tope de compra mensual se aplicará por comercio o marca, no por zona. El tope de compra mensual será único para la marca en su conjunto. • Aplica a compras realizadas con tarjetas de crédito MasterCard y Visa de Sudameris Bank S.A.E.C.A. • Promoción válida única y exclusivamente para compras realizadas vía POS de Bancard (Red Infonet). • Las bases y condiciones están sujetas a modificaciones de acuerdo con las posibles variaciones del acuerdo con el comercio, por lo que el Banco se reserva el derecho de aplicar dichas modificaciones, sin previo aviso, y el cliente deberá verificar la versión actualizada de las Bases y condiciones antes de realizar la transacción. • Los reclamos se tomarán como válidos sobre el último documento actualizado y debe ser el documento vigente durante el día de la compra reclamada. EXCLUSIONES • Se excluyen del beneficio las tarjetas prepagas, de débito, Bancard Check, Gourmet Card, Móvil Card, Productivas y Empresariales. • No aplica a compras a través de otras procesadoras (Dinelco, Cabal, etc). • Se excluyen del beneficio las compras realizadas con plataformas digitales ajenas a cada marca (Pedidos Ya, Monchis, Gu y/o Pedile a Charly). • Esta promoción quedará inactiva automáticamente durante la vigencia de promociones puntuales, como por ejemplo “Día de los Enamorados”, “Día de la Madre”, “Día del Padre”, “Fin de año”, entre otras. Esta cláusula rige únicamente para los comercios que participen de una promoción habitual y a su vez de una puntual. https://www.sudameris.com.py/beneficios",https://www.sudameris.com.py/storage/app/media/ByC/bc-zonasurencarnacion-4926.pdf,Tope de compra mensual: GS 1.000.000,Zona Sur - Encarnación
Otros,Sudameris,Liberato,20% de reintegro Hasta 10 cuotas sin interés,viernes y sábado,Desde 2026-03-06 hasta 2027-02-28,"20% de reintegro Hasta 10 cuotas sin interés. (No aplica WEB) 1 ZONA SUR – ENCARNACIÓN VIGENCIA • Verificar según aplicación de promoción (ver cuadro más abajo). BENEFICIOS • Descuento en caja del comercio según aplicación de promoción (ver cuadro más abajo). • Reintegro en extracto según aplicación de promoción (ver cuadro más abajo). • Cuotas sin interés según aplicación de promoción (ver cuadro más abajo). CONDICIONES • Tope de compra por cuenta de tarjeta de crédito: según aplicación de promoción (ver cuadro más abajo). • Aplica a compras realizadas únicamente con tarjetas de crédito MasterCard y Visa de Sudameris Bank S.A.E.C.A, compras vía e-commerce y QR según aplicación de promoción (ver cuadro más abajo).. • Si un comercio tiene sucursales en diferentes ciudades, el tope de compra mensual se aplicará por comercio o marca, no por zona. El tope de compra mensual será único para la marca en su conjunto. • Aplica a compras realizadas con tarjetas de crédito MasterCard y Visa de Sudameris Bank S.A.E.C.A. • Promoción válida única y exclusivamente para compras realizadas vía POS de Bancard (Red Infonet). • Las bases y condiciones están sujetas a modificaciones de acuerdo con las posibles variaciones del acuerdo con el comercio, por lo que el Banco se reserva el derecho de aplicar dichas modificaciones, sin previo aviso, y el cliente deberá verificar la versión actualizada de las Bases y condiciones antes de realizar la transacción. • Los reclamos se tomarán como válidos sobre el último documento actualizado y debe ser el documento vigente durante el día de la compra reclamada. EXCLUSIONES • Se excluyen del beneficio las tarjetas prepagas, de débito, Bancard Check, Gourmet Card, Móvil Card, Productivas y Empresariales. • No aplica a compras a través de otras procesadoras (Dinelco, Cabal, etc). • Se excluyen del beneficio las compras realizadas con plataformas digitales ajenas a cada marca (Pedidos Ya, Monchis, Gu y/o Pedile a Charly). • Esta promoción quedará inactiva automáticamente durante la vigencia de promociones puntuales, como por ejemplo “Día de los Enamorados”, “Día de la Madre”, “Día del Padre”, “Fin de año”, entre otras. Esta cláusula rige únicamente para los comercios que participen de una promoción habitual y a su vez de una puntual. https://www.sudameris.com.py/beneficios",https://www.sudameris.com.py/storage/app/media/ByC/bc-zonasurencarnacion-4926.pdf,Tope de compra mensual: Gs. 1.000.000,Zona Sur - Encarnación
Otros,Sudameris,MI PORTAL COCA COLA,20% de reintegro Hasta 12 cuotas sin interés,Jueves,Desde 2025-12-18 hasta 2026-07-31,"20% de reintegro Hasta 12 cuotas sin interés. (Aplica Exclusivamente a pagos vía Web) 1 ZONA SUR – ENCARNACIÓN VIGENCIA • Verificar según aplicación de promoción (ver cuadro más abajo). BENEFICIOS • Descuento en caja del comercio según aplicación de promoción (ver cuadro más abajo). • Reintegro en extracto según aplicación de promoción (ver cuadro más abajo). • Cuotas sin interés según aplicación de promoción (ver cuadro más abajo). CONDICIONES • Tope de compra por cuenta de tarjeta de crédito: según aplicación de promoción (ver cuadro más abajo). • Aplica a compras realizadas únicamente con tarjetas de crédito MasterCard y Visa de Sudameris Bank S.A.E.C.A, compras vía e-commerce y QR según aplicación de promoción (ver cuadro más abajo).. • Si un comercio tiene sucursales en diferentes ciudades, el tope de compra mensual se aplicará por comercio o marca, no por zona. El tope de compra mensual será único para la marca en su conjunto. • Aplica a compras realizadas con tarjetas de crédito MasterCard y Visa de Sudameris Bank S.A.E.C.A. • Promoción válida única y exclusivamente para compras realizadas vía POS de Bancard (Red Infonet). • Las bases y condiciones están sujetas a modificaciones de acuerdo con las posibles variaciones del acuerdo con el comercio, por lo que el Banco se reserva el derecho de aplicar dichas modificaciones, sin previo aviso, y el cliente deberá verificar la versión actualizada de las Bases y condiciones antes de realizar la transacción. • Los reclamos se tomarán como válidos sobre el último documento actualizado y debe ser el documento vigente durante el día de la compra reclamada. EXCLUSIONES • Se excluyen del beneficio las tarjetas prepagas, de débito, Bancard Check, Gourmet Card, Móvil Card, Productivas y Empresariales. • No aplica a compras a través de otras procesadoras (Dinelco, Cabal, etc). • Se excluyen del beneficio las compras realizadas con plataformas digitales ajenas a cada marca (Pedidos Ya, Monchis, Gu y/o Pedile a Charly). • Esta promoción quedará inactiva automáticamente durante la vigencia de promociones puntuales, como por ejemplo “Día de los Enamorados”, “Día de la Madre”, “Día del Padre”, “Fin de año”, entre otras. Esta cláusula rige únicamente para los comercios que participen de una promoción habitual y a su vez de una puntual. https://www.sudameris.com.py/beneficios",https://www.sudameris.com.py/storage/app/media/ByC/bc-zonasurencarnacion-4926.pdf,Tope de compra mensual: Gs. 1.000.000,Zona Sur - Encarnación
Otros,Sudameris,Malenki s Moda Infantil,10% de descuento en caja Hasta 10 cuotas sin interés,Todos los días,Desde 2026-06-07 hasta 2026-12-31,"10% de descuento en caja Hasta 10 cuotas sin interés.  1 ZONA SUR – ENCARNACIÓN VIGENCIA • Verificar según aplicación de promoción (ver cuadro más abajo). BENEFICIOS • Descuento en caja del comercio según aplicación de promoción (ver cuadro más abajo). • Reintegro en extracto según aplicación de promoción (ver cuadro más abajo). • Cuotas sin interés según aplicación de promoción (ver cuadro más abajo). CONDICIONES • Tope de compra por cuenta de tarjeta de crédito: según aplicación de promoción (ver cuadro más abajo). • Aplica a compras realizadas únicamente con tarjetas de crédito MasterCard y Visa de Sudameris Bank S.A.E.C.A, compras vía e-commerce y QR según aplicación de promoción (ver cuadro más abajo).. • Si un comercio tiene sucursales en diferentes ciudades, el tope de compra mensual se aplicará por comercio o marca, no por zona. El tope de compra mensual será único para la marca en su conjunto. • Aplica a compras realizadas con tarjetas de crédito MasterCard y Visa de Sudameris Bank S.A.E.C.A. • Promoción válida única y exclusivamente para compras realizadas vía POS de Bancard (Red Infonet). • Las bases y condiciones están sujetas a modificaciones de acuerdo con las posibles variaciones del acuerdo con el comercio, por lo que el Banco se reserva el derecho de aplicar dichas modificaciones, sin previo aviso, y el cliente deberá verificar la versión actualizada de las Bases y condiciones antes de realizar la transacción. • Los reclamos se tomarán como válidos sobre el último documento actualizado y debe ser el documento vigente durante el día de la compra reclamada. EXCLUSIONES • Se excluyen del beneficio las tarjetas prepagas, de débito, Bancard Check, Gourmet Card, Móvil Card, Productivas y Empresariales. • No aplica a compras a través de otras procesadoras (Dinelco, Cabal, etc). • Se excluyen del beneficio las compras realizadas con plataformas digitales ajenas a cada marca (Pedidos Ya, Monchis, Gu y/o Pedile a Charly). • Esta promoción quedará inactiva automáticamente durante la vigencia de promociones puntuales, como por ejemplo “Día de los Enamorados”, “Día de la Madre”, “Día del Padre”, “Fin de año”, entre otras. Esta cláusula rige únicamente para los comercios que participen de una promoción habitual y a su vez de una puntual. https://www.sudameris.com.py/beneficios",https://www.sudameris.com.py/storage/app/media/ByC/bc-zonasurencarnacion-4926.pdf,Tope de compra mensual: N/A,Zona Sur - Encarnación
Otros,Sudameris,Mansion Design,20% de descuento en caja + 10% de reintegro Hasta 12 cuotas sin interés,viernes y sábado,Desde 2026-03-06 hasta 2027-02-28,"20% de descuento en caja + 10% de reintegro Hasta 12 cuotas sin interés. (Deco Group) 1 ZONA SUR – ENCARNACIÓN VIGENCIA • Verificar según aplicación de promoción (ver cuadro más abajo). BENEFICIOS • Descuento en caja del comercio según aplicación de promoción (ver cuadro más abajo). • Reintegro en extracto según aplicación de promoción (ver cuadro más abajo). • Cuotas sin interés según aplicación de promoción (ver cuadro más abajo). CONDICIONES • Tope de compra por cuenta de tarjeta de crédito: según aplicación de promoción (ver cuadro más abajo). • Aplica a compras realizadas únicamente con tarjetas de crédito MasterCard y Visa de Sudameris Bank S.A.E.C.A, compras vía e-commerce y QR según aplicación de promoción (ver cuadro más abajo).. • Si un comercio tiene sucursales en diferentes ciudades, el tope de compra mensual se aplicará por comercio o marca, no por zona. El tope de compra mensual será único para la marca en su conjunto. • Aplica a compras realizadas con tarjetas de crédito MasterCard y Visa de Sudameris Bank S.A.E.C.A. • Promoción válida única y exclusivamente para compras realizadas vía POS de Bancard (Red Infonet). • Las bases y condiciones están sujetas a modificaciones de acuerdo con las posibles variaciones del acuerdo con el comercio, por lo que el Banco se reserva el derecho de aplicar dichas modificaciones, sin previo aviso, y el cliente deberá verificar la versión actualizada de las Bases y condiciones antes de realizar la transacción. • Los reclamos se tomarán como válidos sobre el último documento actualizado y debe ser el documento vigente durante el día de la compra reclamada. EXCLUSIONES • Se excluyen del beneficio las tarjetas prepagas, de débito, Bancard Check, Gourmet Card, Móvil Card, Productivas y Empresariales. • No aplica a compras a través de otras procesadoras (Dinelco, Cabal, etc). • Se excluyen del beneficio las compras realizadas con plataformas digitales ajenas a cada marca (Pedidos Ya, Monchis, Gu y/o Pedile a Charly). • Esta promoción quedará inactiva automáticamente durante la vigencia de promociones puntuales, como por ejemplo “Día de los Enamorados”, “Día de la Madre”, “Día del Padre”, “Fin de año”, entre otras. Esta cláusula rige únicamente para los comercios que participen de una promoción habitual y a su vez de una puntual. https://www.sudameris.com.py/beneficios",https://www.sudameris.com.py/storage/app/media/ByC/bc-zonasurencarnacion-4926.pdf,Tope de compra mensual: En Caja: Gs. 20.000.000 - Reintegro: Gs.3.000.000,Zona Sur - Encarnación
Otros,Sudameris,Mascotas & Cia,20% de reintegro Hasta 10 cuotas sin interés,viernes y sábados,Desde 2026-03-06 hasta 2027-02-27,"20% de reintegro Hasta 10 cuotas sin interés.  1 ZONA ESTE – CIUDAD DEL ESTE VIGENCIA • Verificar según aplicación de promoción (ver cuadro más abajo). BENEFICIOS • Descuento en caja del comercio según aplicación de promoción (ver cuadro más abajo). • Reintegro en extracto según aplicación de promoción (ver cuadro más abajo). • Cuotas sin interés según aplicación de promoción (ver cuadro más abajo). CONDICIONES • Tope de compra por cuenta de tarjeta de crédito: según aplicación de promoción (ver cuadro más abajo). • Aplica a compras realizadas únicamente con tarjetas de crédito MasterCard y Visa de Sudameris Bank S.A.E.C.A, compras vía e-commerce y QR según aplicación de promoción (ver cuadro más abajo).. • Si un comercio tiene sucursales en diferentes ciudades, el tope de compra mensual se aplicará por comercio o marca, no por zona. El tope de compra mensual será único para la marca en su conjunto. • Aplica a compras realizadas con tarjetas de crédito MasterCard y Visa de Sudameris Bank S.A.E.C.A. • Promoción válida única y exclusivamente para compras realizadas vía POS de Bancard (Red Infonet). • Las bases y condiciones están sujetas a modificaciones de acuerdo con las posibles variaciones del acuerdo con el comercio, por lo que el Banco se reserva el derecho de aplicar dichas modificaciones, sin previo aviso, y el cliente deberá verificar la versión actualizada de las Bases y condiciones antes de realizar la transacción. • Los reclamos se tomarán como válidos sobre el último documento actualizado y debe ser el documento vigente durante el día de la compra reclamada. • El fraccionamiento en cuotas se debe solicitar al momento de la compra en caja del comercio. EXCLUSIONES • Se excluyen del beneficio las tarjetas prepagas, de débito, Bancard Check, Gourmet Card, Móvil Card, Productivas y Empresariales. • No aplica a compras vía otras procesadoras (Dinelco, Cabal, etc), sub redes y/o plataformas que no sean Infonet (Pagopar, etc.). • No acumulable/combinable con otras promociones. • Se excluyen del beneficio las compras realizadas con plataformas digitales ajenas a cada marca (Pedidos Ya, Monchis, Gu y/o Pedile a Charly). • Esta promoción quedará inactiva automáticamente durante la vigencia de promociones puntuales, como por ejemplo “Día de los Enamorados”, “Día de la Madre”, “Día del Padre”, “Fin de año”, entre otras. Esta cláusula rige únicamente para los comercios que participen de una promoción habitual y a su vez de una puntual. https://www.sudameris.com.py/beneficios",https://www.sudameris.com.py/storage/app/media/ByC/bc-zonaestecde-090926.pdf,Tope de compra mensual: GS. 800.000,Zona Este - Ciudad del Este
Otros,Sudameris,Me Encanta,20% de reintegro Hasta 12 cuotas sin interés,viernes y sábado,Desde 2026-03-06 hasta 2027-02-28,"20% de reintegro Hasta 12 cuotas sin interés.  1 ZONA SUR – ENCARNACIÓN VIGENCIA • Verificar según aplicación de promoción (ver cuadro más abajo). BENEFICIOS • Descuento en caja del comercio según aplicación de promoción (ver cuadro más abajo). • Reintegro en extracto según aplicación de promoción (ver cuadro más abajo). • Cuotas sin interés según aplicación de promoción (ver cuadro más abajo). CONDICIONES • Tope de compra por cuenta de tarjeta de crédito: según aplicación de promoción (ver cuadro más abajo). • Aplica a compras realizadas únicamente con tarjetas de crédito MasterCard y Visa de Sudameris Bank S.A.E.C.A, compras vía e-commerce y QR según aplicación de promoción (ver cuadro más abajo).. • Si un comercio tiene sucursales en diferentes ciudades, el tope de compra mensual se aplicará por comercio o marca, no por zona. El tope de compra mensual será único para la marca en su conjunto. • Aplica a compras realizadas con tarjetas de crédito MasterCard y Visa de Sudameris Bank S.A.E.C.A. • Promoción válida única y exclusivamente para compras realizadas vía POS de Bancard (Red Infonet). • Las bases y condiciones están sujetas a modificaciones de acuerdo con las posibles variaciones del acuerdo con el comercio, por lo que el Banco se reserva el derecho de aplicar dichas modificaciones, sin previo aviso, y el cliente deberá verificar la versión actualizada de las Bases y condiciones antes de realizar la transacción. • Los reclamos se tomarán como válidos sobre el último documento actualizado y debe ser el documento vigente durante el día de la compra reclamada. EXCLUSIONES • Se excluyen del beneficio las tarjetas prepagas, de débito, Bancard Check, Gourmet Card, Móvil Card, Productivas y Empresariales. • No aplica a compras a través de otras procesadoras (Dinelco, Cabal, etc). • Se excluyen del beneficio las compras realizadas con plataformas digitales ajenas a cada marca (Pedidos Ya, Monchis, Gu y/o Pedile a Charly). • Esta promoción quedará inactiva automáticamente durante la vigencia de promociones puntuales, como por ejemplo “Día de los Enamorados”, “Día de la Madre”, “Día del Padre”, “Fin de año”, entre otras. Esta cláusula rige únicamente para los comercios que participen de una promoción habitual y a su vez de una puntual. https://www.sudameris.com.py/beneficios",https://www.sudameris.com.py/storage/app/media/ByC/bc-zonasurencarnacion-4926.pdf,Tope de compra mensual: Gs.800.000,Zona Sur - Encarnación
Otros,Sudameris,Megastar,20% de reintegro Hasta 12 cuotas sin interés,viernes y sábados,Desde 2025-08-15 hasta 2027-02-27,"20% de reintegro Hasta 12 cuotas sin interés.  1 ZONA ESTE – CIUDAD DEL ESTE VIGENCIA • Verificar según aplicación de promoción (ver cuadro más abajo). BENEFICIOS • Descuento en caja del comercio según aplicación de promoción (ver cuadro más abajo). • Reintegro en extracto según aplicación de promoción (ver cuadro más abajo). • Cuotas sin interés según aplicación de promoción (ver cuadro más abajo). CONDICIONES • Tope de compra por cuenta de tarjeta de crédito: según aplicación de promoción (ver cuadro más abajo). • Aplica a compras realizadas únicamente con tarjetas de crédito MasterCard y Visa de Sudameris Bank S.A.E.C.A, compras vía e-commerce y QR según aplicación de promoción (ver cuadro más abajo).. • Si un comercio tiene sucursales en diferentes ciudades, el tope de compra mensual se aplicará por comercio o marca, no por zona. El tope de compra mensual será único para la marca en su conjunto. • Aplica a compras realizadas con tarjetas de crédito MasterCard y Visa de Sudameris Bank S.A.E.C.A. • Promoción válida única y exclusivamente para compras realizadas vía POS de Bancard (Red Infonet). • Las bases y condiciones están sujetas a modificaciones de acuerdo con las posibles variaciones del acuerdo con el comercio, por lo que el Banco se reserva el derecho de aplicar dichas modificaciones, sin previo aviso, y el cliente deberá verificar la versión actualizada de las Bases y condiciones antes de realizar la transacción. • Los reclamos se tomarán como válidos sobre el último documento actualizado y debe ser el documento vigente durante el día de la compra reclamada. • El fraccionamiento en cuotas se debe solicitar al momento de la compra en caja del comercio. EXCLUSIONES • Se excluyen del beneficio las tarjetas prepagas, de débito, Bancard Check, Gourmet Card, Móvil Card, Productivas y Empresariales. • No aplica a compras vía otras procesadoras (Dinelco, Cabal, etc), sub redes y/o plataformas que no sean Infonet (Pagopar, etc.). • No acumulable/combinable con otras promociones. • Se excluyen del beneficio las compras realizadas con plataformas digitales ajenas a cada marca (Pedidos Ya, Monchis, Gu y/o Pedile a Charly). • Esta promoción quedará inactiva automáticamente durante la vigencia de promociones puntuales, como por ejemplo “Día de los Enamorados”, “Día de la Madre”, “Día del Padre”, “Fin de año”, entre otras. Esta cláusula rige únicamente para los comercios que participen de una promoción habitual y a su vez de una puntual. https://www.sudameris.com.py/beneficios",https://www.sudameris.com.py/storage/app/media/ByC/bc-zonaestecde-090926.pdf,Tope de compra mensual: GS. 1.000.000,Zona Este - Ciudad del Este
Otros,Sudameris,Milord,"Hasta 50% de descuento en caja (según edad cumplida del cliente, con tope de hasta 50%), válido para un solo uso en fecha de cumpleaños. No incluye feriados y día de los enamorados 2026.",cumpleaños,Desde 2025-04-01 hasta 2026-02-28,"Hasta 50% de descuento en caja (según edad cumplida del cliente, con tope de hasta 50%), válido para un solo uso en fecha de cumpleaños. No incluye feriados y día de los enamorados 2026..  1 ZONA SUR – ENCARNACIÓN VIGENCIA • Verificar según aplicación de promoción (ver cuadro más abajo). BENEFICIOS • Descuento en caja del comercio según aplicación de promoción (ver cuadro más abajo). • Reintegro en extracto según aplicación de promoción (ver cuadro más abajo). • Cuotas sin interés según aplicación de promoción (ver cuadro más abajo). CONDICIONES • Tope de compra por cuenta de tarjeta de crédito: según aplicación de promoción (ver cuadro más abajo). • Aplica a compras realizadas únicamente con tarjetas de crédito MasterCard y Visa de Sudameris Bank S.A.E.C.A, compras vía e-commerce y QR según aplicación de promoción (ver cuadro más abajo).. • Si un comercio tiene sucursales en diferentes ciudades, el tope de compra mensual se aplicará por comercio o marca, no por zona. El tope de compra mensual será único para la marca en su conjunto. • Aplica a compras realizadas con tarjetas de crédito MasterCard y Visa de Sudameris Bank S.A.E.C.A. • Promoción válida única y exclusivamente para compras realizadas vía POS de Bancard (Red Infonet). • Las bases y condiciones están sujetas a modificaciones de acuerdo con las posibles variaciones del acuerdo con el comercio, por lo que el Banco se reserva el derecho de aplicar dichas modificaciones, sin previo aviso, y el cliente deberá verificar la versión actualizada de las Bases y condiciones antes de realizar la transacción. • Los reclamos se tomarán como válidos sobre el último documento actualizado y debe ser el documento vigente durante el día de la compra reclamada. EXCLUSIONES • Se excluyen del beneficio las tarjetas prepagas, de débito, Bancard Check, Gourmet Card, Móvil Card, Productivas y Empresariales. • No aplica a compras a través de otras procesadoras (Dinelco, Cabal, etc). • Se excluyen del beneficio las compras realizadas con plataformas digitales ajenas a cada marca (Pedidos Ya, Monchis, Gu y/o Pedile a Charly). • Esta promoción quedará inactiva automáticamente durante la vigencia de promociones puntuales, como por ejemplo “Día de los Enamorados”, “Día de la Madre”, “Día del Padre”, “Fin de año”, entre otras. Esta cláusula rige únicamente para los comercios que participen de una promoción habitual y a su vez de una puntual. https://www.sudameris.com.py/beneficios",https://www.sudameris.com.py/storage/app/media/ByC/bc-zonasurencarnacion-4926.pdf,Tope de compra mensual: Sin Tope de compra,Zona Sur - Encarnación
Otros,Sudameris,Mirkel,20% de reintegro Hasta 10 cuotas sin interés,Viernes y sábado,Desde 2026-03-13 hasta 2026-08-01,"20% de reintegro Hasta 10 cuotas sin interés.  1 ZONA SUR – ENCARNACIÓN VIGENCIA • Verificar según aplicación de promoción (ver cuadro más abajo). BENEFICIOS • Descuento en caja del comercio según aplicación de promoción (ver cuadro más abajo). • Reintegro en extracto según aplicación de promoción (ver cuadro más abajo). • Cuotas sin interés según aplicación de promoción (ver cuadro más abajo). CONDICIONES • Tope de compra por cuenta de tarjeta de crédito: según aplicación de promoción (ver cuadro más abajo). • Aplica a compras realizadas únicamente con tarjetas de crédito MasterCard y Visa de Sudameris Bank S.A.E.C.A, compras vía e-commerce y QR según aplicación de promoción (ver cuadro más abajo).. • Si un comercio tiene sucursales en diferentes ciudades, el tope de compra mensual se aplicará por comercio o marca, no por zona. El tope de compra mensual será único para la marca en su conjunto. • Aplica a compras realizadas con tarjetas de crédito MasterCard y Visa de Sudameris Bank S.A.E.C.A. • Promoción válida única y exclusivamente para compras realizadas vía POS de Bancard (Red Infonet). • Las bases y condiciones están sujetas a modificaciones de acuerdo con las posibles variaciones del acuerdo con el comercio, por lo que el Banco se reserva el derecho de aplicar dichas modificaciones, sin previo aviso, y el cliente deberá verificar la versión actualizada de las Bases y condiciones antes de realizar la transacción. • Los reclamos se tomarán como válidos sobre el último documento actualizado y debe ser el documento vigente durante el día de la compra reclamada. EXCLUSIONES • Se excluyen del beneficio las tarjetas prepagas, de débito, Bancard Check, Gourmet Card, Móvil Card, Productivas y Empresariales. • No aplica a compras a través de otras procesadoras (Dinelco, Cabal, etc). • Se excluyen del beneficio las compras realizadas con plataformas digitales ajenas a cada marca (Pedidos Ya, Monchis, Gu y/o Pedile a Charly). • Esta promoción quedará inactiva automáticamente durante la vigencia de promociones puntuales, como por ejemplo “Día de los Enamorados”, “Día de la Madre”, “Día del Padre”, “Fin de año”, entre otras. Esta cláusula rige únicamente para los comercios que participen de una promoción habitual y a su vez de una puntual. https://www.sudameris.com.py/beneficios",https://www.sudameris.com.py/storage/app/media/ByC/bc-zonasurencarnacion-4926.pdf,Tope de compra mensual: Gs. 800.000,Zona Sur - Encarnación
Otros,Sudameris,Morena Canela,20% de reintegro + 5% elite Hasta 10 cuotas sin interés,viernes y sábados,Desde 2026-05-15 hasta 2027-02-27,"20% de reintegro + 5% elite Hasta 10 cuotas sin interés.  1 ZONA ESTE – CIUDAD DEL ESTE VIGENCIA • Verificar según aplicación de promoción (ver cuadro más abajo). BENEFICIOS • Descuento en caja del comercio según aplicación de promoción (ver cuadro más abajo). • Reintegro en extracto según aplicación de promoción (ver cuadro más abajo). • Cuotas sin interés según aplicación de promoción (ver cuadro más abajo). CONDICIONES • Tope de compra por cuenta de tarjeta de crédito: según aplicación de promoción (ver cuadro más abajo). • Aplica a compras realizadas únicamente con tarjetas de crédito MasterCard y Visa de Sudameris Bank S.A.E.C.A, compras vía e-commerce y QR según aplicación de promoción (ver cuadro más abajo).. • Si un comercio tiene sucursales en diferentes ciudades, el tope de compra mensual se aplicará por comercio o marca, no por zona. El tope de compra mensual será único para la marca en su conjunto. • Aplica a compras realizadas con tarjetas de crédito MasterCard y Visa de Sudameris Bank S.A.E.C.A. • Promoción válida única y exclusivamente para compras realizadas vía POS de Bancard (Red Infonet). • Las bases y condiciones están sujetas a modificaciones de acuerdo con las posibles variaciones del acuerdo con el comercio, por lo que el Banco se reserva el derecho de aplicar dichas modificaciones, sin previo aviso, y el cliente deberá verificar la versión actualizada de las Bases y condiciones antes de realizar la transacción. • Los reclamos se tomarán como válidos sobre el último documento actualizado y debe ser el documento vigente durante el día de la compra reclamada. • El fraccionamiento en cuotas se debe solicitar al momento de la compra en caja del comercio. EXCLUSIONES • Se excluyen del beneficio las tarjetas prepagas, de débito, Bancard Check, Gourmet Card, Móvil Card, Productivas y Empresariales. • No aplica a compras vía otras procesadoras (Dinelco, Cabal, etc), sub redes y/o plataformas que no sean Infonet (Pagopar, etc.). • No acumulable/combinable con otras promociones. • Se excluyen del beneficio las compras realizadas con plataformas digitales ajenas a cada marca (Pedidos Ya, Monchis, Gu y/o Pedile a Charly). • Esta promoción quedará inactiva automáticamente durante la vigencia de promociones puntuales, como por ejemplo “Día de los Enamorados”, “Día de la Madre”, “Día del Padre”, “Fin de año”, entre otras. Esta cláusula rige únicamente para los comercios que participen de una promoción habitual y a su vez de una puntual. https://www.sudameris.com.py/beneficios",https://www.sudameris.com.py/storage/app/media/ByC/bc-zonaestecde-090926.pdf,Tope de compra mensual: Gs. 500.000,Zona Este - Ciudad del Este
Otros,Sudameris,Mátalas,20% de reintegro,Viernes y sábado,Desde 2025-10-24 hasta 2026-02-28,"20% de reintegro.  1 ZONA SUR – ENCARNACIÓN VIGENCIA • Verificar según aplicación de promoción (ver cuadro más abajo). BENEFICIOS • Descuento en caja del comercio según aplicación de promoción (ver cuadro más abajo). • Reintegro en extracto según aplicación de promoción (ver cuadro más abajo). • Cuotas sin interés según aplicación de promoción (ver cuadro más abajo). CONDICIONES • Tope de compra por cuenta de tarjeta de crédito: según aplicación de promoción (ver cuadro más abajo). • Aplica a compras realizadas únicamente con tarjetas de crédito MasterCard y Visa de Sudameris Bank S.A.E.C.A, compras vía e-commerce y QR según aplicación de promoción (ver cuadro más abajo).. • Si un comercio tiene sucursales en diferentes ciudades, el tope de compra mensual se aplicará por comercio o marca, no por zona. El tope de compra mensual será único para la marca en su conjunto. • Aplica a compras realizadas con tarjetas de crédito MasterCard y Visa de Sudameris Bank S.A.E.C.A. • Promoción válida única y exclusivamente para compras realizadas vía POS de Bancard (Red Infonet). • Las bases y condiciones están sujetas a modificaciones de acuerdo con las posibles variaciones del acuerdo con el comercio, por lo que el Banco se reserva el derecho de aplicar dichas modificaciones, sin previo aviso, y el cliente deberá verificar la versión actualizada de las Bases y condiciones antes de realizar la transacción. • Los reclamos se tomarán como válidos sobre el último documento actualizado y debe ser el documento vigente durante el día de la compra reclamada. EXCLUSIONES • Se excluyen del beneficio las tarjetas prepagas, de débito, Bancard Check, Gourmet Card, Móvil Card, Productivas y Empresariales. • No aplica a compras a través de otras procesadoras (Dinelco, Cabal, etc). • Se excluyen del beneficio las compras realizadas con plataformas digitales ajenas a cada marca (Pedidos Ya, Monchis, Gu y/o Pedile a Charly). • Esta promoción quedará inactiva automáticamente durante la vigencia de promociones puntuales, como por ejemplo “Día de los Enamorados”, “Día de la Madre”, “Día del Padre”, “Fin de año”, entre otras. Esta cláusula rige únicamente para los comercios que participen de una promoción habitual y a su vez de una puntual. https://www.sudameris.com.py/beneficios",https://www.sudameris.com.py/storage/app/media/ByC/bc-zonasurencarnacion-4926.pdf,Tope de compra mensual: Gs. 800.000,Zona Sur - Encarnación
Otros,Sudameris,Nutrifrut,20% de reintegro,jueves a domingo,Desde 2026-03-06 hasta 2027-02-28,"20% de reintegro.  1 ZONA SUR – ENCARNACIÓN VIGENCIA • Verificar según aplicación de promoción (ver cuadro más abajo). BENEFICIOS • Descuento en caja del comercio según aplicación de promoción (ver cuadro más abajo). • Reintegro en extracto según aplicación de promoción (ver cuadro más abajo). • Cuotas sin interés según aplicación de promoción (ver cuadro más abajo). CONDICIONES • Tope de compra por cuenta de tarjeta de crédito: según aplicación de promoción (ver cuadro más abajo). • Aplica a compras realizadas únicamente con tarjetas de crédito MasterCard y Visa de Sudameris Bank S.A.E.C.A, compras vía e-commerce y QR según aplicación de promoción (ver cuadro más abajo).. • Si un comercio tiene sucursales en diferentes ciudades, el tope de compra mensual se aplicará por comercio o marca, no por zona. El tope de compra mensual será único para la marca en su conjunto. • Aplica a compras realizadas con tarjetas de crédito MasterCard y Visa de Sudameris Bank S.A.E.C.A. • Promoción válida única y exclusivamente para compras realizadas vía POS de Bancard (Red Infonet). • Las bases y condiciones están sujetas a modificaciones de acuerdo con las posibles variaciones del acuerdo con el comercio, por lo que el Banco se reserva el derecho de aplicar dichas modificaciones, sin previo aviso, y el cliente deberá verificar la versión actualizada de las Bases y condiciones antes de realizar la transacción. • Los reclamos se tomarán como válidos sobre el último documento actualizado y debe ser el documento vigente durante el día de la compra reclamada. EXCLUSIONES • Se excluyen del beneficio las tarjetas prepagas, de débito, Bancard Check, Gourmet Card, Móvil Card, Productivas y Empresariales. • No aplica a compras a través de otras procesadoras (Dinelco, Cabal, etc). • Se excluyen del beneficio las compras realizadas con plataformas digitales ajenas a cada marca (Pedidos Ya, Monchis, Gu y/o Pedile a Charly). • Esta promoción quedará inactiva automáticamente durante la vigencia de promociones puntuales, como por ejemplo “Día de los Enamorados”, “Día de la Madre”, “Día del Padre”, “Fin de año”, entre otras. Esta cláusula rige únicamente para los comercios que participen de una promoción habitual y a su vez de una puntual. https://www.sudameris.com.py/beneficios",https://www.sudameris.com.py/storage/app/media/ByC/bc-zonasurencarnacion-4926.pdf,Tope de compra mensual: Gs. 600.000,Zona Sur - Encarnación
Otros,Sudameris,Optica Itapua,20% de reintegro + 5% elite Hasta 12 cuotas sin interés,viernes y sábado,Desde 2026-03-06 hasta 2027-02-28,"20% de reintegro + 5% elite Hasta 12 cuotas sin interés.  1 ZONA SUR – ENCARNACIÓN VIGENCIA • Verificar según aplicación de promoción (ver cuadro más abajo). BENEFICIOS • Descuento en caja del comercio según aplicación de promoción (ver cuadro más abajo). • Reintegro en extracto según aplicación de promoción (ver cuadro más abajo). • Cuotas sin interés según aplicación de promoción (ver cuadro más abajo). CONDICIONES • Tope de compra por cuenta de tarjeta de crédito: según aplicación de promoción (ver cuadro más abajo). • Aplica a compras realizadas únicamente con tarjetas de crédito MasterCard y Visa de Sudameris Bank S.A.E.C.A, compras vía e-commerce y QR según aplicación de promoción (ver cuadro más abajo).. • Si un comercio tiene sucursales en diferentes ciudades, el tope de compra mensual se aplicará por comercio o marca, no por zona. El tope de compra mensual será único para la marca en su conjunto. • Aplica a compras realizadas con tarjetas de crédito MasterCard y Visa de Sudameris Bank S.A.E.C.A. • Promoción válida única y exclusivamente para compras realizadas vía POS de Bancard (Red Infonet). • Las bases y condiciones están sujetas a modificaciones de acuerdo con las posibles variaciones del acuerdo con el comercio, por lo que el Banco se reserva el derecho de aplicar dichas modificaciones, sin previo aviso, y el cliente deberá verificar la versión actualizada de las Bases y condiciones antes de realizar la transacción. • Los reclamos se tomarán como válidos sobre el último documento actualizado y debe ser el documento vigente durante el día de la compra reclamada. EXCLUSIONES • Se excluyen del beneficio las tarjetas prepagas, de débito, Bancard Check, Gourmet Card, Móvil Card, Productivas y Empresariales. • No aplica a compras a través de otras procesadoras (Dinelco, Cabal, etc). • Se excluyen del beneficio las compras realizadas con plataformas digitales ajenas a cada marca (Pedidos Ya, Monchis, Gu y/o Pedile a Charly). • Esta promoción quedará inactiva automáticamente durante la vigencia de promociones puntuales, como por ejemplo “Día de los Enamorados”, “Día de la Madre”, “Día del Padre”, “Fin de año”, entre otras. Esta cláusula rige únicamente para los comercios que participen de una promoción habitual y a su vez de una puntual. https://www.sudameris.com.py/beneficios",https://www.sudameris.com.py/storage/app/media/ByC/bc-zonasurencarnacion-4926.pdf,Tope de compra mensual: Gs. 2.000.000,Zona Sur - Encarnación
Otros,Sudameris,Optica Sur,20% de reintegro Hasta 12 cuotas sin interés,viernes y sábado,Desde 2026-03-06 hasta 2027-02-27,"20% de reintegro Hasta 12 cuotas sin interés.  1 ZONA SUR – ENCARNACIÓN VIGENCIA • Verificar según aplicación de promoción (ver cuadro más abajo). BENEFICIOS • Descuento en caja del comercio según aplicación de promoción (ver cuadro más abajo). • Reintegro en extracto según aplicación de promoción (ver cuadro más abajo). • Cuotas sin interés según aplicación de promoción (ver cuadro más abajo). CONDICIONES • Tope de compra por cuenta de tarjeta de crédito: según aplicación de promoción (ver cuadro más abajo). • Aplica a compras realizadas únicamente con tarjetas de crédito MasterCard y Visa de Sudameris Bank S.A.E.C.A, compras vía e-commerce y QR según aplicación de promoción (ver cuadro más abajo).. • Si un comercio tiene sucursales en diferentes ciudades, el tope de compra mensual se aplicará por comercio o marca, no por zona. El tope de compra mensual será único para la marca en su conjunto. • Aplica a compras realizadas con tarjetas de crédito MasterCard y Visa de Sudameris Bank S.A.E.C.A. • Promoción válida única y exclusivamente para compras realizadas vía POS de Bancard (Red Infonet). • Las bases y condiciones están sujetas a modificaciones de acuerdo con las posibles variaciones del acuerdo con el comercio, por lo que el Banco se reserva el derecho de aplicar dichas modificaciones, sin previo aviso, y el cliente deberá verificar la versión actualizada de las Bases y condiciones antes de realizar la transacción. • Los reclamos se tomarán como válidos sobre el último documento actualizado y debe ser el documento vigente durante el día de la compra reclamada. EXCLUSIONES • Se excluyen del beneficio las tarjetas prepagas, de débito, Bancard Check, Gourmet Card, Móvil Card, Productivas y Empresariales. • No aplica a compras a través de otras procesadoras (Dinelco, Cabal, etc). • Se excluyen del beneficio las compras realizadas con plataformas digitales ajenas a cada marca (Pedidos Ya, Monchis, Gu y/o Pedile a Charly). • Esta promoción quedará inactiva automáticamente durante la vigencia de promociones puntuales, como por ejemplo “Día de los Enamorados”, “Día de la Madre”, “Día del Padre”, “Fin de año”, entre otras. Esta cláusula rige únicamente para los comercios que participen de una promoción habitual y a su vez de una puntual. https://www.sudameris.com.py/beneficios",https://www.sudameris.com.py/storage/app/media/ByC/bc-zonasurencarnacion-4926.pdf,Tope de compra mensual: Gs. 1.000.000,Zona Sur - Encarnación
Otros,Sudameris,Otti Rolls,20% de reintegro + 5% elite,viernes y sábados,Desde 2026-03-06 hasta 2027-02-27,"20% de reintegro + 5% elite.  1 ZONA ESTE – CIUDAD DEL ESTE VIGENCIA • Verificar según aplicación de promoción (ver cuadro más abajo). BENEFICIOS • Descuento en caja del comercio según aplicación de promoción (ver cuadro más abajo). • Reintegro en extracto según aplicación de promoción (ver cuadro más abajo). • Cuotas sin interés según aplicación de promoción (ver cuadro más abajo). CONDICIONES • Tope de compra por cuenta de tarjeta de crédito: según aplicación de promoción (ver cuadro más abajo). • Aplica a compras realizadas únicamente con tarjetas de crédito MasterCard y Visa de Sudameris Bank S.A.E.C.A, compras vía e-commerce y QR según aplicación de promoción (ver cuadro más abajo).. • Si un comercio tiene sucursales en diferentes ciudades, el tope de compra mensual se aplicará por comercio o marca, no por zona. El tope de compra mensual será único para la marca en su conjunto. • Aplica a compras realizadas con tarjetas de crédito MasterCard y Visa de Sudameris Bank S.A.E.C.A. • Promoción válida única y exclusivamente para compras realizadas vía POS de Bancard (Red Infonet). • Las bases y condiciones están sujetas a modificaciones de acuerdo con las posibles variaciones del acuerdo con el comercio, por lo que el Banco se reserva el derecho de aplicar dichas modificaciones, sin previo aviso, y el cliente deberá verificar la versión actualizada de las Bases y condiciones antes de realizar la transacción. • Los reclamos se tomarán como válidos sobre el último documento actualizado y debe ser el documento vigente durante el día de la compra reclamada. • El fraccionamiento en cuotas se debe solicitar al momento de la compra en caja del comercio. EXCLUSIONES • Se excluyen del beneficio las tarjetas prepagas, de débito, Bancard Check, Gourmet Card, Móvil Card, Productivas y Empresariales. • No aplica a compras vía otras procesadoras (Dinelco, Cabal, etc), sub redes y/o plataformas que no sean Infonet (Pagopar, etc.). • No acumulable/combinable con otras promociones. • Se excluyen del beneficio las compras realizadas con plataformas digitales ajenas a cada marca (Pedidos Ya, Monchis, Gu y/o Pedile a Charly). • Esta promoción quedará inactiva automáticamente durante la vigencia de promociones puntuales, como por ejemplo “Día de los Enamorados”, “Día de la Madre”, “Día del Padre”, “Fin de año”, entre otras. Esta cláusula rige únicamente para los comercios que participen de una promoción habitual y a su vez de una puntual. https://www.sudameris.com.py/beneficios",https://www.sudameris.com.py/storage/app/media/ByC/bc-zonaestecde-090926.pdf,Tope de compra mensual: GS. 500.000,Zona Este - Ciudad del Este
Otros,Sudameris,PLUB,20%,No especificado,• Último viernes de cada mes. • Desde el 01 de agosto 2026 hasta el 31 de octubre de 2026.,• 20% de reintegro directo con tarjetas de crédito de Sudameris.,https://www.sudameris.com.py/beneficios/destacado/360/detalle,,
Otros,Sudameris,Paseo Repsur,20% de reintegro Hasta 12 cuotas sin interés,Viernes y sábado,Desde 2026-03-06 hasta 2027-02-28,"20% de reintegro Hasta 12 cuotas sin interés.  1 ZONA SUR – ENCARNACIÓN VIGENCIA • Verificar según aplicación de promoción (ver cuadro más abajo). BENEFICIOS • Descuento en caja del comercio según aplicación de promoción (ver cuadro más abajo). • Reintegro en extracto según aplicación de promoción (ver cuadro más abajo). • Cuotas sin interés según aplicación de promoción (ver cuadro más abajo). CONDICIONES • Tope de compra por cuenta de tarjeta de crédito: según aplicación de promoción (ver cuadro más abajo). • Aplica a compras realizadas únicamente con tarjetas de crédito MasterCard y Visa de Sudameris Bank S.A.E.C.A, compras vía e-commerce y QR según aplicación de promoción (ver cuadro más abajo).. • Si un comercio tiene sucursales en diferentes ciudades, el tope de compra mensual se aplicará por comercio o marca, no por zona. El tope de compra mensual será único para la marca en su conjunto. • Aplica a compras realizadas con tarjetas de crédito MasterCard y Visa de Sudameris Bank S.A.E.C.A. • Promoción válida única y exclusivamente para compras realizadas vía POS de Bancard (Red Infonet). • Las bases y condiciones están sujetas a modificaciones de acuerdo con las posibles variaciones del acuerdo con el comercio, por lo que el Banco se reserva el derecho de aplicar dichas modificaciones, sin previo aviso, y el cliente deberá verificar la versión actualizada de las Bases y condiciones antes de realizar la transacción. • Los reclamos se tomarán como válidos sobre el último documento actualizado y debe ser el documento vigente durante el día de la compra reclamada. EXCLUSIONES • Se excluyen del beneficio las tarjetas prepagas, de débito, Bancard Check, Gourmet Card, Móvil Card, Productivas y Empresariales. • No aplica a compras a través de otras procesadoras (Dinelco, Cabal, etc). • Se excluyen del beneficio las compras realizadas con plataformas digitales ajenas a cada marca (Pedidos Ya, Monchis, Gu y/o Pedile a Charly). • Esta promoción quedará inactiva automáticamente durante la vigencia de promociones puntuales, como por ejemplo “Día de los Enamorados”, “Día de la Madre”, “Día del Padre”, “Fin de año”, entre otras. Esta cláusula rige únicamente para los comercios que participen de una promoción habitual y a su vez de una puntual. https://www.sudameris.com.py/beneficios",https://www.sudameris.com.py/storage/app/media/ByC/bc-zonasurencarnacion-4926.pdf,Tope de compra mensual: GS. 3.000.000,Zona Sur - Encarnación
Otros,Sudameris,Patri Duar Moda Infantil,20% de reintegro Hasta 10 cuotas sin interés,viernes y sábado,Desde 2026-03-06 hasta 2027-02-28,"20% de reintegro Hasta 10 cuotas sin interés.  1 ZONA SUR – ENCARNACIÓN VIGENCIA • Verificar según aplicación de promoción (ver cuadro más abajo). BENEFICIOS • Descuento en caja del comercio según aplicación de promoción (ver cuadro más abajo). • Reintegro en extracto según aplicación de promoción (ver cuadro más abajo). • Cuotas sin interés según aplicación de promoción (ver cuadro más abajo). CONDICIONES • Tope de compra por cuenta de tarjeta de crédito: según aplicación de promoción (ver cuadro más abajo). • Aplica a compras realizadas únicamente con tarjetas de crédito MasterCard y Visa de Sudameris Bank S.A.E.C.A, compras vía e-commerce y QR según aplicación de promoción (ver cuadro más abajo).. • Si un comercio tiene sucursales en diferentes ciudades, el tope de compra mensual se aplicará por comercio o marca, no por zona. El tope de compra mensual será único para la marca en su conjunto. • Aplica a compras realizadas con tarjetas de crédito MasterCard y Visa de Sudameris Bank S.A.E.C.A. • Promoción válida única y exclusivamente para compras realizadas vía POS de Bancard (Red Infonet). • Las bases y condiciones están sujetas a modificaciones de acuerdo con las posibles variaciones del acuerdo con el comercio, por lo que el Banco se reserva el derecho de aplicar dichas modificaciones, sin previo aviso, y el cliente deberá verificar la versión actualizada de las Bases y condiciones antes de realizar la transacción. • Los reclamos se tomarán como válidos sobre el último documento actualizado y debe ser el documento vigente durante el día de la compra reclamada. EXCLUSIONES • Se excluyen del beneficio las tarjetas prepagas, de débito, Bancard Check, Gourmet Card, Móvil Card, Productivas y Empresariales. • No aplica a compras a través de otras procesadoras (Dinelco, Cabal, etc). • Se excluyen del beneficio las compras realizadas con plataformas digitales ajenas a cada marca (Pedidos Ya, Monchis, Gu y/o Pedile a Charly). • Esta promoción quedará inactiva automáticamente durante la vigencia de promociones puntuales, como por ejemplo “Día de los Enamorados”, “Día de la Madre”, “Día del Padre”, “Fin de año”, entre otras. Esta cláusula rige únicamente para los comercios que participen de una promoción habitual y a su vez de una puntual. https://www.sudameris.com.py/beneficios",https://www.sudameris.com.py/storage/app/media/ByC/bc-zonasurencarnacion-4926.pdf,Tope de compra mensual: Gs. 800.000,Zona Sur - Encarnación
Otros,Sudameris,Patymel Make Up,20% de reintegro + 5% elite Hasta 12 cuotas sin interés,miércoles y jueves,Desde 2026-03-04 hasta 2027-02-28,"20% de reintegro + 5% elite Hasta 12 cuotas sin interés.  1 ZONA SUR – ENCARNACIÓN VIGENCIA • Verificar según aplicación de promoción (ver cuadro más abajo). BENEFICIOS • Descuento en caja del comercio según aplicación de promoción (ver cuadro más abajo). • Reintegro en extracto según aplicación de promoción (ver cuadro más abajo). • Cuotas sin interés según aplicación de promoción (ver cuadro más abajo). CONDICIONES • Tope de compra por cuenta de tarjeta de crédito: según aplicación de promoción (ver cuadro más abajo). • Aplica a compras realizadas únicamente con tarjetas de crédito MasterCard y Visa de Sudameris Bank S.A.E.C.A, compras vía e-commerce y QR según aplicación de promoción (ver cuadro más abajo).. • Si un comercio tiene sucursales en diferentes ciudades, el tope de compra mensual se aplicará por comercio o marca, no por zona. El tope de compra mensual será único para la marca en su conjunto. • Aplica a compras realizadas con tarjetas de crédito MasterCard y Visa de Sudameris Bank S.A.E.C.A. • Promoción válida única y exclusivamente para compras realizadas vía POS de Bancard (Red Infonet). • Las bases y condiciones están sujetas a modificaciones de acuerdo con las posibles variaciones del acuerdo con el comercio, por lo que el Banco se reserva el derecho de aplicar dichas modificaciones, sin previo aviso, y el cliente deberá verificar la versión actualizada de las Bases y condiciones antes de realizar la transacción. • Los reclamos se tomarán como válidos sobre el último documento actualizado y debe ser el documento vigente durante el día de la compra reclamada. EXCLUSIONES • Se excluyen del beneficio las tarjetas prepagas, de débito, Bancard Check, Gourmet Card, Móvil Card, Productivas y Empresariales. • No aplica a compras a través de otras procesadoras (Dinelco, Cabal, etc). • Se excluyen del beneficio las compras realizadas con plataformas digitales ajenas a cada marca (Pedidos Ya, Monchis, Gu y/o Pedile a Charly). • Esta promoción quedará inactiva automáticamente durante la vigencia de promociones puntuales, como por ejemplo “Día de los Enamorados”, “Día de la Madre”, “Día del Padre”, “Fin de año”, entre otras. Esta cláusula rige únicamente para los comercios que participen de una promoción habitual y a su vez de una puntual. https://www.sudameris.com.py/beneficios",https://www.sudameris.com.py/storage/app/media/ByC/bc-zonasurencarnacion-4926.pdf,Tope de compra mensual: Gs. 1.000.000,Zona Sur - Encarnación
Otros,Sudameris,Petits Moda Infantil,20% de reintegro Hasta 10 cuotas sin interés,Viernes y sábado,Desde 2026-03-06 hasta 2027-02-28,"20% de reintegro Hasta 10 cuotas sin interés.  1 ZONA SUR – ENCARNACIÓN VIGENCIA • Verificar según aplicación de promoción (ver cuadro más abajo). BENEFICIOS • Descuento en caja del comercio según aplicación de promoción (ver cuadro más abajo). • Reintegro en extracto según aplicación de promoción (ver cuadro más abajo). • Cuotas sin interés según aplicación de promoción (ver cuadro más abajo). CONDICIONES • Tope de compra por cuenta de tarjeta de crédito: según aplicación de promoción (ver cuadro más abajo). • Aplica a compras realizadas únicamente con tarjetas de crédito MasterCard y Visa de Sudameris Bank S.A.E.C.A, compras vía e-commerce y QR según aplicación de promoción (ver cuadro más abajo).. • Si un comercio tiene sucursales en diferentes ciudades, el tope de compra mensual se aplicará por comercio o marca, no por zona. El tope de compra mensual será único para la marca en su conjunto. • Aplica a compras realizadas con tarjetas de crédito MasterCard y Visa de Sudameris Bank S.A.E.C.A. • Promoción válida única y exclusivamente para compras realizadas vía POS de Bancard (Red Infonet). • Las bases y condiciones están sujetas a modificaciones de acuerdo con las posibles variaciones del acuerdo con el comercio, por lo que el Banco se reserva el derecho de aplicar dichas modificaciones, sin previo aviso, y el cliente deberá verificar la versión actualizada de las Bases y condiciones antes de realizar la transacción. • Los reclamos se tomarán como válidos sobre el último documento actualizado y debe ser el documento vigente durante el día de la compra reclamada. EXCLUSIONES • Se excluyen del beneficio las tarjetas prepagas, de débito, Bancard Check, Gourmet Card, Móvil Card, Productivas y Empresariales. • No aplica a compras a través de otras procesadoras (Dinelco, Cabal, etc). • Se excluyen del beneficio las compras realizadas con plataformas digitales ajenas a cada marca (Pedidos Ya, Monchis, Gu y/o Pedile a Charly). • Esta promoción quedará inactiva automáticamente durante la vigencia de promociones puntuales, como por ejemplo “Día de los Enamorados”, “Día de la Madre”, “Día del Padre”, “Fin de año”, entre otras. Esta cláusula rige únicamente para los comercios que participen de una promoción habitual y a su vez de una puntual. https://www.sudameris.com.py/beneficios",https://www.sudameris.com.py/storage/app/media/ByC/bc-zonasurencarnacion-4926.pdf,Tope de compra mensual: GS. 800.000,Zona Sur - Encarnación
Otros,Sudameris,Pharmac,20% descuento en caja + 10% reintegro vía Hasta 12 cuotas sin interés.,El primer lunes de cada mes,Desde 2026-08-01 hasta 2026-12-31,"20% descuento en caja + 10% reintegro vía Hasta 12 cuotas sin interés..  1 ZONA SUR – ENCARNACIÓN VIGENCIA • Verificar según aplicación de promoción (ver cuadro más abajo). BENEFICIOS • Descuento en caja del comercio según aplicación de promoción (ver cuadro más abajo). • Reintegro en extracto según aplicación de promoción (ver cuadro más abajo). • Cuotas sin interés según aplicación de promoción (ver cuadro más abajo). CONDICIONES • Tope de compra por cuenta de tarjeta de crédito: según aplicación de promoción (ver cuadro más abajo). • Aplica a compras realizadas únicamente con tarjetas de crédito MasterCard y Visa de Sudameris Bank S.A.E.C.A, compras vía e-commerce y QR según aplicación de promoción (ver cuadro más abajo).. • Si un comercio tiene sucursales en diferentes ciudades, el tope de compra mensual se aplicará por comercio o marca, no por zona. El tope de compra mensual será único para la marca en su conjunto. • Aplica a compras realizadas con tarjetas de crédito MasterCard y Visa de Sudameris Bank S.A.E.C.A. • Promoción válida única y exclusivamente para compras realizadas vía POS de Bancard (Red Infonet). • Las bases y condiciones están sujetas a modificaciones de acuerdo con las posibles variaciones del acuerdo con el comercio, por lo que el Banco se reserva el derecho de aplicar dichas modificaciones, sin previo aviso, y el cliente deberá verificar la versión actualizada de las Bases y condiciones antes de realizar la transacción. • Los reclamos se tomarán como válidos sobre el último documento actualizado y debe ser el documento vigente durante el día de la compra reclamada. EXCLUSIONES • Se excluyen del beneficio las tarjetas prepagas, de débito, Bancard Check, Gourmet Card, Móvil Card, Productivas y Empresariales. • No aplica a compras a través de otras procesadoras (Dinelco, Cabal, etc). • Se excluyen del beneficio las compras realizadas con plataformas digitales ajenas a cada marca (Pedidos Ya, Monchis, Gu y/o Pedile a Charly). • Esta promoción quedará inactiva automáticamente durante la vigencia de promociones puntuales, como por ejemplo “Día de los Enamorados”, “Día de la Madre”, “Día del Padre”, “Fin de año”, entre otras. Esta cláusula rige únicamente para los comercios que participen de una promoción habitual y a su vez de una puntual. https://www.sudameris.com.py/beneficios",https://www.sudameris.com.py/storage/app/media/ByC/bc-zonasurencarnacion-4926.pdf,Tope de compra mensual: Gs. 1.000.000,Zona Sur - Encarnación
Otros,Sudameris,Ping Pong,20% de reintegro Hasta 12 cuotas sin interés,viernes y sábado,Desde 2026-03-06 hasta 2027-02-28,"20% de reintegro Hasta 12 cuotas sin interés.  1 ZONA SUR – ENCARNACIÓN VIGENCIA • Verificar según aplicación de promoción (ver cuadro más abajo). BENEFICIOS • Descuento en caja del comercio según aplicación de promoción (ver cuadro más abajo). • Reintegro en extracto según aplicación de promoción (ver cuadro más abajo). • Cuotas sin interés según aplicación de promoción (ver cuadro más abajo). CONDICIONES • Tope de compra por cuenta de tarjeta de crédito: según aplicación de promoción (ver cuadro más abajo). • Aplica a compras realizadas únicamente con tarjetas de crédito MasterCard y Visa de Sudameris Bank S.A.E.C.A, compras vía e-commerce y QR según aplicación de promoción (ver cuadro más abajo).. • Si un comercio tiene sucursales en diferentes ciudades, el tope de compra mensual se aplicará por comercio o marca, no por zona. El tope de compra mensual será único para la marca en su conjunto. • Aplica a compras realizadas con tarjetas de crédito MasterCard y Visa de Sudameris Bank S.A.E.C.A. • Promoción válida única y exclusivamente para compras realizadas vía POS de Bancard (Red Infonet). • Las bases y condiciones están sujetas a modificaciones de acuerdo con las posibles variaciones del acuerdo con el comercio, por lo que el Banco se reserva el derecho de aplicar dichas modificaciones, sin previo aviso, y el cliente deberá verificar la versión actualizada de las Bases y condiciones antes de realizar la transacción. • Los reclamos se tomarán como válidos sobre el último documento actualizado y debe ser el documento vigente durante el día de la compra reclamada. EXCLUSIONES • Se excluyen del beneficio las tarjetas prepagas, de débito, Bancard Check, Gourmet Card, Móvil Card, Productivas y Empresariales. • No aplica a compras a través de otras procesadoras (Dinelco, Cabal, etc). • Se excluyen del beneficio las compras realizadas con plataformas digitales ajenas a cada marca (Pedidos Ya, Monchis, Gu y/o Pedile a Charly). • Esta promoción quedará inactiva automáticamente durante la vigencia de promociones puntuales, como por ejemplo “Día de los Enamorados”, “Día de la Madre”, “Día del Padre”, “Fin de año”, entre otras. Esta cláusula rige únicamente para los comercios que participen de una promoción habitual y a su vez de una puntual. https://www.sudameris.com.py/beneficios",https://www.sudameris.com.py/storage/app/media/ByC/bc-zonasurencarnacion-4926.pdf,Tope de compra mensual: Gs. 1.000.000,Zona Sur - Encarnación
Otros,Sudameris,Piña Colada Boutique,20% de reintegro Hasta 10 cuotas sin interés,viernes y sábado,Desde 2026-03-06 hasta 2027-02-28,"20% de reintegro Hasta 10 cuotas sin interés.  1 ZONA SUR – ENCARNACIÓN VIGENCIA • Verificar según aplicación de promoción (ver cuadro más abajo). BENEFICIOS • Descuento en caja del comercio según aplicación de promoción (ver cuadro más abajo). • Reintegro en extracto según aplicación de promoción (ver cuadro más abajo). • Cuotas sin interés según aplicación de promoción (ver cuadro más abajo). CONDICIONES • Tope de compra por cuenta de tarjeta de crédito: según aplicación de promoción (ver cuadro más abajo). • Aplica a compras realizadas únicamente con tarjetas de crédito MasterCard y Visa de Sudameris Bank S.A.E.C.A, compras vía e-commerce y QR según aplicación de promoción (ver cuadro más abajo).. • Si un comercio tiene sucursales en diferentes ciudades, el tope de compra mensual se aplicará por comercio o marca, no por zona. El tope de compra mensual será único para la marca en su conjunto. • Aplica a compras realizadas con tarjetas de crédito MasterCard y Visa de Sudameris Bank S.A.E.C.A. • Promoción válida única y exclusivamente para compras realizadas vía POS de Bancard (Red Infonet). • Las bases y condiciones están sujetas a modificaciones de acuerdo con las posibles variaciones del acuerdo con el comercio, por lo que el Banco se reserva el derecho de aplicar dichas modificaciones, sin previo aviso, y el cliente deberá verificar la versión actualizada de las Bases y condiciones antes de realizar la transacción. • Los reclamos se tomarán como válidos sobre el último documento actualizado y debe ser el documento vigente durante el día de la compra reclamada. EXCLUSIONES • Se excluyen del beneficio las tarjetas prepagas, de débito, Bancard Check, Gourmet Card, Móvil Card, Productivas y Empresariales. • No aplica a compras a través de otras procesadoras (Dinelco, Cabal, etc). • Se excluyen del beneficio las compras realizadas con plataformas digitales ajenas a cada marca (Pedidos Ya, Monchis, Gu y/o Pedile a Charly). • Esta promoción quedará inactiva automáticamente durante la vigencia de promociones puntuales, como por ejemplo “Día de los Enamorados”, “Día de la Madre”, “Día del Padre”, “Fin de año”, entre otras. Esta cláusula rige únicamente para los comercios que participen de una promoción habitual y a su vez de una puntual. https://www.sudameris.com.py/beneficios",https://www.sudameris.com.py/storage/app/media/ByC/bc-zonasurencarnacion-4926.pdf,Tope de compra mensual: Gs.800.000,Zona Sur - Encarnación
Otros,Sudameris,Poly Shop,20% de reintegro + 5% elite Hasta 10 cuotas sin interés,viernes y sábados,Desde 2026-03-06 hasta 2027-02-27,"20% de reintegro + 5% elite Hasta 10 cuotas sin interés.  1 ZONA ESTE – CIUDAD DEL ESTE VIGENCIA • Verificar según aplicación de promoción (ver cuadro más abajo). BENEFICIOS • Descuento en caja del comercio según aplicación de promoción (ver cuadro más abajo). • Reintegro en extracto según aplicación de promoción (ver cuadro más abajo). • Cuotas sin interés según aplicación de promoción (ver cuadro más abajo). CONDICIONES • Tope de compra por cuenta de tarjeta de crédito: según aplicación de promoción (ver cuadro más abajo). • Aplica a compras realizadas únicamente con tarjetas de crédito MasterCard y Visa de Sudameris Bank S.A.E.C.A, compras vía e-commerce y QR según aplicación de promoción (ver cuadro más abajo).. • Si un comercio tiene sucursales en diferentes ciudades, el tope de compra mensual se aplicará por comercio o marca, no por zona. El tope de compra mensual será único para la marca en su conjunto. • Aplica a compras realizadas con tarjetas de crédito MasterCard y Visa de Sudameris Bank S.A.E.C.A. • Promoción válida única y exclusivamente para compras realizadas vía POS de Bancard (Red Infonet). • Las bases y condiciones están sujetas a modificaciones de acuerdo con las posibles variaciones del acuerdo con el comercio, por lo que el Banco se reserva el derecho de aplicar dichas modificaciones, sin previo aviso, y el cliente deberá verificar la versión actualizada de las Bases y condiciones antes de realizar la transacción. • Los reclamos se tomarán como válidos sobre el último documento actualizado y debe ser el documento vigente durante el día de la compra reclamada. • El fraccionamiento en cuotas se debe solicitar al momento de la compra en caja del comercio. EXCLUSIONES • Se excluyen del beneficio las tarjetas prepagas, de débito, Bancard Check, Gourmet Card, Móvil Card, Productivas y Empresariales. • No aplica a compras vía otras procesadoras (Dinelco, Cabal, etc), sub redes y/o plataformas que no sean Infonet (Pagopar, etc.). • No acumulable/combinable con otras promociones. • Se excluyen del beneficio las compras realizadas con plataformas digitales ajenas a cada marca (Pedidos Ya, Monchis, Gu y/o Pedile a Charly). • Esta promoción quedará inactiva automáticamente durante la vigencia de promociones puntuales, como por ejemplo “Día de los Enamorados”, “Día de la Madre”, “Día del Padre”, “Fin de año”, entre otras. Esta cláusula rige únicamente para los comercios que participen de una promoción habitual y a su vez de una puntual. https://www.sudameris.com.py/beneficios",https://www.sudameris.com.py/storage/app/media/ByC/bc-zonaestecde-090926.pdf,Tope de compra mensual: GS. 800.000,Zona Este - Ciudad del Este
Otros,Sudameris,Pretty Station,20% de reintegro + 5% elite Hasta 12 cuotas sin interés,viernes y sábados,Desde 2026-03-06 hasta 2027-02-27,"20% de reintegro + 5% elite Hasta 12 cuotas sin interés. (Solo local Boquerón) 1 ZONA ESTE – CIUDAD DEL ESTE VIGENCIA • Verificar según aplicación de promoción (ver cuadro más abajo). BENEFICIOS • Descuento en caja del comercio según aplicación de promoción (ver cuadro más abajo). • Reintegro en extracto según aplicación de promoción (ver cuadro más abajo). • Cuotas sin interés según aplicación de promoción (ver cuadro más abajo). CONDICIONES • Tope de compra por cuenta de tarjeta de crédito: según aplicación de promoción (ver cuadro más abajo). • Aplica a compras realizadas únicamente con tarjetas de crédito MasterCard y Visa de Sudameris Bank S.A.E.C.A, compras vía e-commerce y QR según aplicación de promoción (ver cuadro más abajo).. • Si un comercio tiene sucursales en diferentes ciudades, el tope de compra mensual se aplicará por comercio o marca, no por zona. El tope de compra mensual será único para la marca en su conjunto. • Aplica a compras realizadas con tarjetas de crédito MasterCard y Visa de Sudameris Bank S.A.E.C.A. • Promoción válida única y exclusivamente para compras realizadas vía POS de Bancard (Red Infonet). • Las bases y condiciones están sujetas a modificaciones de acuerdo con las posibles variaciones del acuerdo con el comercio, por lo que el Banco se reserva el derecho de aplicar dichas modificaciones, sin previo aviso, y el cliente deberá verificar la versión actualizada de las Bases y condiciones antes de realizar la transacción. • Los reclamos se tomarán como válidos sobre el último documento actualizado y debe ser el documento vigente durante el día de la compra reclamada. • El fraccionamiento en cuotas se debe solicitar al momento de la compra en caja del comercio. EXCLUSIONES • Se excluyen del beneficio las tarjetas prepagas, de débito, Bancard Check, Gourmet Card, Móvil Card, Productivas y Empresariales. • No aplica a compras vía otras procesadoras (Dinelco, Cabal, etc), sub redes y/o plataformas que no sean Infonet (Pagopar, etc.). • No acumulable/combinable con otras promociones. • Se excluyen del beneficio las compras realizadas con plataformas digitales ajenas a cada marca (Pedidos Ya, Monchis, Gu y/o Pedile a Charly). • Esta promoción quedará inactiva automáticamente durante la vigencia de promociones puntuales, como por ejemplo “Día de los Enamorados”, “Día de la Madre”, “Día del Padre”, “Fin de año”, entre otras. Esta cláusula rige únicamente para los comercios que participen de una promoción habitual y a su vez de una puntual. https://www.sudameris.com.py/beneficios",https://www.sudameris.com.py/storage/app/media/ByC/bc-zonaestecde-090926.pdf,Tope de compra mensual: Gs. 500.000,Zona Este - Ciudad del Este
Otros,Sudameris,Progresar electrodomésticos,20% de reintegro + 5% elite Hasta 12 cuotas sin interés,viernes y sábado,Desde 2026-03-06 hasta 2027-02-28,"20% de reintegro + 5% elite Hasta 12 cuotas sin interés.  1 ZONA SUR – ENCARNACIÓN VIGENCIA • Verificar según aplicación de promoción (ver cuadro más abajo). BENEFICIOS • Descuento en caja del comercio según aplicación de promoción (ver cuadro más abajo). • Reintegro en extracto según aplicación de promoción (ver cuadro más abajo). • Cuotas sin interés según aplicación de promoción (ver cuadro más abajo). CONDICIONES • Tope de compra por cuenta de tarjeta de crédito: según aplicación de promoción (ver cuadro más abajo). • Aplica a compras realizadas únicamente con tarjetas de crédito MasterCard y Visa de Sudameris Bank S.A.E.C.A, compras vía e-commerce y QR según aplicación de promoción (ver cuadro más abajo).. • Si un comercio tiene sucursales en diferentes ciudades, el tope de compra mensual se aplicará por comercio o marca, no por zona. El tope de compra mensual será único para la marca en su conjunto. • Aplica a compras realizadas con tarjetas de crédito MasterCard y Visa de Sudameris Bank S.A.E.C.A. • Promoción válida única y exclusivamente para compras realizadas vía POS de Bancard (Red Infonet). • Las bases y condiciones están sujetas a modificaciones de acuerdo con las posibles variaciones del acuerdo con el comercio, por lo que el Banco se reserva el derecho de aplicar dichas modificaciones, sin previo aviso, y el cliente deberá verificar la versión actualizada de las Bases y condiciones antes de realizar la transacción. • Los reclamos se tomarán como válidos sobre el último documento actualizado y debe ser el documento vigente durante el día de la compra reclamada. EXCLUSIONES • Se excluyen del beneficio las tarjetas prepagas, de débito, Bancard Check, Gourmet Card, Móvil Card, Productivas y Empresariales. • No aplica a compras a través de otras procesadoras (Dinelco, Cabal, etc). • Se excluyen del beneficio las compras realizadas con plataformas digitales ajenas a cada marca (Pedidos Ya, Monchis, Gu y/o Pedile a Charly). • Esta promoción quedará inactiva automáticamente durante la vigencia de promociones puntuales, como por ejemplo “Día de los Enamorados”, “Día de la Madre”, “Día del Padre”, “Fin de año”, entre otras. Esta cláusula rige únicamente para los comercios que participen de una promoción habitual y a su vez de una puntual. https://www.sudameris.com.py/beneficios",https://www.sudameris.com.py/storage/app/media/ByC/bc-zonasurencarnacion-4926.pdf,Tope de compra mensual: Gs. 8.000.000,Zona Sur - Encarnación
Otros,Sudameris,Quiero Py,20% de reintegro + 5% elite Hasta 10 cuotas sin interés,viernes y sábados,Desde 2025-07-04 hasta 2027-02-27,"20% de reintegro + 5% elite Hasta 10 cuotas sin interés.  1 ZONA ESTE – CIUDAD DEL ESTE VIGENCIA • Verificar según aplicación de promoción (ver cuadro más abajo). BENEFICIOS • Descuento en caja del comercio según aplicación de promoción (ver cuadro más abajo). • Reintegro en extracto según aplicación de promoción (ver cuadro más abajo). • Cuotas sin interés según aplicación de promoción (ver cuadro más abajo). CONDICIONES • Tope de compra por cuenta de tarjeta de crédito: según aplicación de promoción (ver cuadro más abajo). • Aplica a compras realizadas únicamente con tarjetas de crédito MasterCard y Visa de Sudameris Bank S.A.E.C.A, compras vía e-commerce y QR según aplicación de promoción (ver cuadro más abajo).. • Si un comercio tiene sucursales en diferentes ciudades, el tope de compra mensual se aplicará por comercio o marca, no por zona. El tope de compra mensual será único para la marca en su conjunto. • Aplica a compras realizadas con tarjetas de crédito MasterCard y Visa de Sudameris Bank S.A.E.C.A. • Promoción válida única y exclusivamente para compras realizadas vía POS de Bancard (Red Infonet). • Las bases y condiciones están sujetas a modificaciones de acuerdo con las posibles variaciones del acuerdo con el comercio, por lo que el Banco se reserva el derecho de aplicar dichas modificaciones, sin previo aviso, y el cliente deberá verificar la versión actualizada de las Bases y condiciones antes de realizar la transacción. • Los reclamos se tomarán como válidos sobre el último documento actualizado y debe ser el documento vigente durante el día de la compra reclamada. • El fraccionamiento en cuotas se debe solicitar al momento de la compra en caja del comercio. EXCLUSIONES • Se excluyen del beneficio las tarjetas prepagas, de débito, Bancard Check, Gourmet Card, Móvil Card, Productivas y Empresariales. • No aplica a compras vía otras procesadoras (Dinelco, Cabal, etc), sub redes y/o plataformas que no sean Infonet (Pagopar, etc.). • No acumulable/combinable con otras promociones. • Se excluyen del beneficio las compras realizadas con plataformas digitales ajenas a cada marca (Pedidos Ya, Monchis, Gu y/o Pedile a Charly). • Esta promoción quedará inactiva automáticamente durante la vigencia de promociones puntuales, como por ejemplo “Día de los Enamorados”, “Día de la Madre”, “Día del Padre”, “Fin de año”, entre otras. Esta cláusula rige únicamente para los comercios que participen de una promoción habitual y a su vez de una puntual. https://www.sudameris.com.py/beneficios",https://www.sudameris.com.py/storage/app/media/ByC/bc-zonaestecde-090926.pdf,Tope de compra mensual: GS. 1.500.000,Zona Este - Ciudad del Este
Otros,Sudameris,ROMMY,20% de reintegro + 5% elite Hasta 12 cuotas sin interés,Viernes y sábados,Desde 2026-09-04 hasta 2026-10-31,"20% de reintegro + 5% elite Hasta 12 cuotas sin interés.  1 ZONA ESTE – CIUDAD DEL ESTE VIGENCIA • Verificar según aplicación de promoción (ver cuadro más abajo). BENEFICIOS • Descuento en caja del comercio según aplicación de promoción (ver cuadro más abajo). • Reintegro en extracto según aplicación de promoción (ver cuadro más abajo). • Cuotas sin interés según aplicación de promoción (ver cuadro más abajo). CONDICIONES • Tope de compra por cuenta de tarjeta de crédito: según aplicación de promoción (ver cuadro más abajo). • Aplica a compras realizadas únicamente con tarjetas de crédito MasterCard y Visa de Sudameris Bank S.A.E.C.A, compras vía e-commerce y QR según aplicación de promoción (ver cuadro más abajo).. • Si un comercio tiene sucursales en diferentes ciudades, el tope de compra mensual se aplicará por comercio o marca, no por zona. El tope de compra mensual será único para la marca en su conjunto. • Aplica a compras realizadas con tarjetas de crédito MasterCard y Visa de Sudameris Bank S.A.E.C.A. • Promoción válida única y exclusivamente para compras realizadas vía POS de Bancard (Red Infonet). • Las bases y condiciones están sujetas a modificaciones de acuerdo con las posibles variaciones del acuerdo con el comercio, por lo que el Banco se reserva el derecho de aplicar dichas modificaciones, sin previo aviso, y el cliente deberá verificar la versión actualizada de las Bases y condiciones antes de realizar la transacción. • Los reclamos se tomarán como válidos sobre el último documento actualizado y debe ser el documento vigente durante el día de la compra reclamada. • El fraccionamiento en cuotas se debe solicitar al momento de la compra en caja del comercio. EXCLUSIONES • Se excluyen del beneficio las tarjetas prepagas, de débito, Bancard Check, Gourmet Card, Móvil Card, Productivas y Empresariales. • No aplica a compras vía otras procesadoras (Dinelco, Cabal, etc), sub redes y/o plataformas que no sean Infonet (Pagopar, etc.). • No acumulable/combinable con otras promociones. • Se excluyen del beneficio las compras realizadas con plataformas digitales ajenas a cada marca (Pedidos Ya, Monchis, Gu y/o Pedile a Charly). • Esta promoción quedará inactiva automáticamente durante la vigencia de promociones puntuales, como por ejemplo “Día de los Enamorados”, “Día de la Madre”, “Día del Padre”, “Fin de año”, entre otras. Esta cláusula rige únicamente para los comercios que participen de una promoción habitual y a su vez de una puntual. https://www.sudameris.com.py/beneficios",https://www.sudameris.com.py/storage/app/media/ByC/bc-zonaestecde-090926.pdf,Tope de compra mensual: GS. 800.000,Zona Este - Ciudad del Este
Otros,Sudameris,Rajomar Calzados,20% de reintegro Hasta 10 cuotas sin interés,viernes y sábado,Desde 2026-03-06 hasta 2027-02-28,"20% de reintegro Hasta 10 cuotas sin interés.  1 ZONA SUR – ENCARNACIÓN VIGENCIA • Verificar según aplicación de promoción (ver cuadro más abajo). BENEFICIOS • Descuento en caja del comercio según aplicación de promoción (ver cuadro más abajo). • Reintegro en extracto según aplicación de promoción (ver cuadro más abajo). • Cuotas sin interés según aplicación de promoción (ver cuadro más abajo). CONDICIONES • Tope de compra por cuenta de tarjeta de crédito: según aplicación de promoción (ver cuadro más abajo). • Aplica a compras realizadas únicamente con tarjetas de crédito MasterCard y Visa de Sudameris Bank S.A.E.C.A, compras vía e-commerce y QR según aplicación de promoción (ver cuadro más abajo).. • Si un comercio tiene sucursales en diferentes ciudades, el tope de compra mensual se aplicará por comercio o marca, no por zona. El tope de compra mensual será único para la marca en su conjunto. • Aplica a compras realizadas con tarjetas de crédito MasterCard y Visa de Sudameris Bank S.A.E.C.A. • Promoción válida única y exclusivamente para compras realizadas vía POS de Bancard (Red Infonet). • Las bases y condiciones están sujetas a modificaciones de acuerdo con las posibles variaciones del acuerdo con el comercio, por lo que el Banco se reserva el derecho de aplicar dichas modificaciones, sin previo aviso, y el cliente deberá verificar la versión actualizada de las Bases y condiciones antes de realizar la transacción. • Los reclamos se tomarán como válidos sobre el último documento actualizado y debe ser el documento vigente durante el día de la compra reclamada. EXCLUSIONES • Se excluyen del beneficio las tarjetas prepagas, de débito, Bancard Check, Gourmet Card, Móvil Card, Productivas y Empresariales. • No aplica a compras a través de otras procesadoras (Dinelco, Cabal, etc). • Se excluyen del beneficio las compras realizadas con plataformas digitales ajenas a cada marca (Pedidos Ya, Monchis, Gu y/o Pedile a Charly). • Esta promoción quedará inactiva automáticamente durante la vigencia de promociones puntuales, como por ejemplo “Día de los Enamorados”, “Día de la Madre”, “Día del Padre”, “Fin de año”, entre otras. Esta cláusula rige únicamente para los comercios que participen de una promoción habitual y a su vez de una puntual. https://www.sudameris.com.py/beneficios",https://www.sudameris.com.py/storage/app/media/ByC/bc-zonasurencarnacion-4926.pdf,Tope de compra mensual: Gs. 1.000.000,Zona Sur - Encarnación
Otros,Sudameris,Refrisur,20% de reintegro + 5% elite Hasta 12 cuotas sin interés,viernes y sábado,Desde 2026-03-06 hasta 2027-02-28,"20% de reintegro + 5% elite Hasta 12 cuotas sin interés.  1 ZONA SUR – ENCARNACIÓN VIGENCIA • Verificar según aplicación de promoción (ver cuadro más abajo). BENEFICIOS • Descuento en caja del comercio según aplicación de promoción (ver cuadro más abajo). • Reintegro en extracto según aplicación de promoción (ver cuadro más abajo). • Cuotas sin interés según aplicación de promoción (ver cuadro más abajo). CONDICIONES • Tope de compra por cuenta de tarjeta de crédito: según aplicación de promoción (ver cuadro más abajo). • Aplica a compras realizadas únicamente con tarjetas de crédito MasterCard y Visa de Sudameris Bank S.A.E.C.A, compras vía e-commerce y QR según aplicación de promoción (ver cuadro más abajo).. • Si un comercio tiene sucursales en diferentes ciudades, el tope de compra mensual se aplicará por comercio o marca, no por zona. El tope de compra mensual será único para la marca en su conjunto. • Aplica a compras realizadas con tarjetas de crédito MasterCard y Visa de Sudameris Bank S.A.E.C.A. • Promoción válida única y exclusivamente para compras realizadas vía POS de Bancard (Red Infonet). • Las bases y condiciones están sujetas a modificaciones de acuerdo con las posibles variaciones del acuerdo con el comercio, por lo que el Banco se reserva el derecho de aplicar dichas modificaciones, sin previo aviso, y el cliente deberá verificar la versión actualizada de las Bases y condiciones antes de realizar la transacción. • Los reclamos se tomarán como válidos sobre el último documento actualizado y debe ser el documento vigente durante el día de la compra reclamada. EXCLUSIONES • Se excluyen del beneficio las tarjetas prepagas, de débito, Bancard Check, Gourmet Card, Móvil Card, Productivas y Empresariales. • No aplica a compras a través de otras procesadoras (Dinelco, Cabal, etc). • Se excluyen del beneficio las compras realizadas con plataformas digitales ajenas a cada marca (Pedidos Ya, Monchis, Gu y/o Pedile a Charly). • Esta promoción quedará inactiva automáticamente durante la vigencia de promociones puntuales, como por ejemplo “Día de los Enamorados”, “Día de la Madre”, “Día del Padre”, “Fin de año”, entre otras. Esta cláusula rige únicamente para los comercios que participen de una promoción habitual y a su vez de una puntual. https://www.sudameris.com.py/beneficios",https://www.sudameris.com.py/storage/app/media/ByC/bc-zonasurencarnacion-4926.pdf,Tope de compra mensual: Gs. 2.000.000,Zona Sur - Encarnación
Otros,Sudameris,Renova Padel,20% de reintegro + 5% Elite Hasta 10 cuotas sin interés,viernes y sábados,Desde 2025-01-01 hasta 2027-02-27,"20% de reintegro + 5% Elite Hasta 10 cuotas sin interés.  1 ZONA ESTE – CIUDAD DEL ESTE VIGENCIA • Verificar según aplicación de promoción (ver cuadro más abajo). BENEFICIOS • Descuento en caja del comercio según aplicación de promoción (ver cuadro más abajo). • Reintegro en extracto según aplicación de promoción (ver cuadro más abajo). • Cuotas sin interés según aplicación de promoción (ver cuadro más abajo). CONDICIONES • Tope de compra por cuenta de tarjeta de crédito: según aplicación de promoción (ver cuadro más abajo). • Aplica a compras realizadas únicamente con tarjetas de crédito MasterCard y Visa de Sudameris Bank S.A.E.C.A, compras vía e-commerce y QR según aplicación de promoción (ver cuadro más abajo).. • Si un comercio tiene sucursales en diferentes ciudades, el tope de compra mensual se aplicará por comercio o marca, no por zona. El tope de compra mensual será único para la marca en su conjunto. • Aplica a compras realizadas con tarjetas de crédito MasterCard y Visa de Sudameris Bank S.A.E.C.A. • Promoción válida única y exclusivamente para compras realizadas vía POS de Bancard (Red Infonet). • Las bases y condiciones están sujetas a modificaciones de acuerdo con las posibles variaciones del acuerdo con el comercio, por lo que el Banco se reserva el derecho de aplicar dichas modificaciones, sin previo aviso, y el cliente deberá verificar la versión actualizada de las Bases y condiciones antes de realizar la transacción. • Los reclamos se tomarán como válidos sobre el último documento actualizado y debe ser el documento vigente durante el día de la compra reclamada. • El fraccionamiento en cuotas se debe solicitar al momento de la compra en caja del comercio. EXCLUSIONES • Se excluyen del beneficio las tarjetas prepagas, de débito, Bancard Check, Gourmet Card, Móvil Card, Productivas y Empresariales. • No aplica a compras vía otras procesadoras (Dinelco, Cabal, etc), sub redes y/o plataformas que no sean Infonet (Pagopar, etc.). • No acumulable/combinable con otras promociones. • Se excluyen del beneficio las compras realizadas con plataformas digitales ajenas a cada marca (Pedidos Ya, Monchis, Gu y/o Pedile a Charly). • Esta promoción quedará inactiva automáticamente durante la vigencia de promociones puntuales, como por ejemplo “Día de los Enamorados”, “Día de la Madre”, “Día del Padre”, “Fin de año”, entre otras. Esta cláusula rige únicamente para los comercios que participen de una promoción habitual y a su vez de una puntual. https://www.sudameris.com.py/beneficios",https://www.sudameris.com.py/storage/app/media/ByC/bc-zonaestecde-090926.pdf,Tope de compra mensual: Gs. 2.000.000,Zona Este - Ciudad del Este
Otros,Sudameris,Romances Boutique,20% de reintegro + 5% elite Hasta 10 cuotas sin interés,viernes y sábado,Desde 2026-03-06 hasta 2027-02-28,"20% de reintegro + 5% elite Hasta 10 cuotas sin interés.  1 ZONA SUR – ENCARNACIÓN VIGENCIA • Verificar según aplicación de promoción (ver cuadro más abajo). BENEFICIOS • Descuento en caja del comercio según aplicación de promoción (ver cuadro más abajo). • Reintegro en extracto según aplicación de promoción (ver cuadro más abajo). • Cuotas sin interés según aplicación de promoción (ver cuadro más abajo). CONDICIONES • Tope de compra por cuenta de tarjeta de crédito: según aplicación de promoción (ver cuadro más abajo). • Aplica a compras realizadas únicamente con tarjetas de crédito MasterCard y Visa de Sudameris Bank S.A.E.C.A, compras vía e-commerce y QR según aplicación de promoción (ver cuadro más abajo).. • Si un comercio tiene sucursales en diferentes ciudades, el tope de compra mensual se aplicará por comercio o marca, no por zona. El tope de compra mensual será único para la marca en su conjunto. • Aplica a compras realizadas con tarjetas de crédito MasterCard y Visa de Sudameris Bank S.A.E.C.A. • Promoción válida única y exclusivamente para compras realizadas vía POS de Bancard (Red Infonet). • Las bases y condiciones están sujetas a modificaciones de acuerdo con las posibles variaciones del acuerdo con el comercio, por lo que el Banco se reserva el derecho de aplicar dichas modificaciones, sin previo aviso, y el cliente deberá verificar la versión actualizada de las Bases y condiciones antes de realizar la transacción. • Los reclamos se tomarán como válidos sobre el último documento actualizado y debe ser el documento vigente durante el día de la compra reclamada. EXCLUSIONES • Se excluyen del beneficio las tarjetas prepagas, de débito, Bancard Check, Gourmet Card, Móvil Card, Productivas y Empresariales. • No aplica a compras a través de otras procesadoras (Dinelco, Cabal, etc). • Se excluyen del beneficio las compras realizadas con plataformas digitales ajenas a cada marca (Pedidos Ya, Monchis, Gu y/o Pedile a Charly). • Esta promoción quedará inactiva automáticamente durante la vigencia de promociones puntuales, como por ejemplo “Día de los Enamorados”, “Día de la Madre”, “Día del Padre”, “Fin de año”, entre otras. Esta cláusula rige únicamente para los comercios que participen de una promoción habitual y a su vez de una puntual. https://www.sudameris.com.py/beneficios",https://www.sudameris.com.py/storage/app/media/ByC/bc-zonasurencarnacion-4926.pdf,Tope de compra mensual: Gs.2.500.000,Zona Sur - Encarnación
Otros,Sudameris,Romances Kids,20% de reintegro + 5% elite Hasta 10 cuotas sin interés,viernes y sábado,Desde 2026-03-06 hasta 2027-02-28,"20% de reintegro + 5% elite Hasta 10 cuotas sin interés.  1 ZONA SUR – ENCARNACIÓN VIGENCIA • Verificar según aplicación de promoción (ver cuadro más abajo). BENEFICIOS • Descuento en caja del comercio según aplicación de promoción (ver cuadro más abajo). • Reintegro en extracto según aplicación de promoción (ver cuadro más abajo). • Cuotas sin interés según aplicación de promoción (ver cuadro más abajo). CONDICIONES • Tope de compra por cuenta de tarjeta de crédito: según aplicación de promoción (ver cuadro más abajo). • Aplica a compras realizadas únicamente con tarjetas de crédito MasterCard y Visa de Sudameris Bank S.A.E.C.A, compras vía e-commerce y QR según aplicación de promoción (ver cuadro más abajo).. • Si un comercio tiene sucursales en diferentes ciudades, el tope de compra mensual se aplicará por comercio o marca, no por zona. El tope de compra mensual será único para la marca en su conjunto. • Aplica a compras realizadas con tarjetas de crédito MasterCard y Visa de Sudameris Bank S.A.E.C.A. • Promoción válida única y exclusivamente para compras realizadas vía POS de Bancard (Red Infonet). • Las bases y condiciones están sujetas a modificaciones de acuerdo con las posibles variaciones del acuerdo con el comercio, por lo que el Banco se reserva el derecho de aplicar dichas modificaciones, sin previo aviso, y el cliente deberá verificar la versión actualizada de las Bases y condiciones antes de realizar la transacción. • Los reclamos se tomarán como válidos sobre el último documento actualizado y debe ser el documento vigente durante el día de la compra reclamada. EXCLUSIONES • Se excluyen del beneficio las tarjetas prepagas, de débito, Bancard Check, Gourmet Card, Móvil Card, Productivas y Empresariales. • No aplica a compras a través de otras procesadoras (Dinelco, Cabal, etc). • Se excluyen del beneficio las compras realizadas con plataformas digitales ajenas a cada marca (Pedidos Ya, Monchis, Gu y/o Pedile a Charly). • Esta promoción quedará inactiva automáticamente durante la vigencia de promociones puntuales, como por ejemplo “Día de los Enamorados”, “Día de la Madre”, “Día del Padre”, “Fin de año”, entre otras. Esta cláusula rige únicamente para los comercios que participen de una promoción habitual y a su vez de una puntual. https://www.sudameris.com.py/beneficios",https://www.sudameris.com.py/storage/app/media/ByC/bc-zonasurencarnacion-4926.pdf,Tope de compra mensual: Gs.2.500.000,Zona Sur - Encarnación
Otros,Sudameris,Rulo Sport,20% de reintegro Hasta 10 cuotas sin interés,viernes y sábado,Desde 2026-03-06 hasta 2027-02-28,"20% de reintegro Hasta 10 cuotas sin interés.  1 ZONA SUR – ENCARNACIÓN VIGENCIA • Verificar según aplicación de promoción (ver cuadro más abajo). BENEFICIOS • Descuento en caja del comercio según aplicación de promoción (ver cuadro más abajo). • Reintegro en extracto según aplicación de promoción (ver cuadro más abajo). • Cuotas sin interés según aplicación de promoción (ver cuadro más abajo). CONDICIONES • Tope de compra por cuenta de tarjeta de crédito: según aplicación de promoción (ver cuadro más abajo). • Aplica a compras realizadas únicamente con tarjetas de crédito MasterCard y Visa de Sudameris Bank S.A.E.C.A, compras vía e-commerce y QR según aplicación de promoción (ver cuadro más abajo).. • Si un comercio tiene sucursales en diferentes ciudades, el tope de compra mensual se aplicará por comercio o marca, no por zona. El tope de compra mensual será único para la marca en su conjunto. • Aplica a compras realizadas con tarjetas de crédito MasterCard y Visa de Sudameris Bank S.A.E.C.A. • Promoción válida única y exclusivamente para compras realizadas vía POS de Bancard (Red Infonet). • Las bases y condiciones están sujetas a modificaciones de acuerdo con las posibles variaciones del acuerdo con el comercio, por lo que el Banco se reserva el derecho de aplicar dichas modificaciones, sin previo aviso, y el cliente deberá verificar la versión actualizada de las Bases y condiciones antes de realizar la transacción. • Los reclamos se tomarán como válidos sobre el último documento actualizado y debe ser el documento vigente durante el día de la compra reclamada. EXCLUSIONES • Se excluyen del beneficio las tarjetas prepagas, de débito, Bancard Check, Gourmet Card, Móvil Card, Productivas y Empresariales. • No aplica a compras a través de otras procesadoras (Dinelco, Cabal, etc). • Se excluyen del beneficio las compras realizadas con plataformas digitales ajenas a cada marca (Pedidos Ya, Monchis, Gu y/o Pedile a Charly). • Esta promoción quedará inactiva automáticamente durante la vigencia de promociones puntuales, como por ejemplo “Día de los Enamorados”, “Día de la Madre”, “Día del Padre”, “Fin de año”, entre otras. Esta cláusula rige únicamente para los comercios que participen de una promoción habitual y a su vez de una puntual. https://www.sudameris.com.py/beneficios",https://www.sudameris.com.py/storage/app/media/ByC/bc-zonasurencarnacion-4926.pdf,Tope de compra mensual: Gs.800.000,Zona Sur - Encarnación
Otros,Sudameris,STYL Optica,10% de descuento en caja Hasta 12 cuotas sin interés,Todos los días,Desde 2026-04-20 hasta 2026-12-31,"10% de descuento en caja Hasta 12 cuotas sin interés.  1 ZONA SUR – ENCARNACIÓN VIGENCIA • Verificar según aplicación de promoción (ver cuadro más abajo). BENEFICIOS • Descuento en caja del comercio según aplicación de promoción (ver cuadro más abajo). • Reintegro en extracto según aplicación de promoción (ver cuadro más abajo). • Cuotas sin interés según aplicación de promoción (ver cuadro más abajo). CONDICIONES • Tope de compra por cuenta de tarjeta de crédito: según aplicación de promoción (ver cuadro más abajo). • Aplica a compras realizadas únicamente con tarjetas de crédito MasterCard y Visa de Sudameris Bank S.A.E.C.A, compras vía e-commerce y QR según aplicación de promoción (ver cuadro más abajo).. • Si un comercio tiene sucursales en diferentes ciudades, el tope de compra mensual se aplicará por comercio o marca, no por zona. El tope de compra mensual será único para la marca en su conjunto. • Aplica a compras realizadas con tarjetas de crédito MasterCard y Visa de Sudameris Bank S.A.E.C.A. • Promoción válida única y exclusivamente para compras realizadas vía POS de Bancard (Red Infonet). • Las bases y condiciones están sujetas a modificaciones de acuerdo con las posibles variaciones del acuerdo con el comercio, por lo que el Banco se reserva el derecho de aplicar dichas modificaciones, sin previo aviso, y el cliente deberá verificar la versión actualizada de las Bases y condiciones antes de realizar la transacción. • Los reclamos se tomarán como válidos sobre el último documento actualizado y debe ser el documento vigente durante el día de la compra reclamada. EXCLUSIONES • Se excluyen del beneficio las tarjetas prepagas, de débito, Bancard Check, Gourmet Card, Móvil Card, Productivas y Empresariales. • No aplica a compras a través de otras procesadoras (Dinelco, Cabal, etc). • Se excluyen del beneficio las compras realizadas con plataformas digitales ajenas a cada marca (Pedidos Ya, Monchis, Gu y/o Pedile a Charly). • Esta promoción quedará inactiva automáticamente durante la vigencia de promociones puntuales, como por ejemplo “Día de los Enamorados”, “Día de la Madre”, “Día del Padre”, “Fin de año”, entre otras. Esta cláusula rige únicamente para los comercios que participen de una promoción habitual y a su vez de una puntual. https://www.sudameris.com.py/beneficios",https://www.sudameris.com.py/storage/app/media/ByC/bc-zonasurencarnacion-4926.pdf,Tope de compra mensual: N/A,Zona Sur - Encarnación
Otros,Sudameris,San Isidro Showroom,20% de descuento en caja Hasta 12 cuotas sin interés,Viernes y sábado,Desde 2026-07-17 hasta 2026-12-31,"20% de descuento en caja Hasta 12 cuotas sin interés.  1 ZONA SUR – ENCARNACIÓN VIGENCIA • Verificar según aplicación de promoción (ver cuadro más abajo). BENEFICIOS • Descuento en caja del comercio según aplicación de promoción (ver cuadro más abajo). • Reintegro en extracto según aplicación de promoción (ver cuadro más abajo). • Cuotas sin interés según aplicación de promoción (ver cuadro más abajo). CONDICIONES • Tope de compra por cuenta de tarjeta de crédito: según aplicación de promoción (ver cuadro más abajo). • Aplica a compras realizadas únicamente con tarjetas de crédito MasterCard y Visa de Sudameris Bank S.A.E.C.A, compras vía e-commerce y QR según aplicación de promoción (ver cuadro más abajo).. • Si un comercio tiene sucursales en diferentes ciudades, el tope de compra mensual se aplicará por comercio o marca, no por zona. El tope de compra mensual será único para la marca en su conjunto. • Aplica a compras realizadas con tarjetas de crédito MasterCard y Visa de Sudameris Bank S.A.E.C.A. • Promoción válida única y exclusivamente para compras realizadas vía POS de Bancard (Red Infonet). • Las bases y condiciones están sujetas a modificaciones de acuerdo con las posibles variaciones del acuerdo con el comercio, por lo que el Banco se reserva el derecho de aplicar dichas modificaciones, sin previo aviso, y el cliente deberá verificar la versión actualizada de las Bases y condiciones antes de realizar la transacción. • Los reclamos se tomarán como válidos sobre el último documento actualizado y debe ser el documento vigente durante el día de la compra reclamada. EXCLUSIONES • Se excluyen del beneficio las tarjetas prepagas, de débito, Bancard Check, Gourmet Card, Móvil Card, Productivas y Empresariales. • No aplica a compras a través de otras procesadoras (Dinelco, Cabal, etc). • Se excluyen del beneficio las compras realizadas con plataformas digitales ajenas a cada marca (Pedidos Ya, Monchis, Gu y/o Pedile a Charly). • Esta promoción quedará inactiva automáticamente durante la vigencia de promociones puntuales, como por ejemplo “Día de los Enamorados”, “Día de la Madre”, “Día del Padre”, “Fin de año”, entre otras. Esta cláusula rige únicamente para los comercios que participen de una promoción habitual y a su vez de una puntual. https://www.sudameris.com.py/beneficios",https://www.sudameris.com.py/storage/app/media/ByC/bc-zonasurencarnacion-4926.pdf,Tope de compra mensual: N/A,Zona Sur - Encarnación
Otros,Sudameris,Selva Negra Kafee Haus,20% de reintegro + 5% elite Hasta 12 cuotas sin interés,Jueves a domingo,Desde 2026-05-14 hasta 2027-02-28,"20% de reintegro + 5% elite Hasta 12 cuotas sin interés.  1 ZONA SUR – ENCARNACIÓN VIGENCIA • Verificar según aplicación de promoción (ver cuadro más abajo). BENEFICIOS • Descuento en caja del comercio según aplicación de promoción (ver cuadro más abajo). • Reintegro en extracto según aplicación de promoción (ver cuadro más abajo). • Cuotas sin interés según aplicación de promoción (ver cuadro más abajo). CONDICIONES • Tope de compra por cuenta de tarjeta de crédito: según aplicación de promoción (ver cuadro más abajo). • Aplica a compras realizadas únicamente con tarjetas de crédito MasterCard y Visa de Sudameris Bank S.A.E.C.A, compras vía e-commerce y QR según aplicación de promoción (ver cuadro más abajo).. • Si un comercio tiene sucursales en diferentes ciudades, el tope de compra mensual se aplicará por comercio o marca, no por zona. El tope de compra mensual será único para la marca en su conjunto. • Aplica a compras realizadas con tarjetas de crédito MasterCard y Visa de Sudameris Bank S.A.E.C.A. • Promoción válida única y exclusivamente para compras realizadas vía POS de Bancard (Red Infonet). • Las bases y condiciones están sujetas a modificaciones de acuerdo con las posibles variaciones del acuerdo con el comercio, por lo que el Banco se reserva el derecho de aplicar dichas modificaciones, sin previo aviso, y el cliente deberá verificar la versión actualizada de las Bases y condiciones antes de realizar la transacción. • Los reclamos se tomarán como válidos sobre el último documento actualizado y debe ser el documento vigente durante el día de la compra reclamada. EXCLUSIONES • Se excluyen del beneficio las tarjetas prepagas, de débito, Bancard Check, Gourmet Card, Móvil Card, Productivas y Empresariales. • No aplica a compras a través de otras procesadoras (Dinelco, Cabal, etc). • Se excluyen del beneficio las compras realizadas con plataformas digitales ajenas a cada marca (Pedidos Ya, Monchis, Gu y/o Pedile a Charly). • Esta promoción quedará inactiva automáticamente durante la vigencia de promociones puntuales, como por ejemplo “Día de los Enamorados”, “Día de la Madre”, “Día del Padre”, “Fin de año”, entre otras. Esta cláusula rige únicamente para los comercios que participen de una promoción habitual y a su vez de una puntual. https://www.sudameris.com.py/beneficios",https://www.sudameris.com.py/storage/app/media/ByC/bc-zonasurencarnacion-4926.pdf,Tope de compra mensual: Gs. 600.000,Zona Sur - Encarnación
Otros,Sudameris,Shark Suplementos,20% de reintegro + 5% elite Hasta 12 cuotas sin interés,Viernes y sábado,Desde 2026-03-20 hasta 2026-06-20,"20% de reintegro + 5% elite Hasta 12 cuotas sin interés.  1 ZONA SUR – ENCARNACIÓN VIGENCIA • Verificar según aplicación de promoción (ver cuadro más abajo). BENEFICIOS • Descuento en caja del comercio según aplicación de promoción (ver cuadro más abajo). • Reintegro en extracto según aplicación de promoción (ver cuadro más abajo). • Cuotas sin interés según aplicación de promoción (ver cuadro más abajo). CONDICIONES • Tope de compra por cuenta de tarjeta de crédito: según aplicación de promoción (ver cuadro más abajo). • Aplica a compras realizadas únicamente con tarjetas de crédito MasterCard y Visa de Sudameris Bank S.A.E.C.A, compras vía e-commerce y QR según aplicación de promoción (ver cuadro más abajo).. • Si un comercio tiene sucursales en diferentes ciudades, el tope de compra mensual se aplicará por comercio o marca, no por zona. El tope de compra mensual será único para la marca en su conjunto. • Aplica a compras realizadas con tarjetas de crédito MasterCard y Visa de Sudameris Bank S.A.E.C.A. • Promoción válida única y exclusivamente para compras realizadas vía POS de Bancard (Red Infonet). • Las bases y condiciones están sujetas a modificaciones de acuerdo con las posibles variaciones del acuerdo con el comercio, por lo que el Banco se reserva el derecho de aplicar dichas modificaciones, sin previo aviso, y el cliente deberá verificar la versión actualizada de las Bases y condiciones antes de realizar la transacción. • Los reclamos se tomarán como válidos sobre el último documento actualizado y debe ser el documento vigente durante el día de la compra reclamada. EXCLUSIONES • Se excluyen del beneficio las tarjetas prepagas, de débito, Bancard Check, Gourmet Card, Móvil Card, Productivas y Empresariales. • No aplica a compras a través de otras procesadoras (Dinelco, Cabal, etc). • Se excluyen del beneficio las compras realizadas con plataformas digitales ajenas a cada marca (Pedidos Ya, Monchis, Gu y/o Pedile a Charly). • Esta promoción quedará inactiva automáticamente durante la vigencia de promociones puntuales, como por ejemplo “Día de los Enamorados”, “Día de la Madre”, “Día del Padre”, “Fin de año”, entre otras. Esta cláusula rige únicamente para los comercios que participen de una promoción habitual y a su vez de una puntual. https://www.sudameris.com.py/beneficios",https://www.sudameris.com.py/storage/app/media/ByC/bc-zonasurencarnacion-4926.pdf,Tope de compra mensual: GS. 800.000,Zona Sur - Encarnación
Otros,Sudameris,Shell Combustible Grupo Laso,15% de reintegro,Primer lunes de cada mes,Desde 2026-07-06 hasta 2026-12-31,"15% de reintegro.  1 ZONA SUR – ENCARNACIÓN VIGENCIA • Verificar según aplicación de promoción (ver cuadro más abajo). BENEFICIOS • Descuento en caja del comercio según aplicación de promoción (ver cuadro más abajo). • Reintegro en extracto según aplicación de promoción (ver cuadro más abajo). • Cuotas sin interés según aplicación de promoción (ver cuadro más abajo). CONDICIONES • Tope de compra por cuenta de tarjeta de crédito: según aplicación de promoción (ver cuadro más abajo). • Aplica a compras realizadas únicamente con tarjetas de crédito MasterCard y Visa de Sudameris Bank S.A.E.C.A, compras vía e-commerce y QR según aplicación de promoción (ver cuadro más abajo).. • Si un comercio tiene sucursales en diferentes ciudades, el tope de compra mensual se aplicará por comercio o marca, no por zona. El tope de compra mensual será único para la marca en su conjunto. • Aplica a compras realizadas con tarjetas de crédito MasterCard y Visa de Sudameris Bank S.A.E.C.A. • Promoción válida única y exclusivamente para compras realizadas vía POS de Bancard (Red Infonet). • Las bases y condiciones están sujetas a modificaciones de acuerdo con las posibles variaciones del acuerdo con el comercio, por lo que el Banco se reserva el derecho de aplicar dichas modificaciones, sin previo aviso, y el cliente deberá verificar la versión actualizada de las Bases y condiciones antes de realizar la transacción. • Los reclamos se tomarán como válidos sobre el último documento actualizado y debe ser el documento vigente durante el día de la compra reclamada. EXCLUSIONES • Se excluyen del beneficio las tarjetas prepagas, de débito, Bancard Check, Gourmet Card, Móvil Card, Productivas y Empresariales. • No aplica a compras a través de otras procesadoras (Dinelco, Cabal, etc). • Se excluyen del beneficio las compras realizadas con plataformas digitales ajenas a cada marca (Pedidos Ya, Monchis, Gu y/o Pedile a Charly). • Esta promoción quedará inactiva automáticamente durante la vigencia de promociones puntuales, como por ejemplo “Día de los Enamorados”, “Día de la Madre”, “Día del Padre”, “Fin de año”, entre otras. Esta cláusula rige únicamente para los comercios que participen de una promoción habitual y a su vez de una puntual. https://www.sudameris.com.py/beneficios",https://www.sudameris.com.py/storage/app/media/ByC/bc-zonasurencarnacion-4926.pdf,Tope de compra mensual: Gs. 1.000.000,Zona Sur - Encarnación
Otros,Sudameris,Shop Grupo Laso,20% de reintegro,Primer lunes de cada mes,Desde 2026-07-06 hasta 2026-12-31,"20% de reintegro.  1 ZONA SUR – ENCARNACIÓN VIGENCIA • Verificar según aplicación de promoción (ver cuadro más abajo). BENEFICIOS • Descuento en caja del comercio según aplicación de promoción (ver cuadro más abajo). • Reintegro en extracto según aplicación de promoción (ver cuadro más abajo). • Cuotas sin interés según aplicación de promoción (ver cuadro más abajo). CONDICIONES • Tope de compra por cuenta de tarjeta de crédito: según aplicación de promoción (ver cuadro más abajo). • Aplica a compras realizadas únicamente con tarjetas de crédito MasterCard y Visa de Sudameris Bank S.A.E.C.A, compras vía e-commerce y QR según aplicación de promoción (ver cuadro más abajo).. • Si un comercio tiene sucursales en diferentes ciudades, el tope de compra mensual se aplicará por comercio o marca, no por zona. El tope de compra mensual será único para la marca en su conjunto. • Aplica a compras realizadas con tarjetas de crédito MasterCard y Visa de Sudameris Bank S.A.E.C.A. • Promoción válida única y exclusivamente para compras realizadas vía POS de Bancard (Red Infonet). • Las bases y condiciones están sujetas a modificaciones de acuerdo con las posibles variaciones del acuerdo con el comercio, por lo que el Banco se reserva el derecho de aplicar dichas modificaciones, sin previo aviso, y el cliente deberá verificar la versión actualizada de las Bases y condiciones antes de realizar la transacción. • Los reclamos se tomarán como válidos sobre el último documento actualizado y debe ser el documento vigente durante el día de la compra reclamada. EXCLUSIONES • Se excluyen del beneficio las tarjetas prepagas, de débito, Bancard Check, Gourmet Card, Móvil Card, Productivas y Empresariales. • No aplica a compras a través de otras procesadoras (Dinelco, Cabal, etc). • Se excluyen del beneficio las compras realizadas con plataformas digitales ajenas a cada marca (Pedidos Ya, Monchis, Gu y/o Pedile a Charly). • Esta promoción quedará inactiva automáticamente durante la vigencia de promociones puntuales, como por ejemplo “Día de los Enamorados”, “Día de la Madre”, “Día del Padre”, “Fin de año”, entre otras. Esta cláusula rige únicamente para los comercios que participen de una promoción habitual y a su vez de una puntual. https://www.sudameris.com.py/beneficios",https://www.sudameris.com.py/storage/app/media/ByC/bc-zonasurencarnacion-4926.pdf,Tope de compra mensual: Gs. 500.000,Zona Sur - Encarnación
Otros,Sudameris,Shop Vane,20% de reintegro,viernes,Desde 2026-03-06 hasta 2027-02-28,"20% de reintegro.  1 ZONA SUR – ENCARNACIÓN VIGENCIA • Verificar según aplicación de promoción (ver cuadro más abajo). BENEFICIOS • Descuento en caja del comercio según aplicación de promoción (ver cuadro más abajo). • Reintegro en extracto según aplicación de promoción (ver cuadro más abajo). • Cuotas sin interés según aplicación de promoción (ver cuadro más abajo). CONDICIONES • Tope de compra por cuenta de tarjeta de crédito: según aplicación de promoción (ver cuadro más abajo). • Aplica a compras realizadas únicamente con tarjetas de crédito MasterCard y Visa de Sudameris Bank S.A.E.C.A, compras vía e-commerce y QR según aplicación de promoción (ver cuadro más abajo).. • Si un comercio tiene sucursales en diferentes ciudades, el tope de compra mensual se aplicará por comercio o marca, no por zona. El tope de compra mensual será único para la marca en su conjunto. • Aplica a compras realizadas con tarjetas de crédito MasterCard y Visa de Sudameris Bank S.A.E.C.A. • Promoción válida única y exclusivamente para compras realizadas vía POS de Bancard (Red Infonet). • Las bases y condiciones están sujetas a modificaciones de acuerdo con las posibles variaciones del acuerdo con el comercio, por lo que el Banco se reserva el derecho de aplicar dichas modificaciones, sin previo aviso, y el cliente deberá verificar la versión actualizada de las Bases y condiciones antes de realizar la transacción. • Los reclamos se tomarán como válidos sobre el último documento actualizado y debe ser el documento vigente durante el día de la compra reclamada. EXCLUSIONES • Se excluyen del beneficio las tarjetas prepagas, de débito, Bancard Check, Gourmet Card, Móvil Card, Productivas y Empresariales. • No aplica a compras a través de otras procesadoras (Dinelco, Cabal, etc). • Se excluyen del beneficio las compras realizadas con plataformas digitales ajenas a cada marca (Pedidos Ya, Monchis, Gu y/o Pedile a Charly). • Esta promoción quedará inactiva automáticamente durante la vigencia de promociones puntuales, como por ejemplo “Día de los Enamorados”, “Día de la Madre”, “Día del Padre”, “Fin de año”, entre otras. Esta cláusula rige únicamente para los comercios que participen de una promoción habitual y a su vez de una puntual. https://www.sudameris.com.py/beneficios",https://www.sudameris.com.py/storage/app/media/ByC/bc-zonasurencarnacion-4926.pdf,Tope de compra mensual: Gs. 500.000,Zona Sur - Encarnación
Otros,Sudameris,Supermercado La Familia,15% de reintegro,Último sábado de cada mes,Desde 2026-07-01 hasta 2026-12-31,"15% de reintegro.  1 ZONA SUR – ENCARNACIÓN VIGENCIA • Verificar según aplicación de promoción (ver cuadro más abajo). BENEFICIOS • Descuento en caja del comercio según aplicación de promoción (ver cuadro más abajo). • Reintegro en extracto según aplicación de promoción (ver cuadro más abajo). • Cuotas sin interés según aplicación de promoción (ver cuadro más abajo). CONDICIONES • Tope de compra por cuenta de tarjeta de crédito: según aplicación de promoción (ver cuadro más abajo). • Aplica a compras realizadas únicamente con tarjetas de crédito MasterCard y Visa de Sudameris Bank S.A.E.C.A, compras vía e-commerce y QR según aplicación de promoción (ver cuadro más abajo).. • Si un comercio tiene sucursales en diferentes ciudades, el tope de compra mensual se aplicará por comercio o marca, no por zona. El tope de compra mensual será único para la marca en su conjunto. • Aplica a compras realizadas con tarjetas de crédito MasterCard y Visa de Sudameris Bank S.A.E.C.A. • Promoción válida única y exclusivamente para compras realizadas vía POS de Bancard (Red Infonet). • Las bases y condiciones están sujetas a modificaciones de acuerdo con las posibles variaciones del acuerdo con el comercio, por lo que el Banco se reserva el derecho de aplicar dichas modificaciones, sin previo aviso, y el cliente deberá verificar la versión actualizada de las Bases y condiciones antes de realizar la transacción. • Los reclamos se tomarán como válidos sobre el último documento actualizado y debe ser el documento vigente durante el día de la compra reclamada. EXCLUSIONES • Se excluyen del beneficio las tarjetas prepagas, de débito, Bancard Check, Gourmet Card, Móvil Card, Productivas y Empresariales. • No aplica a compras a través de otras procesadoras (Dinelco, Cabal, etc). • Se excluyen del beneficio las compras realizadas con plataformas digitales ajenas a cada marca (Pedidos Ya, Monchis, Gu y/o Pedile a Charly). • Esta promoción quedará inactiva automáticamente durante la vigencia de promociones puntuales, como por ejemplo “Día de los Enamorados”, “Día de la Madre”, “Día del Padre”, “Fin de año”, entre otras. Esta cláusula rige únicamente para los comercios que participen de una promoción habitual y a su vez de una puntual. https://www.sudameris.com.py/beneficios",https://www.sudameris.com.py/storage/app/media/ByC/bc-zonasurencarnacion-4926.pdf,Tope de compra mensual: Gs. 1.500.000,Zona Sur - Encarnación
Otros,Sudameris,Sweet Store,20% de reintegro + 5% elite Hasta 10 cuotas sin interés,viernes y sábado,Desde 2026-03-06 hasta 2027-02-28,"20% de reintegro + 5% elite Hasta 10 cuotas sin interés.  1 ZONA SUR – ENCARNACIÓN VIGENCIA • Verificar según aplicación de promoción (ver cuadro más abajo). BENEFICIOS • Descuento en caja del comercio según aplicación de promoción (ver cuadro más abajo). • Reintegro en extracto según aplicación de promoción (ver cuadro más abajo). • Cuotas sin interés según aplicación de promoción (ver cuadro más abajo). CONDICIONES • Tope de compra por cuenta de tarjeta de crédito: según aplicación de promoción (ver cuadro más abajo). • Aplica a compras realizadas únicamente con tarjetas de crédito MasterCard y Visa de Sudameris Bank S.A.E.C.A, compras vía e-commerce y QR según aplicación de promoción (ver cuadro más abajo).. • Si un comercio tiene sucursales en diferentes ciudades, el tope de compra mensual se aplicará por comercio o marca, no por zona. El tope de compra mensual será único para la marca en su conjunto. • Aplica a compras realizadas con tarjetas de crédito MasterCard y Visa de Sudameris Bank S.A.E.C.A. • Promoción válida única y exclusivamente para compras realizadas vía POS de Bancard (Red Infonet). • Las bases y condiciones están sujetas a modificaciones de acuerdo con las posibles variaciones del acuerdo con el comercio, por lo que el Banco se reserva el derecho de aplicar dichas modificaciones, sin previo aviso, y el cliente deberá verificar la versión actualizada de las Bases y condiciones antes de realizar la transacción. • Los reclamos se tomarán como válidos sobre el último documento actualizado y debe ser el documento vigente durante el día de la compra reclamada. EXCLUSIONES • Se excluyen del beneficio las tarjetas prepagas, de débito, Bancard Check, Gourmet Card, Móvil Card, Productivas y Empresariales. • No aplica a compras a través de otras procesadoras (Dinelco, Cabal, etc). • Se excluyen del beneficio las compras realizadas con plataformas digitales ajenas a cada marca (Pedidos Ya, Monchis, Gu y/o Pedile a Charly). • Esta promoción quedará inactiva automáticamente durante la vigencia de promociones puntuales, como por ejemplo “Día de los Enamorados”, “Día de la Madre”, “Día del Padre”, “Fin de año”, entre otras. Esta cláusula rige únicamente para los comercios que participen de una promoción habitual y a su vez de una puntual. https://www.sudameris.com.py/beneficios",https://www.sudameris.com.py/storage/app/media/ByC/bc-zonasurencarnacion-4926.pdf,Tope de compra mensual: Gs. 1.000.000,Zona Sur - Encarnación
Otros,Sudameris,Tasty Pizza,20% de reintegro,viernes y sábado,Desde 2026-03-06 hasta 2027-02-28,"20% de reintegro.  1 ZONA SUR – ENCARNACIÓN VIGENCIA • Verificar según aplicación de promoción (ver cuadro más abajo). BENEFICIOS • Descuento en caja del comercio según aplicación de promoción (ver cuadro más abajo). • Reintegro en extracto según aplicación de promoción (ver cuadro más abajo). • Cuotas sin interés según aplicación de promoción (ver cuadro más abajo). CONDICIONES • Tope de compra por cuenta de tarjeta de crédito: según aplicación de promoción (ver cuadro más abajo). • Aplica a compras realizadas únicamente con tarjetas de crédito MasterCard y Visa de Sudameris Bank S.A.E.C.A, compras vía e-commerce y QR según aplicación de promoción (ver cuadro más abajo).. • Si un comercio tiene sucursales en diferentes ciudades, el tope de compra mensual se aplicará por comercio o marca, no por zona. El tope de compra mensual será único para la marca en su conjunto. • Aplica a compras realizadas con tarjetas de crédito MasterCard y Visa de Sudameris Bank S.A.E.C.A. • Promoción válida única y exclusivamente para compras realizadas vía POS de Bancard (Red Infonet). • Las bases y condiciones están sujetas a modificaciones de acuerdo con las posibles variaciones del acuerdo con el comercio, por lo que el Banco se reserva el derecho de aplicar dichas modificaciones, sin previo aviso, y el cliente deberá verificar la versión actualizada de las Bases y condiciones antes de realizar la transacción. • Los reclamos se tomarán como válidos sobre el último documento actualizado y debe ser el documento vigente durante el día de la compra reclamada. EXCLUSIONES • Se excluyen del beneficio las tarjetas prepagas, de débito, Bancard Check, Gourmet Card, Móvil Card, Productivas y Empresariales. • No aplica a compras a través de otras procesadoras (Dinelco, Cabal, etc). • Se excluyen del beneficio las compras realizadas con plataformas digitales ajenas a cada marca (Pedidos Ya, Monchis, Gu y/o Pedile a Charly). • Esta promoción quedará inactiva automáticamente durante la vigencia de promociones puntuales, como por ejemplo “Día de los Enamorados”, “Día de la Madre”, “Día del Padre”, “Fin de año”, entre otras. Esta cláusula rige únicamente para los comercios que participen de una promoción habitual y a su vez de una puntual. https://www.sudameris.com.py/beneficios",https://www.sudameris.com.py/storage/app/media/ByC/bc-zonasurencarnacion-4926.pdf,Tope de compra mensual: Gs. 500.000,Zona Sur - Encarnación
Otros,Sudameris,Terra Nova,20% de reintegro Hasta 12 cuotas sin interés,viernes y sábados,Desde 2026-03-06 hasta 2027-02-27,"20% de reintegro Hasta 12 cuotas sin interés.  1 ZONA ESTE – CIUDAD DEL ESTE VIGENCIA • Verificar según aplicación de promoción (ver cuadro más abajo). BENEFICIOS • Descuento en caja del comercio según aplicación de promoción (ver cuadro más abajo). • Reintegro en extracto según aplicación de promoción (ver cuadro más abajo). • Cuotas sin interés según aplicación de promoción (ver cuadro más abajo). CONDICIONES • Tope de compra por cuenta de tarjeta de crédito: según aplicación de promoción (ver cuadro más abajo). • Aplica a compras realizadas únicamente con tarjetas de crédito MasterCard y Visa de Sudameris Bank S.A.E.C.A, compras vía e-commerce y QR según aplicación de promoción (ver cuadro más abajo).. • Si un comercio tiene sucursales en diferentes ciudades, el tope de compra mensual se aplicará por comercio o marca, no por zona. El tope de compra mensual será único para la marca en su conjunto. • Aplica a compras realizadas con tarjetas de crédito MasterCard y Visa de Sudameris Bank S.A.E.C.A. • Promoción válida única y exclusivamente para compras realizadas vía POS de Bancard (Red Infonet). • Las bases y condiciones están sujetas a modificaciones de acuerdo con las posibles variaciones del acuerdo con el comercio, por lo que el Banco se reserva el derecho de aplicar dichas modificaciones, sin previo aviso, y el cliente deberá verificar la versión actualizada de las Bases y condiciones antes de realizar la transacción. • Los reclamos se tomarán como válidos sobre el último documento actualizado y debe ser el documento vigente durante el día de la compra reclamada. • El fraccionamiento en cuotas se debe solicitar al momento de la compra en caja del comercio. EXCLUSIONES • Se excluyen del beneficio las tarjetas prepagas, de débito, Bancard Check, Gourmet Card, Móvil Card, Productivas y Empresariales. • No aplica a compras vía otras procesadoras (Dinelco, Cabal, etc), sub redes y/o plataformas que no sean Infonet (Pagopar, etc.). • No acumulable/combinable con otras promociones. • Se excluyen del beneficio las compras realizadas con plataformas digitales ajenas a cada marca (Pedidos Ya, Monchis, Gu y/o Pedile a Charly). • Esta promoción quedará inactiva automáticamente durante la vigencia de promociones puntuales, como por ejemplo “Día de los Enamorados”, “Día de la Madre”, “Día del Padre”, “Fin de año”, entre otras. Esta cláusula rige únicamente para los comercios que participen de una promoción habitual y a su vez de una puntual. https://www.sudameris.com.py/beneficios",https://www.sudameris.com.py/storage/app/media/ByC/bc-zonaestecde-090926.pdf,Tope de compra mensual: GS. 1.000.000,Zona Este - Ciudad del Este
Otros,Sudameris,Tiari,20% de reintegro + 5% elite Hasta 10 cuotas sin interés,viernes y sábado,Desde 2026-03-06 hasta 2027-02-28,"20% de reintegro + 5% elite Hasta 10 cuotas sin interés.  1 ZONA SUR – ENCARNACIÓN VIGENCIA • Verificar según aplicación de promoción (ver cuadro más abajo). BENEFICIOS • Descuento en caja del comercio según aplicación de promoción (ver cuadro más abajo). • Reintegro en extracto según aplicación de promoción (ver cuadro más abajo). • Cuotas sin interés según aplicación de promoción (ver cuadro más abajo). CONDICIONES • Tope de compra por cuenta de tarjeta de crédito: según aplicación de promoción (ver cuadro más abajo). • Aplica a compras realizadas únicamente con tarjetas de crédito MasterCard y Visa de Sudameris Bank S.A.E.C.A, compras vía e-commerce y QR según aplicación de promoción (ver cuadro más abajo).. • Si un comercio tiene sucursales en diferentes ciudades, el tope de compra mensual se aplicará por comercio o marca, no por zona. El tope de compra mensual será único para la marca en su conjunto. • Aplica a compras realizadas con tarjetas de crédito MasterCard y Visa de Sudameris Bank S.A.E.C.A. • Promoción válida única y exclusivamente para compras realizadas vía POS de Bancard (Red Infonet). • Las bases y condiciones están sujetas a modificaciones de acuerdo con las posibles variaciones del acuerdo con el comercio, por lo que el Banco se reserva el derecho de aplicar dichas modificaciones, sin previo aviso, y el cliente deberá verificar la versión actualizada de las Bases y condiciones antes de realizar la transacción. • Los reclamos se tomarán como válidos sobre el último documento actualizado y debe ser el documento vigente durante el día de la compra reclamada. EXCLUSIONES • Se excluyen del beneficio las tarjetas prepagas, de débito, Bancard Check, Gourmet Card, Móvil Card, Productivas y Empresariales. • No aplica a compras a través de otras procesadoras (Dinelco, Cabal, etc). • Se excluyen del beneficio las compras realizadas con plataformas digitales ajenas a cada marca (Pedidos Ya, Monchis, Gu y/o Pedile a Charly). • Esta promoción quedará inactiva automáticamente durante la vigencia de promociones puntuales, como por ejemplo “Día de los Enamorados”, “Día de la Madre”, “Día del Padre”, “Fin de año”, entre otras. Esta cláusula rige únicamente para los comercios que participen de una promoción habitual y a su vez de una puntual. https://www.sudameris.com.py/beneficios",https://www.sudameris.com.py/storage/app/media/ByC/bc-zonasurencarnacion-4926.pdf,Tope de compra mensual: Gs. 1.500.000,Zona Sur - Encarnación
Otros,Sudameris,Todoluz,20% de reintegro Hasta 12 cuotas sin interés,Viernes,Desde 2026-03-06 hasta 2027-02-28,"20% de reintegro Hasta 12 cuotas sin interés.  1 ZONA SUR – ENCARNACIÓN VIGENCIA • Verificar según aplicación de promoción (ver cuadro más abajo). BENEFICIOS • Descuento en caja del comercio según aplicación de promoción (ver cuadro más abajo). • Reintegro en extracto según aplicación de promoción (ver cuadro más abajo). • Cuotas sin interés según aplicación de promoción (ver cuadro más abajo). CONDICIONES • Tope de compra por cuenta de tarjeta de crédito: según aplicación de promoción (ver cuadro más abajo). • Aplica a compras realizadas únicamente con tarjetas de crédito MasterCard y Visa de Sudameris Bank S.A.E.C.A, compras vía e-commerce y QR según aplicación de promoción (ver cuadro más abajo).. • Si un comercio tiene sucursales en diferentes ciudades, el tope de compra mensual se aplicará por comercio o marca, no por zona. El tope de compra mensual será único para la marca en su conjunto. • Aplica a compras realizadas con tarjetas de crédito MasterCard y Visa de Sudameris Bank S.A.E.C.A. • Promoción válida única y exclusivamente para compras realizadas vía POS de Bancard (Red Infonet). • Las bases y condiciones están sujetas a modificaciones de acuerdo con las posibles variaciones del acuerdo con el comercio, por lo que el Banco se reserva el derecho de aplicar dichas modificaciones, sin previo aviso, y el cliente deberá verificar la versión actualizada de las Bases y condiciones antes de realizar la transacción. • Los reclamos se tomarán como válidos sobre el último documento actualizado y debe ser el documento vigente durante el día de la compra reclamada. EXCLUSIONES • Se excluyen del beneficio las tarjetas prepagas, de débito, Bancard Check, Gourmet Card, Móvil Card, Productivas y Empresariales. • No aplica a compras a través de otras procesadoras (Dinelco, Cabal, etc). • Se excluyen del beneficio las compras realizadas con plataformas digitales ajenas a cada marca (Pedidos Ya, Monchis, Gu y/o Pedile a Charly). • Esta promoción quedará inactiva automáticamente durante la vigencia de promociones puntuales, como por ejemplo “Día de los Enamorados”, “Día de la Madre”, “Día del Padre”, “Fin de año”, entre otras. Esta cláusula rige únicamente para los comercios que participen de una promoción habitual y a su vez de una puntual. https://www.sudameris.com.py/beneficios",https://www.sudameris.com.py/storage/app/media/ByC/bc-zonasurencarnacion-4926.pdf,Tope de compra mensual: Gs. 1.500.000,Zona Sur - Encarnación
Otros,Sudameris,Totem Gym,• Membresía trimestral: 20% de descuento en caja y hasta 3 cuotas sin intereses. • Membresía semestral: 25% de descuento en caja y hasta 6 cuotas sin intereses. • Membresía anual: 30% de descuento en caja y hasta 12 cuotas sin intereses.,Todos los días,Desde 2026-05-04 hasta 2026-12-31,"• Membresía trimestral: 20% de descuento en caja y hasta 3 cuotas sin intereses. • Membresía semestral: 25% de descuento en caja y hasta 6 cuotas sin intereses. • Membresía anual: 30% de descuento en caja y hasta 12 cuotas sin intereses..  1 ZONA SUR – ENCARNACIÓN VIGENCIA • Verificar según aplicación de promoción (ver cuadro más abajo). BENEFICIOS • Descuento en caja del comercio según aplicación de promoción (ver cuadro más abajo). • Reintegro en extracto según aplicación de promoción (ver cuadro más abajo). • Cuotas sin interés según aplicación de promoción (ver cuadro más abajo). CONDICIONES • Tope de compra por cuenta de tarjeta de crédito: según aplicación de promoción (ver cuadro más abajo). • Aplica a compras realizadas únicamente con tarjetas de crédito MasterCard y Visa de Sudameris Bank S.A.E.C.A, compras vía e-commerce y QR según aplicación de promoción (ver cuadro más abajo).. • Si un comercio tiene sucursales en diferentes ciudades, el tope de compra mensual se aplicará por comercio o marca, no por zona. El tope de compra mensual será único para la marca en su conjunto. • Aplica a compras realizadas con tarjetas de crédito MasterCard y Visa de Sudameris Bank S.A.E.C.A. • Promoción válida única y exclusivamente para compras realizadas vía POS de Bancard (Red Infonet). • Las bases y condiciones están sujetas a modificaciones de acuerdo con las posibles variaciones del acuerdo con el comercio, por lo que el Banco se reserva el derecho de aplicar dichas modificaciones, sin previo aviso, y el cliente deberá verificar la versión actualizada de las Bases y condiciones antes de realizar la transacción. • Los reclamos se tomarán como válidos sobre el último documento actualizado y debe ser el documento vigente durante el día de la compra reclamada. EXCLUSIONES • Se excluyen del beneficio las tarjetas prepagas, de débito, Bancard Check, Gourmet Card, Móvil Card, Productivas y Empresariales. • No aplica a compras a través de otras procesadoras (Dinelco, Cabal, etc). • Se excluyen del beneficio las compras realizadas con plataformas digitales ajenas a cada marca (Pedidos Ya, Monchis, Gu y/o Pedile a Charly). • Esta promoción quedará inactiva automáticamente durante la vigencia de promociones puntuales, como por ejemplo “Día de los Enamorados”, “Día de la Madre”, “Día del Padre”, “Fin de año”, entre otras. Esta cláusula rige únicamente para los comercios que participen de una promoción habitual y a su vez de una puntual. https://www.sudameris.com.py/beneficios",https://www.sudameris.com.py/storage/app/media/ByC/bc-zonasurencarnacion-4926.pdf,Tope de compra mensual: N/A,Zona Sur - Encarnación
Otros,Sudameris,Tres Chic Boutique,20% de reintegro + 5% elite Hasta 10 cuotas sin interés,viernes y sábado,Desde 2026-03-06 hasta 2027-02-28,"20% de reintegro + 5% elite Hasta 10 cuotas sin interés.  1 ZONA SUR – ENCARNACIÓN VIGENCIA • Verificar según aplicación de promoción (ver cuadro más abajo). BENEFICIOS • Descuento en caja del comercio según aplicación de promoción (ver cuadro más abajo). • Reintegro en extracto según aplicación de promoción (ver cuadro más abajo). • Cuotas sin interés según aplicación de promoción (ver cuadro más abajo). CONDICIONES • Tope de compra por cuenta de tarjeta de crédito: según aplicación de promoción (ver cuadro más abajo). • Aplica a compras realizadas únicamente con tarjetas de crédito MasterCard y Visa de Sudameris Bank S.A.E.C.A, compras vía e-commerce y QR según aplicación de promoción (ver cuadro más abajo).. • Si un comercio tiene sucursales en diferentes ciudades, el tope de compra mensual se aplicará por comercio o marca, no por zona. El tope de compra mensual será único para la marca en su conjunto. • Aplica a compras realizadas con tarjetas de crédito MasterCard y Visa de Sudameris Bank S.A.E.C.A. • Promoción válida única y exclusivamente para compras realizadas vía POS de Bancard (Red Infonet). • Las bases y condiciones están sujetas a modificaciones de acuerdo con las posibles variaciones del acuerdo con el comercio, por lo que el Banco se reserva el derecho de aplicar dichas modificaciones, sin previo aviso, y el cliente deberá verificar la versión actualizada de las Bases y condiciones antes de realizar la transacción. • Los reclamos se tomarán como válidos sobre el último documento actualizado y debe ser el documento vigente durante el día de la compra reclamada. EXCLUSIONES • Se excluyen del beneficio las tarjetas prepagas, de débito, Bancard Check, Gourmet Card, Móvil Card, Productivas y Empresariales. • No aplica a compras a través de otras procesadoras (Dinelco, Cabal, etc). • Se excluyen del beneficio las compras realizadas con plataformas digitales ajenas a cada marca (Pedidos Ya, Monchis, Gu y/o Pedile a Charly). • Esta promoción quedará inactiva automáticamente durante la vigencia de promociones puntuales, como por ejemplo “Día de los Enamorados”, “Día de la Madre”, “Día del Padre”, “Fin de año”, entre otras. Esta cláusula rige únicamente para los comercios que participen de una promoción habitual y a su vez de una puntual. https://www.sudameris.com.py/beneficios",https://www.sudameris.com.py/storage/app/media/ByC/bc-zonasurencarnacion-4926.pdf,Tope de compra mensual: Gs. 1.000.000,Zona Sur - Encarnación
Otros,Sudameris,Ula Ula Kids,20% de reintegro + 5% elite Hasta 10 cuotas sin interés,Viernes y sábado,Desde 2026-03-06 hasta 2027-02-28,"20% de reintegro + 5% elite Hasta 10 cuotas sin interés.  1 ZONA SUR – ENCARNACIÓN VIGENCIA • Verificar según aplicación de promoción (ver cuadro más abajo). BENEFICIOS • Descuento en caja del comercio según aplicación de promoción (ver cuadro más abajo). • Reintegro en extracto según aplicación de promoción (ver cuadro más abajo). • Cuotas sin interés según aplicación de promoción (ver cuadro más abajo). CONDICIONES • Tope de compra por cuenta de tarjeta de crédito: según aplicación de promoción (ver cuadro más abajo). • Aplica a compras realizadas únicamente con tarjetas de crédito MasterCard y Visa de Sudameris Bank S.A.E.C.A, compras vía e-commerce y QR según aplicación de promoción (ver cuadro más abajo).. • Si un comercio tiene sucursales en diferentes ciudades, el tope de compra mensual se aplicará por comercio o marca, no por zona. El tope de compra mensual será único para la marca en su conjunto. • Aplica a compras realizadas con tarjetas de crédito MasterCard y Visa de Sudameris Bank S.A.E.C.A. • Promoción válida única y exclusivamente para compras realizadas vía POS de Bancard (Red Infonet). • Las bases y condiciones están sujetas a modificaciones de acuerdo con las posibles variaciones del acuerdo con el comercio, por lo que el Banco se reserva el derecho de aplicar dichas modificaciones, sin previo aviso, y el cliente deberá verificar la versión actualizada de las Bases y condiciones antes de realizar la transacción. • Los reclamos se tomarán como válidos sobre el último documento actualizado y debe ser el documento vigente durante el día de la compra reclamada. EXCLUSIONES • Se excluyen del beneficio las tarjetas prepagas, de débito, Bancard Check, Gourmet Card, Móvil Card, Productivas y Empresariales. • No aplica a compras a través de otras procesadoras (Dinelco, Cabal, etc). • Se excluyen del beneficio las compras realizadas con plataformas digitales ajenas a cada marca (Pedidos Ya, Monchis, Gu y/o Pedile a Charly). • Esta promoción quedará inactiva automáticamente durante la vigencia de promociones puntuales, como por ejemplo “Día de los Enamorados”, “Día de la Madre”, “Día del Padre”, “Fin de año”, entre otras. Esta cláusula rige únicamente para los comercios que participen de una promoción habitual y a su vez de una puntual. https://www.sudameris.com.py/beneficios",https://www.sudameris.com.py/storage/app/media/ByC/bc-zonasurencarnacion-4926.pdf,Tope de compra mensual: GS 1.000.000,Zona Sur - Encarnación
Otros,Sudameris,Umaai Sushis y Wok,20% de reintegro,Viernes y sábado,Desde 2026-03-06 hasta 2027-02-28,"20% de reintegro.  1 ZONA SUR – ENCARNACIÓN VIGENCIA • Verificar según aplicación de promoción (ver cuadro más abajo). BENEFICIOS • Descuento en caja del comercio según aplicación de promoción (ver cuadro más abajo). • Reintegro en extracto según aplicación de promoción (ver cuadro más abajo). • Cuotas sin interés según aplicación de promoción (ver cuadro más abajo). CONDICIONES • Tope de compra por cuenta de tarjeta de crédito: según aplicación de promoción (ver cuadro más abajo). • Aplica a compras realizadas únicamente con tarjetas de crédito MasterCard y Visa de Sudameris Bank S.A.E.C.A, compras vía e-commerce y QR según aplicación de promoción (ver cuadro más abajo).. • Si un comercio tiene sucursales en diferentes ciudades, el tope de compra mensual se aplicará por comercio o marca, no por zona. El tope de compra mensual será único para la marca en su conjunto. • Aplica a compras realizadas con tarjetas de crédito MasterCard y Visa de Sudameris Bank S.A.E.C.A. • Promoción válida única y exclusivamente para compras realizadas vía POS de Bancard (Red Infonet). • Las bases y condiciones están sujetas a modificaciones de acuerdo con las posibles variaciones del acuerdo con el comercio, por lo que el Banco se reserva el derecho de aplicar dichas modificaciones, sin previo aviso, y el cliente deberá verificar la versión actualizada de las Bases y condiciones antes de realizar la transacción. • Los reclamos se tomarán como válidos sobre el último documento actualizado y debe ser el documento vigente durante el día de la compra reclamada. EXCLUSIONES • Se excluyen del beneficio las tarjetas prepagas, de débito, Bancard Check, Gourmet Card, Móvil Card, Productivas y Empresariales. • No aplica a compras a través de otras procesadoras (Dinelco, Cabal, etc). • Se excluyen del beneficio las compras realizadas con plataformas digitales ajenas a cada marca (Pedidos Ya, Monchis, Gu y/o Pedile a Charly). • Esta promoción quedará inactiva automáticamente durante la vigencia de promociones puntuales, como por ejemplo “Día de los Enamorados”, “Día de la Madre”, “Día del Padre”, “Fin de año”, entre otras. Esta cláusula rige únicamente para los comercios que participen de una promoción habitual y a su vez de una puntual. https://www.sudameris.com.py/beneficios",https://www.sudameris.com.py/storage/app/media/ByC/bc-zonasurencarnacion-4926.pdf,Tope de compra mensual: Gs. 500.000,Zona Sur - Encarnación
Otros,Sudameris,Veterinaria Itapúa,20% de reintegro Hasta 10 cuotas sin interés,viernes y sábado,Desde 2026-03-06 hasta 2027-02-28,"20% de reintegro Hasta 10 cuotas sin interés.  1 ZONA SUR – ENCARNACIÓN VIGENCIA • Verificar según aplicación de promoción (ver cuadro más abajo). BENEFICIOS • Descuento en caja del comercio según aplicación de promoción (ver cuadro más abajo). • Reintegro en extracto según aplicación de promoción (ver cuadro más abajo). • Cuotas sin interés según aplicación de promoción (ver cuadro más abajo). CONDICIONES • Tope de compra por cuenta de tarjeta de crédito: según aplicación de promoción (ver cuadro más abajo). • Aplica a compras realizadas únicamente con tarjetas de crédito MasterCard y Visa de Sudameris Bank S.A.E.C.A, compras vía e-commerce y QR según aplicación de promoción (ver cuadro más abajo).. • Si un comercio tiene sucursales en diferentes ciudades, el tope de compra mensual se aplicará por comercio o marca, no por zona. El tope de compra mensual será único para la marca en su conjunto. • Aplica a compras realizadas con tarjetas de crédito MasterCard y Visa de Sudameris Bank S.A.E.C.A. • Promoción válida única y exclusivamente para compras realizadas vía POS de Bancard (Red Infonet). • Las bases y condiciones están sujetas a modificaciones de acuerdo con las posibles variaciones del acuerdo con el comercio, por lo que el Banco se reserva el derecho de aplicar dichas modificaciones, sin previo aviso, y el cliente deberá verificar la versión actualizada de las Bases y condiciones antes de realizar la transacción. • Los reclamos se tomarán como válidos sobre el último documento actualizado y debe ser el documento vigente durante el día de la compra reclamada. EXCLUSIONES • Se excluyen del beneficio las tarjetas prepagas, de débito, Bancard Check, Gourmet Card, Móvil Card, Productivas y Empresariales. • No aplica a compras a través de otras procesadoras (Dinelco, Cabal, etc). • Se excluyen del beneficio las compras realizadas con plataformas digitales ajenas a cada marca (Pedidos Ya, Monchis, Gu y/o Pedile a Charly). • Esta promoción quedará inactiva automáticamente durante la vigencia de promociones puntuales, como por ejemplo “Día de los Enamorados”, “Día de la Madre”, “Día del Padre”, “Fin de año”, entre otras. Esta cláusula rige únicamente para los comercios que participen de una promoción habitual y a su vez de una puntual. https://www.sudameris.com.py/beneficios",https://www.sudameris.com.py/storage/app/media/ByC/bc-zonasurencarnacion-4926.pdf,Tope de compra mensual: Gs. 600.000,Zona Sur - Encarnación
Otros,Sudameris,Vets,20% de reintegro Hasta 10 Cuotas sin interés,Viernes,Desde 2026-08-21 hasta 2026-09-25,"20% de reintegro Hasta 10 Cuotas sin interés.  1 ZONA ESTE – CIUDAD DEL ESTE VIGENCIA • Verificar según aplicación de promoción (ver cuadro más abajo). BENEFICIOS • Descuento en caja del comercio según aplicación de promoción (ver cuadro más abajo). • Reintegro en extracto según aplicación de promoción (ver cuadro más abajo). • Cuotas sin interés según aplicación de promoción (ver cuadro más abajo). CONDICIONES • Tope de compra por cuenta de tarjeta de crédito: según aplicación de promoción (ver cuadro más abajo). • Aplica a compras realizadas únicamente con tarjetas de crédito MasterCard y Visa de Sudameris Bank S.A.E.C.A, compras vía e-commerce y QR según aplicación de promoción (ver cuadro más abajo).. • Si un comercio tiene sucursales en diferentes ciudades, el tope de compra mensual se aplicará por comercio o marca, no por zona. El tope de compra mensual será único para la marca en su conjunto. • Aplica a compras realizadas con tarjetas de crédito MasterCard y Visa de Sudameris Bank S.A.E.C.A. • Promoción válida única y exclusivamente para compras realizadas vía POS de Bancard (Red Infonet). • Las bases y condiciones están sujetas a modificaciones de acuerdo con las posibles variaciones del acuerdo con el comercio, por lo que el Banco se reserva el derecho de aplicar dichas modificaciones, sin previo aviso, y el cliente deberá verificar la versión actualizada de las Bases y condiciones antes de realizar la transacción. • Los reclamos se tomarán como válidos sobre el último documento actualizado y debe ser el documento vigente durante el día de la compra reclamada. • El fraccionamiento en cuotas se debe solicitar al momento de la compra en caja del comercio. EXCLUSIONES • Se excluyen del beneficio las tarjetas prepagas, de débito, Bancard Check, Gourmet Card, Móvil Card, Productivas y Empresariales. • No aplica a compras vía otras procesadoras (Dinelco, Cabal, etc), sub redes y/o plataformas que no sean Infonet (Pagopar, etc.). • No acumulable/combinable con otras promociones. • Se excluyen del beneficio las compras realizadas con plataformas digitales ajenas a cada marca (Pedidos Ya, Monchis, Gu y/o Pedile a Charly). • Esta promoción quedará inactiva automáticamente durante la vigencia de promociones puntuales, como por ejemplo “Día de los Enamorados”, “Día de la Madre”, “Día del Padre”, “Fin de año”, entre otras. Esta cláusula rige únicamente para los comercios que participen de una promoción habitual y a su vez de una puntual. https://www.sudameris.com.py/beneficios",https://www.sudameris.com.py/storage/app/media/ByC/bc-zonaestecde-090926.pdf,Tope de compra mensual: GS. 500.000,Zona Este - Ciudad del Este
Otros,Sudameris,Vinader Computación,20% de reintegro Hasta 12 cuotas sin interés,lunes a sabados,Desde 2026-03-02 hasta 2027-02-28,"20% de reintegro Hasta 12 cuotas sin interés.  1 ZONA SUR – ENCARNACIÓN VIGENCIA • Verificar según aplicación de promoción (ver cuadro más abajo). BENEFICIOS • Descuento en caja del comercio según aplicación de promoción (ver cuadro más abajo). • Reintegro en extracto según aplicación de promoción (ver cuadro más abajo). • Cuotas sin interés según aplicación de promoción (ver cuadro más abajo). CONDICIONES • Tope de compra por cuenta de tarjeta de crédito: según aplicación de promoción (ver cuadro más abajo). • Aplica a compras realizadas únicamente con tarjetas de crédito MasterCard y Visa de Sudameris Bank S.A.E.C.A, compras vía e-commerce y QR según aplicación de promoción (ver cuadro más abajo).. • Si un comercio tiene sucursales en diferentes ciudades, el tope de compra mensual se aplicará por comercio o marca, no por zona. El tope de compra mensual será único para la marca en su conjunto. • Aplica a compras realizadas con tarjetas de crédito MasterCard y Visa de Sudameris Bank S.A.E.C.A. • Promoción válida única y exclusivamente para compras realizadas vía POS de Bancard (Red Infonet). • Las bases y condiciones están sujetas a modificaciones de acuerdo con las posibles variaciones del acuerdo con el comercio, por lo que el Banco se reserva el derecho de aplicar dichas modificaciones, sin previo aviso, y el cliente deberá verificar la versión actualizada de las Bases y condiciones antes de realizar la transacción. • Los reclamos se tomarán como válidos sobre el último documento actualizado y debe ser el documento vigente durante el día de la compra reclamada. EXCLUSIONES • Se excluyen del beneficio las tarjetas prepagas, de débito, Bancard Check, Gourmet Card, Móvil Card, Productivas y Empresariales. • No aplica a compras a través de otras procesadoras (Dinelco, Cabal, etc). • Se excluyen del beneficio las compras realizadas con plataformas digitales ajenas a cada marca (Pedidos Ya, Monchis, Gu y/o Pedile a Charly). • Esta promoción quedará inactiva automáticamente durante la vigencia de promociones puntuales, como por ejemplo “Día de los Enamorados”, “Día de la Madre”, “Día del Padre”, “Fin de año”, entre otras. Esta cláusula rige únicamente para los comercios que participen de una promoción habitual y a su vez de una puntual. https://www.sudameris.com.py/beneficios",https://www.sudameris.com.py/storage/app/media/ByC/bc-zonasurencarnacion-4926.pdf,Tope de compra mensual: Gs.8.000.000,Zona Sur - Encarnación
Otros,Sudameris,Vitalmed,20% de descuento en caja +10% de reintegro con TC Hasta 12 cuotas sin interés,El primer lunes de cada mes,Desde 2026-08-01 hasta 2026-12-31,"20% de descuento en caja +10% de reintegro con TC Hasta 12 cuotas sin interés.  1 ZONA ESTE – CIUDAD DEL ESTE VIGENCIA • Verificar según aplicación de promoción (ver cuadro más abajo). BENEFICIOS • Descuento en caja del comercio según aplicación de promoción (ver cuadro más abajo). • Reintegro en extracto según aplicación de promoción (ver cuadro más abajo). • Cuotas sin interés según aplicación de promoción (ver cuadro más abajo). CONDICIONES • Tope de compra por cuenta de tarjeta de crédito: según aplicación de promoción (ver cuadro más abajo). • Aplica a compras realizadas únicamente con tarjetas de crédito MasterCard y Visa de Sudameris Bank S.A.E.C.A, compras vía e-commerce y QR según aplicación de promoción (ver cuadro más abajo).. • Si un comercio tiene sucursales en diferentes ciudades, el tope de compra mensual se aplicará por comercio o marca, no por zona. El tope de compra mensual será único para la marca en su conjunto. • Aplica a compras realizadas con tarjetas de crédito MasterCard y Visa de Sudameris Bank S.A.E.C.A. • Promoción válida única y exclusivamente para compras realizadas vía POS de Bancard (Red Infonet). • Las bases y condiciones están sujetas a modificaciones de acuerdo con las posibles variaciones del acuerdo con el comercio, por lo que el Banco se reserva el derecho de aplicar dichas modificaciones, sin previo aviso, y el cliente deberá verificar la versión actualizada de las Bases y condiciones antes de realizar la transacción. • Los reclamos se tomarán como válidos sobre el último documento actualizado y debe ser el documento vigente durante el día de la compra reclamada. • El fraccionamiento en cuotas se debe solicitar al momento de la compra en caja del comercio. EXCLUSIONES • Se excluyen del beneficio las tarjetas prepagas, de débito, Bancard Check, Gourmet Card, Móvil Card, Productivas y Empresariales. • No aplica a compras vía otras procesadoras (Dinelco, Cabal, etc), sub redes y/o plataformas que no sean Infonet (Pagopar, etc.). • No acumulable/combinable con otras promociones. • Se excluyen del beneficio las compras realizadas con plataformas digitales ajenas a cada marca (Pedidos Ya, Monchis, Gu y/o Pedile a Charly). • Esta promoción quedará inactiva automáticamente durante la vigencia de promociones puntuales, como por ejemplo “Día de los Enamorados”, “Día de la Madre”, “Día del Padre”, “Fin de año”, entre otras. Esta cláusula rige únicamente para los comercios que participen de una promoción habitual y a su vez de una puntual. https://www.sudameris.com.py/beneficios",https://www.sudameris.com.py/storage/app/media/ByC/bc-zonaestecde-090926.pdf,Tope de compra mensual: GS. 1.000.000,Zona Este - Ciudad del Este
Otros,Sudameris,Wok Dinasty,20% de reintegro,Viernes y sábados,Desde 2026-03-06 hasta 2027-02-27,"20% de reintegro.  1 ZONA ESTE – CIUDAD DEL ESTE VIGENCIA • Verificar según aplicación de promoción (ver cuadro más abajo). BENEFICIOS • Descuento en caja del comercio según aplicación de promoción (ver cuadro más abajo). • Reintegro en extracto según aplicación de promoción (ver cuadro más abajo). • Cuotas sin interés según aplicación de promoción (ver cuadro más abajo). CONDICIONES • Tope de compra por cuenta de tarjeta de crédito: según aplicación de promoción (ver cuadro más abajo). • Aplica a compras realizadas únicamente con tarjetas de crédito MasterCard y Visa de Sudameris Bank S.A.E.C.A, compras vía e-commerce y QR según aplicación de promoción (ver cuadro más abajo).. • Si un comercio tiene sucursales en diferentes ciudades, el tope de compra mensual se aplicará por comercio o marca, no por zona. El tope de compra mensual será único para la marca en su conjunto. • Aplica a compras realizadas con tarjetas de crédito MasterCard y Visa de Sudameris Bank S.A.E.C.A. • Promoción válida única y exclusivamente para compras realizadas vía POS de Bancard (Red Infonet). • Las bases y condiciones están sujetas a modificaciones de acuerdo con las posibles variaciones del acuerdo con el comercio, por lo que el Banco se reserva el derecho de aplicar dichas modificaciones, sin previo aviso, y el cliente deberá verificar la versión actualizada de las Bases y condiciones antes de realizar la transacción. • Los reclamos se tomarán como válidos sobre el último documento actualizado y debe ser el documento vigente durante el día de la compra reclamada. • El fraccionamiento en cuotas se debe solicitar al momento de la compra en caja del comercio. EXCLUSIONES • Se excluyen del beneficio las tarjetas prepagas, de débito, Bancard Check, Gourmet Card, Móvil Card, Productivas y Empresariales. • No aplica a compras vía otras procesadoras (Dinelco, Cabal, etc), sub redes y/o plataformas que no sean Infonet (Pagopar, etc.). • No acumulable/combinable con otras promociones. • Se excluyen del beneficio las compras realizadas con plataformas digitales ajenas a cada marca (Pedidos Ya, Monchis, Gu y/o Pedile a Charly). • Esta promoción quedará inactiva automáticamente durante la vigencia de promociones puntuales, como por ejemplo “Día de los Enamorados”, “Día de la Madre”, “Día del Padre”, “Fin de año”, entre otras. Esta cláusula rige únicamente para los comercios que participen de una promoción habitual y a su vez de una puntual. https://www.sudameris.com.py/beneficios",https://www.sudameris.com.py/storage/app/media/ByC/bc-zonaestecde-090926.pdf,Tope de compra mensual: GS. 800.000,Zona Este - Ciudad del Este
Otros,Sudameris,ZONA CENTRAL - ASUNCIÓN Y GRAN ASUNCIÓN,en tu zona,No especificado,• Verificar según aplicación de promoción (ver cuadro más abajo).,en tu zona,https://www.sudameris.com.py/beneficios/destacado/647/detalle,,
Otros,Sudameris,Zara Vision Optica,20% de reintegro +5% Elite Hasta 12 cuotas sin interés,viernes y sábados,Desde 2026-03-20 hasta 2027-02-27,"20% de reintegro +5% Elite Hasta 12 cuotas sin interés.  1 ZONA ESTE – CIUDAD DEL ESTE VIGENCIA • Verificar según aplicación de promoción (ver cuadro más abajo). BENEFICIOS • Descuento en caja del comercio según aplicación de promoción (ver cuadro más abajo). • Reintegro en extracto según aplicación de promoción (ver cuadro más abajo). • Cuotas sin interés según aplicación de promoción (ver cuadro más abajo). CONDICIONES • Tope de compra por cuenta de tarjeta de crédito: según aplicación de promoción (ver cuadro más abajo). • Aplica a compras realizadas únicamente con tarjetas de crédito MasterCard y Visa de Sudameris Bank S.A.E.C.A, compras vía e-commerce y QR según aplicación de promoción (ver cuadro más abajo).. • Si un comercio tiene sucursales en diferentes ciudades, el tope de compra mensual se aplicará por comercio o marca, no por zona. El tope de compra mensual será único para la marca en su conjunto. • Aplica a compras realizadas con tarjetas de crédito MasterCard y Visa de Sudameris Bank S.A.E.C.A. • Promoción válida única y exclusivamente para compras realizadas vía POS de Bancard (Red Infonet). • Las bases y condiciones están sujetas a modificaciones de acuerdo con las posibles variaciones del acuerdo con el comercio, por lo que el Banco se reserva el derecho de aplicar dichas modificaciones, sin previo aviso, y el cliente deberá verificar la versión actualizada de las Bases y condiciones antes de realizar la transacción. • Los reclamos se tomarán como válidos sobre el último documento actualizado y debe ser el documento vigente durante el día de la compra reclamada. • El fraccionamiento en cuotas se debe solicitar al momento de la compra en caja del comercio. EXCLUSIONES • Se excluyen del beneficio las tarjetas prepagas, de débito, Bancard Check, Gourmet Card, Móvil Card, Productivas y Empresariales. • No aplica a compras vía otras procesadoras (Dinelco, Cabal, etc), sub redes y/o plataformas que no sean Infonet (Pagopar, etc.). • No acumulable/combinable con otras promociones. • Se excluyen del beneficio las compras realizadas con plataformas digitales ajenas a cada marca (Pedidos Ya, Monchis, Gu y/o Pedile a Charly). • Esta promoción quedará inactiva automáticamente durante la vigencia de promociones puntuales, como por ejemplo “Día de los Enamorados”, “Día de la Madre”, “Día del Padre”, “Fin de año”, entre otras. Esta cláusula rige únicamente para los comercios que participen de una promoción habitual y a su vez de una puntual. https://www.sudameris.com.py/beneficios",https://www.sudameris.com.py/storage/app/media/ByC/bc-zonaestecde-090926.pdf,Tope de compra mensual: GS. 1.500.000,Zona Este - Ciudad del Este
Otros,Sudameris,Óptica Trinidad,20% de reintegro Hasta 12 cuotas sin interés,Viernes y sábado,Desde 2026-03-06 hasta 2027-02-28,"20% de reintegro Hasta 12 cuotas sin interés.  1 ZONA SUR – ENCARNACIÓN VIGENCIA • Verificar según aplicación de promoción (ver cuadro más abajo). BENEFICIOS • Descuento en caja del comercio según aplicación de promoción (ver cuadro más abajo). • Reintegro en extracto según aplicación de promoción (ver cuadro más abajo). • Cuotas sin interés según aplicación de promoción (ver cuadro más abajo). CONDICIONES • Tope de compra por cuenta de tarjeta de crédito: según aplicación de promoción (ver cuadro más abajo). • Aplica a compras realizadas únicamente con tarjetas de crédito MasterCard y Visa de Sudameris Bank S.A.E.C.A, compras vía e-commerce y QR según aplicación de promoción (ver cuadro más abajo).. • Si un comercio tiene sucursales en diferentes ciudades, el tope de compra mensual se aplicará por comercio o marca, no por zona. El tope de compra mensual será único para la marca en su conjunto. • Aplica a compras realizadas con tarjetas de crédito MasterCard y Visa de Sudameris Bank S.A.E.C.A. • Promoción válida única y exclusivamente para compras realizadas vía POS de Bancard (Red Infonet). • Las bases y condiciones están sujetas a modificaciones de acuerdo con las posibles variaciones del acuerdo con el comercio, por lo que el Banco se reserva el derecho de aplicar dichas modificaciones, sin previo aviso, y el cliente deberá verificar la versión actualizada de las Bases y condiciones antes de realizar la transacción. • Los reclamos se tomarán como válidos sobre el último documento actualizado y debe ser el documento vigente durante el día de la compra reclamada. EXCLUSIONES • Se excluyen del beneficio las tarjetas prepagas, de débito, Bancard Check, Gourmet Card, Móvil Card, Productivas y Empresariales. • No aplica a compras a través de otras procesadoras (Dinelco, Cabal, etc). • Se excluyen del beneficio las compras realizadas con plataformas digitales ajenas a cada marca (Pedidos Ya, Monchis, Gu y/o Pedile a Charly). • Esta promoción quedará inactiva automáticamente durante la vigencia de promociones puntuales, como por ejemplo “Día de los Enamorados”, “Día de la Madre”, “Día del Padre”, “Fin de año”, entre otras. Esta cláusula rige únicamente para los comercios que participen de una promoción habitual y a su vez de una puntual. https://www.sudameris.com.py/beneficios",https://www.sudameris.com.py/storage/app/media/ByC/bc-zonasurencarnacion-4926.pdf,Tope de compra mensual: Gs. 1.000.000,Zona Sur - Encarnación
Supermercados,Sudameris,FRIGOMAS,25%,No especificado,• Viernes. • Desde el 07 de agosto al 25 de septiembre 2026.,• 25% de reintegro directo pagando con tarjetas de crédito de Sudameris.,https://www.sudameris.com.py/beneficios/destacado/846/detalle,,
Supermercados,Sudameris,LUISITO,20%,Todos los martes,• Todos los martes. • Desde el 26 de mayo hasta el 30 de noviembre 2026.,• 20% de reintegro directo pagando con tarjetas de crédito de Sudameris.,https://www.sudameris.com.py/beneficios/destacado/875/detalle,,
Supermercados,Sudameris,REAL SUPERMERCADOS,20%; Hasta 12 cuotas sin interés,primer viernes; Solo el primer viernes; todos los días,• Desde el 01 de julio hasta el 30 de septiembre 2026. • Solo el primer viernes de cada mes: • 03 de julio. • 07 de agosto. • 04 de septiembre.,• 20% de reintegro directo pagando con tarjetas de crédito de Sudameris. • Hasta 12 cuotas sin interés válido todos los días en las secciones de: • Electrodomésticos. • Artículos de jardín. • Artículos de decoración.,https://www.sudameris.com.py/beneficios/destacado/483/detalle,,
Viajes y turismo,Sudameris,12 CUOTAS SIN INTERÉS - 2026,¡Disfrutá tus rubros favoritos en CUOTAS! Tenés hasta 12 cuotas sin interés todos los días hasta el 31 de diciembre de 2026 con todas tus tarjetas de crédito en: Bicicleterías Club,todos los días,No especificado,¡Disfrutá tus rubros favoritos en CUOTAS! Tenés hasta 12 cuotas sin interés todos los días hasta el 31 de diciembre de 2026 con todas tus tarjetas de crédito en: Bicicleterías Clubes Colegios y Universidades Ecommerce Electrónica Hogar Impuestos municipales Joyerías y Relojerías Ópticas Salud y Belleza Talleres Viajes y Hoteles,https://www.sudameris.com.py/beneficios/destacado/147/detalle,,
Viajes y turismo,Sudameris,DISFRUTÁ DEL RESORT YACHT Y GOLF CLUB,10%; 25%,Todos los días,• Todos los días • Desde el 12 hasta el 31 de diciembre de 2025.,• 25% de descuento en caja pagando con tarjetas de crédito de Sudameris. • 10% de reintegro directo en extracto pagando con tarjetas de crédito de Sudameris.,https://www.sudameris.com.py/beneficios/destacado/376/detalle,,
Viajes y turismo,Sudameris,DTP TRAVEL GROUP,Upgrade de Entradas – Charter F1 São Paulo VIGENCIA •La Promoción tendrá vigencia desde enero de 2026 hasta octubre del 2026.,No especificado,•La Promoción tendrá,Upgrade de Entradas – Charter F1 São Paulo VIGENCIA •La Promoción tendrá vigencia desde enero de 2026 hasta octubre del 2026.,https://www.sudameris.com.py/beneficios/destacado/787/detalle,,
Viajes y turismo,Sudameris,TATANO POSADA BOUTIQUE,20%; 25%; Hasta 12 cuotas sin intereses,Martes a domingo,• Martes a domingo. • Desde el 07 de abril 2026 hasta el 31 de diciembre 2026.,• 20% de descuento en caja con tarjetas de crédito de Sudameris. • 25% de descuento en caja con tarjetas de crédito MasterCard Black y Visa Infinite de Sudameris. • Hasta 12 cuotas sin intereses (Aplica exclusivamente para pagos de alojamiento).,https://www.sudameris.com.py/beneficios/destacado/761/detalle,,
