Categoría,Banco,Comercio/Promoción,Cantidad de descuento / beneficio,Día de promoción,Vigencia,Montos / topes,Detalle,Imagen URL,Bases y condiciones URL,URL categoría,Tarjetas verificadas,Variante,Tipo de variante,Etiqueta de variante
Electrodomésticos,Coop. Universitaria,BRISTOL,Hasta 10 cuotas sin intereses,Todos los días,Vigencia Desde el 01 de abril de 2026 hasta el 31 de diciembre de 2026,,"Hasta 10 cuotas sin intereses. Beneficio indicado en las bases. Tarjetas de crédito Panal, Cabal y Mastercard de Cooperativa Universitaria.",https://www.universitaria.coop/assets_front/img/promos/10-cuotas-sin-intereses1775478054.jpg,https://www.universitaria.coop/assets_front/img/promos/bases-y-condiciones1775478054.pdf,https://www.universitaria.coop/promociones/post/electrodomesticos,"Tarjetas de crédito Panal, Cabal y Mastercard de Cooperativa Universitaria",cu-bases-y-condiciones1775478054-bristol-0,base,Beneficio indicado en las bases
Electrodomésticos,Coop. Universitaria,ELECTROBAN,5% de descuento en productos HD Play,Todos los días,Vigencia Desde el 04 de junio de 2026 hasta el 31 de diciembre de 2026,,"5% de descuento en productos HD Play. Línea HD Play. Tarjetas de crédito Panal, Cabal y Mastercard de Cooperativa Universitaria.",https://www.universitaria.coop/assets_front/img/promos/electroban1784915762.png,https://www.universitaria.coop/assets_front/img/promos/bases1784915440.pdf,https://www.universitaria.coop/promociones/post/electrodomesticos,"Tarjetas de crédito Panal, Cabal y Mastercard de Cooperativa Universitaria",cu-bases1784915440-electroban-0,base,Línea HD Play
Electrodomésticos,Coop. Universitaria,ELECTROBAN,Hasta 10 cuotas sin intereses,Todos los días,Vigencia Desde el 04 de junio de 2026 hasta el 31 de diciembre de 2026,,"Hasta 10 cuotas sin intereses. Compras con tarjetas de crédito. Tarjetas de crédito Panal, Cabal y Mastercard de Cooperativa Universitaria.",https://www.universitaria.coop/assets_front/img/promos/electroban1784915762.png,https://www.universitaria.coop/assets_front/img/promos/bases1784915440.pdf,https://www.universitaria.coop/promociones/post/electrodomesticos,"Tarjetas de crédito Panal, Cabal y Mastercard de Cooperativa Universitaria",cu-bases1784915440-electroban-1,base,Compras con tarjetas de crédito
Electrodomésticos,Coop. Universitaria,Olier,Hasta 10 cuotas sin intereses,Todos los días,Vigencia Desde el 01 de abril de 2026 hasta el 31 de diciembre de 2026,,"Hasta 10 cuotas sin intereses. Beneficio indicado en las bases. Tarjetas de crédito Panal, Cabal y Mastercard de Cooperativa Universitaria.",https://www.universitaria.coop/assets_front/img/promos/10-cuotas-sin-intereses1775479168.jpg,https://www.universitaria.coop/assets_front/img/promos/bases-y-condiciones1775479168.pdf,https://www.universitaria.coop/promociones/post/electrodomesticos,"Tarjetas de crédito Panal, Cabal y Mastercard de Cooperativa Universitaria",cu-bases-y-condiciones1775479168-olier-0,base,Beneficio indicado en las bases
Electrodomésticos,Coop. Universitaria,TUPI,Hasta 10 cuotas sin intereses,Todos los días,Vigencia Desde el 01 de abril de 2026 hasta el 31 de diciembre 2026,,"Hasta 10 cuotas sin intereses. Beneficio indicado en las bases. Tarjetas de crédito Panal, Cabal y Mastercard de Cooperativa Universitaria.",https://www.universitaria.coop/assets_front/img/promos/10-cuotas-sin-intereses1775479487.jpg,https://www.universitaria.coop/assets_front/img/promos/bases-y-condiciones1775479487.pdf,https://www.universitaria.coop/promociones/post/electrodomesticos,"Tarjetas de crédito Panal, Cabal y Mastercard de Cooperativa Universitaria",cu-bases-y-condiciones1775479487-tupi-0,base,Beneficio indicado en las bases
Electrónica,Coop. Universitaria,Cellshop Importados Paraguay,Hasta 10 cuotas sin intereses,Todos los días,Vigencia Desde el 10 de junio de 2026 hasta el 10 de junio de 2027,,"Hasta 10 cuotas sin intereses. El 10% de descuento solo corresponde a fechas especiales no anunciadas. Tarjetas de crédito Panal, Cabal y Mastercard de Cooperativa Universitaria.",https://www.universitaria.coop/assets_front/img/promos/10-cuotas-sin-intereses1782924869.jpg,https://www.universitaria.coop/assets_front/img/promos/bases-y-condiciones1781619937.pdf,https://www.universitaria.coop/promociones/post/electronica,"Tarjetas de crédito Panal, Cabal y Mastercard de Cooperativa Universitaria",cu-bases-y-condiciones1781619937-cellshop-importados-paraguay-0,base,El 10% de descuento solo corresponde a fechas especiales no anunciadas
Electrónica,Coop. Universitaria,Nissei,Hasta 10 cuotas sin intereses,Todos los días,Vigencia Desde el 01 de abril de 2026 hasta el 31 de diciembre de 2026,,"Hasta 10 cuotas sin intereses. Beneficio indicado en las bases. Tarjetas de crédito Panal, Cabal y Mastercard de Cooperativa Universitaria.",https://www.universitaria.coop/assets_front/img/promos/10-cuotas-sin-intereses1775478932.jpg,https://www.universitaria.coop/assets_front/img/promos/bases-y-condiciones1775478932.pdf,https://www.universitaria.coop/promociones/post/electronica,"Tarjetas de crédito Panal, Cabal y Mastercard de Cooperativa Universitaria",cu-bases-y-condiciones1775478932-nissei-0,base,Beneficio indicado en las bases
Estaciones De Servicio,Coop. Universitaria,Estaciones ENERGY,20% de reintegro con QR,todos los días,Vigencia Desde el 15 de julio hasta el 30 de setiembre de 2026,Límite de compra mensual por cuenta: Gs. 500.000. Tope mensual de reintegro o descuento: Gs. 100.000.,"20% de reintegro con QR. Pago con QR en la app Universitaria. Tarjetas de crédito Panal, Cabal y Mastercard de Cooperativa Universitaria. Límite de compra mensual por cuenta: Gs. 500.000. Tope mensual de reintegro o descuento: Gs. 100.000.",https://www.universitaria.coop/assets_front/img/promos/estaciones-energy1784140359.png,https://www.universitaria.coop/assets_front/img/promos/bases-y-condiciones1784217351.pdf,https://www.universitaria.coop/promociones/post/estaciones-de-servicio,"Tarjetas de crédito Panal, Cabal y Mastercard de Cooperativa Universitaria",cu-bases-y-condiciones1784217351-estaciones-energy-0,base,Pago con QR en la app Universitaria
Estaciones De Servicio,Coop. Universitaria,Estaciones ENERGY,10% de reintegro con tarjeta física,todos los días,Vigencia Desde el 15 de julio hasta el 30 de setiembre de 2026,Límite de compra mensual por cuenta: Gs. 500.000. Tope mensual de reintegro o descuento: Gs. 50.000.,"10% de reintegro con tarjeta física. Pago con tarjeta de crédito física. Tarjetas de crédito Panal, Cabal y Mastercard de Cooperativa Universitaria. Límite de compra mensual por cuenta: Gs. 500.000. Tope mensual de reintegro o descuento: Gs. 50.000.",https://www.universitaria.coop/assets_front/img/promos/estaciones-energy1784140359.png,https://www.universitaria.coop/assets_front/img/promos/bases-y-condiciones1784217351.pdf,https://www.universitaria.coop/promociones/post/estaciones-de-servicio,"Tarjetas de crédito Panal, Cabal y Mastercard de Cooperativa Universitaria",cu-bases-y-condiciones1784217351-estaciones-energy-1,base,Pago con tarjeta de crédito física
Estética,Coop. Universitaria,BELLMONT BARBERÍA,20% de descuento en servicios,Todos los Días,Vigencia Desde el 24 de noviembre de 2025 hasta el 24 de noviembre de 2026,,"20% de descuento en servicios. Beneficio indicado en las bases. Tarjetas de crédito Panal, Cabal y Mastercard de Cooperativa Universitaria.",https://www.universitaria.coop/assets_front/img/promos/20-de-descuento1764702833.jpg,https://www.universitaria.coop/assets_front/img/promos/1764702833.pdf,https://www.universitaria.coop/promociones/post/estetica,"Tarjetas de crédito Panal, Cabal y Mastercard de Cooperativa Universitaria",cu-1764702833-bellmont-barber-a-0,base,Beneficio indicado en las bases
Estética,Coop. Universitaria,Sempre Bela,10% de descuento,Martes,Vigencia Desde el 16 de octubre de 2024 hasta el 16 de octubre de 2026,TOPE DE DESCUENTO 10% de descuento Los martes y sábados N/A N/A Beneficios LA EMPRESA otorgará a los socios de UNIVERSITARIA que abonen el costo de los servicios of; Tope de descuento No aplica,"Sempre Bela Martes y Sábados BASES Y CONDICIONES Promoción “SEMPRE BELA” Vigencia Desde el 16 de octubre de 2024 hasta el 16 de octubre de 2026. Condiciones PROMOCIÓN FRECUENCIA LÍMITE DE COMPRA TOPE DE DESCUENTO 10% de descuento Los martes y sábados N/A N/A Beneficios LA EMPRESA otorgará a los socios de UNIVERSITARIA que abonen el costo de los servicios ofrecidos con sus Tarjetas de Crédito PANAL, CABAL y MASTERCARD el 10% de descuento, aplicado en la caja al momento del pago, los martes y sábados. Exclusiones La promoción no aplica a los productos estéticos. Tope de descuento No aplica. Observaciones Ninguna. Ante consultas sobre las bases y condiciones, comunícate al 021 6170000",https://www.universitaria.coop/assets_front/img/promos/10-de-descuento1745848849.jpg,https://www.universitaria.coop/assets_front/img/promos/bases-y-condiciones1745848849.pdf,https://www.universitaria.coop/promociones/post/estetica,,,,
Farmacias,Coop. Universitaria,FARMACIA ENERGY,Hasta 30% de descuento con QR,Todos los miércoles,Vigencia Desde el 01 de julio de 2026 hasta el 30 de septiembre de 2026,Límite de compra mensual por cuenta: Gs. 5.000.000. Tope mensual de reintegro o descuento: Gs. 1.500.000.,"Hasta 30% de descuento con QR. Pago con QR en la app Universitaria. Tarjetas de crédito Panal, Cabal y Mastercard de Cooperativa Universitaria. Límite de compra mensual por cuenta: Gs. 5.000.000. Tope mensual de reintegro o descuento: Gs. 1.500.000.",https://www.universitaria.coop/assets_front/img/promos/todos-los-miercoles1783355974.jpg,https://www.universitaria.coop/assets_front/img/promos/bases-y-condiciones1783355974.pdf,https://www.universitaria.coop/promociones/post/farmacias,"Tarjetas de crédito Panal, Cabal y Mastercard de Cooperativa Universitaria",cu-bases-y-condiciones1783355974-farmacia-energy-0,base,Pago con QR en la app Universitaria
Farmacias,Coop. Universitaria,FARMACIA ENERGY,15% de descuento con tarjeta física,Todos los miércoles,Vigencia Desde el 01 de julio de 2026 hasta el 30 de septiembre de 2026,Límite de compra mensual por cuenta: Gs. 5.000.000. Tope mensual de reintegro o descuento: Gs. 750.000.,"15% de descuento con tarjeta física. Pago con tarjeta de crédito física. Tarjetas de crédito Panal, Cabal y Mastercard de Cooperativa Universitaria. Límite de compra mensual por cuenta: Gs. 5.000.000. Tope mensual de reintegro o descuento: Gs. 750.000.",https://www.universitaria.coop/assets_front/img/promos/todos-los-miercoles1783355974.jpg,https://www.universitaria.coop/assets_front/img/promos/bases-y-condiciones1783355974.pdf,https://www.universitaria.coop/promociones/post/farmacias,"Tarjetas de crédito Panal, Cabal y Mastercard de Cooperativa Universitaria",cu-bases-y-condiciones1783355974-farmacia-energy-1,base,Pago con tarjeta de crédito física
Farmacias,Coop. Universitaria,Farmacenter,40% de descuento con QR en productos seleccionados y suplementos deportivos,Todos los Martes,Vigencia Desde el 07 de julio de 2026 hasta el 30 de setiembre de 2026,Límite de compra mensual por cuenta: Gs. 5.000.000. Tope mensual de reintegro o descuento: Gs. 2.000.000.,"40% de descuento con QR en productos seleccionados y suplementos deportivos. Tarjetas de crédito Panal, Cabal y Mastercard de Cooperativa Universitaria. Límite de compra mensual por cuenta: Gs. 5.000.000. Tope mensual de reintegro o descuento: Gs. 2.000.000.",https://www.universitaria.coop/assets_front/img/promos/30-de-descuento1783348467.png,https://www.universitaria.coop/assets_front/img/promos/bases-y-condiciones1783348467.pdf,https://www.universitaria.coop/promociones/post/farmacias,"Tarjetas de crédito Panal, Cabal y Mastercard de Cooperativa Universitaria",cu-bases-y-condiciones1783348467-farmacenter-0,base,QR en productos seleccionados y suplementos deportivos
Farmacias,Coop. Universitaria,Farmacenter,30% de descuento con QR,Todos los Martes,Vigencia Desde el 07 de julio de 2026 hasta el 30 de setiembre de 2026,Límite de compra mensual por cuenta: Gs. 5.000.000. Tope mensual de reintegro o descuento: Gs. 1.500.000.,"30% de descuento con QR. Tarjetas de crédito Panal, Cabal y Mastercard de Cooperativa Universitaria. Límite de compra mensual por cuenta: Gs. 5.000.000. Tope mensual de reintegro o descuento: Gs. 1.500.000.",https://www.universitaria.coop/assets_front/img/promos/30-de-descuento1783348467.png,https://www.universitaria.coop/assets_front/img/promos/bases-y-condiciones1783348467.pdf,https://www.universitaria.coop/promociones/post/farmacias,"Tarjetas de crédito Panal, Cabal y Mastercard de Cooperativa Universitaria",cu-bases-y-condiciones1783348467-farmacenter-1,base,QR
Farmacias,Coop. Universitaria,Farmacenter,25% de descuento con tarjeta física,Todos los Martes,Vigencia Desde el 07 de julio de 2026 hasta el 30 de setiembre de 2026,Límite de compra mensual por cuenta: Gs. 5.000.000. Tope mensual de reintegro o descuento: Gs. 1.250.000.,"25% de descuento con tarjeta física. Tarjetas de crédito Panal, Cabal y Mastercard de Cooperativa Universitaria. Límite de compra mensual por cuenta: Gs. 5.000.000. Tope mensual de reintegro o descuento: Gs. 1.250.000.",https://www.universitaria.coop/assets_front/img/promos/30-de-descuento1783348467.png,https://www.universitaria.coop/assets_front/img/promos/bases-y-condiciones1783348467.pdf,https://www.universitaria.coop/promociones/post/farmacias,"Tarjetas de crédito Panal, Cabal y Mastercard de Cooperativa Universitaria",cu-bases-y-condiciones1783348467-farmacenter-2,base,tarjeta física
Farmacias,Coop. Universitaria,Farmacia Catedral,Hasta 50% de descuento con QR en productos seleccionados,Todos los viernes,Vigencia Desde el 03 de julio de 2026 hasta el 25 de setiembre de 2026,Límite de compra mensual por cuenta: Gs. 5.000.000.,"Hasta 50% de descuento con QR en productos seleccionados. Tarjetas de crédito Panal, Cabal y Mastercard de Cooperativa Universitaria. Límite de compra mensual por cuenta: Gs. 5.000.000.",https://www.universitaria.coop/assets_front/img/promos/hasta-50-de-descuento1784292469.png,https://www.universitaria.coop/assets_front/img/promos/bases-y-condiciones1784292469.pdf,https://www.universitaria.coop/promociones/post/farmacias,"Tarjetas de crédito Panal, Cabal y Mastercard de Cooperativa Universitaria",cu-bases-y-condiciones1784292469-farmacia-catedral-0,base,QR en productos seleccionados
Farmacias,Coop. Universitaria,Farmacia Catedral,35% de descuento con QR en medicamentos seleccionados,Todos los viernes,Vigencia Desde el 03 de julio de 2026 hasta el 25 de setiembre de 2026,Límite de compra mensual por cuenta: Gs. 5.000.000.,"35% de descuento con QR en medicamentos seleccionados. Tarjetas de crédito Panal, Cabal y Mastercard de Cooperativa Universitaria. Límite de compra mensual por cuenta: Gs. 5.000.000.",https://www.universitaria.coop/assets_front/img/promos/hasta-50-de-descuento1784292469.png,https://www.universitaria.coop/assets_front/img/promos/bases-y-condiciones1784292469.pdf,https://www.universitaria.coop/promociones/post/farmacias,"Tarjetas de crédito Panal, Cabal y Mastercard de Cooperativa Universitaria",cu-bases-y-condiciones1784292469-farmacia-catedral-1,base,QR en medicamentos seleccionados
Farmacias,Coop. Universitaria,Farmacia Catedral,30% de descuento con QR en medicamentos y productos varios,Todos los viernes,Vigencia Desde el 03 de julio de 2026 hasta el 25 de setiembre de 2026,Límite de compra mensual por cuenta: Gs. 5.000.000.,"30% de descuento con QR en medicamentos y productos varios. Tarjetas de crédito Panal, Cabal y Mastercard de Cooperativa Universitaria. Límite de compra mensual por cuenta: Gs. 5.000.000.",https://www.universitaria.coop/assets_front/img/promos/hasta-50-de-descuento1784292469.png,https://www.universitaria.coop/assets_front/img/promos/bases-y-condiciones1784292469.pdf,https://www.universitaria.coop/promociones/post/farmacias,"Tarjetas de crédito Panal, Cabal y Mastercard de Cooperativa Universitaria",cu-bases-y-condiciones1784292469-farmacia-catedral-2,base,QR en medicamentos y productos varios
Farmacias,Coop. Universitaria,Farmacia Catedral,25% de descuento con tarjeta física en medicamentos y productos varios,Todos los viernes,Vigencia Desde el 03 de julio de 2026 hasta el 25 de setiembre de 2026,Límite de compra mensual por cuenta: Gs. 5.000.000.,"25% de descuento con tarjeta física en medicamentos y productos varios. Tarjetas de crédito Panal, Cabal y Mastercard de Cooperativa Universitaria. Límite de compra mensual por cuenta: Gs. 5.000.000.",https://www.universitaria.coop/assets_front/img/promos/hasta-50-de-descuento1784292469.png,https://www.universitaria.coop/assets_front/img/promos/bases-y-condiciones1784292469.pdf,https://www.universitaria.coop/promociones/post/farmacias,"Tarjetas de crédito Panal, Cabal y Mastercard de Cooperativa Universitaria",cu-bases-y-condiciones1784292469-farmacia-catedral-3,base,tarjeta física en medicamentos y productos varios
Farmacias,Coop. Universitaria,Farmacumbre | Caacupé,15% de descuento,Todos los Domingos,Vigencia Desde el 09 de junio de 2026 hasta el 09 de junio de 2027,,"15% de descuento. Beneficio indicado en las bases. Tarjetas de crédito Panal, Cabal y Mastercard de Cooperativa Universitaria.",https://www.universitaria.coop/assets_front/img/promos/15-de-descuento1783600011.jpg,https://www.universitaria.coop/assets_front/img/promos/bases-y-condiciones1783599737.pdf,https://www.universitaria.coop/promociones/post/farmacias,"Tarjetas de crédito Panal, Cabal y Mastercard de Cooperativa Universitaria",cu-bases-y-condiciones1783599737-farmacumbre-caacup-0,base,Beneficio indicado en las bases
Farmacias,Coop. Universitaria,Farmaoliva,40% de descuento con QR en productos seleccionados,Todos los Miércoles,Vigencia Desde el 08 de julio de 2026 hasta el 30 de setiembre de 2026,Límite de compra mensual por cuenta: Gs. 5.000.000. Tope mensual de reintegro o descuento: Gs. 2.000.000.,"40% de descuento con QR en productos seleccionados. Tarjetas de crédito Panal, Cabal y Mastercard de Cooperativa Universitaria. Límite de compra mensual por cuenta: Gs. 5.000.000. Tope mensual de reintegro o descuento: Gs. 2.000.000.",https://www.universitaria.coop/assets_front/img/promos/hasta-40-de-descuento1783347827.jpg,https://www.universitaria.coop/assets_front/img/promos/bases-y-condiciones1783347827.pdf,https://www.universitaria.coop/promociones/post/farmacias,"Tarjetas de crédito Panal, Cabal y Mastercard de Cooperativa Universitaria",cu-bases-y-condiciones1783347827-farmaoliva-0,base,QR en productos seleccionados
Farmacias,Coop. Universitaria,Farmaoliva,30% de descuento con QR en medicamentos nacionales,Todos los Miércoles,Vigencia Desde el 08 de julio de 2026 hasta el 30 de setiembre de 2026,Límite de compra mensual por cuenta: Gs. 5.000.000. Tope mensual de reintegro o descuento: Gs. 1.500.000.,"30% de descuento con QR en medicamentos nacionales. Tarjetas de crédito Panal, Cabal y Mastercard de Cooperativa Universitaria. Límite de compra mensual por cuenta: Gs. 5.000.000. Tope mensual de reintegro o descuento: Gs. 1.500.000.",https://www.universitaria.coop/assets_front/img/promos/hasta-40-de-descuento1783347827.jpg,https://www.universitaria.coop/assets_front/img/promos/bases-y-condiciones1783347827.pdf,https://www.universitaria.coop/promociones/post/farmacias,"Tarjetas de crédito Panal, Cabal y Mastercard de Cooperativa Universitaria",cu-bases-y-condiciones1783347827-farmaoliva-1,base,QR en medicamentos nacionales
Farmacias,Coop. Universitaria,Farmaoliva,25% de descuento con QR en medicamentos importados,Todos los Miércoles,Vigencia Desde el 08 de julio de 2026 hasta el 30 de setiembre de 2026,Límite de compra mensual por cuenta: Gs. 5.000.000. Tope mensual de reintegro o descuento: Gs. 1.250.000.,"25% de descuento con QR en medicamentos importados. Tarjetas de crédito Panal, Cabal y Mastercard de Cooperativa Universitaria. Límite de compra mensual por cuenta: Gs. 5.000.000. Tope mensual de reintegro o descuento: Gs. 1.250.000.",https://www.universitaria.coop/assets_front/img/promos/hasta-40-de-descuento1783347827.jpg,https://www.universitaria.coop/assets_front/img/promos/bases-y-condiciones1783347827.pdf,https://www.universitaria.coop/promociones/post/farmacias,"Tarjetas de crédito Panal, Cabal y Mastercard de Cooperativa Universitaria",cu-bases-y-condiciones1783347827-farmaoliva-2,base,QR en medicamentos importados
Farmacias,Coop. Universitaria,Farmaoliva,25% de descuento con tarjeta física en medicamentos y productos varios,Todos los Miércoles,Vigencia Desde el 08 de julio de 2026 hasta el 30 de setiembre de 2026,Límite de compra mensual por cuenta: Gs. 5.000.000. Tope mensual de reintegro o descuento: Gs. 1.250.000.,"25% de descuento con tarjeta física en medicamentos y productos varios. Tarjetas de crédito Panal, Cabal y Mastercard de Cooperativa Universitaria. Límite de compra mensual por cuenta: Gs. 5.000.000. Tope mensual de reintegro o descuento: Gs. 1.250.000.",https://www.universitaria.coop/assets_front/img/promos/hasta-40-de-descuento1783347827.jpg,https://www.universitaria.coop/assets_front/img/promos/bases-y-condiciones1783347827.pdf,https://www.universitaria.coop/promociones/post/farmacias,"Tarjetas de crédito Panal, Cabal y Mastercard de Cooperativa Universitaria",cu-bases-y-condiciones1783347827-farmaoliva-3,base,tarjeta física en medicamentos y productos varios
Farmacias,Coop. Universitaria,Farmatotal,Hasta 30% de descuento con QR,Todos los Jueves,Vigencia Desde el 01 de julio de 2026 hasta el 30 de setiembre de 2026,Límite de compra mensual por cuenta: Gs. 5.000.000. Tope mensual de reintegro o descuento: Gs. 1.500.000.,"Hasta 30% de descuento con QR. Pago con QR en la app Universitaria. Tarjetas de crédito Panal, Cabal y Mastercard de Cooperativa Universitaria. Límite de compra mensual por cuenta: Gs. 5.000.000. Tope mensual de reintegro o descuento: Gs. 1.500.000.",https://www.universitaria.coop/assets_front/img/promos/30-de-descuento1783349093.jpg,https://www.universitaria.coop/assets_front/img/promos/bases-y-condiciones1783685293.pdf,https://www.universitaria.coop/promociones/post/farmacias,"Tarjetas de crédito Panal, Cabal y Mastercard de Cooperativa Universitaria",cu-bases-y-condiciones1783685293-farmatotal-0,base,Pago con QR en la app Universitaria
Farmacias,Coop. Universitaria,Farmatotal,15% de descuento con tarjeta física,Todos los Jueves,Vigencia Desde el 01 de julio de 2026 hasta el 30 de setiembre de 2026,Límite de compra mensual por cuenta: Gs. 5.000.000. Tope mensual de reintegro o descuento: Gs. 750.000.,"15% de descuento con tarjeta física. Pago con tarjeta de crédito física. Tarjetas de crédito Panal, Cabal y Mastercard de Cooperativa Universitaria. Límite de compra mensual por cuenta: Gs. 5.000.000. Tope mensual de reintegro o descuento: Gs. 750.000.",https://www.universitaria.coop/assets_front/img/promos/30-de-descuento1783349093.jpg,https://www.universitaria.coop/assets_front/img/promos/bases-y-condiciones1783685293.pdf,https://www.universitaria.coop/promociones/post/farmacias,"Tarjetas de crédito Panal, Cabal y Mastercard de Cooperativa Universitaria",cu-bases-y-condiciones1783685293-farmatotal-1,base,Pago con tarjeta de crédito física
Farmacias,Coop. Universitaria,Punto Farma,Hasta 45% de descuento con QR en productos no farmacéuticos seleccionados,todos los LUNES,Vigencia Desde el 13 de julio de 2026 hasta el 30 de setiembre de 2026,Límite de compra mensual por cuenta: Gs. 10.000.000.,"Hasta 45% de descuento con QR en productos no farmacéuticos seleccionados. Tarjetas de crédito Panal, Cabal y Mastercard de Cooperativa Universitaria. Límite de compra mensual por cuenta: Gs. 10.000.000.",https://www.universitaria.coop/assets_front/img/promos/hasta-45-de-descuento1783699874.png,https://www.universitaria.coop/assets_front/img/promos/bases-y-condiciones1783699874.pdf,https://www.universitaria.coop/promociones/post/farmacias,"Tarjetas de crédito Panal, Cabal y Mastercard de Cooperativa Universitaria",cu-bases-y-condiciones1783699874-punto-farma-0,base,QR en productos no farmacéuticos seleccionados
Farmacias,Coop. Universitaria,Punto Farma,35% de descuento con QR en medicamentos nacionales,todos los LUNES,Vigencia Desde el 13 de julio de 2026 hasta el 30 de setiembre de 2026,Límite de compra mensual por cuenta: Gs. 10.000.000.,"35% de descuento con QR en medicamentos nacionales. Tarjetas de crédito Panal, Cabal y Mastercard de Cooperativa Universitaria. Límite de compra mensual por cuenta: Gs. 10.000.000.",https://www.universitaria.coop/assets_front/img/promos/hasta-45-de-descuento1783699874.png,https://www.universitaria.coop/assets_front/img/promos/bases-y-condiciones1783699874.pdf,https://www.universitaria.coop/promociones/post/farmacias,"Tarjetas de crédito Panal, Cabal y Mastercard de Cooperativa Universitaria",cu-bases-y-condiciones1783699874-punto-farma-1,base,QR en medicamentos nacionales
Farmacias,Coop. Universitaria,Punto Farma,30% de descuento con QR en medicamentos importados,todos los LUNES,Vigencia Desde el 13 de julio de 2026 hasta el 30 de setiembre de 2026,Límite de compra mensual por cuenta: Gs. 10.000.000.,"30% de descuento con QR en medicamentos importados. Tarjetas de crédito Panal, Cabal y Mastercard de Cooperativa Universitaria. Límite de compra mensual por cuenta: Gs. 10.000.000.",https://www.universitaria.coop/assets_front/img/promos/hasta-45-de-descuento1783699874.png,https://www.universitaria.coop/assets_front/img/promos/bases-y-condiciones1783699874.pdf,https://www.universitaria.coop/promociones/post/farmacias,"Tarjetas de crédito Panal, Cabal y Mastercard de Cooperativa Universitaria",cu-bases-y-condiciones1783699874-punto-farma-2,base,QR en medicamentos importados
Farmacias,Coop. Universitaria,Punto Farma,30% de descuento con tarjeta física en productos de farmacia y otros,todos los LUNES,Vigencia Desde el 13 de julio de 2026 hasta el 30 de setiembre de 2026,Límite de compra mensual por cuenta: Gs. 10.000.000.,"30% de descuento con tarjeta física en productos de farmacia y otros. Tarjetas de crédito Panal, Cabal y Mastercard de Cooperativa Universitaria. Límite de compra mensual por cuenta: Gs. 10.000.000.",https://www.universitaria.coop/assets_front/img/promos/hasta-45-de-descuento1783699874.png,https://www.universitaria.coop/assets_front/img/promos/bases-y-condiciones1783699874.pdf,https://www.universitaria.coop/promociones/post/farmacias,"Tarjetas de crédito Panal, Cabal y Mastercard de Cooperativa Universitaria",cu-bases-y-condiciones1783699874-punto-farma-3,base,tarjeta física en productos de farmacia y otros
Fast Food,Coop. Universitaria,BURGER KING,30% de reintegro con QR,Todos los días,Vigencia Desde el 15 de julio de 2026 hasta el 30 de setiembre de 2026,Límite de compra mensual por cuenta: Gs. 500.000. Tope mensual de reintegro o descuento: Gs. 150.000.,"30% de reintegro con QR. Pago con QR en la app Universitaria. Tarjetas de crédito Panal, Cabal y Mastercard de Cooperativa Universitaria. Límite de compra mensual por cuenta: Gs. 500.000. Tope mensual de reintegro o descuento: Gs. 150.000.",https://www.universitaria.coop/assets_front/img/promos/30-de-descuento1784048891.png,https://www.universitaria.coop/assets_front/img/promos/bases-y-condiciones-burger-king1784048891.pdf,https://www.universitaria.coop/promociones/post/fast-food,"Tarjetas de crédito Panal, Cabal y Mastercard de Cooperativa Universitaria",cu-bases-y-condiciones-burger-king1784048891-burger-king-0,base,Pago con QR en la app Universitaria
Fast Food,Coop. Universitaria,BURGER KING,10% de reintegro con tarjeta física,Todos los días,Vigencia Desde el 15 de julio de 2026 hasta el 30 de setiembre de 2026,Límite de compra mensual por cuenta: Gs. 500.000. Tope mensual de reintegro o descuento: Gs. 50.000.,"10% de reintegro con tarjeta física. Pago con tarjeta de crédito física. Tarjetas de crédito Panal, Cabal y Mastercard de Cooperativa Universitaria. Límite de compra mensual por cuenta: Gs. 500.000. Tope mensual de reintegro o descuento: Gs. 50.000.",https://www.universitaria.coop/assets_front/img/promos/30-de-descuento1784048891.png,https://www.universitaria.coop/assets_front/img/promos/bases-y-condiciones-burger-king1784048891.pdf,https://www.universitaria.coop/promociones/post/fast-food,"Tarjetas de crédito Panal, Cabal y Mastercard de Cooperativa Universitaria",cu-bases-y-condiciones-burger-king1784048891-burger-king-1,base,Pago con tarjeta de crédito física
Fast Food,Coop. Universitaria,POPEYES,30% de reintegro con QR,Todos los días,Vigencia Desde el 15 de julio de 2026 hasta el 30 de setiembre de 2026,Límite de compra mensual por cuenta: Gs. 500.000. Tope mensual de reintegro o descuento: Gs. 150.000.,"30% de reintegro con QR. Pago con QR en la app Universitaria. Tarjetas de crédito Panal, Cabal y Mastercard de Cooperativa Universitaria. Límite de compra mensual por cuenta: Gs. 500.000. Tope mensual de reintegro o descuento: Gs. 150.000.",https://www.universitaria.coop/assets_front/img/promos/popeyes1784049194.png,https://www.universitaria.coop/assets_front/img/promos/bases-y-condiciones-popeyes1784049194.pdf,https://www.universitaria.coop/promociones/post/fast-food,"Tarjetas de crédito Panal, Cabal y Mastercard de Cooperativa Universitaria",cu-bases-y-condiciones-popeyes1784049194-popeyes-0,base,Pago con QR en la app Universitaria
Fast Food,Coop. Universitaria,POPEYES,10% de reintegro con tarjeta física,Todos los días,Vigencia Desde el 15 de julio de 2026 hasta el 30 de setiembre de 2026,Límite de compra mensual por cuenta: Gs. 500.000. Tope mensual de reintegro o descuento: Gs. 50.000.,"10% de reintegro con tarjeta física. Pago con tarjeta de crédito física. Tarjetas de crédito Panal, Cabal y Mastercard de Cooperativa Universitaria. Límite de compra mensual por cuenta: Gs. 500.000. Tope mensual de reintegro o descuento: Gs. 50.000.",https://www.universitaria.coop/assets_front/img/promos/popeyes1784049194.png,https://www.universitaria.coop/assets_front/img/promos/bases-y-condiciones-popeyes1784049194.pdf,https://www.universitaria.coop/promociones/post/fast-food,"Tarjetas de crédito Panal, Cabal y Mastercard de Cooperativa Universitaria",cu-bases-y-condiciones-popeyes1784049194-popeyes-1,base,Pago con tarjeta de crédito física
Fast Food,Coop. Universitaria,SUBWAY,30% de reintegro con QR,Todos los días,Vigencia Desde el 15 de julio de 2026 hasta el 30 de setiembre de 2026,Límite de compra mensual por cuenta: Gs. 500.000. Tope mensual de reintegro o descuento: Gs. 150.000.,"30% de reintegro con QR. Pago con QR en la app Universitaria. Tarjetas de crédito Panal, Cabal y Mastercard de Cooperativa Universitaria. Límite de compra mensual por cuenta: Gs. 500.000. Tope mensual de reintegro o descuento: Gs. 150.000.",https://www.universitaria.coop/assets_front/img/promos/subway1784049051.png,https://www.universitaria.coop/assets_front/img/promos/bases-y-condiciones-subway1784049051.pdf,https://www.universitaria.coop/promociones/post/fast-food,"Tarjetas de crédito Panal, Cabal y Mastercard de Cooperativa Universitaria",cu-bases-y-condiciones-subway1784049051-subway-0,base,Pago con QR en la app Universitaria
Fast Food,Coop. Universitaria,SUBWAY,10% de reintegro con tarjeta física,Todos los días,Vigencia Desde el 15 de julio de 2026 hasta el 30 de setiembre de 2026,Límite de compra mensual por cuenta: Gs. 500.000. Tope mensual de reintegro o descuento: Gs. 50.000.,"10% de reintegro con tarjeta física. Pago con tarjeta de crédito física. Tarjetas de crédito Panal, Cabal y Mastercard de Cooperativa Universitaria. Límite de compra mensual por cuenta: Gs. 500.000. Tope mensual de reintegro o descuento: Gs. 50.000.",https://www.universitaria.coop/assets_front/img/promos/subway1784049051.png,https://www.universitaria.coop/assets_front/img/promos/bases-y-condiciones-subway1784049051.pdf,https://www.universitaria.coop/promociones/post/fast-food,"Tarjetas de crédito Panal, Cabal y Mastercard de Cooperativa Universitaria",cu-bases-y-condiciones-subway1784049051-subway-1,base,Pago con tarjeta de crédito física
Hoteles,Coop. Universitaria,Hotel Cabaña Don Oscar,20% de descuento,Todos los días,"Vigencia Desde el 02 de octubre de 2019 hasta el 02 de octubre de 2020, con renovación automática",TOPE DE DESCUENTO Descuento del 20% Todos los días,"Hotel Cabaña Don Oscar Todos los días BASES Y CONDICIONES Promoción “CABAÑA DON OSCAR” Vigencia Desde el 02 de octubre de 2019 hasta el 02 de octubre de 2020, con renovación automática. Condiciones PROMOCIÓN FRECUENCIA LÍMITE DE COMPRA TOPE DE DESCUENTO Descuento del 20% Todos los días. No aplica. No aplica. Beneficios LA EMPRESA otorgará a los socios que abonen con sus tarjetas de crédito PANAL, CABAL Y MASTERCARD emitidas por UNIVERSITARIA el 20% de descuento sobre las tarifas ofrecidas en el Hotel. Los descuentos son realizados en la caja al momento del pago. Exclusiones El descuento no aplica para pagos en efectivo. Observaciones Hotel ubicado frente al puerto de Encarnación. Ruta 1, Km % del barrio Itá Paso. Ante consultas sobre las bases y condiciones, comunícate al 021 6170000",https://www.universitaria.coop/assets_front/img/promos/20-de-descuento1752247215.jpg,https://www.universitaria.coop/assets_front/img/promos/1711050546.pdf,https://www.universitaria.coop/promociones/post/hoteles,,,,
Hoteles,Coop. Universitaria,Las Hortensias,10% de descuento en alojamiento,Todos los días,"Vigencia Desde el 25 de octubre de 2019 hasta el 25 de octubre de 2020, con renovación automática",,"10% de descuento en alojamiento. Beneficio indicado en las bases. Tarjetas de crédito Panal, Cabal y Mastercard de Cooperativa Universitaria.",https://www.universitaria.coop/assets_front/img/promos/las-hortensias1752248560.jpg,https://www.universitaria.coop/assets_front/img/promos/bases-y-condiciones1711042299.pdf,https://www.universitaria.coop/promociones/post/hoteles,"Tarjetas de crédito Panal, Cabal y Mastercard de Cooperativa Universitaria",cu-bases-y-condiciones1711042299-las-hortensias-0,base,Beneficio indicado en las bases
Hoteles,Coop. Universitaria,Malian,10% de descuento en alojamiento,Todos los días,"Vigencia Desde el 02 de abril de 2018 hasta el 02 de abril de 2019, con renovación automática",,"10% de descuento en alojamiento. Beneficio indicado en las bases. Tarjetas de crédito Panal, Cabal y Mastercard de Cooperativa Universitaria.",https://www.universitaria.coop/assets_front/img/promos/malian1752248587.jpg,https://www.universitaria.coop/assets_front/img/promos/bases-y-condiciones1711042178.pdf,https://www.universitaria.coop/promociones/post/hoteles,"Tarjetas de crédito Panal, Cabal y Mastercard de Cooperativa Universitaria",cu-bases-y-condiciones1711042178-malian-0,base,Beneficio indicado en las bases
Inmuebles,Coop. Universitaria,LA MATILDE,5% de descuento,Todos los Días,Vigencia Desde el 13 de julio de 2026 hasta el 31 de julio de 2027,TOPE DE COMPRA DESCUENTO Descuento del 5% sobre Todos los días; Tope de descuento No aplica; Gs. 360.000.000,"LA MATILDE Todos los Días BASES Y CONDICIONES Promoción “BARRIO CERRADO LA MATILDE” – SAN BERNARDINO Vigencia Desde el 13 de julio de 2026 hasta el 31 de julio de 2027. Condiciones PROMOCIÓN FRECUENCIA LÍMITE DE TOPE DE COMPRA DESCUENTO Descuento del 5% sobre Todos los días. N/A N/A el valor del lote. Beneficios LA EMPRESA ofrece a los socios de UNIVERSITARIA lotes ubicados en un Barrio Cerrado LA MATILDE de la Ciudad de San Bernardino, con superficie aproximada de 800m2 cada lote, con documentaciones, cuenta corriente catastral lista para ser transferida a un precio promedio de Gs. 360.000.000 (guaraníes trescientos sesenta millones), con un beneficio del 5% de descuento para el socio de UNIVERSITARIA que adquiera un préstamo otorgado por la misma. Exclusiones La promoción no aplica para compras en efectivo. Tope de descuento No aplica. Observaciones Se deja expresamente establecido que el otorgamiento de los préstamos dependerá exclusivamente del cumplimiento de las políticas crediticias establecidas por UNIVERSITARIA y al perfil crediticio de los socios que los soliciten, así como las garantías que podrán ser requeridas. Ante consultas sobre las bases y condiciones, comunícate al 021 6170000",https://www.universitaria.coop/assets_front/img/promos/5-de-descuento1788891343.jpg,https://www.universitaria.coop/assets_front/img/promos/bases-y-condiciones1784914714.pdf,https://www.universitaria.coop/promociones/post/inmuebles,,,,
Inmuebles,Coop. Universitaria,Las Lomas Country,10% de descuento,Todos los días,Vigencia Desde el 08 de setiembre de 2025 hasta el 08 de setiembre de 2026,TOPE DE COMPRA DESCUENTO Descuento del 10% Todos los días N/A N/A Beneficios LA EMPRESA otorgará un 10% de descuento a los socios de UNIVERSITARIA que adquieran un; Tope de descuento No aplica; Gs.115.000.000; Gs.136.000.000,"Las Lomas Country Todos los días BASES Y CONDICIONES Promoción “LAS LOMAS COUNTRY” Vigencia Desde el 08 de setiembre de 2025 hasta el 08 de setiembre de 2026. Condiciones PROMOCIÓN FRECUENCIA LÍMITE DE TOPE DE COMPRA DESCUENTO Descuento del 10% Todos los días N/A N/A Beneficios LA EMPRESA otorgará un 10% de descuento a los socios de UNIVERSITARIA que adquieran un lote en LAS LOMAS COUNTRY. Los 126 lotes disponibles ya tienen asignadas las cuentas corrientes catastrales correspondientes, poseen una dimensión de 360m2 cada uno y están ubicados en Loma Grande. El precio final luego de la aplicación del descuento va desde Gs.115.000.000 (guaraníes ciento quince millones) hasta Gs.136.000.000 (guaraníes ciento treinta y seis millones). Exclusiones La promoción no aplica para pagos en efectivo. Tope de descuento No aplica. Observaciones La infraestructura ya incluye un pórtico de acceso con circuito cerrado, calles abiertas, una piscina de 8,30m x 25m, redes de agua y energía eléctrica. Las futuras mejoras incluyen el empedrado de las calles y completar el cerco perimetral. Ante consultas sobre las bases y condiciones, comunícate al 021 6170000",https://www.universitaria.coop/assets_front/img/promos/10-de-descuento-con-un-credito1757961129.png,https://www.universitaria.coop/assets_front/img/promos/bases-y-condiciones1757961129.pdf,https://www.universitaria.coop/promociones/post/inmuebles,,,,
Instituciones Educativas,Coop. Universitaria,CIAE & ASOC.,25% de descuento en programa Detective Financiero Kid IV,Todos los días,"Vigencia Desde el 05 de setiembre de 2022 hasta el 05 de setiembre de 2023, con renovación automática",,"25% de descuento en programa Detective Financiero Kid IV. Tarjetas de crédito Panal, Cabal y Mastercard de Cooperativa Universitaria.",https://www.universitaria.coop/assets_front/img/promos/hasta-25-de-descuento1752255839.jpg,https://www.universitaria.coop/assets_front/img/promos/bases-y-condiciones1685026495.pdf,https://www.universitaria.coop/promociones/post/instituciones-educativas,"Tarjetas de crédito Panal, Cabal y Mastercard de Cooperativa Universitaria",cu-bases-y-condiciones1685026495-ciae-asoc-0,base,programa Detective Financiero Kid IV
Instituciones Educativas,Coop. Universitaria,CIAE & ASOC.,15% de descuento en otros cursos participantes; la tasa varía entre 10% y 15%,Todos los días,"Vigencia Desde el 05 de setiembre de 2022 hasta el 05 de setiembre de 2023, con renovación automática",,"15% de descuento en otros cursos participantes; la tasa varía entre 10% y 15%. Tarjetas de crédito Panal, Cabal y Mastercard de Cooperativa Universitaria.",https://www.universitaria.coop/assets_front/img/promos/hasta-25-de-descuento1752255839.jpg,https://www.universitaria.coop/assets_front/img/promos/bases-y-condiciones1685026495.pdf,https://www.universitaria.coop/promociones/post/instituciones-educativas,"Tarjetas de crédito Panal, Cabal y Mastercard de Cooperativa Universitaria",cu-bases-y-condiciones1685026495-ciae-asoc-1,base,otros cursos participantes; la tasa varía entre 10% y 15%
Instituciones Educativas,Coop. Universitaria,UNADES,10% de descuento,Todos los días,Vigencia Desde el 16 de setiembre de 2025 hasta el 16 de setiembre de 2026,TOPE DE COMPRA DESCUENTO Descuento del Todos los días N/A N/A 10% en pago de matrícula y cuotas Beneficios LA UNIVERSIDAD otorgará a los socios de UNIVERSITARIA que; Tope de descuento No aplica,"UNADES 10% de descuento BASES Y CONDICIONES Promoción “UNIVERSIDAD DEL SOL” Vigencia Desde el 16 de setiembre de 2025 hasta el 16 de setiembre de 2026. Condiciones PROMOCIÓN FRECUENCIA LÍMITE DE TOPE DE COMPRA DESCUENTO Descuento del Todos los días N/A N/A 10% en pago de matrícula y cuotas Beneficios LA UNIVERSIDAD otorgará a los socios de UNIVERSITARIA que realicen sus pagos a través de las Tarjetas de créditos PANAL, CABAL y MASTERCARD emitidas por la misma, un beneficio del 10% de descuento, aplicable al monto de la matricula como a las cuotas mensuales, así como el pago total del curso seleccionado por el postulante. De esta manera, el alumno puede acceder a condiciones preferenciales en el Programa de Carreras de Grado y Posgrado. Exclusiones No aplica. Tope de descuento No aplica. Observaciones Validez del convenio: 12 meses. Ante consultas sobre las bases y condiciones, comunícate al 021 6170000",https://www.universitaria.coop/assets_front/img/promos/1770319815.jpg,https://www.universitaria.coop/assets_front/img/promos/1770319815.pdf,https://www.universitaria.coop/promociones/post/instituciones-educativas,,,,
Instituciones Educativas,Coop. Universitaria,UNIVERSIDAD AMERICANA,Hasta 10 cuotas sin intereses,Durante el período de inscripción,Vigencia del convenio marco: Desde el 08 de septiembre 2026 hasta el 08 de julio de 2027,,"Hasta 10 cuotas sin intereses. Diplomado Business Intelligence; el precio para socios ya incluye el 7% de descuento. Tarjetas de crédito Panal, Cabal y Mastercard de Cooperativa Universitaria.",https://www.universitaria.coop/assets_front/img/promos/diplomado-business-intelligence1789390994.png,https://www.universitaria.coop/assets_front/img/promos/bases-y-condiciones1789401410.pdf,https://www.universitaria.coop/promociones/post/instituciones-educativas,"Tarjetas de crédito Panal, Cabal y Mastercard de Cooperativa Universitaria",cu-bases-y-condiciones1789401410-universidad-americana-0,base,Diplomado Business Intelligence; el precio para socios ya incluye el 7% de descuento
Instituciones Educativas,Coop. Universitaria,UNIVERSIDAD CATÓLICA,10% de descuento en cuotas,del 1 al 5 de cada mes,Vigencia: Desde el 20 de febrero de 2026 hasta el 20 de febrero de 2027,,"10% de descuento en cuotas. Pago de cuotas con QR o tarjeta física; el 20% para semestres terminó el 31 de agosto de 2026. Tarjetas de crédito Panal, Cabal y Mastercard de Cooperativa Universitaria.",https://www.universitaria.coop/assets_front/img/promos/universidad-catolica1785239673.jpeg,https://www.universitaria.coop/assets_front/img/promos/bases-y-condiciones1784911866.pdf,https://www.universitaria.coop/promociones/post/instituciones-educativas,"Tarjetas de crédito Panal, Cabal y Mastercard de Cooperativa Universitaria",cu-bases-y-condiciones1784911866-universidad-cat-lica-0,base,Pago de cuotas con QR o tarjeta física; el 20% para semestres terminó el 31 de agosto de 2026
Instituciones Educativas,Coop. Universitaria,UNIVERSIDAD CATÓLICA,Hasta 10 cuotas sin intereses,del 1 al 5 de cada mes,Vigencia: Desde el 20 de febrero de 2026 hasta el 20 de febrero de 2027,,"Hasta 10 cuotas sin intereses. Pago de cuotas de la universidad con tarjetas de crédito. Tarjetas de crédito Panal, Cabal y Mastercard de Cooperativa Universitaria.",https://www.universitaria.coop/assets_front/img/promos/universidad-catolica1785239673.jpeg,https://www.universitaria.coop/assets_front/img/promos/bases-y-condiciones1784911866.pdf,https://www.universitaria.coop/promociones/post/instituciones-educativas,"Tarjetas de crédito Panal, Cabal y Mastercard de Cooperativa Universitaria",cu-bases-y-condiciones1784911866-universidad-cat-lica-1,base,Pago de cuotas de la universidad con tarjetas de crédito
Instituciones Educativas,Coop. Universitaria,Universidad Autónoma de Asunción (UAA),20% de descuento en pago anticipado de un año académico o programas de posgrado,Todos los días,"Vigencia Desde el 14 de febrero de 2019 hasta el 14 de febrero de 2020, con renovación automática",,"20% de descuento en pago anticipado de un año académico o programas de posgrado. Tarjetas de crédito Panal, Cabal y Mastercard de Cooperativa Universitaria.",https://www.universitaria.coop/assets_front/img/promos/20-de-descuento1752259630.jpg,https://www.universitaria.coop/assets_front/img/promos/bases-y-condiciones1707838703.pdf,https://www.universitaria.coop/promociones/post/instituciones-educativas,"Tarjetas de crédito Panal, Cabal y Mastercard de Cooperativa Universitaria",cu-bases-y-condiciones1707838703-universidad-aut-noma-de-asunci-n-uaa-0,base,pago anticipado de un año académico o programas de posgrado
Instituciones Educativas,Coop. Universitaria,Universidad Autónoma de Asunción (UAA),10% de descuento en pago anticipado de un semestre,Todos los días,"Vigencia Desde el 14 de febrero de 2019 hasta el 14 de febrero de 2020, con renovación automática",,"10% de descuento en pago anticipado de un semestre. Tarjetas de crédito Panal, Cabal y Mastercard de Cooperativa Universitaria.",https://www.universitaria.coop/assets_front/img/promos/20-de-descuento1752259630.jpg,https://www.universitaria.coop/assets_front/img/promos/bases-y-condiciones1707838703.pdf,https://www.universitaria.coop/promociones/post/instituciones-educativas,"Tarjetas de crédito Panal, Cabal y Mastercard de Cooperativa Universitaria",cu-bases-y-condiciones1707838703-universidad-aut-noma-de-asunci-n-uaa-1,base,pago anticipado de un semestre
Instituciones Educativas,Coop. Universitaria,Universidad Autónoma del Paraguay,15% de descuento,Todos los días,"Vigencia Desde el 20 de abril de 2022 hasta el 20 de abril de 2023, con renovación automática",TOPE DE DESCUENTO Hasta el 15% de descuento; Tope de descuento No aplica,"Universidad Autónoma del Paraguay Todos los días BASES Y CONDICIONES Promoción “UNIVERSIDAD AUTÓNOMA DEL PARAGUAY” Vigencia Desde el 20 de abril de 2022 hasta el 20 de abril de 2023, con renovación automática. Condiciones PROMOCIÓN FRECUENCIA LÍMITE DE COMPRA TOPE DE DESCUENTO Hasta el 15% de descuento. Todos los días. No aplica. No aplica. Beneficios LA UNIVERSIDAD otorgará a los socios de UNIVERSITARIA un descuento del 10% sobre el arancel normal y 15% por el pago total adelantado (sea semestral o anual según corresponda a la carrera o programa). Las carreras beneficiadas serán todas las que la UAP oferta. En cuanto a los programas de postgrados abarca: Diplomados, Especializaciones, Masterados y Doctorados. Los descuentos serán aplicados en la caja al momento del pago y contempla los pagos realizados con las tarjetas PANAL, CABAL y MASTERCARD emitidas por UNIVERSITARIA y/o créditos para capacitación. Exclusiones La promoción no aplica con pago en efectivo. Tope de descuento No aplica. Observaciones Ninguna. Ante consultas sobre las bases y condiciones, comunícate al 021 6170000",https://www.universitaria.coop/assets_front/img/promos/hasta-15-de-descuento1752260257.jpg,https://www.universitaria.coop/assets_front/img/promos/bases-y-condiciones1707854695.pdf,https://www.universitaria.coop/promociones/post/instituciones-educativas,,,,
Instituciones Educativas,Coop. Universitaria,Universidad Central,30% de descuento,Todos los días,"Vigencia Desde el 22 de enero de 2018 hasta el 22 de enero de 2019, con renovación automática",TOPE DE DESCUENTO 30% de descuento en las cuotas Todo el año lectivo; Tope de descuento No aplica,"Universidad Central Todos los días BASES Y CONDICIONES Promoción “UNIVERSIDAD CENTRAL DEL PARAGUAY” Vigencia Desde el 22 de enero de 2018 hasta el 22 de enero de 2019, con renovación automática. Condiciones PROMOCIÓN FRECUENCIA LÍMITE DE COMPRA TOPE DE DESCUENTO 30% de descuento en las cuotas Todo el año lectivo. N/A N/A mensuales Beneficios • Descuento del 30% para los pagos de cuotas mensuales que sean abonadas con las tarjetas de crédito CABAL, PANAL y MASTERCARD emitidas por UNIVERSITARIA. Esta promoción es válida para las carreras de grado y de postgrado que se ofrecen en LA UNIVERSIDAD. Exclusiones El beneficio no es válido para los pagos en efectivo. Tope de descuento No aplica. Observaciones La promoción se extiende a socios, funcionarios, cónyuges e hijos. Ante consultas sobre las bases y condiciones, comunícate al 021 6170000",https://www.universitaria.coop/assets_front/img/promos/30-de-descuento1752255898.jpg,https://www.universitaria.coop/assets_front/img/promos/bases-y-condiciones1683315759.pdf,https://www.universitaria.coop/promociones/post/instituciones-educativas,,,,
Instituciones Educativas,Coop. Universitaria,Universidad Centro Médico Bautista,"10% de descuento en cuotas mensuales de grado, excepto Medicina",Todos los días,"Vigencia Desde el 17 de febrero de 2023 hasta el 17 de febrero de 2024, con renovación automática",,"10% de descuento en cuotas mensuales de grado, excepto Medicina. Tarjetas de crédito Panal, Cabal y Mastercard de Cooperativa Universitaria.",https://www.universitaria.coop/assets_front/img/promos/20-de-descuento1752259276.jpg,https://www.universitaria.coop/assets_front/img/promos/bases-y-condiciones1678382123.pdf,https://www.universitaria.coop/promociones/post/instituciones-educativas,"Tarjetas de crédito Panal, Cabal y Mastercard de Cooperativa Universitaria",cu-bases-y-condiciones1678382123-universidad-centro-m-dico-bautista-0,base,"cuotas mensuales de grado, excepto Medicina"
Instituciones Educativas,Coop. Universitaria,Universidad Centro Médico Bautista,"15% de descuento en semestre de grado, cuotas de posgrado o cursos internacionales",Todos los días,"Vigencia Desde el 17 de febrero de 2023 hasta el 17 de febrero de 2024, con renovación automática",,"15% de descuento en semestre de grado, cuotas de posgrado o cursos internacionales. Tarjetas de crédito Panal, Cabal y Mastercard de Cooperativa Universitaria.",https://www.universitaria.coop/assets_front/img/promos/20-de-descuento1752259276.jpg,https://www.universitaria.coop/assets_front/img/promos/bases-y-condiciones1678382123.pdf,https://www.universitaria.coop/promociones/post/instituciones-educativas,"Tarjetas de crédito Panal, Cabal y Mastercard de Cooperativa Universitaria",cu-bases-y-condiciones1678382123-universidad-centro-m-dico-bautista-1,base,"semestre de grado, cuotas de posgrado o cursos internacionales"
Instituciones Educativas,Coop. Universitaria,Universidad Centro Médico Bautista,20% de descuento en dos semestres de grado o programa completo de posgrado,Todos los días,"Vigencia Desde el 17 de febrero de 2023 hasta el 17 de febrero de 2024, con renovación automática",,"20% de descuento en dos semestres de grado o programa completo de posgrado. Tarjetas de crédito Panal, Cabal y Mastercard de Cooperativa Universitaria.",https://www.universitaria.coop/assets_front/img/promos/20-de-descuento1752259276.jpg,https://www.universitaria.coop/assets_front/img/promos/bases-y-condiciones1678382123.pdf,https://www.universitaria.coop/promociones/post/instituciones-educativas,"Tarjetas de crédito Panal, Cabal y Mastercard de Cooperativa Universitaria",cu-bases-y-condiciones1678382123-universidad-centro-m-dico-bautista-2,base,dos semestres de grado o programa completo de posgrado
Instituciones Educativas,Coop. Universitaria,Universidad Columbia,10% de descuento en cuotas de Derecho pagadas antes del vencimiento,Todos los días,"Vigencia Desde el 07 de marzo de 2018 hasta el 07 de marzo de 2024, con renovación automática",,"10% de descuento en cuotas de Derecho pagadas antes del vencimiento. Tarjetas de crédito Panal, Cabal y Mastercard de Cooperativa Universitaria.",https://www.universitaria.coop/assets_front/img/promos/hasta-15-de-descuento1752257218.jpg,https://www.universitaria.coop/assets_front/img/promos/bases-y-condiciones1690574022.pdf,https://www.universitaria.coop/promociones/post/instituciones-educativas,"Tarjetas de crédito Panal, Cabal y Mastercard de Cooperativa Universitaria",cu-bases-y-condiciones1690574022-universidad-columbia-0,base,cuotas de Derecho pagadas antes del vencimiento
Instituciones Educativas,Coop. Universitaria,Universidad Columbia,15% de descuento en cuotas de otras carreras habilitadas pagadas antes del vencimiento,Todos los días,"Vigencia Desde el 07 de marzo de 2018 hasta el 07 de marzo de 2024, con renovación automática",,"15% de descuento en cuotas de otras carreras habilitadas pagadas antes del vencimiento. Tarjetas de crédito Panal, Cabal y Mastercard de Cooperativa Universitaria.",https://www.universitaria.coop/assets_front/img/promos/hasta-15-de-descuento1752257218.jpg,https://www.universitaria.coop/assets_front/img/promos/bases-y-condiciones1690574022.pdf,https://www.universitaria.coop/promociones/post/instituciones-educativas,"Tarjetas de crédito Panal, Cabal y Mastercard de Cooperativa Universitaria",cu-bases-y-condiciones1690574022-universidad-columbia-1,base,cuotas de otras carreras habilitadas pagadas antes del vencimiento
Instituciones Educativas,Coop. Universitaria,Universidad Nihon Gakko,30% de descuento,Todos los días,"Vigencia Desde el 27 de abril de 2022 hasta el 27 de abril de 2023, con renovación automática",TOPE DE DESCUENTO Hasta el 30% de descuento; Tope de descuento No aplica,"Universidad Nihon Gakko Todos los días BASES Y CONDICIONES Promoción “UNIVERSIDAD NIHON GAKKO” Vigencia Desde el 27 de abril de 2022 hasta el 27 de abril de 2023, con renovación automática. Condiciones PROMOCIÓN FRECUENCIA LÍMITE DE COMPRA TOPE DE DESCUENTO Hasta el 30% de descuento. Todos los días. No aplica. No aplica. Beneficios LA UNIVERSIDAD otorgará a los socios de UNIVERSITARIA un descuento del 30% en la matrícula, 20% sobre las cuotas y 25% por el pago total adelantado (sea semestral o anual según corresponda a la carrera o programa). Las carreras beneficiadas serán todas las que LA UNIVERSIDAD oferta. En cuanto a los programas de postgrados abarca: Diplomados, Especializaciones y Masterados. Los descuentos serán aplicados en la caja al momento del pago y contempla los pagos realizados con las tarjetas PANAL, CABAL y MASTERCARD emitidas por UNIVERSITARIA y/o créditos para capacitación. Exclusiones La promoción no aplica con pago en efectivo. Tope de descuento No aplica. Observaciones Ninguna. Ante consultas sobre las bases y condiciones, comunícate al 021 6170000",https://www.universitaria.coop/assets_front/img/promos/hasta-30-de-descuento1752257930.jpg,https://www.universitaria.coop/assets_front/img/promos/bases-y-condiciones1707854651.pdf,https://www.universitaria.coop/promociones/post/instituciones-educativas,,,,
Instituciones Educativas,Coop. Universitaria,Universidad Politecnica y Artistica del Paraguay (UPAP),25% de descuento,Todos los días,Vigencia Desde el 25 de marzo de 2026 hasta el 25 de marzo de 2027,TOPE DE DESCUENTO Descuento del 25% en el pago Todos los días; Tope de descuento No aplica,"Universidad Politecnica y Artistica del Paraguay (UPAP) Todos los días BASES Y CONDICIONES Promoción “UNIVERSIDAD POLITÉCNICA Y ARTÍSTICA DEL PARAGUAY (UPAP)” Vigencia Desde el 25 de marzo de 2026 hasta el 25 de marzo de 2027. Condiciones PROMOCIÓN FRECUENCIA LÍMITE DE COMPRA TOPE DE DESCUENTO Descuento del 25% en el pago Todos los días. N/A N/A del programa completo de Posgrado a través de nuestras tarjetas de crédito. Beneficios La UNIVERSIDAD otorgará el 25% de descuento a los socios de UNIVERSITARIA que abonen el programa completo de Posgrado con las tarjetas de crédito PANAL, CABAL y MASTERCARD emitidas por la Cooperativa. El descuento será aplicado en la caja al momento del pago. Exclusiones La promoción no aplica para pagos en efectivo, con tarjetas de débito, prepagas o gift card. Tope de descuento No aplica. Observaciones Ninguna. Ante consultas sobre las bases y condiciones, comunícate al 021 6170000",https://www.universitaria.coop/assets_front/img/promos/universidad-politecnica-y-artistica-del-paraguay1783018707.png,https://www.universitaria.coop/assets_front/img/promos/1783018707.pdf,https://www.universitaria.coop/promociones/post/instituciones-educativas,,,,
Instituciones Educativas,Coop. Universitaria,Universidad San Ignacio de Loyola,10% de descuento en cuotas,Todos los días,"Vigencia Desde el 19 de marzo 2018 hasta el 19 de marzo de 2019, con renovación automática",,"10% de descuento en cuotas. Beneficio indicado en las bases. Tarjetas de crédito Panal, Cabal y Mastercard de Cooperativa Universitaria.",https://www.universitaria.coop/assets_front/img/promos/hasta-10-de-descuento1752264200.jpg,https://www.universitaria.coop/assets_front/img/promos/1707839632.pdf,https://www.universitaria.coop/promociones/post/instituciones-educativas,"Tarjetas de crédito Panal, Cabal y Mastercard de Cooperativa Universitaria",cu-1707839632-universidad-san-ignacio-de-loyola-0,base,Beneficio indicado en las bases
Instituciones Educativas,Coop. Universitaria,Universidad UCOM,10% de descuento en diplomados y carreras de grado,Todos los días,"Vigencia Desde el 25 de julio de 2023 hasta el 25 de julio de 2024, con renovación automática",,"10% de descuento en diplomados y carreras de grado. Tarjetas de crédito Panal, Cabal y Mastercard de Cooperativa Universitaria.",https://www.universitaria.coop/assets_front/img/promos/hasta-10-de-descuento1752259219.jpg,https://www.universitaria.coop/assets_front/img/promos/bases-y-condiciones1691526203.pdf,https://www.universitaria.coop/promociones/post/instituciones-educativas,"Tarjetas de crédito Panal, Cabal y Mastercard de Cooperativa Universitaria",cu-bases-y-condiciones1691526203-universidad-ucom-0,base,diplomados y carreras de grado
Instituciones Educativas,Coop. Universitaria,Universidad UCOM,5% de descuento en programas de posgrado,Todos los días,"Vigencia Desde el 25 de julio de 2023 hasta el 25 de julio de 2024, con renovación automática",,"5% de descuento en programas de posgrado. Tarjetas de crédito Panal, Cabal y Mastercard de Cooperativa Universitaria.",https://www.universitaria.coop/assets_front/img/promos/hasta-10-de-descuento1752259219.jpg,https://www.universitaria.coop/assets_front/img/promos/bases-y-condiciones1691526203.pdf,https://www.universitaria.coop/promociones/post/instituciones-educativas,"Tarjetas de crédito Panal, Cabal y Mastercard de Cooperativa Universitaria",cu-bases-y-condiciones1691526203-universidad-ucom-1,base,programas de posgrado
Laboratorios,Coop. Universitaria,Biogenic,20% de descuento,lunes,"Vigencia Desde el 01 de agosto de 2023 hasta el 01 de agosto de 2024, con renovación automática",TOPE DE DESCUENTO Descuento del 20% De lunes a sábado; Tope de descuento No aplica,"Biogenic 20% de descuento BASES Y CONDICIONES Promoción “LABORATORIO BIOGENIC” Vigencia Desde el 01 de agosto de 2023 hasta el 01 de agosto de 2024, con renovación automática. Condiciones PROMOCIÓN FRECUENCIA LÍMITE DE COMPRA TOPE DE DESCUENTO Descuento del 20% De lunes a sábado. N/A N/A Beneficios LA EMPRESA otorgará a los socios de UNIVERSITARIA que realicen sus pagos a través de las Tarjetas de Crédito PANAL, CABAL Y MASTERCARD, un descuento del 20% en todos los servicios laboratoriales, de lunes a sábados, a ser aplicado en la caja al momento del pago. Exclusiones La promoción no aplica para pagos en efectivo. Tope de descuento No aplica. Observaciones Ante consultas sobre las bases y condiciones, comunícate al 021 6170000",https://www.universitaria.coop/assets_front/img/promos/biogenic1744394677.jpg,https://www.universitaria.coop/assets_front/img/promos/bases-y-condiciones1694089925.pdf,https://www.universitaria.coop/promociones/post/laboratorios,,,,
Laboratorios,Coop. Universitaria,MEYERLAB,15% de descuento en análisis clínicos,Todos los días,Vigencia Desde el 06 de noviembre de 2025 hasta el 06 de noviembre de 2026,,"15% de descuento en análisis clínicos. Tarjetas de crédito Panal, Cabal y Mastercard de Cooperativa Universitaria.",https://www.universitaria.coop/assets_front/img/promos/1770835144.jpg,https://www.universitaria.coop/assets_front/img/promos/bases-y-condiciones1770835144.pdf,https://www.universitaria.coop/promociones/post/laboratorios,"Tarjetas de crédito Panal, Cabal y Mastercard de Cooperativa Universitaria",cu-bases-y-condiciones1770835144-meyerlab-0,base,análisis clínicos
Laboratorios,Coop. Universitaria,MEYERLAB,5% de descuento en diferencias no cubiertas por seguro médico privado,Todos los días,Vigencia Desde el 06 de noviembre de 2025 hasta el 06 de noviembre de 2026,,"5% de descuento en diferencias no cubiertas por seguro médico privado. Tarjetas de crédito Panal, Cabal y Mastercard de Cooperativa Universitaria.",https://www.universitaria.coop/assets_front/img/promos/1770835144.jpg,https://www.universitaria.coop/assets_front/img/promos/bases-y-condiciones1770835144.pdf,https://www.universitaria.coop/promociones/post/laboratorios,"Tarjetas de crédito Panal, Cabal y Mastercard de Cooperativa Universitaria",cu-bases-y-condiciones1770835144-meyerlab-1,base,diferencias no cubiertas por seguro médico privado
Mecánica,Coop. Universitaria,AUTOPAR,35% de descuento,Todos los días,"Vigencia Desde el 02 de mayo de 2018 hasta el 02 de mayo 2019, con renovación automática",TOPE DE DESCUENTO 35% de Descuento Todos los días N/A N/A Beneficios LA EMPRESA otorgará a los socios de LA COOPERATIVA que realicen sus pagos a través de las Tarje; Tope de descuento No aplica,"AUTOPAR 35% de descuento BASES Y CONDICIONES Promoción “AUTOPAR” Vigencia Desde el 02 de mayo de 2018 hasta el 02 de mayo 2019, con renovación automática. Condiciones PROMOCIÓN FRECUENCIA LÍMITE DE COMPRA TOPE DE DESCUENTO 35% de Descuento Todos los días N/A N/A Beneficios LA EMPRESA otorgará a los socios de LA COOPERATIVA que realicen sus pagos a través de las Tarjetas de Crédito PANAL, CABAL Y MASTERCARD emitidas por la misma y créditos concedidos por la institución, un 35% de descuento todos los días, sobre el precio de lista de los productos ofrecidos. El descuento será realizado en la caja, al momento del pago. Exclusiones La promoción no aplica para pagos en efectivo. Tope de descuento No aplica. Observaciones Ninguna. Ante consultas sobre las bases y condiciones, comunícate al 021 6170000",https://www.universitaria.coop/assets_front/img/promos/autopar1720444618.jpg,https://www.universitaria.coop/assets_front/img/promos/bases-y-condiciones1712260628.pdf,https://www.universitaria.coop/promociones/post/mecanica,,,,
Mecánica,Coop. Universitaria,Avenida Autocentro,20% de descuento,Todos los días,Vigencia Desde el 09 de junio de 2026 hasta el 09 de junio de 2027,,"20% de descuento. Sobre precio de lista vigente. Tarjetas de crédito Panal, Cabal y Mastercard de Cooperativa Universitaria.",https://www.universitaria.coop/assets_front/img/promos/20-de-descuento-y-hasta-6-cuotas-sin-intereses1783513098.jpg,https://www.universitaria.coop/assets_front/img/promos/bases-y-condiciones1783513098.pdf,https://www.universitaria.coop/promociones/post/mecanica,"Tarjetas de crédito Panal, Cabal y Mastercard de Cooperativa Universitaria",cu-bases-y-condiciones1783513098-avenida-autocentro-0,base,Sobre precio de lista vigente
Mecánica,Coop. Universitaria,Avenida Autocentro,Hasta 6 cuotas sin intereses,Todos los días,Vigencia Desde el 09 de junio de 2026 hasta el 09 de junio de 2027,,"Hasta 6 cuotas sin intereses. Compras con tarjetas de crédito. Tarjetas de crédito Panal, Cabal y Mastercard de Cooperativa Universitaria.",https://www.universitaria.coop/assets_front/img/promos/20-de-descuento-y-hasta-6-cuotas-sin-intereses1783513098.jpg,https://www.universitaria.coop/assets_front/img/promos/bases-y-condiciones1783513098.pdf,https://www.universitaria.coop/promociones/post/mecanica,"Tarjetas de crédito Panal, Cabal y Mastercard de Cooperativa Universitaria",cu-bases-y-condiciones1783513098-avenida-autocentro-1,base,Compras con tarjetas de crédito
Mecánica,Coop. Universitaria,GRUPO SAJA - BAJAJ,10% de descuento en modelos participantes,Todos los Días,Vigencia Desde el 08 de julio de 2026 hasta el 08 de julio de 2027,,"10% de descuento en modelos participantes. Beneficio indicado en las bases. Tarjetas de crédito Panal, Cabal y Mastercard de Cooperativa Universitaria.",https://www.universitaria.coop/assets_front/img/promos/10-de-descuento1786111979.jpg,https://www.universitaria.coop/assets_front/img/promos/1786111849.pdf,https://www.universitaria.coop/promociones/post/mecanica,"Tarjetas de crédito Panal, Cabal y Mastercard de Cooperativa Universitaria",cu-1786111849-grupo-saja-bajaj-0,base,Beneficio indicado en las bases
Mecánica,Coop. Universitaria,NEUMATEC,10% de descuento,Todos los días,Vigencia Desde el 01 de abril de 2026 hasta el 31 de diciembre de 2026,TOPE DE COMPRA DESCUENTO 10% de descuento en Todos los martes y N/A N/A todos los productos y miércoles servicios ofrecidos Hasta seis (6) cuotas sin Todos los días; Tope de descuento No aplica,"NEUMATEC 10% de descuento BASES Y CONDICIONES Promoción “NEUMATEC” Vigencia Desde el 01 de abril de 2026 hasta el 31 de diciembre de 2026. Condiciones PROMOCIÓN FRECUENCIA LÍMITE DE TOPE DE COMPRA DESCUENTO 10% de descuento en Todos los martes y N/A N/A todos los productos y miércoles servicios ofrecidos Hasta seis (6) cuotas sin Todos los días intereses Beneficios NEUMATEC otorgará a los socios de UNIVERSITARIA que realicen sus pagos a través de las Tarjetas de Crédito PANAL, CABAL y MASTERCARD emitidas por la misma, un 10% (diez por ciento) de descuento sobre el precio de lista de productos y servicios ofrecidos, todos los martes y miércoles, a ser aplicado en la caja al momento del pago. Además, hasta 6 (seis) cuotas sin intereses todos los días, sobre todos los productos y servicios ofrecidos. Exclusiones La promoción no aplica para compras en efectivo. Tope de descuento No aplica. Observaciones La promoción regirá en los siguientes locales: CASA CENTRAL VILLARICA y SUCURSAL 1: SAN JUAN NEPOMUCENO. Ante consultas sobre las bases y condiciones, comunícate al 021 6170000",https://www.universitaria.coop/assets_front/img/promos/neumatec1781007551.png,https://www.universitaria.coop/assets_front/img/promos/bases-y-condiciones1781007551.pdf,https://www.universitaria.coop/promociones/post/mecanica,,,,
Mecánica,Coop. Universitaria,SCORECAR,10% de descuento todos los días,todos los días,Vigencia Desde el 9 de diciembre de 2025 hasta el 9 de diciembre de 2026,TOPE DE DESCUENTO Descuento del 10% todos los días N/A N/A Beneficios LA EMPRESA otorgará a los socios de UNIVERSITARIA que realicen sus pagos a través de las Tarje; Tope de descuento No aplica,"SCORECAR 10% de descuento todos los días BASES Y CONDICIONES Promoción “SCORECAR PRO” Vigencia Desde el 9 de diciembre de 2025 hasta el 9 de diciembre de 2026. Condiciones PROMOCIÓN FRECUENCIA LÍMITE DE COMPRA TOPE DE DESCUENTO Descuento del 10% todos los días N/A N/A Beneficios LA EMPRESA otorgará a los socios de UNIVERSITARIA que realicen sus pagos a través de las Tarjetas de créditos PANAL, CABAL y MASTERCARD emitidas por la misma, un descuento del 10% en el pago de los servicios y/o productos ofrecidos, todos los días, aplicado en la caja al momento del pago. Exclusiones Los descuentos no son acumulables con otras promociones y no aplica para pagos en efectivo. Tope de descuento No aplica. Observaciones Ninguna. Ante consultas sobre las bases y condiciones, comunícate al 021 6170000",https://www.universitaria.coop/assets_front/img/promos/1770216818.jpg,https://www.universitaria.coop/assets_front/img/promos/1770216818.pdf,https://www.universitaria.coop/promociones/post/mecanica,,,,
Mecánica,Coop. Universitaria,Todo Cubierta,5% de descuento en cubiertas,"Lunes, martes y jueves",Vigencia Desde el 01 de mayo de 2026 hasta el 01 de mayo de 2027,,"5% de descuento en cubiertas. Compras de cubiertas. Tarjetas de crédito Panal, Cabal y Mastercard de Cooperativa Universitaria.",https://www.universitaria.coop/assets_front/img/promos/hasta-20-de-descuento1779388834.jpg,https://www.universitaria.coop/assets_front/img/promos/bases-y-condiciones1783514643.pdf,https://www.universitaria.coop/promociones/post/mecanica,"Tarjetas de crédito Panal, Cabal y Mastercard de Cooperativa Universitaria",cu-bases-y-condiciones1783514643-todo-cubierta-0,base,Compras de cubiertas
Mecánica,Coop. Universitaria,Todo Cubierta,10% de descuento en cubiertas,Miércoles y viernes,Vigencia Desde el 01 de mayo de 2026 hasta el 01 de mayo de 2027,,"10% de descuento en cubiertas. Compras de cubiertas. Tarjetas de crédito Panal, Cabal y Mastercard de Cooperativa Universitaria.",https://www.universitaria.coop/assets_front/img/promos/hasta-20-de-descuento1779388834.jpg,https://www.universitaria.coop/assets_front/img/promos/bases-y-condiciones1783514643.pdf,https://www.universitaria.coop/promociones/post/mecanica,"Tarjetas de crédito Panal, Cabal y Mastercard de Cooperativa Universitaria",cu-bases-y-condiciones1783514643-todo-cubierta-1,base,Compras de cubiertas
Mecánica,Coop. Universitaria,Todo Cubierta,"20% de descuento en alineación, balanceo y rotación",Todos los días,Vigencia Desde el 01 de mayo de 2026 hasta el 01 de mayo de 2027,,"20% de descuento en alineación, balanceo y rotación. Servicios de alineación, balanceo y rotación. Tarjetas de crédito Panal, Cabal y Mastercard de Cooperativa Universitaria.",https://www.universitaria.coop/assets_front/img/promos/hasta-20-de-descuento1779388834.jpg,https://www.universitaria.coop/assets_front/img/promos/bases-y-condiciones1783514643.pdf,https://www.universitaria.coop/promociones/post/mecanica,"Tarjetas de crédito Panal, Cabal y Mastercard de Cooperativa Universitaria",cu-bases-y-condiciones1783514643-todo-cubierta-2,base,"Servicios de alineación, balanceo y rotación"
Mecánica,Coop. Universitaria,Todo Cubierta,Hasta 6 cuotas sin intereses,Todos los días,Vigencia Desde el 01 de mayo de 2026 hasta el 01 de mayo de 2027,,"Hasta 6 cuotas sin intereses. Compras con tarjetas de crédito. Tarjetas de crédito Panal, Cabal y Mastercard de Cooperativa Universitaria.",https://www.universitaria.coop/assets_front/img/promos/hasta-20-de-descuento1779388834.jpg,https://www.universitaria.coop/assets_front/img/promos/bases-y-condiciones1783514643.pdf,https://www.universitaria.coop/promociones/post/mecanica,"Tarjetas de crédito Panal, Cabal y Mastercard de Cooperativa Universitaria",cu-bases-y-condiciones1783514643-todo-cubierta-3,base,Compras con tarjetas de crédito
Muebles,Coop. Universitaria,Materassi,20% de descuento,Todos los días,"Vigencia Desde el 14 de agosto de 2018 hasta el 14 de agosto de 2019, con renovación automática",TOPE DE DESCUENTO Descuento del 20% Todos los días; Tope de descuento No aplica,"Materassi Todos los días BASES Y CONDICIONES Promoción “COLCHONES MATERASSI” Vigencia Desde el 14 de agosto de 2018 hasta el 14 de agosto de 2019, con renovación automática. Condiciones PROMOCIÓN FRECUENCIA LÍMITE DE COMPRA TOPE DE DESCUENTO Descuento del 20% Todos los días. No aplica. No aplica. Beneficios LA EMPRESA otorgará a los socios que abonen con sus tarjetas de crédito PANAL, CABAL Y MASTERCARD emitidas por UNIVERSITARIA el 20% de descuento, todos los días, en todos los productos ofrecidos. Dicho descuento será aplicado en la caja al momento del pago. Exclusiones El descuento no aplica para pagos en efectivo. Se exceptúan los productos que ya cuentan con descuentos especiales. Tope de descuento No aplica. Observaciones Ninguna. Ante consultas sobre las bases y condiciones, comunícate al 021 6170000",https://www.universitaria.coop/assets_front/img/promos/20-de-descuento1746042176.jpg,https://www.universitaria.coop/assets_front/img/promos/bases-y-condiciones1715108394.pdf,https://www.universitaria.coop/promociones/post/muebles,,,,
Salud,Coop. Universitaria,ASISMED,Hasta 10% de descuento,Todos los días,"Vigencia Desde el 28 de abril de 2023 hasta el 28 de abril de de 2024, con renovación automática",TOPE DE DESCUENTO Descuentos hasta el 10% Todos los días N/A N/A Beneficios LA EMPRESA otorgará por única vez a los socios de UNIVERSITARIA que contraten un plan de; Tope de descuento No aplica,"ASISMED Hasta 10% de descuento BASES Y CONDICIONES Promoción “ASISMED” Vigencia Desde el 28 de abril de 2023 hasta el 28 de abril de de 2024, con renovación automática. Condiciones PROMOCIÓN FRECUENCIA LÍMITE DE COMPRA TOPE DE DESCUENTO Descuentos hasta el 10% Todos los días N/A N/A Beneficios LA EMPRESA otorgará por única vez a los socios de UNIVERSITARIA que contraten un plan de cobertura médica ofrecida por ella y realicen sus pagos a través del débito automático de las tarjetas emitidas por la CU: Panal, Cabal y MasterCard, cuanto sigue: • 10% de descuento sobre el valor de la prima/cuota mensual vigente a la suscripción del contrato, del plan elegido entre el Medical Plus, Vip Plus, Vip Plus Superior, Exclusivo Estándar, Exclusivo Vip y Exclusivo Superior. Manteniéndose el beneficio a la renovación de su contrato, siempre y cuando sus pagos sean a través del débito automático de su tarjeta emitida por la CU: Panal, Cabal y/o MasterCard y que el presente convenio siga vigente. • 5% de descuento sobre el valor de la prima anual vigente a la suscripción del contrato del plan Premium. Manteniéndose el beneficio a la renovación de su contrato, siempre y cuando sus pagos sean a través del débito automático de su tarjeta emitida por la CU: Panal, Cabal y/o MasterCard y que el presente convenio siga vigente. • Exoneración de la tasa de inscripción a la Incorporación. • Exoneración de carencias en las prestaciones, es decir, la cobertura médica será inmediata en todas las prestaciones ambulatorias y sanatoriales de carácter agudo (salvo que estén descriptas en la cláusula de limitaciones de cobertura). • 5% de descuento sobre el valor de la prima vigente para el plan de cobertura específica para maternidad “Prima de Maternidad”, este beneficio es exclusivo para la incorporación de socias con diagnóstico de embarazo que no cuenten con un plan de cobertura vigente y adquieran uno de los planes en convenio. Exclusiones La promoción no es válida para contratos vigentes y no aplica el descuento para pagos en efectivo. Tope de descuento No aplica. Observaciones Ninguna. Ante consultas sobre las bases y condiciones, comunícate al 021 6170000",https://www.universitaria.coop/assets_front/img/promos/asismed1784816787.jpg,https://www.universitaria.coop/assets_front/img/promos/bases-y-condiciones1685129991.pdf,https://www.universitaria.coop/promociones/post/salud,,,,
Salud,Coop. Universitaria,CLIO COBERTURA ODONTOLÓGICA,15% de descuento,Todos los días,Vigencia Desde el 27 de octubre de 2025 hasta el 27 de octubre de 2026,TOPE DE DESCUENTO Descuento del 15% Todos los días N/A N/A Beneficios LA EMPRESA otorgará a los socios de UNIVERSITARIA que realicen sus pagos a través de las Tarje; Tope de descuento No aplica,"CLIO COBERTURA ODONTOLÓGICA Todos los días BASES Y CONDICIONES Promoción “CLIO COBERTURA ODONTOLÓGICA” Vigencia Desde el 27 de octubre de 2025 hasta el 27 de octubre de 2026. Condiciones PROMOCIÓN FRECUENCIA LÍMITE DE COMPRA TOPE DE DESCUENTO Descuento del 15% Todos los días N/A N/A Beneficios LA EMPRESA otorgará a los socios de UNIVERSITARIA que realicen sus pagos a través de las Tarjetas de créditos PANAL, CABAL y MASTERCARD emitidas por la misma, un beneficio del 15% de descuento en el valor de las cuotas en los planes de cobertura dental Clio, Bienestar e Infinite, abonando a través del servicio de débito automático. Exclusiones Los descuentos no son acumulables con otras promociones. Tope de descuento No aplica. Observaciones Ninguna. Ante consultas sobre las bases y condiciones, comunícate al 021 6170000",https://www.universitaria.coop/assets_front/img/promos/15-de-descuento1762455671.jpg,https://www.universitaria.coop/assets_front/img/promos/bases-y-condiciones1762455671.pdf,https://www.universitaria.coop/promociones/post/salud,,,,
Salud,Coop. Universitaria,Clinica ELGUE,Hasta 40% de descuento en odontología,Todos los Días,"Vigencia Desde el 03 de agosto de 2026, con renovación automática",,"Hasta 40% de descuento en odontología. Beneficio indicado en las bases. Tarjetas de crédito Panal, Cabal y Mastercard de Cooperativa Universitaria.",https://www.universitaria.coop/assets_front/img/promos/clinica-elgue1786390000.png,https://www.universitaria.coop/assets_front/img/promos/bases-y-condiciones1786390000.pdf,https://www.universitaria.coop/promociones/post/salud,"Tarjetas de crédito Panal, Cabal y Mastercard de Cooperativa Universitaria",cu-bases-y-condiciones1786390000-clinica-elgue-0,base,Beneficio indicado en las bases
Salud,Coop. Universitaria,MediCoop Laboratorio | Caacupé,15% de descuento en análisis clínicos,Todos los días,Vigencia Desde el 09 de junio de 2026 hasta el 09 de junio de 2027,,"15% de descuento en análisis clínicos. Beneficio indicado en las bases. Tarjetas de crédito Panal, Cabal y Mastercard de Cooperativa Universitaria.",https://www.universitaria.coop/assets_front/img/promos/15-de-descuento1783600286.jpg,https://www.universitaria.coop/assets_front/img/promos/bases-y-condiciones1783600286.pdf,https://www.universitaria.coop/promociones/post/salud,"Tarjetas de crédito Panal, Cabal y Mastercard de Cooperativa Universitaria",cu-bases-y-condiciones1783600286-medicoop-laboratorio-caacup-0,base,Beneficio indicado en las bases
Salud,Coop. Universitaria,OAMI Medicina Pre-Paga,10% de descuento en planes para nuevos ingresantes,Todos los días,"Vigencia Desde el 26 de febrero de 2025, con renovación automática",,"10% de descuento en planes para nuevos ingresantes. Beneficio indicado en las bases. Tarjetas de crédito Panal, Cabal y Mastercard de Cooperativa Universitaria.",https://www.universitaria.coop/assets_front/img/promos/oami-medicina-pre-paga1773837106.jpg,https://www.universitaria.coop/assets_front/img/promos/bases-y-condiciones1773837106.pdf,https://www.universitaria.coop/promociones/post/salud,"Tarjetas de crédito Panal, Cabal y Mastercard de Cooperativa Universitaria",cu-bases-y-condiciones1773837106-oami-medicina-pre-paga-0,base,Beneficio indicado en las bases
Salud,Coop. Universitaria,SANTA CLARA,10% de descuento en planes nuevos con débito automático,Todos los Días,Vigencia Desde el 15 de junio de 2026 hasta el 15 de junio de 2027,,"10% de descuento en planes nuevos con débito automático. Beneficio indicado en las bases. Tarjetas de crédito Panal, Cabal y Mastercard de Cooperativa Universitaria.",https://www.universitaria.coop/assets_front/img/promos/10-de-descuento1785336669.jpg,https://www.universitaria.coop/assets_front/img/promos/bases-y-condiciones1784804823.pdf,https://www.universitaria.coop/promociones/post/salud,"Tarjetas de crédito Panal, Cabal y Mastercard de Cooperativa Universitaria",cu-bases-y-condiciones1784804823-santa-clara-0,base,Beneficio indicado en las bases
Salud,Coop. Universitaria,Servicio Médico Migone,10% de Descuento,Todos los días,"Vigencia Desde el 14 de agosto de 2024 hasta el 14 de agosto de 2026, con renovación automática",TOPE DE DESCUENTO Descuento del 10% Todos los días N/A N/A mensual en los planes médicos Beneficios LA EMPRESA otorgará a los socios de UNIVERSITARIA que realicen s; Tope de descuento No aplica,"Servicio Médico Migone 10% de Descuento BASES Y CONDICIONES Promoción “SERVICIOS MÉDICOS MIGONE” Vigencia Desde el 14 de agosto de 2024 hasta el 14 de agosto de 2026, con renovación automática. Condiciones PROMOCIÓN FRECUENCIA LÍMITE DE COMPRA TOPE DE DESCUENTO Descuento del 10% Todos los días N/A N/A mensual en los planes médicos Beneficios LA EMPRESA otorgará a los socios de UNIVERSITARIA que realicen sus pagos a través de las Tarjetas de Crédito PANAL, CABAL Y MASTERCARD, en la modalidad débito automático, un descuento del 10% mensual en todos los planes médicos NUEVOS CONTRATOS:  Dos planes de coberturas exclusivas para sus Socios.  10% de descuento sobre las cuotas establecidas en la planilla de precios  Pago exclusivo con las tarjetas de UNIVERSITARIA.  Vigencias inmediatas en todos los servicios, excepto Cirugías programadas y Maternidad con carencias reducidas Los Beneficiarios de Servicios Médicos Migone que deseen migrar a uno de los planes de la Cooperativa, podrán realizarlo previo análisis de sus cuotas. Exclusiones La promoción no aplica para compras en efectivo. Tope de descuento No aplica. Observaciones Ninguna. Ante consultas sobre las bases y condiciones, comunícate al 021 6170000",https://www.universitaria.coop/assets_front/img/promos/todos-los-dias1755780512.jpg,https://www.universitaria.coop/assets_front/img/promos/bases-y-condiciones1755780512.pdf,https://www.universitaria.coop/promociones/post/salud,,,,
Servicios,Coop. Universitaria,CUSAT,25% de descuento,Todos los días,"Vigencia Desde el 8 de marzo de 2019, con renovación automática",TOPE DE DESCUENTO Descuento del 25% Todos los días; Tope de descuento No aplica,"CUSAT 25% de descuento BASES Y CONDICIONES Promoción “CUSAT” Vigencia Desde el 8 de marzo de 2019, con renovación automática. Condiciones PROMOCIÓN FRECUENCIA LÍMITE DE COMPRA TOPE DE DESCUENTO Descuento del 25% Todos los días. N/A N/A Beneficios LA EMPRESA otorgará a los socios de UNIVERSITARIA que realicen sus pagos por débitos automáticos a través de las tarjetas PANAL, CABAL y MASTERCARD emitidas por la misma, un 25% de descuento al momento del pago sobre los servicios de custodia satelital ofrecidas en los siguientes planes: PLAN AUTOGESTIÓN, PLAN BÁSICO Y PLAN FULL. PLANES CUSAT PRECIO AL PÚBLICO PRECIO PROMOCIONAL Plan Autogestión 120.000.- 90.000.- Plan Básico 275.000.- 206.250.- Plan Full 320.000.- 240.000.- Exclusiones No aplica para pagos en efectivo. Tope de descuento No aplica. Observaciones Promoción válida para pagos a través de débito automático de las T.C. Ante consultas sobre las bases y condiciones, comunícate al 021 6170000",https://www.universitaria.coop/assets_front/img/promos/cusat1719603494.jpg,https://www.universitaria.coop/assets_front/img/promos/bases-y-condiciones1719603366.pdf,https://www.universitaria.coop/promociones/post/servicios,,,,
Servicios,Coop. Universitaria,DG Control y Servicios | Control de Plagas,25% de descuento,Todos los días,"Vigencia Desde el 11 de febrero de 2020, con renovación automática",TOPE DE DESCUENTO Descuento del 25% Todos los días; Tope de descuento No aplica,"DG Control y Servicios | Control de Plagas Todos los días BASES Y CONDICIONES Promoción “DG CONTROL Y SERVICIOS” Vigencia Desde el 11 de febrero de 2020, con renovación automática. Condiciones PROMOCIÓN FRECUENCIA LÍMITE DE COMPRA TOPE DE DESCUENTO Descuento del 25% Todos los días. N/A N/A Beneficios LA EMPRESA otorgará a los socios de LA COOPERATIVA que realicen sus pagos a través de las Tarjetas de Crédito PANAL, CABAL y MASTERCARD emitidas por la misma, hasta un 25% de descuento sobre los servicios de Control de plagas y fumigaciones, todos los días. El descuento será aplicado en la caja al momento del pago. Exclusiones No aplica para pagos en efectivo. Tope de descuento No aplica. Observaciones Ninguna. Ante consultas sobre las bases y condiciones, comunícate al 021 6170000",https://www.universitaria.coop/assets_front/img/promos/dg-control-y-servicios1720185570.jpg,https://www.universitaria.coop/assets_front/img/promos/bases-y-condiciones1700670082.pdf,https://www.universitaria.coop/promociones/post/servicios,,,,
Servicios,Coop. Universitaria,VETERINARIA PLANES PET,DE HASTA 20% DE DESCUENTO,Todos los días,Vigencia Desde el 05 de agosto de 2026 hasta el 05 de febrero de 2027,TOPE DE COMPRA DESCUENTO 1; Tope de descuento No aplica; Gs. 30.000; Gs. 100.000; Gs. 100.000.,"VETERINARIA PLANES PET DE HASTA 20% DE DESCUENTO BASES Y CONDICIONES Promoción “VETERINARIA PLANES PET” Vigencia Desde el 05 de agosto de 2026 hasta el 05 de febrero de 2027. Condiciones PROMOCIÓN FRECUENCIA LÍMITE DE TOPE DE COMPRA DESCUENTO 1. Descuento de hasta 20% en cirugías Todos los días. N/A N/A programadas 2. Plan de Gs. 30.000 mensuales 3. Plan de Gs. 100.000 mensuales Beneficios La empresa ofrece a los asociados de UNIVERSITARIA un plan integral para el cuidado de mascotas, abonando a través del débito automático en sus tarjetas PANAL, CABAL y MASTERCARD la suma mensual de Gs. 30.000 (guaraníes treinta mil guaraníes) que incluye los siguientes beneficios:  Consultas veterinarias generales ilimitadas.  Atención prioritaria.  Vacuna antirrábica - anual (desde el tercer mes).  20% de descuento en vacunas, medicamentos, baño, peluquería, corte de uñas y análisis.  10% de descuento en productos y alimentos.  20% de descuento en cirugías programadas.  Un control preventivo anual.  Recordatorios por WhatsApp.  Servicio de sepelio animal (búsqueda y entierro).  Antiparasitario interno para mascotas recién nacidas.  Insumos descartables.  Multivitamínico en polvo dos veces al año (desde el tercer mes). Además, ofrecerá a los socios de UNIVERSITARIA que abonen la suma de Gs. 100.000.- (guaraníes cien mil) mensualmente a través del servicio de débito automático de las tarjetas PANAL, CABAL y MASTERCARD el plan denominado “SEGURO MÉDICO PARA TU MASCOTA”, el cual contempla cuanto sigue: • Atención veterinaria ilimitada. • Vacuna antiparasitaria (al segundo mes). • Vacuna antirrábica (al tercer mes). • Vacuna séxtuple (al cuarto mes). • Vacuna triplefelina (al cuarto mes). • Hemograma (al quinto mes). • Antigarrapata, antipulga cada 6 meses. • Pastilla para caída de pelo cada 6 meses. • Multivitamínico en polvo (al sexto mes) dos veces al año. • Guardería dos veces al año. • Un control preventivo anual. • Antiparasitario interno para mascotas recién nacidas (inmediata). • 10% de descuento en productos y alimentos. • 20% de descuento en cirugías programadas. • Insumos descartables. Exclusiones Los descuentos no son acumulables con otras promociones y no son válidos para pagos en efectivo. Tope de descuento No aplica. Observaciones Ninguna. Ante consultas sobre las bases y condiciones, comunícate al (021)-617.0000.",https://www.universitaria.coop/assets_front/img/promos/1788800583.png,https://www.universitaria.coop/assets_front/img/promos/1788800583.pdf,https://www.universitaria.coop/promociones/post/servicios,,,,
Supermercados,Coop. Universitaria,Archi - La Tienda Archi,20% de reintegro con QR,Todos los Viernes,Vigencia Desde el 03 de abril de 2026 hasta el 30 de septiembre de 2026,Límite de compra mensual por cuenta: Gs. 1.000.000. Tope mensual de reintegro o descuento: Gs. 200.000.,"20% de reintegro con QR. Pago con QR en la app Universitaria. Tarjetas de crédito Panal, Cabal y Mastercard de Cooperativa Universitaria. Límite de compra mensual por cuenta: Gs. 1.000.000. Tope mensual de reintegro o descuento: Gs. 200.000.",https://www.universitaria.coop/assets_front/img/promos/20-de-descuento1783105002.png,https://www.universitaria.coop/assets_front/img/promos/bases-y-condiciones1783105002.pdf,https://www.universitaria.coop/promociones/post/supermercados,"Tarjetas de crédito Panal, Cabal y Mastercard de Cooperativa Universitaria",cu-bases-y-condiciones1783105002-archi-la-tienda-archi-0,base,Pago con QR en la app Universitaria
Supermercados,Coop. Universitaria,Archi - La Tienda Archi,10% de reintegro con tarjeta física,Todos los Viernes,Vigencia Desde el 03 de abril de 2026 hasta el 30 de septiembre de 2026,Límite de compra mensual por cuenta: Gs. 1.000.000. Tope mensual de reintegro o descuento: Gs. 100.000.,"10% de reintegro con tarjeta física. Pago con tarjeta de crédito física. Tarjetas de crédito Panal, Cabal y Mastercard de Cooperativa Universitaria. Límite de compra mensual por cuenta: Gs. 1.000.000. Tope mensual de reintegro o descuento: Gs. 100.000.",https://www.universitaria.coop/assets_front/img/promos/20-de-descuento1783105002.png,https://www.universitaria.coop/assets_front/img/promos/bases-y-condiciones1783105002.pdf,https://www.universitaria.coop/promociones/post/supermercados,"Tarjetas de crédito Panal, Cabal y Mastercard de Cooperativa Universitaria",cu-bases-y-condiciones1783105002-archi-la-tienda-archi-1,base,Pago con tarjeta de crédito física
Supermercados,Coop. Universitaria,Areté Supermercados,25% de reintegro con QR,Todos los Sábados,Vigencia Desde el 18 de julio de 2026 hasta el 26 de setiembre de 2026,Límite de compra mensual por cuenta: Gs. 1.000.000. Tope mensual de reintegro o descuento: Gs. 250.000.,"25% de reintegro con QR. Pago con QR en la app Universitaria. Tarjetas de crédito Panal, Cabal y Mastercard de Cooperativa Universitaria. Límite de compra mensual por cuenta: Gs. 1.000.000. Tope mensual de reintegro o descuento: Gs. 250.000.",https://www.universitaria.coop/assets_front/img/promos/20-de-reintegro1784034280.png,https://www.universitaria.coop/assets_front/img/promos/bases-y-condiciones1784034280.pdf,https://www.universitaria.coop/promociones/post/supermercados,"Tarjetas de crédito Panal, Cabal y Mastercard de Cooperativa Universitaria",cu-bases-y-condiciones1784034280-aret-supermercados-0,base,Pago con QR en la app Universitaria
Supermercados,Coop. Universitaria,Areté Supermercados,20% de reintegro con tarjeta física,Todos los Sábados,Vigencia Desde el 18 de julio de 2026 hasta el 26 de setiembre de 2026,Límite de compra mensual por cuenta: Gs. 1.000.000. Tope mensual de reintegro o descuento: Gs. 200.000.,"20% de reintegro con tarjeta física. Pago con tarjeta de crédito física. Tarjetas de crédito Panal, Cabal y Mastercard de Cooperativa Universitaria. Límite de compra mensual por cuenta: Gs. 1.000.000. Tope mensual de reintegro o descuento: Gs. 200.000.",https://www.universitaria.coop/assets_front/img/promos/20-de-reintegro1784034280.png,https://www.universitaria.coop/assets_front/img/promos/bases-y-condiciones1784034280.pdf,https://www.universitaria.coop/promociones/post/supermercados,"Tarjetas de crédito Panal, Cabal y Mastercard de Cooperativa Universitaria",cu-bases-y-condiciones1784034280-aret-supermercados-1,base,Pago con tarjeta de crédito física
Supermercados,Coop. Universitaria,Casa Paraná,20% de reintegro con QR,Todos los Miércoles,Vigencia Desde el 01 de julio de 2026 hasta el 30 de septiembre de 2026,Límite de compra mensual por cuenta: Gs. 1.000.000. Tope mensual de reintegro o descuento: Gs. 200.000.,"20% de reintegro con QR. Pago con QR en la app Universitaria. Tarjetas de crédito Panal, Cabal y Mastercard de Cooperativa Universitaria. Límite de compra mensual por cuenta: Gs. 1.000.000. Tope mensual de reintegro o descuento: Gs. 200.000.",https://www.universitaria.coop/assets_front/img/promos/25-de-descuento1783100010.png,https://www.universitaria.coop/assets_front/img/promos/bases-y-condiciones1783100011.pdf,https://www.universitaria.coop/promociones/post/supermercados,"Tarjetas de crédito Panal, Cabal y Mastercard de Cooperativa Universitaria",cu-bases-y-condiciones1783100011-casa-paran-0,base,Pago con QR en la app Universitaria
Supermercados,Coop. Universitaria,Casa Paraná,15% de reintegro con tarjeta física,Todos los Miércoles,Vigencia Desde el 01 de julio de 2026 hasta el 30 de septiembre de 2026,Límite de compra mensual por cuenta: Gs. 1.000.000. Tope mensual de reintegro o descuento: Gs. 150.000.,"15% de reintegro con tarjeta física. Pago con tarjeta de crédito física. Tarjetas de crédito Panal, Cabal y Mastercard de Cooperativa Universitaria. Límite de compra mensual por cuenta: Gs. 1.000.000. Tope mensual de reintegro o descuento: Gs. 150.000.",https://www.universitaria.coop/assets_front/img/promos/25-de-descuento1783100010.png,https://www.universitaria.coop/assets_front/img/promos/bases-y-condiciones1783100011.pdf,https://www.universitaria.coop/promociones/post/supermercados,"Tarjetas de crédito Panal, Cabal y Mastercard de Cooperativa Universitaria",cu-bases-y-condiciones1783100011-casa-paran-1,base,Pago con tarjeta de crédito física
Supermercados,Coop. Universitaria,EL AHORRAZO,20% de reintegro con QR,Todos los Domingos,Vigencia Desde el 05 de abril de 2026 hasta el 30 de setiembre de 2026,Límite de compra mensual por cuenta: Gs. 1.000.000. Tope mensual de reintegro o descuento: Gs. 200.000.,"20% de reintegro con QR. Pago con QR en la app Universitaria. Tarjetas de crédito Panal, Cabal y Mastercard de Cooperativa Universitaria. Límite de compra mensual por cuenta: Gs. 1.000.000. Tope mensual de reintegro o descuento: Gs. 200.000.",https://www.universitaria.coop/assets_front/img/promos/20-de-descuento1783095165.png,https://www.universitaria.coop/assets_front/img/promos/bases-y-condiciones1783095165.pdf,https://www.universitaria.coop/promociones/post/supermercados,"Tarjetas de crédito Panal, Cabal y Mastercard de Cooperativa Universitaria",cu-bases-y-condiciones1783095165-el-ahorrazo-0,base,Pago con QR en la app Universitaria
Supermercados,Coop. Universitaria,EL AHORRAZO,15% de reintegro con tarjeta física,Todos los Domingos,Vigencia Desde el 05 de abril de 2026 hasta el 30 de setiembre de 2026,Límite de compra mensual por cuenta: Gs. 1.000.000. Tope mensual de reintegro o descuento: Gs. 150.000.,"15% de reintegro con tarjeta física. Pago con tarjeta de crédito física. Tarjetas de crédito Panal, Cabal y Mastercard de Cooperativa Universitaria. Límite de compra mensual por cuenta: Gs. 1.000.000. Tope mensual de reintegro o descuento: Gs. 150.000.",https://www.universitaria.coop/assets_front/img/promos/20-de-descuento1783095165.png,https://www.universitaria.coop/assets_front/img/promos/bases-y-condiciones1783095165.pdf,https://www.universitaria.coop/promociones/post/supermercados,"Tarjetas de crédito Panal, Cabal y Mastercard de Cooperativa Universitaria",cu-bases-y-condiciones1783095165-el-ahorrazo-1,base,Pago con tarjeta de crédito física
Supermercados,Coop. Universitaria,Hipermercado Luisito,20% de reintegro con QR,Todos los lunes,Vigencia Desde el 06 de julio de 2026 hasta el 28 de septiembre de 2026,Límite de compra mensual por cuenta: Gs. 1.000.000. Tope mensual de reintegro o descuento: Gs. 200.000.,"20% de reintegro con QR. Pago con QR en la app Universitaria. Tarjetas de crédito Panal, Cabal y Mastercard de Cooperativa Universitaria. Límite de compra mensual por cuenta: Gs. 1.000.000. Tope mensual de reintegro o descuento: Gs. 200.000.",https://www.universitaria.coop/assets_front/img/promos/20-de-descuento1783341747.png,https://www.universitaria.coop/assets_front/img/promos/bases-y-condiciones1784737973.pdf,https://www.universitaria.coop/promociones/post/supermercados,"Tarjetas de crédito Panal, Cabal y Mastercard de Cooperativa Universitaria",cu-bases-y-condiciones1784737973-hipermercado-luisito-0,base,Pago con QR en la app Universitaria
Supermercados,Coop. Universitaria,Hipermercado Luisito,10% de reintegro con tarjeta física,Todos los lunes,Vigencia Desde el 06 de julio de 2026 hasta el 28 de septiembre de 2026,Límite de compra mensual por cuenta: Gs. 1.000.000.,"10% de reintegro con tarjeta física. Pago con tarjeta de crédito física. Tarjetas de crédito Panal, Cabal y Mastercard de Cooperativa Universitaria. Límite de compra mensual por cuenta: Gs. 1.000.000.",https://www.universitaria.coop/assets_front/img/promos/20-de-descuento1783341747.png,https://www.universitaria.coop/assets_front/img/promos/bases-y-condiciones1784737973.pdf,https://www.universitaria.coop/promociones/post/supermercados,"Tarjetas de crédito Panal, Cabal y Mastercard de Cooperativa Universitaria",cu-bases-y-condiciones1784737973-hipermercado-luisito-1,base,Pago con tarjeta de crédito física
Supermercados,Coop. Universitaria,REAL,20% de reintegro con QR,Todos los Lunes,Vigencia Desde el 06 de julio de 2026 hasta el 28 de septiembre de 2026,Límite de compra mensual por cuenta: Gs. 1.000.000. Tope mensual de reintegro o descuento: Gs. 200.000.,"20% de reintegro con QR. Pago con QR en la app Universitaria. Tarjetas de crédito Panal, Cabal y Mastercard de Cooperativa Universitaria. Límite de compra mensual por cuenta: Gs. 1.000.000. Tope mensual de reintegro o descuento: Gs. 200.000.",https://www.universitaria.coop/assets_front/img/promos/20-de-descuento1783098560.png,https://www.universitaria.coop/assets_front/img/promos/bases-y-condiciones1783098561.pdf,https://www.universitaria.coop/promociones/post/supermercados,"Tarjetas de crédito Panal, Cabal y Mastercard de Cooperativa Universitaria",cu-bases-y-condiciones1783098561-real-0,base,Pago con QR en la app Universitaria
Supermercados,Coop. Universitaria,REAL,10% de reintegro con tarjeta física,Todos los Lunes,Vigencia Desde el 06 de julio de 2026 hasta el 28 de septiembre de 2026,Límite de compra mensual por cuenta: Gs. 1.000.000. Tope mensual de reintegro o descuento: Gs. 100.000.,"10% de reintegro con tarjeta física. Pago con tarjeta de crédito física. Tarjetas de crédito Panal, Cabal y Mastercard de Cooperativa Universitaria. Límite de compra mensual por cuenta: Gs. 1.000.000. Tope mensual de reintegro o descuento: Gs. 100.000.",https://www.universitaria.coop/assets_front/img/promos/20-de-descuento1783098560.png,https://www.universitaria.coop/assets_front/img/promos/bases-y-condiciones1783098561.pdf,https://www.universitaria.coop/promociones/post/supermercados,"Tarjetas de crédito Panal, Cabal y Mastercard de Cooperativa Universitaria",cu-bases-y-condiciones1783098561-real-1,base,Pago con tarjeta de crédito física
Supermercados,Coop. Universitaria,S6 | STOCK | DELI MARKET,25% de reintegro con QR,Todos los Viernes,Vigencia Desde el 17 de julio de 2026 hasta el 25 de setiembre de 2026,Límite de compra mensual por cuenta: Gs. 1.000.000. Tope mensual de reintegro o descuento: Gs. 250.000.,"25% de reintegro con QR. Pago con QR en la app Universitaria. Tarjetas de crédito Panal, Cabal y Mastercard de Cooperativa Universitaria. Límite de compra mensual por cuenta: Gs. 1.000.000. Tope mensual de reintegro o descuento: Gs. 250.000.",https://www.universitaria.coop/assets_front/img/promos/25-de-reintegro1784029867.png,https://www.universitaria.coop/assets_front/img/promos/bases-y-condiciones1784029867.pdf,https://www.universitaria.coop/promociones/post/supermercados,"Tarjetas de crédito Panal, Cabal y Mastercard de Cooperativa Universitaria",cu-bases-y-condiciones1784029867-s6-stock-deli-market-0,base,Pago con QR en la app Universitaria
Supermercados,Coop. Universitaria,S6 | STOCK | DELI MARKET,20% de reintegro con tarjeta física,Todos los Viernes,Vigencia Desde el 17 de julio de 2026 hasta el 25 de setiembre de 2026,Límite de compra mensual por cuenta: Gs. 1.000.000. Tope mensual de reintegro o descuento: Gs. 200.000.,"20% de reintegro con tarjeta física. Pago con tarjeta de crédito física. Tarjetas de crédito Panal, Cabal y Mastercard de Cooperativa Universitaria. Límite de compra mensual por cuenta: Gs. 1.000.000. Tope mensual de reintegro o descuento: Gs. 200.000.",https://www.universitaria.coop/assets_front/img/promos/25-de-reintegro1784029867.png,https://www.universitaria.coop/assets_front/img/promos/bases-y-condiciones1784029867.pdf,https://www.universitaria.coop/promociones/post/supermercados,"Tarjetas de crédito Panal, Cabal y Mastercard de Cooperativa Universitaria",cu-bases-y-condiciones1784029867-s6-stock-deli-market-1,base,Pago con tarjeta de crédito física
Supermercados,Coop. Universitaria,SUPERMERCADO GÉMINIS,20% de reintegro con QR,Todos los martes,Vigencia Desde el 01 de septiembre 2026 hasta el 27 de octubre de 2026,Límite de compra mensual por cuenta: Gs. 1.000.000. Tope mensual de reintegro o descuento: Gs. 200.000.,"20% de reintegro con QR. Pago con QR en la app Universitaria. Tarjetas de crédito Panal, Cabal y Mastercard de Cooperativa Universitaria. Límite de compra mensual por cuenta: Gs. 1.000.000. Tope mensual de reintegro o descuento: Gs. 200.000.",https://www.universitaria.coop/assets_front/img/promos/1788883362.png,https://www.universitaria.coop/assets_front/img/promos/bases-y-condiciones1788884198.pdf,https://www.universitaria.coop/promociones/post/supermercados,"Tarjetas de crédito Panal, Cabal y Mastercard de Cooperativa Universitaria",cu-bases-y-condiciones1788884198-supermercado-g-minis-0,base,Pago con QR en la app Universitaria
Supermercados,Coop. Universitaria,SUPERMERCADO GÉMINIS,10% de reintegro con tarjeta física,Todos los martes,Vigencia Desde el 01 de septiembre 2026 hasta el 27 de octubre de 2026,Límite de compra mensual por cuenta: Gs. 1.000.000. Tope mensual de reintegro o descuento: Gs. 100.000.,"10% de reintegro con tarjeta física. Pago con tarjeta de crédito física. Tarjetas de crédito Panal, Cabal y Mastercard de Cooperativa Universitaria. Límite de compra mensual por cuenta: Gs. 1.000.000. Tope mensual de reintegro o descuento: Gs. 100.000.",https://www.universitaria.coop/assets_front/img/promos/1788883362.png,https://www.universitaria.coop/assets_front/img/promos/bases-y-condiciones1788884198.pdf,https://www.universitaria.coop/promociones/post/supermercados,"Tarjetas de crédito Panal, Cabal y Mastercard de Cooperativa Universitaria",cu-bases-y-condiciones1788884198-supermercado-g-minis-1,base,Pago con tarjeta de crédito física
Supermercados,Coop. Universitaria,Supermercado Metro,20% de reintegro con QR,Todos los Martes,Vigencia Desde el 07 de julio de 2026 hasta el 29 de setiembre de 2026,Límite de compra mensual por cuenta: Gs. 1.000.000. Tope mensual de reintegro o descuento: Gs. 200.000.,"20% de reintegro con QR. Pago con QR en la app Universitaria. Tarjetas de crédito Panal, Cabal y Mastercard de Cooperativa Universitaria. Límite de compra mensual por cuenta: Gs. 1.000.000. Tope mensual de reintegro o descuento: Gs. 200.000.",https://www.universitaria.coop/assets_front/img/promos/20-de-descuento1783099369.png,https://www.universitaria.coop/assets_front/img/promos/bases-y-condiciones1783099369.pdf,https://www.universitaria.coop/promociones/post/supermercados,"Tarjetas de crédito Panal, Cabal y Mastercard de Cooperativa Universitaria",cu-bases-y-condiciones1783099369-supermercado-metro-0,base,Pago con QR en la app Universitaria
Supermercados,Coop. Universitaria,Supermercado Metro,10% de reintegro con tarjeta física,Todos los Martes,Vigencia Desde el 07 de julio de 2026 hasta el 29 de setiembre de 2026,Límite de compra mensual por cuenta: Gs. 1.000.000. Tope mensual de reintegro o descuento: Gs. 100.000.,"10% de reintegro con tarjeta física. Pago con tarjeta de crédito física. Tarjetas de crédito Panal, Cabal y Mastercard de Cooperativa Universitaria. Límite de compra mensual por cuenta: Gs. 1.000.000. Tope mensual de reintegro o descuento: Gs. 100.000.",https://www.universitaria.coop/assets_front/img/promos/20-de-descuento1783099369.png,https://www.universitaria.coop/assets_front/img/promos/bases-y-condiciones1783099369.pdf,https://www.universitaria.coop/promociones/post/supermercados,"Tarjetas de crédito Panal, Cabal y Mastercard de Cooperativa Universitaria",cu-bases-y-condiciones1783099369-supermercado-metro-1,base,Pago con tarjeta de crédito física
Tiendas,Coop. Universitaria,Essen,30% de descuento en combos promocionales,Todos los días,Vigencia Desde el 01 de abril de 2026 hasta el 31 de diciembre de 2026,,"30% de descuento en combos promocionales. Tarjetas de crédito Panal, Cabal y Mastercard de Cooperativa Universitaria.",https://www.universitaria.coop/assets_front/img/promos/30-de-descuento-6-cuotas-sin-intereses1778241507.jpg,https://www.universitaria.coop/assets_front/img/promos/bases-y-condiciones1778241507.pdf,https://www.universitaria.coop/promociones/post/tiendas,"Tarjetas de crédito Panal, Cabal y Mastercard de Cooperativa Universitaria",cu-bases-y-condiciones1778241507-essen-0,base,Combos promocionales
Tiendas,Coop. Universitaria,Essen,Hasta 6 cuotas sin intereses,Todos los días,Vigencia Desde el 01 de abril de 2026 hasta el 31 de diciembre de 2026,,"Hasta 6 cuotas sin intereses. Compras con tarjetas de crédito. Tarjetas de crédito Panal, Cabal y Mastercard de Cooperativa Universitaria.",https://www.universitaria.coop/assets_front/img/promos/30-de-descuento-6-cuotas-sin-intereses1778241507.jpg,https://www.universitaria.coop/assets_front/img/promos/bases-y-condiciones1778241507.pdf,https://www.universitaria.coop/promociones/post/tiendas,"Tarjetas de crédito Panal, Cabal y Mastercard de Cooperativa Universitaria",cu-bases-y-condiciones1778241507-essen-1,base,Compras con tarjetas de crédito
Tiendas,Coop. Universitaria,Ferrex,Hasta 6 cuotas sin intereses,Todos los días,Vigencia Desde el 01 de abril de 2025 hasta el 31 de marzo de 2026,,"Hasta 6 cuotas sin intereses. Los descuentos se anuncian para fechas específicas, sin calendario vigente en el PDF. Tarjetas de crédito Panal, Cabal y Mastercard de Cooperativa Universitaria.",https://www.universitaria.coop/assets_front/img/promos/6-cuotas-sin-intereses1748542034.jpg,https://www.universitaria.coop/assets_front/img/promos/bases-y-condiciones1748537145.pdf,https://www.universitaria.coop/promociones/post/tiendas,"Tarjetas de crédito Panal, Cabal y Mastercard de Cooperativa Universitaria",cu-bases-y-condiciones1748537145-ferrex-0,base,"Los descuentos se anuncian para fechas específicas, sin calendario vigente en el PDF"
Varios,Coop. Universitaria,El Lector,15% de descuento en programas participantes,Todos los días,"Vigencia Desde el 23 de mayo de 2026 hasta el 31 de diciembre de 2026, Condiciones PROMOCIÓN FRECUENCIA LÍMITE DE COMPRA TOPE DE DESCUENTO Descuento del 15% Todos los días Gs",,"15% de descuento en programas participantes. Beneficio indicado en las bases. Tarjetas de crédito Panal, Cabal y Mastercard de Cooperativa Universitaria.",https://www.universitaria.coop/assets_front/img/promos/15-de-descuento1779903835.jpg,https://www.universitaria.coop/assets_front/img/promos/bases-y-condiciones1779966737.pdf,https://www.universitaria.coop/promociones/post/varios,"Tarjetas de crédito Panal, Cabal y Mastercard de Cooperativa Universitaria",cu-bases-y-condiciones1779966737-el-lector-0,base,Beneficio indicado en las bases
Ópticas,Coop. Universitaria,JOSE A. CARRON,30% de descuento en lentes oftalmológicos y anteojos de sol,Todos los días,Vigencia Desde el 25 de febrero de 2019 hasta el 25 de febrero de 2020,,"30% de descuento en lentes oftalmológicos y anteojos de sol. Tarjetas de crédito Panal, Cabal y Mastercard de Cooperativa Universitaria.",https://www.universitaria.coop/assets_front/img/promos/1770649913.png,https://www.universitaria.coop/assets_front/img/promos/bases-y-condiciones1770649913.pdf,https://www.universitaria.coop/promociones/post/opticas,"Tarjetas de crédito Panal, Cabal y Mastercard de Cooperativa Universitaria",cu-bases-y-condiciones1770649913-jose-a-carron-0,base,lentes oftalmológicos y anteojos de sol
Ópticas,Coop. Universitaria,JOSE A. CARRON,15% de descuento en lentes de contacto protésicos y anuales,Todos los días,Vigencia Desde el 25 de febrero de 2019 hasta el 25 de febrero de 2020,,"15% de descuento en lentes de contacto protésicos y anuales. Tarjetas de crédito Panal, Cabal y Mastercard de Cooperativa Universitaria.",https://www.universitaria.coop/assets_front/img/promos/1770649913.png,https://www.universitaria.coop/assets_front/img/promos/bases-y-condiciones1770649913.pdf,https://www.universitaria.coop/promociones/post/opticas,"Tarjetas de crédito Panal, Cabal y Mastercard de Cooperativa Universitaria",cu-bases-y-condiciones1770649913-jose-a-carron-1,base,lentes de contacto protésicos y anuales
Ópticas,Coop. Universitaria,JOSE A. CARRON,5% de descuento en lentes de contacto descartables,Todos los días,Vigencia Desde el 25 de febrero de 2019 hasta el 25 de febrero de 2020,,"5% de descuento en lentes de contacto descartables. Tarjetas de crédito Panal, Cabal y Mastercard de Cooperativa Universitaria.",https://www.universitaria.coop/assets_front/img/promos/1770649913.png,https://www.universitaria.coop/assets_front/img/promos/bases-y-condiciones1770649913.pdf,https://www.universitaria.coop/promociones/post/opticas,"Tarjetas de crédito Panal, Cabal y Mastercard de Cooperativa Universitaria",cu-bases-y-condiciones1770649913-jose-a-carron-2,base,lentes de contacto descartables
Ópticas,Coop. Universitaria,Meister,15% de descuento,Todos los días,"Vigencia Desde el 04 de junio de 2018 hasta el 04 de junio de 2019, con renovación automática","TOPE DE DESCUENTO Descuento del 15% Todos los días N/A N/A Beneficios 15% de descuento, todos los días, sobre todos los productos ofrecidos; Tope de descuento No aplica","Meister 15% de descuento BASES Y CONDICIONES Promoción “ÓPTICA MEISTER” Vigencia Desde el 04 de junio de 2018 hasta el 04 de junio de 2019, con renovación automática. Condiciones PROMOCIÓN FRECUENCIA LÍMITE DE COMPRA TOPE DE DESCUENTO Descuento del 15% Todos los días N/A N/A Beneficios 15% de descuento, todos los días, sobre todos los productos ofrecidos. El descuento será aplicado en la caja al momento del pago. Exclusiones La promoción no aplica para compras en efectivo. Tope de descuento No aplica. Observaciones Ninguna. Ante consultas sobre las bases y condiciones, comunícate al 021 6170000",https://www.universitaria.coop/assets_front/img/promos/optica-meister1720445825.jpg,https://www.universitaria.coop/assets_front/img/promos/bases-y-condiciones1687871721.pdf,https://www.universitaria.coop/promociones/post/opticas,,,,
Ópticas,Coop. Universitaria,ÓPTICA B&E - CDE,10% de descuento en armazones y cristales,Todos los días,"Vigencia Desde 02 de octubre de 2019, con renovación automática",,"10% de descuento en armazones y cristales. Beneficio indicado en las bases. Tarjetas de crédito Panal, Cabal y Mastercard de Cooperativa Universitaria.",https://www.universitaria.coop/assets_front/img/promos/1752158977.png,https://www.universitaria.coop/assets_front/img/promos/1752158977.pdf,https://www.universitaria.coop/promociones/post/opticas,"Tarjetas de crédito Panal, Cabal y Mastercard de Cooperativa Universitaria",cu-1752158977-ptica-b-e-cde-0,base,Beneficio indicado en las bases
Ópticas,Coop. Universitaria,ÓPTICA CARRON,20% de descuento en armazones con cristales o armazones de sol,Todos los días,Vigencia Desde el 21 de octubre de 2025 hasta el 21 de octubre de 2026,,"20% de descuento en armazones con cristales o armazones de sol. Tarjetas de crédito Panal, Cabal y Mastercard de Cooperativa Universitaria.",https://www.universitaria.coop/assets_front/img/promos/optica-carron1761940310.jpg,https://www.universitaria.coop/assets_front/img/promos/bases-y-condiciones1761940310.pdf,https://www.universitaria.coop/promociones/post/opticas,"Tarjetas de crédito Panal, Cabal y Mastercard de Cooperativa Universitaria",cu-bases-y-condiciones1761940310-ptica-carron-0,base,armazones con cristales o armazones de sol
Ópticas,Coop. Universitaria,ÓPTICA CARRON,15% de descuento en cristales solamente,Todos los días,Vigencia Desde el 21 de octubre de 2025 hasta el 21 de octubre de 2026,,"15% de descuento en cristales solamente. Tarjetas de crédito Panal, Cabal y Mastercard de Cooperativa Universitaria.",https://www.universitaria.coop/assets_front/img/promos/optica-carron1761940310.jpg,https://www.universitaria.coop/assets_front/img/promos/bases-y-condiciones1761940310.pdf,https://www.universitaria.coop/promociones/post/opticas,"Tarjetas de crédito Panal, Cabal y Mastercard de Cooperativa Universitaria",cu-bases-y-condiciones1761940310-ptica-carron-1,base,cristales solamente
Ópticas,Coop. Universitaria,ÓPTICA VISIÓN,20% de descuento en anteojos ópticos,Todos los Días,Vigencia Desde el 14 de abril de 2026 hasta el 14 de abril de 2027,,"20% de descuento en anteojos ópticos. Tarjetas de crédito Panal, Cabal y Mastercard de Cooperativa Universitaria.",https://www.universitaria.coop/assets_front/img/promos/1786456992.png,https://www.universitaria.coop/assets_front/img/promos/1786456992.pdf,https://www.universitaria.coop/promociones/post/opticas,"Tarjetas de crédito Panal, Cabal y Mastercard de Cooperativa Universitaria",cu-1786456992-ptica-visi-n-0,base,anteojos ópticos
Ópticas,Coop. Universitaria,ÓPTICA VISIÓN,15% de descuento en lentes de contacto,Todos los Días,Vigencia Desde el 14 de abril de 2026 hasta el 14 de abril de 2027,,"15% de descuento en lentes de contacto. Tarjetas de crédito Panal, Cabal y Mastercard de Cooperativa Universitaria.",https://www.universitaria.coop/assets_front/img/promos/1786456992.png,https://www.universitaria.coop/assets_front/img/promos/1786456992.pdf,https://www.universitaria.coop/promociones/post/opticas,"Tarjetas de crédito Panal, Cabal y Mastercard de Cooperativa Universitaria",cu-1786456992-ptica-visi-n-1,base,lentes de contacto
Ópticas,Coop. Universitaria,ÓPTICA VISIÓN,15% de descuento en monturas solares,Todos los Días,Vigencia Desde el 14 de abril de 2026 hasta el 14 de abril de 2027,,"15% de descuento en monturas solares. Tarjetas de crédito Panal, Cabal y Mastercard de Cooperativa Universitaria.",https://www.universitaria.coop/assets_front/img/promos/1786456992.png,https://www.universitaria.coop/assets_front/img/promos/1786456992.pdf,https://www.universitaria.coop/promociones/post/opticas,"Tarjetas de crédito Panal, Cabal y Mastercard de Cooperativa Universitaria",cu-1786456992-ptica-visi-n-2,base,monturas solares
Ópticas,Coop. Universitaria,ÓPTICA jNESSI,15% de descuento en armazones y lentes de sol,todos los días,Vigencia Desde el 20 de noviembre de 2025 hasta el 20 de noviembre de 2026,,"15% de descuento en armazones y lentes de sol. Tarjetas de crédito Panal, Cabal y Mastercard de Cooperativa Universitaria.",https://www.universitaria.coop/assets_front/img/promos/optica-jnessi1786454633.jpg,https://www.universitaria.coop/assets_front/img/promos/bases-y-condiciones1786454633.pdf,https://www.universitaria.coop/promociones/post/opticas,"Tarjetas de crédito Panal, Cabal y Mastercard de Cooperativa Universitaria",cu-bases-y-condiciones1786454633-ptica-jnessi-0,base,armazones y lentes de sol
Ópticas,Coop. Universitaria,ÓPTICA jNESSI,5% de descuento en cristales,todos los días,Vigencia Desde el 20 de noviembre de 2025 hasta el 20 de noviembre de 2026,,"5% de descuento en cristales. Tarjetas de crédito Panal, Cabal y Mastercard de Cooperativa Universitaria.",https://www.universitaria.coop/assets_front/img/promos/optica-jnessi1786454633.jpg,https://www.universitaria.coop/assets_front/img/promos/bases-y-condiciones1786454633.pdf,https://www.universitaria.coop/promociones/post/opticas,"Tarjetas de crédito Panal, Cabal y Mastercard de Cooperativa Universitaria",cu-bases-y-condiciones1786454633-ptica-jnessi-1,base,cristales
Ópticas,Coop. Universitaria,Óptica Luce,30% de descuento en artículos ópticos,Todos los Días,Vigencia Desde el 23 de marzo de 2026 hasta el 23 de septiembre de 2026 Condiciones PROMOCIÓN FRECUENCIA LÍMITE DE COMPRA TOPE DE DESCUENTO Descuento del 30% Todos los días N/A N/A en todo,,"30% de descuento en artículos ópticos. Beneficio indicado en las bases. Tarjetas de crédito Panal, Cabal y Mastercard de Cooperativa Universitaria.",https://www.universitaria.coop/assets_front/img/promos/30-de-descuento1776972720.jpg,https://www.universitaria.coop/assets_front/img/promos/bases-y-condiciones1776972720.pdf,https://www.universitaria.coop/promociones/post/opticas,"Tarjetas de crédito Panal, Cabal y Mastercard de Cooperativa Universitaria",cu-bases-y-condiciones1776972720-ptica-luce-0,base,Beneficio indicado en las bases
